feat_0,feat_1,feat_2,feat_3,feat_4,feat_5,feat_6,feat_7,feat_8,feat_9,feat_10,feat_11,feat_12,feat_13,feat_14,feat_15,feat_16,feat_17,feat_18,feat_19,feat_20,feat_21,feat_22,feat_23,feat_24,feat_25,feat_26,feat_27,feat_28,feat_29,feat_30,feat_31,feat_32,feat_33,feat_34,feat_35,feat_36,feat_37,feat_38,feat_39,feat_40,feat_41,feat_42,feat_43,feat_44,feat_45,feat_46,feat_47,feat_48,feat_49,feat_50,feat_51,feat_52,feat_53,feat_54,feat_55,feat_56,feat_57,feat_58,feat_59,feat_60,feat_61,feat_62,feat_63,feat_64,feat_65,feat_66,feat_67,feat_68,feat_69,feat_70,feat_71,feat_72,feat_73,feat_74,feat_75,feat_76,feat_77,feat_78,feat_79,feat_80,feat_81,feat_82,feat_83,feat_84,feat_85,feat_86,feat_87,feat_88,feat_89,feat_90,feat_91,feat_92,feat_93,feat_94,feat_95,feat_96,feat_97,feat_98,feat_99,feat_100,feat_101,feat_102,feat_103,feat_104,feat_105,feat_106,feat_107,feat_108,feat_109,feat_110,feat_111,feat_112,feat_113,feat_114,feat_115,feat_116,feat_117,feat_118,feat_119,feat_120,feat_121,feat_122,feat_123,feat_124,feat_125,feat_126,feat_127,feat_128,feat_129,feat_130,feat_131,feat_132,feat_133,feat_134,feat_135,feat_136,feat_137,feat_138,feat_139,feat_140,feat_141,feat_142,feat_143,feat_144,feat_145,feat_146,feat_147,feat_148,feat_149,feat_150,feat_151,feat_152,feat_153,feat_154,feat_155,feat_156,feat_157,feat_158,feat_159,feat_160,feat_161,feat_162,feat_163,feat_164,feat_165,feat_166,feat_167,feat_168,feat_169,feat_170,feat_171,feat_172,feat_173,feat_174,feat_175,feat_176,feat_177,feat_178,feat_179,feat_180,feat_181,feat_182,feat_183,feat_184,feat_185,feat_186,feat_187,feat_188,feat_189,feat_190,feat_191,feat_192,feat_193,feat_194,feat_195,feat_196,feat_197,feat_198,feat_199,feat_200,feat_201,feat_202,label,subject_id
1.0570183608881678,0.2878896331144425,0.12420453279771142,0.08685970244054292,0.4888717329057211,0.8945050933791662,0.209534178968153,0.5991501657577252,0.7530859280197076,0.8050343509339561,-0.014849503653790227,0.05553368981559118,-0.2938221846742886,-0.03943139321188936,0.6099941820720439,0.36363425396111654,-0.1986239555706044,0.14565461163281807,0.08584959029859851,0.4985843225022648,0.42087746568575857,0.5658565268480709,0.40414719999161663,-0.028236777459311746,0.31824762342745405,-0.16645176266520323,-0.010871776752952535,-0.05199627852544116,0.3952899807958829,0.16089601975777565,0.06122657840748582,0.40309741997407894,0.32363923630540237,0.3515658932962228,0.5082872340688478,0.14406286554111147,0.2164998959470009,-0.17881662176194013,0.2903964079233249,0.5694102919060305,-0.09214761350636161,-0.06575132636539291,-0.12017310679276348,0.042769923017197946,-0.19838203756428768,-0.08622503803662233,0.2142977826827827,0.17444812769622892,-0.19783845246630216,0.8171400987938863,0.2579596437538301,0.0752828291147914,0.18845457130957224,0.19571438137818442,0.18161023439538554,0.27213244218474614,0.21496021029251922,0.019342336304066246,-0.06685175263768178,0.45719028993456723,0.1802377981230712,0.03800100601250768,0.2786469931536153,0.03539508177922683,0.0913390511312464,0.16946146494988834,-0.18338109089749938,0.3369429373102416,-0.25753417590560485,0.29457002063149956,0.40764138363682817,0.4984880854193801,0.4251934397439706,0.12470933164536364,-0.1608221899635333,-0.1073783062559969,0.30804741631936805,0.12308948110137606,0.43724498520712785,0.3975148838860911,0.09374385484355256,-0.14392889690404076,0.2831222475934923,0.02370153388438653,0.08422505883044959,0.4303274813516123,0.018288080025548006,-0.08217309377146345,-0.09022913556458302,0.17119510970525176,0.24954680484220923,0.13003998424764618,-0.05430723199185641,-0.03179188973766989,-0.048366927721313166,0.16527102419419476,0.6229656191957647,-0.05221707046058458,0.8815267868080368,0.05417315072007116,0.07267651214320697,0.6860439265578269,0.2085595201801123,-0.1662855016321282,-0.10565156738262703,-0.010786249255215215,1.30380470876629,2.5278828439589245,3.4656488494878404,-0.22151969112881476,0.7128423403374502,3.565790509745227,1.006953556291223,1.576649750391661,1.0568938202707816,0.6487863407456508,2.4792497399350824,2.6744615637870504,-0.2122171827407565,-0.15552844605470834,2.6212723014395594,-1.187150864415658,1.2100633703637191,-0.5486402793686387,-1.3107275762401938,-0.5958202812898973,-0.6968284180324444,-0.7445526715414035,0.003870441532032839,1.0240773432500458,0.08736715095899146,0.2994777429037197,-0.30871100962299175,-0.6486188825645461,-0.7044453165178521,-0.7158667859429887,-0.44704149207582766,0.19404519188426514,-1.5997244242878559,0.2691222807856012,-0.24891186169457724,0.3420465821868964,0.9262096875900653,-1.1816028191297197,-0.6381282703879638,-1.48449702234515,-1.1860065602968628,-0.3998162090793033,0.8936119102821646,-0.36075292754489324,0.35030169186115734,3.065248005441803,2.478025260038651,0.24906247955033117,-0.28813634439275343,0.6720153693319688,-0.8690793277581023,0.2909371984621811,-1.1755199885062144,2.5975853362346717,2.195061055155273,-0.6811321900097195,-0.8476135351928957,0.06993755047286183,0.6628204980197742,0.9360003629586423,2.1953836012610277,2.1894774185799393,0.5295753887556119,-1.7176224161719844,-0.5401555964733212,2.8386817436935656,1.9816978315496736,0.5435035102626136,-0.8661237588012759,1.457571993882011,0.04382662217309936,0.401509179268965,-0.2680934363298415,2.2991206258699957,0.24191204442542755,-0.7083566859270513,0.7685855487097731,2.509197301304472,0.9097990134559226,-0.06841799365241658,-0.7807099069399838,2.919121133355401,1.875694840270062,-0.8023508253774471,-0.3166531714118873,2.5876876164001996,2.5928348708171987,-0.8725625039930142,-1.2576829174310435,3.087828457286125,2.8010787873013405,-0.8090562229589094,0.2949028459647621,1.0819410901780537,1.1832037869195193,-0.9750983068770506,-0.14837678619228303,0,محمد
0.2902091540180712,-0.21200564502429886,0.06816300892691642,0.43734405955565764,0.18972781036546713,0.45376786097056737,0.1492464721154945,0.16331298421780055,0.43818200435657284,0.3880388612643981,0.19396659980741537,0.28029214754988657,-0.27076067500663575,0.2529248125182252,0.553091075813206,0.34997567619225456,-0.010904293324639313,0.11986435611746306,-0.05019494606078462,0.3901248898486713,0.1616916955995497,0.38611194507482377,0.20820271626057874,0.08932742937277861,0.27213755788544963,-0.16813514339102983,0.1321830927128064,-0.01238524538190093,0.46561713811822125,0.11518496162157776,0.016257643253850977,0.357795328161476,0.3742201492392871,0.18055817146812106,0.4454656140967209,0.16111423469510597,0.235936581745348,-0.20255879415011308,0.35142093543853997,0.513360076220524,0.014584297733684411,0.021129847874238956,-0.1293823931279333,0.19371920078992477,-0.15918995047968215,-0.00804384842538547,0.14488509310424647,0.05170242572444241,-0.18985653788302134,0.6603329935729566,0.17273357758540386,-0.049582036281877934,0.19079750626281827,0.033360046653208277,0.13950265523141858,0.19153453503085732,0.20398435057324332,-0.00271604846791172,-0.11073086259566217,0.47878564761611353,0.13168123939473456,-0.05565158056253017,0.1686112892750347,-0.07862684556373387,-0.10085527212531128,0.20616194757317793,-0.11477056102977148,0.30354928054429436,-0.14097847738793534,0.3830426148823311,0.37144399319515603,0.3553263921837164,0.26815056074975835,0.14329863756635378,-0.08278668788745294,-0.04740421663043715,0.33138975102312956,0.03456587291091857,0.2531752358743881,0.2758627407041266,0.14641416802917362,-0.05240971228286583,0.22971295518134746,0.11410964857270414,0.1656287882303952,0.35902650527498287,0.1085247696896441,0.02648813235908839,-0.03694964147278227,0.27757655152210986,0.17831930956423156,0.18376633346546298,0.09585908209592421,0.021587444962695587,0.10385329636711069,0.16584431630422383,0.5150817327727664,-0.07792779340109729,0.8066279839512904,0.09015330751673642,0.06732452052755981,0.5443423491524007,0.3183567090190372,-0.21351341385828415,-0.14984805596304696,1.003066960193829,0.6253210930016233,2.915359178431177,4.7133106934868625,0.8550847864834438,1.1075945129344353,3.94514774198453,1.8437738027696404,1.8942912907348803,1.8753715234513304,-0.3026691807586236,2.5150306833534404,3.3640889068002955,-0.032843151361856664,0.02280330220523958,2.577485238266461,-0.7039140858869943,1.4785793337241795,-0.3443145294157094,-1.5949791182784039,-0.5617982142312566,-0.46804381601717815,-0.3022507570863789,-0.10261476152589297,0.8930899111896377,-0.11058453545184531,0.7278737711059975,-0.12497604545414236,-0.520221579547984,-0.3437101350247138,-0.1860440177989905,-0.17444167104207714,0.03549195579643739,-2.066564338102792,-0.5069255298787286,-0.484555483098344,0.315299642538376,0.5830498598806143,-0.5414150009830928,-0.46210303161207705,-1.0627034820028178,-0.9718113022089954,-0.21123624851040354,-0.5233569688723805,-0.6071557841802652,0.28453948386698485,2.0622057233807904,2.1393829832116515,0.6727867939759529,-0.025374834177582167,1.2939234417841563,-0.7115019615993436,-0.21081909185339784,-1.2720401492725353,2.447015777913865,2.152378767287031,-0.8686756710623298,-0.32064668953669734,-1.2835801797432487,-0.09430417080486307,0.6538568155878661,1.9922914744563285,2.4891474022435776,-0.5226350359000318,-1.264038907486889,-1.3649843747440773,1.3434881166352497,0.5057431249736554,1.6817669174454422,-1.8610124978401776,0.9458582457348482,-0.8895347115302693,-0.31989309615512523,-1.1552742770753295,1.8371850051150649,-1.034228067332107,-0.916633493083128,-0.01915817659528374,2.367160601096571,-0.11197460731937553,-0.018614802811324185,-0.6952621425227246,3.161062636692135,0.07360195307063787,-0.7910179581432643,-0.5280380928271193,2.752345758868985,1.5529915207325904,-0.6041807948008873,-1.306171477992928,1.7998024819050034,1.466944060272375,-0.16807363292029687,0.9329324900771266,1.6836686030677512,-0.5264072678025596,-1.0974009374353326,-0.5094740157071437,0,محمد
0.05153779205215025,-0.2200015797649645,-0.009243151966650579,0.45511349257022177,0.17222184797651935,0.16996432899029346,0.23320985751715306,0.010258420023457693,0.2824466156113363,0.1911918266387872,0.3091843562369099,0.39012063065436664,-0.18048287824947584,0.7355380702791889,0.45250497823842356,0.28672534126652544,0.03135369435501862,0.14821867655826385,0.04291257938991298,0.3426118235988827,0.12903409560572035,0.2900073633867902,0.12977275087779847,0.2554298939835762,0.33940591558248673,-0.17972865574609012,0.25711942264675414,-0.021407570676138785,0.5969973941165002,0.14534563469218098,0.0028086316392693517,0.25707115940676184,0.3648614433144906,0.1809159302454495,0.3616482802795984,0.2080487617280288,0.22759817210996,-0.2166872021163399,0.47915895001200487,0.5233412070357435,-0.0025741574080332657,0.11788703103243131,-0.05976545681844105,0.2566420129397899,-0.050512631467332744,0.03352950596353585,0.0542990464995067,0.0542657539367918,-0.2587868826516619,0.43675068451188764,0.1754992598574507,-0.04385645331312492,0.24813771200429952,0.12937434107906184,0.2237366549363742,0.18653038711676553,0.1291817396370126,0.03495468986487283,-0.2601611729547322,0.3752174588892697,0.06716661440915347,0.03288659327333232,0.15761723132607483,0.021660527959814036,-0.07743126313894194,0.12368817475325031,-0.04004317416092458,0.2343269552555861,-0.2056504714514085,0.3836299985880029,0.3054553540472863,0.2703783276501389,0.24117385559649201,0.2360251531529499,-0.004488774080581148,-0.054922290924392006,0.28112567595052124,0.05797216361010029,0.29284404031014255,0.282184070119824,0.16175421348574756,0.01067419607739014,0.2972490847899913,0.126613223573828,0.1702134042776527,0.36329000378050036,0.1538899209755811,0.0325253475187493,0.01506128158780476,0.310864439092857,0.1695354786438015,0.24974175511973987,0.15305144373796145,0.0024344401852198798,0.22879589748231013,0.15949241368004075,0.4360260057305432,-0.11575530750314382,0.5883831734281113,0.17506941872635548,0.02427451192810475,0.2135778819205502,0.3223933621251194,-0.1995547515955292,-0.15058011867994167,-0.1914783955071647,0.3571786230891377,2.7813396299700615,2.884410662965759,-0.1356404722641539,0.8278250486786606,2.3621476359412816,0.45799810598714735,0.3086256733191759,0.3154759131750819,-0.04751905530808223,2.497275593213477,2.6040395506649423,-0.783987609376946,-1.0622516953983012,2.2601759086868034,-0.18775013023864806,1.7755259853210177,-0.7400667031173034,-1.7241266874794041,-1.4923774016251068,-1.1917426068338912,-0.26638441597651225,-0.35712007427989645,0.7035498333999104,-0.6408990225193909,1.114237549576507,-1.5966484120394315,-1.348797865847825,0.3294338238422414,0.12664822734727682,-1.0701354424510212,0.7467582486897935,-1.6454957984936562,-0.09682594716730845,-0.7723678208761765,0.45416294785937245,0.5355476250789744,-0.18128556659543477,-0.22783968440697944,-1.2621714317524126,-0.9906387614797775,0.01555379349294294,-0.6527495343012608,-0.7931144063021462,0.42647486917846456,0.5103846602807672,1.477767938674621,0.8475279009376384,-0.5552526099146264,1.332118711608766,0.014546984423852386,-0.29425697559362674,-0.6499473431432746,3.3913832020237775,1.4247632318265038,-0.5653309549003394,-0.14223699751059485,-0.8503622467362457,-0.3301396480325526,1.192189028577149,1.8405605301447792,1.1879422120897813,-1.3949675384304003,-1.1039970325145056,-1.3967512854407789,1.7614755508297006,0.18832987696150488,0.48674866748350365,-1.7875600536657315,1.2652866677864083,-1.1647620470486852,-0.24193299637159096,-0.7848227138187519,1.662065174774493,-1.055970067412226,-1.1598643892258274,0.08426434226280313,0.319427614927974,0.301976268203803,0.08698756673466872,-0.6687811545873714,-0.08718616155240792,0.3658696832971832,-0.5459118806608841,-0.09502064687427758,0.08372238367921643,2.876423474824794,-1.3232439254878614,-1.3163078335291276,2.005454573866801,1.636263090305424,0.3606115361795305,0.4504976046026819,-0.1767218582003084,-0.3256297115389618,-0.8096838561455727,-0.5650382808106483,0,محمد
-0.024703494108139483,-0.17811931324469463,-0.05218612534535649,0.4840770233507646,0.19085677540825,0.08234421339178968,0.27546181091192445,0.031911123314947214,0.1950254590451672,0.2883336084010986,0.3645490473407944,0.4275841241704551,-0.3409280180384099,0.6605357462187175,0.39871145530050983,0.22629117669698356,0.08183230104423081,0.2276823183807122,0.11054160242860829,0.32642162959515325,0.1862032199980695,0.2828012766683449,0.13757611077333814,0.26246835638301774,0.2494830305785054,-0.13366864906965814,0.22803087944219652,-0.05107980911477271,0.6956414876521537,0.08592339020554117,0.009614271217486729,0.20731851375989224,0.40664468390880504,0.2338212331382397,0.31679266071049966,0.13301138759094064,0.26760737901002485,-0.25692272264799293,0.6069092567823974,0.34297861006504715,0.1015087260810649,0.052255476814216155,0.01339368104527651,0.26467199185989104,0.005801637791528772,0.043469318990726674,0.052150896729274254,0.05352229750893088,-0.20566873125778545,0.3878097340643211,0.12421758927330065,-0.14621300279186578,0.20700873286648597,0.26628490319951065,0.25128436646498414,0.2705313499992404,0.08997709195304199,0.04064044147130191,-0.23042258278152344,0.4363365490840681,0.18303681315303558,-0.02253430514703134,-0.06327490606485248,-0.08575059046826101,-0.12101765737640095,0.07206275434892831,0.0030415293118107446,0.06299833089451817,-0.14210415530711748,0.35330112801151586,0.24972020100303702,0.21142615236714624,0.15027633762546855,0.22486404763115925,0.0428550413552433,-0.11759031644029672,0.291374660947486,0.1038299329962136,0.2527453861490519,0.3443745591829755,0.27597674330064953,-0.011296353070794985,0.3054819272894143,0.13294946006134048,0.18749382323364408,0.37067467428489126,0.11463138167964643,0.0678333526260424,-0.03208618534647818,0.44966107672848676,0.07318919477178325,0.19509205872522117,0.07951772891091212,0.0661269968888918,0.28855472434415513,0.1405512385077423,0.3582412765987733,0.008407174896873652,0.6673193302385794,0.14207644651479343,0.03529211208447948,0.15424752283336673,0.3055482351456132,-0.033632085073356674,-0.12949378569367134,-0.025389343072194294,1.8419786937034384,2.940974450047773,4.311318550935713,0.42106916770608244,0.6305170563874992,2.184431148694441,0.9313377705518261,0.5033844523036058,-0.4253113449458246,0.34351634253757685,1.2029921337637635,4.697412674799166,-0.18368954543005092,-0.7427193846553469,2.4226402475331494,-0.23327627073402604,1.3008149696978208,-0.40988427795544274,-1.502477860335942,-1.9353146991770263,-1.318410117722167,0.08997446251177386,0.27055187610990883,0.1082933753246212,-0.20428283907046085,0.35117480297967313,-1.340203327687102,-0.9936412249166274,0.6029058887016124,-0.31097355508032626,-1.179029157725465,1.0566417024343915,-0.8865064400353073,1.2521683802888675,-1.1619844367227234,-0.2078762834831066,0.8692825723625014,0.7331362048298247,0.5719109439431186,-0.47368513092599024,-0.7343304464694509,-0.5618032042710671,-0.3281450387528753,-0.3944227797643916,0.4043666431712524,0.3253739952139523,1.3586532862025085,0.34672391664312746,-0.57522740514296,1.1708157622665554,0.15020390644594,0.5958860359166029,-0.4083439681793553,2.5352458017689377,1.5730578828495398,-0.9850889275887373,-0.5809483225043653,-0.07279869701830509,-0.23009805712097464,-0.02685257596741486,1.1394050300300673,1.9835476873997617,-1.5307591035466521,-1.3846944281932956,-1.5668875030556946,0.6259990535999505,-0.34092031864966715,1.1976654952741113,-2.013533026316769,0.7182603603815696,0.18842822160079842,-0.8398719929090016,-0.847894365229351,0.6533811993614512,0.20653247311974685,-1.1301002918650267,-0.28919632200724266,-0.06697650941966832,0.26587087575797325,-0.315183253289474,-1.0315020042120269,0.10845819891244703,0.638296940564844,-0.4354864474647005,-0.31590221455015005,0.6556038367281184,1.4108811426363872,-0.8412275268958318,-1.5576684149451234,2.3833744895123976,1.775313550330089,0.08265726441903419,0.36147355180412705,-0.5335262532444905,-0.7293417079157236,-0.6362355145478295,-0.6334682929405837,0,محمد
-0.02282781440350783,-0.1297953034975228,-0.017875283690791006,0.37663207605419047,0.21374336448247047,0.11031876504054232,0.3222580407442823,0.08284907267960105,0.1446643505234823,0.27641885723175386,0.39480194742582947,0.21936193045967364,-0.31128851997388857,0.7103837342106554,0.46169583416966437,0.24700664116596996,0.07347739115571812,0.19768368541007947,0.04366214608920853,0.319363073803451,0.18957090183432515,0.22715449611282898,0.11374498348868245,0.21577103489189894,0.11108220397076436,-0.12152223189944952,0.271883111552865,-0.07338720679069315,0.6360071014399327,0.06534117712554374,-0.06566976478142668,0.1945012279834575,0.39301751829943865,0.24963955631687473,0.24180818214878438,0.14561672976422121,0.3307448792906013,-0.22001573452810114,0.6511998420230974,0.31422625388333086,0.08926276087158905,0.008258294459444572,0.198267128933659,0.3176939732025339,0.16788527272622053,0.09456066936989309,-0.007657196982615388,-0.0016416999408488278,-0.1419464327513868,0.3178524472379531,0.14876949924948796,-0.17202334688782558,0.18108860628773063,0.23103855955223612,0.32443239112482064,0.2884244608821395,0.07532383058001207,0.051392343380126805,-0.1959658863596626,0.43054333659578126,0.2571072975769957,0.029329205090448004,-0.0054029917009793225,-0.08778088244821289,-0.09604247153018144,0.08053825835316762,0.01419721102863891,0.039131580862254225,-0.12838835272387714,0.27220884124787925,0.16995077880747717,0.1822243718971567,0.11842484713244843,0.30183973952057763,0.18410887321158814,-0.15689080085782808,0.27725395688009347,-0.03776174012804425,0.20268027696562577,0.4003060886356328,0.3515012768678382,0.2028568939398883,0.3266637226592407,0.14818691556378513,0.12461832925446673,0.3961743009204341,0.17335422743210563,0.1457206934813544,-0.040223952648595435,0.4065626547742874,0.07278674487072298,0.2220279976087993,0.1988799524312366,0.042206278217321896,0.23449617414913693,0.11884892459511122,0.3935247682814079,0.0059375181902757024,0.6088796178421105,0.032067732609252504,0.008813420973387824,0.06039223412711072,0.31323865169134707,-0.052179703001979306,-0.08639589316581196,-0.5850321364538293,0.7742387463543795,0.9327840873896343,1.2498344335435239,-0.0757300146893956,2.481926872423783,1.0618870690604691,0.21800467281533223,0.07907232901488788,-0.8224568520548682,0.851825651888013,1.1674030991541982,2.8904092783079434,0.29782633571378203,-0.9272798416457871,0.8569021249410873,-0.20597629156630767,1.2985672573604363,-0.0709747507554019,-1.1071890172429912,-1.8236294006841614,-1.222483581665062,-0.36373933194255326,0.09868238976751043,0.020447234389750334,0.3464575408240075,0.9192263632703741,-1.4755221106484013,-1.1661839669702565,0.18595167867992513,0.3605683630494997,-1.2938376117652997,0.7698074617508635,-0.4313153638998674,-0.14991281320594801,-0.23959059582865538,-0.47898925998979713,-0.3717127792502784,0.10841821955179877,-0.4341134721993609,-0.9588943606971206,-0.9019100475701617,0.1238652466833184,-0.4263916142884269,-0.8797718385813893,0.11477997276891745,1.770248301972257,0.810297285957055,0.1929503530375331,-0.48450158660075415,1.1664618704062748,-0.9859118954423881,0.17399836460112889,-0.8993512205161658,1.5173324133779125,2.4526356631093145,-0.7140887675169355,-0.3357255077002194,-1.0802971979390894,0.18795484843217208,0.4494345289936597,1.2275338655246655,1.7040970001271285,-1.6317817361491191,-1.3172020642153817,-1.5088610548474626,0.1341033065094232,-0.08747668949044621,0.652160670997118,-2.077521620908262,0.6666616928706284,-1.304782068280121,-1.157629404146719,-1.25087379688885,0.6775305476763469,-0.4043958843389239,-1.2675186875256985,-1.2547222727059832,0.9507600743786366,-0.3430272415752674,-0.08378567270510011,-0.8994318653402021,0.33356865370601796,-0.5370044603912718,-0.33017624226298864,-0.15090186162577515,-0.13014613782372003,0.9443132616774446,-0.4748462243490539,-1.3823047200376304,1.986104325017236,0.7478389985597751,-0.09413022501677196,0.7265105040639095,-0.18876754508933877,-0.6870537750262602,-0.8601038571981312,-0.6966429878284637,0,محمد
-0.16590106530539142,-0.22221714324738165,-0.0845374142178681,0.051096084706827104,0.039901501969563255,-0.13620080865929857,0.28643295990668016,0.018086007416155746,0.041014871988713834,0.07327088093264668,0.28994940636767497,0.17622523662611211,-0.2700827455496433,0.5622718307861764,0.2235529389350572,0.23736071507073614,0.08697561653029409,0.14104366139903504,-0.051267947940530294,0.2256254850014415,0.10305910106313976,0.1484418758259369,0.11477026679240115,0.060214456783282334,-0.034173928374818835,-0.1827564531479707,0.1752587570102774,-0.05461248308318853,0.4344251270653796,-0.03166199271219734,-0.19705718073368012,0.14049926217327044,0.348870256770048,0.20335442933473027,0.12774705165550443,0.1782133526397409,0.27891515460712235,-0.1176888778966089,0.5378681337874527,0.1827490709012894,-0.03558799822559565,-0.20899992674695175,0.23616687500848502,0.27509138765429614,0.18073120415012647,0.01728025309959489,0.04552074093659378,-0.03136293531748499,-0.1264102875958621,0.21456642089692626,0.12091844328904479,-0.3358696430273911,0.09496863210443802,0.2097846448868423,0.1889361549676345,0.18154742307239452,0.03875935671072583,0.018468798043925667,-0.18743419707529457,0.2204759096800969,0.09231152140210072,0.0648135091094514,0.06219610324707169,-0.15083880315064793,-0.21828224433161564,0.008999199422189198,-0.03742856090038633,-0.0065693097622019575,-0.23252332640660986,0.0949255057264168,0.08783382208202749,0.06278883849640972,0.1050166536747188,0.17390964301048692,0.044429911733228356,-0.19943094467119912,0.12381028857046597,-0.02758924411699693,0.16508992518131235,0.4339844945110328,0.296709739771937,0.1194989951434172,0.3204485813673512,0.09784589503710993,0.14024754589863575,0.2544515991668646,0.14452692495714353,0.1479682574136654,-0.02056865139333383,0.29477487247909223,-0.034011426696512755,0.03805818297415083,0.16360968943455004,-0.04592090422553577,0.08273932699198516,0.14113526010749275,0.2779940819012073,0.028124839914492314,0.4733352958535534,0.056990337997194745,-0.05131623858985094,-0.0073850510814549184,0.31530726418446625,-0.06784526363284223,-0.1526417276849771,0.6066601056542646,0.869369896392878,0.014368430476386012,1.2491434807583126,0.39621007939523295,2.2936721353295972,0.8117624494558409,1.3129165190962513,0.40122077250687743,0.04515470830452216,0.9536686956250062,1.1843184594301446,1.810934577774447,0.9784857753468016,-0.6015893939761585,0.8483958377682056,-0.5736216718868397,0.802809755106397,-0.3830210350719576,-1.418764130776869,-2.2152485189401476,-1.0857964243894749,0.16929095993523516,0.2915375381760957,-0.0007708667528266721,-0.7427350812936903,-0.634774911808604,-0.9657542246247773,-0.8508537331082086,-0.33869481215373687,0.6688347542117463,-0.7102068980604768,0.7431845811974483,-1.6007975126295488,0.18765120376635677,-0.8436698883203659,-0.1568954246019149,-0.7181286397670638,1.3195487925445966,-0.44942721846504463,-0.5227935169446046,-0.5724580686333921,-0.42048030707654466,-0.9870520284541137,-0.8755041950432548,0.15747977149808046,1.780353461544631,0.3851637118718224,-0.43831350711909844,-0.21374166438392544,3.330324758781347,-1.5068582057710378,0.2571013311622656,-0.7449685918382821,1.5205796205331192,1.2384110354319502,-0.880885367018621,-0.1874033252721623,-0.03897741228164808,-0.37606834794225424,1.2252847483640876,1.1824003830604972,1.483711552461168,-1.2478461521773314,-1.2636444494346326,-0.8461492256004982,0.8836232554390323,-1.0222027529736875,-0.07528907584757032,-1.9826708403805386,0.3979302468537245,-1.1139045398181522,-0.666843737867267,-0.8893123414312614,0.4953200100107797,-0.8060314080724403,-0.7795173993316953,-1.3538398471356756,0.04033338048165581,-1.0375331130689098,-0.5227190617102053,-0.5511266203609697,-0.07109062435843153,-0.8336007900339347,0.3362361606851595,-0.040525035603006285,0.21404280700592096,1.6636008842436678,-0.6309962018052911,-0.7593159691491924,4.09726770398972,-0.13951909357314454,0.1278874335612745,-0.011470753777087813,-0.5028727649454574,-1.252380092619959,-0.7382215615191635,-0.6915769794137795,0,محمد
-0.2656151557265005,-0.23964283618952184,-0.22657449799734825,-0.16292779019213466,-0.09097662345464588,-0.2854867599279558,-0.05762673831526309,-0.1721757730644112,-0.27256490595480615,-0.10223899925903181,0.1372864486191914,0.23845094929877708,-0.09352860995809949,0.4047043792654023,0.019148599283901644,0.14180674211784944,0.16394788575316335,0.06347857036990762,-0.16134135973432975,-0.017485424033273366,0.017997533161175885,0.04518402235299044,-0.003893744505570199,-0.06106555630385102,-0.15414230284886957,-0.07280635180783618,0.07085623146248202,-0.11469252974682052,0.37835327345823383,-0.10127392127748697,-0.20537756287564493,0.04153331530604598,0.22431477630655514,0.05562413534293023,-0.0949014463231894,0.13216195835657832,0.18656289324039407,-0.06869436382687807,0.4553316443438709,0.02261227379712678,-0.26783163808201144,-0.28829901052784657,0.14564541946243442,0.2908178131689542,0.10969384050371161,-0.08232859533186747,0.017415080532627827,-0.11562812577824988,-0.1089880477280043,0.007706908986298234,0.027613084801361626,-0.43420669156090924,-0.08614934844139127,0.12892393320913148,0.060561451935787915,0.24681728782993928,-0.010999322980609717,-0.08426592720511132,-0.21926376686022916,0.045997350870420145,0.017156275649771194,-0.02381994999664187,0.06043761422045233,-0.1553111411916686,-0.1810685860678628,-0.03361838703436506,-0.19279089817927547,-0.05783579385862764,-0.3468507346988891,-0.0752165122878714,0.1290778131727128,0.010937104103234736,0.021124328885470382,0.11474255325833663,-0.1609977216662623,-0.13172785296075432,-0.14008890960017473,-0.018121804627121655,0.13015477311353685,0.36028399735323213,0.24618343966116843,-0.08893779625307822,0.3134696936396858,0.0373348008656452,0.07664453333353415,0.06357767189061486,0.12384738138219036,0.05349657814088164,0.10156228972611095,0.13155475004111014,-0.1606596052499646,-0.04257461153462861,0.01684159045036469,0.08057647465460804,-0.07721570567472938,0.10257922569049129,0.16884817722209328,0.1540946628331862,0.2808245603091814,0.01906961991283737,-0.03098306789591431,-0.20807841737781632,0.20760579909033391,0.01466103531952255,-0.25884044113374494,0.30418903971675704,0.24350457669871198,0.5164204446097063,0.662160894832911,0.5247813668765973,1.8935580712392928,-0.1792573917138521,0.7219453367020802,0.4657563024697596,0.7132731430931165,0.7769624155955452,-0.8679914914799396,0.8313459610793802,1.1444637566750593,-0.9823918620480327,0.025129798409900508,-0.007530557881659515,0.7815718567794157,-0.5481526535499301,-1.1486680634555113,-2.207378206689988,-0.8958056051216172,0.24443295396972872,-0.37592330271348945,0.08825348638376984,0.39175199067245126,0.5671140114522629,-1.5843221735148483,-1.1567598909571266,-0.5920315497357223,-0.18219104694632762,-1.4905874238750143,1.1186916068040182,-0.937668051044179,-0.3138546262862819,-0.22762572837295483,-0.8522305142727885,-0.5439687816321277,0.6731023803845144,-0.054570135356867944,0.36904840222546076,-1.1653593829495157,1.248182787888778,-0.5437105804585141,-0.43549878261558117,-0.13337829772625237,1.1540327907292207,0.7053750157800998,-0.6133705718118722,-0.21493307644856155,1.2174566756653136,-1.3817888516833798,0.6125063967068117,-0.23777824064818762,0.6740424679302499,1.1687406780404894,-1.0436389370510804,0.04770197305946026,0.08600713313858045,-0.5454342929875503,2.028018573144905,0.4057305449838612,2.1927045897023287,-1.639114408175527,-1.3750439950917137,-0.3782993327233427,2.2721553105524444,-1.1474708044533237,-0.8453200272861818,-2.4423632485927107,0.7791682881081022,-1.277039490271512,-0.004482336056875125,-1.116164073036853,1.5214474512955314,-0.8066015125731184,-0.9913524988285727,-0.9479975590042239,0.45974346773379027,-0.6928704004038921,-0.8747531437054603,-0.18379666107119558,0.41150622027176464,-1.3536841145808318,0.40070047305924306,-0.23104940801106524,1.1571573118659735,1.499884267797147,-1.6385657005862087,-0.5304052029658277,2.708486810560772,-0.7637100930887818,0.5942017190093541,0.5942543075737718,1.2045547329679862,-0.14163862563615254,-0.7935256083611576,-1.172028571398484,0,محمد
-0.28034052344834176,-0.06512063811451659,-0.269050824272021,-0.25249620150359314,-0.07734893548600041,-0.19264325909220784,-0.026126694522216706,-0.16649960443227715,-0.22791471558921253,-0.006038788104914525,0.16649698422694395,0.2360500066792455,-0.08788555059414234,0.47380728367513353,-0.08223110328964527,0.1009883764458845,0.15423733769609235,-0.032477020301810364,-0.22858626738832266,-0.12587352392578685,0.0247968870293922,-0.03519961904624149,-0.027308982243317504,-0.08543984517538228,-0.12400318733766572,-0.07937779814277368,0.2114111231368013,-0.07086826178204213,0.4497731744603792,0.03596848316687184,-0.15279394503299995,0.04338551928809116,0.20381622099355776,0.11826852652698276,-0.22345006657912042,0.04553432724689975,0.1896854828198213,-0.11823001760284257,0.45860150928604576,0.0008322284466157282,-0.18635638216236586,-0.23710637339927945,0.2882950369805489,0.3632633554255935,0.23981978853824282,0.030749219020848737,0.19663541726801836,-0.019743509380669974,-0.07917390945543931,-0.13205285648312737,0.05603436614241188,-0.3550994279711415,0.03408714999749291,0.1908081893367069,0.08411419970611997,0.27592942593498276,0.038543087381033604,0.00993814526192054,-0.18825950418362997,-0.04093822885380714,-0.018503466014097684,-0.13409456929343513,0.049356840231769554,-0.17107208439191054,-0.20352344219229704,0.012966543512808439,-0.042717385538089625,-0.1279064084147411,-0.3160092358434353,-0.16827632895886316,0.07883456585204261,-0.016811540030992663,0.007880435216023966,0.22531502209415902,0.05971731209989216,-0.1687525455505978,-0.12171151786648199,0.010139840968856978,0.1437489896566836,0.3232772868384232,0.22625019404781357,-0.0077189010675811544,0.2680446672273469,0.07940892538742399,0.1556302315145401,0.036612997738852515,0.0894067815379268,0.057484581841532635,0.10009972422333482,0.026131182543601906,-0.1174373136882179,0.024587114712670593,0.13114228772882838,0.1048822725497175,-0.01795657628533011,0.14629337248037844,0.23489954364609988,0.21500547589616073,0.1927165049480205,0.06605019652719045,-0.028303017650591365,-0.2533919316595926,0.14186683834977384,0.04198117977664552,-0.29888724390468685,0.8458178261738297,0.9478289928217984,0.3460054318280413,0.63096174017962,0.48956917208328393,1.832180644472124,0.6375395658208146,1.8656050816815253,1.2175543741942347,0.48785660047580265,1.032347751721068,1.0926905895034202,1.2277214910918417,1.2956028583861374,-0.19687999821654215,-0.8769739903459799,-0.058887526813539,0.010104633184711087,-0.7088145054813288,-1.4344796229914227,-1.9130332304852558,-0.8545232183056554,0.38300311665975395,0.3840349586007957,-0.6036237686657034,-0.4211599119782428,-0.4569011040193712,-0.21142238052435253,-0.29358443562833614,-0.7370422436048016,0.1776247905774154,-1.2924077989087432,1.3470264561174112,-1.0363463420526091,0.2700522658164184,-0.7898841993961815,0.15686275108723322,-0.4509299391051463,1.5421573010029863,-0.3799543196346249,0.1530253808347592,-1.1316581635313927,1.5986929867142707,-0.8057032144142963,-0.07435596499864829,-0.8174237158925421,0.19284252996607426,-0.3913062410430625,-0.32648224452571045,-0.4750899252093637,0.42901156235196675,-1.8192407923586031,1.198634867591827,-0.131372024764115,2.9705769495262793,-0.11932387389673077,-1.6035927498980322,-0.12875931008771396,0.4257374933087585,-1.138334144548753,1.3373227159818268,0.07982986180477576,0.8777453978855955,-1.9619816687024743,-1.4221392810026643,-0.6009000446261987,0.646592454867784,-1.586985350292285,-0.8561335263873758,-2.1278395287153087,1.8777425614388557,-1.48261053338864,-0.1875156733330564,-0.7944739526048039,1.0659647507161312,-0.5782427087914443,-1.0668897652608085,-0.8686318527522902,0.2192947132097499,-1.1342803213940669,-0.5064206929763431,0.4568235689669346,-0.05152599813157679,0.02926492021367859,0.48340919164185,-0.1901342145034869,1.602215705324823,0.38756067406788614,-0.9821894815270856,-0.8747324901683478,0.5093926543371392,-0.3693405117635633,1.2467600440294828,0.3795150476868733,0.9283874843986455,-0.8282484520794062,-0.946010269528512,-1.2332159782147971,0,محمد
-0.49109673946796567,0.1119715708110973,-0.12854070816390684,-0.3493884893098062,-0.03889003457889502,-0.2750967829966256,0.047380279891453096,-0.1450342457772467,-0.2599895060329526,-0.015878492791995373,0.10125167428517069,0.14147674276050903,-0.017891635713898617,0.5769524832975147,-0.12292780459179212,0.1092792963153703,0.12233619289582218,-0.06635993531908604,-0.1483224665859172,-0.10676446095259035,-0.04525600026152551,-0.029098480982359978,0.035424844581445375,-0.07349670847355831,-0.24588967454441454,-0.12585724426570843,0.20941627686111416,-0.11060530297286475,0.4874211731091725,0.0688393118410638,-0.15113430413727585,-0.041323875824170235,0.19387004353560483,0.15368920512768855,-0.21490935836354189,0.02730842437658973,0.17283925588913376,-0.2289685726040909,0.36556700178844564,-0.08943000371012624,-0.195558264001609,-0.24386744754910988,0.3226610088338574,0.39421690593659847,0.18761269306650735,0.015815605901092898,0.27419073652039494,0.07089924941262166,-0.05003195550222726,-0.12280859177305387,0.03560223056975701,-0.3176714885327816,0.09947575164363982,0.19938683428158965,0.08915671105012021,0.24237892991526636,0.027716047513035556,-0.024571878048366122,-0.10727411395304381,-0.09029915917265781,-0.155917485609973,-0.06766388405470589,0.06756233906523747,-0.1330735982887517,-0.21553325493007605,-0.06711799891045751,-0.06727088857599264,-0.14061554008720936,-0.3005815695997074,-0.2366735473393622,0.06632175053145258,-0.06919761820359047,0.020890359720897953,0.23097365882436438,0.08356339946826272,-0.19324863332242867,-0.202698361869573,0.009965432927630444,0.1664744053520502,0.22296236989645568,0.2472324553429177,0.09628651236864796,0.1982424568791962,0.11152674941751638,0.11307808888574516,0.07895506753125983,0.14853475153810095,0.05228845498137639,0.13255599980843705,0.01960616947068016,-0.056184522573267684,-0.013960970498426463,0.14733812161475507,0.09693525839375028,-0.021571064179400697,0.15371831830516877,0.23976107653670622,0.25429982215396113,0.18806498727704551,0.08783340307723286,0.048474858030921913,-0.22282131015083992,0.09304437415110248,0.01458714655222216,-0.3171957389230441,2.716895811148988,0.33714470520521295,0.4707586026787851,0.7781701538297608,1.839596688956702,1.280149385530144,2.304794202388731,2.6045568163124155,2.746018394009862,1.922855172061432,1.1822724617229967,0.2778134222578414,0.6280621592687308,3.4090742739973536,-0.1750657884494819,-0.48183683329871085,-0.7390003507284868,0.045312772581698045,-0.3358942255386389,-0.7888457103169795,-1.1297999898177395,-1.1349669144150036,-0.5125539940709537,0.5014643337030031,0.7438878571682669,0.6618610189874937,0.22632798987571387,-0.1208822060673921,-0.5695688625575483,-1.032430592598616,-0.3823381548189656,-1.5487585178327559,0.04306127380549211,-1.3700105396499986,-1.5356518700682003,0.5366213348658843,0.22630007277182798,-0.8496987162951255,1.6695798452602395,-0.6050045036708152,0.2436623605253558,-1.6785928935538568,0.7509871154587547,-1.077490493987483,-0.6081326375532503,-0.9074566917962621,0.2607947930184968,-1.3865354648763557,-0.6994203274862502,-0.49052537829529547,1.423767372262336,-0.6192888096670046,-0.05469245136543753,0.058216188189747754,1.2576394378091544,-0.7289700758439426,-1.1362783247289912,0.06360616016875707,-0.2656725917914847,-0.8195471074308912,1.3701210984240413,-0.20419720751505036,0.8748520562626272,-1.4019992388743001,-0.6049605181357409,-1.0331697600862846,0.44930609638818,-1.7650605447127872,-0.37167674065564177,-2.152270129122794,1.0158373792835433,-1.6422655460356625,-0.587749678280731,-0.7161669248555277,1.0909790374051156,-0.8852919795171059,-1.0949720731310857,-0.03866385061630597,0.1972253945349338,-0.551220471880705,-0.7347553376573558,0.8465653730010371,0.1255544544633684,-0.4186213884657816,0.5560775944468618,-0.027253294806205346,-0.3073675797858081,0.19702743303535125,-0.42257594909777024,-0.20976667809750768,0.15882755039838664,-0.3875085941313415,1.113995981699122,-0.00030129348925126727,0.9361123660983853,-0.7297546031286182,-1.1917108704018105,-0.9209218810045233,0,محمد
-0.4017428419094637,0.07215092969472887,-0.1945396446603712,-0.1884868110251298,-0.006266909069352473,-0.19254390278713981,-0.17840468799807568,-0.15224973282192802,-0.15668238238661358,0.06128434889199165,0.19248952174066797,0.15580353043873274,0.07224841596106069,0.6101617111577651,0.08912817160243877,0.009851527712475034,-0.06528230057502322,-0.1672691858462573,-0.23330547810196692,-0.27469027715724703,-0.033051575801123105,-0.03564465421245585,0.0765384658764548,0.05309723418587689,-0.06560768233372698,-0.14608031257364829,0.016753882323192186,-0.09570614187877537,0.33309265152834727,0.12363747492966236,-0.11204491844426365,0.054595782715903506,0.08842480061066584,0.2719806533242712,-0.19069267244068744,-0.007181351036958917,0.16263548623359333,-0.19245946531469538,0.40503182785148545,-0.10094070779651976,-0.13579848208668757,-0.18560094954404183,0.39250556823527305,0.3619662907358538,0.3462638932318249,0.09976494738400404,0.2839216938107472,0.19640664284546946,0.013424633683266548,0.009792846313754749,0.03827661411644288,-0.2829825662182225,0.017887139033540694,0.19141443329866092,0.05370119384772809,0.24528949346106474,0.07618597680350649,0.036330777128950845,-0.058962529288551745,-0.08846856906839706,-0.1422479757517114,-0.156571202878547,-0.006002383899559167,-0.0630638441333193,-0.0984961176878781,0.021746673516413653,0.025259635664865002,-0.07567056446367657,-0.15658215530688666,-0.13500033884200668,-0.029245702201136713,-0.15532341403852862,0.08745922450952526,0.14190882195868879,-0.05956447796245233,-0.26172109428130014,-0.12085354117987374,-0.006702210350629899,0.28581785492095374,0.1952578981921001,0.25890159199509744,0.07697905003464398,0.2136561626988409,0.09359919344522499,0.06402472192505257,0.09536197678939985,0.12057707542468687,0.0780491411250266,0.1778607350788637,0.04579609302333366,-0.029121600543241474,0.0015324422686623942,0.1539490574426914,0.11840995772055507,0.0036079433525201096,0.20943515574194985,0.2520946618616366,0.35655496793900265,0.07988381662763418,0.1588275519232145,0.05433408082696039,-0.16754620985828828,-0.018694216300626714,0.10845095302797096,-0.19587891220455778,2.0514887405912194,0.44789095006453117,-0.22446872196548243,0.2837171103589712,0.5173323958272877,0.981963528838787,1.2060627308255083,2.3623275820193053,1.9994565690805939,0.8474573563275896,1.0233543902229247,1.7728937116835382,-0.29490090584244893,1.6912176172021887,-0.8133479915857589,-0.9028761608741313,-0.45402529248209994,-0.2463842004003839,-0.7378847015431493,-1.1777470488640542,-1.1750673820877722,-1.3065079775712771,-1.1606421483494023,-0.7621028762478358,0.25097109423934394,-0.8495253726759272,-0.2814089222221915,-0.6578203525062136,-0.44313173680137496,-1.2190634869528802,0.33364295216169065,-1.5386248927973567,0.2956319878322243,-1.8011379925192044,-1.6341018212215166,-0.06072019265923765,0.6633054088940536,-0.9570805546745256,1.3582396624402864,-0.18527242247369086,0.4987511110956638,-1.512851874166097,1.0319568539662924,-0.45861134300907286,-0.39411476876449797,-0.8357662917385669,2.6089778474383527,-0.7943615125072968,-1.362899484705646,-1.1036784231739996,2.1989182359131743,-1.393786640742581,0.5131651025022451,0.08592609953491069,1.8691449565153138,-1.066871312798595,-1.481647128098638,-0.41744663062741677,0.27499913286759176,-0.6918349492415901,1.435028052867254,-0.6985604710377548,0.2225608808304188,-1.5163790122035168,-1.259072012449513,-0.9592166004379785,1.1084440732634866,-0.6310569003063418,-1.799000876798327,-0.9755799365082432,0.8863529435551335,-1.1079879560935946,0.6229898398782354,-0.0006338568986105449,0.8132388034885191,-0.7553059220951115,0.19195019970927138,0.30151297467838734,0.4798056363431535,-0.8010683045596456,-0.33458106795185244,0.5126032938996856,0.8927869576222686,-0.4121030164794293,0.768674083544435,-0.1101195248716503,-0.26035431069816367,-0.014363185717246964,-0.2980009241960783,0.3754857531309997,2.6733035056951056,-1.107530084916162,0.5125376128821353,-0.800075137898545,0.7568933351314188,-0.026575130628840017,-1.0218677682664445,-0.9163655160895524,0,محمد
-0.3040700372692337,0.00310112491081395,-0.2169626795570653,-0.18385972575334886,-0.08973704959558933,-0.21149198250456935,-0.1025782641087796,-0.12381504888707873,-0.13171794923171054,-0.006717057613732563,0.054184171813785445,0.21383827585774354,0.033979262914048555,0.6608029668076257,0.07700423378835883,-0.05264918821811695,-0.08623743383084781,-0.20290417739955083,-0.2509657328697363,-0.41995592466153664,-0.023078588922685318,-0.059107031685611364,0.05720003184396915,0.07536871100891772,-0.1409988524406824,-0.08048837105306489,0.0666075523991945,-0.09518429794853245,0.2771066686896738,0.1400573137567026,-0.09553839890216877,0.07212352690489014,0.03772244531858585,0.3274506464257406,-0.1956219538214196,-0.011831777536531559,0.14230090704902026,-0.05596869613539551,0.3834090180425791,-0.11413438536930172,-0.16850972257185493,-0.25445376203833525,0.39070122442466004,0.3159862650436389,0.318495509549085,0.07761964603563898,0.24483982424513534,0.18139678983986982,0.08479150970923231,0.06099431340836673,-0.015270256243313265,-0.27817222245819956,-0.033132296409035984,0.11776200327371261,0.03539605082579234,0.2882734506119454,0.06462137006594405,0.04596439695621878,0.09932194634508078,-0.1717271342232463,-0.17968131717190508,-0.18820566564580013,-0.03378999916217164,-0.07687924119939564,-0.03497396794358694,0.10843221383904526,-0.05933498240983076,0.02423643236724684,-0.1295785064097039,-0.1895011910075464,0.029577477443633957,-0.12766140452400884,0.07274972257324788,0.14274865189860572,-0.11556869097043225,-0.2269188993670858,-0.12630377706356685,-0.0016528003810929244,0.19802526353753597,0.15625950137158787,0.3709313139667988,0.07156729059381757,0.1714932434380254,0.08378648694519379,0.048322652135561334,0.12301438899199568,0.16862692415246777,0.06323465295771982,0.26520614464367026,-0.008935810196362326,-0.02687410206902348,0.0500944780785512,0.18945229228981925,0.21372007392802633,-0.04804561581424972,0.1765923432432554,0.304183176593652,0.4191104057965449,-0.018627364211730713,0.10657509015822111,0.014652488696794412,-0.05299812711017559,-0.15784976877971502,0.03621901920104212,-0.23236339536121636,2.1499309615550533,1.893962127810802,0.4952520757380146,0.01654620999963481,0.6145556312342145,-0.654851761882446,1.4158309348598752,1.7384535256506521,1.8778802104731516,1.573560318168254,0.34551255153376215,0.3885557460686099,-0.9094763232589153,1.8800535597936632,-0.27197832504941616,0.21369380548447178,-1.0361131368346086,-0.39085632724468616,-0.949559909354873,-1.33550861381392,0.3805281478081563,-1.364139049571138,-1.1937784561220461,-0.4169890639632476,1.4343425694414755,0.1519028751047928,0.7832456544785943,-0.20241916147728356,-0.791289536091117,-0.5227176551403222,-0.9930612363887654,-1.5535323010073503,0.27862342117748995,-1.5697192820332402,-1.1081974075506358,-0.1713418855781477,0.29784748835989916,-0.8329130844933653,1.91401713589456,0.3488687346917264,0.45601029232839574,-1.587708723715119,1.737792393138482,-0.6573028680615561,-0.3754295927437622,-1.0176444780737304,0.7711784766205497,-0.26742755180748173,-1.0642404676853225,0.05371088673790661,1.0195505949022972,-1.7092392240207652,0.5339080691166328,-0.29207234597994575,0.6762092505743632,-1.4263024588511943,-1.107790926357149,0.06229678093048824,0.39916275176035987,-1.0454637479028044,0.7488594174425349,-0.34321234184803034,0.06692991511582908,-0.3933701063970961,-1.139583788772831,-0.9149142244536962,0.9904916404093713,-1.6071381346774538,-1.653502857424338,-0.8562098944383499,1.629996812001187,-1.535451371555344,-0.07978814055822782,-0.24591269075911779,1.3504719331402284,-0.8507021649621661,-0.2350062099616155,0.2570910129960592,0.3111742009440631,-0.9211215251328775,-0.28902825633974477,0.9183231281467554,0.7434753065520272,-0.6876642918790985,0.7937895283262901,-0.5768176871446072,0.01741834180433131,-1.3376456525237634,0.10754352653577647,0.3228824666952165,0.27748023625495893,-1.1179562573192035,-0.03965370923152918,-0.6073012101789702,1.5750331242936766,-0.4762753116079636,-1.2318082282379774,-0.90400792628758,0,محمد
-0.23787580335331782,-0.04574828446817519,-0.22233836322718484,-0.1305334470907425,-0.18311294245895335,-0.19861451865112564,-0.1767136697530805,-0.17733839413815847,-0.11341861754870086,-0.047765128324632665,0.06301595255163289,0.18663857128125158,0.011951829887240346,0.6800541542915858,0.04464010286133467,-0.05847371864349348,-0.13848538696286708,-0.4522854520682233,-0.09157571968248081,-0.470134429199649,-0.16766010150811353,-0.17465766358264004,-0.008999819546379104,0.027447720860724903,-0.13897498403318836,-0.09115894581087702,-0.14227791663165384,-0.18110307555508084,0.278854578987403,-0.0025514338290563822,0.08185160329258281,0.08351131923175893,-0.07616228700475404,0.16443090299697424,-0.24777278503208996,-0.03492846545425352,0.11137708379204378,0.020029262541252847,0.2452303960272398,-0.049497003731198405,-0.3358542649620783,-0.20718724203964167,0.25855757075735325,0.3010768199315916,0.2600482744399985,0.06380068137471687,0.2672790475890195,0.11518305404007059,0.023601936560537308,0.03723555951041176,-0.08569457531038392,-0.1231879788080879,-0.16129232486655276,-0.14830419779301346,-0.1533232230441935,0.15896178888705725,0.007828379693330719,0.041810834118578666,0.119403565945758,-0.3938071861545462,-0.5023720831860973,-0.01127330781608459,0.23727481324675576,0.12433254989144214,0.08937275531902297,0.19510267442572998,-0.04619872957557411,0.07684138215958922,-0.03340960286886081,-0.13167524524608756,-0.027113747492457877,-0.0969150313962053,0.04209004497415925,0.09975339199148184,-0.07962993073127615,-0.12140278590358433,-0.130216261346884,-0.11065844324560363,0.003543382966619942,-0.018682413734867502,0.31218529944760154,0.13625893437917438,0.10235278246056115,-0.02961469715107804,0.0379239450158901,-0.022523798975231223,0.1717132119269847,0.06117775513382375,0.1806864666579631,-0.19416309931945933,-0.07757382397268675,0.04204638780417772,0.1774415461174266,0.12389704404851345,-0.20993404647340314,0.16034629170345743,0.321802574665697,0.3143277429633992,-0.10772191443844664,0.11200611793620782,0.050064630848716006,0.01239320215545753,-0.17463840148660326,-0.19493977227996084,-0.47800445454450013,2.3100113266307654,2.2140505765527805,0.18441016267577845,0.1662210470757148,-0.061762029700844455,-0.8849733981593058,1.3114638961366685,1.9563657256187315,1.9375860723132887,0.828840753966519,1.351850254120402,1.1835934764757754,-0.8550498308149036,1.9851764950343092,0.2623005036064871,-0.8975898996926306,-0.7886078551831891,-0.9950229868660508,-0.8049384015929255,-1.4855969080401077,0.6251288177750373,-1.4405760806246541,-1.2750806694637489,-0.49906402755972085,0.2649616280270177,-0.717724797477875,0.0941968938841305,0.10090517631999775,-0.020888014324646948,-0.27320463351591123,-0.279350637191952,-1.3701046616211208,0.3371372600460515,-2.092872272186995,-1.2672435443700585,-0.6171009822441343,0.10255546290092596,-0.7515909424407565,1.5124046941319336,0.7426622668822961,0.28702730562439577,-1.5131136918530208,1.1924232109088237,-0.32906022508353244,-0.4451466257771541,-1.0820404474648784,0.7160123783919439,0.47099867041557003,-1.3932057514647203,0.6762151806635724,0.5044056300153261,-1.5771072512761315,0.46234530746773134,-0.432085932895673,-0.5264574240932793,-0.46524930162869077,-0.8347671365046505,0.607037856565943,-0.7994870805961637,-1.2415196280150795,2.474303096444177,0.6943322040221085,0.8792612520625684,-2.016518399117624,-1.676499910135304,-0.6665770128181293,0.3123874452063542,-1.5173440701384195,-1.4744247691769112,-0.8088359406747635,0.9031406391594636,-0.7819175385613805,-0.5013422910927117,-0.06731174317252815,0.6882742975072598,0.3369319962488272,0.5739958291078748,0.11428342965775509,0.09285656146664222,-0.29684093155830915,-0.3887085060226102,0.7337362180397242,0.14677341953873707,-0.7727109950182104,1.1247156123557422,-0.3612433549127769,0.6260908013724286,-0.2796747640763935,-0.6040700908488115,0.46112767025778006,-1.0749114944519003,-1.1054900229997955,0.037580302437588135,-0.2809581469392091,0.7996211086123947,-0.5869972689275857,-1.3627373097486628,-1.023994753328047,0,محمد
-0.301977975039887,-0.10499173179076868,-0.18135333756668431,-0.11716010868651554,-0.22564356677641842,-0.22813674474663814,-0.18745323519142215,-0.19641563719450894,-0.10450465101751863,-0.018112614778015266,0.012818783308676836,0.24393392854704368,-0.007771410821377613,0.6326613087357569,0.007056631625757393,-0.0770777112259618,-0.20162827896641922,-0.4070902349484651,-0.014429237614905124,-0.4461208690741207,-0.14223360359162854,-0.1507273600822779,-9.521217913900995e-05,0.08336504581644633,-0.09309378819993659,-0.16254881383082997,-0.16166768660784847,-0.17230080287485772,0.2859892264856551,-0.0070491732754579435,0.16645849118784342,0.0787953339390365,-0.061721027848085024,0.13132898215178404,-0.21932329249530327,-0.08246782602682193,0.06462830540324636,0.049079784690659475,0.18639281646212189,-0.04335407296335524,-0.26910253811371826,-0.26883738108805383,0.13407357874099754,0.3626320399200416,0.2553105554500348,0.1381805639497238,0.3123263982219232,0.07088418041278764,0.005714116583051021,-0.029131252934901104,-0.08511363384722506,-0.11653473262248853,-0.17605500041656433,-0.1796403061946762,-0.20069850365846217,0.07526557061172913,-0.03698377411086415,0.12863589134387632,-0.0061700536233107745,-0.4146988607753569,-0.7124055826131008,0.056697366752990676,0.14784598904654142,0.11331168658678055,0.03962030018942553,0.18241486875959012,-0.010769983669963628,0.06309905683458124,0.05364574960231809,-0.12859546032290817,-0.022969007447958656,-0.17839895551608662,-0.014913560907604092,0.032604103307376224,-0.06732759105560966,-0.14297364565923565,-0.1513985451755749,-0.04387301426076096,-0.12368078710487801,-0.07225089123407259,0.28515797787999925,0.11796361233756188,0.11774329641893846,-0.041911090883507904,0.13684377769595044,-0.1055801080755957,0.19653798445077258,0.06239587486127678,0.10985853744471691,-0.14352808902020064,-0.06515045924334742,0.03068235549523936,0.06731177405349865,0.2247254064084063,-0.16132160872801188,0.09875496875375853,0.34691173425047156,0.2993903174562291,-0.08643964491372239,0.0843128980345352,-0.013662106638476333,0.10727999306458876,-0.15238194337151872,-0.22732376964788978,-0.48336013990995635,2.386449127274885,1.9618228600932464,-0.3048747946771127,-0.11540860229954494,-0.24824690936047059,-0.716537803724617,1.3133660064791333,1.7118029216515749,1.807370815579008,0.45803693718646665,1.470602341049528,0.08287955668976507,-0.9860308685116528,1.9771503454329526,-0.5285617695333126,-0.5466471782651084,-1.3147176435576253,-1.3885060681686954,-0.9687543957470987,-1.4411149433182944,0.24913818216790584,-1.380663686903314,-1.5856491510320785,-0.4176522722260056,-0.009584241062840908,-0.2913808490027747,0.2360428363261347,-0.3162301095819064,-0.586310396887193,-0.18525649833009855,-0.39867036131039874,-1.3388007229930494,1.1230095649318623,-2.2355855534586566,-1.524516656252709,-0.591080744620118,0.09666712048661906,-1.212236674441877,1.4573999301271852,-0.6305332594054862,-0.28320990862601275,-1.6411431167310895,2.201430793435688,-0.8712193548309245,0.592957624200768,-1.1208490475152464,0.3621780056821491,-1.1081907347449584,-0.9236084172975848,0.45063333363831354,0.3042761333363298,-0.7173486648647444,-0.4961266350452181,-0.46693164803907206,0.4372447035130568,-1.572724027170617,-0.49560406035609306,0.45914283225405267,2.3384763932712893,-1.7248856690924241,1.7968576346257452,0.7742463748583706,-1.475924341542088,-1.8861817527659588,-1.1252444158915846,-0.8909940760262899,1.1858547862026323,-1.9326735385940101,-0.872034340894429,-0.9131255466396543,1.1279888393590152,-1.2880467635078947,-0.39885582549574833,0.25397968107253205,0.7907949246846352,-1.0873643412154708,0.8960213286782384,0.20369508833598884,0.8724770591673413,-0.07235172116234496,-0.2739206019634367,1.4072148709223893,0.06330240355401003,0.615037023980595,0.8260972671050127,-0.6684861164233052,0.217402045247965,-0.4843644423887289,-1.1144748870772756,0.8398445903389136,-0.7586530009194914,-0.7576522521586595,0.3396419837493143,-0.2771279010610508,2.794937689795484,-1.078361719497318,-1.2682814774724636,-1.0240057305119463,0,محمد
-0.30108632375284433,-0.08401375791222772,-0.22439724832740876,-0.006282039987362989,-0.22872582361235647,-0.2686829313223332,-0.20095653049295523,-0.22806760696233677,-0.13318240069803408,0.01773425707513921,0.025104941862745162,0.3021145410233788,-0.059137050389445084,0.6359258467675702,0.0339356080405107,-0.10725748484000196,-0.16399384319668278,-0.4203551220119676,-0.03260296167790039,-0.45463012381192874,-0.23166909684876,-0.14762297147077866,-0.018002316217879576,0.037294317625515105,0.008990115473692259,-0.1374475480318467,-0.15777325463959965,-0.21253433981822056,0.36280503591858654,-0.022817591016893214,0.15474304589991242,0.01636265098016183,-0.09010396187493996,0.16019767722969122,-0.15627206367390253,-0.14109515236831885,0.050249108412951625,-0.04661924688893862,0.20134470077448785,0.019961067335447762,-0.15921962217336622,-0.2327562877741367,0.1746165933621198,0.4475737821686917,0.2680188661101639,0.25019871826241086,0.27811145134456694,0.09540102009958579,0.07384189075457238,-0.08070003591123391,-0.09919494463640732,0.0034082713075055298,-0.034935722810333567,-0.12307684617338056,-0.10938220501263433,0.21300949406960956,-0.07679442211937727,0.1419236012927849,-0.013740074576411607,-0.3766617546504013,-0.6500435969853237,0.06409472209471193,0.16411746715708753,0.2042822679601939,0.13118691889466774,0.21600134746445393,-0.02651567104511416,0.04199757683367878,-0.0008259062826406509,-0.05366574463570119,-0.03825640886390057,-0.15383375678056502,-0.05660451666012831,0.05439548726879443,-0.03565849282031451,-0.07500290910602225,-0.07710443662857763,-0.04389883430521841,-0.02306767389668035,0.034885912290761406,0.30172521442825123,0.08444314552260748,0.00420880821940969,-0.07120451654697295,0.09451582012221472,-0.09346252091997517,0.1459536505051353,0.01924274624957563,0.1427365884096193,-0.20297180589453026,-0.056018622109467134,0.12384183056453024,-0.06319482636488871,0.251435373494215,-0.14267995146747062,0.07151211286587797,0.39477676248979304,0.2448229842754463,-0.08688195436683903,0.09624714101695142,0.0054778015483943725,0.013404052865862874,-0.12578171185291834,-0.2958871819298587,-0.3740432358086356,0.9869636849470066,2.3806787037924653,-0.4820100373751094,-0.19121958736314737,-0.8847382724937871,-1.313356516578495,-0.32462060621567496,0.8177549224328514,0.683853958459529,-0.35469911448935776,1.1601272017191788,-0.5843360665293463,-1.157818427996959,1.0925103058561885,-0.06298288976981153,-0.7208357189907469,-0.9271866238122289,-0.7868032171675434,-0.5579634602397403,-1.296534406536647,0.6977137967532064,-0.9945058780551707,-1.6232294416454078,-0.0858865960038666,-0.10705861961327241,-0.3324744957032557,-0.02786511529066368,-0.376906283865414,-0.41314051739364777,-1.3439299742729218,0.08267723538497702,-0.8621547340176748,0.8349966722266166,-1.1755645849307348,-0.6583693159398616,-0.7102010159679466,1.083238800304691,-0.8662862847342496,0.7282234586435798,-0.04255246752734211,0.9355484185520386,-1.2037018651019151,1.4987691150080011,-0.07981420869667591,-0.2505993109277745,-0.9474577276548556,0.5427006550545053,-1.0880817667914873,-0.2475638723472399,0.32932295190638106,-0.4353207293750483,-1.5395211565529954,0.5656841240116974,-0.5177575583901955,-0.2202121331082784,-1.722953504314193,-0.16801889761305291,0.7586463225057775,-0.16091543942059802,-1.1655136744392733,1.7662698217776418,0.45821691779421253,-1.114686058453655,-1.4068038794892501,-0.8396511406980086,-1.37395910303315,0.6269814292421997,-0.9169186764316284,0.03618990668588007,-1.502864407577034,0.9027322910600184,-0.7909999813771201,-1.2275745590488865,0.1801237857625381,0.4278717869174263,-0.7119491168725025,0.4579306685047655,1.6291097505939105,0.16162372802279035,-0.47289732425688813,-0.06625915912138901,0.8110618365791993,0.0919798989940179,-0.9489345217482463,0.8629045560705217,-0.4749385620441254,1.0006554985293052,-0.33489370516248956,-1.5128992201348674,0.3949848713089742,-0.9364529262521417,-1.016313804953681,0.2939141405287885,0.9502035080016619,1.4627268885515055,-0.41256949333119847,-1.063995571997526,-0.9501233380125335,0,محمد
-0.32575421278801703,-0.09400690393977543,-0.28907468149417626,0.036969697039473365,-0.23636276436256873,-0.30173340870760545,-0.03725777122916596,-0.12034022333838633,-0.04355025954497333,0.0055026459922578805,0.04529523779914324,0.12634856569006034,-0.2175244450167357,0.5289624240703559,-0.016932263059047478,-0.16017080844638024,-0.18631035072081983,-0.4217235465829513,-0.03565015495730161,-0.42425452216289283,-0.23920273896981054,-0.1505664119102504,-0.018746594272801217,0.04876026207182792,-0.02792374586484749,-0.16907422933339444,-0.1466664215870757,-0.07346105571588432,0.35267763511505223,0.0680514590022795,0.14433528451382283,-0.057921336756117575,-0.1238487453153272,0.10560459023506992,-0.127874387353863,-0.10709389959277181,0.0986249046490466,-0.04689306037654459,0.15291963462401018,0.029121984231473646,-0.23100646853552473,-0.17325761614258411,0.1334104383782316,0.4153715786397265,0.22113589345480195,0.25449598910321897,0.2558544328529287,0.17375208004065382,0.09018918839183286,-0.07506358073898618,-0.11298427574749854,-0.07475018574536701,-0.06660151226720508,-0.11773070975983657,-0.0630756635012651,0.09855335845958231,-0.06904041926757878,0.08063157490119224,0.056867858402501754,-0.4573467069287288,-0.6859863519281308,0.042541770075611295,0.0757459658205366,0.21993697847275806,0.12862970321986256,0.22115481944871812,0.13393078020467972,0.07360258871568473,0.03362364050938554,-0.06471364896673866,-0.12571741147350474,-0.25180358013504256,-0.16492636345279663,-0.022531751634330344,-0.006311186677399409,-0.026218672022807143,-0.04994802659610651,-0.07282059317209734,-0.07326384095929059,0.0004266202748196635,0.2440977138932693,0.17771396336241896,0.030811503356691274,-0.15501974010882247,0.07029027089433135,-0.14254563573331433,0.11962082166314109,0.026989354838983612,0.14017731387132845,-0.15721727050495332,-0.05317077586043628,0.051567142936103906,-0.0638567736860614,0.2768345504492812,-0.1521121286094777,0.049702335093477566,0.4427845487947395,0.2116008606475738,-0.052917919185579664,-0.0018612415390334936,0.010234406308423092,0.05200479202635937,-0.16076615155466692,-0.22086402879777614,-0.3392921577509399,1.1650446986826544,1.5944441129963136,-0.2680719082146749,-0.5908404104194085,-0.5133441936785613,-0.6523367919048155,-0.4842782193886225,1.000030800556558,0.5577058234271837,0.606487163600064,0.694002464791553,-0.5869185996374753,-1.3350258182476127,1.3435147377794454,-0.12107831285347143,-0.637326457147603,-1.4510566871718837,0.5625563757650934,0.15975992652888604,-1.6283996891911667,0.21243548613658533,-0.8475726922189,-1.257469890525785,-0.17772536513485268,-0.4473298567345119,0.2850080298524789,-0.5858305156898044,-0.05383493240299634,-0.308193549098315,-1.4323872970392835,-0.500909275930043,-0.2973671505858513,1.2128558847626687,-0.9221690605904516,-0.037273602820329835,-1.319313883612567,-0.1193935976586805,-0.934756378677088,-0.3626217924371832,-1.4117824158668872,-0.20891275308905255,-0.7746541571446081,0.40352113007436113,-0.5779727936845117,-0.834482471063825,-0.9716450646489199,0.45021898467909394,-0.023291720809204854,-1.1487279880992418,-0.08180007609974149,-0.1126916137279756,-0.828447423676424,0.11650565910104445,-0.9650642852925554,-0.4827986251550391,-2.176425079688225,0.11437745612324478,0.7952901863100836,-0.5607628549371303,-1.312252109694495,1.659069337934418,0.7209502639797806,-1.7341596272062312,-1.586692988703773,-1.1446366315988068,-1.6946248111773725,0.03482038991443467,-1.1298566469961435,-0.9232392436731085,-1.0156791127607654,0.37735563022038204,-1.4028061293577714,-1.6399874193171573,0.39835542678923386,-0.17326145129408208,-1.3648502730259424,0.5378828423850187,1.2530544021709609,-0.4440580891773229,-0.9949450887528365,0.1284306246579743,0.7432094692540084,0.06551455555544522,-0.11594273385760281,0.376276424935087,-0.43126938441369245,-0.4594760777324497,-0.5097164054957144,-1.1392506044610373,0.45787731830724265,-1.155685914042675,-0.9161539027821397,-0.5089216907972824,0.5081181294597119,0.6903950257247322,-1.0879697426832635,-1.1975891131877723,-0.7460619486170544,0,محمد
-0.1110134342841861,0.19608052074396298,-0.06266377444918697,0.2280953339920519,0.1305704226851596,-0.4076339813662152,0.12021572207241756,0.08676663670866003,0.16111852877949046,0.16136030644340948,0.09521972384968981,0.24262369717552834,-0.10222458354646134,0.7496675879890154,0.06030415582271828,-0.09840192377399058,-0.06400939351637881,-0.22053428399148675,-0.06286266598515954,-0.2936451826420517,-0.08062225653766039,-0.026683375447203075,0.03809778349419324,0.1440138940156786,0.025468938846564718,-0.011543511510299028,0.06648732811347081,-0.04597390808833032,0.36915439002843253,0.1564679577449659,0.07803866861005335,-0.012474640067697508,-0.058373675385013285,0.021851697977884537,0.06234870927285118,0.02041874624769102,0.06650838341761756,0.1275914612290733,0.2503234057735139,0.00920023480707169,-0.21541377758962707,-0.11960412483414842,0.12249457959718617,0.4387861347844514,0.13258827664068953,0.18885299308547274,0.2272916072262654,0.10661871289721585,0.13846788999777726,0.05350470596832418,0.050614954751473845,-0.14821743040505142,-0.0510962377692679,0.09702453041754622,0.009651775094886269,0.2455677635872111,-0.08851556513631971,0.0834911229427356,0.24142781431343324,-0.17592653076130574,-0.3337404164694644,-0.0765068015325189,-0.05028350501935755,0.04558638558050924,0.04341815701203379,0.21530048743683308,0.09057087712900835,0.07049022814543791,-0.09713035617155338,-0.09465466413706453,0.07336714857878071,-0.251079325548095,-0.17449464000389933,-0.12055659016584447,-0.10708938158559742,0.09395643887860106,0.14131587927204428,0.042709036894747476,0.052905593238038416,0.09826285679278197,0.25004466097054595,0.10652304003625108,0.14927047851214728,0.021958073778797625,0.05438672821726124,-0.017872230390578368,0.16753451240136955,0.07558404970579595,0.3039194072819811,0.1532275671920067,0.05155803210193019,0.09918105629430198,-0.11431212519499484,0.43887987000023915,0.06297286843750217,-0.057377070116413964,0.27699959730366774,0.26372424590933885,0.02538425869378889,-0.07082695637842806,0.07653884891818473,0.22615578856787458,-0.15779361884248655,-0.02713331236016599,-0.13566728007537307,0.25882069041478795,1.3435205292284773,1.316699183387599,-0.9921992124869422,-0.9673621610443587,-0.9823292863753067,-0.582379611052416,0.287348190578811,0.18875695135652212,0.29904672163605023,0.30758028617918776,-0.5010726846577506,-1.149914296415707,0.6599641608603833,-0.07496740525062973,-0.7750506121630109,-0.6178374629209196,-0.4697221574459494,-0.3115262031913659,-1.6187151918972007,0.23711357904879563,-0.48255122858730515,-1.3821186585678424,-0.022656965239334696,-1.0591118748534663,-0.2417773258591585,-1.1878474309537326,-0.5003119930850395,-0.3394610250542306,-1.7797628684304887,-0.21973082819861056,0.01104313313745615,0.5371473666346486,-0.8610808854504638,-0.08487041419933399,-1.3868002831436212,0.4457709004139813,-0.12696489739298503,0.04727531610840662,-1.3822375815165064,-0.32667749500029547,-0.9327847379865055,0.1695926271421573,0.5322781703099071,0.06622516470031624,-0.9398102951982424,0.8742313727470183,-1.3588423039494564,-1.3219503505826389,0.22358651276868094,0.3660360859055316,-0.5495839616316813,-0.18528827085586058,-1.0124791997428682,-0.7348769183120978,-0.9878329095036128,0.47504483921903823,0.7636816264323313,-1.2820049485353324,-0.43495496568758346,1.1599033361858286,1.272120535072862,0.24196879074482058,-1.662882518288951,-0.6130056998829755,-1.7691367905856799,-0.7344547524259891,0.5416878212483588,-0.6191070610981341,-1.2353734535119207,-0.2878091910763938,-0.4089894930253638,-0.9706974298122655,0.20985841580721173,-0.8070892197710161,-1.3611757491062302,1.0424481023211791,1.2256881675222124,-0.5550735246985192,0.08739353095823904,0.5923848728172327,0.7285354832159998,-0.4490403016290022,-0.6300679551677392,0.0719993744929817,-0.6923000033922025,-0.8435768275125582,-0.15791269205671726,-1.6715236930661146,0.24823468025903758,-0.810429554512367,-0.6549677341230998,-0.35432298402056955,0.7184715054376906,0.6206484495623247,0.08442250249391182,-0.8121156705904234,-0.8187801446632662,0,محمد
0.0447983753345623,0.31004338144013927,-0.02330774415068892,0.3086333486361474,0.2535868513654837,-0.38840426574267817,0.15363210742402303,0.16470728456576242,0.2601376657836837,0.2481799175560529,0.18620916667391285,0.323223627104422,0.039103830005140706,0.9694717724016668,0.14879726021474673,-0.031076704470672258,0.013334821051035062,-0.1813675937892681,-0.11768352794513483,-0.22448479098727273,0.02463348046587879,0.013701139699640924,0.06613723241421043,0.3223989681788335,0.1654163484396713,0.139689179857549,0.22303981417143326,-0.03662759109842954,0.42741149645050924,0.11868543069456086,0.12211676283898155,-0.008449687187592357,-0.0736369142686049,0.011078176944348952,0.14867720201783058,0.06319161197019978,0.12992801473669086,0.24716913114442718,0.2926588934476233,0.05171014097997742,-0.24004616846099366,-0.026695392242372,0.06569833488375938,0.38229780154861237,0.27219158233647567,0.2781921893675178,0.04692919236362838,0.0624330678290606,0.20182055156412773,0.10061630193929745,0.1512781900562581,-0.2746810874508118,-0.025120226846322414,0.171191184448841,0.005489914870549031,0.19625421965387474,0.032253496905567766,0.08608334801612173,0.3667911483125421,0.017777092753465656,-0.1763732471017843,-0.1309633436217414,-0.07148687297700634,0.011952228060726206,0.0925560793921766,0.2019355618699426,0.1783878142706075,0.08062820582084654,-0.27991722403025543,-0.10634674175931748,0.10858864414976431,-0.18022925996694567,-0.15018712009937618,-0.10840854057614338,-0.12076479731985901,0.128684435995429,0.2203816293982706,0.04727756961771622,0.05894119566694204,0.11515320280928809,0.24793194441724123,0.08803358002674308,0.2166856575384189,0.10779334579772797,0.09465168611908602,0.021258881615981405,0.2163801892307288,0.07784153088306621,0.42537650557656714,0.26780506520729225,0.11889340476863065,0.09635325920952532,-0.09259696219509851,0.3846212081348544,0.1594781737318537,0.043062319279655314,0.21927589233071829,0.2869639384109131,0.16045797661316172,-0.06903543994108062,0.009995725483282841,0.2174602941283975,-0.18189781606335878,0.12848047687068465,0.05843358017979162,1.2273304112897976,-0.6002931128801289,0.48363794239372354,-0.9011813073056069,-0.5758332949053374,0.7032288419947132,-0.31640779717543677,0.6064098168914118,0.33917371822415665,0.4636247766291364,0.18129916769182283,-0.7355844550606286,-1.120915480122564,1.6127879505833318,0.25198532371857896,-1.3666451651658278,0.2122066533436125,0.730645527360795,0.16101296933224507,-0.8794375345968414,-0.31479582964368524,0.39049418811665587,-0.6209528579532748,0.33495059281003314,-1.1574114474313126,0.32460011347484513,-1.7204241451856515,0.48045987594934175,0.083721435350684,-1.5824746915502947,-0.723890851147287,0.41788296678826614,1.051678001641019,-0.6965389767100887,0.23974540604514696,-1.5113833052654375,-0.06936609237971858,-0.022948655155567717,-0.8037588603870884,-2.1344650790908557,0.025813651820749427,-0.8025377100829584,-0.10190834296109581,-0.008118443282140696,0.21734601960609018,-0.6741698558862296,-0.057612365392193284,-1.2424884240044665,-0.9463191474266441,0.3596655080143895,-0.21890039382916637,-1.346581052598581,0.6654574421916267,-0.9547644057554002,-0.9759050092157014,-1.7604825710216487,0.35135654790462323,1.2771427558012787,-1.2335129747685485,-1.063444502736044,-0.015934148229962933,2.2634919835238265,1.2272539561095779,-1.3942103555302683,-0.7400768090808268,-1.4002810803737518,-0.7931853285633109,-0.3934464231185108,-0.8757537165375224,-0.23368056407818819,-0.4753373174699099,-1.0007824759351123,-0.9806344954220507,1.0617551166460546,-0.8530222321675719,-1.210839100942498,2.1847967792487695,0.8665346010686442,-0.5573860848220816,-0.7267442423457224,0.4590970943794356,1.082510669345012,-0.3227786132075692,0.17753141480301496,-0.39051751494160336,0.3958548365978277,-1.222865000295845,1.758116091193705,-1.7237519635226646,-0.38083196047965867,-1.0767827407861201,-1.625398658537813,-1.2122447240466285,1.370873191688212,0.8299063379933259,-0.2848653472430497,-0.9561309692221536,-1.0106007114240505,0,محمد
-0.0013995647318012208,0.3544349943384979,0.08227661874203081,0.25705225753015915,0.2667832085472341,-0.41238505678520376,0.1949347019546866,0.14542305218873722,0.24279972247767095,0.2545068767450358,0.1172476148376172,0.3251380488853752,-0.04351667571109948,0.9674070091487841,-0.09484574783327017,0.014564569661563649,0.2105471928092695,-0.21229571013557258,-0.011686695859893131,-0.2078787202062695,0.14479398465488588,0.007578126099516825,0.041402814553634336,0.30391418850904944,0.1133441863987996,0.13789057296556104,0.398620090059619,-0.016433483418682338,0.5316053979617102,0.05958002389289447,0.07064284106776648,-0.10316183034675272,-0.10366891119728296,-0.04275594709354051,0.09069839662196827,0.17536093390537447,0.12103977578902363,0.2751721317144472,0.16108848799547237,0.059606237239442604,-0.24721874721557868,-0.0058169414305496376,0.047063619880289995,0.3743560572924508,0.2041997114868074,0.22216213574105512,-0.0343194890181667,0.023407259222501895,0.11593804131023126,-0.00540989920019575,0.13673887557698866,-0.26974986151734814,0.07423668733282268,0.12208049168480072,0.03921845828912157,0.21282625535607008,0.028874135850396505,0.023837273292265048,0.3741966758789912,0.028523243136644946,-0.1625939276450801,-0.04607252173028373,-0.10747769561196975,-0.0827758536320737,0.09412705542951756,0.1382352070941148,0.18812271723484472,-0.053254744389151086,-0.40573270733350436,-0.29201676263514575,0.07802388927872737,-0.11271287061388234,-0.18408401414693987,-0.03456962756999954,-0.05036484356576063,0.2609618526215889,0.2534994933167209,0.10216284657996044,0.0009196917912344581,0.15517495590207733,0.25878361981606113,0.09685331896270072,0.19563093868982984,0.07396785137824352,0.14940544472177095,-0.016025129260612666,0.24992390959849176,0.03969061441711386,0.3932180476378416,0.2950457396980889,0.09033180604364184,0.10022251374141757,-0.1250294872672007,0.4345391667392977,0.18366097921217858,-0.027873242193224602,0.14076995393941127,0.2334674622272848,0.17208644661546138,-0.039433104902554264,-0.031443348315746376,0.145052180577173,-0.14976857655506956,0.1527070160494426,-0.016910208265589432,0.6808715620865995,-0.1322005671555816,0.5619458145743556,-1.09233697938902,-1.037592737192739,2.8945967735803966,-0.2831552553900105,-0.4557960798363202,-0.6477728318962153,-0.7354618259310757,-0.935713593191678,0.020918077018312352,-0.6727528202964556,1.7781533608529758,-0.46983067823569086,-0.9039871443962949,0.3213416115788848,-0.09507011346031773,-0.429644579269244,-1.3653731993893532,-0.5967417384361346,0.2813498682773129,-1.4492190786195331,0.0068795225347285365,-0.6677978839891527,0.6663894980744294,-1.3558542250574908,-0.6872165852333458,-0.22969080525382643,-2.2525090115718824,-0.2739147885992958,0.14167931112397134,0.33255947582032364,0.3433663224460339,-0.0994266400004457,-1.2003163674958186,0.8646768819693846,0.7044486470472513,-0.6222329856236795,-2.137477270205166,0.5422585243278714,-0.8179558556923437,0.18633320236106032,1.025252986439074,0.2766084068107943,-0.7523365754069536,-1.002999771736483,-0.7459186175507875,-0.7462704354849613,0.5553038997343951,0.2561070341477827,-1.2058492119870943,2.595902272014786,-0.6240380689255896,-0.7387487692678291,-0.3234615565962116,0.7606696095198408,1.3777434208645847,-1.459852651498577,-1.1216550318946636,1.4567087989054588,2.196299425493225,0.8068958049229735,-1.1636708808838256,0.16714715300174557,-1.1452892345422407,-1.1233543201530451,-0.6286585004513614,0.07644893486950023,-1.2397319498269281,-0.21591124790057506,-1.213262885877925,0.5142468163953804,0.6870215767526926,-0.8729889752357493,-0.7102404532291257,2.1110049200445866,0.6734653694483859,-0.1750030260685017,-0.15389509537041932,0.4092091134839333,1.263263325243022,-0.4646002462324105,-0.7143667604105152,-1.2413513081981917,0.5050023740594523,-0.5587426361160053,1.3243148416903163,-0.37187964524500045,-0.7113990312212586,-0.9415878415621582,-1.5477049160139968,-1.4019232756607052,1.3079528835632475,1.1756298640385048,0.4587322348808791,-1.0623848618060665,-1.1092487220197071,0,محمد
0.016587220874793227,0.43122787818271974,0.04753097112547465,0.28207209838996583,0.2990114448317882,-0.40759881764746625,0.05507967999432788,0.1001075089969167,0.31450718537106687,0.2768860771367573,0.13684800999127578,0.19792302183788066,0.02674524385346855,0.8740361428618799,-0.10677979454365787,0.07026116708199638,0.07987058018492926,-0.15690734692042102,-0.059330254668727815,-0.13860149952903958,0.07042869615086464,0.07263038231577834,0.023952365364243357,0.14947477026379044,0.14230329100385955,0.15442016837359063,0.38113685872843206,0.09358920410548943,0.546890819018033,0.0987523902220778,0.06279889489693602,-0.03216383367062079,-0.08478060277620207,-0.14308816023526016,0.19484078473212532,0.2365811391468423,0.12263635834955919,0.019065975725707618,0.10704016511650441,0.07121511803509094,-0.22625869239140137,0.029094836777367194,-0.01302967033455913,0.47261511055666783,0.16491518296300434,0.23203850893454808,0.051991713774775704,0.03121799061210189,0.09058243307316083,-0.04977910589349764,0.10744289710741804,-0.2881998050412447,0.15930758899060396,0.1184090832089947,0.017169131157781924,0.1797332188488308,0.008671694512222916,0.032901170570806236,0.28983034238821587,0.019139618190117554,-0.1730662183961167,0.020081857302807996,-0.09930319850672353,-0.18820204295638263,0.07271434507865786,0.12521124526608174,0.28453551823122547,-0.0925361639944052,-0.3599111650577234,-0.34203470630346966,0.1429425911149434,-0.10653335525368776,-0.13334048875776608,-0.05833249717139658,-0.08596429919842095,0.26124942445599014,0.27272250065614045,0.08366385050891766,-0.02617186226720864,0.15456367861705203,0.2268533328380447,0.11848050115517704,0.160505090372334,0.14949777184749677,0.16471671616689332,-0.05434413471339963,0.19768003325394734,0.0863010803030216,0.25338413805763116,0.3424157498606268,0.06134625014713284,0.03233180916452333,-0.15391588987748775,0.3562680119167992,0.2702746795190886,0.027860787927654136,0.09578497310870852,0.24561803088130948,0.2701031150833151,-0.039146475391473694,0.04235874828809312,0.19603549676447926,-0.06094555974945704,0.27878265511086153,-0.09232460458037911,-0.17845792395757995,-0.5608053474927538,0.18696019292027302,-0.7577726316149329,-1.0882569210033797,2.25996452038704,-0.904480607588704,-0.5506551986445382,-0.7270713301798758,-0.5206696136149221,-0.8199631116853346,-0.3369982022886178,-0.4778648066654057,1.2248338693221275,0.16492428086885905,-1.004926821682395,0.785764210624522,1.1797974078169775,0.16419548632829362,-0.8562859076928668,-0.2475484297793794,0.31396707638845106,-1.0508411044285015,0.14891782257223637,-0.6923493390786237,-0.2184475041505867,-1.4819393920793427,0.44429924820744865,0.10448684273232266,-1.9289621211619445,0.8234003248704076,1.0644197814312195,-0.6990904287730224,0.032844576308970606,-0.30615988306072417,-0.5368012492938601,2.3287277148219196,0.41106346881677225,-0.8314957037753724,-0.6613013093367129,-0.24075895274872636,-0.9511706548831226,-0.3827234971172305,0.611400339818587,-0.23192667002294426,-0.4322424315013376,-0.6359555241635437,-1.259757281112397,-0.8830704955580811,0.3480968552093919,-0.6178558819286422,0.39476950707931496,2.065338786568927,-0.3372134752268319,-0.0002655151611271295,-0.7361834755924535,0.6955895521147134,0.9257090747808173,-1.4540605099809725,-1.2898100796724832,1.1345057824387064,2.2799358069236493,0.7459463339149519,-0.5495668580161498,-0.24831535059123774,-0.8293823948971417,-1.2484197788908138,0.9859495242927374,-0.22807565770261412,-0.6456647292217701,-0.5849880262636864,0.006969636237701632,0.017261021948518068,0.8549356161715433,-1.3847029323009563,-0.24263757576999834,3.0584963184633143,0.7729523816917744,-1.1956229926946231,-0.6926540960391796,-0.23797528759006162,1.273076820163118,-0.763989170586341,-1.0986089752819848,-1.2686910935421658,1.7141656680178554,-0.9550385742407753,0.5905867081226578,-0.9929280171317751,-0.509359373758959,-0.507614428687159,-0.853852129621353,-0.24803819510855585,1.0994317479365578,0.06612408578390234,0.8465556006237144,-1.2773814120038978,-1.038299022186266,0,محمد
0.06563884348309769,0.4587726858426745,0.13077760195860874,0.17621291220406776,0.27081777330415374,-0.3829050916294969,0.08579305024468291,0.14970266993311762,0.32579968817209104,0.27307136717571445,0.061087122108683174,0.18694733317902948,0.13215061214817939,0.7578285926991712,-0.11196341029546678,-0.08338604086855197,0.16028502315532953,-0.13397630103072966,-0.15867192603056848,-0.18291037796217774,0.08197325118037736,0.08073769409544602,-0.038439625479773705,0.21667648558173003,0.08125977631199226,0.16149752692344682,0.46120231053405397,0.16734266206395615,0.518372008267916,0.14167539979086102,0.09820724106293473,-0.029845218056858445,-0.022762972384311235,-0.17786280108819513,0.09504904203647484,0.21270985844649068,0.11940024507068975,-0.03846049165490476,0.06052575967404527,0.09426588193394263,-0.19910450404909658,0.02932033210306416,0.0009157776428029644,0.36753706464265773,0.13954768914754803,0.25242587099096775,0.07745274883427661,0.10810280827713546,0.14342009267005587,-0.020645184851787,0.06824709506130588,-0.2672285693983071,0.28247525494530146,0.15865115601647148,0.08566246917360042,0.12605647017057825,0.01929791803085242,-0.004790565646540503,0.24443831862374352,0.03502863774340871,-0.18418811987678987,0.0036713773288337666,-0.06690063958765904,-0.24691453223081775,0.11749374734950697,0.12596552465665795,0.3177852648906748,-0.17912243506536374,-0.31968269730145116,-0.2999533057529371,0.13129758839349315,-0.26887304927881345,-0.171793113833201,-0.06249455487473281,-0.1256119923283865,0.17812463206400506,0.25126292689289464,0.07911066030402443,0.04767844679149706,0.18465130185955664,0.08034510089642764,0.1807890919154763,0.21791861152250372,0.06575088088199585,0.11620355142151517,-0.024169620920660745,0.22851572300487555,0.07375648021886286,0.2656896049629099,0.30810180341422344,0.09021516466032367,0.0533968768717938,-0.13148067252745843,0.39677019554382337,0.34896558108734915,0.02811920926649371,0.10732082523026266,0.23812637749626928,0.37302495245111955,0.028112293036795355,0.00022612614811249048,0.23953288181378188,-0.1445653416814395,0.2723423737075837,-0.04569098865518775,0.9241555498926426,0.04033742511006782,1.248289658710588,-0.6282485494148908,-1.027368928102625,2.94689637505882,-0.1715668372465536,-0.6285176982951274,-0.8854694005698688,-0.5141664558970054,-0.11758295852314363,0.20359455454412498,0.2982183697809667,1.9948291518824546,0.4066514932992475,-0.7015524834066611,0.9367854641464305,0.3273998534446835,-0.3811211626763857,-1.2854375716001756,-0.37731518703147576,0.5616894377394254,-1.2872474115458503,-0.6907113918699442,-0.39167807496891094,-0.5549273520776213,-1.2005798325793542,0.4019951316708197,0.15212651107428632,-0.6642767545755666,1.9392739784625905,0.9750031209347209,-0.706852828124147,0.048336626774940515,-0.7928141641124312,0.12084697203706742,1.6585121529470315,0.7794917319218777,-0.2658963682798494,0.1443894968634952,-0.6827754459261467,-1.0471780611926058,-0.2731949174782358,-0.05577530070047816,0.4177913684113038,-0.13085603059450732,-0.6169026865434671,-1.4984603907462408,-0.46616930036587134,0.28614843237654114,0.09773880119584423,0.9397151230337055,1.4962908603295264,-0.4194642931035544,-0.6115300531001641,-0.3807049533692571,0.7349097058347588,0.45855732313598685,-1.0988828223214695,-0.6223167323811627,1.2290684242826713,1.843694855395355,0.9438920365619108,-0.4642310184329692,-0.17761317159806853,-0.6686292524955655,-1.2783103608595272,0.9014802741188496,1.43543435121618,0.45870421581520476,-0.2961364493910594,-0.8113218740507431,1.492265341288688,1.071306460673046,-1.543107584990113,-0.48535690943353255,2.766226093879715,1.8102705774500227,-0.7831573278955543,-0.16067089765428916,-0.3607741471752525,2.0186811019240607,-0.2876477743862115,-0.8049201849796388,-0.9705443774947538,1.5957957944075722,-0.6734529255978886,1.1473123088317405,-0.1350491515516065,-0.24899746891568805,-0.48034148686116085,-1.2050151805572966,-0.5781873217770674,0.5256013888394724,-0.12366249838759852,0.30214983083252817,-0.8502981231129448,-0.4661709213274398,0,محمد
0.1285648394297859,0.42249461978952996,0.09890822883097818,0.13004401578456465,0.23483687545940785,-0.3697811747700064,-0.027127569342464318,0.2092563502138788,0.39083031896633813,0.2942555514783105,0.028987250698223454,0.16313927783269835,0.13191107813655198,0.7723074596538033,-0.052530875525705865,-0.0029227141442832397,0.14100758584843182,-0.10947491294713874,-0.17695452017591337,-0.1608300968402014,0.07873566306070268,0.0660010916507087,-0.0012131816087836392,0.21921426981334305,0.023460079689703484,0.24320295796069044,0.4026237238968666,0.1831469193475211,0.5269784251248898,0.24112775372777773,0.08413745584446926,-0.13330939751701498,0.002835706496704274,-0.20791209512432793,0.10603053501110524,0.23545194232259467,0.12210235548522752,-0.048672018176428064,-0.0057675333253339005,0.06292124658558974,-0.21186161285394056,0.06107155404084263,0.1303051685722887,0.3074611537028518,0.1177048928491484,0.194166628796764,0.1333257304160296,0.19429703282113053,0.11941119579237924,0.07543050687292496,0.026683694675819766,-0.3192624650306919,0.35628847924035967,0.16704665228599672,0.041341730537343684,0.1632175138985866,0.08478117856799602,0.0030513037937178913,0.36864313245503716,0.008249824173345063,-0.11084480635743053,-0.15141247208136097,-0.013595546197787307,-0.23144310012362035,0.07936621888662772,0.07944070966823452,0.20690099336623252,-0.13815808264772123,-0.3361551508039266,-0.16836810822725543,-0.036502845565005326,-0.25465403612347315,-0.14846678868622967,0.07340844997126213,0.0031985523128057075,0.12741777468152035,0.24250059356174652,0.1072151827689594,0.17137704597304235,0.20647311442150063,-0.02080549072599213,0.13418113839534423,0.21675134677395536,0.11387596986173106,0.08819482598383753,-0.008816555753991658,0.19997592799445466,-0.002267056941428962,0.3088404493655778,0.29461172101191996,0.12632955934140544,0.0732344812547674,0.026082207700307083,0.2698979511157153,0.30007649125302277,0.10824595555350436,0.1674724839014412,0.21848977468463204,0.28923903181953814,0.20254387664141665,-0.00741087783924008,0.07636278925649852,-0.20284672964358905,0.375760022301497,0.03972566989296376,-0.42907694719305056,-0.13775142456059342,-0.20782471372031547,-0.5251752972610678,-1.7997879690663539,2.041435441528416,-0.9900407562324185,-1.3996974840924972,-1.9472034301037302,-1.997085386689257,-0.34036567033098986,-0.9145270953786775,0.2017436234969631,0.22254229123670058,-0.7060619777872443,-0.9293015461313943,1.4347828412757662,-0.7836590169566627,-0.8823230204774077,-0.5141596478824281,-0.5452920973585258,0.04446664491741017,-1.4018794659674505,-0.9001020536296113,-0.5233454783370849,-0.7266930880981206,-1.0861096469606777,-0.2841581542910691,-0.10246663332551047,-0.05129509262250836,1.7477612650945633,0.7181238415591745,0.07365894452049976,-0.16920498667105288,-0.12136543044757797,-0.021114035883476857,3.283985284104307,0.3869838172976744,-0.459074281367137,0.8910094308403638,-0.6562459182990854,-1.3421533046359122,1.5700736354388547,-0.25821162155731187,-0.12700783221236212,-0.045992905806541,-0.042331262275897126,-0.868391450771445,-0.21686340324822256,0.19248686302610357,1.469460623993635,-0.016527724757036358,1.328494268541295,-0.3074683019022228,-0.5882675996227915,-0.22628983086911708,0.10769735677608043,0.6893097471608587,-0.37557383140552386,-1.1355346103091672,0.19162584268617086,1.4877803713921938,2.6610278897411503,-0.6847194309676162,-0.28540951932995273,-0.041992120306305426,0.1392307433186548,-0.27488594860331317,1.0456232248072228,0.6113611191747844,0.8802759263731668,-1.3903976343794455,2.8365099492322057,0.8365850570987559,0.5425215115393068,-0.8021103373843744,2.2274832082253355,2.073876968632457,0.7003623833579783,-0.7380026749916991,0.1120260290693517,1.5704104630231641,-0.5815259264959688,-0.7426890970009169,-1.1906737926114366,1.7178733236017285,0.0446896448718206,0.3870077797114037,0.2793356198350918,0.4994624068359988,-0.1971914164637223,-1.4270086337246901,-0.5349647359006927,-0.0856904874387007,2.007592551163126,0.2090892259726752,-0.623526397648016,-0.5511274274781433,0,محمد
0.08586703562390356,0.40441395868379615,0.10960631100184473,0.14423380264152347,0.3261303507442018,-0.3395153696303427,0.03155719762485285,0.2839611915486636,0.44022686922620674,0.3989365983082824,0.027974611020711013,0.0770171741507012,0.18161264506389593,0.7280136813707149,-0.059244192992413396,-0.00037756728362015106,0.21163339101108125,-0.05733223646634299,-0.1890109025214194,-0.12844880630929623,0.11941214458001155,0.11507803657785921,0.0020409598226119974,0.2152530435212215,-0.06891453329696576,0.25131668408934943,0.4348447160317374,0.214489787150735,0.5132929390897851,0.32964442248999115,0.14424053523749647,-0.18016361658482738,0.040379293463893476,-0.2645602204692529,0.18469022223028453,0.23699873900069443,0.1401636176668292,0.010347477965900761,-0.05266168328188007,-0.03564871271636897,-0.31337852424499274,0.031835447852920105,0.12047983895314508,0.24270663351746308,0.15934181246545367,0.05817481924625997,0.18929011962479467,0.24234084477312143,0.04398172235038194,0.18057040619654924,1.289956544879385e-05,-0.4207981018189157,0.16017118519371135,0.10541192855184754,-0.07106985503877129,0.013493404638222045,0.03623195828923144,0.03866427560355579,0.418768936655621,0.12095460668343078,-0.035828712192796694,-0.38783148422349534,-0.01753347098661454,-0.3320939102330389,-0.04952129874509837,0.03831901203427585,0.23096869102078998,-0.09037616610571443,-0.2306705018205139,-0.08399046273221993,-0.08102187163875905,-0.28326340224874996,-0.10494224183398125,0.11806578585411787,0.07328661106989855,0.11166586664525038,0.13300415893130277,0.0612217564516344,0.04615353554836663,0.06766642736261501,-0.050032408366415794,0.17463882315316612,0.3285055836193414,0.1650003662804214,0.02889664773381824,-0.07624352052479898,0.13957198083587755,-0.031875612425686206,0.23895877201208054,0.372936246712221,0.10681260199358604,0.050252480609950946,0.05553762435858555,0.27314209946441825,0.34461557891134975,0.10120916890499976,0.19565629820643932,0.21554322301646017,0.355057155952759,0.14929790820738478,-0.020711001732944028,0.1870042236859475,-0.34164408908451377,0.5362161851703067,-0.07898798360032355,0.47307393388148894,0.4143254653174402,-0.2675995049182359,-0.17791790511292824,-1.476866022246525,2.9475644630975797,-0.4720752361493843,-1.5723308063266976,-1.9905423286766801,-1.9268949191655753,0.3096456760078811,0.3743399915452515,0.5842751132119881,1.4022452189843173,0.4950092494671574,-0.5584797576934879,0.7127027304823167,-0.3118930584945381,-0.48823685695614144,-0.5241509497756676,-0.282296518150669,0.19787540739412438,-1.0258764324849674,-0.48919573594617594,-0.29932000276314114,0.3456532138821033,-1.0130787872699683,0.7152332353812497,0.9662083771403744,0.5352999786787901,2.1471382766866736,0.2340152515128746,0.1871496569212283,0.1358768110719348,0.9712809634293512,1.0359083154747524,3.2933383683989743,0.37700920509107866,-0.9694769959068518,1.0213631580149585,-0.8871791369493132,-1.2535469632520961,-0.639475607936665,-0.05889318751011393,-0.6909517709234354,-0.2970676402764574,-0.2556542038601334,-0.8428399047810569,-0.7902493146612143,0.33822545131930126,0.6031705224932064,0.9595290364544256,0.8325497738534519,-0.0658424463969533,-0.4200718141534191,-1.1986811857087996,-0.11611584837512406,0.17368818660717858,-2.1082327736601196,-1.314531592718559,0.45173805478286005,1.5125258610534,0.9257866594722844,-0.41058428765581284,-0.25957444049939316,0.2814095227546248,-1.2074702149280663,-0.46935199251144916,-0.1720998379793443,1.4992813499444524,-1.1997801807857678,-0.8744321543982544,1.893853779446465,0.5506668725370493,-1.9733041758833414,-0.11582468243985411,1.1853838789734659,0.671791266741414,-1.3989942161452593,-0.9317627774960072,0.1253851745354962,1.8201198460076469,-0.43765553010615205,-0.827242435710202,-0.8835854112700097,1.4227790590494445,-0.18965153794470574,0.06801617594153866,0.20996010087627945,0.16447360292626204,-0.5423660714609142,-1.2995980552648767,-0.8829404590550104,-1.3689657810688958,-0.35418519433726653,0.4949586807817167,-1.2523944001279188,-0.5904420287071958,0,محمد
-0.016007538604869122,0.3793964301571556,0.2169264792545767,0.1692933426244749,0.31376181615596166,-0.28810710414635543,-0.018632359238152336,0.2649295837765439,0.43592855944893066,0.4332137636121716,-0.022738520162688142,0.07960996016638065,0.3004188261059358,0.8166893612872603,-0.0074771008840877305,0.012264245289019324,0.1879610614999026,-0.003424832550774572,-0.21573705784971012,-0.133515945753466,0.055261493133900975,0.17954542540361942,-0.01663643645878815,0.20551144416563022,-0.019949831656178373,0.28238922631201613,0.41180844513221515,0.148701713393882,0.5403250633489863,0.28518834745036126,0.1509532107568098,-0.05555469918498373,0.009885177602556606,-0.18260043575102347,0.23897538157385506,0.21376081325297486,0.06902779193363329,-0.007625746382332495,-0.09890197820636881,-0.06523448851956147,-0.1683942890535884,-0.034046212694086905,0.0705955291406796,0.1994685584733099,0.0972983598492375,0.07071058840639087,0.17649285496395953,0.21963671207043167,0.08620154632054809,0.15127052353326315,-0.015590555090317848,-0.44926880715338363,0.21830748598448257,0.12573606106285354,-0.06501571802869796,-0.12154060607654514,0.11807891126516047,0.05308680472279032,0.4145878491391862,0.1506569169096996,0.04949323382402783,-0.41896141961235467,0.006143405799373674,-0.3963356252167502,-0.04265520527440288,0.08023018817275462,0.19088983877916998,-0.16200873127540757,-0.23521311160512276,-0.10673789479348023,-0.13952860678191267,-0.26831350238560087,-0.005324233401225409,0.06889763346991318,0.09252082995831414,0.11776945412191958,0.08584399057553387,0.15013323686796284,-0.042108460666649576,-0.041893764286786074,-0.014718454479000498,0.19731592988666166,0.3678066647328319,0.30906536068274776,0.14125040820878257,-0.043824497613134235,0.13851914131157275,0.012375900647392843,0.21419393084914004,0.3389348499941859,0.14356599285930965,0.01217727043174605,0.07480316437004972,0.23825089521698667,0.3450380763096229,0.0884892234189147,0.17743504402439197,0.28509839098423806,0.3927885964229275,0.20831763642262505,-0.06115345114684331,0.20605942660616294,-0.3291110274603517,0.4365714554590869,-0.1195216070412469,-0.36801688266339305,0.15922186264634178,0.21189363000937708,0.23945956417065842,-1.4758552705727743,1.8310295304591238,-0.9239476113870682,-1.594747891312913,-2.0944449079837733,-1.9432309939804224,0.0430939522007424,-0.3949964786797262,0.09588013237635194,0.17155616606821533,-0.6569157639003493,-0.415785520345891,0.49012718713916,-1.014092359477235,-1.1770788171591018,-0.31655392158135814,-0.7117636017089384,-0.08048024486166173,-0.05963594812442797,-1.1383127775525512,-0.537773786923637,-0.5326248505423116,-0.8400773201266515,0.10327353769106366,-0.5106343254884983,0.5885017609910054,2.073649073207362,-0.11743896100535246,-0.12879129334052403,-0.35428765100616716,0.3158480947500272,1.073440364928946,3.454416421152045,0.15538795443716985,-1.0696668954719004,1.5982945159367603,-1.1995605614148988,-1.6214561904812848,-1.2267336192755205,-0.05619215323680961,-0.5516841888584921,-0.13993764104504997,-0.8161334409114946,-0.3110215628492344,-0.5005089467179614,0.5292702521565058,-1.1893282800998863,1.1692472018889613,0.9180129448296211,0.7487876684669891,-0.7359969677237829,-1.0665423209703482,-0.4285996151843985,-0.206895271124047,-1.832913313695573,-1.3488504500945113,-0.04717023059919633,1.6699117809948176,1.7176544440979027,-0.15583909026310566,0.6850862795164041,0.43202797599417275,-1.403761180155241,-0.10010624695795373,0.3179804062932509,1.8502562947165038,-2.0532674563192,0.09327353368461123,1.4810148388246445,0.6229143484756202,-1.7982496263808265,0.173515644653457,1.5253737843601276,1.0790394467549667,-2.1371422186041316,-0.5931857962192579,1.4922755157369831,1.45293082551354,-0.680042191806556,-0.7612766848409839,-0.6716689997000086,1.303608117007319,-0.9599089378211363,1.2130278888283852,1.21393313505328,0.6039248123739775,-0.4368100226946017,-0.98896155722475,-0.6357177981707374,-1.4186332486051598,-0.957839931755139,0.6973050948097841,-1.2224079237068244,-0.5162118025896377,0,محمد
0.01584315560882247,0.2957925713547566,0.1102090556355809,0.0021166080285052787,0.056839742036183076,-0.32850844000035206,-0.09412807067876852,0.06951091891632992,0.30722943483070847,0.27399184958248796,-0.007786675322052073,0.137320990514126,0.34798516918321076,0.7161776611632421,0.012967703314746554,0.023306587723110787,0.1456210600823901,0.007590748198096213,-0.3114997709264107,-0.18294505209298356,0.03763311945299294,0.1935107036140335,0.046901389483317305,0.14830037600756865,-0.01398005597218379,0.18222205501721375,0.3627574851935758,0.12874631243503326,0.47313860846496164,0.24097868748502602,0.13757639222749346,-0.13114917779830437,-0.04962238064680584,-0.1715160800469517,0.17508103459974542,0.10027505561243202,0.0055756171501168605,-0.025795890692473435,-0.06432730797030563,-0.05273074776877054,-0.2924410791390165,-0.032796165614362084,-0.015790882753476305,0.16912432191016072,0.1418590558392027,0.1739186942499311,0.13552987541444683,0.24471562850246134,0.1361689468494379,0.14430935814360624,-0.041808340836181096,-0.48222287231009475,0.14092157697955557,0.09031211699036382,-0.16777261489268655,-0.25989816270746074,0.19114653859611735,-0.03992373836804607,0.2873028798977197,0.10819079357665083,-0.11763442432251099,-0.40739906451138364,0.1194160412411731,-0.3697821162542953,-0.10089426163975938,0.058614838197795595,0.18901465105537127,-0.22999544508853473,-0.2678937184474102,-0.10115715120231246,-0.2817371074738746,-0.2823024767074795,-0.047948933856100266,0.04556632690157357,0.11366356592163922,0.017782867533133507,0.12041380563456645,0.10003031228752335,-0.07683454948103469,-0.06592879468326394,-0.0063637134468194426,0.10540980162147581,0.30458664896547927,0.28636367003585544,0.1935057455605845,-0.05937518783021721,0.10431128154870697,-0.01106974356748155,0.1865204951525235,0.19561311739600895,0.07266242107036808,-0.06018216783551297,0.04076489888880336,0.07638936325010469,0.26910461328800983,0.1083842862247128,0.23256427141548913,0.27006514412167837,0.3590076534163813,0.2433231250329311,-0.05352403853025268,0.08065676769287486,-0.21805448777824302,0.3592438079651082,-0.15634042588077918,-1.0482654134207439,-0.22323800315374656,0.14362813240793165,0.3876170751331084,-1.2750529248715399,-0.3985849892623389,-1.1452942993698645,-1.557849986403248,-1.960012554088036,-1.9315355554973386,0.30227724749959994,-0.21189773175121207,0.08095373219455268,-1.0250031935802282,-0.13492951707798928,-0.45125146597841626,0.24480483189585586,-0.6769171327476671,-1.0290746115184928,-0.052336585837583535,-1.0635502287695242,0.5461439029451041,-0.40191084347749406,-1.21184433376187,-1.0543832909884259,-0.07087598806015608,-0.7333128870948133,0.5268922070821417,0.04155807827726942,0.43113808680278964,1.464591079456313,-0.5596898341805492,0.1188830514728307,-0.1423044974296027,0.8819293354512748,0.3130612020265797,2.578131462976042,0.42775310112384796,-0.682944801248438,1.5512810531864578,-1.8015672675758523,-1.6925558571938764,-0.4178413954583904,0.6836702929221283,0.23866209105296382,-0.2982189136432896,-0.60068786913656,0.8075294654499056,-0.8420364138880063,0.6274864297906786,-0.583858745489709,0.42922459152084697,1.1777144511930429,0.5382611031616078,-0.0346290878993381,-1.5820844993680676,-0.14939362619397298,-0.1387731424065562,-1.6282604513822858,-1.158927411414905,1.5199883591208563,1.481418079388281,1.286264500688203,-0.06951655457856332,1.391012310593616,0.534316251178191,-0.6302575927528514,-0.664212344369863,0.7089967838087664,2.139665301866107,-1.7893021237595006,0.27212321934197164,1.1588524737063608,0.5048242201241049,-1.8691840770430819,0.35636711759087425,1.4659772314311712,0.9956274494748013,-1.5704324891591326,-0.729420142297928,0.25422293352173164,0.9705173719531096,-0.12609376983479526,-1.0412427960046442,-1.110337710529645,1.575369992726427,1.2204433666725225,0.16962825510589033,0.5520521827038528,0.6602025844736403,-0.275340703444787,-0.6566220071349126,-0.31803824488424914,-1.2325786260484881,-0.265925524878604,0.9853276785995085,-0.8113322184614846,-0.543526216088499,0,محمد
-0.2548869720706259,0.06085180028903962,0.012613354539357512,-0.14833823935960166,-0.3034310016641878,-0.5294197470074014,-0.21647014664286474,-0.05416092434882683,0.12501981523543185,0.07158908017391881,-0.10009002553175858,0.1433058025995246,0.22258018174679076,0.3140183509439049,-0.13922043749769555,-0.07547576434126971,0.14275536499923666,0.0005496667500343958,-0.42513730450241827,-0.23530554250906757,-0.11637427608263425,0.079657153683101,-0.0122397560411444,-0.0632884450659151,-0.09322589989124566,0.13082242867978788,0.1918839354970377,0.1679393947563671,0.3255385491977829,0.1952434355838548,0.03397732541195617,-0.06920638502366719,-0.08029607514538302,-0.2574051919837839,0.09644144507405798,0.009064875072823345,-0.041686316279426,-0.1406860100144556,-0.13587837357774588,-0.098757962878939,-0.40779669104719163,-0.04996967954127794,-0.10763991048182318,0.14841567345971388,0.011347679251545704,0.08530544804682984,0.23281396514496422,0.20329896179547868,0.08695190298594506,0.0746742854074908,-0.1912299253332717,-0.5088023725484107,0.010256826084208522,-0.03746507995440486,-0.27799729695187014,-0.2936053688406152,0.07685985481827926,-0.11019978518602927,0.24227769480869668,-0.16364198175357034,-0.3671411530613877,-0.5359269919463787,0.1262493638701969,-0.4682636788240458,-0.17248038212097855,-0.02437871469609259,0.1033693950779133,-0.24835793768969858,-0.2274877572268721,-0.07413924940493571,-0.4418437691415268,-0.3619522298230261,-0.14044713783936483,-0.023424549351812422,0.07100849599973215,-0.0018428626076911227,-0.03289714226493523,0.10200975818063202,-0.09540744502746097,-0.03481920216515641,0.0476622668913169,0.013993150215208413,0.23462621473112624,0.13076594677079598,0.08865515524300029,-0.19015716350095196,0.02015623616626363,-0.033808298630086775,0.05557875923432636,0.04206970837056563,-0.02425606109977474,-0.14348175152769924,0.017946239655067326,0.12376694157325754,0.057368486768998375,0.0680557455714089,0.2375944239769623,0.19419987894539661,0.23042371808836526,0.22144170429268084,-0.12492153414073004,0.0060307294781469225,-0.22464592975950756,0.25313472547141,-0.4232962791162749,0.15768859530906273,-0.4066729794193056,0.5336691668308199,0.1956499959979146,-0.4034235850056931,0.7893520441329094,-0.0014022205129297224,-0.9448714958709571,-1.4243913817419795,-1.5830503261265325,-0.1487646351382005,-0.23628441838582806,-0.0063947214134030044,-0.5200329093694731,0.17214616451436357,-0.6427401162329349,0.20998121394702396,-1.5420309678173805,-1.196746462925929,0.22883973725293807,-0.6394555122056247,0.8260263313909687,1.2553607883390403,-0.474592455669472,-0.6509338737778912,-0.14358529146916163,-0.5081801259242158,0.7830543352097606,-0.3560401354482184,0.6625176750343527,-0.43268149613769574,-1.107281995107538,-0.10098388056004219,-0.06290241493789425,0.8062191824153929,-0.22154054108914514,1.462002771761169,0.3392089724478838,-0.9929472415063114,1.145206939332992,-0.38205034562485024,-1.5060055663690741,-1.1006096555575022,-0.6086944886538491,-0.9036424733720348,-0.4984494178454494,0.6564986996387624,-0.6503252346673273,-0.9964449855714702,0.4117759469546189,-0.5345863919490967,0.8937018569985111,1.739656232067899,0.19817815333697023,-0.34709056893340695,-1.3753509020757069,-0.17278211848553993,-0.6466217324948688,-1.2718752045037487,-1.6199681874860328,1.8057634739795645,0.7707727589745372,0.0391175475123283,-0.9245498097874588,0.03512625276935649,0.5840077722758511,-1.1547636644270465,-1.1380325464207077,0.7457742582614904,2.299848480575729,-1.0311527422257063,-0.2778136283177676,1.653639581377371,-0.27176885812224544,-1.1495587201981383,0.11448900680303904,1.191519860013373,0.7046101126809838,-1.661662544076979,-0.7138991901526265,0.19029933473885474,0.6838696723315567,-0.5046262241458942,-1.449148147035928,0.24334878980698377,1.0962844802702578,0.9299709720804752,-0.8010648415089026,-0.09702751189314769,0.5865090635103379,-0.5085984740749591,-1.010053643921247,-0.41312336270356426,-1.2261117822279062,-1.3245681651389398,-0.24997311187356072,-1.1842920489900874,-0.38516420810808977,0,محمد
1.1550969475179123,0.4956171571791065,0.1624332187958313,0.3369482927755438,0.5372754778965451,0.5917777446020074,0.38286433140263687,0.7496646091448123,0.5903172000378354,0.9101378840284577,0.1415239688650022,-0.07488145434436548,0.16516412003857792,-0.15436312256795787,0.0723489655566341,0.1538662667516478,0.20410767341855923,0.17114828078330563,0.3355363863016348,0.19404419792268093,0.26506005715827513,0.42098723066845173,0.47362011250173974,-0.09913127121490307,-0.013295966545628169,0.024308516843352893,-0.13944303291379861,-0.01450162770416551,0.2132800954068005,0.06184282801784442,-0.13592225708411013,0.002108623562820174,0.3243496692147839,-0.1463261850648765,0.032171464199097534,-0.03607223850730683,0.028967386114230022,0.10650500996619795,0.025157546983008823,0.030491244802336757,0.36104924834180296,0.3004447782512403,0.05835750615440977,0.15480753867369104,0.18289691337959116,0.08969580382520868,0.1020781095833427,-0.036616999900607954,-0.13629198053706348,0.2076184617738621,0.052050925702544056,0.3144009188220238,0.21665372293281449,0.37524561669407225,0.34581074945218426,-0.03475804712974838,0.04827954430596979,0.2015360351963091,-0.19242391553665922,0.1001462005282113,0.08435583803539906,0.2544695688144566,0.35005103004904653,0.11003869366877272,0.20793240322089562,0.03404158553214064,-0.0010681332167053485,0.05697919187641,0.11587980324828642,0.127347296003076,0.03606467857343585,0.2269777062555643,0.022008898309829876,-0.040075283129293905,0.20362954805732023,0.2256192466156812,0.00823967388260934,0.46504841347088555,0.30386856457875366,0.23161659931105658,-0.19799315888426894,-0.16422299880054234,0.31005582266740617,0.14469993398903458,0.24951963761635532,0.20948567133241347,-0.10133685265683968,-0.21433572108907936,0.027527807654574087,0.052502595349361345,0.35903659213897127,-0.23328879208849415,-0.08875198523706052,-0.23681617692187856,0.05746571188992047,0.07712663041215638,-0.12584740235350877,-0.034035113696888816,0.13145513092240435,0.07224629977128616,-0.03541042771398209,0.2169623413949339,-0.049872951915414875,-0.43886327825501065,0.403663527673866,-0.664630534225392,-0.06878807715681824,-0.43453025923175687,-0.5598711273296008,0.3850205074892223,0.4324757679303464,-0.07372000045128291,-0.33505744252805586,-0.482411147061063,-0.8236430184283413,-0.8177592385727492,-0.2183817736069875,-0.45432275176566056,-0.45378831402808145,1.660592094076737,-0.4831833897602511,-0.24808238594519028,1.0100798690107557,0.656911143132823,-0.02192438687153541,0.7372764435038395,0.36198151606453294,1.213356494447461,-1.0295187312570757,-1.405109084277126,1.0898732703314777,0.1522890277139268,0.994549726991566,1.827068145234369,-0.9858540330449845,-0.15336792013649347,0.5016167343550065,-0.16125301964720248,-1.6729622821599648,0.6572610961535428,-0.036835090158100894,-0.5951367030502728,-0.14420289888793966,1.0159665440584997,-1.4471660416719831,0.8753926796768444,3.1039601966021286,-0.942915233016214,0.8801267018242409,1.9565492300115268,2.6707723470389984,1.208707232365669,-0.3356571575896018,0.05959575175919527,1.1081430156513352,-1.191382615884744,0.5452714388921112,1.9138951963095587,0.8413329296795392,-0.21790617808234067,1.259903307770178,0.12565331108212122,-0.20732507089921512,0.9022928971514009,0.6680592760103553,0.14671082103156266,0.6879398592954881,0.2589842815734906,0.746177133336383,-0.2769751434426663,0.1942866618625251,-0.000839519861766502,0.7994960399308002,1.4528572344391888,1.6399773958381823,0.6891164574265252,1.8311842006992332,0.07887417760563906,1.013025977412301,0.5575003952238897,1.683841506223682,0.5090261749173256,1.1998547259445649,0.38179946070849174,0.5441489208519147,0.7481330953322358,2.418049307474398,1.755608545258308,0.9980013303074792,0.7974160054009505,0.6104247964875359,1.8043654734527859,0.5556850982901168,-1.273219530157817,2.0947226442256497,0.473100533851076,0.01780642427665962,-0.39420379044216314,2.598726558393601,0.49265783692724885,1.5897954552449929,2.110125595667063,0.936617108573355,2,محمد
0.34743096772105453,0.08468507207612554,0.07421419015195056,-0.05849505950435358,0.09960515384064766,0.09028124829344582,-0.021663280676822473,0.15169874376328232,-0.09838433055174733,0.11748840099579402,-0.06985329898544529,-0.16797622324810785,-0.08865052152853233,-0.3015013275495086,0.08557287775319988,0.018322235745572773,0.08279457339119904,-0.02855667654175106,0.11988834019023951,0.12547842393336958,0.08425418864431405,0.2089633451548267,0.17386232963702158,-0.15543584401258964,0.0018034780107709695,0.008106711443422752,-0.1810249060972599,-0.0202433605582265,0.16300542004945506,0.12509972399101177,-0.058473391905103735,-0.09899773403891196,0.2087628697536688,-0.2502550339981162,-0.09559916226069266,-0.05920432256000599,0.08359092278004322,0.06682099000479633,0.030781829798135887,-0.056926008520150596,0.19573463074757722,0.12983781871729638,-0.06898514176096357,-0.02400462781336418,-0.04213350306796528,-0.24858051511503235,-0.024060117460371754,-0.052702142682358975,-0.1880424362659453,0.13076563742037656,0.01583129122269571,0.06262270767572513,0.08254224545504307,0.20671121185364155,0.11077635514696549,-0.30487189904116246,0.0019064773681243558,0.019870221082780113,-0.2163425253408203,-0.02160953322190679,0.0872614213759682,0.02167680192430553,0.02197288043975616,-0.14902891510451846,-0.18231549878682016,-0.1196297483083351,-0.02210804247008123,-0.07638110754187914,0.034023017084184,0.1128221933741228,-0.19641221835366807,-0.015134329342930249,-0.31547175836209,-0.04258992011811878,0.1435399149535307,0.1257176587315736,-0.04200694443383408,0.2721895750571564,-0.05794239623530949,-0.1803213589609984,-0.2696095197935449,-0.18501071787449128,0.27274337628360057,0.08275576924692238,0.014520590089275745,-0.24039706331635877,-0.3288359563556973,-0.15895342805039597,-0.18173115333437934,-0.04156327014252932,0.010247722237994259,-0.30932002779854445,-0.20614564056811882,-0.40073633964141214,-0.03794568073213325,0.0849679897790444,-0.35557688294117745,-0.18784176665539826,0.12996337365771965,0.1309770797413166,-0.15120162078303115,0.04303858053303519,0.024320451258803125,-0.5545943986911476,0.40872409351748756,-1.2142623151861116,-1.13643427321643,-1.1637477504899496,-0.9442182968980137,0.043730845380090075,0.11573091140494664,-1.1524543148011395,-1.104636974157823,-1.288723736207901,-1.3933961302816371,-1.4444185182900502,-0.6839940865478005,-0.6184888858126891,-0.8728982583936764,0.8124639094831643,-0.448727267409702,-1.0351174418060654,0.5517443747963652,-0.08496883205461013,-0.7970758407076698,-0.24999458701086585,-0.006937220148811813,0.8220455538544696,-0.9120246287838902,-1.0360770287401038,-0.21664038986795664,-0.3287810381699441,-0.27617408276479516,1.601117192364302,0.24405675877289015,-0.9024259046991029,1.0584887099232043,-0.7227653327294669,-1.237484509595439,0.45698345256703243,0.6089745343966672,-0.24732836609053685,0.7251583562188904,0.5424713342924155,-1.5911158479749834,0.7437697636962363,1.8853470860869466,-1.4519999201530085,0.22169063967340288,1.8005322591150765,2.977729657852675,0.9214105616020452,-1.0599219751061129,0.4616232380011471,0.7406545993561374,-1.570301572780877,-0.317572955869728,1.137161081083864,1.078432132528244,-1.0503761316060571,0.3746276789488452,0.6656961645581609,-0.29743544786295834,-0.19727217275739997,-0.31805355145808045,-0.6922428696375911,0.7643186432024341,0.1773362705393833,0.5040790219608928,0.019513912904346068,-0.14457480785627932,-1.0951176782542664,-0.42991108076597784,2.0616392567643897,0.9111534471616186,-0.2790135674586859,0.5410412993956194,1.241424888356518,0.43140332904888723,-0.5467275760353865,0.448417802290423,0.6729682509209542,1.1940347039569834,-0.1522692305731562,-1.2916292994775092,0.9110339656376338,2.3454241185106044,1.104558723729599,-1.0719829527430842,2.125194040018825,0.6656504688094065,1.6618492425179645,-1.0635676964874134,0.25584922878435395,2.42903201772178,-0.03471985982418661,-0.814738150813536,0.2733303425211187,2.856607672116077,0.43196178082036035,-0.016822995425657974,2.6160770549110874,0.8876025445363872,2,محمد
0.19076635170826606,-0.02010188909084515,0.0200406832490633,-0.008100695293651957,0.10390910342085227,0.00765085357226029,0.1931083339654398,-0.04328118807900847,-0.1608504777059088,-0.0028848088295399445,-0.14131689322645233,-0.11858450110964826,-0.202828253764987,-0.340509155095091,0.1255593816003353,-0.06058581491628983,0.03643581015545912,-0.028812773257803393,0.14735054662545483,0.18169470858563305,-0.10473359500119911,0.17736784781150783,0.027923031093851504,-0.02749048347860792,0.061768215805669456,0.05658310770389655,-0.17861348463929108,0.04544254992709777,0.12417448402900876,0.11310223736083519,-0.031311473442370265,-0.0359115917474759,0.1817374262546103,-0.09625530614059467,-0.07538405978522364,-0.07266783850605593,-0.001380202579676528,0.02514079364889206,-0.02701047273859178,-0.04567403794922273,0.20239426216222112,0.1466235403722276,-0.050827662642667644,-0.08092182585771615,-0.027248262131116557,-0.1926780376661057,-0.009868359241213074,-0.07084513052676818,-0.14786016711794378,0.19653221049408928,0.06410967252221657,0.08512442610777997,0.035401341507187094,0.16965857398924145,0.10949613343592254,-0.219145658291757,0.024148287777353054,0.012670037560080824,-0.09363408522166257,-0.08802393751313077,0.08107348138883654,-0.04691814594197226,0.030857217079385803,-0.20851574816990287,-0.19729265797507126,-0.1963887690359906,-0.13966197193515364,-0.03347132790340491,0.0998407754431291,0.09855350674841648,-0.11835697043015254,0.009346304691058186,-0.3147373491419551,0.02134444414719328,0.30373487457686726,0.13947539911042053,0.019447345070252378,0.10399964934920439,-0.027093332944786972,-0.2776012401452804,-0.21893999008203682,-0.155627852927484,0.29895058984613404,0.09788119252667672,-0.09074687580616729,-0.27500230266557474,-0.2306076450699935,0.01467939660771173,-0.16061776452819473,0.06718270179956717,0.01296168404030726,-0.20303994841940293,-0.2243327212956478,-0.43908265379709455,-0.0018168551898281155,0.025711707460425087,-0.45365067813130194,-0.13454077224152622,0.053041564911629445,0.10218171720473572,-0.20478928844486688,-0.027953151600225913,0.14634237530376293,-0.5286670597143788,0.3807470559684304,-1.219221818478277,-0.5063693136052174,-0.3466618618735422,-0.6468632118934998,0.4264012334539824,0.1281718916979835,-1.006088531882219,-0.4313542646165863,-1.0967717224623048,-1.5690164894183842,-1.3351668893119604,-0.25015995303316263,-0.48967141730204866,-1.3576272907664484,1.0918105225300387,-0.027516233350917244,-0.7868862134733839,0.4085346181352899,0.7936262752602352,-0.28535325748128326,-0.19810723968082125,-0.15534173709525514,1.035341832394514,-1.002256792015635,-0.9736367031183563,-0.4016008550578408,0.3081863835524042,0.3183063028610447,1.8693924899572896,0.12310059787127077,0.3888409687474647,-0.06072951711119509,-1.3001327919657675,-0.4972327587106064,1.6425684310039574,-0.6691433625358185,0.2646621021354077,0.6856000194911563,0.8506936380577663,-0.8538687145333765,0.842383597341238,1.9019513369413636,-1.4572808476784909,0.12083809223861565,2.211869667184153,3.042368287900986,-1.1340967681946086,0.19050109186797126,0.8043156640835537,1.40348093272935,-1.4157457754745288,-0.8553510387681611,0.9480591143270487,1.7461977823356838,-1.0496832175630355,0.6894925482396211,0.3471066952323315,-0.32202175807024846,-0.43078769766124414,-1.0890393384426835,0.06149335929318387,1.446847654529199,-0.6792628309871882,1.2361682560697747,-0.32734776215793393,0.6247177522748231,-1.660280246806329,-0.27697342120910284,1.4738221901743922,0.8973837050402543,-0.5930931915436736,0.4202468700649789,-0.49820372926377104,0.14408594678046968,-1.3274213156741037,0.33005362470068406,-0.4367317812694328,0.8106992303642078,-0.37061464638944785,-1.5443553598807072,1.1910167370418918,1.974886285405455,-1.1130380272066525,0.20990042926243793,2.041913986377558,0.6893325166205543,-0.538736474870823,-1.1953101803171664,0.4317107684706168,2.6412010489194397,-0.5925868289314804,-0.4848122074917347,1.921161360320882,2.0531760370349232,-1.5020008335093187,0.25206278003417615,2.270271373403478,1.2972210568631743,2,محمد
0.2478009369125066,0.053934365790398814,0.10377012126564472,-0.007369455197882585,0.02385709904087415,0.09075494847489299,0.1092405864541112,-0.07977635319357675,-0.26256708332185563,0.04352585536506636,-0.053617663556686575,0.01598200777289332,-0.018181435875577367,-0.18298501007081605,0.2570332943017075,-0.058507975658287366,0.18249472500981925,0.1283733259859052,0.1004339766770889,0.14884713520684667,-0.11907605243014323,0.22253815588257142,0.023660359611650212,0.0862194192675145,0.07416895265046783,0.07762619805526316,-0.06661273710618447,0.07279935953045494,0.1835818230805122,0.1637003752628803,-0.03665091237127575,-0.08446205778526257,0.19801628172578534,-0.10380211774004172,0.04250814815986425,-0.039181951274896716,0.0883304242911621,0.012678106425075414,0.07288078172228038,-0.01016265269427693,0.29602381580081827,0.07063895279177586,0.0633971563432663,0.028801846850961918,0.12463275562076294,0.03414430632075743,-0.006394566406479104,0.0036336029141961295,-0.04028663331959042,0.2922538305958415,0.13430827805921278,-0.08835835633136656,0.11761214269137783,0.28830762050787834,0.19907770873578626,-0.070524312237164,0.22259523921718327,0.1334918481835609,-0.0446812528694907,-0.08313518921322016,0.30929804640362585,-0.2916044830092346,-0.14581427946559128,-0.3520731714868879,-0.31786615552021064,-0.2927735465995624,-0.039248019406087395,-0.01663003320982666,0.2914826561888308,0.1498447754821712,-0.003103000343889698,0.12020061227708799,-0.20448954468864644,0.10275087153112519,0.3079405667529203,0.06086921716562068,-0.06374187809275188,0.08938149221661648,0.14448925828860182,-0.11533170549324914,-0.17629213556605275,-0.06246829786432854,0.35997629736008335,0.06458277478737066,-0.061638179409460765,-0.20735040159591336,-0.13357302507220764,0.035796571945574965,-0.15673143566224668,0.04924768041361298,0.15730692897054677,0.05535876456773732,-0.17287393785540048,-0.3236336488062527,-0.012475452230239778,0.12579002652757298,-0.310295453991558,-0.10428812909973677,0.10783938174514325,0.14438782744299528,-0.13523327156978265,0.03489948844632265,0.20931445055915676,-0.3986075419356574,0.3971932748870121,-1.571377543363914,-0.8973023654733884,-1.1809886652005614,-0.9614672314413382,0.20532677217062434,0.2815174530472524,-1.0958760412026303,-1.3306776703394103,-1.3675998069078448,-1.5030643191382134,-1.2916957669122888,-0.484491347942205,-0.4658761253316825,-0.9456768566355029,-0.39456452988243695,0.08259553320615914,0.5170550055249411,-0.7816792868793597,-0.10467708038877814,0.604951489249875,-0.5282518546321104,-0.6138433738064064,0.8714234445293432,-0.628101647736952,-0.34602742032293465,-0.06368536606404002,-0.31941403512638283,-0.41664722210055954,1.6112628316329405,0.7593661345609091,0.03904546616181927,0.6007928983083852,-1.69822283192605,-0.677829817517807,0.712341459455849,0.24419926957503163,-0.34265418263313985,1.012348619647344,-0.39632042814956053,-0.47563150110032654,2.0361685934540623,1.0770466873665925,-0.28569984829626527,1.8548270676263907,1.7963966358356984,2.587642876689029,-1.0647531376613528,0.9607335545397405,2.341562457874924,3.1674482459436195,-1.2570790688218665,-0.2607372381751799,0.7335347959077481,1.6864884716112194,-0.40876460939837467,-0.13012242097497595,1.4720288648220845,-0.29671345284346035,0.9260458305048126,-0.08043046612258836,-0.8383800093933647,1.1960419033712377,-0.49550417537714686,0.6834599708302358,0.22463562034119233,0.6604376980566181,-0.3094819075403901,0.14056928663339963,1.4140864268405637,0.7564880781968439,0.8868634066170341,1.3094683758991097,-1.7066630749693326,0.36907258872556886,0.07449482328122291,1.7933121332940527,-0.34300825440635546,0.5993514995400273,-0.5998742543565317,-0.591134409999635,1.815328383293274,1.247780335511989,-0.6746328523364808,2.335773264966175,2.1163483783591137,0.3784453689771718,-0.7291386767190905,-0.9239503834161629,0.6415986470460847,2.14183255973272,-0.4231156208344645,0.14280547113563866,1.0093726012050233,1.1325220575472206,-0.9854454585653936,0.6446947743039043,2.2538863360155226,1.223271644513585,2,محمد
0.29627772558190646,0.13876920926575728,0.2845246238685912,0.0598567441034165,0.13006355562922106,0.19941993974732236,0.044024066154565424,0.09116794954431835,-0.1021776357603227,0.1734609175369697,0.11411186162251466,0.2380089367535948,0.016450529349569584,-0.015666984602175332,0.33378531561876124,-0.035251241061442874,0.23417672353818994,0.21272802518280237,0.05924735055966118,0.20374501892760563,-0.060673701685136826,0.2616014608363956,0.048981920030853957,0.06657270406236732,0.06615876346918792,0.12183074014501445,0.05189446460796458,0.10367176448898134,0.20673873480028335,0.21495409030491913,-0.02410484272955227,0.03676045913041718,0.19882890726316568,0.028473515807020924,0.10857851624872909,0.03463795448584908,0.07763647650780192,0.10160751095468469,0.07482278785389108,-0.04859728496302685,0.3581006192289428,0.13109452734190277,0.08926933669980677,0.14311658350246792,0.12509762280471654,0.11512403879717158,0.07035235348287856,0.1295216930389791,0.0829676536200815,0.4396603456737035,0.06592423654022808,-0.11974755116283108,0.12049989237776298,0.2369125661871077,0.23470409803642245,0.035616433564334,0.19492871794272273,0.1592652746294782,0.09319369534665402,0.04528994997061857,0.336926124308646,-0.30713758819811443,-0.1786084982614799,-0.35602382491039064,-0.40598358642020116,-0.24934696365836692,0.03299717490108351,0.037599904774441605,0.3168621368602513,0.25449553909057904,-0.020893052750014702,0.14827372578212666,-0.19432351739879303,0.08200120884684582,0.3500055035608732,0.03993024402704214,-0.046927824742548446,0.06753708923380848,0.1820817412602817,-0.013899949480964022,-0.22901985525713603,0.04877312536293865,0.33988751334745043,0.15336635028339007,-0.008618967587190473,-0.16615901982411505,-0.07024906339902517,0.1014586800827796,-0.17313566663558783,0.04544308036256479,0.21650642310666507,0.12926796387032016,-0.08393965989699197,-0.1872222881381475,0.01556739282009229,0.15972467078842154,-0.2950026255213895,-0.039891021769192216,0.20113550453125525,0.19851363380308754,0.013356505990687044,0.08810988053484163,0.35349244506227717,-0.20182332951744714,0.4571565993006006,-0.20252190723634614,-1.0526358296117153,-0.7390545803195119,-0.5596667310420861,1.3790476805241525,0.3852521919248057,0.125951908775285,0.43746325413346004,0.7838016802314194,0.2526602402567527,-1.0577108630798682,-0.5634126875089841,0.21821432435954902,0.023847996272698832,0.692557060637946,0.659746309314317,0.2877186624412418,0.3676672628044179,0.7635503249808618,2.6441707663786853,-0.34111382537877477,-0.2867517761647121,0.5975554362223202,-0.4328469122803163,0.9171558079152741,-0.18735534751040392,0.9524138171816275,0.7094343820190869,1.832095709177817,1.6861073521713197,0.04843356900067601,-0.3442211623101117,-1.315916503239636,-0.6290179060280001,-0.5701568769366443,-0.6551599186282696,0.15505715001974466,0.91365017091146,-0.28514287850026787,0.009815506841045209,0.7513028607595078,1.1671294471485307,-0.27800218641758456,1.2797479204538786,1.6552954258498331,2.2528006214853837,-0.1908188247403575,0.8306135814593874,1.9572302606571024,3.025528018409953,-1.1779990948585175,0.31533823471335043,1.1010718282443488,1.721094625897744,-0.787020269231629,0.406549492565355,1.612896374606899,-0.11912570695165672,1.0387537921849395,-0.681188827768818,-1.0393686146528769,0.2180125524943382,-0.07346549919091228,2.1894535342941697,0.8621505808840815,1.2396944984048466,0.6013240147068325,0.32964681120199935,1.1366294464278077,2.258487736260755,-0.39134553127146976,0.7237805967378288,-1.3126241200275721,0.8883707187018465,-0.26219819152287377,0.9887427824320277,0.7643646877568918,0.8053792515410838,-0.08634042229685132,-0.028799274849404387,2.2192681636790605,1.7579771500094268,-0.8235055314201619,-0.23001325400709885,2.2821706326530578,0.9639303223351704,-0.8350376629893206,-0.19668453024121477,1.3071250122218299,2.6264192182762542,-0.271545384359583,-0.01793901966868722,1.8769446332638813,1.3104440428969133,-0.3487057039701057,0.7102032799065758,2.013271293405671,0.6535096905880411,2,محمد
0.32474167145462546,0.22587589927648558,0.3578585608721079,0.12443998786594013,0.2324658790799136,0.20801965543699674,-0.09004176573772502,0.17746694616139932,-0.04130369078997452,0.24457158916434002,0.18389511055063612,0.32780725263019694,0.18100431611199236,0.07585191331130826,0.40277264323122836,0.07537539195347114,0.2843185966929156,0.26002520021785325,0.01946440123413546,0.28363161438156786,0.07170976685775318,0.34975848611579063,0.14081489032498418,0.16849836084469838,0.16202559773578198,0.13101992154436778,0.10951561824238429,0.2061691156484193,0.26320315522648674,0.30013586634545336,-0.11190978137410715,-0.02253973612258598,0.35744930528772734,0.13687502793266806,0.16878491207644356,0.11531555935146219,0.16831249904224274,0.21762435311181383,0.13704162588340457,0.00016767589242173002,0.37299896886707085,0.07169574180531962,0.03796987698442587,0.25825792015701554,0.22744277329769927,0.26846948876936433,0.12132424355824117,0.28448900724973475,0.16096708004834248,0.45147951701857997,0.019245237831701352,-0.14222696683435643,0.18463815922600801,0.3287730825739032,0.3154426546742149,0.17174040497943596,0.32324934072476824,0.09529790514069834,0.2019450136955522,0.064075062476635,0.4138294762598736,-0.3799541821670615,-0.29248192828346437,-0.3262225141073339,-0.3451997920887271,-0.2402067667949187,-0.01996750988612105,0.09680101957687269,0.33840754253069716,0.24182245397691424,-0.13777955484593032,0.2128045874949601,-0.20619602522294508,0.09658085892795476,0.4082174462301287,0.042446526892429046,-0.04560800999604419,0.09356687888475486,0.1485223061591418,0.04980955253162129,-0.16581973401436995,0.08761353728796722,0.40500081203565325,0.2007027663263451,0.02910790099910768,-0.10500621268897636,0.04207710362001848,0.23540339407618374,-0.08432262588732728,0.08879328784984959,0.29199626644048754,0.19969942598030532,0.0404070074833661,-0.17309027951698797,0.1391711081564314,0.26465088773056794,-0.20414125595949978,-0.0367254457015245,0.1518850691655705,0.2451151979111802,0.0374134794324967,0.048704234300909886,0.4763823321991359,-0.05854944249088301,0.5096917194746825,0.3955222210534088,-1.035780989053955,-1.029740435409263,-0.5844656847711682,1.2519495011741117,0.526540424246706,0.514374622783486,0.5005772080579108,0.9493689940382825,0.10027299918270331,-0.9172961042307242,-0.5038062257965116,0.18151992291327493,0.5915850941617776,-0.30976307089263555,1.401512392440546,0.4529693909694838,-0.5142814015354873,0.09158586190243578,0.5456206905152919,-0.15223771291831903,-0.34299824299326404,-0.357670258395496,-0.5875015962566589,0.921750934454487,0.13071141234966616,-0.13820985562413549,-0.5148608022058744,1.1459671101870705,2.2353455864996237,-0.8864106269100831,0.09710072110820771,-1.5466797929683578,-0.4023495177936108,-0.3383920814659912,-0.038407454359533175,-0.4559012327259728,0.8663782107350421,0.07553900292606443,1.0466675979982956,0.5285809618597165,0.08437619976826653,-1.0277046008156872,1.2231429535864573,1.5467895851248676,2.0613290897822893,-0.9342591524866197,1.2165287430349614,1.3711417062830376,3.2266010630840967,0.5018621560103184,0.46129534341849415,0.5943999411149026,1.7874882149876004,0.1127976747287021,0.28344880397758837,-0.19948051724398957,0.2431484675045824,0.04525597719922456,-1.0314491990082728,-1.067349805561577,-0.34506622342643783,0.9704672534422931,1.8556228159964985,-0.1467111170540359,0.8992715910652259,-0.464881039014943,0.5105032940151093,1.8690046209381574,1.9774718845662569,-0.9503205649806356,0.28000184143965845,-0.6753358915600218,1.1264274366971545,0.2560608625318425,0.3646014967273978,0.19160146443906487,0.6678222112315559,-0.5827125222286896,-0.6192594010734052,2.2288423310503336,0.9317693240253163,-0.9051526735711468,0.5368738844529007,1.8046138144420227,0.9549573081777731,-0.7477526695045152,-0.4408125792137128,0.8489954045061686,2.5612513055926174,0.5095086081364347,0.07303731647929741,1.003240354504606,1.065376446063006,-0.8753277043966543,0.7899327221170132,1.7852619814762702,0.8940243589696711,2,محمد
0.2757716894510405,0.2422698157976213,0.3784359658262219,0.18502871012323546,0.20617906259152127,0.19545096138907112,-0.13166989927441328,0.15122949915840003,-0.05680147647114274,0.25127118326350517,0.19129307467507647,0.3384451282601162,0.1524844634299931,0.0672931874884202,0.39804998701386607,0.10019462557984853,0.1995929370094094,0.23969774994838422,-0.03172433434386638,0.2985275758113484,0.08651196031596121,0.39171910754849276,0.15719870129067107,0.18864926639600293,0.11621076911004788,0.19479206501698598,0.061007235386247555,0.17293687480356268,0.2360568939002124,0.3099744098593763,0.006163313463239159,-0.04429706527609512,0.38890553686742235,0.1687940080341184,0.20424698666741095,0.14829278797809325,0.11959924451260637,0.1916880238370975,0.13864261614874426,0.08028630146571054,0.2647854537065907,0.1131123423360804,0.09434887615787473,0.1985853930062329,0.2401693921540705,0.32274102177595204,0.1319592312916497,0.3202900128976354,0.11173714949985171,0.40810078995691573,0.08708789939876715,-0.20469951229879657,0.14779054336306813,0.259938162402831,0.28144804564461007,0.15051099245583355,0.337235965558537,0.08626402266622411,0.3202635392977859,0.0873885846012486,0.40416802008537367,-0.416490211566161,-0.2935044205618084,-0.2790376036814909,-0.34252491947633706,-0.2173526862952971,-0.018214588167719942,0.08848049654858581,0.23480061564265747,0.18816377210785573,-0.09856869223359448,0.3273880481007221,-0.19362312792487027,0.0913405882598399,0.3068789633627624,0.010012279395760975,0.01159770751036404,0.14231541551770852,0.15428017650573164,0.053073344894070645,-0.10169796891552006,0.017980939532032794,0.40548743540456683,0.2603205421995729,-0.06553391726139754,-0.1206312330877072,0.03568125927595572,0.27551966963389973,-0.047983810434536395,7.168199546762295e-06,0.25439778801316476,0.1465490751947017,0.11216512906126754,-0.22807044495785292,0.1121373639884994,0.27364505898198227,-0.24092574894244484,-0.1102732649312668,0.15651549490667438,0.2488258047285201,0.0487830927307994,-0.007545449352788852,0.4490994446375517,0.08780389239915994,0.4831076204206922,0.9475627429317027,-0.44136592244200024,0.5752892664009326,0.4783535844453651,0.9062081242051564,1.1570449420684776,0.8784962936069435,1.00352063745603,1.923812581884335,1.0244839707322715,-0.7059417521300506,-0.3417893212760904,0.9123020201549292,0.4683129997274344,-0.6592710233932503,0.815556201316747,0.12399068329879148,-0.6644220620499206,-0.02137153278876686,2.3066723149637074,-0.026022929893822242,-0.5984104912962129,-1.0716328226755276,-0.7751835347859146,1.3647175623184258,-0.6204474207840743,0.2786913027465046,-0.8709731133262114,0.590343353142975,2.7159787412039265,-0.8605268957482525,0.05865284524817373,-1.1563560624282272,0.5330704389800012,0.49742844282434984,-0.07582069432491231,-0.13996127091541027,1.600242697793971,0.07584547270807135,1.8572615036189077,-0.09604373317539427,0.29519770882633073,-0.47045252593942993,0.9591207892987289,1.7169754911789432,1.2567108547929327,-0.829586169237578,1.419789223917703,0.8667390216011415,3.2415952576312876,-0.1655085513412696,-0.4125441339650568,0.35833797154284486,1.3877993542262783,0.12033385305883527,-0.17685077313014422,-0.43122521537072755,1.2793429838702497,0.7954321991631433,-1.1617124165023271,-0.5169130906901447,-0.25326304196712385,0.7917576199001256,1.6609420464888887,-0.0648946368259062,0.33933637487164203,0.030646895439256874,0.40511687016217696,1.148117873318982,1.7688624928015697,-0.2558369736903541,0.47338022633067345,0.8606797707470522,0.6924664671538721,-0.46279158411137616,0.653414945577369,0.19362142348550906,0.6482062454311927,-0.602975643724349,-1.1416501535888208,2.2785804355242094,0.07612285661845529,-0.9559540438555293,-0.3229533315701894,2.5957585510503036,0.8904786802221937,-0.018074529726409067,-0.15096100127366377,1.3322162100244992,2.127230481260217,0.40880079139704784,0.032780373846051515,1.2634957090111123,0.7641584840093052,-0.8609527355592093,0.8861445711509397,1.8027731107773186,1.2610497864688697,2,محمد
0.2779596090948905,0.19720185078230787,0.3880198244526196,0.24543296459929365,0.1799622393559324,0.3020328530569569,-0.06999056668821932,0.3075752652325491,-0.09685053810787352,0.22357259270650867,0.21455337649615366,0.3044592533839242,0.19688616393245736,-0.01911582547435182,0.35829455837269825,0.11200028570371022,0.19572801051375663,0.1495829235420658,-0.015875638021718423,0.28810300852253296,0.19691882487481757,0.39746695026738643,0.17785407883013055,0.23933802908436944,0.16803737071552,0.2094723194177634,0.04280038187987393,0.1294668157737041,0.2683785182261591,0.3037498066997083,0.10754547347613798,0.018239446850680355,0.435996343904083,0.17083098064560454,0.18332135016238083,0.12984322692534878,0.19904589012083956,0.2359881484933821,0.0634003294640343,0.03251824486196669,0.19906547480891365,-0.08169269030276183,0.05200391138533184,0.16723597017526723,0.15470574877770993,0.39855050710145845,0.13357863510399787,0.45345432209932646,0.10519260295533733,0.3719241838210925,0.18853512907002462,-0.31565604423029725,0.062088892792344405,0.11232242179302218,0.16801092336879545,0.12680813503143123,0.33388617012759786,0.19097349290711618,0.37943613186004915,0.1811531176924903,0.39431118139606014,-0.4424694785037904,-0.3734997014576923,-0.35060757170409634,-0.3829276617126021,-0.2553947314355892,-0.066409550376242,0.1451397437461608,0.40896976854215944,0.20785647110020872,-0.13764248942558108,0.3066443674112058,-0.2048454427936749,0.10253526223472782,0.2583773467810406,0.011321641247922816,0.055483363241125204,0.12601529611689993,0.1788611233611815,0.026290435877892232,-0.0859666840573846,-0.02196125860902819,0.3101981670593308,0.285884088260116,-0.06739706894923062,-0.019032342638080083,0.08458055974464432,0.34285964541766867,-0.07449997576316805,0.06927969611410215,0.2444928149934479,0.13254174128842816,-0.009607431186185074,-0.1529539431317977,0.1115928489567682,0.22932667330903472,-0.2482133461930238,-0.11207180803778002,0.05352976850481882,0.11991943163589844,-0.07887051231341623,0.0174488088608275,0.46129487353356585,0.1488042370259122,0.4872094927226554,0.011562334714699744,-0.6678829675673958,0.7422248809113519,0.28182379678798414,-0.04088135176518356,1.5728838065822859,0.39255226729192677,0.6054457746853302,1.2100743642333183,0.06971040255092911,-0.7619400456572683,0.9059395094422272,0.9416588124818527,-0.1447242145687594,-1.606525700450029,0.991815502809853,0.4795403495233402,-1.0824656679347253,-0.7239607905634639,0.6350852262668111,-0.8447068167749577,-1.0788487648299496,-1.7114385642176244,-0.7055546025726315,1.1395052887027555,-0.6486366528699234,-0.7602137428175741,-1.4514524623087346,0.7153350845400424,1.1422338194145643,-0.7019246597363344,-0.8549809003921368,-0.9778178265357562,-0.4081990031255879,0.7875276834904338,-0.9878773358072477,-0.7086678578609704,1.410000946295046,0.11578581813007748,1.8231189229123115,0.156177846071418,0.18708033957017278,-0.5115247691211298,0.8372702230156267,0.7854108736866738,1.5600159287871687,-1.162126889788962,0.7388042876481346,1.9611077811042295,3.061389881131119,-0.13843012474539274,-0.2058660686802231,-0.29631082542318027,1.433102719618796,0.5782219507000252,-0.328405083504553,-0.14521491783205845,0.47954120158978575,0.9606217460776258,-0.9877863701918436,-0.007982193041729011,-0.27924660552286595,0.8961756107718715,1.909960765365902,0.893152335749279,0.47171296422905196,-0.4098613761170067,-0.6794969210386415,0.4217816184018943,2.0743168981172486,-0.8055794726701714,-0.3002569265344297,0.18528487357402493,1.0140205328661434,-0.2992429510067979,0.8942709337842939,-0.2552604239175371,0.8641608931910518,-0.19010218879836166,-0.09563269272087428,2.1993400763883484,-0.09493626336727638,-0.7839530260488345,0.12557738054351444,1.2288239784994073,0.9460189699293181,-0.792247105998513,-0.670671675457683,1.326071635999514,0.4154549929182809,0.062376383719135446,0.49156052860582006,1.5224551053874482,0.7039978341773584,0.19660517176805298,-0.010926924838002828,1.1707762539304687,1.932375866398275,2,محمد
0.35506751079135107,0.20403965434261292,0.33822554318352654,0.276332673776729,0.19011814051375037,0.35323575345603636,-0.08390920776140393,0.2521864771961367,-0.11601668060130886,0.2565329969174931,0.22318728406417587,0.23589213539467743,0.22828768404043664,-0.09014645062978724,0.34660563236221353,0.07638730121464829,0.20130755204918652,0.11853144790712383,-0.004544029983980455,0.29710757907046637,0.17150872498737055,0.3355759350507764,0.22747757714093467,0.29665513319329184,0.19951582521008918,0.1495881943098393,0.094447917835326,0.14312074090093738,0.28545662701475616,0.3181561987967893,0.00734658546666704,0.05990188501853675,0.4844689862408506,0.1851598822032503,0.11350491512142302,0.15766111433627245,0.2006652613586853,0.2226081771960051,0.07772014817229823,0.012990516591482846,0.1645229571761752,-0.11818529483990604,0.20260187248059414,0.22485565694914736,0.2611056898633629,0.34976725860377644,0.028090436506238197,0.42850955817887554,0.07008675814295343,0.3870300095400059,0.15696937704921704,-0.3529369000788551,0.05405888283351326,0.16696595706699066,0.1608444705954263,0.12213558697520875,0.36584148105829045,0.21455142098908858,0.4261924297912916,0.15551166065222696,0.39989278088190505,-0.3897825490611575,-0.3328476125672586,-0.33020636585217167,-0.3997617986570418,-0.2593910020239859,0.010012943881390025,0.12174475678248274,0.45717612755569353,0.22510966808862728,-0.14609629881440214,0.3090786550253449,-0.2368517934048418,0.1192850747126998,0.17276173464813818,0.0009830997928017334,-0.01708450211669368,0.15675536037116058,0.08974018248352557,0.07496330574438832,-0.12322448878474916,0.002636524917726653,0.285579016638751,0.28722205127843997,-0.06422943718531098,0.00548737305946514,0.04450896510934669,0.30563475453300426,-0.03435353945747698,0.09935815847016828,0.21123790077143553,0.17353449015740754,-0.005329780862687966,-0.126679783199638,0.0821905881107077,0.21531540013162637,-0.2183830963525598,-0.12380240765950146,0.06054414721682506,0.17622913135212598,-0.11888187912525992,0.09191957095510259,0.486072390333829,0.11668171777938537,0.5200522087722731,1.0899367636919115,-0.39050295045166533,0.7833918617560752,1.3173903969953362,0.899687424051147,1.8358031486037574,0.9314796291693818,1.3532053731817228,2.225242035693318,1.1578529014519543,-0.613482279705021,-0.10121282827813922,1.8245432724758104,0.5776460610679968,0.2851928772798815,0.4370987502322984,0.5864551513716941,-0.21644152966222546,0.21934915748200975,2.4727455590614684,1.4431168461183188,-1.1122021669518538,-0.9955921527610266,-0.3050388324496175,1.3425078562541632,-0.6979033973398227,0.12882152276152367,-0.09892503185649122,2.710824500537205,1.6083731395161,-1.111411164051227,-0.29553978948955234,-0.6328188684489682,0.8349330668218834,-0.34859048390408676,1.3280085168669638,1.1392293991791103,1.7762979954167362,-0.0609023456215085,1.4846284496607491,-0.3179336441670375,0.9286659624025441,-0.6685399670570158,-0.15469865640582262,1.0777229370611876,1.394480622735346,-1.3303943199168293,0.9394714555006869,1.9296624379654295,2.3884862721901516,0.23177450498202207,0.3004729309864261,-0.723699890031762,0.965988307281043,-0.16053491558570762,-0.6836911340076663,0.28102777426431724,0.3228716819929326,-0.3346847535428112,-0.5779189775068265,-1.239642833951852,-0.23802495354896544,0.5457133204976218,1.7751877611675924,0.38749248039191164,1.2545840790049094,-0.3018593080927635,-0.4654019056700754,1.214442860406394,1.7998624070932425,-0.6710306609537497,-0.7336349586763925,0.9152003545192653,0.9185102911138344,-0.2997443269590861,-0.34835109286136523,0.34813406236651373,0.7800129260875267,-0.4756242285869664,0.025093192665546032,1.7851347142521352,0.3948881833881289,-0.9629693116210224,0.6212020023693874,1.4320397994851948,1.0348945638296125,-0.9421197082020386,-0.46033953190663285,1.9378819202733728,0.6147408685593229,-0.18364710785853786,1.8167782365380962,1.4247438221024937,0.8214412802894234,-0.807946837991259,0.3438581685116595,1.0714388708631197,1.9629749935476153,2,محمد
0.4074851928533759,0.16559180713256996,0.2966157370840976,0.30225801699395044,0.17014165149613475,0.3118783111563763,-0.10879064761702391,0.197757811425788,-0.1161017397481489,0.29242282854823365,0.1674357167011265,0.2348937739063113,0.18696856416850194,-0.04719229910515551,0.28935665888139167,0.1820392039586011,0.1745905790225462,0.1871892755515619,0.04601804452162785,0.27570845739715477,0.12204871527950181,0.31429068743545757,0.23204384899548364,0.43252074592846773,0.18179241102379604,0.1291800909118016,0.11531273925616466,0.15349292022236255,0.2681752479020333,0.2569848843129557,-0.09834321102189408,0.07404804086747913,0.44528126463646767,0.1526901149275923,0.1323689350257555,0.22595789908760866,0.13187792696471928,0.24609035489595193,0.0743429707988353,0.02832721261921595,0.22121047694278134,-0.15034372854438963,0.25156648337511156,0.285844308593147,0.32574871934393956,0.3948828270639371,0.04874686108965428,0.32925826375540573,-0.027539597291255293,0.3547537348333829,0.16885939055586688,-0.396894420340973,0.01862739685974578,0.1485733985147936,0.17926817466221187,0.1403065574143231,0.36720907184527174,0.19632753857166105,0.42960485120088787,0.15915401494601458,0.37072691720447937,-0.3856624782270554,-0.3251576478928627,-0.3441795550277547,-0.3946862003544436,-0.1548302199197413,0.04177106246817844,0.23109194841447453,0.4286716303854921,0.2113887678962637,-0.027034701182813602,0.37177592426336403,-0.10481886471896248,0.04157872773045724,0.20656249595429305,-0.05469276334780032,-0.09319658562468022,0.2214921440657457,0.06636650653356027,0.07340252208860176,-0.016582726071712912,0.09476865148154646,0.1673376093703136,0.30022293759526375,0.003936577029155193,0.052228676893980856,0.07864351989878893,0.16188239271044325,-0.007632956446680997,0.104624097061996,0.2452274540698314,0.08360728474084672,-0.021769718483536732,-0.14721207293683058,0.06375078018407432,0.22277256875972598,-0.2096882114551858,0.010696149941765279,-0.10529101933601537,0.1848078153704754,-0.016090694868417656,0.14599296750536195,0.48523480199938407,0.17570576956765227,0.5130637473708107,0.5862355233853009,-1.1255441060283489,1.2610742801533574,1.0016469913686459,0.5313084960452928,1.3590437039399064,0.2747296357416589,0.6837807206782894,1.3429672683776122,0.12432832212096535,-0.7689652805732526,-0.2497627432663875,0.9968383533537399,0.35509996876702665,-0.800778227159972,0.5128631273644351,-0.3687078500665851,-0.7683573963708914,-0.7726881942821784,-0.7671737083285528,0.026024769099915267,-1.2506414559494374,-1.2332567111414559,-0.5371335372205677,0.4701980541071572,-1.1866715886801036,-0.46472110173738523,-0.7261096457037848,1.52580577782712,0.9951485125783545,-1.702360229525365,-0.4563488205032753,-0.6120607352240071,1.8793994042917954,1.5287082078164067,0.7780754680598677,0.297234854397324,1.398858566144815,0.30013816595784,1.1286979967045225,0.6526686136480154,0.1893410684683732,-0.22432524583473126,0.7977865953224521,1.8204600623913483,0.9859908239809205,-1.4607632389012004,1.4609943190152692,2.120824021944754,2.0888393422610974,0.07473898229894793,0.7085017849681342,-0.4592647298679731,0.4741235587670971,0.798895629516047,-0.1818184945204247,-0.07445394792861543,0.18651195247878355,0.454414409576738,-0.7293213218651664,-0.5224059903771511,-0.49963482436719936,0.8609829882936061,0.7482936613488096,0.2564656463707753,1.3652769563044251,0.9370725175295979,-0.13807267207551843,0.36575275143645997,1.6931755946653777,0.13169216499877742,0.5851384617049364,0.34103749825109775,0.785448012492788,0.6297551647356108,0.5964092561845523,-0.6024406172257851,0.3397875588305317,0.3385706676038535,-0.8843009678544457,1.2176836874145114,0.6128718826450017,-0.9869464590304646,-0.03862226716004346,1.8536152317425096,0.8304343520999514,-0.27825806272490156,-0.4974506172344185,2.2479772762556753,-0.13501706496413504,1.7258662999449552,0.8235954369424262,1.452643217723314,0.22582330192728506,0.0631001059705625,0.3555944295888354,0.930144344915218,1.9532475494701753,2,محمد
0.524523369242197,0.03457116222973875,0.3889603015327866,0.1449549084525335,0.20840144212835973,0.3778237399699553,-0.15319632115796197,0.2637384868720293,-0.1294931077057907,0.24602522660087112,0.14746757308243988,0.19145575858730887,0.21613811611273576,-0.07863397021166078,0.23178582405689782,0.2022394623779289,0.24119259317372366,0.1458890229284585,0.0808475415934273,0.2482464934061961,0.20629566585547196,0.31788733557293936,0.3390598444408998,0.4286774581922423,0.1641115730655396,0.13845326948251774,0.13460531252847244,0.10810838367568687,0.28990840066843127,0.3332855835706954,-0.08196213718775136,0.2267434794323419,0.3614100635129898,0.07937905090927294,0.12086870685370689,0.2882785508758043,0.15200832539011833,0.1983235958708383,0.07035019484924082,0.0814740917180639,0.13041688228603807,-0.20685663082755945,0.2272292488783615,0.2967004040149833,0.27941056167657174,0.3550594894837017,0.13552978936015175,0.3466506359823222,0.049573308520175094,0.37011775479753,0.1603300008717548,-0.49840917648568583,0.11111510743912684,0.08076879499430539,0.18679086346418078,0.037219734481744385,0.3471027093485465,0.3132168864543929,0.3752903635978023,0.21607096788490202,0.3628613858776317,-0.3586873749957653,-0.4195847197614106,-0.34138560616236674,-0.4201941410510173,-0.13849476962075266,0.04538219527071805,0.24549803273156243,0.4835978989937322,0.2598560309996021,0.04653559253133015,0.2715432300643153,-0.06650204336263253,0.026517288814744626,0.15189930766636286,-0.13380909642681468,-0.15137278390483727,0.20953831494545472,0.04420827802084166,0.061191747485606914,-0.018190739504345514,0.13690352689479213,0.10272684698597127,0.3419566719605489,0.1269310921766183,0.05421299878176497,0.09284542609078582,0.13386068164436601,-0.0030930808602100315,0.21395906013844557,0.2191727266670497,0.08404112416656355,0.02975333217754768,-0.1056652861958101,0.0782061817749492,0.23959201414651882,-0.2234232546451686,-0.030699629498454034,-0.1446624008741445,0.11248043959589345,-0.030885970668451054,0.13916994626362356,0.44039569194812384,0.17140784923063823,0.5062534691038648,-0.2226009981316295,-0.7441745468758385,1.7370580637918125,1.2416272519477323,-0.3668640473363629,1.1446034491284094,0.011676443494224161,-0.7085455452611752,0.13287825305675094,-0.6991782607546951,-0.9123644468415524,-0.5531635887960421,1.419051956227596,-0.4397349142484116,0.34578048807375616,-0.2776535469723349,-0.7258964888872493,0.2134421752575511,0.10438332705550295,-0.21064873126957437,1.9596393775516825,-0.1545750796628271,-0.4720306445506228,-0.4394850853684822,-0.787306397277624,-0.7448538592240318,0.6022525353586274,1.0842768754856076,2.8035964717775284,0.21792584992971423,-1.2441944824689144,-0.5844872537745601,-0.7775221762079975,1.324737029183839,1.7578382846430043,1.7101574673208808,1.2644613384359744,1.119513566279909,0.884586484113626,1.6771374682726903,-0.1558869929795609,0.5547527503443229,2.461478363566287,-0.1716357878858133,1.7873593853115854,2.23811013204977,-1.2145206880538846,-0.6795876408138419,2.555897140167134,2.1479474110587606,-0.4276490306803297,1.0894464659071472,-0.4357118904652601,0.7726066259055041,1.0535657801651321,0.6224230939314761,-0.005082185973387492,0.35827865632145633,1.1004403196262784,-0.17292895863747254,0.1979692585987869,-1.1579995635997136,1.350399924529178,1.9143433814611885,0.7734102434609715,0.9818063986190922,2.4531663340757386,-0.31410707144726097,1.133572146223016,1.962143141885943,3.364593183126236,-0.5745581562325569,1.6699217311480479,0.6706580760661078,3.72811889735,-0.23685313781830708,0.6714951487462377,0.1711099321034467,1.9887468318590218,-1.5175147910592481,1.9331306031452458,0.9734185846566461,-0.8501576800856775,0.05228276721339233,1.1651242848962098,1.0273509751960699,-0.7233209168073694,-0.6100257512304518,1.5092093829801,-0.14949687273964346,1.4697258728709186,0.651261900561611,0.3038778581324367,0.5789389394358088,1.9186607285580557,-0.5238919875772454,1.6307528931754722,1.3784803679945956,2,محمد
0.5668483331396056,-0.011949975676933079,0.3727007025553675,0.17897309946743878,0.24689251299794915,0.3681072777841837,-0.13147946724903167,0.29009171682713725,-0.09132118746420065,0.21727514740439116,0.09648267108277367,0.11463866028792116,0.12982490873312766,-0.16034296412765087,0.13318590956616919,0.17868158107830487,0.08080405552359499,0.07493282616363897,0.05060826211824881,0.28386062846236443,0.3403246996475046,0.30354154733362865,0.38865740743290295,0.5005969665818386,0.2509101825986768,0.14421394657196934,0.09526770075355721,0.1766659927023987,0.29023932040992395,0.2737514918762334,-0.1962296637038549,0.18115975220185532,0.29368794402388626,0.13675498963261135,0.16025565433551564,0.2795923616073279,0.08591287406907104,0.2357613866560089,0.006216266111254983,0.07599934731291422,0.14030906056063647,-0.16943157247207488,0.27847211751510664,0.2126312178511853,0.24231902453462456,0.29644425589267925,0.2306368089774959,0.33227501999200576,0.12725427001133457,0.2709670304165472,0.08268308225238476,-0.4090280250807188,0.05608437819223275,0.06530300344294834,0.12581354213717688,-0.05165626422674488,0.33856094325653935,0.2588871430228868,0.3660896948935013,0.2347640147869965,0.24564008424750522,-0.2276685286665703,-0.3127063206344994,-0.30324993930374744,-0.3608015969576187,-0.10513359300136947,-0.025775341695559402,0.301260648195087,0.30170344043689423,0.2329858347942326,0.03216347816985964,0.1991613281706178,-0.17482981150218949,-0.04430365544080634,0.14072963782963407,-0.14065509089906994,-0.08196688834301993,0.191112691537819,-0.026899340894208906,-0.007813797989481796,-0.026576419967851074,0.14203955610755098,0.0003023726416115344,0.422350532975491,0.13403017676889867,0.04346535062188442,0.09608959847939075,0.1323155565756361,0.02401044615914662,0.2759931958388851,0.18526738235304174,-0.07500012581803402,0.022099256423242668,-0.12288564513410516,0.11867430234991472,0.13990108760900366,-0.24889814577125977,-0.07647383070235883,-0.12838301177899838,0.08223462100857791,-0.02787120749762175,0.1820482082594346,0.40694567537567267,0.140691942683968,0.491318189677424,0.29247751664156124,-1.3954168626865298,1.1030755815403324,1.327341832446877,0.6528788187584972,1.0402743283402598,0.6618288374476881,-0.38278446114597686,0.11748839172237298,-0.589601917850855,-0.9848753529486718,-0.135731665846545,1.680433864192433,0.02057045517115129,0.23731602658285633,-1.0542677550016915,-0.3802179203654452,0.17151050008498117,-0.7481945513248138,-0.3952282295874377,0.08859699573857238,0.03854077502783011,0.7371009740963698,-0.2989826186632119,-0.7802215166384617,-1.2697409806908468,-0.09277880460388593,0.7787303205614117,1.6233844094190073,-0.4710897206144077,-1.1095658388969756,-1.0400153516834232,-0.3063781799721857,1.6893448412987866,2.0245014914475292,1.195962437341157,0.21687350001282682,0.9416896160911714,0.18305879180650922,-0.005346020454983512,0.1791874942738833,0.23217696122714276,0.03180549194568595,0.636486360799226,3.0334155135866645,2.2999878527789006,-0.7353381198109622,-0.2345471708403929,0.7022527540592292,0.4598320757093324,0.427662483007501,-0.026453567540395136,-0.1584875877609294,0.9719773481710133,0.3960729550698728,-0.424166573002678,-0.6596447791423355,0.4707688778743203,-0.5957299235625291,-1.0135122012716502,-0.5573899223798168,-1.0948635554676738,0.3659524157030818,0.25553998854391224,1.2586925231681252,0.13756464528388113,0.45689816618517937,0.5117104476906389,1.7236322627646428,1.7511093724553464,-0.08053935750061621,-0.3657729808183796,1.9909792810676084,1.2005898908764776,0.22044399612751472,0.4763045742017609,1.17630288091417,0.3247722032479339,0.12571385878497893,-1.5593094727945103,1.7588400617335753,1.2199701944466153,-0.8407082955794108,-0.9342719103847967,0.42910716309072927,0.8918406966377004,-0.8528737620645072,-0.19821797732488114,0.8909763774099608,-0.05588144463937664,0.24271808020930438,0.3767803241994174,0.5603412424793244,0.5000016998807789,-0.07157623653701932,-0.737463856454832,1.179754447803103,1.637318269968188,2,محمد
0.529791036244707,-0.07691148128112328,0.22475413512421127,0.052963944980521246,0.18021845714718573,0.15251478276998404,-0.11825577488896055,0.28796727104023706,-0.16855439172353553,0.10160450285208875,0.0692722880305574,0.03832228096837831,0.11335556950804654,-0.17570996454225093,0.0764374626471365,0.15765442791947032,0.005359916915244444,-0.0652924878429209,0.04538117227160219,0.2247365105572764,0.3093583816783511,0.2912561029224565,0.3488904240486604,0.5526514854801305,0.33573553506523646,0.17438731500110347,0.02152503957095287,0.2827676100291264,0.2915977408458344,0.2331551648863738,-0.11811720089009792,0.11835623532653897,0.2874366906901199,0.09734509916219002,0.12265465347160938,0.18739886739914224,0.0888125991618625,0.14905857350543983,-0.08933517848001515,0.06418577939529911,0.086188158264387,-0.18330739398221207,0.31322120841093043,0.12598773128870847,0.2859911770203599,0.2578233528341936,0.3132434453020979,0.28012528136948284,0.022840258865236784,0.14302793539213016,0.18429301136090986,-0.35669381441410297,0.0347262808820008,0.06725026593179723,0.1659220645685985,-0.06816532343337467,0.29417720064550834,0.17970241609267343,0.207927099064884,0.235463631001734,0.3536196647592712,-0.27343109847359265,-0.24518096254871308,-0.28411793435304744,-0.23265313920453592,-0.11164008437888084,-0.1285441804470133,0.21053210141522102,0.154906164582468,0.16222763865056103,-0.005573611162761694,0.18668502740851703,-0.18069567092145733,-0.003986215172628427,0.14070565765046203,-0.16031382462456648,-0.12867641177883002,0.17844889721739451,0.008826128854562297,-0.015474924886627894,0.056092572073768616,0.02046143257695221,0.040627035304857506,0.3326532621633659,0.09234084600156788,0.07690637556823894,0.022977780331795546,0.05281443991400493,0.12521487344140697,0.2550516251130291,0.11503107405918868,-0.10285709472202338,-0.07659087707918885,-0.15094047719145026,0.044659342574302284,0.018991979682084707,-0.2614828701135212,-0.09958991498250613,-0.18331333617415319,0.03463278481133712,-0.10811135081026248,0.1608636568814566,0.3790723660038651,-0.0014963643505938693,0.48655362694164267,-1.000017430067028,-1.8441211608133348,-0.38441966529606875,0.31633482175529354,-0.8249788626473794,0.0698936232725177,-0.8157874074347444,-1.0651742931822816,-0.8066806071552071,-1.4186699467953872,-1.100324246196251,-1.3252312338352685,0.7238608403514052,-1.330945062642427,1.5323779539533267,-1.0470735885155666,0.7357004415847711,0.2496067289572153,-0.239055409591578,0.08550063303430087,0.3748300555121326,0.8009711709564394,1.3216700018801586,0.07487213992383192,-0.7917651927982061,-0.5466790763444032,0.7202249071104533,1.1709885513287162,2.8929438067837387,-0.29217009003241456,-0.305201206541555,-1.272650476284314,-0.30076761672167984,0.4857950121288482,2.1992701302780935,1.9016432077559315,1.1109256308028443,1.3309927771568006,-0.5225125988522706,-0.11269504675661411,-0.23475111760821638,1.3660778768548394,-0.39727568140336483,2.0648204357233904,2.2473254782054277,2.16229905944203,0.9824247796940159,-0.595155066194672,0.7414781087172919,0.3508201664010782,2.457096362755762,0.44783147292705155,1.4801513106019024,0.9210158019329151,2.5163381527717634,-0.6329230190980472,-1.0270529399337147,0.34128651616794864,-0.570547356161579,0.6157577637779712,0.12029502104546656,-0.8700185622050773,3.0273500824914406,-0.4955907344327681,0.30025091408856963,-0.012502537244641794,-0.218187877461256,1.1106434961862706,2.0336508363419443,0.30297171179298715,-1.295945510192904,0.14963607336839851,1.9685140800972922,0.3017030024149982,-0.9148647452350621,2.17358940148855,0.056095617071728006,0.2566122399265672,-0.9960162660259375,-0.5219384200785001,0.8877750410233287,1.4631966099201044,-0.867247711971531,-0.26618479307126586,-0.10794570384861954,0.5836104350477699,-0.5304008391107593,-0.6569949419096011,0.799636973567698,-0.06759485619065624,1.3521170500983186,0.48215275437750277,1.494314873085692,-0.5460535862801849,-0.6451144454088983,0.29024177402604856,0.9770449761153981,1.4582402370392031,2,محمد
0.3427081996326997,-0.3837127909956133,0.044502894130990726,-0.22488772025401402,-0.037153045545264704,0.1351101398891627,0.003363816542106473,0.1518567043335961,-0.29399190829948285,-0.15533103200403783,-0.08687450024285132,-0.13045525737920186,-0.1604428494517826,-0.32429588208489846,0.03231273093126182,-0.08361736744450167,-0.058993056053116194,-0.1697048111232909,0.08391750976450808,0.17259531434702252,0.22410419277618668,0.06502821998556445,0.08681984356199213,0.33034150232127246,0.025922903922274698,-0.010005340577464102,-0.10924506597825108,0.19507747953381013,0.06027434971734177,0.03519445095498624,-0.06942933866405226,0.09443148353271848,0.0881477156767615,0.043413467474460905,0.007267720055145902,0.12279435158920388,0.019591370053327253,-0.023710713254979403,-0.16219792926116292,0.06312247418990828,-0.15158237643030437,-0.30857231266643537,0.2473076628587278,-0.03946833978813753,0.1445835441340686,-0.034702255739738085,0.19916522927902053,-0.09127062086014574,-0.09496367420094519,-0.045271182992354636,0.14428265946382016,-0.22806304784402082,0.027665104478135537,0.0424669889831147,0.003069052070453165,-0.18326488824227602,0.03265012924747345,0.019450983171905703,-0.11319286042345404,0.13551069543859073,0.29066249762812496,-0.2226989656681014,-0.20741553813636363,-0.23026859457933552,-0.2765649579123706,-0.16209219606373435,-0.04337748551449292,0.12309761530945568,0.06714505494799794,0.18100026957777268,0.12622642210207957,0.13901148515545017,-0.20026651456389755,0.019060032389706962,0.03804122907659752,-0.13883974138192226,-0.10209062261717376,0.09267754594575392,-0.02170727475328209,-0.12259416569282643,-0.01824778186754117,-0.07059766674271839,-0.13269186021588036,0.228728392012608,0.06074685947750216,-0.07105793004756435,-0.20827230718498171,-0.060366489871050644,0.03994618890263028,0.18811768403171944,-0.0845450694538269,-0.22089988747804554,-0.2585904286338749,-0.32830650485663315,-0.13285605146670096,-0.11266110318708698,-0.36802605427766516,-0.12749591182375491,-0.2248676029906772,-0.04496912420495801,-0.2838777789481819,0.08678568534929904,0.23880113673300488,-0.2206415545360739,0.41792735257954405,0.510023016236126,-1.8755460911772341,-0.8604063778845994,0.597514656628444,0.49639301264590563,-0.10036000124404841,0.6038796668617488,-0.43214661075606847,0.039577484188530375,-0.5861271530717906,-1.1348569924529495,-1.4763661543408395,0.7836388368733936,0.14517411093843138,3.411093457102557,-0.5875682966320449,1.344108931764017,0.8113716531949595,0.137090507791073,0.07333408403689802,1.0544381083274361,1.3281386358129503,2.7216115559196976,0.5863802861284858,-0.7397695374912278,-0.304424950787329,0.3646935326955604,2.4044441474933813,2.464283064369773,0.5946505783268095,-0.0583757277719427,-0.8763847433222772,-0.16425592570484543,2.008966071580312,1.6568898464718935,1.4320030566070083,-0.15095921578197666,1.6183422423272265,-0.4294180324663571,0.5821076640357833,1.1644620175431524,0.3271122514946487,-0.9676348423617964,1.4973755659819048,2.1485468586577574,2.1560092130287836,-1.9766846000340184,0.2365392169806081,0.381399157014528,0.00993712680003387,-0.41158334242747474,0.1564892531034267,0.4800192511316856,1.118032799977837,0.3726785915329193,-0.16556088148576628,0.01819507642804136,0.015004904682567273,-0.8278563605317413,0.3433923714258574,0.6325096572220962,-0.8112917860786577,0.07318818353994277,0.01746402607398654,1.1894864370230855,0.06715804607136835,-0.5347381471923438,1.2911080569354942,1.224532096343174,-0.20483854439174756,-1.2419137231640474,-0.262686605256171,1.7658177844755285,0.8254655543808794,-1.0974350508411543,0.9605983207973389,0.9520049006049488,0.4023386391294111,-1.1522088876235432,-0.9098340137455128,0.6723353823739218,1.2889365436994737,-1.1175392043728714,-0.7376202522843525,0.20427234386137072,0.4530818057550788,-0.8220381212932774,0.7707602399103853,0.9382714988582102,-0.3366464064934721,1.0159465398718066,0.35445995984063455,1.8897551789734799,-0.4830739781263611,-0.6646491534125982,0.363137864533274,1.767387509237736,1.0476910233123031,2,محمد
0.4570550421097912,-0.2501898082757161,0.08533626115018379,-0.18604461617720627,0.003623459128477487,0.059119404720640506,-0.0008308697199266121,0.060145925728174995,-0.4038495457524065,-0.19627218259107948,-0.2117984152204543,-0.2174355947793205,-0.12292440878095057,-0.24063778638292863,0.12971381726209888,-0.03506173109577426,0.05611983824486472,-0.24704817023919756,0.014324922059622864,0.1319762759155322,0.12833480188125507,-0.06383256573589362,0.013842936379051967,0.23203546614565584,0.05928099235668592,-0.06626134419313524,-0.08849996451775975,0.1763217077345224,-0.004254430071867605,-0.05143028279623722,-0.09477407263618122,0.17771179467687181,0.0007382582168687567,0.05891932362460214,0.03491176760760661,0.010940033725152044,0.02449075699470689,-0.033493595003593876,-0.1792420929760466,0.022822018541208133,-0.03532914017594243,-0.37601136161715093,0.2589081457401586,-0.07845834461771872,0.10762058023611369,0.002023822100489517,0.11930762268831356,-0.16990751016025457,-0.017242379822763942,0.011304939966655781,0.08857529944683672,-0.23908076291254868,0.11449597824090292,0.047304133552297754,0.06585163660679565,-0.14499247420542224,0.02570911733203928,-0.021566935478030232,-0.20003538115536432,0.12094632735832662,0.27802033751860156,-0.22155625483383282,-0.19811058237252763,-0.16411491282616156,-0.23032405623684973,-0.14637158616127327,-0.026861275922792468,0.1965400959053353,0.10284918891634347,0.11229196996719795,0.17826061015608766,0.12379539702260856,-0.1620592699636594,0.011807344244144116,0.0428106611554755,-0.1275991630807234,-0.15888358012664608,0.058964219657176645,0.060287258778074164,-0.05776801489604112,-0.019908352266915064,0.037373669153691544,-0.15443730785199328,0.11225812398974991,0.029723912747368807,-0.04408646587019153,-0.1606848746101602,-0.00022593568564978426,0.026664538395288703,0.19196558429415045,-0.06795689054255052,-0.22474044443103472,-0.2857981766217299,-0.2574010200480046,-0.05498082571675563,-0.09353002957616655,-0.26681781567660073,-0.08321329763695814,-0.2798453644966977,-0.0698192706971976,-0.2638739384288464,0.1555108516572227,0.15412048070772527,-0.29863396685825355,0.3799576137461248,-0.8550443918275555,-1.0864390466803584,-0.6517375343756541,0.5153371090751098,-0.9212776198856032,0.0009978978190433026,-0.6187949774579686,-1.3570918151526281,-1.049353947634943,-1.3709486160526405,-1.2150553345252382,-0.8994803212308324,0.08580181071140779,-0.9808700180698446,1.4972260726782123,0.4794962086861673,0.8460090552828473,0.5655024502454435,1.16722538045221,-0.439505800348559,1.209352415869128,1.661472036619892,1.5398430111366566,-0.17876582082217105,-0.7905742518751941,0.4614791583529621,1.7242254680984206,1.6572190663348245,1.9756050123263877,0.8489831421758168,0.5714058938254728,-0.8064740684204654,-0.7902924523872766,0.5622398993130266,1.821786790281671,0.541404649304384,-0.5270672619701089,0.6452073614200264,-0.47671805313455057,0.2099556711126605,0.45024900541758733,1.8278684950224804,0.08595373880355521,1.8135724234038877,2.338125299542131,2.585908759635239,-1.2020099748529116,0.23328197132041145,1.1373223562148862,-0.33987288676448024,-0.4916411545133659,1.5873501976845226,0.3702703078490232,1.128281944369501,1.1146907812533249,0.41153301186458396,-0.6505777913934064,-0.5800840713272157,-0.816481570301943,1.3518439737059131,-0.6121762139139494,-0.8289758875140364,0.5013717952436871,-0.38451557116377644,1.2568342702143471,0.21372313615647046,-0.7154839922176954,1.6176695290334728,1.1411865122893026,-0.1147458812227361,0.49484755164519634,-0.19742226022784592,0.7996965546824552,0.5804628013427188,0.2362317849304043,0.5649760245175761,1.0781615147236479,-0.04240384565331077,-0.6592232893791561,-0.678864599139671,0.7042177190162124,0.5153788340455064,-0.4274094489846274,-1.2797724834803352,-0.23607861387749698,0.35406677699185835,-1.2347858319608391,1.5938019700954624,0.5701045725097056,-0.02066237838887705,1.536437584465594,0.22696035977346982,1.1232081336797397,-0.5197765143608339,-0.9500671073635495,0.422632456941898,1.6276578341918002,0.9140661286432753,2,محمد
0.37747790594137387,-0.25738900765834255,-0.015773020448983946,-0.18060070408400955,0.010089795535685437,0.05603757944953885,0.045137611757534814,-0.0027370303391097525,-0.30675709089497794,-0.19510535742517274,-0.2755551701645524,-0.30403254326036827,-0.12120664689179717,-0.2147369448313862,0.19931149145796112,-0.03222659300196383,0.042158021258144225,-0.22472082874688057,0.015022335975416514,0.17856395930214014,0.05085917268576349,-0.056214785513893195,-0.05779392198907872,0.28121595746189,0.010339589917779399,-0.012038473009060803,-0.03886014735834108,0.1909619921804705,-0.04633779496288602,0.01481863601276345,-0.07667600773721762,0.18376203821500411,-0.05068165645070341,0.02571984501127065,0.04775316191452949,0.014207639443038884,0.03031839066442561,-0.05003897806821182,-0.24589755188354243,0.01602019691369405,-0.09961337225934822,-0.32497342314748684,0.3268815120702,-0.03210977381356685,0.04037618377812051,-0.09149670004069471,0.07132574854849287,-0.20895211532362223,0.044776954406292355,0.020721309361410128,0.09513606601141561,-0.19755953490142347,0.04794272805684032,0.13759058052181072,0.10026344819371669,-0.25127373449685997,0.03573154536823768,-0.023875744031336854,-0.16418869973931355,0.1518690531064261,0.17133084759197165,-0.24870089107459867,-0.27141273648417197,-0.09407475106276855,-0.147132125487306,-0.13783316714739624,0.00547800476417318,0.08835588578685154,0.04321594704080355,0.024230049803842843,0.17328129634462455,0.1213915878272871,-0.16025704622407172,0.02671264038407048,0.05555351681773731,-0.13408866281591533,-0.21195855513818507,0.0567250751841326,0.04039675379429232,-0.07456829314517403,-0.056980859381427995,0.028899388514751607,-0.1661804780927944,0.051971983083831164,-0.0029406854178912235,-0.1352142352458547,-0.18859250022804028,-0.04803834428238268,0.03828306470835142,0.20711399661739238,-0.01814101193681955,-0.3008358121252928,-0.2967542798933049,-0.2678346404771673,0.039251044589377934,-0.08458267977504236,-0.35482415327275546,-0.04334794740888025,-0.1357045765194086,-0.0320256850440094,-0.23699951333240699,0.15156488883578262,0.07313459264492314,-0.40188774827348767,0.3441419584862991,0.36659808711473774,-0.5878607233936242,-1.100986938300249,0.6097622854899524,-0.4533387435826573,-0.25256362436636526,0.31779760600231277,-0.3395925030134375,0.07367320751271701,-0.43216165544218815,-0.4338267878595252,-0.7297288762731636,0.42171822215942745,-0.3966229636162086,3.7617616901653594,0.3362938139751556,1.2799038176960353,1.035920231162846,1.360454611167062,0.5640806303271871,1.660038946878271,2.221149695609657,2.8093761376782638,0.7602047988497089,-1.003346686393514,0.4513575177312898,0.7157411911977254,2.1348953837945372,1.9406990934884034,0.1760528910006788,0.7590598775366885,-0.6108480923601681,-0.36932255224946425,1.0490035280536898,0.7762290434064448,-0.043676582111110834,-0.24018027205624093,1.2699957310075811,0.046031063586827986,0.19219557832142506,0.16055305684735155,1.9054610765625606,0.5090880310204566,0.8682457925215652,2.009295250562557,1.8007684909564279,-0.9348303319957216,0.7793545421452818,0.5445043845189169,1.0436912543435646,0.42537706592237085,0.4519721449202323,1.1595001913774998,1.5904103135948158,0.20209653809959224,-0.026476324564974715,-0.3923174240142399,-0.29380673807144814,-1.0093931395599578,0.5778907317148086,-0.04878849777394333,-0.6931552024277619,-0.6721970033814619,-0.21849549383225772,0.39215091053595,-0.07586203318145564,-0.5332109725253967,0.4710454018931366,0.6969409072375625,0.4398929493994038,0.5127749376111285,0.9128313446975908,0.3841727279078211,-0.005135529543248588,-0.3633312385022341,0.3612165101330677,0.2863585443242167,0.08761189194637949,-0.6449871634469467,-0.6940923451725444,0.8022360369802889,0.2828394434367971,-0.8126242997235436,-1.2006174589963956,0.0576196588158212,0.29751094989424837,-1.0562772127680555,0.7761128048739958,0.8469685994786298,0.5981751835617368,0.06566670005810177,0.39311658023119295,0.8423770189033369,-0.555418474388777,-0.039722331393018735,0.35235892113791,1.5724214206077947,0.7304760738309507,2,محمد
0.3474603074750627,-0.25926646276908183,0.026264987634295127,-0.15194792561196938,0.039041653760184813,0.015626706251136623,-0.0065423805381525256,0.019366766890545152,-0.3307956713083339,-0.28126329060899274,-0.2639625588308736,-0.24219579812915976,-0.15760153852426828,-0.21412585972189088,0.16465827433687386,0.0088267364174497,0.06081321502438651,-0.15193873355791912,-0.04432125776535873,0.10614937955436875,0.031093087777868518,-7.684149033721981e-05,-0.10086272547709448,0.32184596539502563,-0.012975122767639185,0.02889104615103824,-0.006402248141112323,0.17856625505531976,-0.030308617247521392,-0.06527167711361948,-0.06530738055066287,0.12263192347257852,-0.050129712643198245,-0.024170405479898495,0.07292600961384124,0.04039640280129067,0.07434639568989547,-0.04073127393991267,-0.19385519638812837,0.005092715000354743,-0.08578145908890161,-0.3797853640587025,0.26786286496352235,-0.09000217890132022,-0.01375191712853444,-0.013635040691992355,0.13113884219282504,-0.09800606654724292,0.09182265393454317,0.0014558021366848242,0.1354298579762845,-0.20415735363997525,0.022259159347628628,-0.017407288724435366,0.1565233136698981,-0.19984947437907985,0.11964745179685611,0.028598962633439567,-0.23674313344912926,0.12279232770788273,0.17455995192181137,-0.2223295596159031,-0.2586155607825507,-0.11677573366797911,-0.056417992192866126,-0.11980967898726845,-0.11958414534503219,0.08733292797217153,0.05677989347444846,0.027313434698311587,0.18341721634873265,0.06895519307033367,-0.03635320028288943,-0.012372573492007601,0.013132217699251355,-0.10925586315789278,-0.14595180610235065,0.12621908208501803,0.05390227422774338,-0.07757794076484868,-0.035397148705687345,-0.07611245844581173,-0.22992979138298644,0.00781340535676036,-0.010583010557797421,-0.1209936742235708,-0.11137471170391594,-0.02688497296985156,-0.04975050617334101,0.1608042575225977,-0.07455704040574083,-0.36670983826044096,-0.38418843296610883,-0.15467250732273843,0.09892609667209706,-0.08284475222678382,-0.34976803423739916,-0.1097621045410363,-0.185184007691084,0.016679817768809654,-0.18967011628211122,0.032878375154006365,0.0793257335476715,-0.3735459248237169,0.35373510274137976,-0.15359155514528774,0.1349420514955501,-1.2113706762973326,0.26178494736026925,-1.437667420020624,0.04581447482125207,-1.1288673442737374,-0.6206789883647901,-0.5693357221021486,-1.0810593900573957,-0.007540354911577621,-0.5409052333196519,-0.19448061930712177,-1.4705625902926016,1.1673288656570378,1.0793161098674866,1.141351599290187,0.2582924400805288,1.4404576780248652,0.034156376623840676,0.15827352533763586,0.44747860900365516,0.8292852595949752,-0.09883350559871525,-0.6198704491163467,0.7728033222788591,0.6940868311890429,0.10971598553522628,0.8042093896148722,0.1894262943824359,1.6493633776677292,-0.6119216879930232,-0.8490706793877911,0.4714873257028775,-0.11417672934289597,1.4241324877253976,0.04161811604840397,0.8817655487834453,-0.8318518179961607,-0.464125273523514,-0.012577676755110014,2.225834549717664,-0.25833945211461284,0.922848546599385,2.1218050773093236,1.7001276557403553,-0.7078610361488917,0.07544365618145615,-0.341628075230036,0.7038925520663082,0.3910648032625348,0.6704508297736427,0.9350545256677945,1.4292148471734039,0.7241691811756675,-0.17251999031984647,-0.8553350742225582,-0.38221792952737066,0.006472243586347145,0.6282728939001754,0.13890091577827546,-0.6144153645166104,-0.07329764811401482,-1.1155500946816106,1.1252738941571974,-0.3126741256608183,-0.6353393005153537,0.40278022647930833,-0.44829007238874086,0.4972506728785171,-0.4111402407248462,1.5007656130892948,0.19189599585179326,-0.22373648821030775,-0.2527099034015723,0.09958853655641182,0.5150431571932921,-0.3244590018320895,-0.800932684446012,-1.0778241554079904,0.8110648194136474,-0.21386211365662677,-0.6975208815137779,-1.7769142945524175,-0.06489326583710102,0.3163869592511985,-0.49226375621821816,0.6205395513033161,-0.061326164548956334,1.0473288865341037,0.052167985351768524,-0.5221925368717555,0.37275356925051073,0.8908095495958186,-1.2417985178427415,-0.06669991466298572,1.7468974396848722,1.738552784751386,2,محمد
0.2757227930255259,-0.24684846284418002,0.00244078041709211,-0.20191978617318843,0.0681675908439117,-0.015401867313607442,-0.017833854144781086,0.0007320498548371558,-0.34798261413587295,-0.3373288581488775,-0.2608966917218788,-0.291088313091997,-0.1174422666319567,-0.21014516043997908,0.20356592448214333,0.008577555563650897,0.1695809961036921,-0.16963647641707888,-0.1295710468603489,0.18015822955225713,0.007825533865216786,-0.019764401642880642,-0.1890469056711977,0.14818404493296589,-0.04329536974983519,-0.08786294084858158,0.010432357521714905,0.2205253784583459,0.0048116853155477785,-0.05670405953825711,-0.045451059234023095,0.24104875830429914,-0.002955570031131665,-0.054638910483284495,0.058892267654221765,-0.14949003478906742,0.17383670895629386,-0.057211252614928265,-0.19207571050509523,0.009113268435072536,-0.13899034252916595,-0.3283361294053722,0.15109752865855033,-0.11814805573261675,-0.06506490447084354,-0.1239246565931737,0.03827298576413126,-0.03430759656060311,0.17531402333767077,0.007269261062325302,0.03715184200214618,-0.15529553163541882,0.0763404915112415,-0.02860813126114254,0.06986001370767542,-0.22742331285787512,0.04409273526928817,0.071735383891318,-0.33514997993282686,0.08403529564595541,0.09929014976852199,-0.22483041620730984,-0.2325524657285338,-0.22333616240087031,-0.013574879278268198,-0.15033295008059408,-0.16287092330709818,-0.05700955272541706,0.024924943283168376,0.06733253964060125,0.03672747886432304,-0.002641280758208666,-0.1607332431987425,-0.06058419671075487,-0.06057890675169285,-0.07282027720763283,-0.05597774414567562,0.1550877392530307,-0.11283294737549025,-0.13001078694571067,-0.0888105603903162,-0.0969174846180819,-0.2131847044283384,-0.01380930477101197,-0.02703621225804444,-0.2960982096526106,-0.14117937466431488,-0.08077920776165048,-0.02557036697914847,0.3010119014859894,-0.14031893510392296,-0.417237951491406,-0.3741280625894991,-0.06179951849279257,0.14100172582581696,-0.14850183916563633,-0.3399722229790133,-0.21263096337567053,-0.22956640593995123,-0.02572544665382886,-0.25377921033692624,0.03168076718721763,-0.016308419375742983,-0.3329463962950547,0.32500342729956166,-0.9063751745432178,0.16993817136997957,-1.1042474810589822,-0.05286965618488803,-1.9089505643928226,-0.46499624371922793,-1.4101817403460608,-0.6889215195048343,-0.7949572479553022,-1.0274934753239346,-0.5971525509087077,-0.37832650069590745,-0.9160584018155411,-1.4991949327373821,2.6405908962151963,0.2610754540537962,1.5138662919414227,0.06565193492688003,1.2303393312224018,0.33581554074296666,0.7442368182392926,0.687791424134688,0.7643422065177273,0.7983633035859656,-0.7968384699788807,1.201487865492874,0.008297722560655828,0.6513703806160163,1.3370810866687284,0.12050567392344831,0.8647224727381281,-0.14993173021727138,-0.49949560883098326,0.42676868888795766,-0.2906289103801678,1.8151026075891021,0.06857598064442785,0.9609159084723929,-1.0684257511540374,-0.1910931083011091,0.22320841952453976,1.6726767816011254,1.3179083701194725,-0.09593606109608077,1.4965859424295072,1.7195751120028933,-0.7309805492495774,0.8953768979333838,0.45037249326859197,0.9722149290374618,0.17451860284071943,-0.01974041604259856,1.3992867255766746,1.7050071202307175,0.10979292805098358,0.007889932841322849,0.05518978081094583,-0.19793599336661366,0.19471310732523123,0.22928280643430515,-0.08472435146000272,-0.7161301282138217,-0.3175407094705984,-0.7128478182405832,0.2805079390570867,-0.0650524141301669,1.5236287051317967,-0.7300222535281294,-0.3214968379353386,0.36739927120350496,1.1021525925064786,0.11872961830902348,-0.18592227096217434,0.01942233224009655,0.9531791842009641,-0.2768285369967372,1.5267433932541452,-0.9619244790833519,-0.8672628402573727,0.2322524656200325,0.7711370659615913,-0.09567947974968682,0.14910640507740922,-1.64826554805936,-0.4154136898223915,0.7763728917193151,-0.8897171421819691,1.1548881426701456,0.030546416582395527,1.4669675232071644,0.6433155668274951,-0.7591225096738059,-0.09171035333105262,1.0557911117601535,0.01804051926964977,-0.7773173482274621,1.5535554254911377,1.720231530551787,2,محمد
0.04686583677709074,-0.22284695057087048,-0.054228211572519246,-0.16137875605068785,0.007012420132410439,-0.11151957482407415,-0.013540317765712542,0.016330334611282343,-0.3264215033041701,-0.35201564250627665,-0.270828186293087,-0.31360986875805846,-0.13799495784683227,-0.22194761244474684,0.11397318743941083,0.04995600441934596,0.1846736423958132,-0.14330143678454263,-0.16727313939930102,0.16015201348716573,0.002947728100654458,-0.09712326197888142,-0.3331912427976572,0.0887376879169282,-0.0036875780568833083,-0.07095341161641533,-0.003984887857871045,0.18994333827390128,-0.01673061805821054,-0.16781445997674935,-0.01152617403247019,0.09469552807995398,-0.05676583503074074,0.005954031278948678,-0.04139468282118799,-0.25257383446032267,0.0792016450540412,-0.012916161989536804,-0.2646556956664348,-0.04731095794001486,-0.11385704101961262,-0.2964046943298592,0.11268560811739053,-0.20201281042326286,-0.07906568752553864,-0.22107298981441514,-0.07041446400289493,-0.07232618109533112,0.14940871850826082,-0.05798939028636878,0.10507947395652603,-0.06977682996636785,-0.0069649272155920105,0.036340230925159034,-0.04649034589203658,-0.18891365541517202,-0.135893707899753,0.07499176864076036,-0.261408337013413,0.12905204375098617,-0.02822066593007396,-0.10815702601942523,-0.08736507224234771,-0.30230570474398205,-0.10903618247708512,-0.15359643643221996,-0.068569182560677,-0.15031908686521567,-0.0708383525181435,-0.029608237434098933,-0.010875858035467673,0.009830662680857548,-0.20085171201489174,-0.1454350240580831,-0.17888894431323374,-0.007034582771571552,0.05727723056155772,0.1410393779566369,-0.27361428681962974,-0.25038334952373054,-0.16930207768649372,-0.20546819063430413,-0.11120060539079837,-0.018429961906734318,-0.03902832627091238,-0.40194585653894427,-0.2493129192708173,-0.11575093859732641,-0.0847217090015004,0.15933348538747988,-0.20988842192550988,-0.5385579597743415,-0.3388560430273976,-0.027392187549173958,0.1789683098345112,-0.16982542790068644,-0.42250039592475824,-0.28314346648204053,-0.20411589148022508,-0.01866814116168027,-0.22314651971703814,-0.0009505074635480085,-0.04803377594378329,-0.3621131529015218,0.2379157203769676,-0.5240561917667859,0.7088013133030476,0.35385810284551333,0.1592075736492093,-1.3942489100171758,-0.8015599172770888,-1.0636272153134265,-0.6224881605733684,-0.7803368668317591,-0.8413985419437756,0.006738874527431587,-0.18972931718183472,-0.29159626034866376,-1.240758679017133,-0.5005097256674088,1.1498657713865936,-0.03840258991122411,-0.01500171768818443,1.6871471857634952,0.5001729124405937,0.5884522217671488,-0.15886689057089498,-0.37881213412435416,-0.2617561165400291,-0.9268682376290706,1.286141243640744,0.6338751997135033,-0.26024217719076925,0.3612461048109249,0.26900373182391046,0.832626898004409,0.1306789951794404,-1.1848729860736045,0.43383971608772676,-1.1111742851453748,1.5136759987885147,-0.11749497107121029,-0.06804402112412386,-0.00913593198418718,0.06724600190123851,0.407586555331542,1.6041127057565958,-0.92584272165697,0.18260664532063078,0.9244535603808739,0.3028519946111805,-0.5936174666360072,0.9296980625796998,0.30142989301588907,-0.11577242430465974,0.8551936544644814,-0.1961766536125082,1.0155098710931427,0.8346125617904414,-0.4451432981716341,0.22759407416954913,0.3579906918815482,-0.7086557430350784,-1.0025497384607371,0.522021340009285,0.1201981431565788,0.44662384321212734,-0.15836083330099351,-0.12738916352428112,0.5066584355940529,-0.3294677265520031,-1.2860661131739948,0.6084880623625952,-0.3690161723130893,0.19289125675143215,-1.164883491436104,0.5457386677366268,0.25592926941573224,0.20213264968271927,-1.027714489912457,0.6496682436825783,0.14606032865875376,-1.1935447963515635,-1.4507014571852102,-0.2234678641714735,0.9235925045342923,-0.6021866835211139,-0.34404233015007185,-1.1004574937944804,0.08305675850900951,1.0659024247742637,-0.9477991687219092,0.7487212510113419,0.914048191597233,0.8552552116843278,-0.6840600631468617,-0.7110663082432682,0.7083081187773969,0.6847250227675501,-1.856576292982905,-0.45848143858708323,1.3089543471316882,1.5663659977650584,2,محمد
0.011332541559517104,-0.13926324453495698,-0.095281952762228,-0.03413358832516475,0.015770884737418268,-0.20336413745436302,-0.10996929400416502,0.03921718544138847,-0.23257130460342182,-0.3315228255495823,-0.16853018062066635,-0.15266019845128195,-0.1304571296025917,-0.06030140008899446,0.10651131653362902,0.07158761996416264,0.2262222086452984,-0.057442771031026255,-0.061507629380629765,0.2100652720477823,-0.0919023888289189,-0.07800476228441626,-0.30071088044336086,0.02321273627924389,-0.028994621830350526,-0.10031015858011104,-0.07319728636489221,0.16456676117652402,-0.0009965218878261748,-0.1163320587668026,0.004855265317294199,0.14711748926466076,0.025121608480133256,0.056576884272994794,-0.09736282822428245,-0.2611855314787821,0.03792979201161208,0.0022382428818945297,-0.22192249787408694,0.04715349907735222,-0.2613408865156345,-0.37257450767550143,-0.007939273920459115,-0.08128169962624565,0.03359829786825225,-0.11547957984275611,-0.040921692445118486,-0.002053702543554148,0.16161017256119575,-0.006137853575097018,0.19583915181174438,-0.05864870171849933,-0.010079682246180109,0.018395054324302974,0.027554069186964923,-0.13916336421151693,-0.15904733527323944,0.0006058959949938017,-0.2891141168623915,0.07716237637903811,-0.10356066121880475,-0.036362569964577325,-0.0386430669039968,-0.20784855465188284,0.08293636512940508,-0.11822473178430819,0.0027210101820094395,-0.1576490997637669,-0.06460936414972791,-0.030554164964533344,-0.012129220610497217,-0.004934193124511235,-0.09440750642884906,-0.15761451236739607,-0.21728762490145678,0.008159651374272528,-0.0008256552476330727,0.16089134821525666,-0.1947090673356738,-0.16609347304613575,-0.1462624843615866,-0.17735932035899954,-0.04108106072421697,-0.05231061402201651,0.05077274703491888,-0.3316414091710479,-0.20180615314184866,-0.13390855080932149,-0.021631814851185954,0.05430014383715434,-0.15949056613863824,-0.38878292549652466,-0.29299923837409964,0.006878269498467297,0.15740921672482572,-0.14672025385449156,-0.4365552179554629,-0.26237972058069564,-0.24661752939023748,0.02845285254386828,-0.23308575634110593,-0.057446133516807676,-0.0012331992525660513,-0.27233125431208177,0.2210034124867892,-1.3707201807745695,0.64284030377244,-0.36896366923860724,0.054046743904142804,-1.5073913766416567,-1.5632536961764616,-1.2361304541445859,-0.8302894162485623,-1.0739794527497228,-1.1530090539760334,-0.29343028665937304,-0.39655103006814807,-0.6448314653484939,-1.8347948692968281,-0.4495887651241338,-0.43624602402580165,-0.06880069034159444,-0.6236331750968723,0.24253399606850196,0.365471663505882,-0.3573232947800908,-0.30509930409318725,-0.24479785166948353,0.07124020029063005,-1.1934645559122385,0.22560297825642367,-0.29687921909197135,-1.0397236884898329,0.06352293090114232,0.2043779221149386,0.7399935610207912,0.8138850045335653,-0.8196839427517423,1.0635149422267607,-0.002080006984982509,1.810713510488978,0.9697091873092144,0.5861228888297924,0.3014706914482683,-0.044718543527381714,-0.20402757411020478,1.5741506790771285,1.609816183112462,-0.7112824055291032,0.8022617135911851,0.13261270373420722,-0.15470783302414756,0.46068686525456126,1.262003410893365,0.5705071658109773,-0.7341238074422515,2.339738382988672,0.9897058252358601,0.5421079869086686,0.3889311766903135,0.35596695981720433,0.2696397404705372,-0.4497825441880012,1.1367064819865067,0.09322673364735845,0.41684657070160264,1.938703944098899,0.13197075788797996,-0.40743892495893724,0.5110397813254357,-0.09241597520994568,1.1722774924573356,-0.7606891114549634,-0.5089905707146855,0.07790696847506391,-0.8203807940724958,0.7784609018413658,-0.2583996609402748,0.6814336827130357,-0.18416044593415187,-0.13718542617027338,1.0689071890782098,-1.1525015999528947,-0.24856258776514573,0.8083352923473844,0.6182299500167703,-0.8626756617978312,-0.6704404414490891,-1.6395969865233404,0.47826314517656876,0.7193264324133962,-0.48127176222271656,1.367651684890268,0.4361166012469104,0.8421058042786905,-0.31944224548649636,-0.8852127055834725,1.4611354352687507,1.8671772012161478,0.030632333463327947,-0.21488198055838328,1.2817643419497393,1.5189943585494152,2,محمد
-0.04901550657996207,-0.08721242646245674,-0.10463167430281203,-0.09465661643017148,0.015021901684151137,-0.08768462429848027,-0.14527757194391494,0.0032690947507973632,-0.19002190527439597,-0.20417634121206593,-0.15860811760018861,-0.1558056747773629,-0.2657757309118527,-0.08875966433652564,0.0916210559029351,0.10866417690456107,0.15456492557507417,-0.05148237132419169,-0.059292444924427194,0.17655474077933217,-0.1472143689969851,-0.08025976170554945,-0.2673973932037171,0.11106065527307331,-0.07032568028310905,-0.1529894105225835,-0.07298148040046394,0.14153553816467232,0.002310505495290413,-0.16749299087109937,-0.024839331246696444,0.05578204925633832,0.021663699001982534,0.09208314147270022,-0.1475172823344796,-0.2353606703256834,-0.03666830866564004,0.12742758391752707,-0.1358865487865591,0.07699839729023755,-0.3162410145881995,-0.4200375196857808,-0.09855378620622789,-0.0361763872714766,-0.00729388603924921,-0.22902373029774362,-0.20643864407584972,0.011656772220715301,0.28183264581714496,0.03704130607727466,0.2033528744173025,-0.023321267554286786,-0.02878005353550579,-0.017109026975239736,-0.01770296826283565,-0.16473349230806836,-0.182676105050981,0.04604981238245804,-0.24279781273905382,0.012641291017048507,-0.22358145435096233,0.09061151832968117,-0.08336175105009236,-0.24279164184277435,-0.06306305864638628,-0.15684194489492093,0.12145655007153917,-0.07832585086738726,0.06912783777037844,-0.013688087247800443,0.040027654941696286,-0.056532276994247156,-0.19462485627215503,-0.2616540697952378,-0.38122812047362786,-0.06131439880851517,0.03973797947964298,0.12862595548649486,-0.2757069689909206,-0.1478959590775701,-0.1976872550949157,-0.17908307312089258,-0.11806419470988071,0.000942486593422983,0.06763453481759564,-0.3291823068492736,-0.1735627246467089,-0.13633532326048017,-0.08231715816559419,0.07519010094661026,-0.08305437647996891,-0.4391770538115076,-0.23285811435234816,-0.15436826878356488,0.16210196338584928,-0.1577614348896939,-0.5418517034054607,-0.18248347118996552,-0.28352790752502177,-0.004482166571884671,-0.2689620666738868,-0.09188656943158775,-0.04051017239080005,-0.26073250275219667,0.18489699997879072,-0.17624132378179047,-0.02790919066202959,0.006975478048356232,-0.6952276521646917,-1.0341933295983892,-1.4245128099060846,-0.6351363313363863,-0.25135716366532984,0.11158244437369025,-0.4850244127600488,0.05765667847043292,-0.494150370700041,-0.5154025413619504,-1.1353941840914934,-0.4026849710673006,-0.49170489867496775,0.007366550255014921,-0.5805376137874945,-0.5126044062970176,1.812242267105841,-0.2592755912793244,-0.5253434648496322,-0.5719484762856543,-0.04927480723606331,-0.7117541246115621,-0.09901846939850897,-0.8081087381098557,-0.9803167712669473,-0.37857964868365906,0.26682830715133626,1.6362251792691882,0.7348626188887947,-0.4096039831891386,0.23689394309956932,-0.6402003368625732,2.479380285925774,0.09304816836230537,0.8990050577474789,-0.17286667770702593,0.031260394678037005,-0.2908067936740455,0.25670592778025336,-0.5632807058694891,-1.0628180633506532,0.6809925213630629,0.06881630945795195,2.9158701701986156,-1.1219597042500988,0.5993676517518144,0.23749647607346852,2.427628124042676,0.5977040996380225,-0.4774699011912862,0.5747464387729206,1.5941802630927715,-0.5170139263116771,0.09490335176270913,-0.12529281633842437,1.8982217658112122,0.29764386446262675,-0.14360940253745608,1.9917107771370528,-1.124015702110488,-0.40249023722971294,0.23489817228654192,-0.38837869268959796,0.40153158364575403,-1.357075166814426,0.3225093854374792,-0.08566048944057134,-0.9204281470285144,0.05963418892049205,-0.6826906061842601,0.508253038775298,-0.9145697401762732,-1.3484570510058658,0.9355133699841073,-0.7893846252587493,-1.2861775943916247,0.8710668959990321,0.8518134498351008,-1.3060119171380298,-0.7077231963209525,-2.0437641863384073,1.177403512625932,0.7339416072778232,2.140787012559172,-1.849069787686039,1.1553175142360532,0.4104096209602768,-0.11376150993040876,-1.3277221593904702,-0.18251192858343454,1.846859559886983,-1.4099472087535172,-0.45543429789617984,1.2833656937975753,1.973848199773058,2,محمد
-0.058578148637468165,0.11153278161072167,-0.1380791968809631,-0.11135663190476812,-0.0038584393430071023,-0.13065986834809204,-0.16673701760204396,-0.08363844300583098,-0.301443951004983,-0.20136339147039545,-0.16258801978368145,-0.23695393371163626,-0.2513206672196003,-0.12008208832704077,0.009114668692076973,0.2733408195570569,0.03059783709943854,-0.08120107905432032,-0.11932667710194127,0.28389680716751614,-0.16425481788695276,0.05910122416575062,-0.21065109515264985,0.12883666649436717,0.08841097109415934,-0.07504652802388731,-0.07841169347657835,0.11983848510711526,0.08049086211768437,-0.08945070807081194,-0.050143358052895486,0.1649195479525394,-0.011539775546549728,0.045441478819382694,-0.20260342496727482,-0.2759772067126464,-0.15398965832691386,0.05092583123706409,-0.2484060449863247,0.07249450081084825,-0.2141121599195817,-0.22342594794905066,-0.09416852362991554,0.051257300165238544,0.07848614129564938,-0.19310392210214253,-0.24256237630561775,0.08705867346088238,0.21388350282876137,0.06210600821701947,0.21686898897026013,-0.05992508058893578,-0.045928094127616094,-0.059333448680428086,0.0010312887010571167,-0.19163808986277364,-0.018200800049643282,0.059082192145758085,-0.14989904012128596,-0.1142209169407263,-0.15440690382097164,0.02017013718661393,-0.11597196573709936,-0.23555231167279586,-0.1060321262597716,-0.168307346967787,-0.031043965282039603,-0.11845197218353214,0.0566086370103155,-0.0037307216275836177,-0.00370071391822755,-0.07493644233984081,-0.11314388951484501,-0.23130420646708535,-0.30410500054190753,-0.08937280750243812,0.06034151861472521,0.13752686653227472,-0.1935597493486053,-0.15738102899384032,-0.22533863368669232,-0.1634857345151713,-0.05289019549818815,-0.0155060772330453,0.07134267813148185,-0.260029703655379,-0.18793588947883166,-0.12766260093305407,-0.1277533691235414,0.023106533699908744,-0.020031155085877838,-0.48560647067847995,-0.24223247136129275,-0.22995336627269508,0.13073022327183995,-0.09732732369121572,-0.6243191377799842,-0.2080401607131055,-0.2918828587967509,-0.04785980438752905,-0.2426137594033333,-0.22934088126261773,-0.08752176559869337,-0.24192229981989755,0.09626726255848053,-1.0972455227013347,-0.32255152718976104,-0.7254307960736487,0.15325091144904585,-0.5267471891153483,-1.0682845601264384,0.15645485963919636,-0.7949774154540276,-0.6718066673155502,-0.9254258675602615,-1.0272876681320016,-0.15650591714758563,-0.3319443239510569,-1.272130284041337,-1.183472553983227,-1.5439301759752726,0.5905873506197211,-0.9952877023423019,-0.9470987515518243,0.9204446516594981,-0.04899330085445251,-1.0997041692188543,-1.0408877035129334,-0.15384434749934559,-0.639649086036351,-0.5175545052406697,-1.134888652937957,-1.2353484537894615,-0.452650890518779,0.49829665330582346,1.6811631469733903,0.6214144369315123,0.9008708263395169,-0.6103155476018949,-1.0634859362159927,1.7298322861898843,-0.1272098844595667,1.1643394853007312,-0.7853528395420147,-0.7475331420586551,-0.2931130492522228,-0.27775830696687226,0.13700704105797912,-0.9564495470161997,1.1541996488919286,-0.0178029958446449,-0.5625244765739307,-1.4320321615943727,1.7444964461861456,0.4442519421699874,0.6845475308570027,1.27634154312199,0.12325894182203723,-0.09354341012769558,0.3249515051153091,-0.7396637034549947,-0.14056862000259177,-0.14889669179140022,0.030888274934316833,-0.32035924337272476,0.11618542221996246,1.997624419615902,-1.0731440992168386,-0.319970763029586,-0.3699763116889868,-0.6958386160349193,0.037033489313444,-1.0828304432664477,-0.6822103005520418,0.12219697733701174,-0.08430445763502513,0.17940139834569668,0.0187808940918298,0.45622735639225376,0.37400990668483775,-1.0474486330766113,0.8135116873902414,-0.6571051833001998,-0.4853568558383464,1.307140121377675,0.9319781717075181,-0.6291353871331063,-0.7327860252963624,-2.334783347141186,0.8149390608669597,1.6607783223270869,-0.619188410222017,-2.1522952687742896,1.8162279950489961,0.6845689154652959,-0.43444729534635257,-1.5601558519826928,-0.6109419743582344,1.8806871430157657,-0.7834472918466808,-1.2282749689764865,1.2678579176996505,1.8653316419128287,2,محمد
-0.05445733517651838,-0.02258210362738689,-0.12711629275722902,-0.09777672172117848,0.0009614445522352973,-0.09751935331371848,-0.07135310358672582,0.055133765710498515,-0.2218321476210184,-0.16022732456203748,0.12001603845935173,-0.08021365174453997,-0.22626983784930096,-0.029839972215124164,-0.006075772892282445,0.2544896068363932,0.07300924238441614,0.004323706940492989,-0.00043136466021281595,0.27278054654346534,-0.20051043659675574,0.1342529073187673,-0.14563402736843484,0.11321465987711846,0.11000930849009789,-0.08102364635555959,0.006062798997747089,0.15235742759864973,0.1638964035731025,-0.08617250549914887,-0.08864438328230854,0.0764952398269556,0.019070886003750377,0.03951795943564135,-0.16293009515824644,-0.16429962133753706,-0.11973547665598794,0.06520130434793768,-0.22811107166853475,0.07003400977987681,-0.25624122964822255,-0.11152079905509031,-0.09256228460915862,0.06204319300330061,0.05977907040511055,-0.18954030287945642,-0.18018525600837682,0.14195676758066525,0.23960220081345848,0.024135013671926976,0.2539340161037395,0.03593921470551556,-0.16306565693422695,-0.07386896601605444,-0.016285918466065807,-0.16437770140665076,0.047911787897204995,0.04561725555491235,-0.0976472062400921,-0.08877401561670906,-0.24320872884823544,-0.028646245759634193,-0.15566607720732162,-0.3172264879713375,-0.09448109947119616,-0.2610692880805246,-0.14976631244014696,-0.07614054463856156,0.02285703709060084,0.15745620627443524,-0.038558918272518374,-0.14227206133150763,-0.16471407562957702,-0.273197029817899,-0.313385309006149,-0.10923781689772753,-0.10784669339991605,0.21229302909010514,-0.1906773953985687,-0.17939006273068048,-0.20868150333862437,-0.12118586260763074,-0.08494528002410488,0.053867457931561245,0.07043691865889931,-0.27037293199043544,-0.2930754621688632,-0.19181592410239745,-0.046302004649886194,-0.07369977849848748,-0.020013400203230898,-0.3935358496172934,-0.23960763055370832,-0.13393814750438895,0.12667958883872477,-0.0898844635839741,-0.6792079464802548,-0.22680797751423093,-0.2669264607642755,-0.05083319784881546,-0.2644365210703164,-0.2030524931584426,0.0695312990513656,-0.1780287640030008,0.07572294768707076,-1.0208065032169096,-0.9539827318920991,0.16095109051180234,0.046817075990080975,-0.855061017734278,-1.3064892769723517,0.21603391737703853,-0.9470984200824517,-0.4619081957669222,-0.9906316860413402,-1.1185441734372128,-0.6861443250792465,-0.17806767362432105,-1.3492580447887377,0.10774675906311225,-1.3637701570520926,0.8830318278204232,-0.8253274874770509,-0.4229438198639605,2.5124802468366836,1.719056700455583,-0.5390697827251059,-0.712566480384728,-0.6356054761469272,-0.7121035114876157,-0.4091304489087992,-0.6005309985063758,-0.32276634565218065,0.07911451522901453,0.9974011009149435,1.5041001779010448,0.2805574730063634,1.2002717701597607,-0.564781548711254,-0.6429275021401695,1.3380488082893631,-0.5124629067677711,1.2405312007174123,-0.8652459559797319,0.07455068023806541,-0.6831914453126019,0.2608873284817353,-1.0178733124998107,-0.9603460285683486,0.5740653134250978,-0.11197738526884007,-0.7562711695938297,-0.1159917216128184,0.35211334389637117,0.7238267223774535,1.0844623480838167,1.410529931700937,-0.3910406296164589,-0.044123518152062044,-0.3394444406266475,0.24129357740192248,0.7665205644907607,-0.5445183340091693,-0.3838942513543965,0.5684500580716276,0.6559528724222321,1.785117241966901,-1.2343218784355818,-0.32535890208286994,-0.10206105836093454,-1.044938129487907,-0.18942035501333745,-0.24400377630134992,-0.7465708528491882,0.12016420709617308,-0.19625886227031905,1.6103887933803864,-0.5039482563153176,0.6461635091837145,-0.1991997693805919,-0.6742185830420006,0.8158226740574754,0.4043519976475058,-0.9446774562400776,0.526185199915539,0.8424427405270248,-0.45833399369039646,-1.0371360326316503,-1.5843915431031341,1.041239200809745,1.740166738165781,-0.4719984838592326,0.5103262283969404,2.6990350681610313,0.19791402984729115,-0.5103588235332653,-0.45960032178260785,0.5113105309439991,1.8296499106107624,-1.3130185848141007,-1.108452715380505,1.144445845910596,1.6667892391884949,2,محمد
-0.08248671028761623,0.04570006308741021,-0.06399372003385023,-0.19850638702673346,-0.008596419663609462,-0.03444441722204692,-0.07630147412329151,0.00551961803646765,-0.21692749676236237,-0.19129603665638578,0.23812697555736778,0.05361995449077391,-0.23304818508693337,0.004852812083275006,-0.07585196306912703,0.3049812248250989,0.030349160226717044,0.09617517967220444,-0.0439571836536885,0.2543777699008202,-0.15896463866470564,0.06416329628147867,-0.11666918331948552,-0.06068078004304969,0.1916688809652539,-0.1648615768980821,0.01993470146606762,0.1870891676023196,0.15228778797827378,-0.13870826871752148,-0.16235498851061397,0.03751740277576675,0.008139619492816295,0.12072791904659036,-0.20874407642222007,-0.17626826425839215,-0.14989821913887955,0.09488817144364264,-0.1358915018812128,0.1137400266594516,-0.13906617038578672,-0.035104474969094746,-0.16061537276125765,0.11142619578142132,0.05464545681433426,-0.17335771693219595,-0.20936287301669348,0.1038616306765672,0.2349482169870976,0.004313492152069771,0.23520012496288475,-0.008319789241234618,-0.07244496607155256,-0.028196405886522048,0.0034700717516944262,-0.01328743873168429,-0.017457674362682255,-0.03720802273030015,-0.20784080549607697,-0.06516236386379518,-0.2340783573289252,0.00013784915928605088,-0.07930382192992078,-0.26291445545919634,-0.13270901530529342,-0.1903078233602456,-0.16090417332013826,0.01634187273816453,-0.08831380518354205,0.2050807035634365,-0.037791555725784944,-0.09394535204406416,-0.10333069969363437,-0.2758742376455026,-0.2541080015333374,-0.16535459194941068,-0.042638087022094484,0.18342929728961715,-0.20342736603436298,-0.12762628543075838,-0.21235551110681758,-0.1431039486679048,-0.05901247669947194,0.038411052999383265,0.09511783543250638,-0.2521119089436402,-0.2708889122348411,-0.15221368493171258,-0.06689225360947564,-0.10953574372062862,-0.08593430731459735,-0.32283286404440215,-0.20185564976306947,-0.0774696933788008,0.0585911349339588,-0.10323713349829296,-0.70487826076249,-0.18999554332523255,-0.30349630804436406,-0.03132747982788617,-0.18607859644645353,-0.20231194477650172,0.04380970442847768,-0.2166260720442857,0.12566295729514065,-0.5307072404493217,-0.6769181440059912,-0.37326763133318186,0.6329513125655983,-0.1391432332752191,-1.0104032069338351,0.38693522902483835,-0.8819440611531507,0.0023481287630651364,-0.8339698839587817,-1.1962829442724743,-1.0426578903614092,-0.34352892359712406,-0.5959387369674728,0.3482437598197415,-1.5757709057397744,0.25349409622982955,-0.392074097388442,-0.259613074964098,1.4229519012791112,2.527872989378628,-0.3680857790457199,-0.5350976442746335,-0.7000794684191189,-0.7014187893049065,-1.0636256298777016,-0.36350608490384817,0.022904291052662205,0.07176438582789246,2.239302514716951,1.7836309393640732,0.22987278163730085,2.1222856269189054,-0.1343009936087287,-0.6613305045377144,1.3143541929591345,0.6719098869376277,1.8031077096009998,-0.2800379082770944,1.8001130679221709,0.7076165443987571,0.40778953660629963,-0.19520191170363918,-0.638601574853756,0.415463312666901,-0.10401032352607159,-0.6445653550793193,-0.7411486890483514,0.39156776156439355,0.4850990864029801,-0.1463816679573173,2.0010963428323865,0.2313284635734852,1.274701624677768,0.8382493755174528,-0.6213348710045947,0.6768021934007198,-0.6038836572327868,-0.576552709910159,0.2881735211237926,0.5421129586564878,2.013397411002298,-0.8456826949448696,-0.595160900975916,-0.14538041877198402,-0.6018670476569395,0.1998879000279737,1.035402549795947,0.03464101426843894,-0.4237183334631497,0.2416540644119191,0.5622059048726632,-0.8060910034781577,0.7898649670474798,-0.286578231684825,0.08618004738051128,0.4354812322279808,0.7736047244741945,-0.47716858232154236,-0.09979787098918087,0.7596095442217773,-0.5006665134118392,-1.1815944327363952,-2.2498685797503044,0.6624956848834654,3.2361814110043703,-0.36450808505536636,-0.7096450260454489,2.054743177161855,-0.03617637897077982,-0.6924846098561561,-0.6289789011997343,1.9182822107695734,1.6001445381030768,-0.2249444335782008,-0.3018585024979446,0.4025560607589634,1.316399587235635,2,محمد
-0.017092939225091298,0.11826726000508242,0.07281811079278286,-0.10454828151565924,0.10184393142060064,0.028826999619995866,-0.0666187138364561,-0.061846639070318676,-0.07130313251434472,-0.11484323568850181,0.2588175489466342,-0.038835423202978454,-0.2889789044187789,0.15311478089513478,-0.05864799036196912,0.25631041922999187,0.08009957918867872,0.09627429552408476,-0.045562079722242965,0.29321210575106155,-0.1237892815536854,0.05876260875197199,-0.12897337503662448,-0.024976906821791885,0.1890716694022237,-0.2249696918986833,0.019052525831426564,0.13667015377228361,0.20384405127507285,-0.08906081220913196,-0.14478703047614944,0.042850075173798255,-0.009024184981541453,0.1461705645305584,-0.22991599168606813,-0.27038444189958344,-0.22559376616718818,0.0572980964109678,-0.1129810178936699,0.1859774975963481,-0.07357710395128708,-0.16420826743427305,-0.22105050576920152,0.23467571587393493,0.0842110752530656,-0.10042354856150523,-0.19397456466841054,0.02281095270991187,0.009841471432829102,0.023321997143433245,0.2896756343176512,0.03674960297650446,-0.1008196967852115,0.054562260869804986,0.05328728210403129,-0.08239330874942148,-0.15587648883867325,-0.05194593477404007,-0.2778704767935041,0.05672205845409505,-0.18500865660472962,-0.0021048115157201006,-0.16347219941755475,-0.1688338090018256,-0.20149398827175308,-0.17021505711563567,-0.04885385851136954,0.2124989361951969,-0.0858421559163974,0.25933456365554725,0.0385103877613623,-0.10165817296776297,-0.19042771229656802,-0.1810976728062673,-0.17221184055733782,-0.11171078558570605,0.0056856605722751105,0.10580410139859794,-0.23900486004955349,-0.19459803321244618,-0.10643683924424552,-0.0029888106734927756,0.00033765047103201157,0.03720952565498181,0.18104629066994465,-0.273773355379142,-0.28259057399144366,-0.14546627295989328,-0.007596817277851136,-0.08809919676070847,-0.016462930285338486,-0.25281527965219386,-0.21518048725638858,-0.2053433248061509,-0.017492261512219505,-0.08008919361943291,-0.7381592389327631,-0.23519693948450607,-0.20114943412800862,-0.09864112664216668,-0.10441184351904677,-0.11758400971693612,0.11415392373361809,-0.15888095792353538,0.1088935677635844,-0.24720093584575278,-0.9855115399726931,-1.14326396943191,0.33291956774295733,-0.5499354381884507,-1.1624991962925946,-0.09124204982822598,-0.8712964111945586,0.2611037311782383,-0.5487607631004009,-1.4933641158324085,-1.1478191324570848,-0.569947150527965,-0.2771172547560114,0.4052816496632596,-1.4428788792221114,0.7136103304145295,-0.3143749390586005,-0.31666880202619857,1.7423011731369134,3.0917994925005816,-0.014516246778049252,-0.836628654694495,-1.0867720940805854,-0.4330941980385879,-0.9991290399710195,-0.3374907477832106,0.30086011943191276,0.112713550534226,1.4078144718457455,3.5904852256016624,0.536109556998764,3.182015414530707,-0.48607151129439397,0.6329752321740089,1.9691007443447044,0.44235582518532196,1.5599023818169897,-0.8491052263120056,2.8692731279135577,1.212154472652094,0.3300037601940881,-0.5548833069346323,-0.6299566855580415,1.154202040102308,-0.33252265428525446,-1.0650925145554002,-0.5316923536177594,0.5924743044077145,0.4376659554553518,0.7479240284843046,1.522232006518111,1.034912909607287,1.185384264065583,0.6687334319546047,-0.3458623479856307,0.2719625331741309,-0.6358896750965647,-0.575224955805563,0.08369856485763183,2.191393025010239,2.0702128704197493,-1.28388237235151,-0.5403946399600338,0.16793436546230933,-0.5248187506279174,0.02612125728865693,0.5567499797226663,0.21725663275716275,-0.544577545441882,0.5601950604483825,-0.3684714411812663,-0.21196619371360254,1.383304626138222,-0.775635526558456,-0.5363363854950065,0.3778996382347817,2.1796567545004293,-1.1864298330780423,-0.030885676826926896,0.8421751470778607,0.9996827903900851,-0.9140700057314628,-0.3482668493788956,0.6433785452431862,2.8405497354837608,-1.2679365455188802,-0.22400878055046836,1.7100797720194159,-0.04586373184042641,0.2749792382923569,-0.9567838409479392,1.4312847729452098,0.31042805048550687,-0.5190260143761258,-0.3526476380148424,0.748579087179073,0.12642290622660968,2,محمد
0.8681155960768036,0.42298012143522196,0.6605220183692232,0.5453643030151819,0.6725352272158127,0.8225704851211968,0.5417836363725261,0.8703463714758101,0.8991564331433539,0.9068652106940973,0.16259090922109723,0.020752263686059657,0.44104369872371746,-0.35593346843416135,-0.048977137205450536,0.32529941400662954,0.3389198332413897,0.3278345737617888,0.4660693328792424,0.25627098162136225,0.2536126495831171,0.43313938257315177,0.4453007200580623,-0.03239793701904817,-0.01254766738487989,0.022897171682400536,0.029810050287055984,-0.0049348902188968554,0.2940183844888559,0.30053753923299453,0.1301132098912918,0.21950116834580313,-0.1254657257451978,0.45100094152900927,0.5490273899038476,0.027798907363981093,-0.2318279203184081,0.07767469923814703,-0.1226062696326584,0.02332307231310197,0.19173211296740314,0.3008220342869706,0.080721354652987,0.044615135292683634,-0.011253059306429334,-0.24932072409094058,-0.043871328499586214,0.039952126278011285,0.11722052543853213,0.21179127685232738,-0.22155431228940345,0.4325970328343169,0.1069243898649081,0.06244775919048694,0.14621280804537196,0.2746448604562046,0.14600762398270872,0.08449130481923388,0.018107258439896655,0.274445736712684,-0.09452988243985998,0.23539761951633206,0.25392055671108943,0.24312491442475578,0.394543481289803,-0.13414046573801808,-0.05431034351589698,-0.0879771003249194,0.31080565571297636,-0.07571458377929534,-0.05952948533309539,0.5040495192074853,0.345356824986892,-0.07859019956383685,-0.15608802416295653,-0.10744576156444198,0.13896182234843465,0.7620236037771205,-0.3278171088060922,0.3099088139769887,-0.21598600286927797,0.1421847175748866,-0.2044081535775659,-0.043488964929597966,0.31421868409136494,0.2136651735697894,0.11518559001288467,-0.33980885270382594,0.022966342924901257,0.24891526368862466,0.1512810779618858,-0.04741603356564724,-0.1958930378275289,0.002710054222906816,0.23908557650145615,0.09118413351340547,0.15782806047320952,-0.03956966998511114,0.11832077407951955,-0.03248826369229829,0.3532922292348523,0.032063013232967716,-0.03428912085857965,0.1558755493910696,0.12065251782374734,-1.851065130116141,-0.3354593685715711,-0.8442721046802425,0.5815153735911558,-1.0033824765540984,-0.8809814384879106,-0.36682875724625047,-0.7072643184663836,-1.0461729029205618,-0.4219756276465725,1.133790474345239,0.9937790467377174,1.009335738733731,-1.623825178048642,-0.42938121706637783,0.4958836973257377,-1.9333630798596932,0.0008426711833679049,0.038628012407167366,-0.10129371576485793,0.7702200694706606,-0.45352878804799923,0.015802968136084852,-0.960128258307359,0.48224080462464763,0.888706910770758,0.31670552588162776,-1.096671013577071,-0.6276934783775955,-0.35312400359076546,0.1748717917317366,-0.002564374594718474,-0.7454132024939242,0.5161331543594562,-1.0838526147190846,1.6982882447288867,0.41346972738961113,-0.9952040546468683,0.8637102769707421,-1.748563687098153,-0.3577067590372434,1.1112992686420464,-0.6786491042408208,-0.7307945934813977,-0.253583094031794,-0.4272497323441923,2.076798456897952,1.7337605900222708,-1.5672627133454204,-1.132048522766606,-0.26253872913631193,0.12181901906637692,0.5354037612624712,-0.4848148242591301,0.36050681563739406,0.4501642139843514,0.3591138095531783,-1.1436179777899291,0.8443781473741045,-0.05518312544141842,-1.310281773297011,-1.0193276241488114,0.1618320926013971,1.0640647789755395,0.14425591698219828,1.7456230557442043,1.1659244431980729,0.007998557069494006,0.8763603368329138,-0.14319546097882357,1.831704289788544,1.1724005270404785,-0.04452050729283838,-1.228809445847542,-0.18384163117327637,1.2201226874430111,-0.5563320728066492,0.13300938918639582,0.802761020746084,0.42779061755343967,-0.002606876763773959,-0.8641169697081856,2.763791167498845,2.9524065191975453,-0.15457734631209152,-0.33725831957350355,2.69933593544312,0.3785246993893481,0.9106809320344452,-0.3842421106075276,2.378479669215965,0.2743395440997007,-0.8731919939694757,-0.03344800207426398,0.37250888542130317,-0.0641476726341514,0.37587278943265,0.27668938074510496,3,محمد
0.008832055115022433,-0.008377167058171387,0.439230133512296,0.3645757083318859,0.23768983801762852,0.34236435007981114,0.11854023478622601,-0.09098672393193953,0.3664455627968021,0.16489112240575332,0.03340774347266359,-0.010564039693767853,0.3521062057475256,-0.3993789008341067,-0.08765182953296721,0.24467356537186113,0.3323600040863683,0.1747223773879575,0.31460203315799146,0.1322041320722661,-0.07412704714368902,0.21829368469070293,0.27287523948173775,-0.0723909010997692,-0.014684296346881691,0.016547294524341314,-0.015399488320399397,-0.06285681861086331,0.209724787712617,0.19660020369879783,0.026534459707259758,0.09843300897819089,-0.33626591388460975,0.2693792574877027,0.34334389962290884,0.022148556639792653,-0.14306683932801867,0.02844087269301727,-0.07411245128681508,-0.055683168220300554,0.04549722995235996,0.1898335157578346,0.03483322183164928,-0.1324511439411702,-0.11198888016900627,-0.2787923756248004,-0.17550396002026114,-0.07544762684553334,0.04533488910414379,0.09664641142117088,-0.23860323679491208,0.21377068919303932,0.00012956585527360262,-0.2616884747859807,0.0588009360760252,0.057730054676399606,-0.0627864129574466,-0.09714894525588713,0.02154001634744624,0.14377147974871987,-0.08827890647214721,0.17093018229477408,0.014387967117858155,0.08302785630694648,0.24548649159950015,-0.22242839500761308,-0.16359864702000432,-0.021941560020396857,0.2313887317975552,-0.0644275581242734,-0.2393020026555181,0.4028677979601237,0.2280129726501871,-0.0946375290681473,-0.28488811082346505,-0.08765636277848515,0.06040747548387081,0.3475690136275193,-0.7303316622789401,-0.14559589347166707,-0.32301577449426677,-0.029134722474329078,-0.21195459712713255,-0.2072090391548279,0.18021884427400625,-0.03702076751022844,-0.025427550110034062,-0.4091639414399773,0.06444837185365598,0.08924965445814419,-0.008665067694823197,-0.09542344928572466,-0.3527531358674001,0.004365868614563867,0.21952248162647298,0.06421581972339373,-0.073631047438972,-0.06861278821091296,0.013979359705392597,-0.0457964954404969,0.3238903011421038,-0.06250195592295887,0.013577646340925986,0.08922699574607951,0.06757013947684977,-1.303534088290496,0.3895697955124475,-0.20829574281393917,1.3273984959932208,-0.7436510376822962,-1.0971104295098864,-0.8561904672872347,2.073990195245006,-0.7048592458039402,0.025738631887498278,0.41346209497049413,0.9940834497905855,0.774396787018497,-1.630744919886474,-1.127070379964782,0.4170419754411286,-1.6648549817144456,-0.6070458515217863,0.4149468741697585,0.21863347855580512,1.173240815025926,-1.1759726640872885,-0.7702076813874142,-1.3034475806404533,-0.09325866560763293,0.8186375397018112,0.04413674252473628,-0.8662705721578711,-0.734862991340229,0.4738156052762804,1.452405682312551,0.5166449051740913,-1.0232818848963243,1.2490251909359527,-1.0265470885653183,2.2019875814967,0.28373346338027766,-0.8238529074679111,0.9001858199413719,-0.7292634340618374,0.4027687597017126,1.0316581244862877,-1.4294075440913436,-1.3670486015278653,-1.2105318503162192,-0.7166711250029549,0.7455172954908234,0.6637114708746158,-1.2426889415193132,-1.1426607928190975,-0.036468717610060826,-1.2743206618222238,-0.32913841339173944,-0.5893299145072673,1.132501954555854,-0.5647562624913934,0.054828611954059706,-1.1938721514786779,1.019737382691557,-0.9644466866830113,-1.6405380622949368,-0.9792904052166016,0.2669970564532007,0.08642859445403807,-0.3546969409015586,1.1011470216956676,0.9257824453712512,-0.9129513752275427,-0.4297995316818494,-1.3728533929396942,1.313104925953838,-0.22371875845348965,0.9771813329812119,-1.5468112165147914,-0.9359350528437944,-0.580792424736974,-0.6702116607008858,-0.3802926066975147,0.3874785769529988,-1.5982745241522158,-0.2736115771275772,-0.8015654629231599,3.304031173071427,1.255038974702919,-0.021911758564672656,-0.48445230062668043,3.0316778401573776,-0.6021563073118171,1.0030586259059209,-0.5185131869555876,1.690187683460736,-0.9849185382360593,-0.014294105014556264,-0.32558597329287986,-0.2645097399729771,-1.6634073571301526,-0.07563392941086923,0.01079780426377692,3,محمد
-0.19619804602370766,-0.1327862026932695,0.3894539480979155,0.3358079694048235,0.11149333709219575,0.17784119436572154,0.054527885542475715,-0.32318127131361757,0.4013211783916487,0.005700604033716083,0.08048429216553724,0.026785128012799513,0.40719031914918036,-0.2865755236853518,-0.14731603820163505,0.262441016541025,0.3551794604823144,0.1479359614736083,0.31078037797388564,0.20253203059181815,-0.1435143661442505,0.13846649652022683,0.14330069341791457,-0.02654496733908606,0.100990273695414,0.06045573369499663,0.041671810597205296,-0.1378990278022987,0.12739689352105837,0.13524382933541992,0.10056840851800616,0.01650302769588035,-0.4095436490224721,0.2239431086960861,0.26107162777864906,0.13872452193571816,-0.07611075381867892,-0.04865621008515985,-0.013192955345865799,-0.13058027600518016,-0.07666287122680876,0.24019399964560437,0.01743457696804682,-0.21992690223414127,-0.08191953403795342,-0.2613244013108632,-0.12416993994666496,-0.06077064150859953,0.010887152857017596,0.07393128682208626,-0.19296006698213572,0.10587032239402276,-0.0556606430316293,-0.3647754897044034,0.12325102750956943,-0.00610797739710542,-0.15946058826927087,-0.09754252973403917,0.08797796083648704,0.1579156613048645,-0.20081937868491428,0.08397007954253939,-0.02267403119423773,0.1278195147273846,0.23756578930148264,-0.2241495420252746,-0.20761631602691727,0.008014156416328182,0.32772260067389697,-0.056421476844868666,-0.29072299951435765,0.3605871753716282,0.16122434433866867,-0.029178297558288373,-0.25993054565782986,-0.10388231518163535,0.14076536574773146,0.14169862749318782,-0.7397738055263211,-0.33524883493591623,-0.2223681614343797,0.07153582668156461,-0.19040612261827353,-0.11417260635451235,0.1812796933918109,-0.03564152394965619,0.02072588599340846,-0.3800697781662264,0.08019154624042107,0.04071970961478912,-0.07258284209868282,-0.027383840710871445,-0.2537516454836147,-0.004867960984296506,0.24842572415539632,0.019069036134652963,-0.10992731893492558,-0.10096185681143931,-0.010444153287819323,-0.10987955219165321,0.3378511275990709,-0.10705359236954012,0.010571623116240547,0.07586563619365518,0.021662958677648128,-0.793481446555602,-0.3958723786109352,0.5093419291311974,0.3655292216202391,-0.626064803587122,-1.1362854435759728,-0.21770597653838414,1.4195237134839715,-0.642061579480133,-0.051931511507859116,-0.11029325536478211,0.5458272905435293,-0.12836389358309508,-1.3131661848521587,-1.2272897630432165,0.18343616490130069,-1.8915418977661178,-0.595144734824418,0.0031382004871655846,0.47958516256408756,0.22067575191165512,-0.8527416399079428,-0.4077991068564116,-1.5344856904519972,0.7781608605811716,-0.21885655007584645,-0.44841838833623204,-1.3444906744477727,-1.1019999967254104,-0.44081098450203604,0.5287678558921335,-0.4575932573454638,-0.7430384847960336,0.5230962009006656,-0.7249295896534543,1.496766507055074,0.1226564331126416,-1.1172587396589229,-0.06733559840451672,0.13210141304195105,-0.10010201462452574,1.243716961386347,-1.5646908168770188,-1.015086593767415,-0.7217437489487482,-0.6058474749837285,-0.25472328602039473,0.9738936680505935,-1.4281509972129907,-1.2187902899445637,-0.49234948651079613,-1.2217546580850134,-0.9192962530780382,-0.9224607100318004,-0.05050484321194209,-0.7980033581146644,-0.3672950187217758,-1.2161557865947996,0.003141699281994842,-0.8502378903764536,-0.8601476050439248,-1.059770622867645,-1.465956714689461,-0.03530303884194327,-0.4699870197677723,0.8984454263770716,-0.6583988168647014,-0.04177211587142366,0.07361318903378954,-0.7663415852748527,1.2170452319004639,-0.5223135208422932,0.40174774258390444,-1.5802797568495717,-1.0552753282083926,0.14207465275248138,-0.7528457432389115,-0.4922853544736318,-0.8158620585347442,-1.3497436748750118,-0.5027786492029407,-0.8642084125932197,-0.6567619924942363,1.7203014449390281,-0.1259883343357189,-0.33574108283465426,0.9091298769675927,0.08712647921714024,1.22790908929225,-0.6861525365984191,0.048893074662283466,-0.7976446781881009,0.009860167280811773,-0.1909524791238849,-1.7754124458218012,-1.1620147655876536,-0.4346628217965036,-0.01679838119470414,3,محمد
-0.015215590276956334,-0.048588509965773005,0.5240490804545787,0.3405378018477893,0.12021687440747574,0.22857760842114985,0.07196972997028289,-0.2984032592643325,0.25072035864081565,-0.10631841681072206,-0.004888211981175013,0.08007281618946435,0.2824628084453267,-0.21593942570727853,-0.24179909999250415,0.3176719923603217,0.4129699581409491,0.19167221590230277,0.30578843686692475,0.1060003161888351,-0.14590255113067932,0.14382861158762703,0.0881124492692367,0.06629186740350908,0.09055612989260295,0.15920515029720997,0.18934970911460072,-0.09497389203460303,0.030299531543054162,0.05168512994619451,0.09862058033691436,0.02511061958571059,-0.4209309952215917,0.20494045762781846,0.2177798155408026,0.12787058260146253,-0.029564549171750106,-0.07026289371506635,0.06727830592356533,-0.17989601375338027,-0.18772542095689274,0.15981113832663707,-0.037740945992581515,-0.28027645488099234,-0.03313791626731752,-0.1845537393398856,-0.0715320885688589,-0.07179040291395414,0.10970853283595111,0.127993845663033,-0.11197968799902744,0.10802982874452086,-0.062063793118915675,-0.39886395693534155,0.16992760623253092,0.03356802219748274,-0.2643122197375953,0.03485486730076763,0.10552379004716574,0.17491283700326327,-0.12806761959152355,0.1308053341724619,-0.025134063978056356,0.09721851854525523,0.20401210883982154,-0.21789818707722927,-0.15054797807374215,0.049803408574526246,0.4063569698670333,-0.009754894847353491,-0.33702520540168796,0.3010466599875897,0.1519321894418873,0.008932095563951426,-0.20184512653577485,-0.028462133599223418,0.15974739615600705,0.0651116222549389,-0.7854393451589168,-0.3436422829896108,-0.2527340751153806,0.03527454569898841,-0.12414282381327767,-0.06716184921319862,0.2285686288924255,-0.0066685740298838584,0.035966675763482996,-0.45219416889532593,0.11003748276167816,-0.051339657235848726,-0.054418321654077284,-0.005297190534556351,-0.30863689228807695,0.0642698714305419,0.16579111255499457,-0.020647499270464522,-0.050398436161450746,-0.06342053181311144,0.005274354933899014,-0.11643074551824503,0.3262889819989791,-0.06138593406315061,-0.027520879090745094,0.027343766313178128,0.007946615410621331,-1.336388577130383,0.26576571962688117,0.16742402235729434,0.2877015555136783,-0.5395148655184341,-1.0371894205475443,-0.7678470221804081,1.617042615670681,-0.47844856685897175,0.6321974230261369,-0.06385018121181124,2.106771615672041,-0.6356199438476722,-1.659657153657537,-1.2448899801992122,-0.34978946523041404,-1.4074717714629381,-0.6999817567974106,0.23526027073965047,0.0261888426355683,1.0146156418881227,-1.335979464200554,-0.9825621928710842,-1.2892274958229486,1.073168264657648,-0.08304254855779893,-0.63885552867633,-1.3159812435990885,-0.812742915834025,-0.7197304631785203,0.447102800436374,-0.11995888780467738,-0.8078607760116676,-0.17108308740503889,-1.5842703455234655,1.6577231443415237,0.12161819211617073,-0.6968131925473807,0.18247599164965217,0.9189645274194552,0.622995288639675,0.7579772275461794,-0.9584320423170848,-1.140950202085778,-1.2737519615961663,-0.7526459099267309,-0.4188511391461422,-0.13676460228162332,-1.0651381612800104,-1.3141622350548523,0.08027272852606128,-0.26186815454622714,-1.0440713584750014,-0.9820947040130721,0.5485463861904953,-1.1684730674625494,-0.7258629237885516,-1.2760250016649208,-0.7798903750622649,-1.1685130572142326,-0.01988441879983409,-0.8484305232594164,-1.0255750914992638,0.10738453817614421,-0.33094229214785503,0.7470925127335303,-0.21317841379409552,-1.3512513095413188,-0.4215551875331201,-0.9781708409339291,0.20614217342168303,0.14301687550682848,-0.14488194370476104,-1.4792391642673488,-0.7974097467721155,-0.19450700963248355,-0.69691530093261,-0.3963519359354652,0.061202672996978215,-0.9364618653364936,-0.7422616516390177,-1.0765755358041555,-0.6290028992034697,1.6501398282648183,-0.11463951708747781,-0.6385223291913099,0.6660861308030834,-1.495609529694454,1.3561691166399774,-1.0179942824934616,-0.3403736545119225,-0.7807786988272966,0.28259129067059835,-0.5684623085911409,-1.7202589025045951,-1.555398721106059,-0.3939171417782014,0.014056368140242638,3,محمد
-0.003137843524941459,-0.02117477732600141,0.5611392429688776,0.36245062591483074,0.14993701452035232,0.1594746966893291,0.0382092410404168,-0.24921833903959073,0.2604557276985714,-0.06734570662425812,-0.05489589895905938,0.04068840890400378,0.32907157328463005,-0.23099346874500382,-0.23608734531072187,0.36126461554029493,0.5864605187682369,0.24173958263165138,0.2168387612097913,0.19539011193592767,-0.14486776660703976,0.02951260887943328,0.08533273925451003,-0.02710530701231968,0.01200851897401473,0.15808270507900937,0.158934139913864,-0.16872839616712978,-0.03504601528503637,0.05720611892031159,0.05635824484950469,0.001159899756486104,-0.46892165991055534,0.22940064535391463,0.2608939050903152,0.06918485441799592,-0.07766719261806143,-0.1375418705413466,0.11252023023599936,-0.23030016754152519,-0.13746810046575514,0.07545464446158118,-0.0904145263236827,-0.40875305734151735,-0.06327183477928677,-0.14297321051820577,-0.0590737803613026,-0.1149301304579901,0.06353704327583794,0.04451730334117221,-0.04477535845758556,0.029358346183820556,-0.09910900467106479,-0.36903544306831626,0.1766985952054569,-0.08797639385838191,-0.24735065423488958,-0.03321915238709494,0.16448093196674773,0.13732616872086872,-0.001650209639196692,0.18083008912526277,-0.0717375920559122,0.09182816518810427,0.19634756707674772,-0.07718017768904818,-0.03508555954993051,0.13642162029694838,0.4582537762512545,-0.008267345053017284,-0.30844763081760046,0.3572354736030654,0.11150648895661255,0.04611508656781444,-0.1971888910917607,0.015121398610780165,0.10441422907626137,0.018837528050244464,-0.8005226878397493,-0.30475933875318517,-0.2538795859032826,0.0032678671518640177,-0.08069698131141045,-0.05625039393861445,0.1645535432051249,0.11023439688885263,0.07180745796021358,-0.3357770167902423,0.0747188058600399,0.004261976824227359,-0.014739015638457736,-0.061255672347836715,-0.27792661553827347,0.0015018594659206067,0.07710552428886212,-0.03317311481287604,-0.005931729168268405,-0.04402410543350392,0.038302906880158645,-0.027733960785518347,0.2137813709123051,-0.08297384414201504,-0.1211945814834989,0.10547452505135824,0.06715999532000835,-0.08092708610908841,-0.03441625183987816,1.6332421158980837,-0.5928645318780247,-0.18804766558652675,-1.2319438928377668,-0.3736178389554224,1.218914395528998,-0.3160083607654465,0.9208877248688007,0.03348786497027687,1.3671683517864899,-0.8190858833399227,-0.9807427654617717,-1.1393458384120978,-0.31570202932064234,-1.28646441270724,-0.846830831915839,-0.38987124769955894,0.7411820416483351,-0.4102310413839062,-1.1289770125287744,-1.2384219125586613,-0.7332583797451097,1.7691695242720722,-0.3203541074674732,-0.9755973438235174,-1.8723365152108462,-0.7434748180810844,-0.36309948683561905,-0.358787935891167,-0.6516413487814579,-0.7644237564734888,-0.12311897568613332,-0.5506957713299256,1.7521761108280627,0.7220608095555977,-1.1401852937439898,-0.4897062234987147,0.2483696189442838,0.5079341632053797,1.562531581429035,-0.673702226036743,-1.2038795474310118,-0.8515179109487112,-0.9253644164568978,0.30589701973416683,-0.6745416758422532,-1.157006634542803,-1.2146163142694384,0.6144936538846919,-0.862995151225043,-1.3279396221379187,-1.1116186438176314,0.5138316719024523,-1.3016275865974105,-0.937812884482935,-1.2427736122423287,0.5092975199021851,-1.3636175722705213,-1.1687365687292663,-0.44859999916724574,-1.1015321648989285,0.06976325529115351,-0.7146739379644845,0.8194895260919776,-0.18520154714432963,-1.5361370081986667,-0.7912176905228615,-0.9866535217617312,0.2748711987555773,0.27671340486907725,0.30546318798721034,-1.341518905716637,-0.1954469982054128,-0.6352861135817859,-0.7462158104291279,-0.3733144175371823,0.36653815940048756,-0.2824553917374305,-0.4967956050424041,-0.930553181166404,-0.39045496513946926,1.279845010308082,-0.6596743212605156,-0.5609474000556953,0.279998881409982,-1.421021638344533,1.4602315317692363,-1.3086404045399964,-0.08434690519453651,-0.8274608362941193,-0.3292411816928381,-1.3669110564977571,-1.4674691440114866,-1.4081946557122915,-0.5569881050001887,0.06758289392510582,3,محمد
-0.07407352441198964,-0.04363449721790967,0.638897178873745,0.3507031528208034,0.1402229923984573,0.15643572071481582,0.1222573231864949,-0.20903236464076685,0.38213758248869234,-0.06242892481586585,-0.04787301032614874,0.008486502127314683,0.25182133193296885,-0.23621179733055192,-0.16988777355456525,0.3284033215065726,0.6058801402553602,0.22185744528566306,0.247083033744556,0.16328778902580635,-0.1496712483047312,0.017792308604329243,0.045718802556625915,-0.13333613808164033,0.021608691426042003,0.17887138522400162,0.14709266057514828,-0.2259980137747836,-0.005070228423811613,0.0775336360994469,0.002053004353812335,-0.009774990244928618,-0.49229223002735867,0.17391893633518193,0.2615110837270979,0.01718200252893748,-0.07711131010095972,-0.06013595871942746,0.15311679513358473,-0.28616562606705653,-0.1004074110813288,0.09861091359741536,-0.12095992738200265,-0.38795512159913154,-0.11347006043291706,-0.0653070480073974,0.055266326882397625,-0.1394064878795842,0.032683533553525795,0.013305608346014876,-0.026915272748090992,0.08646501157325968,-0.116918099876724,-0.4210533024941136,0.08355621536653313,-0.19553385721813857,-0.19709438046205907,-0.060686844515765864,0.27023157245460255,0.13517136589527182,-0.009620241871755671,0.18963256834577327,-0.029217323458290118,0.10752322552147611,0.1862175673774456,0.00541745733843685,-0.025069744010384035,0.06497187354896759,0.4440379444956871,0.02141154406918142,-0.34007160674071407,0.2648791640641898,0.13767758006782607,0.013419212207506855,-0.15071162032886412,0.10268148894069824,0.07781475278250913,0.0013639035216617033,-0.7912449320506261,-0.2985991477211096,-0.206507757911292,-0.02360164468860122,-0.06740324052863755,-0.060063258927067625,0.15768132800698317,0.15549536849759066,0.044731563374718106,-0.30045419250539135,0.14555408957972837,0.043538937052731916,-0.029905809178809493,-0.08667497634130374,-0.21564680708516384,0.05800788026048198,0.08784318040865265,-0.022790672935644303,-0.05584842057390198,-0.08225381727790752,0.11967615636858649,-0.05653095173882496,0.2311465593929787,-0.12610782452799513,-0.19085199263223115,0.02257480875032547,0.08306900527302681,-0.46033815524168775,1.4531966748070138,1.1238323790631706,-0.05083440696870439,0.12659321649370703,-0.7606153992026581,-0.400223231211848,1.6164115458392858,-0.4286157004000685,0.5997218509673896,0.4078789676788855,2.598802203687881,-1.1753882312437283,-1.1367216527856245,-1.6598318834137016,-0.61615421528232,-1.2945622176661864,-1.0323524508777842,-0.06720093794228288,0.9158861363129208,0.2503921829052919,-1.3238287032668936,-1.2442840232972832,-0.6397959563068658,0.6953271467164079,-0.2993737127362758,-0.9301730287975077,-1.686744585071897,-0.6374252137324797,-1.8982832788158084,-0.3574533198398809,-1.1071931158908601,-0.8235583731210132,-0.4615974563461969,-0.5657686191898275,0.9622843884756189,-0.10018931000030291,-0.8432585635820531,-0.5029006005247244,-0.6005057634075812,0.6903976022394411,0.4836417323639692,-0.521258575313466,-1.5320751727795092,-1.0760409191829083,-1.0580581702936886,1.190322763405972,-0.2141670690416056,0.6914932251182377,-1.3322052525796673,0.8365266878721344,-0.9223473775880823,-1.3145540649393048,-1.8682642364858504,1.266063858917048,-0.8123823106795323,-0.09152933709493441,-1.2917026955659379,-0.5633805752396149,-1.4597532238878006,0.23307332436160672,-0.705604489803561,-0.7794218159633183,0.11223848803566296,-0.8641652727166577,0.9243233711719149,-0.27823507416813065,-1.8065857678611632,-0.9179624224538263,-0.24482510319608006,0.9607240814906032,-0.7252852578651979,-0.20357558870706818,-1.1722794724697214,-0.11457498211449405,-0.6781112812168716,-0.3027530169281607,-0.3312327902440784,1.0269987696789482,-0.4291845858242725,-0.5691681475404329,-0.6983423093695033,0.14641052213798528,1.6770841716410205,-0.8687666735195266,-0.508822969502638,0.11448441811186966,-0.9999134802273376,0.3218232382197546,-0.7720539856452769,-1.0922675157435546,-0.7297096179228044,-0.83446170066753,-1.095702823475443,-1.2253067171082823,-1.747854298204539,-0.5602018888124798,0.22946921339740833,3,محمد
0.004431220114783658,-0.025241050564562054,0.6072347051062391,0.16704795755908516,0.012854600851607119,0.07076836582752283,0.061232633360348565,-0.31658753169758397,0.34199916859550494,-0.13127770661424554,-0.12217393832361821,-0.0016755353043671677,0.3209017240662125,-0.07288588355067116,-0.17287462822936356,0.1993352731639962,0.6214125050308819,0.30262398924281153,0.34155447779000375,0.1144709379264501,-0.10380592836006514,0.08417107340111622,0.07103246634780315,-0.1845803822244762,-0.028232185855666215,0.2187012145419647,0.20339932950405576,-0.17463705723430503,0.10430485820145202,0.1013067480576002,0.06157392489460876,0.08190153878930466,-0.5046072283082124,0.1071690776508864,0.22101273747451028,-0.0375212800295205,0.04873603857220583,-0.10334044132717775,0.18016249346555963,-0.2709966734192711,-0.026096477577912818,0.13851725919153432,-0.08807925501937774,-0.18421405837316915,-0.01166958401537592,0.11728475023195754,0.08696038919245876,-0.13381949568334614,0.002468999597685167,-0.08033720983223243,0.09261293838648425,0.1713261640893381,-0.1195502955184301,-0.30623918237150954,0.0710158176345863,-0.06981952988881396,-0.1633288180309387,-0.06624225355032809,0.13884528953263542,0.03839866637614619,-0.10549035352267293,0.23844270077033777,0.11799691107397861,0.17428022227997816,0.3075224664037946,-0.001660190875410494,-0.04036723445642815,-0.006505426357689322,0.3995799387355389,-0.0008152059391940213,-0.2897198403752674,0.3561442201003468,0.19333525935790316,0.07510155921994935,-0.13098553968011936,0.05742579478689878,0.042549630248341214,0.03429010793495603,-0.8275589171871651,-0.24683519967164178,-0.1791529501560227,-0.03265854601378156,-0.13493874197923392,-0.21050840373697915,0.06106088414839737,0.16419008927168705,0.04745069749749085,-0.2581225635455249,0.14234555508686206,0.0027415868612888712,-0.048559379254759796,-0.009829379167621685,-0.22073348268518383,0.06700924968793415,-0.11221514661644315,-0.09038338848200661,-0.09768428501745437,-0.045805395628566545,0.18264782339949087,-0.0670806672266312,0.10779608263352948,-0.03021736349213229,-0.1154050529639939,0.07226746794881486,0.01787536065803653,0.06108225907404768,0.8452865142309751,1.4488149553391505,-0.10968965872058485,0.14567898623436892,-1.0916466321427853,-0.2173111434720676,0.9086005272768911,-0.22887401753167883,0.4447287847737034,-0.4582971159656864,1.3348865289052947,-0.991741357676542,-0.5707718265539893,-0.9700063958678313,-0.36844828008152825,-1.095169861301555,-0.5874584584955352,-0.6581222314521727,0.7501214693212269,-0.8904279021834077,-0.8241428400826901,-1.3017739561126114,-0.48593025507609805,0.6781683093931934,-1.0951451223398545,-0.388828318412095,-1.455468805958633,-0.7664077816455706,-0.5319241798888236,-0.06104167370251359,-0.9941862554879953,-0.25379846884860346,-0.7037120222119131,-0.4228324129724832,1.0670166980796798,0.24007886929415753,-0.40723229015804846,-1.1806696773068739,-0.22781574407990704,0.13412362191619057,-0.1641841244804915,-0.06710429243494646,-1.4585545931635666,-0.9865604069614385,-1.004631807022136,1.226272554643145,0.5926963333588741,-0.878865236624104,-1.2295200428304378,0.04087340954379513,0.048066702024947665,-1.0508073112059428,-1.669595228121987,0.1995902871778921,-0.7293951708774368,-0.9240278896867371,-1.171944797845609,0.8006049047588414,-1.055812484843901,0.5174616431926188,-0.43826413515820944,-0.666522012893027,-0.34239961166188876,-1.400810825274759,0.3481352675015358,-0.03273068477527277,-1.660543746756099,-1.0310375328696888,-0.2826222709816549,0.8541581351507913,-0.6457390398351259,-0.8440571632621834,-1.554374901384044,0.16427325520035435,-1.4601604365779328,-0.6980765459809575,-1.3924811041540155,0.49487017966386376,-0.5704450352716239,-0.6816555666845833,-0.7301132708178509,0.8134603287582841,1.3736531343783975,-0.7450270374226927,-0.47817763720356676,0.3040892722012946,0.27484732517366234,-0.015452438661930395,-1.0859675438985619,-0.12745731760895776,-0.23417645542974913,-0.6988255399626321,-0.5994133723661312,-0.3012495703003763,-1.7907465401012286,-0.16916341676793395,-0.3829063449447444,3,محمد
-0.026337387003686333,-0.08043511284282197,0.5217056597951291,0.06439825324387728,-0.06036405082087449,0.085682343956853,0.022030564567813875,-0.347678215132394,0.2707943596635285,-0.1490597679718981,-0.12214406682633736,0.06712519735182604,0.318371960965066,0.013485984777310622,-0.1248857255322675,0.1979712442235212,0.5953079808522286,0.1594462184843087,0.28925924932112157,0.00932890262005695,-0.059424797384248454,0.13880677658463597,0.036826524384961874,-0.15364667208885155,-0.0664543580664574,0.22680707631365937,0.24433364959854795,-0.1407469481408953,0.07582230454079246,0.13843952618229965,0.013922578217452825,-0.060631111517821704,-0.4184388335905143,0.08079525043022016,0.12875725602049296,-0.012998726096231135,0.07327726240603374,-0.061337115569966405,0.11745361468042594,-0.311997855435828,0.023820553592471688,0.07023005361861637,-0.04384990465516656,-0.19910981150716767,-0.061858348674759873,0.11301518541125787,0.1783121538467546,0.007394486610961172,-0.03344516575238274,-0.07552616859188452,0.13432186325330675,0.1159724528239724,0.05355843539068592,-0.32663426660426115,0.004156029681331975,-0.10120597200368531,-0.21997291346309145,-0.04608390281066209,0.11419109565089072,0.06842452664771065,-0.023503112998229384,0.31905533349618703,0.09854598548370219,0.047289879149336564,0.18518368203984692,0.0659490778483028,0.07016435248127736,0.01642923505096735,0.3708125258369129,-0.03004498938303727,-0.38948340024151257,0.05805499912900635,0.22645485283008812,0.018361916704699773,-0.2288858535828606,0.020608262306201403,0.006257371885940017,0.0007813883379575309,-0.6441545110357948,-0.1809351482941729,-0.14277591052340266,-0.10378698041255222,-0.16498265999331377,-0.16586322528042238,0.03647974563121742,0.1895772194212836,-0.043656092555007325,-0.28331409802089946,0.12999255878813568,-0.004375997349940014,-0.09171945270705449,0.05771347575870499,-0.20659535364055673,0.12758947786616498,-0.16171197910201948,-0.21337868623312364,-0.13706934045032243,-0.031029138601878174,0.11894013551002255,-0.11425873972523368,0.018655312600477075,-0.13984490794021945,-0.09356560981405711,-0.0015361051977769318,-0.013937653942078835,0.597723512029853,0.163788697641822,1.3509750678000656,0.4158912303135309,1.1577008673438944,-0.4051612593914854,0.3854719969500305,-0.9191390927255803,-0.1050581715048297,1.2825494168048164,-0.6158084617913077,1.1320942432731758,-0.5451081816473103,0.4712142420102658,-0.7879159618358744,-0.7113826669765272,-0.5777573120188023,-1.0691600493338198,-0.7941394678417195,0.9046668394381434,-0.66925641187682,-0.6023417590932242,-1.3400314265350568,0.1351695265251496,0.8873735147124024,-0.006481042522426453,-0.7418094210933908,-1.4041343692421198,-0.682908357752546,-0.3182410892444744,-0.9461896137550815,-1.507521440214575,-0.425797898434292,-1.3669386993341106,-1.2558640091204014,-0.6428933080739305,-0.4097320920222919,-0.6630119491237136,-1.1443677203974099,-1.0487840795704335,-0.42574415667670323,-0.82415365025873,-0.019258543937505996,-1.606972404188231,-0.7254358143569543,-1.1621887823364745,-0.21898430768898958,0.587617613245883,-0.3690007944965578,-1.3617658247950886,0.5601802903478015,0.212072727792789,-0.4480191343608798,-1.6372361930879271,-0.2584485238246618,-1.040851937400746,-1.4079495330188547,-1.2185839356841477,0.6614112546138579,-0.4887280945247202,1.168915738053611,-0.4264561618078219,-0.907408949299272,0.03614187609906641,0.2562062856350401,0.3477639417936888,-0.18539254815058956,-0.6899666204540388,0.3540063615534851,-0.1392231145219128,0.6167980080923289,-0.18955114272780507,0.6047469778385586,-1.3960427469152759,-0.8348394249640279,-1.3960136920991044,0.4914691439620282,-1.9087654480888827,0.6977859383398682,-0.31051762876543887,-0.7626020981892925,-0.38538988412794895,-0.6999836955032672,-0.12185870742607785,-0.4922534518244169,-0.2731008644724097,-0.03381347897751966,0.13163787261497653,0.049143709159042794,-1.2598215171873084,-0.8959949349971467,0.3505864517357222,-0.9183191545609891,-0.06535888175990297,-0.4021233623587111,-1.663340124795946,-0.7124174737852166,-0.2967765628781593,3,محمد
-0.2603972180199213,-0.18227055967489736,0.26588485882075885,-0.24028849744545577,-0.23598262030986364,-0.06399703877762622,-0.18949366048047686,-0.14620094787061536,-0.1257296042772729,-0.36189602459094306,-0.16008345809019367,0.10685992750638144,0.05193131468843276,-0.2520115695003894,-0.2300929374955594,0.025797553998793996,0.3583953899398985,0.02032360903305792,0.09828708539566477,-0.11259323923540929,-0.1577418869589289,-0.1170052153378724,-0.044212617046638494,-0.14905506053382198,-0.18185112174394466,0.08717172421451325,0.003350070406018855,-0.2895891356231493,0.04940092770339887,-0.06971610817288762,0.0302259224584523,-0.17931160820216507,-0.1774248963615037,-0.11791942199534698,-0.11174244520339728,-0.1402176956633626,0.04757366899669876,-0.21887735273047132,0.05506039984120366,-0.26355453830971165,-0.19276164617242647,-0.057115172211124096,-0.11220532863100963,-0.06679653614170078,-0.20079621387199856,0.0326273380478241,0.1489502721230204,-0.014265152082058917,-0.07844275695509725,-0.11723755731259257,0.04337890669345799,-0.01946516237097392,-0.08986155263695474,-0.37359413774911227,-0.3064265231416295,-0.22175678322530187,-0.2933928022949873,-0.1707249489578022,-0.051673221918339465,-0.20071820093623524,-0.01884095485906666,0.1663866312850672,0.07547854265261245,-0.10114546214213789,-0.009121266575062813,-0.02870630234918107,-0.029092258310149433,-0.09429052243560977,0.12535536041977421,-0.09509164333314456,-0.2091032187785199,-0.30578204769843864,0.05081728735146552,-0.0461630957322919,-0.23880092062631927,-0.055474610112680955,-0.0662601395361681,-0.3431800886702864,-0.30807190213319685,-0.07433178998680355,-0.0530339037626205,-0.26504691326883434,-0.10902479590683933,-0.204524133650776,-0.17331520809904408,0.06800994783969543,-0.10962142540354905,-0.2324034024067259,0.10956718294278592,-0.21660656783414275,-0.16668371685713912,-0.03153763826304301,-0.1751341995008361,-0.0016041344302227642,-0.19580274944379056,-0.19114459421374122,-0.08248424451598899,-0.01534338189579202,0.03594172267271572,-0.1180689451581605,0.024377985064515606,-0.2976533970795571,-0.19802839138721817,-0.14222765922750866,-0.25460397733836615,0.13513795194953582,0.3915835131299319,0.39068898322157297,1.035410170263761,1.4252288364006065,-0.7614841884816749,-0.7184080095547863,-1.2486619389889009,-0.2041888745313989,1.0154648476503543,-0.6256885261485866,0.29501164080018394,-0.2750417725542578,0.1460771045065588,-0.9299468185799697,-0.2641453099839058,0.0024480588802315213,-0.43034223385458265,-1.2789091408067572,-0.06521879794522614,-1.0638684768904452,-0.607658675074785,-1.1339843197983468,0.27571986765558715,0.6251880762963402,-0.2719102437085522,-0.5269451748365455,-1.8369826056904313,-0.6078666774047091,0.3086705215765385,-0.8669082964165682,-1.6604722072798388,0.48934974060877373,-0.17578314064224096,-0.4680956605001449,0.13242761812371973,1.2312575529873835,-0.8022015807022524,-1.259425831374534,-1.9471845421179446,0.9293845207731807,-0.7033247266271878,1.7953098423997682,-1.692227320969393,-1.1257090467103879,-1.2390141501301073,-1.0185713015691489,0.47534192619368915,0.23297790707743057,-1.5107140361478515,0.9127455318392851,0.010273141167589176,-1.8549354308385577,-1.4289061004507113,0.21339257207307807,-0.9162673582775127,-1.6482583852284785,-1.15073004432555,2.372549916900909,0.510538964480752,0.7789449261011364,-0.41395122413505603,-0.287466396110244,0.1695487921021568,0.2727105711707953,-0.8110891332646768,1.5816293940328934,-0.08858805683466678,-1.1331480466638901,-0.21628760833268962,-0.09241202399658285,-0.8635247287477755,-1.0057002778349662,-1.3999245523722805,-0.13700029446137607,-0.6994879707730769,-0.034710510967371294,-1.700461709871175,1.9294086298518298,-0.30857112935164616,-1.0798123707311142,-0.4449637617637188,-0.6800873280719497,1.5247721727715233,-1.1598944162530402,-0.10435857302998862,1.24324174398707,0.31855883697581144,0.3813654623398959,-0.6167005481015551,-0.7868640435797809,0.7161079006603214,-1.3776204755104395,-0.3231372671510832,0.882158558886276,-2.053513407492979,-1.1000964712568349,-0.3509792006346091,3,محمد
-0.1321385680780884,-0.2415970708037361,0.12637889670109947,-0.2863232267845088,-0.15860409539315554,-0.020472497252682,-0.05349238959719512,-0.0993175854567137,-0.20250777016271235,-0.32407253817391984,-0.24901885672383386,0.023098177791545767,0.16912692543477648,-0.13860366091067847,-0.17024911610425017,0.02096519694109873,0.40957897451754305,0.07381541875076522,-0.047930951740970784,-0.10975306132803839,-0.12268760176601069,-0.09566546195472235,-0.13944237153047045,-0.19480885605188986,-0.1952384782354067,0.05337514653394312,-0.076338294726577,-0.22924078638430376,0.048497800186875696,-0.0724203130202235,0.11877532614743834,-0.1862287811305911,-0.1402694131008369,-0.018428219055572154,-0.1071485634880324,-0.09512887302112795,0.017086751828308374,-0.3126320479709729,-0.10161074917634734,-0.2551716252916653,-0.1809709686834737,-0.047414739187211015,-0.12625877935651675,-0.0705220813771182,-0.2798048990892032,0.046734747954736006,0.09548118350805328,-0.05260646585682552,-0.10618483415701993,-0.19882868734189843,-0.012780017571533124,0.029403726835327774,-0.08711809620358642,-0.3491318434552917,-0.46125681607079644,-0.23217873373370587,-0.3097585756996526,-0.21953230240491245,-0.04074577792854568,-0.22284289030322954,-0.01521039063840317,0.09233700507764148,0.07229923311682712,-0.1765649685720836,-0.06488087041131374,0.040595854385872404,-0.045634543545221284,-0.15598518963681282,0.10219875541268417,-0.03612219291151895,-0.17621418668722538,-0.3610329940601583,0.007767605130483355,-0.11271540923633874,-0.15712904502499828,-0.03283279883704638,-0.07351530818730816,-0.40178858198765816,-0.029980469054591178,0.054149164622097214,-0.019671557909174294,-0.05146976162918112,-0.07430615703466725,-0.026636932643769182,-0.2320192504972069,0.07591297057418571,0.010817844716900213,-0.09999998174763486,0.15533794692587657,-0.14642323228875267,-0.21452779737887895,-0.03544591326046817,-0.03795872763657071,-0.05386319840980928,-0.2757587464117614,-0.19472962075603167,0.08676188403774876,-0.01744295718073563,0.07747259354290581,-0.09624125543708485,0.0637764349641685,-0.18206122308744785,-0.13854620325032724,-0.004440406809717413,-0.16799000271155734,0.23893573717402636,0.24480914990565752,0.6890166118589718,0.7442886408348783,0.9780728410011901,-0.13580605598342826,-0.4953193584966457,-1.008181856060624,-0.6184372278268327,0.6318265443906805,-0.34449624273067186,-0.24279381872075895,-0.32645736523910124,0.10198034133871096,-0.7034224215286468,-0.3272704473446586,-0.4890398146103823,-0.3628032259710343,0.6724382763304413,1.620943285312515,0.7518146808657852,-0.609203609306744,-0.8171351090340595,0.9020794492577134,0.6357532444928188,1.350792685460972,-0.1514192244758747,-1.0326090523278308,-0.779235411984354,0.3875713114835624,-0.6164192881321366,-1.444321893969808,0.23377383940569169,0.5015768497352404,0.34241508310572977,-0.8927367969179265,0.36712108558814494,-1.0254779712964464,-1.289309465994395,-1.6555724195476234,-0.057952178231743125,-0.9098901469397684,-0.3539259216976755,-1.0550227794793101,-0.9366534018180439,-0.883440455378061,0.32242274308284435,1.9004914349015904,-0.8396330306291405,-1.9098451061149673,-0.6798159028811469,-0.14708228953185393,-1.3119711681564061,-1.248671787987588,-0.20405299485966116,0.8054958380532391,-1.6260978163660826,-1.2280614209621186,-0.22927092724579648,2.060476201760868,0.9004429341325054,-0.8710909548032573,-0.8638249373835217,-0.3200452153950327,0.24186517678696406,-0.7959334629626951,-0.5477416546098149,1.0389461708659855,-0.7035008419484957,0.35166914122138887,-0.8744300362558194,-0.9883696012266333,-1.1148825075079596,-1.4978352585048256,-0.688947674061651,-1.2867821667872423,-0.28871973896256403,-2.064294747483333,0.3752683301575481,-0.722369811785154,-1.0043216768087035,-0.5438772611530275,-0.3241407835877435,1.747317132912281,-1.5796414135979493,-0.14292462059489874,-0.5432101502536796,1.2934849574075726,-0.4881137362987097,-0.39550686116076483,-0.6988521095052596,0.7319836593336743,-1.471277126852382,-0.08505956823487028,-0.8289828767303942,0.09348372650447653,-1.1121182311246032,-0.5867915833814715,3,محمد
-0.12606408006506062,-0.1754847018014009,0.16217013263326435,-0.3307986806471316,-0.1388032482642553,-0.016171555726938482,-0.05145790133761679,-0.11035138248973743,-0.19419708193640908,-0.32766675640012155,-0.19947190508584348,0.036279857010837226,0.10219535152494622,-0.11660500181454218,-0.14589634426185372,-0.022246844015591818,0.3669618895393253,0.15880478277921733,-0.07407105158728453,-0.11165354078454622,-0.15677512507891989,-0.04130988772668925,-0.15968666151376182,-0.14480866283552324,-0.2288065857735068,-0.016433061325840347,-0.145013007595486,-0.30782636275221725,0.05344278923788196,-0.06435783328664721,0.0916787401795951,-0.2940999799236854,-0.19530146320267297,0.007816594966230463,-0.12872546631805434,-0.044426746952361734,0.07181761951190095,-0.2338397347727572,-0.15512262529510193,-0.13067279098754686,-0.1030186467723876,-0.12071988076702041,-0.024782071433026083,-0.10198690670806258,-0.2426692666931132,0.13469663413431845,-0.035040823121130764,-0.02770749423769876,-0.07172612611553184,-0.11076313867214208,-0.013581514815867526,0.06982251104101211,-0.0590629618851852,-0.2835204115499326,-0.5149563037041999,-0.28942218035461453,-0.2906169160007793,-0.17006910287223612,-0.08042272064436894,-0.23276246324544464,0.05753521277758456,0.09913949351981008,0.04274526720538797,-0.18698229411970194,-0.14503961515285474,0.025014627632696837,-0.023234187332071343,-0.15296174971906695,0.09774389648755252,-0.030619695780268633,-0.16727970090677827,-0.2749061132296065,-0.11873006296498821,-0.13940086991004427,-0.1377551034812191,-0.03794646674369291,-0.11445152439299539,-0.46221112719518825,0.0420602030219692,0.020057428125726435,0.05466099235103398,-0.03705960037025097,-0.04592635550592801,-0.11235876617624062,-0.22630964377608426,0.03579105146905692,0.023266271936723374,-0.0032832734304475337,0.020491776826915907,-0.06601202489597134,-0.20684168252980736,0.03568277513434316,0.02707865149074174,0.01735503633429265,-0.32271109744573945,-0.23056697867450038,0.05005124538614517,0.07352284685140288,0.07184169355446,-0.14645415106247273,0.024581235461764335,-0.05527846157259763,-0.059972123158626996,0.12946327821352438,-0.1600896283684492,-0.6369282515223899,-0.16955821335085827,-0.6856936582505307,1.0529709054709253,0.7124540794286628,-0.21012175924552395,-0.8053422717263199,-0.9525339339676948,-0.8361776944416144,-0.2574902367411701,-0.8804749563382813,-0.7506223087557796,0.34670962598614546,0.05679770527740851,-0.3214660510570937,2.0874973828871703,-0.6328786709522356,2.1060338975456423,2.5180862376453383,0.5818018530798259,0.0034891336189800093,-0.09863996096287281,-0.0706281688452362,0.40654365208167953,1.9570056233444753,2.9665711844423863,-0.04135543787352238,0.2331671746905598,-0.9763872147051968,1.573414907851548,-1.0012773027479251,-1.1125526877529408,0.5161695674772573,0.2795023225731137,0.8999597275998018,-1.1074301422987758,-0.1722036646897123,-0.6828783830838712,-0.9688658457970232,-1.5199391341853576,0.3180281535668302,-1.1286322719006812,0.16905540786954124,-1.0723238414136826,-0.9149581344889203,-0.48764124785503304,-0.20238748422887906,1.356460392109646,0.12082129586299703,-1.8468372460242017,-0.8699545694323202,-0.39157409849717173,-1.8036116182269926,-1.0682258266712477,0.017879548178572905,1.4617142827530287,-0.591771788125159,-1.2523654534993478,0.084683185906013,1.3741958205338325,1.1311567931524908,-0.5557759109652439,-0.4487866853917801,0.2613965748447792,0.2433429580259762,-1.3678886309122789,-0.8472344909240356,0.6243038847756618,-0.7582413689634719,-0.13597682421360374,-0.6722608673492657,-1.3788911517928775,-0.04574010779440175,-1.4009585732314775,0.09846774321728778,-1.6677108540913728,0.8400186553792953,-1.7635575935237318,1.2808938864441481,-0.39828070922793807,-1.0086613714133064,-0.5713943941422969,-0.25866158205895984,0.5316426828213409,-1.3065226425139644,-0.48133252204149807,-0.1980699409775356,0.2769999027387243,-0.016574150503213765,-0.5840066710902986,-0.45466953901525264,0.894619732050821,-1.7174543344006,0.006255358043601307,-0.5510820628050851,-0.2636538500796116,-0.6225446738513156,-0.6325791216121187,3,محمد
-0.3285397160112132,-0.2772298921341706,-0.038500226736806226,-0.3743598030857992,-0.1809124830523336,-0.04456325864194508,-0.10577376583544379,-0.31847970941532455,-0.11535135602160822,-0.27459045388372044,-0.2195219230874719,-0.17671428223744098,0.09414900316394625,-0.3944578468510248,-0.24868470245833826,-0.12429791251666883,0.2874968438544099,0.07493936506607068,-0.1252395494328195,-0.1850652856687701,-0.16440727319964116,-0.07591242483619066,-0.15059895282583666,-0.2734545250647673,-0.3172741892229218,-0.1374358436480253,-0.2878958495592187,-0.3994939101671172,0.08727586183593739,-0.1777694342291365,0.05193955455995759,-0.3943189828405925,-0.15729265530483802,-0.025891952560372675,-0.09698338432565792,-0.12530682116637695,0.025791046771476596,-0.2614020191374084,-0.3003602866919645,-0.13866571126776808,-0.11786685919196334,-0.15182380479736532,-0.03690619400742554,-0.056349811911623214,-0.2605760236106069,0.09793290148436662,-0.1843076766510493,-0.10320914355876194,-0.13086545926274873,-0.17560930934315058,-0.144489152968368,-0.043713168621748066,-0.09577537783295943,-0.17507051991939865,-0.6093552434151008,-0.3755964718705233,-0.2098406888468192,-0.3387832341610691,-0.11248770489602197,-0.32618460811823974,0.024902906119989656,-0.024826271230102243,-0.04068246625943373,-0.20305296948965865,-0.17610311816629176,0.018274698022918937,-0.12748355027699454,-0.20204139854777706,-0.04536038611420647,0.005385698268860156,-0.17340241620224575,-0.3136167502285558,-0.19057945076162477,-0.18354280413218999,-0.022790778445909505,0.04573620571387304,-0.18335619414562188,-0.4542718724219998,0.12956790313910602,0.047077445189607436,0.08823149339373021,-0.1662645605919609,-0.07483187321143582,-0.05866800720978486,-0.29747771175282284,-0.04483402947694333,0.027177212106452183,0.042420363232033555,0.011206972298504992,-0.0387886171440521,-0.23532100933377872,0.021146856461459248,0.04032861344255605,-0.005496067746301702,-0.37886193140977065,-0.24518168852448943,0.02897655337405673,0.0685695603563087,0.01657998913457208,-0.1823320551567519,0.014106061261097117,-0.1721161820244453,-0.09390001800525566,0.07071403429875345,-0.22004159490667533,-0.5788101166307573,-0.8547848502773502,-0.4033169400609456,0.42690777241944705,0.5655879079872455,0.1701273359109691,-0.3908186795453488,-0.7767533055734404,-0.9840109899301848,0.3084201822231324,-0.2652188419192417,-0.40678294347277355,0.514718974841712,0.07273853843168197,-0.3277378013223269,2.532611928708533,-0.9234636542763582,1.7910056524890763,2.762749715190935,0.11942346826950041,0.7011240188072935,0.09614909916668127,-0.26962106059720503,0.6617228068784662,1.7913548065557963,2.1442003556037696,-0.18779476267827147,-0.17861033959184633,-0.8664529991297968,0.3538312789246883,-1.092605551246383,-0.9996049255139499,0.7863582508863587,0.5706859628574938,1.116729192206689,-1.822097796614779,-0.14504672465647783,-0.9392662080048101,-0.9999488401010975,-1.272237737660345,0.5110584989741228,-1.0162764549657548,-0.05473800792314384,-0.9884358732155982,0.12310693266603609,-0.16857395406286435,1.0699744744880848,1.5694832562495493,-0.7196116027735919,-1.71759611313272,-0.12106512546787714,-0.07660064504806229,-0.028248017248161426,-1.3326204420245915,0.9071956347047713,1.3761359417628771,-1.5473523837099767,-1.2042496452430997,-0.3061856013596628,1.2576211652879208,0.08602417597467239,-0.6688747987908387,0.27950645541240454,-0.23774672803677,0.9123949045934489,-0.6304426773628896,-0.4914668011717745,0.6080463722670364,0.12479727365308207,-0.460044548348648,-0.6803247584562155,-1.4768091239342196,-1.0204319411139493,-1.7000129080600923,-0.6379453500804876,-1.5825647703599741,-0.07847629973088528,-1.8066748977882547,-0.3589947858973578,-0.450957247926493,-1.0625269316672081,-0.2205186846484842,1.352118213511596,0.7007449574732391,-1.5949392472106816,-0.6604687788508685,-0.480486860045713,0.6744438946830547,0.1542709408493335,-0.0965653106978031,-0.31639451408307506,0.43558013968363857,-1.5676895991537594,0.42596213876045547,-0.9173290573366906,-0.5911756585506258,-0.33305391581200905,-0.3968237766970658,3,محمد
-0.2510283554099955,-0.18611410380279517,0.1293194059526361,-0.4045831920621334,-0.131732173241289,0.12101284781069013,0.0034819554520131124,-0.3853753318692906,-0.10461172560167481,-0.25474364442255953,-0.1746015884462511,-0.09461732235039239,0.11521426783463554,-0.15111389933894373,-0.22024896107898378,-0.04719545483781171,0.20672727667334187,0.1214538040730671,-0.031921780710683814,-0.18967973666265772,-0.13926893729665807,-0.0834787529068028,-0.1502993663880822,-0.1892071836212182,-0.29777062581152963,-0.09870555424276957,-0.15016335282191354,-0.2856172262620371,0.0682513574226254,-0.09291540724562096,0.21103362514961924,-0.27927305465596913,-0.23247897206756418,-0.02395916653925648,-0.08966688285516412,-0.06623847931299125,0.13576485350461234,-0.2060257954580743,-0.14895293098598011,-0.13920804635515818,-0.10647911406855312,0.028990169759518555,0.032825716478933065,-0.00044716186087913253,-0.145838736068739,0.17798257349358315,-0.16506006637612286,-0.039587621395560574,-0.10217864747079859,-0.16557318303695417,-0.03562638433855779,0.16868493162181447,0.06087773421162919,-0.07702975371454994,-0.4462171855384305,-0.22110390868039895,-0.04192868456144396,-0.20585132322281202,-0.11201905312942582,-0.30124663129243573,-0.009503012527049702,0.00021460395364039487,0.02557777043136908,-0.11054147004037022,0.008877167915305661,0.026519976889655985,-0.13015774823998288,-0.20177229903034127,-0.03224612113146094,0.07959957276095543,-0.11200360428574112,-0.21112055427317405,-0.024764285172970642,-0.0769937496867316,0.025739992404570762,0.006556164375168944,-0.1507562537093174,-0.4234732032350958,0.24633435563447778,0.09813064777450171,0.20476104352796376,-0.04236316041738862,-0.13799327464282501,-0.10704219901189009,-0.2217384232772719,0.06396169963801157,0.16247911680867919,0.09787591868390412,0.05208170157675745,-0.1392685590610847,-0.24497781279566475,0.14298227076149136,0.12754280728155207,-0.03418752640754922,-0.3172249800513302,-0.16189520959291323,0.0941162725559573,0.06491462810768593,-0.012307112085548345,-0.1729938573363058,0.08571927986044281,-0.1835377534396463,-0.0527418767503999,0.027790892050040365,-0.16666888433590465,-0.5159356948682816,-1.2361500929386378,-1.100357289214582,0.7316117752687527,1.0873949539952636,0.04370010078971584,-0.012531341792042896,-0.522454568736208,-0.5748979631177199,0.17809584538636766,0.8522029963758352,-0.8602070268695705,0.8449552999631328,0.25817843508623906,-0.08411246443108626,2.1252561574364397,-0.6647859356668762,2.2407993290826056,2.9608890258450047,-0.5732949893622674,0.04409412840535915,-0.14835573120273404,-0.31027010732078186,0.046607220967358545,1.5854218549134704,2.9004172735518,-0.3851770667742676,-0.06956461215262687,-0.9381507432180909,0.7960132131359516,-1.1926413507792937,-1.124070775201567,0.3148315522916812,0.44259231281559747,1.5707638577716851,-1.2027419844244,0.09282411339073716,-1.5593412633266246,-1.466681676266842,-0.6453278760299378,0.07032851457133237,-0.8595619542889628,0.5511382625183169,-0.56466819866903,-0.8799792063095727,-0.19937257017604826,1.5744670085385217,1.5385594941077831,-0.5956902510758219,-1.4065636840685676,-0.3642789431192845,-0.8270435397908236,-0.5246659827327523,-1.5021929945614105,1.024772584253184,0.9046598404785625,-1.3914604185122361,-1.292558926746742,-0.367295391680044,1.508614782343399,1.0574349992580514,-0.6915157260440382,-0.8267105662737986,-0.4041864924770542,1.5832710615229706,-0.675365782543072,-0.8536649585076932,1.3488139570627247,-0.3983269110458748,-0.30029501594342645,1.0330745227527316,-1.0189397907208948,-1.4024593977590432,-1.8559564138172153,0.5640125454948529,-1.0718612803967742,-0.16089475773106404,-1.826304733279094,0.5292665955070832,-0.7284641773768091,-1.239126289058632,-0.6241150497999765,1.820866510806743,0.20883516990252166,-1.5464313100634322,-0.8330742287651727,-0.8458666127155893,1.2407781129464204,-0.24643219377393147,-0.16319993700628754,0.10568698116221698,0.8369708773576049,-1.1612960684951,0.5014674250920885,0.2644361110834503,-0.2609085481470111,-0.6668711642934866,-0.3177862261279746,3,محمد
-0.27310787777384965,-0.07607275151666441,0.12218886681839,-0.465064356828837,-0.10875387977523829,0.19658572221100853,-0.022235805266642115,-0.4429447852777184,-0.12066501899208464,-0.29554810562962325,-0.2156392145620156,-0.10455603320086225,0.08121166146523412,-0.18015050365185742,-0.3121652861865337,-0.09178439534819015,0.12346862535143151,0.14048905278808163,-0.03334017308398518,-0.15272169860250773,-0.09444120483895942,-0.06582656848463851,-0.08977074694722297,-0.15132080484194502,-0.29679254631723856,-0.11939211248456227,-0.17103626754747273,-0.2561419077478493,0.1206104935650788,-0.10069083731368168,0.23211497569275502,-0.21990655787402427,-0.1790303378913032,-0.03552746399514824,-0.09517579529954255,-0.05353492674835322,0.05546968412905769,-0.24793272524778548,-0.15656288677764796,-0.14140799369563942,0.0007311824684956284,0.0972374507075654,0.05174206843863948,-0.07970597771403229,-0.203535744268067,0.13303899766130803,-0.17834440006962907,0.05560797054802969,-0.10631021301259702,-0.1055096409878475,-0.05419802236044936,0.1649727171823953,0.02904443588411267,-0.054548829467125394,-0.4033973912076401,-0.22052327112707354,-0.0355966458876188,-0.20051463753782447,-0.11631148875203154,-0.3218865384103694,-0.015531828254032563,0.0019811380756656533,-0.016334832165866276,-0.1103460551465044,0.005989836974533782,-0.02918259326516829,-0.1160199392789529,-0.2257860078395896,-0.05659704416346854,0.07389260680568115,-0.10487356060370862,-0.26201403606968016,-0.02898306248958766,-0.05504686692393502,-0.03177065430775894,-0.028419756775800355,-0.1345980978548502,-0.4036672820048192,0.2856169964795078,0.09157094375982387,0.07070570404182991,-0.06786293704331227,-0.07786897493077116,-0.1388205488397324,-0.2620151933039169,0.04801138401275805,0.21336497415291789,0.1012546821918766,0.010239521048923736,-0.16071363676552616,-0.2699442141470112,0.1985171833938443,0.054640316251397154,-0.031600830342746494,-0.284303897306959,-0.25087959511480956,0.16516554023506289,0.12750808212148493,-0.04548021740076565,-0.16972174749201252,0.08429773964127552,-0.16391999521370787,-0.04813184738777467,0.039338328256723974,-0.15059651749040634,0.11594081167411527,-0.29324241982774124,-0.3682039087040884,0.07844406526240379,-0.4666577884839765,-0.22887243415439062,-0.3517310730052819,1.043929801213706,1.1281467278272403,1.189461129094825,1.7874015680553264,-1.4739411697793767,0.3279666309009983,0.18130090825408857,-0.17047940273720655,2.5494590108072264,-1.4266654505416498,1.6093852364654957,2.932501952994706,-0.3007069749587231,1.552316527333316,-0.46845393454638734,-0.5072243508886941,0.09535440790408194,2.22723691900131,2.227361618027922,-0.35158959981950066,-0.441188168743993,-0.9241482847180332,-1.609519675151792,-0.8436330072134816,-1.4951299699502314,0.4904105543630563,1.1921849392229962,1.3326303833927653,-1.9753149873206297,-0.5193050500753565,-1.45686021865832,-1.9841546103460614,1.1622211892225651,-0.18112988827190313,-0.5307130565053337,-0.00920563637344415,0.3215764178978769,-0.25618628196624615,0.015457665547760254,-0.9758148996956866,1.123177736260603,-1.5682375237339117,-1.3814491909066433,-0.1269944741108607,-0.4648844850021213,-0.6764515388712461,-1.4304491726733457,0.45609376991863476,1.5614712720059831,-1.7740960472416092,-1.2901352897668046,-0.32621488557027284,2.1182837957009624,-0.15099822335732196,-0.3126215018384863,-0.7350595183315022,-0.2540624758570498,0.8775162833129131,-0.5908699949108538,-0.7870596457917537,1.5823985404288081,-0.5993561738641915,-0.8386182184631014,-0.06075415309927614,-0.39213019821116396,-1.4241714875846971,-1.7937757142787418,-0.010114450568852991,-1.3286270538627554,-0.402814796664487,-1.7716394394770831,0.3984990672525202,-0.1472730261676625,-1.5595138661694932,-0.42632368643554625,0.2928061865214006,0.7706029834044068,-1.615496870979271,-1.1802715527094385,-0.5199926866212953,0.9042943934809936,-0.006618870971098968,-0.6813470961344544,0.3685843736885287,0.666616125740539,-1.3278597943150496,0.4269520971224001,-0.22627764073307116,1.2136710727972564,-0.1909938616495499,-0.3225505596492105,3,محمد
-0.3472442989843877,-0.030966431181311406,0.1455226924879324,-0.36861466546596666,0.016142163815830862,0.19316491476124478,0.013821096970400345,-0.39650933386671855,-0.0884805716699506,-0.21811426493549055,-0.20849654066842999,-0.1752308348831765,0.05779507848064953,-0.26416159055542526,-0.42649075467847886,-0.056606016772908246,0.012431646276226857,0.06002181667735534,-0.14078131892701662,-0.16824469424918884,-0.09862389333621169,-0.11995450533160645,-0.171434486291763,-0.1022707032101272,-0.3867920636654976,-0.14196073291614822,-0.19433302509234499,-0.35214018284749865,0.10469762952168646,-0.15244294786976836,0.2642450794390359,-0.2684459639952843,-0.1670214385077011,-0.010534858421560808,-0.13828991814903815,-0.07108930474582248,-0.11493359249132391,-0.13678415768083024,-0.25477604867027603,-0.10965703130374299,-0.00040185620335486953,0.018667720823579724,0.05452827151796149,-0.14808381679668983,-0.19951553284815343,0.10492155440714701,-0.16155291723206494,0.09440599787052659,-0.08628035164202995,-0.04590587597590814,0.007979675262174824,0.15239174063355945,0.013452865396002607,-0.12928488997439094,-0.3641689272870082,-0.30173629748366876,-0.0017053670542721822,-0.2051918764497743,-0.06575684195498024,-0.2941782623833675,0.020210545108339924,0.001167247501490155,-0.009697392344993875,-0.1827589586017375,0.012933066618317118,0.03347033739923821,0.023238533657529786,-0.2621669292012188,0.002235293287488429,0.04835202311449008,-0.07056709247151366,-0.2721481268756863,-0.05120083334099846,-0.0241896341281081,-0.056251119695387534,-0.04253956748277947,-0.13585642654163618,-0.4262270972498317,0.2911005627202018,0.03249067080128043,0.11051654874845611,-0.012468126174939432,-0.05840351595429884,-0.03330298464593475,-0.24169447320814638,0.07070841677632841,0.21115913335383849,0.029813372409601874,-0.01770591564466708,-0.17699957144429637,-0.2915975962985076,0.16448232928534495,0.1581189928588349,-0.0860071672155152,-0.18138732725461326,-0.23848432264847236,0.2371073334373738,0.16230488273862906,-0.07190850266610689,-0.16043393217683585,0.204496343281869,-0.25612165696358613,-0.169527831437683,0.03795884996263535,-0.15742129249812953,-0.15554825776877054,-0.5532624700705823,-0.26710290858118835,-0.24435067761220958,-0.7193913961988692,-0.4401893314744509,-0.26172531779101293,0.6963844470644002,0.950455243666505,0.6512829251513051,2.3234922564530445,-1.5692498203282308,0.31044180386844317,-0.00140715623801916,0.0038994179835510332,1.8266653268268627,-1.5118054295662013,2.3256991730538057,2.7896207281009437,-0.12971696359797902,0.4014829256150579,-0.3618541447456675,-0.6638175013271276,-0.48432004627333936,2.3394608755425765,2.6230473066268174,0.9728807863622142,0.031441734251639104,-1.2086130257846612,-0.4855731204420964,-1.384447824092821,-0.7282541710501363,0.06291200946768946,0.6227124110142853,0.8464600353486907,-1.4140063898646738,-0.6036548916248574,-1.4702184271509167,-1.8886525502216385,0.3749075770541495,-1.2477449137448549,-0.4426685969451149,0.7684290093150847,-0.059119852174547294,-0.6522299354191732,0.14126446381502508,-0.5855768230139986,0.5630398725846288,-1.5569630128053569,-1.4534454734674114,-0.5229626395199515,-1.162965381504005,-0.9046542348780308,-1.4646176264416608,1.0945014174562497,1.2982919023491286,-1.1910081734072988,-1.4049059973155986,0.5660420195390744,2.5302727544350785,-0.5456601536271358,0.2734981947618036,-0.1932361891918986,-0.551275876932187,0.70532705113288,-0.43403447789165644,-0.4423788844462165,1.777129396635456,-0.7269662088962602,-0.834980422291384,0.4635114240406973,-0.3771107147629546,-1.4157637839642805,-1.1747672937398934,0.11430215633105252,-0.31950288302449603,-0.33451555682022055,-1.1072752497839164,1.3450963950943244,-0.6473194216484779,-1.7645872715008062,-0.49202614509660164,0.5633117519523777,-0.15918361476846007,-1.629036882695976,-1.2055817782587108,-1.0195932649349952,0.7683574127890304,-0.4846888992967593,-0.6118646211578141,-0.10140308931693935,0.5762755828224599,-1.6998275932761313,-0.2698805407559812,0.9663717960508398,0.7605584735842194,-0.44580168021661065,-0.0923345514230023,3,محمد
-0.20862801312707108,0.03399983530613913,0.0812608053264078,-0.2460278400010314,0.01286242162459314,0.13139419026036203,-0.05455828612208109,-0.2630247539534409,-0.19299903565924603,-0.23193640517747385,-0.21153039785574893,-0.15804946344803372,0.14304874680845966,-0.1835989044714569,-0.3656687214186374,-0.12984331265192517,0.12236717268009252,0.14242047162595564,-0.16979334091514128,-0.051973296417748276,-0.08424176375433842,-0.12407012695399,-0.1434873706919001,-0.14169247124412712,-0.3013673197648051,-0.12628922369887785,-0.16584211018402603,-0.2854678573827257,0.06529973114771358,-0.1530726254299167,0.33781949899375885,-0.1820431547240123,-0.1902219858536098,-0.028544856585516625,-0.1462268856031535,-0.14449785713273183,-0.12826157296580243,-0.08994548278317446,-0.1834095749365489,-0.01018405759660388,0.012132576555431507,-0.12972117181204212,0.0334378037503063,-0.10872809457353386,-0.21863853044649936,0.12739321530937878,-0.26761017580077495,0.09597217380838396,-0.05211637552026976,0.015360888782981743,0.004630140694989,0.259818905896486,-0.036290961711585676,-0.15474522471116117,-0.22396164279103759,-0.15914748725790026,0.0030453091675452957,-0.18179547987863898,-0.03839302096857644,-0.28982517513573897,0.05104332459213332,0.07083180379534727,0.04738050031467642,0.01910438294942559,0.16201735006456106,0.08512429160916893,0.040752220672160076,-0.3336768467068563,0.03453208124785247,0.05194747962006236,-0.05483607754460483,-0.05574050013072543,-0.01629964162887806,0.02160337172295015,-0.047442857974478066,-0.07173190125694044,-0.16829043687268752,-0.3605151216955088,0.22822758860294637,0.017107030554357434,0.2221560354320754,0.005052293520129227,-0.022888659363003834,-0.009872544126781695,-0.2753045504260084,0.2174782642146183,0.19516013481160593,0.119620475248532,-0.05066278526104247,-0.17109395709001948,-0.2531507470738536,0.1344878904878831,0.24785024545259718,-0.22003784568732948,-0.17398542953966992,-0.2187460720288827,0.19625544391098393,0.12853252978686663,-0.02735326440032884,-0.1459406755381893,0.2898214719474406,-0.16847753490462827,-0.26062498451397187,0.11797646472948524,-0.1546495210963312,0.4371834260927164,0.18834900265065507,-0.4582056990549621,-0.054080604541321686,-0.5948985143191508,-0.5580514224927532,-0.08158423883179353,1.1547565275190115,1.4350500993753885,1.5197572633660648,2.188186937559759,-0.7703647358895629,0.30424374242877544,0.43342380091363913,-0.14265215983755986,2.1405287873592775,-0.7823372815837104,1.2885914665293046,1.350668232833249,-0.7052655618374554,0.5424322696065467,-0.39804557783024697,-0.6818586681535466,-0.465627930956594,1.4809223449137288,2.1425230153833463,-0.24732910782588477,-0.5419231211367364,-0.5038305966868578,-2.437512083051991,-1.3248989215024418,-0.4004187783842851,-0.0953756958032264,0.27738903986942776,-0.82799164784723,-1.7676472810969102,-1.4659556655836534,-1.6498808540933725,-2.18907337988455,0.05623329753902401,-1.594931965372416,-0.006060317685508759,0.12153475416002568,-0.14636595973571653,-0.7384584261244059,0.3236481912384138,-0.4768089196713489,0.9540008938906606,-1.6870043286118366,-1.0120724462191133,0.0750545875576118,-0.6101859178655162,-0.4756397149791895,-1.480615130924039,0.22682316475094103,1.8076790362270603,-0.614387992651551,-1.3724126442083104,-0.7251540482728419,2.6249784889507857,-1.4174599413762035,0.11723541753135491,0.2671779693518851,-0.41376387715888063,-0.39620957600120277,-0.6741680703142113,-0.09904713485986577,0.8112613046474609,-1.3438511421825883,-1.0085244151597246,0.37788424929664494,-0.7602509497846652,-1.5122719577292603,-0.8395562923282455,0.18160512992872707,-0.9074586437727561,-1.1742674902231431,-0.9974617246706945,0.7197600189812846,-0.7101347449872917,-1.3352153080784446,-1.1769797826466364,0.5503409954098563,0.8161423133954843,-1.1545543212876468,-1.3849977829427713,-0.6344713644938816,1.2012023744010083,-0.6510548373944979,-0.4333881676163117,0.1776363337387623,0.12859675599653353,-2.356039421214811,-0.71124189076716,-0.4986468656627673,0.8008996628265934,-0.15757012125942937,-0.19992223816330296,3,محمد
-0.23651846166040236,-0.006912703311108551,0.09260141564510067,-0.17174501175918622,0.042002206434521,0.07031613301999147,-0.034576013676976325,-0.25200384616841986,-0.2114538237052704,-0.20723290182769127,-0.2124458048364013,-0.24156021119550336,0.13540503007444132,-0.12200047175268114,-0.30684677251501635,-0.0900920894263845,0.16054422170222013,0.048265812127100655,-0.10785779532619873,-0.03853402183818985,-0.04690575612870518,-0.1502581889565288,-0.17415930671450372,-0.16704079047113538,-0.2568727963632978,-0.12076810747134627,-0.17930169698414689,-0.1931225270551548,0.07473795084540352,-0.15387001384152402,0.23441668203225016,-0.1482375665323502,-0.17182888525345233,-0.08065420895303602,-0.12749772780534122,-0.11688243679347435,-0.16563455505924027,-0.1356580294035483,-0.2471747898375852,-0.08220577421615692,0.08869576873818494,-0.15648206540943976,-0.027168034929103035,-0.19502382578277336,-0.23162522422998907,0.17609358282376789,-0.28898487211362356,0.11709309652730042,-0.12396034411984283,-0.09149845550535943,-0.016924952869371814,0.19765781914646424,-0.08167377707825217,-0.03543363450225189,-0.18455701253439868,-0.2069898392764623,0.009915110265449093,-0.1399724485800151,-0.03602599374032505,-0.22850092549478113,0.03521931040387565,0.15360585043933045,-0.0043887915903943015,0.05190035431927205,0.21530377112741964,0.11249835995779305,-0.029208469079385815,-0.2408253667365554,0.01470329351566762,-0.07785205742482883,-0.11293364663987242,0.044513584159963294,0.021095681431263266,0.017414647919855225,0.011105342233598004,-0.09323088904853431,-0.25277441082831686,-0.3559409145162899,0.15024105028541812,0.09976094066347994,0.22683369320472965,-0.014612784812260308,-0.05181643005287908,-0.022752050447333423,-0.32420262691399426,0.11135602736094465,0.16215731572848627,0.11985169218393131,-0.1924537716274282,-0.1505695902300603,-0.21434418152629367,0.1485025879962404,0.24029777867483834,-0.1154277567745135,-0.12332602735906922,-0.2928846449321479,0.28877186722869663,0.07271981116739787,0.0018951319850506244,-0.2043571231221735,0.27784945924390203,-0.051744781439679685,-0.3079014355713742,0.1805330840956172,-0.2016981920600827,1.3947012520172997,0.7370169131678675,-0.12879577992766758,0.09328057071555393,0.3965159146781987,0.37440795889611633,0.8506613549504997,1.2593537905764076,1.823780621863687,2.4882504978687305,2.742446969486228,-1.0604145662124038,0.15561628216850637,0.8814988195421745,-0.7968984602981211,-0.5422167922266625,0.19728536456820475,1.160599542813993,-0.4568827358445671,-0.8115133944041822,-0.1207905753665028,-0.587271954378723,-0.8967275989688446,-1.3252292812509108,0.13996166383780465,0.03067616447615807,0.2670207287645491,-1.1613393414603799,-0.5273713876643324,-1.6699339174647951,-1.5465822712242001,-0.192713522894867,0.08941906906901213,-0.2990962429440332,-2.0172775937180156,-1.2535990460111315,-1.5571978416497638,-1.6133113917067274,-2.035193003922538,-1.13099996212773,-2.9365452766499254,0.0532502176446092,-0.28070150511325975,0.2778765622039993,-0.6275786293407184,0.4717910650576201,0.1552929151969457,1.6593298492368722,-2.357230928371231,-0.4535931309461676,-0.15183784887509236,-0.9451738761117435,-0.9509600797594454,-1.7620074594251984,-0.08214441587774386,1.5506899582230331,-0.664350783085002,-1.5332256192282763,2.1517281211445347,0.3217637738402702,-0.7392373441547523,0.15702789023203417,1.6838482401384949,-0.672067880431571,-0.06849012321600909,0.5238730008908139,1.2523936141012642,-0.3817514140154196,-0.9987949997828731,-0.16249279283857396,-0.09736344347355808,-0.8782876163385505,-2.1740452182887124,-0.5752510809825259,0.1466768346811613,-0.8561276135145991,-1.3483340165085689,-1.1732068131684377,0.6768086098304104,-1.2452604663793363,-0.9908011475559285,-0.7027667595028307,1.3272391809232982,-0.3676023099497373,-1.2160415235278432,-1.8592906337784243,0.7653529779616678,-0.4178949734264675,-0.8427541104031749,-0.7624334132717535,0.9141658946854638,-0.6338363169541187,-1.812999365824898,-0.7087179781791081,0.09258085134898007,0.22848964181086348,0.1364787993256698,-0.15610907172372523,3,محمد
-0.4086805215065966,0.22483564935538355,0.18950101714515347,-0.15916837866502923,0.04800677226949232,0.026434723901273098,-0.1342001771448128,-0.25527729981479497,-0.26926849594269264,-0.20075071669428762,-0.13466728095271183,-0.2659433797855066,0.06650229508629643,-0.2594697762929763,-0.4006908897382772,-0.08050660350475898,-0.0016452054801609597,-0.07475828355377777,0.01629359750510192,-0.00621049338376835,-0.03822055866991737,-0.2087932861045088,-0.1566750245877939,-0.21236847081784982,-0.30391074298280146,-0.026983297762256955,0.025439089540763925,-0.2015904335568747,0.05256533818618939,-0.11752366691049529,0.11156778011513369,-0.10399885807736915,-0.17641625588264537,-0.07012274269783841,-0.1439132315422046,-0.15828530226674875,-0.13053320569572327,-0.01822403101380616,-0.13325363130466358,-0.08331058989760333,0.052269572745984455,-0.09397555338608525,0.03768261546601292,-0.20220882277310992,-0.1030046288509013,0.12143499059443796,-0.2320515067739667,0.16353403760847032,-0.11416541795462594,-0.11852498578584399,0.010967975690957065,0.14794162249997023,-0.10709398546022282,0.05297061295917074,-0.18750526732808676,-0.21364845077609756,0.10602842843079412,-0.024871611794510945,-0.08236830668791904,-0.15781279729051573,0.05050767868907385,0.13847965332013445,-0.013629104250480414,0.1965214608916044,0.2136644519273445,0.07810795137176499,-0.06432068537735382,-0.17909647243530538,0.016199512098347642,-0.12434930014229593,-0.18552580065472657,0.027225906327643427,0.019087532164094194,0.11953381587561454,0.04868628984574911,-0.14068948309820672,-0.2036345750512649,-0.37568201727952505,0.0308188105943268,0.052462034105897566,0.2755868789919743,-0.053227365316025156,-0.16519987889110666,-0.17596819108736375,-0.34809847801302707,0.14578977235349294,0.10929354539838097,0.0452199017338593,-0.21914741900670054,-0.24441667610257017,-0.21999215350189139,0.1878610212019661,0.1982257620477003,-0.08365049029610415,-0.06979900545176977,-0.3317369572732337,0.26215988864731443,0.040549069744304875,-0.12227875354174157,-0.18231875817139218,0.1940557805349123,-0.15792595965435427,-0.3788123369817154,0.17167018327845981,-0.23933721930743584,1.044210229808836,0.10081857136697298,0.0027335263476813637,0.1768464483138941,-0.018605787614976655,-0.48137748904384947,0.30527885236645697,0.9095397698965008,1.492329066660529,2.00227935907187,1.3559471499956464,-1.4798102530809754,-0.2078440454742526,0.4974174929065271,-0.6150909386728025,-0.30520321741072653,0.8451087632793247,0.12779853998415605,-0.9365141511503016,-0.5783629158245798,0.12620587699659755,-0.8085283413147736,-1.1049779481669193,-1.2908238953457554,0.21142886259189667,0.697478126379463,-0.5371877885706444,-1.2245552723465443,-0.6160710099297428,-2.1226705923368963,-0.3082146282865991,-0.17652269105542256,0.21663562311602724,0.01749831196742588,-1.9499990094839654,-1.5934599592621923,-1.8774738194422762,-1.6107168821324538,-1.1726868297293533,0.03869760234649604,-2.714696483089873,0.4031752720691224,0.5241905715228762,-0.3090672123744174,-0.12202960547601571,0.13045847679151698,0.07408894226073148,0.45899270631018496,-2.284109059581875,-0.3474174335291223,-0.6513606341841717,-0.6481458217866175,-0.9884759080181681,-1.421379677890827,-0.2531012757733781,0.44416392003502503,-1.019242577635118,-1.6261445832108716,-0.17838513193528774,0.8662502913404564,-0.7991661041951955,0.5797903830256683,1.0569627475183319,-1.1471567731580212,-0.24776501272390522,0.5312186505817301,-0.28778827472382246,0.4774959374837134,-0.8719258669660448,0.2308452247121128,0.2851944498262813,-0.5709106260817204,-0.9424197805678393,-0.47052223179809216,0.5481338607939454,-0.88586071824281,-1.2909959808568918,-1.1330064594387388,1.8404839516351361,-0.27192990466313116,-1.3260188016450931,-0.5247604340204186,0.8928609394646615,-0.3414888920753463,-1.7106096092155028,-1.909392218811448,-0.21530099865963756,-0.9684521640386897,-1.152735272232224,-0.20451224081843197,0.26126897476110894,-0.1084133656241267,-2.0556390139983307,-1.3354020311058596,0.31327268445362305,-0.8631018104318202,0.08626094030831379,-0.15527421561079244,3,محمد
-0.4357010684957262,0.20481087919561003,0.1182984268783252,-0.06628235470731672,0.03697155129196583,0.022591976482985495,-0.08723025336470189,-0.2714570377014411,-0.3695119742589076,-0.2352107737205109,-0.1351335470651845,-0.2803588995170988,0.17062259139432506,-0.2788656208671817,-0.3006081201822897,-0.07640501628200816,-0.1426416074744661,-0.0912266391206226,0.03720214482982173,-0.12144729336022075,-0.10892528696303215,-0.1659286634399839,-0.0780796228831982,-0.24223019097816614,-0.389480701124346,-0.099166843587251,0.09144606904096671,-0.19809422152919712,0.05224504241326449,-0.11138569825895371,0.1253302594795026,-0.06452569251653283,-0.16275304194878362,-0.12448216465643924,-0.18717099062691953,-0.17165226590369584,-0.11722032724980606,-0.06589655818962603,-0.12836283791716663,-0.06326011288014763,0.019344317812997672,-0.06772725683898467,-0.04696719727149149,-0.2007006328063964,-0.15121515145745812,0.02919510529696071,-0.08818014641074565,0.15986268445339946,-0.20525835857599659,-0.1989581744573038,-0.07902499385392929,0.10387498813484551,-0.14277954807936805,0.03099178417687124,-0.16157352005160575,-0.11332884835866493,0.16053704571323976,0.016308562916468653,-0.14826840976737382,-0.15044594583187007,-0.012473472556369502,0.16315937176717826,0.01956279639429066,0.25596378643978357,0.2720758866264817,0.15432279407597005,-0.0996007965910935,-0.15211564011743203,-0.027753037105223654,-0.17325228768363063,-0.17784997690972604,-0.01558195747929262,0.1279464519434192,0.1756740319156068,0.16067763974554447,0.0322090571695693,-0.23324179506297024,-0.3549481541736957,0.010236632503014874,0.054336896283108206,0.25997995029518095,-0.040483224533269704,-0.0563137693925415,-0.16718324724321232,-0.39393824674554073,0.14772452475711742,0.12500160296918705,-0.025511388031517705,-0.1412430005339065,-0.2482550541748679,-0.3054848819115005,0.0974335615471531,0.23624525437789354,-0.12581387568900843,-0.03647151343263903,-0.390231442568273,0.2774641274472812,-0.08815033197386644,-0.1960388937933434,-0.2186204514330589,0.22592096526163719,-0.2980207970138962,-0.3907601179189736,0.10263266587036401,-0.26280029505019514,1.4395133345114561,1.011267331804817,0.57368790382451,-0.6433196560655082,-0.5437981318038904,0.1634059762588807,0.018077086136383706,1.0825657174640377,1.8577727751962803,2.2307027982650096,1.2324279040749935,-0.7157812798169598,-0.36725295867159985,0.5616150381187461,-0.16693029589640987,-0.24121868354819193,-0.16896111894057755,1.6315470248307185,-0.6282908696881632,0.01799575388700882,0.3495200725222518,-0.3614271035821064,-0.22972330959375062,-0.768196268170966,-0.06964421012899828,-0.10968191120562969,0.976109235772732,0.45520944108355893,-0.6659373607744381,-1.5288097375406533,-0.6496916167908876,-0.23312074707710223,1.0121585376792817,0.5037214418958156,-1.450611560252289,-1.2242880529693057,-2.030049072860135,-1.408218411595503,-1.309242176552261,-0.6731519502234785,-2.4049096243595973,0.6757934009653317,0.3628560032011214,-0.4497904126120892,-0.481539037934299,0.4865764705589803,0.5420610224524359,-0.10331456284637054,-1.749675193948858,-0.3254385478183541,-0.6811083539312646,-0.3917584486834066,-1.1180958119092752,-1.2496939434675147,0.24027145781095502,0.6690943470697581,-0.7416704694901761,-1.6646377675262276,-1.3337998302799445,-0.02409358876097315,-1.3006471923502991,0.4189933818940813,-0.669424514767667,-1.0409788026667126,-0.13428453099567197,1.0520919492331744,-0.7674924933891791,0.36881422353629073,-1.3167868614708262,0.0073074185803004305,0.6409222047599883,-0.7366858621951492,-1.5755174755799624,-0.5210491187298953,0.5091574456258983,-1.0319368651612952,-1.850103359556489,-0.5786693736313616,0.19619775654478536,-1.6040777575868916,-1.2628547242498334,-0.30229266628043894,0.42483731986981166,-0.6290610511330939,-2.02248957120787,-1.9507855903444626,-0.6674151138778301,-0.7431361643307682,-1.6032862148891527,-0.41780705657841344,-0.5736880703526526,-1.010018191949537,-0.895674609676683,-1.4518049422503134,0.0055619802575032126,-0.8280154926273254,0.10436612221803723,-0.268523495069322,3,محمد
-0.46660790809570696,0.2845093104077061,0.21760162973125863,-0.13440998631122875,0.03440404469298502,-0.04150370099937155,-0.04528554293665146,-0.0983720682403904,-0.26199384484841937,-0.23798662351260202,-0.12360395630550415,-0.25572956691092974,0.028362361016449338,-0.18833222057837717,-0.15782218299215087,-0.12940283852138076,-0.23219999947646797,-0.12508222228325602,-0.029814275169940403,-0.04033305381668977,-0.09340676059348574,-0.06972673297856848,-0.11792305499072185,-0.20137458386528317,-0.3999276185166452,-0.07863797689224915,0.08363687309642666,-0.17773951612015396,-0.1348233420056512,-0.0677831764805779,0.11055486959633606,-0.03549108383784823,-0.17246864834310718,-0.02850372120009695,-0.1889967124875911,-0.16924934158338711,-0.1480398114661272,-0.10211916012841044,-0.21421265922135138,0.05510259226567552,0.016175999723200652,-0.053046887409461445,-0.006228621930677452,-0.27537112892893667,-0.23302433491792138,0.0890026497338256,0.024727800068860342,0.11451781003918853,-0.10767763426630793,-0.11271683783895335,0.015777741064415107,0.18376104400383741,-0.07855333637625604,-0.11790681150840615,-0.24627067506713388,-0.1816345210330007,0.1109154104265177,0.10798498210117993,-0.2025187366067703,-0.10461832930094278,-0.0344953735998207,0.33225790052947174,0.018434790080187818,0.16605183546043034,0.24990585388847497,0.12941051803084674,-0.022702822065033348,-0.08800872252321397,0.001154783897999528,-0.30941399252727536,-0.17219398101688185,-0.020958190865997442,0.1224674540741704,0.1173975310613905,0.07532888570525499,-0.004604276224559709,-0.2348979106682521,-0.4073287965767203,0.03013607380788838,0.029379964829854593,0.35718216984722906,0.04184893847262281,-0.08466411929232984,-0.32124033060790563,-0.34086739058723675,0.14533765593171866,0.059918888589819995,0.06851729810059358,-0.18467155563773732,-0.330069503100629,-0.18725134306662433,0.10711629910797706,0.10448776939322914,-0.1705738820503767,0.020063707957830065,-0.428865250895798,0.19740961417758446,-0.10756564645533631,-0.1795814821007843,-0.20709146443756826,0.26825642143896467,-0.29277836463736173,-0.33726927521637057,0.14064578615706327,-0.30997056620286606,-0.28213438807179947,0.9968136451094809,-1.442750079669527,-0.3205416555358287,-0.8674775651173529,-0.40967424021667154,-0.5839760272243008,-0.6785226212344263,-0.24616045660831343,0.17106113177212687,0.34043651355915294,0.2539729985370068,-0.5634698812942786,-0.45410715824550696,-0.3241398466044658,-0.2696278268661481,0.24221111120012165,0.6367371642713664,-0.9003598771452545,-0.7541919274772145,-0.8113776694638043,-0.25447499299577564,-0.24306331870397813,-0.7685086513150752,-0.7174626593212315,0.0465443250052133,0.12574088399354102,0.04901242800520086,-0.8403419289190958,-0.9325239721120683,-0.7005614610486197,0.6399733322184865,0.341014534604444,-0.322246839702933,-1.730517991411749,-0.5970485339594096,-1.507145526206791,-1.2942235747174984,-1.5160936131555867,-1.7715442024979275,-1.8778151525994744,0.21342040286560796,2.000381955462977,-1.5355432734587546,-0.7133333342680291,0.7023852264809849,1.6578405239082212,-0.18139717224481486,-1.0980593113183028,-0.47269189296516245,-0.6118547912171505,-0.19766898434670657,-1.5306031927747223,-1.1206057874264959,-0.4521345528378202,2.304271734475792,-0.3138008301541733,-1.6030103314979447,1.3372322268800765,0.9268005503481681,-1.8049881843930544,0.6067622135702723,0.06319974641654634,-0.6335564158165088,-0.23801416142557133,0.28420836535008753,0.5734914181286714,-0.788739891256885,-0.8368337502708056,0.5191154436958935,1.9506336112547227,-0.9449579725670276,-1.027912988116436,0.0737182054262428,1.6317427984022552,-0.7614033820989,-0.9849369130517548,-0.1607185188280685,1.5839257994069438,-0.6641300595662422,-0.648631855839411,-0.44894392831470936,0.02650061519596894,-0.12502747958003455,-1.8957642316961087,-1.8265481418484324,0.4037995510049421,-0.1690596936219447,-1.4597669966648554,-0.3491940715666868,0.5758645256696088,-0.8676429490469477,-1.0487529928752493,-1.904847724608054,1.7728138597811791,-1.2488118039186287,0.1273412095255083,-0.3364512401226504,3,محمد
-0.4560416905880249,0.22058271251831843,0.06609736220890242,-0.009859646151366936,-0.03307446669927681,-0.07306156753276392,-0.14006557641113312,0.03935340939140079,-0.20439217484341046,-0.3852912090055814,-0.29033107058461327,-0.28550884305944213,-0.12925338071966158,-0.20356919438554377,-0.13845570883357544,-0.19799964344663842,-0.12438086000363266,-0.19800178408300018,-0.0488356765026154,-0.07538413289441405,-0.1030758272357613,-0.1314775267921635,-0.1737922820112171,-0.3243701111888409,-0.33274218450056925,-0.09545013759812372,0.05929510737417371,-0.22179516166453536,-0.14577837705587826,-0.14346604286358958,-0.05409680569478175,0.0130721820791138,-0.05632434956187129,0.08607958262453892,-0.21436492381802152,-0.25510632992421345,-0.20875393978868936,-0.26054538394274424,-0.2557173649208909,0.11055581213742575,0.030820399236810677,-0.08478435458462766,-0.0996253728156945,-0.277768077542368,-0.27459132595089963,-0.028554568336440902,-0.04791683196233854,0.11999083488967842,-0.1084371692767505,-0.04212195611667757,-0.024418581780690153,0.09053026359161033,-0.09833363852912783,-0.1215525681599818,-0.25512725653884066,-0.13793288977877213,-0.022765057771412946,0.02812802260332343,-0.10632238454003932,-0.18030644958180012,-0.06857314249833173,0.2906332490616995,0.028642572245205392,0.15293047804140616,0.13617775147962377,0.06495759384756941,-0.09603347985874515,-0.13348739760090014,-0.016193106435117195,-0.24875609191612674,-0.06010354147853323,-0.07336952442170838,0.014369210493657138,0.002345838191892506,0.0008675354745936352,-0.011956117636400946,-0.2595364876226248,-0.3204620077051386,0.00975778342997699,-0.028126607247749957,0.16388085378495745,-0.10713725712579018,-0.15759138844504836,-0.1530486437011689,-0.2864543500228323,0.10189042454625921,0.040182399406879094,-0.0051788658580409885,-0.15068875642319035,-0.17480011402753007,-0.16664045339677055,0.15923016190173303,0.07629965850293788,-0.0036940263151440376,-0.08905747217619722,-0.368212286048937,0.16230070545671998,0.08501895514613503,-0.28388626537858797,-0.20185383986966918,0.149466743369262,-0.25716329021039686,-0.16717128526564082,0.005609346787812858,-0.2453361248060203,-0.013438014172176521,1.7809378680611399,-1.0107468427772845,-0.3125172115767603,-1.0765251102267839,-0.021338706425983407,-0.7790238291824838,-0.5786661771707382,-0.09924552438107585,0.7068956592457944,0.1899105478014527,-0.2110375096827892,-0.5383732087733971,-0.5990685067877619,-0.09361867808375951,0.374518791657264,-0.31296508244081156,2.3209596990673886,0.0639089726101538,-0.037518994269254334,0.16004784788342022,-0.16732078830359867,0.11581856550705924,-0.9600769028632101,-0.9492162661034828,0.08231811723223853,0.8213866804785575,0.8396811704368605,-0.30420824748491815,0.05949819894518691,-0.5902377885254749,0.3614186764342916,1.1592701001941268,0.02976685567514405,-0.8229131609251444,-0.7825658204706133,-2.0871105323076993,-0.4084264620894457,-1.0264549380552426,-1.2092300848436983,-1.4720667980944377,0.5400395149381385,-0.19519152391034014,0.2528679104678947,-0.5314476653857126,0.8458862657378541,0.6457047947641282,0.6059967658366497,-0.8573068427504923,-0.5681373239710655,-0.8412120521411203,-0.8328413038306858,-1.3569663725943601,-0.6485770924279576,-0.513327329327926,1.7399326090094864,-0.2106808647302462,-1.3474464986510322,-1.1304000707769748,0.9049195246890959,-1.4657372420265167,0.3364511200561463,-0.8842612522297592,-0.2804777756592383,1.2849926381851393,0.12106787357893907,-0.9990620844711792,0.29159339240664905,0.22842386705697013,0.6517889576798959,-0.7719417119249314,0.005390185062702351,-0.30641284782015754,0.28681056792368026,-0.5806432159437008,-0.1392744843557399,-0.4553411947636774,0.15665241503575497,1.1531697469958158,0.17028445541152212,-0.9102516079940522,-0.26622345184366253,1.0436533151517688,-0.47078812056433356,-1.6617439642859515,-1.906747174599074,-0.7786377585561839,-0.05472183984532521,-1.6184978352735884,-0.5756827237454503,0.4389484628644445,-0.9754111895194645,-0.8068740583144512,-1.8975964721228213,-0.6179703860867896,-0.3750977707303373,0.8483815206309312,-0.45639229747291704,3,محمد
-0.4263398352709871,0.12870228628831962,0.07019031786161281,0.016268540907163925,0.010695955727046663,-0.07671437593688175,-0.12241160685472485,-0.02767873171174658,-0.21588613296252668,-0.3188554647310411,-0.21188009582987224,-0.3221898653561899,-0.08532040438527833,-0.15758575994089044,-0.043747327988331544,-0.2416162343731294,-0.04801417545218911,-0.17753657115106197,-0.009194409820263932,0.02550260920085921,-0.09855495133345502,-0.1503095457524921,-0.21480248211308797,-0.4232994755386297,-0.33606995606485296,-0.07631099027249777,0.035937120927241,-0.16144823780801568,-0.22892590957675502,-0.25710541456443275,-0.10698648964769249,-0.11946250566375541,0.07112966781760055,0.083661796049577,-0.13294151765420875,-0.22247832138850107,-0.0888284899270313,-0.21825798841845104,-0.1543466918375666,0.11006521670187765,-0.005837039677398084,-0.051360017809908384,-0.034103327585661425,-0.305544430410865,-0.19636773811504682,-0.06923158649793747,-0.05320711788989008,0.12323748062085589,-0.035556345231971785,-0.13737769516039763,-0.029909039032885068,0.07297318443852147,0.037293586617468094,-0.21291784015778425,-0.20985830482226867,-0.14673608054394502,-0.05483744680888711,0.012305841923233632,-0.07417226142813338,-0.2479578614738432,0.03130725147397271,0.3363784715160632,0.009175743504331433,0.0896826485855999,0.04720459574741427,0.15090889821451128,-0.11539271049773282,0.0436599175244533,-0.025319402035134234,-0.20654225114533212,-0.20389355145102625,-0.05092187745920308,-0.12263464682988026,0.04454223745879603,0.041553530402437235,0.056222967683712016,-0.30027561884696957,-0.18562598603479388,-0.05914462259562776,-0.01644617152315852,0.17258055375814765,-0.13776684219143265,-0.3589376624028369,0.0167228387618201,-0.16278030202740565,0.11784642315494855,-0.02187902812598,-0.05932839305855743,-0.19806806157228973,-0.13985691397083067,-0.05736660555818845,0.16072509322405945,0.11308394884009154,-0.0571759343439006,-0.06962847920744658,-0.31863349973582483,0.18754566910277407,0.13594176575534184,-0.2951438749339337,-0.151865951985104,0.20670653978926676,-0.2844175223641016,-0.14589261749205712,-0.05518791839925919,-0.1728707576086924,0.3981277872733034,1.6858106325314846,-0.7187495477789249,0.4259181871739287,-1.090469751241385,-0.7528899502398413,-0.8335412926161746,-0.23275637670803054,0.3560889991875158,1.57913340930502,2.5085325134531002,-0.35988040817256295,0.04744801939478964,0.00699733908389159,0.6525829355767485,0.9325344814216641,0.45518230471128324,1.8148508918265358,-0.002441084060052381,-0.43984430168199284,0.8002278100131622,0.501095774860175,0.5051949599512563,-0.20996540237358766,-0.43264082602644405,0.02541306452720328,1.0851890223915344,1.081524972050156,-0.04548731377436134,0.6883519368027665,-0.1691974313586669,-0.18521088261847032,0.9954485978985521,1.4913299573288215,0.6286417965631762,-0.3762425137438699,-1.3483797665841566,0.05543154692716619,-0.7031838648309211,-0.13791999489478224,-0.5756350390521748,0.032103034374290726,-0.537846029630611,-0.3996470630000571,-0.4983225750072561,0.6091956030823792,1.1462222236978614,0.9997462036691672,-1.4996787783669356,-0.27231954585411267,-0.6306390698760557,0.41026189297920673,-1.18233571443818,-0.4390711659068647,-0.12432306358254468,0.89404744189075,-0.37317565095869415,-1.381028988208502,-1.1091779030049689,1.5691304730818958,-1.1969130232154679,-0.06385804461967728,-0.4090953947929067,0.6186395561110993,0.9824710740334428,0.37015581793924535,-1.256377925316086,0.22566842981509508,0.316591760569542,0.8686483665904875,-0.5757911184308498,-0.511572524495271,-0.16984027504250696,-0.08588351898499913,-0.2107088688088688,-0.10694192677787272,-0.8619394684125136,-0.16870052342329914,0.5679962045708241,0.10299723061033868,-0.5588933875385863,-0.7935759664627781,1.0351545668103486,-0.4813426864776653,-1.652668889068163,-1.8665221839512485,-0.22584428022636524,0.5237845469985131,-0.9978570707502756,-0.18958942804465717,0.30803685804389963,-1.025375811260103,-0.8279083311164375,-1.9085721395444837,-0.7634679078199886,-0.21555509280326962,0.3447733633388594,-0.6731267692313971,3,محمد
-0.37101113753628967,0.09262685425959909,0.060269641141236216,0.056869651198652386,0.052342196831170265,-0.012185796997284793,-0.055226156075871564,0.01685431037324255,-0.13981953370237796,-0.2527881856555423,-0.12820859393267006,-0.3144937161297553,-0.09331694724090155,-0.07820308962396362,-0.00038479976283824674,-0.2397710202292778,0.0017535261092007347,-0.13128345287040327,0.005084293998527624,0.020895125610512107,-0.0480112808089617,-0.11429080130036796,-0.14011237737424637,-0.4704305552155901,-0.24105489830882565,-0.05315641905530436,0.03222770449528914,-0.06175648430600145,-0.2201565231278729,-0.16263536847859997,-0.00020264946456928067,-0.06342491102054078,0.14128460016352404,0.06400761061223477,-0.0038769764299382368,-0.10254963658189448,-0.1103168048568974,-0.19878747222296558,-0.07068514556235779,0.142707741095647,0.08706070632710092,0.06464684204158376,-0.00816718770969499,-0.2075946984270548,-0.10148445013921682,-0.055836743135018796,-0.026571521631493886,0.1766023892500781,-0.00614497943227646,-0.11443507302167433,-0.08169687452270417,0.11758008875830968,0.17614357386200843,-0.1389603488649146,-0.09808822467207795,-0.051950375966364204,0.04055300999804873,0.0816197021502239,-0.0494450840874318,-0.15145077273378543,0.013622651809402132,0.3354618123890651,0.006257783409795152,0.16384848687924913,0.02337706294072952,0.19405161130192772,-0.19928861158337485,0.10023314990494708,-9.126038892924628e-05,-0.18971078300644995,-0.1683141180430937,-0.059307887738519874,-0.10440063736659985,0.0694781146654982,0.10848225328829916,0.06917858314491021,-0.2645638388466306,-0.12075827398540107,0.062877388485469,0.06262220072892054,0.15378124689090675,-0.10112031410016029,-0.39821010581206573,0.04115160417309545,-0.06228080290543707,0.1788783181022531,0.05605869391067099,0.07434438616809763,-0.15326197092947103,-0.14857187742188935,-0.027937615961137308,0.26895736534550363,0.07359194358022672,-0.0651882220149334,-0.13375977989621773,-0.2334567367037892,0.1192589052877114,0.17963377296329106,-0.21707184171003271,-0.11221415272694384,0.09298596688959997,-0.24474780318683634,0.019310088400259467,-0.02408216013568083,-0.16963815804457683,-0.848038719374173,2.275068214996808,-0.12511144267400257,0.2774487029721601,-1.5207084396057873,-1.3984618773692308,-2.0044929108083305,-0.5177386929885832,-0.49116933412865255,0.5247779947514912,3.4537012211014106,-0.5872486453391329,0.2128187235196666,-0.6082684766982499,-0.23813994082085232,1.0432554404327763,-1.2618924968196845,1.086834002691354,0.3793255216480946,0.4921047988688259,1.5825610077976413,-0.22467105678725674,0.128776207237506,0.9618424417206427,-0.6120927271185453,0.604000770219953,1.6792684085992677,0.5387895693325947,-0.7319886372470789,0.35021266471037416,0.1614434479371588,-0.4225355674467311,1.4011879311343745,1.8363529928995719,0.20526610627245317,-0.7532801549724621,-1.2355211700518771,-0.4551670386760336,-0.5881625921382637,0.6706564867508229,-0.7343359701564073,0.1627790538469868,2.0132706641100975,-0.039732100105506554,-0.1927573890513432,0.5482695184027152,1.6085665826024766,0.8691010231102868,-0.5351370071986596,-0.7627041478443065,-0.19485518853009332,-0.03515470141917635,-1.3713888644635088,-0.28142457396768417,0.24391264283827616,1.2484439368522298,-0.1986515399297426,-1.4333032872174225,0.31935220463597747,0.34137715240692695,-0.3540540531585929,-0.8360073182533895,1.443028424787921,-0.33143626487951194,1.004328549770876,0.327976997373237,1.033643414624244,-0.31959313793585725,0.877667286977762,0.9592761643445062,1.8148020194639762,-0.5700348280183595,-0.05882694935390214,-0.44633170002250805,2.9500734132506428,-0.21311605212981805,-0.9987000802905714,-0.19216012223365575,2.441247534167482,0.6708054411704127,-0.42400289447912154,-0.9678536166509116,1.4242594481462343,-0.4464446090732925,-1.1259987566072176,-1.87649797882634,-1.064185758217738,0.673753150419545,-0.8128195643475054,0.5447592814659922,1.1094215806354755,-1.149721970028723,0.403474288453198,-1.7709123375166256,1.78056415116775,-0.17196263341690496,0.7209204944353426,-0.871995072383923,3,محمد
-0.34547505193223405,0.016476819854457942,0.08074634656436695,-0.039400575755930374,0.14779804348733785,-0.0676451407101316,0.03583725577430582,-0.06194199400915258,-0.03100195238902238,-0.17180777018538404,-0.1833269802041065,-0.4455222691039397,-0.11603065681091762,-0.021121356771141207,0.05999113199889938,-0.16554961781138966,-0.04821278889057042,-0.1646656916634429,0.21745761042352035,-0.08477829923937343,-0.12241323103558939,-0.20526363737568318,-0.24833895870845846,-0.44200879122423237,-0.15559076001894662,-0.1302759567280836,0.04521274575224749,-0.09897433318872229,-0.24507258750276437,-0.16463306653451534,0.05058113621073839,-0.06738529975611302,0.21608328838299465,0.033483772721249895,0.06128557641782863,-0.09316208289076033,-0.0711737236364174,-0.20417752938576209,-0.048825860642776935,0.07850795237882655,0.02279708453218975,0.2590475597661631,0.0472953035485813,-0.24338030921137913,-0.17755664224419468,-0.07838915141205308,0.1615153270151331,0.13448107279417834,-0.15186920972271375,-0.14886805244455326,-0.1099340273039458,0.17388335260748478,0.20842355734821533,-0.12237911414049923,-0.2721589537401053,-0.10697040435008541,0.14728398104412457,0.08250214016995223,-0.10759285113182498,-0.1582659433890734,-0.052342147861923566,0.28701777732613215,0.02171352230765095,0.024365283232190525,-0.05772259871845294,0.12152541077709468,-0.20169769818118916,0.12120937297813537,-0.05955834323538895,-0.21700920197650345,-0.10136294218101052,-0.10078007094717381,-0.13415317034269006,0.06605745355035164,0.0789095714152442,0.18010685215440858,-0.18569054662991252,-0.12136481740084465,0.15715085448674848,0.17762692110059258,0.06508450646643803,-0.06585988528496974,-0.320306130284627,0.027255460725588123,0.06608699643597211,0.1832473648289629,-0.07094030877982839,0.14376949464569455,0.03160235509372672,-0.03910375783699117,-0.058992073113897786,0.23111033154477897,0.089434636769563,0.09365539993363864,-0.04700972918602994,-0.1510158886459002,0.10999665495507202,0.11746070943447075,-0.21881927163467998,-0.028366807841647308,0.1286508524706092,-0.21793073272002933,0.11298472888516217,0.09357008848717419,-0.09125867281530294,-0.47040215228698484,2.108784012962604,-0.5639011795080235,0.5856126467491009,-1.3656518321807407,-1.125001183553148,-1.5957747084481817,0.5900459988952426,0.3834743975811379,0.6056385002886226,3.1394529093138503,0.030021066770113198,0.6401755603629917,0.06353270378215795,1.209516612927895,0.8857774621778253,-0.17778634366271204,0.8664156703313359,0.45338784454591,0.5688422977443961,1.086009655149995,0.22460714054648606,0.8010267403140809,0.9584384428651207,0.09224319305228044,1.7438375164654223,1.4233415324630592,1.2521971446201403,0.2063408378373956,0.7338301413728684,-0.6718170531786998,-0.7798983265403523,0.9335666752415394,1.7433603391474795,0.2075473440648824,-0.25027865471459254,-0.053472946936373486,0.13727247274103424,-0.9633818933118994,-0.5175505890072649,0.29865280095920615,-0.16344094433415654,-0.5392682344291948,-0.41757246087442446,-0.181483041624685,0.4830416278997324,0.9926912296323838,3.7891946411358934,-0.7685566249125634,-0.8317900241599885,0.22486937004207033,-0.5008430591307041,-0.8413724226831555,-0.2952389495370839,0.8281851274460859,1.824194892567393,-0.8147399302656898,-1.4094517785558147,-1.2356268157579355,1.6852647247134793,0.017837358103832798,-0.9509697558924597,-0.9869118437574326,0.8774091285060607,1.4385978651707254,0.33480709097385375,-1.4035051682427078,-0.17789565374653882,0.7740168857482786,0.9130619999302277,-0.06242359705635197,0.0030556063423970766,-0.4645576923490035,-0.8991734729530017,0.15358348851518597,1.470723056683941,0.1988105303517649,-0.24657265363341446,0.3169025117161581,1.66077751924845,-0.6779824649295667,-0.8013208772651952,0.9533425531811995,-0.6238520015610197,-0.40844737699656863,-1.6213556019907618,-1.011650513534843,1.8888874195575205,-0.24705679271592862,0.8856342288014889,0.515133480042535,-0.08962867843063664,0.36233046392221413,-1.4860069863896002,-0.4050909406439236,-0.7703510685161149,0.9640988011579553,-0.9530493161199556,3,محمد
0.04239991944496156,0.20144208386421616,-0.06326685577494805,0.5150162424874889,0.5769624164577054,0.3470288047147292,0.6995203216248705,0.6267406865410462,0.5432093078150642,0.6488497679512157,0.23069198530775029,0.09376026119505866,-0.1451755292945487,-0.4006122486743625,0.051500429286814434,0.24635048969322415,0.2290885454981845,0.2569544879411338,0.40823835938853437,-0.028498383716425796,0.41523948154419105,0.326833173024079,0.46252499563362526,-0.010220845445738636,0.0826519382147988,-0.17713025932053356,0.04081125101497588,-0.040764238210910894,-0.34760352066112243,-0.04580636354942573,0.2608990661627242,0.006796621317727605,-0.05946669933173171,-0.27908863575647513,0.05891720482399711,-0.07118899533202712,-0.17424984761846007,0.009091501300504425,-0.11419421860123802,0.14360924450048365,0.288083024804842,0.22029408975581694,-0.1932587167370814,0.10950362935546015,-0.030517281474148346,-0.003440927647508259,0.07112497449741348,0.13234744367233195,0.35442549458797906,0.11561075514704196,-0.28013934375630717,0.24965293681668646,-0.14929734162017966,0.18121724099744546,0.08261743128796896,-0.10909186242052596,-0.06840704454229331,-0.18206829812706365,0.04375814754842622,0.204472382255703,0.11779809613092554,0.024329354098039435,-0.03693535996883926,0.22056784879656757,0.4109966596169833,-0.4044277823615874,0.008353161532780215,-0.17539588439741113,0.006575620972056891,-0.10239584246215296,0.20065668433775455,0.15209970995990899,0.016626863906786842,-0.5749942250517016,-0.21692556933819684,-0.0528849965242928,0.006975367290166994,0.15635169886447356,0.1081989963927936,0.23853931915941115,-0.16272784532235154,-0.2318640975595613,-0.04218258632175707,0.2403322673667841,0.005043702963281876,0.6179427085434024,-0.3933397538643793,-0.3537498551078252,-0.11913260167273257,-0.1253704116833273,0.06603400232888379,-0.41530982427652874,-0.3692609188964076,0.0690853798000125,0.208825649205551,-0.1771437903961449,-0.1240037862729199,-0.13706192039005732,0.18834616191855835,-0.10009989295329487,0.08380980998802617,0.21977873238521012,-0.24106916853565363,-0.03677322886634279,-0.07803353878719786,-2.579110795770613,-1.2326349529381193,-0.545237262970811,-0.9955300358556153,-1.6396276202319966,-0.08982373856784996,-1.4546573068943376,-1.3232369174309628,-0.33555460300588014,0.8080161218694166,-0.07250969254919208,1.5189292097925533,-1.1814058823524975,-1.5687871516469327,-1.0507853084530425,-1.4670675867346965,-0.9017179884407742,-1.3779934121516288,-1.2130686212165263,-0.05784232731482604,-1.423561623522592,0.033745491807487094,-0.625826757891,-0.8196433339425482,-0.9280053530415312,-1.1469175581081579,-0.8384279639448836,-0.39290056191820766,-1.294530113153555,0.49335757959584287,0.24352042956161737,0.5472104605201445,-0.4689119696927415,0.13084553959711304,2.3653185285458673,-0.5758783805990242,-0.27137696134598893,-0.8653526871289287,1.2956811450668813,-0.6320010154725745,1.448672947099841,-0.6020930759958827,-2.4354051657264133,-1.3848986239628878,-0.6799422578488964,-0.6341557844284396,0.6872618567113784,-0.4678258699946065,-0.3292640920274286,0.9423424822652177,-1.1803211526496857,0.3575183106430383,1.0729045838888105,0.36631520070374585,-0.0774610874403676,-0.3212576848815203,-0.17288013155886728,1.2651878102851624,0.7987552633369381,-0.8632223568496604,0.22933700783575306,-1.0646207134667898,1.3097873084425984,0.436085398663023,0.2555691654117966,0.060461022753337715,0.5629396065615317,0.5535954931886645,0.597690410237952,1.5927975144656978,-0.12363412642385466,1.430974946613498,-0.4629748910094013,-1.0775203181784228,1.4072644056711434,0.22127771667840362,-1.1807092802667922,0.7057919353176123,3.176497969668078,0.14823189641906792,-1.2462273802483639,-0.6890883901319603,2.6469248112255928,0.4311876083133616,0.1730956597684118,-1.1904823379380598,2.216732159045558,0.021846308062478306,-0.6541490090576769,-1.7564180656917634,0.6128098410985946,1.348107663828871,-0.9556818436510178,-0.3331642731557115,0.6226374224310528,-0.5162703577590775,-0.7555130181899192,-0.07438439091165452,3,محمد
-0.20367112475450547,-0.16183862680354075,-0.16775908199271863,0.17515956079314343,-0.037076510442928166,-0.28999306264296704,0.26733492252552377,0.01495249866586747,-0.02623524168223436,0.05882056865883012,-0.05976455106575432,-0.11408547600345943,-0.06505894858859655,-0.3192650628597456,-0.1961954449530412,0.20579054726535406,-0.15522508917577615,-0.09300015212739103,0.011909143442149444,-0.2548634797763029,-0.054202700045914334,-0.062331642139469345,0.057316659769947674,-0.13536283059668613,-0.003660795322695399,-0.16482811502596323,-0.07172094380387263,-0.10578144870024304,-0.37581423832902283,-0.016668692170890936,0.3433333986282614,0.02077145569299726,0.03974786584297268,-0.27348470154533666,0.017778828109892272,-0.05625803549939422,-0.22939731431458177,0.021145355672429995,-0.12361281939494898,0.06545044323651462,0.06170060788586213,0.029250902992672242,-0.2255414387920317,-0.14152836727716253,-0.17946854508137827,-0.17065115452452104,0.013361547483908179,0.04610228068836117,0.3748922891071295,-0.02323418582332561,-0.3047499348611532,0.09052348600100092,-0.1949872217728793,0.005603722699969687,0.0025813598295104825,-0.19748456618425542,0.04481299116715543,-0.13582608020869835,-0.018429005035319797,0.01837614443565739,0.07606585590433934,-0.0762568726152847,-0.3709651529116082,0.023064488685563805,0.07028012650186022,-0.30286248043086295,-0.010080151075603254,-0.10212555935197844,-0.08999529174342372,-0.0554110206203014,0.09229008077956818,0.025159765801248454,-0.02297263357183865,-0.4412881748578994,-0.11551755389829525,-0.08927678042855981,-0.1248593655848426,-0.024463846047658562,-0.1554941017644909,-0.01785282149514895,-0.12840784620147666,-0.17657035086378187,-0.020935483454120593,-0.03354081639344228,-0.039801811846174415,0.2300744738777348,-0.26128496169059456,-0.34984922492345916,-0.04497206351587173,-0.15990607352472505,0.06330700629211056,-0.3192536416508442,-0.21614457598704634,-0.04906807321426366,-0.05507283969429309,-0.17442691763257795,-0.20110690401524506,-0.23384455043819455,-0.06176276890427786,-0.054672387689297004,0.019478152103130697,0.03843174783866189,-0.11717874097230874,-0.00014036668158053296,-0.016592726679120814,-2.3288688287459607,-1.7624350036293794,-0.7374435770387533,-0.8805599265567365,-1.7515304387683799,-0.10747075789433286,-1.6943831429663627,-1.7530860696458859,-1.3855804503132467,-0.5866965857508794,-1.2051201281903083,0.09639204704727657,-1.345921180214637,-1.8116450198929024,-0.6814471946572487,-1.3868768972419812,-0.5999326810452963,-1.3937585178346212,-1.1069948077525424,-0.03152978467594751,-1.4898069518797383,-0.10221717623325967,-0.9334854961114937,0.24636616758286048,-0.5823259040296077,-1.0340462450393313,-0.49416087070628234,-0.3348382041203306,-1.0360428464865787,-0.06113168229699139,-1.864462515317767,0.5919905972670256,-1.3411176322858913,0.25625074171750295,2.222573751181738,-0.8815385917948166,-1.0951488496081676,-1.1391234411946758,1.5314635309308617,-1.0298093740717222,1.074112297276784,-1.2312155090812351,-1.3938884925470585,-0.24123866423571141,-1.2848320896648957,-0.4776233591708377,-1.0192294204880357,-1.7106359251008423,0.06064508233942443,0.723610868676999,-1.5718255653908288,-0.3602639314176268,0.3456063142878994,-0.20578475976960814,-1.2352933650734683,-1.1400912185079293,0.44213613184754036,1.410643769293493,-0.9605858068619,-1.052876156551354,-0.9528134883425085,-1.3104827396995038,1.4750597703733452,-0.6157464247146548,-0.627162951749564,-0.6318106030752104,1.7634508014856232,0.2525394720227476,0.051488594233959635,0.5403554401008603,-0.24173007258277432,1.3791114275732856,-1.1053584315286962,-1.391164462432708,1.7671148080609216,0.15982620353699795,-1.5110969989931688,0.2666884498789412,3.135329774576557,1.673710755358877,-0.9828056729222834,-0.7116292520717821,2.26619369542665,-0.9009776833353316,-0.01376816003533915,-1.3151950962386922,2.703232987402644,-2.0164084962940185,-0.510623756984966,-2.0242743933081675,0.4655885748461725,0.5182412438500242,-1.0768043700003713,-0.27259642528308964,2.003321473680706,0.15013125147800904,-1.0421745623113563,-0.5208979181049528,3,محمد
-0.12875758684513808,-0.07896159347852286,-0.21936408965692203,0.17179275874050348,-0.04675500239435445,-0.34005606147804984,0.11554584135089911,-0.017677656798173378,-0.24171370832943964,0.06917812577377619,-0.09920258151574404,-0.056676815004655115,-0.03998260014692919,-0.28226776667308995,-0.13968849989947252,0.012268245584005886,-0.17074664759656233,-0.197785234069617,-0.057020536835077754,-0.1980120297626065,-0.02514309056740868,-0.05580564882504651,0.07966685877093582,-0.15148745087210758,-0.044592805009835,-0.026074173976697885,-0.031081335544863895,-0.17826971806257136,-0.4026568765324558,-0.09844160861787041,0.3270288300102887,0.0031533998142412724,0.03619817793955532,-0.17225621753711132,0.032769574356888986,-0.10208245460609817,-0.20719100187063952,0.05359932678826418,-0.13000684780915767,0.06283402642311472,-0.06838881450601104,-0.041629883352998755,-0.18820282738776647,-0.07893125936207525,-0.14115265994488807,-0.19847743144996624,-0.04357577208373998,0.06599251432726956,0.36405908697349154,-0.1025130070341936,-0.35759080174617697,0.08757092019542005,-0.1609185385195129,0.138092161774881,0.02347460437351574,-0.13926662825064637,-0.015768320654728326,-0.19732572627087777,-0.0429143989121107,-0.12693012545740945,0.058233496043411465,-0.22155434632671867,-0.45165550314931513,-0.026001207622041188,0.06273780462434263,-0.2450148990464031,0.059746149480462654,-0.012257639745331152,-0.157092779264805,-0.13855350094206234,0.03767874905393634,-0.0316396988544242,-0.10866963558844563,-0.40177957228989614,-0.12953832166433668,-0.040882639641862874,-0.06232728162066247,-0.04471691863285107,-0.29207517223126395,-0.1310438607989373,-0.1383608436597754,-0.0610120619743484,-0.0208201808434354,0.04413775016955128,-0.05341523899052619,0.015949973577963,-0.10705888773821498,-0.21686685858056612,0.0028438866306787726,-0.028097693756845732,0.008564288987503579,-0.19882877686935244,-0.13214198846165987,-0.0563837446297614,0.05615572174970516,-0.23428035375042874,-0.3999453193409103,-0.28799792328258467,-0.2539869174092814,-0.10107412796170921,-0.1334902934552961,-0.1606894679080276,-0.01796412121771233,0.05250871746321827,-0.06524412283693896,-1.7897626177100632,-1.2850933070055073,-1.4644301207393764,-0.988906820301821,-0.6482677062264106,-0.30830713212807914,-1.3119524077934877,-0.9964527103299481,-1.1202166300778094,-0.46197925813683083,-1.3776199116097325,0.60722425081718,-0.8253452369845615,-1.3664559380699912,0.8538617465251992,-1.1546388649020223,-0.6995761405819517,-1.0398744536731779,-0.5004393633128563,0.7520220578278611,-0.37080577095595196,0.6924997144004245,0.90253649169132,2.9709505058483745,-0.2647759114473045,-1.4592616886746974,-1.135015713943679,1.5012289556624183,-0.16307901864129454,-0.1522961593306576,-1.674648146124913,-0.24454042657705982,-1.4863302628853212,-0.7756848715458443,0.4392976916280288,-0.5610915556702216,-0.9303393156782591,-1.2767136301578517,0.5721403256983273,-1.0150662581090504,0.48624766406812914,-0.8745033076280121,-1.280735539914013,-0.6655705529669348,-1.3526773807740375,-0.5710762270359508,-1.3819822813877896,-1.0911634636658825,0.08334595223697357,0.5013521052060423,-1.9572028090890814,-0.4081377649571627,-0.9619013046182366,-0.06212058645705761,-1.1277640457290266,-0.3991832291088388,0.32725464249791564,1.2572943810039876,-0.594952070492111,-0.795317358311844,-0.47925949839686427,-1.5473983860421048,-0.08225287486193925,-0.44941545380508174,-0.6959615173152076,0.06547890444704725,-1.4095800584057085,-0.13624175014365464,0.29762230997865163,0.4300664032461158,-1.6035117224303805,0.8662916130414123,-1.3795178697053812,-0.8181787862583683,-0.9157217917816065,-0.5042811254377352,-0.32512894432688955,0.7378019491288879,-0.934353562035577,0.8319707572646429,-0.9771252855313338,-0.7498436835171828,-0.4163946242497507,-0.37544960795860405,0.7185885035052119,-1.2664596664341108,-0.16656254017087685,-0.6720239930252101,0.4404082571294484,-1.7443405876884548,-1.0441258293941036,1.6465468851430567,-0.9510710596718176,-0.5961989526315856,-1.3712196118046738,0.07911255031170468,-0.8745765446744492,-0.48152019731246465,3,محمد
-0.13220946378852103,-0.04911907557520031,-0.07142064331011277,0.1284255601904449,-0.07273583256474218,-0.17590114994831485,0.05959314805422692,0.00440692316050535,-0.14213805654911243,0.11707000817123206,-0.08562439921033224,-0.0894473473102484,-0.04603875366929898,-0.08685308815348,-0.10531700562303868,-0.05253499955776962,-0.07234976082416521,-0.2895867091913158,0.016439294934065152,-0.10761162307237564,-0.046203803399572314,-0.005318300015291796,0.07265325287276697,-0.16218249456683279,-0.17975948559949212,-0.17697758782358783,-0.0836585088226078,-0.34504245699631353,-0.36871719308010725,-0.05920736754125094,0.1489218719879479,0.04778175036619756,0.07781284336421349,-0.18206589769334236,-0.09383430572876184,-0.005728083148115852,-0.0029470125624373967,0.10338453978719817,-0.044408328019107275,0.07402105741443182,-0.19183413309403619,0.022005536495887133,-0.19143017388742753,-0.09728736147651483,-0.15063469034629134,-0.22016109930720118,-0.05377314415184156,-0.08552684883907324,0.26511696043653377,-0.14795486473581423,-0.26184363286007856,0.1374253925554561,-0.17259381291435474,0.15526874790454728,-0.068049628764389,-0.02511217623783087,-0.14057864002034828,-0.08985637457512398,-0.05339158509303753,-0.07303377536321215,0.020781174864774807,-0.1657678447805556,-0.37505395450771783,0.06674868978516287,-0.05367069787773827,-0.09883712932713516,0.13767907802502385,0.006118184868361315,-0.12934646985746798,-0.12489269826424955,0.1174766334609088,0.007731660226627983,-0.05477091278868962,-0.4115046348663144,-0.12264356061088133,-0.02112189247229627,0.047726512651025794,-0.14456259872850216,-0.2835174864175851,-0.14242432570667637,-0.16129941966027722,-0.05245186252423038,-0.05862268098120781,-0.08069586886693653,0.02675182864379541,-0.08976191282517904,-0.1276181258680876,-0.21002902205431404,0.08833389405331611,-0.0814574486601144,-0.0439661364476285,-0.09345745430328302,-0.08024014156110117,-0.05896695802545462,-0.011845876262012948,-0.22320425777215513,-0.46946591716897557,-0.2873772771605245,-0.21429913039239112,-0.15479068103331076,-0.13569233841753794,-0.17772114551742454,0.025115285388335313,-0.0750040701483562,-0.23041055995519213,-0.7085797806153243,-0.7131588319291252,-1.7454116673638802,-0.8574450986815869,-0.354675187544424,-0.14558822468076835,-1.1085984278083305,-0.9722205476367206,-0.08424801738944815,-0.08977009672354584,-1.1212192704142514,-0.5463895853574045,-0.5645906733827398,-0.33204009316168576,-0.2694708956427648,-1.222562661713506,-0.9032873828686568,-0.7504680646313387,-0.6448054333172956,0.1465586821305017,-0.6553943634861706,0.0017594279757588466,-0.2464399850979553,1.58461869662662,-0.5234231586920725,-0.9716673125552001,-0.5274265404442525,-0.16954930372328367,-0.38704126827922875,-0.9242628059105656,-2.0790692127963544,-0.17283590964348355,-1.0863170125042918,-0.734294518633734,0.8099542456965392,-0.5661275380466326,-0.6640649817906765,-1.1002172533387182,1.1418612729522009,-1.355619791848823,0.04640105990155712,-0.9446557361086528,-0.45913381542340836,-0.4715953442228682,-1.2477688420795312,-0.8503889078628089,-0.6151155074502986,-1.5158927724996774,-0.7937440008628894,0.5917622415073939,-1.6148221598406063,-0.7086855981704973,-0.9622625343982019,-0.36539676862617143,-0.8597801695905372,-1.1731450651117603,-0.20554248016022678,1.0948470127619625,-1.139725138271478,-1.18329496836606,-0.2734086219448852,-1.48473377583378,0.760939194974759,-1.238441585989838,-0.3889811807963818,0.2412225202594867,-0.8717324897803154,-0.8442876535124391,-0.18912274553067385,0.20877538702864035,-1.1733408294911343,0.3518101113725598,-1.8957832879862446,-0.8192509633704815,-0.6918054471652451,-0.6426584274980449,-0.8215577821028022,1.2655292777318332,-0.5416563523925407,0.9268055564151508,-1.5191285603410694,-0.611790542345387,-1.0418832000903395,0.9164514325519901,1.3404961532628255,-1.331077766648322,-0.15476095586305258,-1.4823723519572614,0.36349520078964953,-2.1517062739653388,-0.5996237797993859,0.5936270121696791,0.1853778691725648,-0.3448776841824409,-0.5570086728077428,-0.48610929647022594,-1.290641426825734,-0.6170806670995224,3,محمد
-0.00104332940510779,0.07418166344306516,-0.1207818427463803,0.19767990451231351,-0.023131763428754424,-0.08474486825515148,0.09695708635483113,-0.008368249957899747,-0.1544315291831763,0.07577271364277531,-0.005402278360970574,-0.04262515566599021,0.09916123764226428,0.09617244672381213,-0.056057970485876296,0.05838756483602498,-0.009423336485333963,-0.3084527139789901,0.06206091882151802,0.017475563885145352,-0.02079440553600023,-0.025668763798610755,0.08051432345000689,-0.09011140466055308,-0.11349122323773705,-0.06830367074867653,0.016578140523174884,-0.29908215267485827,-0.3549109011114705,-0.07399694007780805,0.18072740632096518,0.08028000901073701,0.013284306021924519,-0.3002338122893122,-0.09958556566714998,-0.1029935542276317,-0.04149518560150756,0.2191704300155371,-0.038205944029692324,0.04249082267666462,-0.13509795315731357,0.20181245029192335,-0.1214815240784696,-0.032668350534487405,-0.10949048333514766,-0.18376773294648432,-0.0012897391702208667,-0.00387035880615031,0.16720363199710755,-0.036523925594942525,-0.18347147233048705,0.20159580870281307,-0.06523673300195942,0.21791768426115873,-0.005664282565009668,0.01644922299792942,-0.11808601216235387,0.06260515834413419,-0.054925306143507546,-0.015658574804572018,0.08020057749034941,-0.04615422551794935,-0.21061706764818772,0.11337685779101399,-0.024960601927343267,0.02148299304957621,0.2403717495359039,-0.08798505431885051,-0.036396355209123564,-0.19196861011879016,0.2858737555453442,0.04412603768151573,0.1390382078503722,-0.3648259983463716,0.020454234448290438,-0.12101797378069841,0.06550295541079793,-0.10433181161219722,-0.10973373091781372,-0.05823060408103224,-0.30108700416256506,0.040479712256056136,-0.03687252415741249,-0.14921000768700626,0.10917548805500903,-0.03427182029462223,-0.028246370073078435,-0.1627213486059179,0.11889712550394506,-0.12241498424968986,0.009450657665971366,-0.05982026057843387,0.0011529707339129652,-0.10307156120426139,-0.09170817115761426,-0.07481396852454966,-0.39915443880509927,-0.1525087371680416,-0.1558421589198107,-0.08987289543242646,-0.06616858915414785,-0.14154786272060266,-0.025856421063245337,0.03161243022595797,-0.1609219387830049,-1.253956368992746,0.5925471953740208,-1.6269640389422284,-0.3880727185205688,-0.8166956636663643,-0.49620620665019244,-0.9297628692094673,-0.896576073326583,-0.5269631228983096,-0.9021547589187154,-0.7316856633452439,0.7445607336987751,-0.4360819801762153,-1.0410532462965956,0.5390620928492063,-0.9292500932557378,-0.48568541120620023,0.35713436084086825,-0.8977915643835485,-0.4425212444637741,-0.5739397691402047,0.8650887502366382,0.5844113476088663,2.718842305089112,-0.43601452311010674,-1.3367929673125722,-1.3903524656256638,0.545948509059104,0.10745418498145291,-1.203851643855696,-2.0672316104741655,-0.32397949751670707,-0.23841464470090104,-1.5064007980280274,0.6061550930242959,-0.37442180808643183,-0.10786983419852744,-0.9164992078946764,1.415192443935824,-0.2758496822281549,1.549293596489255,-0.9735108186369724,-0.35000516173798946,0.2697088726162855,-1.4857534587150683,-1.021311171152095,-0.9429088980299535,-1.5150261989067866,1.6836904411972937,0.05682100955936338,-1.9564125669684163,0.47606226791204875,0.14774470084499014,-0.2831333865628785,-0.8278661307226611,-1.1638993276405183,-0.4185466333684836,0.3465854181713852,-0.9712101185675198,-0.6848301808114851,0.4557939500033734,-1.456604127847005,-0.5716174494406911,0.08409805814693806,-0.42527204965139614,0.04373908619580233,-1.1992476318560423,0.38401709954308055,-0.26722688429515157,0.27391121553588693,-1.0199807028054575,1.559913997515268,-0.9362749744131927,-0.3328470923841534,0.0724725857825991,0.021810526008770887,0.8915420288100434,1.3083763039602208,-0.5461935518449741,1.9802453710658432,-1.4518350179965605,-0.5801027806805858,-0.3407433312980379,-0.1839031558239713,1.4513605601078372,-0.5901879963145457,-0.4001138364220488,-1.5800715930308555,-0.0029630538063858,-1.81339496787879,-0.92331962600809,0.971582006369276,-0.21595145255208162,-0.935835933195086,-0.7333048746365922,0.6855385252036549,-1.2591752120822,-0.9308014581610484,3,محمد
0.08188450749292926,0.14200672035936854,-0.1699888034866401,0.2119135500516461,0.029827125147573276,-0.17505903789141203,0.08159280691939168,0.08176357329242377,-0.1466049226530835,0.027537560923270248,-0.02749427192379484,-0.09422468939680968,0.0354607272572664,-0.009899726823381572,-0.08433081880442855,-0.01221185494909824,-0.012875358497198551,-0.29167244359780653,0.06160255574098662,0.00024410218476249472,-0.029087645892581317,0.015341550289668339,0.02860204923561912,-0.09439686281486755,-0.06091243871765383,-0.14347288872189382,-0.024023093246440953,-0.1785756775593416,-0.23980104650835007,-0.09208807139077704,0.15293267694801935,0.14949434967838185,-0.06690215561212516,-0.41384327809231775,-0.06512987012986327,-0.07647887493277382,-0.05405668503699796,0.20026316334173896,-0.10126609995634306,0.04994242806819618,-0.13407573383174315,0.24045517512535586,-0.11833896398190924,-0.0819780026247236,-0.047857396949421885,-0.17351235276561805,-0.08977591658656879,0.020110759927741174,0.20338165810826572,-0.10856299753798085,-0.15836245682405287,0.10936532434904864,-0.0736361329711542,0.18077931357530141,-0.08952549149787503,0.05114575081848894,-0.08261797296710763,0.11013390174807783,-0.08566065669490282,-0.03391933025784405,0.03152404200044297,-0.07520878836952394,-0.10016263306389782,0.08290345308832009,-0.045507835222695754,0.14922583898058825,0.2577729807264398,-0.06317469196432507,0.18958166717099925,-0.15807534458624403,0.26925442145420797,0.01886245521201696,0.0988855033151835,-0.2919534447807876,-0.030210196532619613,-0.12467423617707261,0.1408901572616069,-0.12540279327674028,0.016390671087924615,-0.0020338032317910675,-0.38688681500374383,-0.06534291734392868,-0.059482635515108,-0.17088046206423027,0.06000493718947428,-0.07124721892953283,0.014590574603258792,-0.1347086615924376,0.14045914419961744,-0.05076458781641697,0.03439642701057306,-0.09148972050017251,0.007923530577860518,-0.17411152139949013,-0.09528298996302638,-0.11781386529816053,-0.4138708284544462,-0.10991168049665377,-0.21837788541953618,-0.03759435946247518,0.005184981581643979,-0.27896923624987124,-0.04698599446900984,0.022341488110505188,-0.11194987434716107,0.8196057055407743,0.5464089342056018,-1.5394502486994635,-0.598264255463838,0.11293299410355999,0.5817614302379349,0.467858844206402,0.3874096616903183,1.0368262100594683,0.6184395995303201,-0.4929864802556254,-0.9266786830460164,0.14473081905066953,0.8449873900339601,0.5545090734006851,-1.0696247879677585,-0.890234912642479,0.5745327280237124,-0.27354824737258704,0.36319585617657824,0.15494900730351152,0.5676620370548475,-0.14462863670170933,2.45947604706712,-0.35128662516902665,-1.930456275660088,-0.8571326409739779,0.9459704353570012,0.1696994075705783,-0.5966555288527126,-1.14064278304384,-0.7526240346760038,-0.005804590911667335,-1.6594952837710215,0.5502791705902135,-0.3077579112933844,-0.42010437720305704,-1.0665757088466168,1.6844319010803899,-0.14839648655524296,1.6553943703359961,-1.046338576580372,-0.7651385843653854,0.006325877538401467,-1.4367442634818839,-0.34006141901660436,-0.679236624140027,-1.6486966884476615,0.02284326788754834,-0.009831881997720842,-1.849998409198119,1.3473032480874085,-1.1315912139443522,-0.4406738605555809,-0.8412471790256585,-0.656331914692953,-0.438655480258096,0.7436522054168841,-0.8593288358463924,-0.46124232488426126,-0.271930483656982,-1.306736795271978,-1.0785632913364942,-0.5334596733995542,-0.8345753696667123,-0.9841637069829986,-1.1823440431596977,0.511394729331906,-0.5498215920275095,-0.7012560027646595,-1.191856790966708,0.957112215875965,-0.9329442755112185,-0.3639545181376082,-0.4477608155212019,0.029455707956505314,0.12429197459656056,1.2735561112710367,-0.48758608798917485,1.77756134265007,-1.057986714317031,-0.46983277232605625,-0.8551522860330507,0.17558951540704568,0.6668497341546511,-0.5186924483653188,-0.3012908078335779,-1.1107806095365216,-0.04631161067308303,-1.56231628125787,-1.0221352578945269,0.8502499620798598,-0.3199411080997207,-0.864808725808076,-0.9847202386490607,0.46153989499530074,-1.0977149665677013,-1.0338917435924664,3,محمد
0.14783500387188078,0.06523522706373851,-0.1394917600885311,0.23684541828354316,0.049487111923461224,-0.18482676691437028,0.10355775416318386,-0.0005123977290065572,-0.10623217603444882,0.007712167976213579,-0.02368323719196637,-0.15400446742157609,0.02753392263071251,0.0012657489347878423,-0.0671381608723993,-0.03903230230029721,-0.020551275619547518,-0.2629647338589604,0.11573380137457939,-0.12196689143636753,0.07220999037271046,-0.10059890227853659,-0.04292046248582861,-0.1061867855668351,-0.01383807528629079,-0.09616089850565036,0.016057574828404444,-0.13873633799546067,-0.14360593853524845,-0.010509906242997863,0.13288230461404998,0.2119184562207644,-0.05280894561258002,-0.3338019737302142,-0.008427789050198175,-0.11385613961676332,-0.14498472443625862,0.23314759275638378,-0.13017370740469864,0.01224261431707483,-0.20002521585186014,0.2523624741452194,-0.052633186764657225,0.0038035472590830276,-0.01821811352156023,-0.018975524709932013,-0.15225727049121976,0.05378280468362806,0.07330891059358353,-0.09675762491137645,-0.10484085684595627,0.11499761976395169,-0.038919439761898475,0.2347018816524305,0.011160058409511769,0.06633706699960072,-0.04564645963065908,0.17072894071889472,-0.16071421137947653,-0.05385564609279507,0.03569264200469256,-0.017572180820530466,-0.07931886948961539,0.1717690011429704,0.014499597894265238,0.255261804458703,0.24238774079881376,-0.07055051173959771,0.18322347952473508,-0.06771477868675735,0.37044697575161434,0.04497769716879084,0.19752003810170873,-0.21629593360945049,-0.03714376830163746,-0.07948860765372777,0.060048621797767016,-0.13984907922829032,0.027475814061511755,0.017269573433252968,-0.2622875287373818,0.1286488999185429,-0.058055392399414,-0.19864118800111338,0.022308085506903778,-0.08065724535688579,0.01880918891108451,-0.044940294568169,0.10394992821058435,-0.03751607250637926,-0.01671497739555914,-0.0635079061449177,0.1321818769507843,-0.1455633021846942,-0.11063023473995622,-0.04572997023519679,-0.38849842157062153,-0.11646401189710706,-0.20841373311326386,-0.038985134354770766,0.07896863642068863,-0.2081290893596011,-0.03987507824873454,-0.015759459024321954,-0.1431750004611207,0.1720839990169476,0.9954641176483362,-1.3742094220027756,-0.5880254763693397,-0.5952180971616787,-0.07261027717663819,-0.21408417027155116,0.06470414040660863,0.40874037870286295,0.1342624836994447,-0.14096717853834118,0.050849480878596885,-0.19771638833664823,-0.3098646494197706,0.641567194730312,-1.006018499612358,0.38228989330270563,0.21848541863299345,-0.5440531879500188,0.0404135104832534,0.2987791891967997,1.158435563687912,0.5187340186086429,3.18044261051285,-0.6291922114571461,-1.507488648439778,-0.6773672402433404,1.0345329588700671,0.284439888851424,-0.12530734569703478,-0.05759224479691274,-0.4509924346817591,0.496115261726601,-1.5563012854372216,-0.2622482590596535,0.1451425823534777,1.6027987599191174,-0.5180002029925924,2.4841045230917134,-0.6050077006264107,2.1499292579304052,-0.9663001149281615,0.43079534301057076,0.6910545609488298,0.6286439135534253,-0.04000362661783628,0.23706894759928737,-1.5145813319850676,-0.13185805540027484,-0.3195662354922392,-1.4259133935127473,0.49348672326441667,-1.101357371597622,-0.36761456471937737,-0.9744472593157708,-0.9274447954655544,-0.29471100502098635,0.5798845091270645,-0.3798854596337048,-0.5474285911025178,0.15933675642542958,-0.9296506340513423,-0.266145981924467,-0.7245597404501589,-1.1622078559250142,-1.1821682929453792,0.1389620332026658,0.5620293428796914,0.25057135493311494,0.03577778511142011,0.6944948272529012,0.9548878341292115,0.47433781041671014,-0.0016131360566143977,0.6166256518093283,-0.1644040144793575,0.5400984808407966,1.7719073359209565,0.138834565187872,1.4376771336644956,-1.3160905633769275,-0.7760350372465108,-0.5073058277148402,0.8620553562686124,0.7579124910961844,-0.5174515984039676,0.752341962437953,-1.6815766632550233,0.6824402078842615,-0.7428840706449861,-0.34433081132257026,0.2064258793764883,0.17819784900129554,-0.5870426061431435,0.7623229572771993,0.648002855488288,-0.6239520464028921,-1.2443882358591212,3,محمد
0.23820314869623124,0.14291108433183708,0.0393729359888207,0.2834935938551754,0.07590750797349659,-0.211380912706768,0.07873137262398484,-0.0387169026644626,-0.10557802723871308,-0.04315964435474126,-0.08244918117391539,-0.16299494352157365,0.024318154261545103,0.20007514671478493,-0.03205231507835495,-0.08308566621181505,0.04213410121610466,-0.22155047316857773,0.13827229805585126,-0.1065207620815634,0.004481128941308505,-0.17960125250159212,-0.0462832456241455,-0.1647050704162504,-0.1113868990580437,-0.016476356979002613,0.030646494651108597,-0.0708534285491613,-0.08259252083499587,-0.05551357144997774,0.05534720824053386,0.2257135737553156,-0.08813850539915959,-0.33825166437622867,-0.04927027165269941,-0.10949449723322305,-0.06706926697729078,0.19060554598370102,-0.04401227378344251,0.02963718587646567,-0.22464067831031612,0.26227213289103646,-0.07735181960266353,-0.008386184740005775,-0.04616345147980566,-0.07996357062673948,-0.1730954658232572,0.052855537974083065,-0.011925256248602282,-0.08879960487345831,-0.00217875243249479,0.1722052776578645,-0.06345712079822016,0.1669707497649371,-0.05015177630578548,0.061406169893481626,-0.05075001159062006,0.1586367368441183,-0.033665891671508796,-0.057391348117263895,0.10076759329856116,-0.021750846466922494,-0.03335302750933156,0.17347159134755227,0.1098151950523885,0.34562879135071484,0.1683082820975442,-0.0284058750150079,0.19914126985051014,-0.03538873276078216,0.41351679380262396,0.16509934110420763,0.17412459334208333,-0.19832082412144683,0.027699233882690202,-0.1021795593281571,0.0400788198619851,-0.16908272378374495,0.04250586560608281,0.13445973482049947,-0.13352933596991345,0.16128409481148798,-0.0507334720651807,-0.21087940023631752,0.04264318909269561,-0.09454336277653326,0.04629688247672152,0.013324748414154635,0.0932349199820668,-0.06400084921644417,0.010799722680068263,-0.06549406264990218,0.20161383589088122,-0.06447299121180775,-0.2024403244768222,-0.07347802369233655,-0.20660303150667023,-0.03802932435435117,-0.14619891539652966,-0.09337045130046562,0.05252476266707329,-0.10983224042373337,-0.002186732563142179,-0.011043437352956927,-0.19389941200621513,1.2525566795346343,1.03814898885541,-0.8423562914199734,-0.7527731353526742,-0.14813526203175387,0.5895726906271455,0.722230765769684,0.6757704021277443,1.55188634099566,1.070097687519243,-0.014714032531232171,-0.7372545426996956,0.16271989580982607,0.9830737535919717,1.425334562815031,-1.3577493216679775,0.20189918352940267,0.4777568042734685,-0.20996635854149107,-0.23303992709039803,0.606632684122725,1.0564551530945256,0.06073772694965583,2.4994831149248773,-0.8322704096310517,-1.5315682953733942,-0.8102213861005444,1.2610794786719561,0.6655912611174054,-0.017441134022050022,0.029528854362437032,-0.2670194216050116,0.8441531115022305,-1.9715329931148908,-0.5788022349377665,-0.6212684479921867,0.3878270649728494,-0.2409644210239875,1.6227549703008721,-0.18849294855012733,1.979325023025844,-0.6983878229419249,0.7634286378975733,0.3739975169183268,-0.0668564356935856,-0.22396646921973096,0.2851992744476075,-1.082069847415181,0.41835523629901006,-0.45593491120603585,1.0070367445863504,0.22843832567828923,-1.0273152037746214,-0.5764922418935263,-0.8669635528114348,-0.5510910243739557,0.7351339796344992,0.08755870905740448,-0.6888174165701199,0.05092422202069881,0.7601271508190697,-1.0051475244982602,-0.40309267127935394,0.425015999090833,-1.5967044349190382,-0.9393260186270647,-0.3788080162190615,1.1304105444306094,0.2364131012032412,-0.06500100224871876,0.007934532541245327,0.9761542981103595,-0.3654225067917597,-0.19157403728310612,0.7734645820107459,-0.20856999413518493,0.5721720847371016,1.6158161705880891,0.31522320287143946,1.971697304952703,-0.9468669622654531,-0.9490960815590624,-0.05149161641037429,-0.01203881766271861,0.13859500423955076,-0.6540933511480989,-0.9250363251785603,-0.6862486315088249,0.1786173769313464,-0.6532454877679506,-0.5340253600767005,0.249145892503249,0.956848207806218,-0.8656180902914935,0.15209523636778752,0.4852115153390652,-0.9955188887466017,-1.3441663642021833,3,محمد
0.30761120051521473,0.18558023751449654,-0.03584263184622959,0.26471328698180807,0.0269837806270835,-0.09553827370778561,0.013446059400514965,-0.06693584404149755,-0.09986280905394641,-0.010018594951167106,-0.11604692466814742,-0.1656117794927707,0.04617779016512382,0.0653591777109992,-0.058984293570150705,-0.11597635257364558,0.041956297114632606,-0.22569936294921192,0.09782786347615384,-0.0017086846494169345,0.019481826220796136,-0.12941289427112732,-0.032626391140026016,-0.24481105746057227,-0.16593199011882145,-0.005097222874812522,0.059952014318644976,-0.10244681523813413,-0.03235544731808857,0.04717690032016281,-0.026151494503860583,0.2950688390729917,-0.16583099749433258,-0.3020546276099069,-0.0799395157493514,-0.13250819664627722,-0.0110639439504449,0.09978213850827954,-0.00796394193547833,-0.01132012789439478,-0.19846960398952793,0.20365384222978553,-0.041168397137003945,0.11512543681160352,-0.09168075813712001,-0.09176258225187874,-0.16453517478145105,-0.01363209499830053,-0.03577032908478471,0.008760429254602695,0.07491894780508704,0.01869154316901137,-0.022001795665846244,0.16322456636934093,-0.014492151035858991,0.008384420145124308,-0.042612175061590894,0.1753160672786106,-0.057669245388791736,0.009913784112830438,0.05457320781037184,0.08941783800884784,0.0638643313930195,0.21339313671911883,0.10446210517450041,0.36866486330216064,0.15402018539104068,0.028642394599487583,0.1668498553679926,-0.03757494903126713,0.22600321386489092,0.12466829330178655,0.21169418834036405,-0.18011775320892753,0.053084561846030075,-0.028920019905564337,-0.0021695189387403615,-0.18437064620118007,0.09021731840069212,0.18716256890257466,-0.20775279184786968,0.23025082270947542,-0.09515261878731028,-0.28739722943301527,0.010112027831035528,-0.16118776507064297,0.0883360593674779,0.0025497330185940935,0.12809921258111864,-0.06723803313132874,0.07041011306721776,-0.06474109872136118,0.08744889985712934,-0.06438982709895756,-0.17602754457153993,-0.041190992274986335,-0.20222951880009768,-0.11383695730137763,-0.07363765036707023,-0.06915767758555807,0.021695330251381803,-0.12104695389067527,0.052370196569509544,0.01971789365770314,-0.107520819055263,1.127861867472097,2.530253163385744,0.16930356857355391,-0.8445826265673505,-1.3842115368831627,-0.49333266117088137,0.09532413547199196,0.7396258517804652,1.2879121547838048,1.5566837080226867,1.1423480540884312,0.010002810007433508,-0.5721146873821451,0.29012451001042444,0.6672080461148163,-1.1915561968463868,0.5349401165239768,0.04009683193044298,-0.8678392623151342,0.29814425898007596,0.9565832202005148,1.1381351999065366,0.2975392576749632,-0.09337387578498157,-1.209831395272141,-1.0290064080415582,-0.41307039528820655,0.01656433079475579,0.6555332571923163,0.2341470438413524,0.5096067547130368,1.0771274885335202,2.0915810169308404,-1.5632452289128844,0.18350337949808232,-0.16165883726257443,1.7452106825639253,-0.2705441316878673,2.682700493646434,-0.25119153766998303,2.5702465373322423,-0.7815691213266075,0.7016320879447765,1.1386015143689283,0.19150215372800886,-0.03829615703719599,0.2716096883322511,-1.668768044274905,0.8795927093184303,-0.6084316510479086,-0.789991305469278,1.1283978973673028,-1.520145475571079,-0.7939774893341318,-0.14210959241905377,-1.0550304992223272,0.4959798730820205,-0.06436270296960958,-1.0643814704188879,-0.028566661748408086,0.6608584171489237,-1.0471816050554956,0.13461834667069572,-0.7038658706435533,-1.8046133648023934,-0.8754753317889834,-0.6208340692213694,0.6504357487604678,-0.16654292394472667,0.8669767061650905,0.6194057388816889,0.2739360980055173,-0.07489940484329799,0.16513404291778602,0.35665804339211776,-0.1714995597819962,0.5247495071224053,0.2717671964798708,0.6304798853612026,1.5996061847076617,-1.0867626597146758,-0.22569015747209956,-0.48404131474772155,1.0474307408434198,0.5393232364164501,-0.35110295889565396,-0.5493920715271174,-1.0510907950699706,-0.2164727625071724,0.06962441377966484,-0.36636694964338284,0.23444769918606478,0.6135454278124882,-0.560812573049926,-0.0008068931235226856,0.8272605088883739,-0.6730471464112366,-1.1986471557397747,3,محمد
0.24387119526849182,0.1486760164791551,-0.11729401525318563,0.19859836710079545,0.04916452397679048,0.019596704071649828,-0.0643074135511293,-0.07924151078447766,-0.16003440578980654,-0.07369563978047161,-0.15129677475449893,-0.11079950315394814,-0.02244716815525645,0.08182324072986805,-0.031239508385625024,-0.12261269297013416,0.12515889983771153,-0.15443390542256366,0.12650891366296657,0.01500003739484899,-0.04002013260201353,-0.055770218999847875,0.02701514842747168,-0.2117408308084771,-0.12230270730787468,0.03640638882710877,0.08175713951305992,-0.030857019491992085,0.0787817561819559,0.07422050012889539,-0.14111659981044258,0.28186067651676466,-0.3018305535386997,-0.26642665978217533,0.023632577923262846,-0.09612799703546611,0.008044337598241275,0.1212686740402176,-0.025164175370716916,-0.05955456370006344,-0.13333669516694574,0.2553741401971265,-0.14256298596170192,0.10181631044081547,-0.12900599477874516,-0.05098074166470333,-0.1260660039521731,-0.012341871457980354,-0.11000649525389872,-0.05912421340472544,0.12328533248508253,-0.025825740798297175,-0.020496713165144037,0.06950898348819515,-0.09908213331934744,0.061278214835283173,-0.09788834360134122,0.1998072725967433,0.011857165815330644,-0.002239434001731864,-0.026656348899986658,0.09728739130061899,0.18726936476366882,0.21798239053099877,0.1906433673535525,0.355251614265035,0.20414805026084,-0.006461788457658244,0.11253946241452732,-0.013805977227430108,0.15801458927782724,0.18978975301479653,0.12710667037989884,-0.1814664915681263,0.08543185254134787,0.03485363227320049,0.015744293542485143,-0.23177400716833887,0.0023492650811447503,0.07522326145817974,-0.3248571871059212,0.2070747254886657,-0.13319303061501925,-0.1915392056574516,-0.04522294468829066,-0.07830156804454054,0.03230001795466231,0.1150764591121409,0.14055506179299607,-0.1524581300304575,0.02847597460273083,-0.1273408602525735,0.04728654370746412,0.03475888760965326,-0.07930066978026071,0.008511674373781154,-0.15574715696774324,-0.13187810857550383,-0.11767215639917629,-0.0067345900200166744,-0.015092292421224755,-0.12599717258820023,0.013791097633526926,-0.018829899379448716,-0.1415409027957975,0.5321284576405149,0.814978630781723,0.7213108408602208,-0.8522515100030448,-1.4369958670697605,-0.38186026070202816,0.13735762403618013,1.077615612296857,1.1478696885353006,1.4029153094889724,0.38734412382377537,-0.597260751785423,-0.19759580510961916,0.21010456416434758,0.7182991702807028,-1.1778492514545378,0.9233855358567047,0.019049204211597247,-0.4584837001785175,0.24238046625970672,0.6260301902228739,0.4904062896908244,-0.5240471131814117,0.04369850631815936,-1.0365315807619964,-1.295032609941933,-0.9273450918632384,0.3496562722391058,0.6993636065600954,0.6090317549068205,0.2610691071861235,0.3954878956132916,2.37397571167047,-0.9337969333935022,-0.22301364268505006,-0.7178865131342406,0.42227041701757045,0.3453306247476463,1.679188113304218,0.1910479727000444,2.5621568982075797,-0.5186329057046157,2.3678337260537727,1.2567600672495047,0.6014413771500932,-0.14383464474453797,0.2779671996531921,-1.5530003901293625,0.6010630550879029,-0.31076756737176214,-0.23985938341117016,1.2555921713889353,-0.6460180914394491,-0.9219215315600957,-0.5582183412728623,-0.8048449498480623,0.38789940774790066,-0.07231379938282481,-0.6031559527619378,1.3628461711299615,1.6100672895698915,-1.1270172245277228,0.041322711610890454,0.4446377564284156,-1.0667651352552119,-0.7666067288042789,-0.09021510196154454,1.0471195094544679,0.0656024429430108,0.9321752818155331,0.1763098380582904,0.3473573871298788,1.667647969149272,-0.2207077957536562,1.243713718634258,-0.6288520472234733,1.258633947902376,0.2525616517748253,0.19799409112877273,1.4695269583869608,-0.8789668629697878,-0.02890985814644304,-0.09463581830112856,0.014514334452993017,0.920718368908271,-0.19255879084289565,-1.0533031591170448,-0.4140496770439064,-0.04930924821223296,0.21928528880920062,-0.7913282351229607,0.26362020141840037,0.7385400412569055,-0.7663381625797439,2.7223777384400893,0.7859905944384675,-0.7987757316363934,-1.2043667399340243,3,محمد
0.23138619251234033,0.17884800356970434,-0.14423875491070223,0.1929666822687524,0.09019176935507406,-0.021028235708628197,-0.012720173512199588,-0.09285370166779051,-0.06214361941441848,-0.18810217242473706,-0.09654310953809403,-0.13245553067596466,-0.0591074781991,0.17906879188189315,-0.013539202910633857,-0.19381413629462282,0.11856606871270232,-0.08796684173070783,0.10318969686214982,0.0929089914447989,-0.05806701413449834,0.02288468913787794,-0.017926702935235222,-0.20400288105719006,-0.10161762817808366,-0.023096021090088136,0.04161470914695206,0.12374994827299118,0.034246131603067595,0.004099836741160886,-0.13950143587475433,0.13277771644017825,-0.20974233775976223,-0.19788034030235832,-0.019046620998220378,-0.07774744669045658,0.03797046647332491,0.07738372910618152,-0.010887541501921224,-0.08853566390598758,0.029890730699694664,0.3255329970696532,-0.1171860312616148,0.04622230872258527,-0.1536155213073394,0.04023779811305008,-0.10921173530966617,-0.10144693878614235,-0.0029884775153426668,-0.08803950350193428,0.17148420345710824,0.01615435199933398,-0.08481109344671386,-0.08392644127517218,-0.018418603742603238,0.14221247634622985,-0.11906102112844343,0.14451018495019305,0.08644119701923021,-0.08255947527908937,-0.04085498314863843,0.10709770397211528,0.2360775740954427,0.1579145034711661,0.20372448858723247,0.2534218245664525,0.2295632712281933,-0.016773220147071565,0.13309635176639512,0.03469863061441063,0.1206508984136957,0.20285182514733058,0.16863020499197723,-0.11046637428786694,0.13623993605751994,0.008348400840884517,-0.02091291242525655,-0.236189783869742,0.11271364753928523,0.05834625790334487,-0.24857588472261716,0.2621653742475436,-0.1841773831682508,-0.15367154942260808,-0.12074328667155136,-0.07500132758388099,0.04957206999523136,0.11520129029227744,0.10187201087310521,-0.21322570284609332,0.016518742039301676,-0.0824338694645824,0.0042635298430509245,0.05341300886310628,-0.051395466488048186,0.07086195029939475,-0.19113889038638004,-0.09602476298676618,-0.05481901669282391,0.027689760220092487,0.05684922805824992,-0.06996813954935306,-0.07406194096930346,-0.08563844282633894,-0.17927224821532003,1.217426487835058,0.7424802145241388,0.6228711662970353,-1.0753596529327716,-1.0492824919874653,-0.5945733275719665,-0.3354636906597999,0.849988862545901,1.085542035009289,2.0335858808789418,0.2958728534406057,-0.5952488008544646,-0.6174871338835173,0.453039490013744,1.6801978350204698,-1.1518077962292803,0.8753651455743259,-1.042968743941252,-0.30736717549344633,0.9076846587369855,1.7977976979965042,1.1505901720046594,0.3454851678161393,-0.0142203521398495,-0.8030553209019685,-1.565463103558508,-0.3142032196203036,0.9981090101168775,1.8249993923435515,0.7507847718647518,0.9917535534833386,1.435068970967584,1.8954127833067986,-1.0077211325415854,0.20383435729421986,0.19082983761603367,1.1660028651239274,-0.2194504261258675,1.4477087776108917,0.31479510447492,1.79007533511593,-0.14146930467521285,0.5570003023489151,0.21123402545903544,0.9030615808566208,0.1825371244993524,0.6474795074882194,0.5010391922617569,-0.030090582117314805,-0.5796044966609389,1.4691241801410695,-0.031040702469149153,-0.38427383863387116,-0.7008999287115267,-0.6642422057478372,-0.17555003632279756,0.06161461279728945,-0.42145297656672537,-0.4133111657260211,2.23096396990411,0.4030458833499295,-1.1031395758136506,-0.9854801742862863,0.7345199242523519,-1.2580419962754181,-1.2051755022459942,-0.00752879031790658,0.02876626717310429,0.5191384604451881,0.6790899901955372,-0.04164972547040301,-0.0921451438499126,0.7349728946952881,0.45236959334481985,0.4131509073008035,-0.3679948923484631,0.8059701775342021,-0.37322511450910256,0.2466731501024283,1.6258538016892066,-1.1719055397453515,0.3181471112966956,-0.5811885507786027,0.39290087675956553,1.468171185486805,0.20101625192824188,0.16240091549672042,0.049715681854765804,-0.8443579190707586,0.35400188132860755,-1.038198131622081,-0.25030097969809534,0.5503325415368695,-0.812068675535908,0.8459386970043198,0.049590198036255397,-0.7997451312043351,-1.2486981935310322,3,محمد
0.1844774388996256,0.15205610600313932,-0.22766204492906458,0.27369011416074857,0.09912129385961252,-0.1327617767436,-0.02080495900630715,-0.09543510934165896,-0.08241597370675524,-0.16114102272464395,-0.07100615846226904,-0.16523699254161756,-0.029870567636499784,0.14516571902927058,-0.10345859844051607,-0.0833935906411513,0.12519650172403737,-0.041429815969595093,0.047846975333058414,0.030105095595579737,-0.05083538049357183,-0.006757775570693413,-0.045000768455703305,-0.21911034070806734,0.006858140538668762,0.0130196678104797,0.08827516336354183,0.23807934638560455,0.023538932130042194,-0.08280309350054767,-0.22776536311225123,0.15591709891123368,-0.083481438352254,-0.21653106593338195,-0.05028129673461924,-0.05916902285403885,0.02168472422158085,0.015223444216388176,-0.02189632945429772,-0.14199841259108528,0.18907924694045677,0.37987078119299306,-0.05777651747636357,-0.07194956674191817,-0.10987007307267099,0.05592938170569027,-0.14020734402942395,-0.08962590036704841,-0.07303179924704799,-0.04379952675092492,0.15571952812250128,0.027381731728392388,-0.0966197234089158,-0.16099440281206698,0.024903365526470767,0.13676721744367473,-0.10223874819021603,0.06057407533509885,0.09124320564236135,-0.16527907258957994,-0.08428236738952324,0.0788628707765325,0.3102148645962729,0.13639131054580253,0.21390358052872852,0.20575560318177646,0.18064023218324377,0.05357024143433113,0.07804647811533244,0.01950704009236116,0.09297308226272029,0.19694823949098958,0.11719233892735544,-0.07435365842850422,0.1038746025067382,0.05025630387980325,-0.011784674800106537,-0.11683329455984728,0.024984185436891234,0.08881177239253149,-0.2365207688341478,0.28163434152438066,-0.20500221912890307,-0.05511618523940711,-0.12219996131247134,0.009390719512486457,-0.0023685403175503243,0.16047240933611712,-0.07808185254493702,-0.15500165108875613,0.003642161623106599,-0.05726882127733964,-0.03758683935550468,0.07575778070705061,-0.04356985299220763,0.06651923170553857,-0.19136723863870145,-0.06864905415478031,-0.04052086243317352,0.05287911426957581,0.05355258465092946,-0.10528408930102535,-0.15255893700821554,-0.03223680544514385,-0.17777252363806328,0.7169803574439713,0.126579559417786,1.5516644158412605,-0.9451101718911877,-0.8313002718312914,-0.8294730511460283,-0.6380654509915517,-0.08562978461022698,0.29154283900283773,0.6634851826648194,-0.19813575865271077,-0.26439594455975557,-0.7041039538131048,0.23045606905305568,0.6278784327261501,-0.6842700903639442,0.6438441743143033,-1.0315694895099117,-0.3658209138677332,0.2300957212747168,0.8175927428981994,-0.013613223152173833,-0.5064834472376087,0.08768631074629363,-0.6069220252719078,-0.9993583160224688,-1.1854414428960653,0.08467284132847713,1.18189185339186,0.6556777701125182,0.3363741031106724,1.16528694710924,3.002714224925155,-0.7011015286802886,-0.5942656973771238,-0.06877981380765863,-0.239660121280128,0.3714288347053876,1.6772841780429817,1.256661687467196,0.8184879469961461,-0.13927603845376638,1.781441633162407,-0.38499086987387016,0.9857888964839407,0.1217093102709814,0.06516123885026434,-0.6952291408032477,-0.030320899622601167,-0.8861882400290585,1.8738834712035717,1.9205025673970948,-0.38496088943557577,0.30367683261189754,-1.3041907154686,0.3731884831880839,0.4112147049547181,-0.4295788772129682,0.11995812870736608,2.3612421403999084,-0.11584275937202852,-0.8034091752768767,1.4730031934265582,0.45615805877781584,-1.0848227778913797,-1.5462563473104645,1.3039091868655468,-0.2062862165836067,-0.5786153792963359,0.6705826979134112,1.4954217583233695,-0.4465612735160233,1.284840874895755,0.5570655592049507,1.804953248975128,-0.9452780120327325,0.5396657063948652,-0.12623021544756732,1.9585542028899305,0.46426039569445227,-0.7824113682763383,-0.008206554143090036,-0.4323040232857404,-0.19419713795242674,0.990438928135903,0.4148994650755594,-0.39018504673922527,-0.10716838950930437,-0.7700686336587604,0.9052261145123583,-0.5715651099568047,0.23160192243714234,-0.048257617244135236,-0.5127909360875355,1.4630736803093851,-0.5712524047475562,-0.39269757696958707,-1.2128331027254213,3,محمد
0.15646379508415478,0.04777702758589935,-0.24512855497176794,0.11936169548170698,-0.004421535509812791,-0.1309004656349806,-0.06861411020505885,-0.059439260402556086,-0.04458054030385607,-0.10255083427259977,-0.0831329120191553,-0.2568382675565898,-0.0397024125300496,-0.05631312551290432,-0.14279015508503012,-0.22013982739283414,0.07442378901998903,0.030319609604413954,-0.08647909876726759,0.04646931699522675,-0.04639975441646738,0.006031765418833511,-0.05422188907534289,-0.2621610928349311,-0.014991766134233177,-0.03702290774703446,-0.012296677584117208,0.21171468796933407,0.030551050335582093,-0.10780248184459314,-0.1684273725771573,0.11169540097473048,-0.14374204236566165,-0.10386716690289016,-0.038125905761695396,-0.031742052807658926,0.03146146315105405,-0.036447024623399445,-0.011064866742214855,-0.07700869907509544,0.18373110502017434,0.12685507261204507,-0.10724303587953259,-0.14166300281944355,-0.10039048026650907,0.04505518488398598,-0.17737151545177993,-0.13308600939656962,-0.05268979124216199,-0.08272219848105146,0.11956185948073682,-0.08916037818211293,-0.16107009384126397,-0.22261330201552876,-0.011609078157543447,0.14188254476268033,-0.13968071986555358,-0.018691630190424822,0.08485686043580933,-0.15504001733456338,-0.01911973430717276,-0.0010601802092365035,0.17849054687766538,0.24376655552486254,0.1731329890767574,0.1274363267060144,0.1439379694216619,0.019829379075024384,0.006953956693340106,-0.04398980517149919,0.07331179590114524,0.17530864527366125,0.05315199331986534,-0.00470534154143891,0.010579597688684203,0.08448845776439558,-0.0029520507317726914,0.01072017728537076,-0.1830446873368181,0.0301503782950803,-0.1646932875504482,0.08938517698537646,-0.10607260308118782,-0.004887155455826497,-0.19353217497573977,0.014002698571397656,-0.09474477293220653,0.12293886824967502,-0.17456728698252352,-0.10846325708191827,-0.10819946301719852,-0.06711851513191838,-0.07568405765402342,0.1408149207167982,0.005301520031115521,-0.04813515025584877,-0.18494815588332947,-0.08908936947757708,-0.1047641623697296,0.07926769071069362,0.03308838959394123,-0.16826852388500343,-0.19963739029921615,-0.1043392237615651,-0.2389866364560403,0.46610353193119325,0.7237239958708773,2.009889408983938,-1.022428370258537,-0.44651543838180763,-0.7720610177510228,-0.1920345492222912,0.2159325983175255,0.11338345290645402,0.7644811014705465,-0.2131951609570036,-0.3883125389335162,-0.7611616003603224,0.07251773339303712,1.2425623937183585,0.43857982115119337,0.5404593929917243,0.5266002213282519,2.0116028104590087,1.4152454373250571,1.2251761282203457,0.6265152775528634,0.07290955927784003,0.2462934325665425,0.4795869984536429,0.28762288297259475,-0.786306199377642,1.3390112120039812,2.5947494770356365,-0.20926500197480155,-0.23723139849127106,0.8897665694280644,1.5502706285715373,-0.5981206571281517,0.2870301417270019,-0.012041594591271207,-0.4605436622351603,-0.44025942258111933,0.23445358518392376,1.0465551834967144,0.5314525155633847,0.14618770118787866,0.647285491731181,-0.38018468477773043,0.43741763318933585,0.2658241814124287,-0.23134419185159608,-0.4476965539367011,0.9748244402948266,-0.9087226980364969,2.0643401948272313,0.7308190134272736,-0.9868283634113213,0.12500063365220182,-0.9439873559978582,-0.3363337556388055,0.5536213402741332,-0.11248401068633378,-0.06081110013045504,1.1162862971925647,-0.733025394142615,-0.5032072500002154,-0.9812552809379249,0.7872031299137338,-0.7886951844698064,-1.331268191590056,-0.07391617175900746,-1.0430039165252951,-1.1850991302960032,0.7673142719190309,-0.5306407366764373,0.4057399874388967,1.1254481078390797,0.8556112271846946,-0.5864711542602395,-0.8786116920867203,-0.8184736567296981,-0.3851304777078658,-0.3522231028542344,0.19017478156349635,-1.0805883543209551,-0.18203330627894607,-0.4958645983620549,-0.5163628167635598,0.41821236062110057,-0.3007697960807223,-0.27264609169522286,0.3026397957251736,-1.1130631336704675,1.2904174892164628,-0.5896833996887579,-0.5114460795754934,-0.4897327989962559,-0.812074959516534,-0.3444981715595099,-1.1595935306898348,-0.6448846895405252,-1.0531443400881877,3,محمد
0.21121627040908483,0.0427611444530449,-0.17278615172766382,0.11632158584042739,0.060914750429148984,0.07538678725006029,0.011452838392511789,-0.022607789669622638,-0.08244631922003015,-0.10724397659669352,0.03669438402252812,-0.278777448359629,0.06127436516514311,0.1945368960228021,0.03742265736779837,-0.2372665828161509,0.0902882417236466,0.12252539574613104,-0.04160645651351623,0.1290359140727117,-0.016661570235072587,0.05791765272943803,0.05160842627225432,-0.11078791890473189,0.04485388944497952,-0.08953522052984866,0.07523329998300608,0.12683646527483375,0.01641100395270283,-0.06960853931279079,-0.09092320904193354,0.06520183269855073,-0.10196290565565135,-0.045378872371123216,-0.14780240649582538,0.013800275935986277,-0.011908786992085045,-0.012091816786593917,0.11186701161349603,-0.004251311033451241,0.2761765480535253,0.1694670882803406,-0.005895413377754379,-0.05574333537414578,-0.007263918200199267,0.2601595808150292,0.05123772942842361,-0.10688188437350082,-0.07252235941895979,-0.06957402653752853,0.11821263045618587,-0.012220673117919623,-0.09509281472969369,-0.16178922194129247,0.10852229030042455,0.16906137876075822,-0.005353989513185462,-0.04524421044420454,0.1465488084519684,-0.1098515218100568,0.08284300800009424,0.03496417653188827,0.23065010985955828,0.2260109114439748,0.33155278362815827,0.2162123371770164,0.24454154852836094,0.03431352843969721,-0.03628059220645117,-0.05297782711128942,0.12904839877281815,0.3174462554606631,0.15568216070440608,0.16161762032413887,0.11422547870710473,0.1092125012446749,0.005005969822693009,0.057984801140837997,-0.17921704471433905,0.13559191268109627,0.0002752046986567024,0.17230781456160107,-0.03646410589935155,0.05526704264485293,-0.11742235992646917,0.12987415085612888,0.0937072112323359,0.29395196502759585,-0.20738279930420545,-0.12995330668700047,-0.1332967434728271,0.07429989628094096,0.07321797620376681,0.18398192362422985,0.0319245224603721,0.09999758127654695,-0.14378794083714813,-0.052400698752706934,-0.07519762066012799,0.0770140238218071,0.010847964100474027,-0.06471310599098327,-0.20864086335347445,-0.04951994570777729,-0.33537105190853,0.5636868526260415,-0.4129226658409469,0.910679778233732,-0.8727578222695094,-0.5207062853844721,-0.8473732895176069,-0.5820214638049224,-0.08694898697937059,-0.22249035099246225,0.049302009120619,-0.6577867892238368,0.015260264501103746,-0.44379681515436725,-0.03667951436159633,-0.17805414893010454,0.03788885069836994,1.674905727369393,0.6756272900471496,1.0001307704220659,1.4503337353500196,0.39766448741729327,-0.5912449634120176,-0.1393093318095328,0.020279898048872334,0.09409316889224634,0.03195712091324693,-0.3783833982665377,0.28694577981884367,0.7300055053249231,0.6730248027082617,-0.01286835149645221,0.4606656957475195,2.4728329343259667,0.03941175459573677,-1.029202323054426,1.0103352235307066,-0.9541039837065024,-0.650183997344383,1.1942826603554153,1.2168050095195293,-0.16731739344643254,-0.33697487368185225,1.3924479752151036,2.3731182295418387,1.294253230283655,-0.5583824494963007,0.20524263601464182,-0.2696122870806522,-0.14542550424351092,0.10298146780260072,0.4959756171897341,0.9105020179742699,-1.3485615209083501,0.04345419945730329,-0.3445236346023175,1.108048604188594,0.5462717138258106,-0.4172894791135372,-0.216032440509106,1.935288666696944,-0.9176812157351495,-0.7039632037518712,-0.5313101769324463,1.1613837023251283,-1.132379060706851,-0.6792514936263602,-0.13973747675099524,0.3203331171393581,-1.2102268896955215,0.7365501547213826,-0.4050994013701527,0.8365050673620337,0.9967339127779664,1.0865763823284578,0.5425260528267916,1.2293599897931706,-0.9152544691164806,-0.5771562977549647,0.36157349474062556,1.649081899164398,-0.9923646378719131,-0.3690957157485153,0.29531602501323995,0.7843412364218895,0.26375809078316315,-0.41570883569617734,-0.4716323962397712,-0.06653172825221544,-0.22190114724342422,0.9440777903779356,-0.9405980082489792,-0.059958405038196154,-0.3391535177519029,-0.9850148102964765,0.5586034795208646,1.634104443112405,-0.8730560117357862,-0.9811838381956298,3,محمد
0.20491651940334382,0.12254745289937143,-0.2791571681057166,0.06405437549393345,0.003361916053877968,0.010422388271920364,-0.03103179020050584,0.08549467049734841,-0.10308285117753613,-0.09121915418733408,0.04957634117374587,-0.24345171044903613,0.07733253024444951,0.23042254044125798,0.017591603603147123,-0.2315350089759688,0.07527225260816534,0.19211254170608721,-0.06060701407666652,0.1674279528320291,-0.021235610667543946,0.10637309777019328,0.06392942529943843,-0.10259753469611743,0.04873825937942904,-0.02263314648765653,0.08985921524021928,0.16339494435316138,0.009520863748062644,-0.03266103287066246,0.01554569901804649,-0.028867219363404195,-0.10684164473167077,-0.06739957126808481,-0.16988605972063897,0.05420543325975881,-0.076740527222583,-0.04399758166563504,0.10302269053496883,0.02121403809368994,0.3021507558100634,0.2372221695828007,-0.037794788292145456,-0.14000461626452562,-0.023616141416087293,0.22342573679712008,0.07363928573019958,-0.13866451423079273,-0.11696912684798629,-0.0585282119190345,0.05693761322740088,0.0013142148792843567,-0.12924436896862188,-0.16903992461419134,0.002268056479309596,0.15272881700524552,-0.017317941896233056,-0.12266458802663717,0.1865114749009822,-0.13539170258283859,0.17223737399968678,0.03299036521492232,0.2228032195007858,0.16054137195776874,0.32726271465312246,0.09295556522829843,0.16612408921934507,0.015097344663447755,-0.10957255891853138,-0.10602820030535166,0.11157459469993286,0.2654440383450601,0.08219489664509244,0.13408583377509778,0.07769437664060166,0.09537736538341775,0.09398305692222665,0.11152331332433231,-0.28065198001369723,0.049960827372038,-0.026843021178805174,0.0744248212109856,-0.06643528266704621,-0.036821720980972215,-0.10442890468350585,0.13244170516854945,0.135325482991603,0.28146701534002366,-0.16174862568415066,-0.10442002976253704,-0.1389804108486559,0.10060791233049146,0.02785429629758707,0.19122485833085945,0.027693381596439928,0.0843316968544741,-0.17804321878628027,0.045001302105644646,-0.01191761847383683,0.1134669645841691,0.005215343496957819,-0.049202655617461385,-0.17722780163029667,0.04891699650203806,-0.25211255225727175,-0.8649127098290033,-1.2110817012511064,0.7217801036093939,-0.7218375685334883,-0.6326871957364146,-0.8428679103991901,-0.9970159807366955,-1.0693682009584105,-0.951463602020117,-0.7077241409058486,-1.0978770413931518,0.10876149108620484,-0.8016300479235374,-0.8241247185673872,1.293712831483243,0.8132149670684924,2.0193430951085363,1.656040955902848,3.046104477517941,0.6739754077238843,0.6584713140359093,0.13722241299485494,0.5751736658513376,1.1914652688264893,0.6778096357989608,0.38163021131210967,0.0023157050932545195,2.160695392753156,1.6695536455545823,-0.1332882832568635,-0.5404696017257845,-0.12187239877771926,0.16562574005571784,0.1946129740855161,-0.6446568589021795,1.1224224192207555,-0.8998893110527011,-0.8445096091446984,0.2918521685623812,0.9389988476480319,-0.7430108315442778,0.05864381094274688,0.12785997987679554,2.25217814172421,0.23261315247253728,-0.4866946517548468,0.08248821213685141,1.3466214010964668,-0.699991286163018,0.1614444316424352,0.5692487258277231,0.560049003007518,-1.3955024962804075,-0.09844497858770727,-0.16247359611117143,1.5164844159972053,-0.3533912585634949,-0.37676426329119916,-0.4305471018838046,1.264988066961287,-1.2076052352334166,-0.8617352797502246,-0.05834206872173697,1.9433885306175227,-1.252231340721563,-0.7853697169335006,-0.8311872315675334,0.9753612911548546,-0.4904559526288672,0.10201157288503941,-0.7381713118068125,0.7537094979881163,1.5261739751343362,2.2228283028619287,-0.4560584303175503,1.3449569157441852,-0.5170552744046327,-0.8421235974715181,-0.4870443923862809,1.9951708786714788,-1.1220430020160892,-0.39808627967911925,-0.6397347427024395,1.1856518288345106,-0.023954049407740485,-0.3623071882259654,-0.1464750002287366,1.865187267860861,0.356639469004359,0.6616700891419479,-0.9133483390469048,-0.18702752577032838,-0.8443085117002314,-1.0937617239391801,-0.2601307855213456,1.1122555893125756,-0.4523344592756843,-0.6489207871853242,3,محمد
0.0689375341680466,0.01773027533990297,-0.4593870690719941,-0.02618525966921259,-0.00785651596993324,-0.004328596013948424,0.009709531151996903,0.1255155661044123,-0.11050248179893847,0.04278799548665605,0.0967640954860013,-0.18036553554877166,0.0638569221590969,0.015732893022607636,-0.04832985894184716,-0.25780864804650583,0.04836468259863298,0.1914619555045292,-0.10202442073919513,0.22807781314327222,0.0033409346043440473,0.1274605120428361,0.07919561540158469,-0.007631521599979662,0.15456299406895654,-0.039861236501832376,0.008293882100401573,0.10061686432489514,-0.06853642314476112,-0.010282672676524482,0.029255803058906273,-0.05893726980951442,-0.05010405921686562,-0.15896892251943812,-0.13442555528206623,0.09336457488224968,-0.009083250038112093,-0.0618525771219661,-0.037643395454068425,-0.027759139375703564,0.2956786023367208,0.21463321421542486,-0.05793499611570574,-0.118649723040399,0.06377649566524841,0.24452102252225413,0.19775438865106004,-0.1390175364425836,-0.07668402636062403,-0.10366910524498979,0.04479296043249549,-0.06916052496260744,-0.10019417958768179,-0.09565171455735592,0.06547311397906591,0.18969466592460243,-0.18317053588687826,-0.14869844954189232,0.17566269408036206,-0.10008918845001287,0.15374016979777483,0.09030618023860139,0.10161332572963641,0.12380751269396673,0.32426372402287473,0.04440088821634836,0.20531283586629373,-0.0022656693851864445,-0.07817317284007137,-0.12300352437702938,0.11104875982099134,0.18140134046279335,0.09473697322630224,0.14132618267907604,-0.05195341020098443,0.10914140113171453,0.11269809401407865,0.16132178586176352,-0.23327021211928417,-0.038996091905974806,-0.11785533484371148,-0.004029006583444476,-0.09393818015183136,0.08100147523660302,-0.0346016263841093,0.05127014920470691,0.06698496231156759,0.16449869237945056,-0.061715870485829265,-0.024062074821460177,-0.16768542710590495,0.07219693925960537,-0.009219140384027706,0.10439570721290607,0.0348578820740536,0.13800659323406791,-0.26570475000762434,-0.0473520575301788,-0.046054097818554324,0.17160676392160593,-0.04768500361746391,-0.09217560142282129,-0.14710953034849364,0.007538828742481618,-0.23697375935443799,1.0178452291530184,-1.0837981445259364,0.4334987251978151,0.2437708993022726,-0.0641631982764732,0.13291732862345135,0.010954936918077,-0.6749239170139985,0.10478098356209288,0.15126846333368357,-0.9027162973749359,0.08924027105650231,-0.33647557844654186,0.5535434314230476,0.9789654978951952,0.03729546266516575,1.8032089974396786,1.225520345829974,1.3692339323243345,0.4837980487453586,0.2691661739422715,-0.11319621253789937,0.9631638486289392,0.9960455486136982,1.0287923582743277,0.2970472773653763,-0.0070961342167075,1.3785637798392938,0.7819505751465828,1.0066093566792806,-0.5089299327178021,-0.5007961340270188,0.5805256549337456,0.8293771749480888,-0.7904857712327407,1.638046249486416,-1.069543258615243,-1.0501150609782117,0.8428451189878261,2.1730883746650598,-0.07816286068028636,-0.25268461679734483,-0.7825705520969919,0.6760427749326446,-0.11098975778580697,-0.24981487171715402,-1.3425321482920045,-0.4410345599934187,-0.24088581698334505,0.2645400574187775,0.9524753153620562,0.801831324646819,-1.5070237509919113,0.08971864014880844,-0.5314990921923707,0.7317964482480909,-1.0645314126268384,-0.5575331074600799,-0.4409235599422227,0.9199850839165427,-0.534036622577819,-0.4415158200076261,-0.7362989796682642,0.9958561193629141,-0.8020313746125163,0.6447356120312343,-1.1758937623723495,0.0924253166195227,-1.2120146282701336,0.2338148602315971,-1.7191990581029954,0.2599739506587435,1.2299343756776884,2.1007458351323964,-1.261024932154477,0.7312571696466432,-0.7041955006961055,-0.8927789521620806,-1.651919896330163,1.7791855182683376,-0.7522137630760013,-0.8755015973221192,-0.8194009353241481,0.6376272655509917,0.004317626937871351,0.9721719183166085,-0.03340496275384453,0.00012207577170850247,-0.035825769633657994,1.2685087233159713,-0.6401702410692163,0.27383188725928026,-0.9164547915106971,-0.5419249576427938,-1.1282752610015288,0.4092919724713845,-0.6973039169348347,-0.5453363513607392,3,محمد
-0.0008332526376112661,-0.04355030208267101,-0.4035241302565787,-0.019530039409987175,0.05516846725610463,-0.059522783197253626,0.038127394061692306,0.1143349742089231,-0.09918242306775522,0.04346764375020804,0.13511937214668457,-0.19911131433657123,0.04788663500854922,0.12652391717748912,-0.0007478444937839601,-0.23424357458883022,0.08472835190673472,0.1985040191477366,-0.16425829733629277,0.2778602422715301,0.05572029513004696,0.13085539801149348,0.026783335461897508,0.017360828321313602,0.15780128141903074,-0.07614007455044072,0.031444007472095054,0.1680550015235492,-0.10381320337950761,-0.06267528655328355,0.04226808052491609,-0.07347242351054199,-0.10276301364649759,-0.08391100728248989,-0.07322781548128325,0.0377874235548244,-0.051588060059232305,-0.016754819191233172,0.005581001542729092,-0.027212039229103528,0.3249492677029415,0.222503122169861,-0.021029179366218398,-0.1143439056254097,0.06028356758132429,0.2370524502983178,0.194630681694778,-0.15846660167404691,-0.05863569187220643,-0.13922492489784025,-0.015259589662290657,0.030672604047414065,-0.06500824459923768,-0.11919986710827052,-0.03478593784295085,0.22641260399109592,-0.20699438420093594,-0.16976788306918184,0.16965693074348162,-0.17793497629865335,0.110023916556688,0.06284019141515568,0.12898581384971947,0.09383275191033683,0.3174269330616528,0.07706846017629701,0.2555161978027598,-0.03512589075891694,-0.09055782828334105,-0.22121291687688938,0.21261840404446516,0.2045592299991956,0.08508126616775334,0.08597072509907053,-0.08123875278316084,0.13926325678634863,0.08157779607318444,0.12066491234404061,-0.27566085267031154,0.004503186194171604,-0.11870842328869075,-0.08128504237611955,-0.07148677016883263,0.12269761279181615,-0.0699467807124025,0.20497004093840726,0.06239636408524564,0.1894155537635213,-0.09671820556364227,-0.03679843144883537,-0.23286265275337387,0.046246153710146634,0.020374257776464216,0.13430550366649577,0.1414848780274637,0.15602209557460384,-0.2765530288819176,0.0007647939538760739,-0.09119529109556036,0.1509040054485078,-0.06409143151938367,-0.0420721458970119,-0.21329777327822627,0.04101845629284468,-0.29042508315986687,-1.112848875556836,-1.3132553663240718,1.430718443578611,-0.27020786599839086,-0.3467549773302124,-0.45092999598163436,-0.9202655599822473,-1.096304351301989,-0.9160364202523374,-1.2664204830375636,-0.8869804248779244,0.8360801855932488,-0.7299191673939418,-0.8904003586299986,0.11279391612412923,0.7473444706176057,2.217516370650167,1.9075144401877786,2.296532704871443,-0.0831012730326339,-0.03529282284409282,-0.2397519010016414,0.6256168765064037,0.3306040352900245,0.7703762174192015,1.2669154046254958,-0.10043699954960064,0.6995731856941894,0.37964996423173575,0.6257198445714282,-0.9074565395687282,-0.35257034377126145,-0.7067104192132033,1.405003250065577,0.7382852687893819,1.3740120235704383,-1.378131856518368,-0.8477420528364331,-0.07069705179233741,1.4129803937927514,-1.132865210539172,0.06371245124381619,-0.9899143626275364,0.5985691720695534,-0.5446320932803383,-0.42014803719181487,-0.8487069011977505,-0.2118424579436068,0.3070504593070332,0.2760238382761626,0.3830574757086908,0.9663800489135091,-1.2084564946500331,0.16897013099415834,-0.33864633793888865,1.5546212158614299,-1.4192491825967535,-0.8010243825299473,-0.43734318086511403,1.0360453361472375,-1.5011513774191336,-0.38655892823334786,-0.8055052830442022,1.2730737152781475,-1.2345362610754944,0.48523636101656953,-1.2111264837909053,0.10939221808381533,-1.730063770962806,-0.7499838573437351,-1.5873884701289396,0.33427868250354886,1.2301053822087749,1.9838194533932019,-1.3280770863030256,0.6353098936758756,-0.5895501093833583,-0.8348036651435141,-1.0792024800330704,1.346804293385653,-0.984167164016354,-1.77906468586155,-0.8647668243175929,0.8163459698207723,-0.13207964943673337,1.3362338101830153,0.4976639918548941,0.5947551797105612,-0.5742429371950613,0.6626828632901925,-1.0743410901627595,-0.2738618661645735,-0.9515488088968248,-0.6670222565585546,-0.9720608374775209,0.6417906847725656,-0.745859333658186,-0.4513321541312611,3,محمد
0.03538551518863589,0.006862474002557151,-0.27057252114969266,-0.0779092519733922,0.044489810709432864,0.027467888699960235,-0.0022910645166544655,0.012451226179630681,-0.0432939042484409,-0.0014162721943177076,0.14462539257727092,-0.32593395944990766,0.05654031323380571,0.16188920066749382,0.04687024622891638,-0.2090535651256997,0.1638257863056805,0.14705899728829464,-0.09619830800108588,0.21162650169733863,0.0863935568770055,0.15409924836925606,-0.0627430513808434,-0.07263449341545263,0.0650117210466686,-0.0881686157783779,0.044121032217955755,0.18420518172501232,-0.1446011857345449,-0.18997071903315405,-0.006210955602884712,-0.16878101339730506,0.016191941087445115,-0.10068279321886563,-0.12061438877386278,0.0018168735782610884,-0.09837435323533063,-0.03751234635507385,0.03007268319606719,-0.0708218797911529,0.33130789430217644,0.22027681222335807,0.08404440175198741,-0.16209654329429457,0.04221876675541813,0.2518359105486907,0.15743632273441568,-0.14700712976982364,-0.045591902001974084,-0.1006590784513546,-0.0002150196374386465,0.04959138645687803,-0.013036345075086865,-0.1022723187542173,-0.08072003028131364,0.1658488661293407,-0.15266654899222648,-0.13592338919996758,0.1320879275084194,-0.19126098811229475,0.16948680844800693,0.010852199983245048,-0.06418189090981519,-0.053950897328875175,0.13810902287494817,0.0027256358693874497,0.20342860472426688,0.0556916357956159,0.0963090672368815,-0.21023334479953298,0.2374523519003565,0.0981303543668742,0.17634647905786102,0.16594889961766757,-0.030771163978559016,0.06376415184151872,0.08215358224892572,0.12664075441428288,-0.21309073366778886,0.11884233281775633,-0.051774511231037657,-0.12577890234844277,-0.08367658485215929,0.007615617435864506,-0.058450492255392505,0.24814977622902276,0.037332763343071264,0.10644075783989847,-0.19454206416451572,-0.06744832374445221,-0.19991580998879085,0.17846833766432976,0.12016694758349651,-0.02185623875233992,-0.020835118711943094,0.14793937780736166,-0.232210746082419,0.046068134267879195,-0.06729908690241879,0.16259700242754027,-0.07746753603343431,-0.03365609261379772,-0.18438731831190144,0.08938410785592023,-0.2617857232680132,-0.7961779628682626,-1.3671193568961042,-0.1664490801275864,0.5368397740242402,-0.6674510541535396,-0.3275430888684873,-0.8102046671982207,-0.7498909784809079,-0.7095012843835489,-0.914757925414334,-0.6517604046781554,0.11533088610601291,-0.4257801449108356,-0.6945460569729831,-0.20455532792317552,-0.4275620573841725,1.8510490960477974,0.7876848322785612,0.47624118521200914,-0.18425761349874106,-1.0795736773661149,-0.7161264324288127,0.5231245239512753,-0.06465736796568292,0.789456496299058,-0.0209529112217084,-0.1628333662026502,-0.0025370926593942084,-0.29566413064788877,0.6750599832704609,-0.03955143254661806,-1.285274873570413,-0.5884653294715855,1.0694743877822073,-0.05020423337202424,0.8002385457885579,-1.2865200982146066,-0.7536989268972578,-0.7628482921137949,1.1514692092278922,0.02233115554481101,-0.552868332637772,0.9141820564202083,1.681531049438759,-0.1003864381970585,-0.25971498226278344,-0.5845954463074579,0.8118651097330649,0.15454904085484278,0.19930357642727978,-0.1517743320142706,2.060786116340651,-0.6084700124095821,-0.10209125776821164,0.7566344241095154,0.6505601876475735,-1.7306755515250258,-0.9591123371602294,2.198990478867523,1.3452866892361073,-2.0347622964664374,-0.20965030848245364,-0.8675272778024045,1.4925708760994236,0.4707235606347183,0.8463245099987251,0.43039449546437536,0.2501064622212175,-2.0085632359278596,-0.7180313737679024,-0.6740996886177181,1.9390502163483054,0.49656612357148466,1.404571197656656,0.06707977350345291,1.8243216708142518,-0.44106667991360143,-0.9471527896862174,-0.09075565405603578,1.7568251484427528,-0.8600202042196674,-1.8377041327045347,-0.4292603695657648,1.3474384536423833,-0.3343669169499678,1.307458075575118,0.6530675936308549,0.8133854320067151,-0.1288629151816561,0.6803368657750261,-0.06344747136810273,-0.4868805663204821,-0.9432564833829358,-0.5706954493501534,1.266551993063533,1.410986163922792,-0.8757006622351164,-0.4303924072115449,3,محمد
0.1862332652726863,-0.21575680034267167,-0.24092426829636945,-0.00763750861391049,0.0491989365077524,0.1514652299189006,0.0061429996662442365,0.07312459202681533,0.11948930917475355,-0.06192585581185722,0.07442455870609571,-0.37707751462898836,-0.17563539028222155,-0.09190124709019175,0.055321148017885714,-0.06955108623192541,0.17106139198788203,0.1447901505499411,-0.09995517821317589,0.16924893090031273,-0.06590687686755589,-0.007432905758798507,-0.03306672021830245,0.04628323443028646,0.012807864837246215,0.03805658224460402,0.10143233224078659,0.12037789350929344,-0.22421031013102957,-0.1797148220251474,-0.05962302472254387,-0.018582270850354042,-0.11305049324927774,-0.161601041731087,-0.06497297679342012,0.024491172149508043,-0.10230201870873722,0.029232822559878573,0.020963962972818353,-0.026259010606401147,0.3277745550355512,0.224617009899274,0.18727108676158555,-0.1698867733563594,0.052237466421871805,0.1963260496726594,0.07706958350839124,-0.23436655646241414,-0.1567477236308897,-0.07699537207640302,-0.008499398713811763,0.026610965011737597,0.11047020174016539,-0.042060934690879195,-0.12684003689091652,0.07370456010266738,-0.209730838356259,-0.11009086945894088,0.066992261310579,-0.100158680648121,0.17528257421403712,0.05432122413039739,-0.03610954148087781,-0.03404740400989521,0.1599158464483247,-0.051535512826970366,0.0885045327769447,-0.03441954905254094,0.10233453409216588,-0.2381164546359803,0.13582303116733888,0.08053646236774513,0.07493516787732515,0.11443408274768939,-0.04268489364994529,0.02787673451964819,0.09581328503514999,0.19444040509546742,-0.1357460613371711,0.18258712684102232,-0.06100705522856632,-0.18024322370056356,-0.1462825340604543,-0.09191480570231718,-0.06624858333776297,0.23439586741114316,-0.0017029264112893366,0.1268771431642679,-0.3082182910428898,-0.14205659704753745,-0.161611702077355,0.20731890803450995,0.25893674179792964,0.0072570971307486425,0.027675840378014925,0.1659015061056509,-0.14249811624090386,0.16453965237857826,-0.05027047482480809,0.15437157947726454,0.008126878045180723,0.04113061117362141,-0.1074985610614566,0.29993487327913404,-0.1511419261247566,-0.8035936949413697,-0.9010088025029377,0.02706801827370244,0.8236105706159103,-0.3965265742745428,-0.5952645301731301,-1.1463953623955925,-0.849146254642595,-0.5075425264323251,-0.03543316750168439,-0.29633032438749723,0.40857577973780407,-0.5090020125330003,-0.6703732201221458,1.964806199209941,-0.09817476057394887,1.914613632849992,0.27606096839442923,0.827642854687293,-0.8112105947379425,1.065891239732799,0.5863213685368807,1.5010086731649652,1.752703507041661,1.0630419887171807,0.17414541561662356,-0.1524603426865941,1.942263598596333,0.41488270927296167,1.1101023340306722,-0.12099524726238549,-0.7801948178456413,-0.0211213652948212,2.1113591215409646,0.5376182246890793,0.8352800469488467,-1.180880463756894,-0.9706950942979653,-0.5191711835076962,0.9219421073174022,-0.6587634931395564,0.05420458850269018,-0.8736620906003315,1.360496852282776,-0.21058855246081318,-0.6098963749355859,-0.3294581941448464,0.34038448538504884,0.5805589354740421,0.045285063436174035,1.0555625975567728,2.130693222819262,-0.9718721073588832,0.08479737239957551,1.3437650878262668,1.0247127839226176,-1.404087418570428,-1.114190155997827,3.3366652419814837,0.7538263488273884,-0.9081977794883124,-0.40477724254180547,-0.007967664364718983,1.658595811165276,-1.07735354270567,1.1795661018574664,-0.4085874281890916,1.6496297803455535,-1.9542547870337765,-0.8263099410527034,-1.647866534752769,2.95933192878225,0.3518789218698775,0.5744923375811649,-1.3126472030495413,2.3478492974107827,-0.9569665079604333,-1.1217909220859081,-0.6593330006211932,2.687348977960985,-0.9751633698513504,-2.0944386489337328,0.1654869665258041,1.7270963497115457,-0.745167926278131,1.3006969748802408,1.210425549373493,0.8821838874862922,-0.6837071822793107,0.30830851444125323,0.3258682512209654,1.490002294499957,-0.9175066766156894,-0.7281803165159806,-0.16260457809458467,2.3711813965679673,-0.8707254644942068,-0.37188619858200544,3,محمد
0.2797709350864691,-0.2400778171585261,-0.23719645341582593,-0.0307920659599681,0.05102774440146122,0.10534113302890834,0.07201542505091142,0.10179481155845883,0.04839792320401181,-0.10783998614444264,0.017146521732814498,-0.45356188672561293,-0.14698433309658715,0.02107478433141994,0.09227591845399434,-0.1275037222412453,0.15922124609570368,0.21440156360737567,-0.062461095492009136,0.13521751365461043,-0.037954423843292395,-0.007750221690283368,0.05580943931602886,0.07386225783773771,-0.04390935150313089,0.07140459989637023,0.011384181101729065,0.04474704660341843,-0.14619530692789076,-0.10618871564527033,0.03562158495222611,-0.10534928718585478,-0.17633421029744964,-0.1246291263619787,-0.026916182103271628,0.06399736472712896,-0.16190854760025142,0.13443503484920827,-0.09588525385090339,0.028913636594630646,0.2514890522418692,0.226918014128827,0.2054158041963446,-0.030179634552520714,0.006543843079671383,0.1765599445607875,0.06679825552223878,-0.14513717366006718,-0.17302617700416736,-0.12319146896628261,-0.012199467195896086,0.020633206827480117,0.1581195447738718,0.03447035224177698,-0.12295277264539274,0.05396794654973983,-0.20669130137343075,-0.0639726570740239,0.07086168241756627,-0.10311768567319764,0.20706861539525315,0.016563889794511375,-0.05972194014463514,0.019737263100458192,0.16299967490764214,-0.009563618887290983,0.0838723517640651,-0.030451429398303656,0.06965781388222983,-0.25732697611695105,0.06396791299096846,0.09629646304090739,0.07868652492447177,0.11992375917463328,-0.03702666843252548,0.03680222636306073,0.19435063455152446,0.12065237949024198,-0.11107386991604204,0.16800995678571234,0.011303306180423783,-0.22031278515885044,-0.16337875594016593,-0.18525784897213296,-0.101050677452135,0.25697346333915033,0.07610800840099245,0.1145610259403918,-0.2633838820410339,-0.22919394803092322,-0.1296394129021673,0.21962271823261148,0.26395576154070866,-0.04422147232639588,-0.06378630887241941,0.10574014518849942,-0.09966298797736534,0.13036977941589634,-0.031880764667682124,0.15045675627199126,-0.04547330040604168,-0.015097031749988641,-0.10653911529997961,0.3639281540432602,-0.06405892645818029,0.7943402970777054,-0.6557468619868941,-0.3288529077163822,1.5754638448840974,1.3217602014037937,0.01976567112991298,0.294688177471953,-0.3213545486039752,0.19489825773146494,1.1767252492976654,0.07703244882290057,0.36514450642701884,0.20754109352448144,0.6643852481445203,0.9220979175013834,0.924682587887255,1.4045405811734357,-0.09899374620054655,0.5831832357521188,-0.2810080386401209,0.21543875301631543,2.6496683326836536,2.0637113532542073,1.8658759375277278,3.4431316490196844,1.4271240802927796,1.628736560882535,2.1669091379309458,0.6787439902202599,0.7430980114981234,-0.002148865746357929,-1.5394366618480253,0.06802317310308041,1.4154176309081818,0.558454190256838,0.2791088448907944,-0.7317612898450694,-0.6214280780016936,-1.1556141045261759,0.9420901361855005,0.5150292105215291,-0.3312336134195992,0.24254370227507432,1.9301937369625222,0.033840792165566506,-0.5560534440542331,-0.49567269165300337,0.11951126911961513,1.0640208019076487,0.3554221809687743,-0.36034023373983465,1.142761204585728,-1.0108530693861735,-0.5059516478630437,0.680888010571944,1.1595251472668946,-1.0933289158289543,-0.4401859036358532,0.14929439959633975,1.2542023937286753,-0.036746909155208174,-0.37961644166249475,-0.2647226580549003,1.3541390764680576,-1.1289046412676418,1.1998889402962718,-1.474154727664679,1.6415562399266481,-1.4929582222243696,-1.0925975947617652,-1.0681724664171701,2.5385411887930216,0.28450378417249095,0.29159703701798784,-0.8580777587298045,2.646904998871915,-0.45376426872130116,-1.6717363671790577,-0.3704425552418393,1.7078414419920458,-0.9022000828161382,-1.6837648851906435,-0.23693733468341227,1.0164079670488333,-1.347358709051372,1.3179336931707193,0.9334442793941226,0.6115085165337766,-0.5698670394018368,0.03322949652802258,-0.47396383968078637,1.818220683842782,-1.0836043481368258,-1.210117274823472,-0.18664100813829743,3.3699652350581313,-0.6720108585123424,-0.26151131675539746,3,محمد
0.24477832851645523,-0.23950070740432414,-0.273427117818239,0.024906407910406006,0.08679080003757567,0.06455825803268309,0.11325118504747674,0.06606853138866094,0.011500783187708388,-0.07814028350463048,-0.014237563086776374,-0.4730960563255579,-0.1999854904773974,0.08607721302214347,0.07758627363010245,-0.0981263485920088,0.1826102427370457,0.2044940300784531,0.025075596502783327,0.062465008927224785,0.013321207598401556,-0.10718049364797132,-0.011140957699348558,0.12366138437834844,-0.08564921499175777,0.11377439286581167,0.02859533703613107,0.051727104494154005,-0.17299679700895534,-0.141743906796214,0.046394370329637676,-0.06740878180224613,-0.08993709559559203,-0.14208765044404364,-0.051532294749246525,0.05391039552741004,-0.15707227807178176,0.06762416061345507,-0.09000887703565517,-0.05043020734690672,0.18458771679872285,0.319796970212505,0.27505527665490964,0.03052070492389122,0.027529197681053403,0.17468778499359836,0.023010642751607326,-0.18510912734190055,-0.13679598095798995,-0.14159602116081957,-0.03351211091059554,0.060927262549982736,0.1576302127477459,0.06764066362549974,-0.1708648710650268,0.08178346914972652,-0.09339155758078319,-0.0798788141431609,0.09306390868845352,-0.17887888394531276,0.18667179315248045,-0.07067786809191506,-0.03827996452438703,-0.10608445028000096,0.18706387913968403,-0.006809899691931615,0.06717508303406554,0.03643559396094162,-0.032546685274804206,-0.1752569222107074,-0.02734305838228601,0.12741833476738607,0.07510259651523879,0.0927154523075693,-0.012120079395900886,0.10512703202846414,0.12945205556466505,0.03265127827287201,-0.025531744573938198,0.07614415437783353,-0.007212118486392439,-0.1736713401062625,-0.22746423716133354,-0.13666031368967038,0.016903249364277374,0.26214679309964234,0.04931451185820237,0.1749924842134979,-0.2901943606689333,-0.15833596390510868,-0.08328951675089621,0.2600168605630792,0.2729732264983332,-0.004169510479576439,-0.12289944170322414,0.1365014607735424,-0.13766112531575106,0.1017699756700616,-0.025355386292533578,0.12500066934828108,-0.10227757225438452,0.13130297337482896,-0.0423868493801973,0.3589852977554361,-0.016369166703315906,-0.3234502258285016,-0.34189061472556764,0.24540356241035466,1.1750491872669293,1.126000181100811,-0.23535136117972136,-0.806676665371477,-0.6429240057483384,-0.19205186049120623,0.31477346600141987,0.3932248342432652,1.6501618955043968,0.40918548496602314,0.36352594926294146,0.155587980900296,0.9079798955300779,0.25162702294507744,1.0107133512712347,0.19401162055846186,-0.9105052016994852,-0.002552540731455843,1.539724810433213,0.7833561187871103,1.4175303021429748,1.832673129117508,2.0116145979577524,1.1457036054804735,1.0379133289491145,0.0006450863802413135,1.124595720671571,-0.07931179421359187,-0.31440068820329625,0.4256767492152089,0.9663113032897706,1.2315945684542147,-0.7072473541132935,-0.8564191540513718,-0.9748290384092131,-0.7449682604060346,0.15127087698244032,-0.7304310664224332,0.17848273298499748,-0.36461004294817906,1.9666363127201596,0.15401106618809696,-0.6309584058007907,0.4353446075197882,-0.3651164527147051,0.3754448685411201,0.18847720044928884,-0.640252704753517,1.9400704102497863,-0.9989803621898922,-0.5959432675297149,0.6039023076365236,0.3002863883230115,-0.871051252836443,-0.7485143961736372,0.1586418747505154,0.6184352740743552,-0.3633846416792006,-0.6107438645653056,-0.36091440432509225,0.648601014408554,-1.1078477983622994,1.000453717013733,-1.472782295804315,1.6657181912202461,-0.665423081112577,0.18074114996392632,-1.5723653473240644,3.0561431084145636,-0.16365849422693157,-0.24432709577707887,-0.05980754044099863,3.556921176170477,0.4845937665470736,-1.2574026809393373,0.25217038465430036,1.7669798501859628,-0.7584536218609587,-1.7966533135702834,-0.39434064641868966,1.7644912494927376,-1.4518068381936386,1.2194565395369361,0.9764224515933971,0.2621518824794289,0.11816329274151056,-0.48593160943641145,-0.430401470611862,2.2678953060199074,-1.0500622678091642,-0.19633954553810645,-0.25688746922317834,3.007919267185827,-0.5239304143307384,-0.33510694856367196,3,محمد
0.19730819579655123,-0.33849029073265485,-0.35508883152278153,0.03498919744664986,-0.10899609512470025,-0.07841665112395156,-0.10062664048586552,-0.08519054563588455,-0.07612880513445856,-0.16224608261005377,-0.14275415004928832,-0.49823690136118565,-0.18066713542832707,-0.07284723330059531,-0.05181743059543362,-0.021543844136785964,0.14294420111131467,0.10827836117894175,-0.0886897950047404,-0.03542187184725488,-0.059624844112137955,-0.24389173060250316,-0.026637900634328093,-0.060654500461834494,-0.2575294401235882,0.16465789369263692,-0.05333217391636407,0.09049769329437482,-0.2571231549232921,-0.23741683210243938,0.0967940586802441,-0.16182754946293199,-0.07604684070986374,-0.03340042015681139,-0.043465273534810465,-0.03446900478004054,-0.20629145506987948,0.05559275990648987,-0.12254173137283392,-0.07809296458547683,0.11786828815016354,0.2751217970575046,0.1331591779847573,-0.09162316792416936,-0.04411063338841468,-0.009479241710349303,-0.15649149223316453,-0.20211806759994536,-0.21054978037567207,-0.09734420133633698,-0.057806448624884786,-0.058615009412171515,0.098887532901023,-6.695609398964108e-06,-0.306682114971701,0.044535234452005426,-0.24308076797821057,-0.12240202246526276,0.02957037880790515,-0.22755667339701413,0.09432368060474183,-0.23654701716292356,-0.13220236401891639,-0.17209138034775534,0.02872169486974728,-0.22974094752015942,-0.13030275330543328,0.007332782009824403,-0.04295752906969362,-0.17640209442133847,-0.13835067653499541,-0.06360649594354698,0.021457476917199736,-0.06480271443862186,-0.1260804820450932,0.04543666759262075,0.0639044172651636,0.01283785723835594,-0.1581571013539295,-0.022078901721166194,-0.17980068559332432,-0.3123341287478053,-0.27764200151673357,-0.19059111184087946,-0.0734876322716072,0.1578165845250527,-0.166250930486609,-0.038746938638856636,-0.36968630203005004,-0.1548367609309304,-0.13019898186093026,0.14048500097999692,0.14220297050818062,-0.024581398935563617,-0.09434689084079526,0.003542838776889658,-0.27249380416984303,0.032818394047395935,-0.09501907698792289,0.02240199539236268,-0.14293564751549337,0.0938108454697017,-0.059703022395034624,0.37515284852705677,-0.058126071314531354,0.4362331783635675,-0.40540210699579005,-1.0160978980177093,0.7087880768983359,1.3411121078528168,-0.1485214769736312,-0.4853369519484596,-0.45626303506203314,-0.22129215910392813,0.8139622882029366,-0.39331753600634384,1.1116361002301396,0.24849849510373553,1.0571661405539676,0.0796533140301109,0.6588300423039398,1.1659368202399336,-0.03994940241300463,0.396695507576345,-0.0010471013713856793,-0.5609142912705805,2.294804848028953,1.376646924829092,1.039359514171792,2.222494582189801,1.16812214623097,1.7058467970848399,1.200456760241602,-0.04902224661875693,0.8377898621847216,0.40323847322808015,-0.45747398629659597,0.1687938221244181,-0.28664082203685964,-0.047304277299637966,-0.8585162375318507,-0.25525466817213727,-1.074937194363706,-0.9460358786541568,0.011555005323991046,-0.15965348069250943,-0.5455674011716989,-0.031251463031045895,2.0869429751699067,0.8582993568145283,-0.582276855922647,-0.28709906151839615,-0.7370039529772372,0.6628033708209776,-0.1712668829631814,0.2286177534823564,0.39292103041434684,-0.885079391190007,-0.5125668349160836,0.7806576381247166,0.0019073522761345948,-0.91007842466329,-0.5966971349618267,1.374916423822394,0.6229656091722912,-0.15584959290165087,-0.6406606457949912,-0.2482914951144182,1.2359828611763048,-1.03514623482857,0.5042728701097146,-0.45212601974454264,1.42484973967853,-0.3025762591983612,0.4032266159231525,-1.468233605288832,2.185777984528381,0.5836931112240041,0.8222113867357055,-1.1871287187509165,1.9380946740049039,0.576695322971289,0.5085444553935504,-0.2988364281667213,1.3719644090710914,-0.5573394326431372,-2.0241330714990617,-0.36195131686932003,2.472809145090482,-1.106914695042437,1.7460298350283592,0.5344164425141381,-0.43407890156887874,-0.9801106987225854,-0.1600018311827976,-0.5277467494228927,2.226903320325853,0.06406298211932561,-0.017044209015704914,0.39657826246458905,1.8831336586083403,-0.2264442370640108,-0.4964538527499995,3,محمد
0.2673929451310177,-0.32761915147350307,-0.16995750634961027,0.05677748959443313,-0.07045715231602144,0.013397661081602764,-0.04188686073442245,-0.11092235730133655,-0.028421217658728078,-0.13759715559805036,-0.14360647204818663,-0.527940782584016,-0.20877088059191784,0.03446986160223504,-0.026006149746598473,0.18927483808726703,0.2553624810851199,0.15370131409299498,-0.0065421077744437055,-0.001214878889503978,-0.039288534333872624,-0.23199809662095533,0.048401860770051305,-0.044949030252101514,-0.17695460811867345,0.06077860062960208,-0.01387917766085188,0.0631810441468062,-0.3006807372447117,-0.2853347289019805,-0.00995677127235325,-0.26483211521783345,-0.08660904523330507,0.0727408123250094,0.006752340464204118,-0.03689700672405841,-0.10048365919883724,0.14532452506751392,0.04424788263967008,-0.05107304286947555,0.07906323934080182,0.2655361976182329,0.1265515944250666,0.05763145935872701,0.06765939095067036,-0.0017816753663311095,-0.1604263114873306,-0.06378766308982867,-0.07968857653313151,-0.10271849658889713,-0.08180056982336717,-0.06479338984755877,0.14115705877142307,0.017358585094865694,-0.22423463221330003,0.060371323422201875,-0.2786449479791433,-0.011066910141346005,0.023794893610025604,-0.1975096484687676,0.08300605467146563,-0.23173995945552534,-0.12944878751323166,-0.12900712053438682,-0.0028425639216442945,-0.128891278410748,0.0283401493395337,0.027196642976048683,0.040617051872024725,-0.06769670580972088,-0.14565672600725377,-0.042243289074462585,0.05461460380652792,-0.006579444716341228,-0.08056186913532158,0.08443618419127892,-0.0442753603321215,-0.027814288513099365,0.034697963389513725,0.06883153992919543,-0.12592823287152274,-0.28666215499260067,-0.28966281663321675,-0.08823268834305767,-0.04272987167550806,0.15848701216959135,-0.13751606274525097,-0.01389505362268493,-0.40961939536660075,-0.1270368122424906,-0.10373519505218465,0.10758391340004446,0.19452116835323116,0.018518729004370425,-0.10274092122921592,0.003882631157708974,-0.17976647519645603,0.03817891774769843,-0.18502478779987414,0.03894099613173965,-0.19610299251564897,0.14100421844259464,-0.08335380112365609,0.3228665168725779,-0.06549333405629769,-0.05197120961848459,0.9504591649652216,-0.7021757272263084,0.6478033767489758,0.750953605793272,-0.27028799664592185,-0.906252933386711,-0.34393617180901825,0.07312118570929774,0.8040479716448923,0.2822494980776958,1.8055885304892576,0.1153501351767907,0.3249134690561472,1.7557191132450187,1.125467622951417,0.300913371623498,0.9180546467086345,1.384202499426899,-0.741402906444409,0.5941032590426155,1.8407537920322479,1.7885208250914337,1.9772017657531404,1.7884343598753778,1.7510745807555446,1.5245988863871753,2.148847078429229,0.06787501868764001,0.41274940691509493,0.22596133875995975,-0.11519562749725391,-0.03210422190470202,0.2457358960327469,-0.9360550215990843,-1.0481834536647177,-0.8957839267044349,-1.0117166891075586,-0.10166430377061486,-1.2037990939163772,1.176432015902193,-0.44853441608403355,0.0011382133425631392,2.4121953556578313,-0.26704626381441926,-0.8603424075445841,0.18396940377352416,-0.4287278871354039,0.016961053257911377,-0.1606030074811145,1.853084731823205,0.46453984937299403,-0.7275002440826349,-0.43782240988512694,0.38385114345132415,0.5246251734720133,-0.8651626878109739,-0.8268100407215334,0.7910704701279512,0.2960073008461828,-0.2772381169794545,-0.8292604630988937,-0.46381084328613303,0.4940757661518613,-1.2453054679736504,0.4274386647708142,0.5123536532711284,0.7497293659783423,-0.3168765430508068,0.3414418307443453,-0.10925604788215548,1.7762977846534862,-0.7289939153692119,-0.19162570454969177,0.6318858659876287,1.582325443115752,0.5575341821353302,0.5256521247816505,0.3424095041979592,0.7340865873559179,-0.9574236406794582,-1.781829817563251,-0.5082858249229385,1.4321295952784692,-0.7724056702835291,1.5991001615197709,2.3289709662469065,-0.43124560744725304,-1.88337475103012,-0.02682958626398474,-0.8190456643669182,1.7695335517971909,-0.5697423987932554,0.2868937963376099,0.019424163326658823,2.043540258417711,-0.9693609013730295,-0.9628454248144637,3,محمد
0.2893101467715662,-0.330552849801906,-0.14318792515288462,0.08199803090176,-0.10256203829350263,-0.02087906778777192,-0.039097594267238335,-0.03355276704266089,0.017369249634585603,-0.17522846871662814,-0.12768374660683787,-0.46457572152735804,-0.15399025220092902,0.07158659662964971,0.010345603878489675,0.20598263259823305,0.2449685569238079,0.1882408483904282,0.00990806526092116,-0.014256989134433422,0.029171135729828844,-0.1980942200202913,0.1936949654726186,-0.08723248682062999,-0.17561545940354073,0.03962084138848553,-0.037171129551620156,0.1613205600270473,-0.19617576818014384,-0.18251650841005418,-0.03436393714000299,-0.21223292423179171,-0.07240547540782882,0.33229682988095566,0.0469508287150527,0.0027697076876089534,-0.14484601739149094,0.21818206223197512,0.03670776481586067,0.005576567643535548,0.09873647110391584,0.2868995368978922,0.1660850561104823,0.035544840961216385,0.09703013322781831,0.017737850494945067,-0.21070073592069216,-0.06693423329291175,-0.04065307709192683,-0.03974923832441284,-0.05460223102149197,0.044829974202717005,0.2115492647410007,0.005153630320539735,-0.24651145431189475,0.09460438335962415,-0.06529028817668418,0.058266137619560676,-0.15837236461982568,-0.1914877041882357,0.17032639580676615,-0.15895374895626255,0.041079497726626675,-0.05139415006537398,0.04250955227096538,-0.11546470607172209,-0.06513537781740139,0.04233983285948449,0.10208912672341525,-0.10317703000440437,-0.09168637874248556,0.02111273810827537,0.07643912455269544,0.003672428597099551,0.023026698339609762,0.11532023249450896,-0.045322629035131366,0.017876467020266098,0.036330889638358545,0.1616200091575303,-0.14179909533480056,-0.2022687042396481,-0.1768675080302479,-0.21269927639783115,-0.10891299466696906,0.2842457536717827,-0.09557602273265829,0.0822299982460166,-0.5376009124014325,-0.21478669613116955,-0.08618818234146211,0.07786938945395781,0.2592948357942815,0.0077847977418106385,-0.10511163461533846,-0.06089662128455555,-0.17265889595223727,0.05473235948828464,-0.10477252326794752,0.03430434116786581,-0.1677633237692116,0.13276767368743048,-0.06593235096666489,0.26691394880104574,-0.0791769494426672,2.556617908615888,-0.4165442089842655,-0.11579983148607287,0.7558787995137222,2.026804517072731,0.22748775001602942,0.891855223383678,0.7873410955247878,0.8345935907667291,1.9583711044501935,-0.6471555560066937,0.5226702587700538,0.26090620982072943,1.9298957087947541,1.9076248820023398,1.3761460370320377,1.7828666680426761,0.5294871355906354,1.0861368378100786,0.0744990988414488,0.47305344523177695,2.6488777465864826,2.0986779726093547,1.453306405244763,2.334759125930718,1.096218076665582,2.04272340237666,2.6047501900043586,-0.03405784104405153,0.06712561799057772,-1.236653198415914,0.7001288262277259,-0.5148722713894078,-0.4461235907448737,0.09557300608843812,-0.6282893178936759,-0.3817250549345116,-1.7717016806478931,-0.44056211098688375,-0.35892060916569146,1.0152557380777183,-0.62216665645103,0.7324974689506234,3.1402037024963927,-0.3267772383088093,-0.9726442415583074,0.05409929708070126,-0.6813018312304967,-0.41196945489074077,0.2754031194572388,0.8735470338660543,-0.2653768596165634,-0.26013172363754805,-0.7416876182753908,0.7804061819102223,0.006004510278842239,-0.27055047148556105,-0.80945761123357,2.0142435452121545,0.5958303722081665,0.15909044987389287,-1.0773432321281595,0.31955069015627924,0.7388569670298347,-1.5453343291220416,-0.8114818443579696,0.2888144896209296,1.1743616822032987,-0.2896265361691805,-0.010238406384450812,0.2762194853605548,1.936047673560931,-0.5873774987541476,0.19233121168435952,0.0936677652807872,1.6693273727017068,-0.3023327130004803,0.7863369140524157,0.8404205888972652,1.9086096769376644,-1.0618594305762157,-2.15755163024758,-0.4430428632906953,0.5450238538029561,-0.9772136335160344,0.4942088726750326,1.1691332976455322,-0.8712991375901452,-1.6971619334263681,-0.032495638155675174,-0.009296484108234585,1.7282760847906655,-1.0599603896335847,0.8759225293389641,1.573545245977005,2.7532219469580004,-0.9653066944310654,-1.1051661421297454,3,محمد
0.45978314649017316,-0.2834174510206468,-0.18421940435965373,0.048012630900761855,-0.015614644141352059,0.0061508758987972,-0.04049277236765878,-0.0462778219437813,-0.005851396113905322,-0.24147035182125445,-0.16085910765611097,-0.46698329922513976,-0.1377553688135235,0.14523678061897793,-0.0245910845891325,0.2007620611748508,0.22018223594621225,0.20247526907392488,0.0548580927769687,-0.12321674661874059,0.028406920660165782,-0.1498703447925575,0.2264261241091099,-0.08387767747671096,-0.20469403469361697,0.12279011363030036,-0.052730489835985876,0.14948786254653912,-0.11514242264107401,-0.16161163161228043,-0.046685423510573754,-0.20201875806690003,0.03893730752797062,0.35866881436869535,0.057835983034474354,0.09708251274531456,-0.06926185642665816,0.2729045900901609,-0.01733374399123617,0.07969636856079323,0.06800464725614021,0.2206741279528891,0.17031093411128312,0.03516335972988316,0.11564577186393214,-0.046767167064596396,-0.14434885564671351,0.021599397062910166,-0.062110622067157506,-0.045027320140901175,-0.057841576273508596,0.06972881710554898,0.29422928781753366,0.0006996203532397469,-0.18169448010739378,0.12194630586760252,-0.09901521541322938,0.10692184432158909,-0.12810472980699006,-0.13869836715870684,0.2509514508360421,-0.09303078962735488,0.018992451284491767,-0.0008150991116633412,0.028059213720755313,-0.14555376247080032,-0.10020112231271851,0.008809869755279965,0.1412889230572404,-0.04310542285862405,-0.07026507919188749,-0.0071329943340412835,0.12947281092638496,0.03780471731313116,0.015528375718786219,0.05726023603075104,-0.07344507048572302,0.03503146440955962,0.030192844446217247,0.20677373476719865,-0.1464346838780371,-0.18135041377365474,-0.19246918657166698,-0.2108254852063906,-0.0769272145517899,0.26302564178636456,-0.10893849216196773,0.09748147631834247,-0.5152345240727882,-0.20221967510619931,-0.1221063812147029,0.09436689508038718,0.28810737693594324,-0.00015074926962435598,-0.17636980391527335,-0.12258268405688665,-0.08612028563048438,0.0441253458296405,-0.1022078301395929,0.06891845440985724,-0.11921731000576613,0.1380760113358823,0.049328137063936406,0.22304038632198964,-0.07882802016550138,0.5060293096269914,0.15853918059705227,1.4799534658164313,-0.14315761749669875,0.7373118631204604,1.1787540637574458,-0.0671575943049301,0.018670023427421745,0.2911247167478119,0.29486553000077254,-0.34202300907003175,1.700879841801732,0.05291354523381083,0.8709296089991831,0.8626055750991424,1.1804709350657672,-0.3680727287095935,1.000580735207478,0.7572569037101402,-0.6642838294565149,-0.29477575393098576,0.8099004102052445,1.1167373824644502,0.7530047342404877,0.5340043912406436,1.2064940851261259,1.3501263815021605,1.3235388744718766,-0.378119746717585,-0.5625914754855807,-1.1667908254340287,1.386643405376039,-0.9535868017038729,-1.2997191988789274,0.5448639079093213,-0.697451240416303,-1.017730882945049,-1.318963739974473,0.15845622130780615,-0.22815525639054007,1.184678761735014,-0.7793790479762419,1.2164577142027122,2.5512305643894857,0.04658128014250047,-0.946223878218453,1.3468159916913298,-0.9982348252765688,-1.2622114918112566,0.33022272812398845,1.0321235620544353,-0.3128666643061169,-1.1754391181718897,-1.0007063629230393,0.37188037470311014,0.9631032566830663,-0.037703659437620274,-0.21427704724930968,0.47399649753036077,1.0926888067019365,-0.6201284040343791,-1.0457497617847467,-0.3360082434895994,2.2093660898270384,-1.0150820719471516,-1.0972056705144202,-0.14050136442944008,1.3581012347101549,-0.3434283877817348,0.2232369356156084,0.7335644383594994,1.7633058795026928,-0.31848747605418465,-0.146564240114369,0.46867749664643527,1.1902148881334595,-0.4195551796585633,0.6816527320782617,1.7242616799304908,0.6319514012903358,-1.1290994228597568,-2.0539260814039806,0.05980303418573022,0.8281391701716952,-0.8690759096502083,0.15152476036223486,0.8253506384548261,0.07624275767104999,-1.6586133588783571,0.4386490776142839,-0.4963785776034725,2.5128411032390017,-0.9639122588426969,2.004999447627427,0.9631076269926682,2.5687871980162074,-1.206105812064514,-1.2593220884312035,3,محمد
0.8866758778757479,0.6213605685809465,0.4486749725906053,0.45009985796113533,0.3553861613097087,0.5908219650614784,-0.18829101615911048,1.01574462759733,0.9128346888978521,0.9346068657958925,-0.16486999096403704,-0.24300469192406315,0.14933483536890343,-0.16150724726854196,0.1256597501858659,-0.047204122215634886,-0.18685233212938307,0.2271618230453086,0.4419115958465336,-0.1919529834735479,0.22986979948653918,0.0687054283444013,0.49807282746693865,-0.16953793874066372,0.11868779427942407,-0.12513076116407557,-0.08181037094056486,0.2428480547422121,-0.2431554062800675,0.3394297167646623,0.18777834373395957,-0.005480063654086758,0.2937756979753198,0.09481893371010965,0.2594545996489942,0.022823859718321123,-0.14073080146131756,0.053041086813432,-0.07478234129496611,0.194374580279637,0.3639125889007296,0.2821650276264646,-0.15215376939970265,0.10960058291303343,0.15808971245443226,0.1657942158380336,-0.10291943981775191,-0.12106945792659879,-0.11563064467203486,-0.08809427975169296,-0.0748449267998194,0.5296402512413563,0.028716680722637847,0.44671652047668037,0.34610351098822256,0.275214987417072,0.232604019444008,-0.06979705578622482,0.03975115745393724,0.006647493883660744,0.22432632307991107,-0.14113769284211217,0.07129272403495264,0.6220235382803398,0.23139539061858455,0.1782458497592102,-0.11314126940024812,0.024099640836355407,0.03651628661493076,0.21723164356071753,-0.14696853936765852,-0.1879567962409916,-0.0827849554978838,0.22049269526558016,0.40239254832264104,-0.0799347224686095,0.07169459001867877,0.12359421150327785,0.6209520396526175,0.07054627343156562,-0.07026731880795149,0.006930484421516837,0.19804449380630562,0.11282848116034278,0.044503831146181026,-0.035475098673670165,-0.020023775271825407,0.09381827036008455,0.03496933924993564,-0.13313767975123417,0.4265326326341217,0.21598794457042786,0.03067720542275437,-5.211487730949624e-06,-0.06904801217489356,0.04352785694466631,0.5171927808113843,-0.009772812575705994,0.16799651301019924,-0.031879029251141514,0.004322027943329155,0.04290692142151037,0.04909764241493649,0.21494375998571083,-0.12178257446105706,-0.06704946916575917,-0.37699435572897416,-1.4711864237652112,-0.8494119001051407,1.672041123050404,0.9145552156644475,1.4573415898871152,0.013468425032455614,-0.0025282125924494885,-0.7510721685218352,1.4095123910241325,0.15228854576763234,0.7224752554236543,-0.1055225478355169,-1.0005981793707701,-0.6181075359743712,0.4753148135880494,-0.3412603888261701,0.6144460144771678,-0.7559220584662977,-1.7168175579283256,-1.106722216229627,-0.5850872082063003,-1.6016983554581936,-0.8524047758327041,-0.6361095215975785,-1.0353446478739765,0.266471343286952,-0.7025636933583286,0.94727356212593,0.829561879055373,1.5592423833562044,-1.1880207831654752,0.1631922210945748,-1.9205362688927359,-0.1647010126647478,-0.2444149352833279,2.3791205478601016,-0.07953868089980842,-1.1691842844875193,0.344433818336444,-0.7743339129124319,0.065129904503256,0.6593003898260889,-0.3375270824895958,-0.032683312603792626,1.3051821788030995,0.8847440424237759,2.0585418531812585,-0.01895703933340043,-1.6548877182671975,2.3426476576775146,1.3410871682205996,0.8199168098296403,-0.3354043705483457,1.3027351981343664,2.6436715698263695,0.922524648573717,1.9923759751640957,0.5878990206915713,-2.310269846691249,-1.4492985650214765,0.8640032937696381,-0.41508315585104544,1.3789215373648251,-0.3349540237531408,0.18763391830942802,-1.5451276812749548,-2.131733793991172,-0.4099504062682687,-0.7574078710352188,0.23823692927450466,1.191052152978647,2.8852209804682736,-0.3778440168676798,1.5026014352362451,0.05239772188110097,1.83751225631642,0.582977248667905,1.0186456161522708,0.7910581490386581,1.2610643057632813,3.268085903997994,1.3384377707903006,-0.09037270339575779,-1.4726011204988243,1.7981371727160356,0.2139120669203395,-0.155441140189458,0.6984113712335147,0.6852514214686006,2.0165368557969945,-0.733902339987694,-0.057916410907849825,0.3506980518395935,1.6402691189471044,0.4789025144936517,-1.0959954702236638,1,محمد
-0.2096892072754488,0.0036252949835121648,-0.13661307635954653,-0.19146325072413958,-0.3328502419820557,-0.09522642235371555,-0.16492398248125406,0.2418792555100146,0.2924002439983432,0.16301422463980708,-0.28238090192957727,-0.19598935065897832,0.13191193413666674,-0.3596205988465599,-0.016513640222204785,-0.27511994087217345,-0.4646954594049349,-0.014274868078946392,0.22701066471947567,-0.1655361457995058,-0.0034165474395888374,-0.25263576930165865,0.12279627634918396,-0.1558286481613472,0.08661857320240159,-0.08893995711405005,-0.11457409874486302,-0.0011752047304608142,-0.5189255445461312,0.035722869496934304,-0.040988894912656566,-0.10988966991779231,0.0011363950909157971,-0.12052940667881523,-0.04488089929231207,-0.08693557327093944,-0.19865835474257001,0.010196496636339078,-0.2165671106941178,0.025369887601041523,0.028405871350076113,0.024050418691368095,-0.13621051095734468,-0.1697648154030569,-0.12722364036059755,-0.14829311130078277,-0.1913716198137797,-0.1537562431295669,-0.07496624888764802,-0.2231856118677437,-0.19401133024893347,0.15870702126689568,-0.028830390683934747,0.0557491628260926,0.12679808667194092,-0.018242863125851168,0.014066137997019917,-0.1032776879681337,0.019539970010114774,-0.02229360306761623,0.10757770120802619,-0.09283414232782126,-0.13777477120550138,0.2922200542613075,-0.15022213519084401,0.14013253693177002,-0.02954213234088555,0.025905586444323978,-0.016968774661452676,0.21981385165454848,-0.20711506179981168,-0.2237218093492114,-0.10295523484599098,0.20657459825112137,0.2765865119399184,-0.0721190082277712,-0.010642827332492851,0.0025158822681404995,0.21898392975624015,-0.22042136281497746,-0.13319916226286688,0.11168929598246177,0.1867991271936709,-0.004339000494028026,-0.022061976163756422,-0.386031342779796,-0.12300863369706164,0.16036961064351293,0.016824659359980128,-0.08471562951372472,0.14649718175768467,0.2290724710777282,0.03475643911528808,0.03852734371724921,-0.05865631957551193,0.054905540146987286,0.4380324111980711,-0.012323502876993716,0.022797806176417627,0.0035258795584891312,-0.046429055874780994,-0.006082018034471935,0.08110311104242997,0.1386233107588251,-0.06618563207095486,-0.47859210696499205,-0.6543444891363709,-1.1953181172770366,-0.8774003727640554,1.528837306801637,0.3416363923818017,1.092089988718447,-0.35513102551676423,-0.3316840740663901,-0.9068690451853206,0.12495546451834533,-0.4845389482042682,0.7441188241212469,0.26656570878706515,-1.5518607783533975,-0.7481812767129293,-0.2735830601258052,-0.10640268918070363,0.21678944286270702,-0.8489438055758374,-2.146331289073001,-1.5194595189943418,-1.2077914637762388,-1.395535169161391,-0.3395702569583404,-1.2491961161128196,-1.662746316698812,-1.1304912406276124,-1.352593095944111,1.7905466709526214,1.1546252423029653,3.317888535287165,-1.3658059447462727,0.14874863050863193,-2.4568779723040244,0.9747362253243136,0.7493510803104868,1.8570528899300183,0.6998555127304641,0.17581783173335314,0.9392813854276586,-0.9181996672192863,0.5102735562720616,-0.8039800580125529,-0.956673725575949,0.3059698361512628,1.1716943681684726,-0.7258873458244028,1.2262701914803422,-0.1448040392472271,-1.5506705015467959,-0.009798766572559254,1.6808013070158063,0.7376653746938492,-1.2925654571926037,0.16249998122264958,2.904095991098913,0.4853209743644899,0.24051916331657872,-0.404974038598894,-2.0790685681216168,-1.0440835193135014,-0.4499202537217633,-1.1626212756670093,1.8759605103574604,-0.3888540818168493,1.7848607333213873,-1.6888621695821224,-1.922688830330267,-0.49891297641030496,-1.4391147986717185,-1.0949652408237915,0.8570407850256314,2.7224018915842705,-1.4476669353958813,-0.1739335061325377,0.37454252870615384,2.5410929993235465,-0.6127573646122243,-0.1418169255745694,0.29031080933865266,1.187018007544187,3.338215670758659,-0.6856168682154375,-0.08757739988740076,-1.2574634476890358,1.315606350114938,-0.9241376277115032,-1.2369978920417217,0.3716343744655012,0.45459777408043056,-0.04675986661127167,-0.8034569126691614,0.13458626133116947,-1.3943612556229654,0.22113662697923397,0.4369763280912823,-0.8773700917881938,1,محمد
-0.4714348048231899,-0.12779411517963454,-0.06685426281560869,-0.21193330089601864,-0.18249229770355008,-0.05562665609146699,0.09882284659752115,0.133411998271399,0.1531917091809094,-0.04933021135901187,0.02775257439665012,0.09630527070606598,0.03651734318751344,-0.36560404918942013,0.06228088076496243,-0.20586128124644473,-0.527857215228978,-0.05668573574888062,0.1303936033007631,-0.2154794836224731,0.05249758757278088,-0.22486812892094987,0.03737778683139376,0.026536261252559,0.14163894405225821,-0.06506928698636724,-0.4642212704684543,0.017977102585962954,-0.4558988683424681,-0.013956444161283854,-0.06153358322944469,-0.1257006198412526,0.10021234974388933,-0.07322186413595208,-0.07650562765913729,-0.070835001106258,-0.22404739425423356,0.01832946527750742,-0.242573529566888,0.016585053400333595,0.046919432604061936,0.017400340850713167,-0.0694235831905711,-0.16951770103767935,-0.1109281878539509,-0.11772716428599576,-0.23016689245494026,-0.1814391329517604,-0.08073810378269881,-0.10505523814055027,-0.151010320244183,0.2019795849043141,-0.03709183611505878,0.056631571552779036,0.18802282047457236,-0.02882693299444041,-0.09274271713782914,-0.08935297998261003,-0.029964097288919626,0.07207038237240981,0.11201770607391477,-0.00959836042388507,-0.06463382397782225,0.2998411453809518,-0.2540431882250631,0.2109215426050611,0.03137310158254153,-0.030812236776626457,0.07881967164539022,0.19452202560985454,-0.1809817736993106,-0.20925480880068423,-0.0033783594451659788,-0.0403253335132978,0.1345500214110803,0.038492185421389574,0.02224291371546048,-0.0382642900323972,0.20748171355264047,-0.31621114186768084,0.010328734827941884,0.24821926289032692,0.19433058675664558,-0.07880485520373168,-0.015254818024979277,-0.46453753525364855,-0.10592482682776805,0.24409605006778215,-0.008331454961025738,-0.08910498204956538,0.1358835794591821,0.33018474533884173,0.1844972068261786,0.07265808909007787,-0.05312352968490463,-0.006578294966614983,0.2097593863817352,-0.07296477376098943,-0.1198762989202942,-0.05925953066932745,-0.05588227985632359,0.015335256724646798,0.0839242416696357,0.08378063849329011,0.25267229232220567,-1.131376556601255,-0.4453578113403437,-1.5675721336864104,-0.7029843437468976,1.0388242395504022,-0.12759553934809337,0.9654865446308928,-0.3967066658296712,-0.7586433802324957,-1.0278932789653235,0.2163436287684354,0.397484027833026,0.34968463568513075,-0.2575656018674912,-1.464295423076715,-0.5296728627144418,0.557241446230647,0.38027404299821377,0.3047921365911032,-1.021789912912962,-2.1004586650998807,-1.5937773070967662,-0.8810951014914797,-1.6151465317887705,-1.3882415332712466,-1.4057523181485325,-1.7118225310880277,-0.7317268993474143,-1.0572053332376448,1.7082845379301552,0.22264132241608314,2.577474699907292,-1.0718395116272488,1.7609319961910508,-1.762175581800328,-0.41738861959890006,-0.23511360543530269,2.349312334313127,1.0415879360716709,-0.776468873172081,-0.20032064798490976,0.03267354334252647,-0.5715468753630791,-1.1841068330953746,-0.476249465597879,0.33311799326290364,-0.7866019236831502,0.17787208477239308,0.7053513498630556,0.15297935611890387,-1.8596185950586412,0.2953709235544286,1.5274159402108318,1.2670681889162976,-1.3738849335436267,0.42627307786278135,2.543240091112829,-0.25784556446245627,0.6107496024678067,-0.6809340847715353,-2.0243375918308657,-0.7568537742272402,-0.6726989144136957,-1.0835176213823556,2.1230270927818733,-0.1742078597597003,0.8334789785100172,-1.4693873768128445,-1.3274451663103282,-0.3846070375563586,-0.14839522965559251,-1.441517871991166,1.4454664881325197,2.2644948964039724,0.7236922362769789,-0.4532640501124314,0.5830108219382972,2.2595697366069705,-1.340412803865485,0.37666643889041523,1.6503325356171759,1.3135915651776988,-0.6199660901392667,0.13050631032855994,0.5720636679745849,-0.9492635868493551,-0.1962300578600612,-0.4669716886971379,-1.2405776830205228,-0.17927086672029335,-0.1425901520439011,-0.20198127994813073,-0.05464147511039796,0.7175223668644324,0.01472471363306325,0.23838472423401502,0.2164267980907638,-0.2744178385103542,1,محمد
-0.31213321804972743,-0.07595386509304597,-0.053035980660524285,-0.14910807497424827,-0.25715749893779244,-0.18102873478633244,0.04181810688915512,0.14948795964797634,0.19030514691512498,-0.022448261129542256,0.0013113086806299655,0.14530840984694107,-0.0055166936876234335,-0.2909407081051543,0.10049207511188786,-0.1642242305646187,-0.4753675774962479,0.012149296459631118,0.18875844612466677,-0.17283907341478089,0.11347253787443366,-0.21782312787121122,-0.0038469115046024247,0.05841321742625669,0.08624820988345619,-0.0017745875770299694,-0.4157166630971982,0.049435125450265814,-0.420971016985833,-0.017514739598317557,-0.1141034951514335,-0.11987203422878014,0.09529746031698334,0.015240159040579484,-0.12069155783916642,0.04837523747293208,-0.24031766019630424,0.058809657843412376,-0.17022058696738557,0.07070674965863435,0.18226875498337552,-0.02511957985052703,-0.07226234870329944,-0.24968381744223478,-0.05877591913332664,-0.05227377413342058,-0.18905003507704168,-0.2306167607601315,-0.06894581527865057,-0.06925901357300089,-0.087697826355863,0.23494024904194902,0.028035514805449798,0.03944943734457987,0.15949678915565463,-0.03258069195908714,-0.03381677589904413,0.012008968275362316,0.02784870362167777,0.019991781997184183,0.05407061702235926,0.07309506255509787,0.01994157773594676,0.3302163735333382,-0.22074450502982734,0.23662381632333948,0.1262328457727496,-0.03599426203496596,0.056174848849557646,0.3008700837565348,-0.1284606960066929,-0.21461934194018306,0.04601037689254209,-0.02478566845959553,0.11673131424841426,0.07969972905180292,0.04418555231348176,-0.02243526298038023,0.15428945457858487,-0.18928519244696307,0.01326688334673033,0.26295022146329083,0.23068287716936364,-0.09073767029440023,0.034022460219693906,-0.3559148529187479,-0.042827888739727385,0.2027283408795129,-0.0029167263279182786,-0.07014150143845543,0.1997171391699738,0.17412250240873073,0.1289243712016548,0.04972496369458964,-0.04623448225489901,-0.0026398324313976033,0.2087100750246819,0.11009593817885727,-0.1305170959169326,-0.00022418004249494177,-0.10336488797496104,0.05282312145884424,-0.007021443571482797,0.10599461443976635,0.3222874718139486,-0.8980354172893555,0.48397667144131645,-1.571792262254975,-0.6129359069993384,1.0994061290819737,-0.08370272791361512,0.7115561607216764,-0.5211762131809509,-0.776981954893415,-0.8423000674906562,-0.039867959350026905,-0.6047315479948069,0.36442760295417215,0.5738315412825171,-1.861243634989241,-0.03379967130207082,-1.2493934005741931,-0.11254595116990325,-0.48520752537763795,-0.9876594144353028,-1.3886624133587004,-1.6677249275150041,-1.2406786073211757,-1.6349424443730896,-0.8786529303351315,-0.7124112282303845,-1.4481647091916543,-0.2165476693760791,-0.9844877223441689,1.4563013705070766,0.6884575864497589,2.348129474933557,-1.6964436432102337,1.3742706766254567,-0.40979701520414885,-0.17967617420025203,0.8854140517234225,1.707885938998434,1.284654883745874,-0.061143053011509324,-0.7051535499664661,-0.22797385594056485,-1.195372718712401,-0.4503901791743599,-0.8008174258807751,0.108038088606252,-0.02892593026445045,0.6234681762575197,0.6933563078668319,-0.3122734642254304,-1.845651340267324,-0.3532309444194922,1.7518445239472633,2.313033581805394,-1.1207200111186644,0.449583605205916,2.2969425656472033,0.6834226179005226,0.5152309970638642,0.14280272163875166,-1.5870521406468288,-0.3265530414093653,-0.6636312513257976,-0.5878414920941887,2.1672175026129255,0.37011988745972124,0.6560408997784692,-0.9522297649342777,-1.0066090684314224,0.2611927689523559,-0.5345874393970236,-1.5509347843879187,1.2979959977362188,2.0397088336998994,-0.8280013605541269,-0.2645464991138049,0.7007751190941333,1.2843945124813922,-1.3025903382155586,-0.7255884279753699,2.0116031846060562,1.207963193942257,-0.4566819677961446,-0.2850523640063267,0.36885039171357464,-0.6519036881550381,-0.7351412357109615,-0.791154923613084,-0.1471379595998531,0.8235686336643641,-0.5144730066635124,-0.915109793443542,-0.023178066131865082,0.3359479402384625,0.06489328101715972,0.12764995924448438,0.4999378655497354,-0.16992463182684486,1,محمد
-0.2861164061848127,-0.04001013305033133,-0.02369351245934876,-0.19141651269015914,-0.2671879710419248,-0.19083247735865583,0.09926234608680307,0.13368178406034115,0.10266078668313486,-0.03127732076450504,-0.005075247281994766,0.16001742575725514,-0.006166548365489732,-0.29825455650606897,0.010656875372611925,-0.10118095324199075,-0.5115768617716682,0.058178106912477615,0.08861200310311958,-0.08773223380197932,0.09705732963280478,-0.28093965469155435,-0.025762285681594325,0.04155239313518796,0.11439065429815838,-0.12647847144745095,-0.45907237134549717,0.0602655470212699,-0.41522172536613844,-0.04235198257070669,-0.055069674010833125,-0.15438330159164632,0.06820439676651598,0.07531941164686749,-0.15009980372719667,-0.02549445448272635,-0.2540847792644846,0.1843616062541326,-0.2757052194211268,0.03379879740330404,0.09714528045813595,-0.09477980986086568,-0.04557762626786121,-0.1671128016016336,-0.05829161346965041,-0.03944373857300068,-0.2024551285383703,-0.1620612768785068,-0.16743940150601866,-0.104346467296798,-0.02244355646347041,0.22841875040936518,0.011809648766523838,0.07057355112752045,0.10045707402197138,-0.049807366702177724,0.0020602655389988086,0.08199919774136409,-0.013046672374124142,0.09435337138539185,0.04813786680400283,0.1059278353620422,0.014277929750150695,0.25790445973516557,-0.1854967205237357,0.19194228242046435,0.26233531458010234,-0.033161873000758575,-0.03364979616181383,0.32875633000280574,-0.15982861856579225,-0.17062613016274905,-0.027814207040224394,-0.031960876931974504,-0.011371608838521998,0.09745055237023434,0.11349130527423264,-0.05639854621051129,0.047638735704934015,-0.11833422254977576,0.04700596893094107,0.2397789061322977,0.24543525820571835,-0.10947902270601936,0.06723038981728793,-0.25045803815670664,-0.0017822201550772682,0.13929916204906428,0.023808524558525543,-0.05290091239743142,0.1943712882834439,0.12250908043158325,0.05740964616560626,0.1012935455483724,-0.035094528600253486,0.0667806683971442,0.1744851935768851,0.03696210146238524,-0.10679987271070011,0.004247475613015088,-0.0984515481926408,0.030120346882835766,0.05195496435320791,-0.02150887374517298,0.32324907139730846,-0.08935034223981311,0.44340103809161063,-1.6141597063160542,-0.5877225077712525,1.7319330959874313,0.5247714905740708,1.1890195366715224,-0.2738368606311059,-0.5202412861723971,-0.4838178711764318,0.015829957986357793,0.1830419195784572,-0.5534233330565517,1.2015617952735766,-0.8250549463959426,-0.21809356462877974,-0.5112145950550814,0.5861044123993268,-0.2138638451405194,-1.4367015711086968,-1.1095261431382706,-0.657488076099152,0.42497799907209666,-1.5042158280483249,-0.9588556001658508,-1.10670903780758,-1.4250781007000923,-0.46648527923785976,-0.9025337455095841,0.41594667937950325,1.8062646689671673,1.6009070014499374,-1.5841666316756542,0.3339504651770872,-1.274847645601321,-0.8403909466743756,0.09914175728819928,2.6777025036275948,1.0766054815702826,-0.7234158138288217,-0.9748155960287949,0.624064202428151,-0.964398445369621,-0.6320869377354715,-1.2786772034757303,0.19238047139870051,-1.0377604642766327,0.3205914370935362,0.43428090172223166,-0.3124067097214111,-1.1512160271253937,-1.6096190615316082,1.797288504521648,2.308011076259164,-1.014602469378988,0.09681364665350983,1.5057447562591442,0.83089686070598,0.5351527933919391,0.0001511496126618276,-1.0207374270519716,-0.03294367457157146,-0.5157509213336154,-0.4459108292318991,1.8585753514640426,-0.07322366597745163,1.215123154222903,-1.0450112726486622,-0.3989295718783264,0.158703244615295,-0.5507101178987274,-1.7834489175218236,1.2843109436207263,-0.26757760071670433,-0.770097958206786,0.13100143725670788,0.6740120642764181,0.12498596545270498,-0.9940399244054162,-0.37092304466690096,1.6429003011483112,0.7966217100953565,-0.630489537850104,-1.0424459352179136,0.7462772014097128,-0.43157285623383485,-0.5082020039662303,-1.8468360158467143,-1.058593340917207,1.0661851785200038,-0.256634222708945,-0.9611082582257955,2.5115615582458863,-0.32002075506615696,-0.168452564986479,0.024378838399456478,0.7804438312180412,0.01982455328932791,1,محمد
-0.272393888722389,-0.03696029597306214,-0.09782284303772382,-0.18408230145806073,-0.2739759894068777,-0.19038913910955124,0.10520175720065184,0.14373837062845143,0.12333627886131741,-0.0009009658436925091,-0.017041648380883866,0.14990361087626436,-0.0741331454637031,-0.36301901849953216,0.02829473830993177,-0.23047419488407347,-0.5394967106306255,0.07519115794759762,0.1386121847923818,-0.09699446468551612,0.14970864179838092,-0.3094818061491639,-0.0036498365988856894,0.026567395198861105,0.07258894504976027,-0.006935962494688243,-0.39747710230012845,0.1247956700156201,-0.43684486932161315,-0.12540534600348233,-0.11086637772201269,-0.1381593193140798,0.08313214004815586,0.08245756465257746,-0.14771336204286076,-0.00454142492827793,-0.15284232799856035,0.20001597345865488,-0.24477746818206916,0.025109056664290235,0.11046109125797846,-0.04998537963661401,-0.0690817216798674,-0.17951034925391043,-0.04766560372276604,-0.10627841584893327,-0.16456928238220425,-0.10443816972331518,-0.10831691258869083,-0.1404955083908968,-0.03151856182652487,0.2976802396855849,-0.021811460088827336,0.1005087896290704,0.14345162866026237,-0.009530295819422564,-0.0011839157803506335,0.02736818576312117,0.00549456128837605,0.15878011201812517,-0.04371235187419059,0.17263559193836978,0.16144082173945426,0.24072553891583762,-0.21977797497935905,0.19234011905665663,0.18214148399280367,-0.08885192186531102,-0.04182878433206238,0.21459096335967826,-0.23743459198785535,-0.22169368412361798,0.048235120819729714,0.02408875455234561,0.05405016154987775,0.2472864990864197,0.12242790292155149,-0.05111089180012646,-0.010382989758344055,-0.1286878652109609,0.06643288957011839,0.17746227964661718,0.26238438457547075,-0.139721218236735,0.1547891820661432,-0.19972376158660357,-0.1781436554274878,0.07661319683284913,0.09377697410903008,-0.049742269645994444,0.18987349966939998,0.09227054735417757,-0.02088700042498268,0.04107553542680577,-0.03425754552036624,0.15271218731877906,0.2071001471794246,-0.08362768486035685,-0.0864735833155292,0.06257906511004518,-0.1292693516019018,0.020006194745879464,-0.035286354124887016,-0.016553074577341984,0.39931944352212834,0.7373636830372918,0.25773182622155455,-0.4448496454834699,-0.7064126277700801,2.5195128441800843,0.12366774733021679,0.9802446596995982,-0.17942982442343852,-0.07541245155018966,-0.010777946365516695,-0.5633650930086144,-0.5565984260238425,-1.18834781536349,1.7989725313956244,-1.4278804427075695,-0.34809086885274115,-1.0784223237550832,-0.6049949316417856,-1.032360942596038,-1.0003971283439461,-1.1027342821854276,-1.0836190837121522,-0.6223227988190078,-1.324230256530559,-0.4219456480159657,-0.5154064170117771,-1.437652268225514,-0.18457847295314275,-1.4250685986570004,0.5291820601894127,1.501980747789149,1.4221804970769982,-1.5986137232312783,-0.1336733735974604,-0.06539302517746447,-1.064484708976646,0.0859848912129846,1.0334833075835368,0.37312237047818286,1.2290079813455315,-0.7058382136372778,0.18805096855236142,-1.2091105617161007,-0.5500427577487018,-1.365132748438225,-0.17329754132920483,-1.0125600684106155,-0.04112848610705501,0.5493416028532799,-0.07410108363726442,-0.15861752746759322,-1.4155328599386168,1.4884367199286554,2.2232544902476814,-1.2128883058004785,-0.5157720844638793,1.5277799996213395,1.4140201108042854,0.3731752717252952,-0.03229589768270051,-1.4173535892160027,-0.20650860383470274,-0.3735842322244566,-0.41119690733951775,0.2938701687929635,-0.6142763092123815,-0.4693676617993577,-1.0103664773545853,-0.37981350591284546,-0.11996088974832363,-1.3598569761411905,-1.2902601093083381,1.3594500544318562,-0.3307956193084879,-1.2012315174683703,0.48977850749438734,1.5832431112848568,0.13689690466449214,-0.9904107354991183,-1.1665035075079848,1.4775919513496976,0.990493008021618,-0.6503201779350446,-1.383925095265367,1.2131678358260485,-0.006261334839693859,-0.18703228568155417,-1.940802676508636,-1.2787070689482982,1.044586410381378,-1.1108953607301613,-0.8375377238584638,1.799556583975802,-0.2761346712496098,-0.5381522932622363,0.41242501245567315,1.5050630976136963,0.3317557522798582,1,محمد
-0.2602300326655301,-0.022623859677423037,-0.14823197813431324,-0.2215299605099562,-0.3246539050396108,-0.12670855586887092,0.08348143004827503,0.08600077024353722,0.08748956985394796,-0.0775495299562301,-0.013498745968413455,0.15096852934936172,-0.013658026367526164,-0.34376705591945883,0.005277871712312673,-0.1883668689116949,-0.6185561821052735,0.026178618230929273,0.1584022931029386,-0.1358602324194591,0.134388408798602,-0.20444321376243577,0.02165020337302853,0.06811830867266126,0.00439959745022742,-0.037686631450333706,-0.43232879367813765,0.0576738606630211,-0.48484842788948107,-0.19220324548294968,-0.14304828482001167,-0.07725960515607383,0.1659835029566708,0.15840809207803588,-0.16814265279362256,0.04615306791149611,-0.04588232993205632,0.18787903138174888,-0.22016230236580914,-0.014851356318899587,0.09012331224815,0.0007325385060020276,-0.0002865059686381729,-0.1637789587244387,-0.07214130684834247,-0.1130263866951696,-0.02868475461454994,-0.1391934470757006,-0.14518836073595556,-0.2180279603038532,-0.05215758426110573,0.4196406618570545,-0.007740568607637831,0.05395129693164595,0.16668072160729547,0.00020245058170694137,-0.01433224574753772,-0.011726051851945455,-0.03818272296290205,0.13335957423194683,-0.15909996745566593,0.21282981678172297,0.2504664531210307,0.20934263345967655,-0.16704295568066388,0.29285860959365895,0.27211088132086414,0.025744518424569478,-0.03311231003920379,0.1918138045766245,-0.22569983904926091,-0.16279222667945856,0.05711079836563271,0.008413112265451815,0.007638702159090207,0.31214404847801214,0.11226848941227599,-0.008480445036515186,0.08029130896528286,-0.0717694047466958,0.06970320729189398,0.07636323860442013,0.11299036611711098,-0.18198031397168968,0.18070117209880981,-0.14892929293964494,-0.15733380261124993,0.09463770263092042,0.07843853607086773,-0.09576689876042861,0.18790573787687626,0.04387206166496772,-0.012062192340961012,0.03951644820917637,-0.00016252418488219814,0.18455615940138603,0.2018358654760489,-0.16316275272027603,-0.08840629559476616,0.11404989004300614,-0.1319944100465903,0.049632780247381145,-0.11546666600237525,-0.06439958982190738,0.39585631526205295,-1.132306481403663,-0.6012403126907429,0.22046384585542264,-0.9505424345328798,0.8915364975604337,-1.0344377812525554,-0.10088592274299009,-1.3637381528618897,-1.4758941791437314,-1.0248683438335278,-0.7840031159691873,0.2638521888438668,-1.302785294564457,-0.3568680174224685,-1.3089672690736356,-0.5251977631288554,-1.5330553921922876,-0.29090467406411324,-1.2495184705324134,-1.364647738666164,-1.498706640290161,-0.8808373476798115,0.6029823691576334,-1.3955272346703866,-1.0118227319612414,-1.0936282297155728,-1.554554699415856,-1.4442688005372721,-1.0368702794194875,-0.39971605667369586,2.065962670255716,-0.07538944499578382,-0.8472751129230153,1.0357786293660391,-0.1954653136734845,0.004733384654748119,1.4571783529186852,1.438306473208118,0.3882130061971549,-0.8320276735815659,-0.9958123587995603,1.5209710016823133,-0.17447415083014353,-0.21241891977130356,-1.1946428590556104,-0.0607835962652492,-0.47662839665741075,-0.552977584739141,0.6947339763794357,-0.2552227861366228,-0.2915074982718334,-1.680789520417184,0.8787822281337128,1.8576257058639645,-0.0831239550363873,-0.9421439513703274,0.7926363952509278,1.870857206582284,1.8189617402453382,-0.6900451941866073,-0.9576661787542993,0.39295588544765386,-0.47451613533264336,-1.2510057649663746,0.9066747383198622,-0.7605723637949517,-0.5440856465012918,-0.9515845687761022,0.3361921322842025,-0.12146516127557172,-1.256999153363897,-0.05857416222093222,0.9089672971150693,-0.12521865253139336,-0.9755605566802662,1.1013171032180384,1.2312767175983659,0.1014289563623457,-0.634532562577469,-0.7325665604422837,1.1124120460632987,1.130977860290799,-0.21724996968193505,-0.677756572456939,0.9281709363743398,-0.02508428441812679,0.21710055709641293,-1.7613165404007427,0.30271016243209503,1.0066886120858878,-1.286955130524068,-1.2447265069182023,1.5501697519457562,-0.6174625766463349,0.8998931348310577,0.5962476939799984,0.9631162966910563,0.4132117640373279,1,محمد
-0.1364392375368119,-0.055993834276469395,0.014384478563413051,-0.22321917099450161,-0.314482148337393,-0.19327860617022427,0.06864205983975684,0.046827104968875634,0.030981745607822988,-0.10350886610974809,-0.06898970991024166,0.12488297805861939,-0.19528847420256198,-0.31030366451915015,-0.019863111799395455,-0.1733214422381003,-0.47580960608051265,0.07107064893597242,-0.046985864037856574,-0.19258695432731462,0.23809782946711658,-0.2467126262652287,0.04515590895773677,0.12498410763312166,0.1247049141922772,0.04310396382398591,-0.480052820374495,0.028742293618341856,-0.5089780629037678,-0.2498496879472559,-0.23096746827352008,-0.045931344668395074,0.10253377060244738,0.13269322910988218,-0.28413042978791536,0.0620081105099006,0.022103976619244216,0.2633615669613398,-0.10635667678760477,-0.073502545149874,-0.023456599250558773,-0.17525650925498323,-0.14632541183352657,-0.14315235695927428,-0.2813356660317339,-0.21378990040700488,-0.10527592677581482,-0.17439606947323744,-0.12945360061378555,-0.10596333797562128,-0.13696302634655952,0.28792581746470863,-0.10987903554079606,-0.08918930823919452,0.027469105800228166,-0.14034463862421107,-0.1497458243240442,-0.0013008969961571305,0.014436531577743156,0.1913850046932614,-0.1589085881471822,0.2029800098887944,0.15333028367901205,0.20873200243853465,-0.13175557515283975,0.12111897302799564,0.1252776483896481,-0.017018394715720392,-0.08370065612691266,0.1553369908740546,-0.391629676359344,-0.34175601787687393,-0.09162226658099175,-0.1199459908681672,-0.11006990552648446,0.16008566146600262,0.15850984392154788,0.060294221697320766,-0.016773751113016235,-0.1948885627894569,0.09731118810862764,0.07762825967926659,0.0017585901824474226,-0.12377942653768734,0.15500015383529275,-0.2693286056136698,-0.2959052514017671,-0.05553441203692168,-0.03224128689694752,-0.12219733042042749,0.021980214535336856,-0.11189513741821859,-0.15993265647279098,0.03263165457725053,0.01483869926745691,0.10805047150619118,0.1916131330309447,-0.20210474646030824,-0.07907866996717175,0.17326056822744754,-0.08998907175459064,0.08399272095953224,-0.1320072138696214,-0.1956535073490301,0.40977668104438786,-0.6907825915447513,-0.3778989697984133,0.41451505267200583,-0.8090103539720706,1.7434265600630996,-0.3501640412063918,-0.17648311043468728,-1.1563304122265277,-1.2086664671047853,-0.9289749589263224,-1.0278696814717558,0.7307998727036363,-1.3239301740212006,0.3868996420392925,-1.3947739567722557,0.07416926962620417,-1.298996734506681,-1.5642565544445801,-1.3817620333331055,-1.210120014958091,-1.2164280877124787,-0.5116428121835119,0.13926321741907682,-0.4061462892537789,-0.3496952850809961,-0.08279545512254903,-1.352655381449089,-0.3363451089092357,-1.0101931991911024,-1.2698294752628139,0.8768896784615171,-0.38173170345758295,-0.9660919462071939,0.9418665557939018,1.074031986812205,-0.729003584545472,0.2162582238418903,0.5272812173902232,0.6118606641001756,-0.14376106845596318,-1.6043289198915682,1.564853308084397,-0.1457313357090133,-0.8889998535349132,-1.511672979692229,-0.13353060862921673,-1.316251388945802,-0.14324485824608266,0.281448602413417,0.11623894664587069,-0.3818094649464581,-1.839492960716529,2.302708097110223,1.3871589947661145,-0.7965962184600403,-0.5685221768707094,0.21706779126159387,2.3356977496213425,0.395009873795999,-0.02111501004479229,-1.2389066633379868,0.4263794500143645,-1.2426218683652548,1.1737165016147264,2.1077106604415987,-0.1982044728062872,-0.16604938921575754,0.012961138961394546,0.7698060108380456,-0.20976549372717773,-0.9044463186538338,-0.3348805459960783,1.126185016263754,-0.13972139259363908,-0.7763829771056407,1.3774302190843613,0.9834394843993215,-0.2933758797050784,-0.9182744593542903,-1.260611389505994,1.068529318681494,0.7503970601784282,-0.7733619447296631,-0.6031303619401698,0.6721649617302417,-0.010134983272021636,-0.5062053054058191,0.6774852387132385,1.5144087169218567,1.326624391957022,-1.5100141015055248,-1.1418225353291802,1.5225809361668505,-0.6348940745195661,0.7177371691086195,-0.40049414148930274,0.8790638281508578,0.635081197820769,1,محمد
-0.2064174641074919,-0.05067372454403703,-0.11041454307408032,-0.19753532223399953,-0.2832721923151961,-0.09697403334053216,0.03764602820157011,0.07204834914591497,0.0005169019761411608,-0.1009153522378744,-0.009539254877627792,0.20397903412292,-0.1181817414360966,-0.3347054499312406,-0.03972728464653033,-0.0979066611085442,-0.4467662470397825,0.03376189835375744,-0.0062163069140123385,-0.13903792153896438,0.26212934913452796,-0.18418431316848566,-0.05029342509977022,0.048470454757371835,0.18735314834129402,0.03311313131649442,-0.4928437491035539,0.0990423152174063,-0.4406201930997396,-0.2668112245768046,-0.3128677964242535,-0.0980356186688655,0.061710382208691725,0.07251664744774663,-0.32230227301512926,0.05551448119123509,0.05126485819119594,0.06577827616669649,-0.10819401880201106,-0.07484948366494443,-0.0824817345918496,-0.11171011909718272,-0.12370217099190443,-0.1685519682065233,-0.20356829823593228,-0.24764556835675086,-0.10899003641446965,-0.23376269524490276,-0.04415201564950292,-0.07917854804973759,-0.045374462655268955,0.18354625213459475,-0.13506464931970225,-0.10457221421789774,0.03948607326749454,-0.16997775425945266,-0.12176677249189978,0.032943270156146,-0.09768838315444302,0.2215541347306035,-0.13449091820044234,0.34833433647993034,0.07037997944227094,0.10329837947018423,-0.04213088063696195,0.12319874083730792,0.06512518434534455,-0.03190865180164103,-0.07089761441533961,0.16933090761221314,-0.32469454620283067,-0.3808734332748057,-0.21146614771031827,-0.11886828060913485,-0.10943590270703199,0.12404302025040533,0.1810364817268379,0.12771365538034615,0.034965119265711546,-0.19656504442273048,0.12311760503740703,0.02506783752314714,0.007800548692995556,-0.10568112971878343,0.1523062602008883,-0.18496695858982473,-0.2699933509818149,-0.09447489749538143,-0.10808117536256924,-0.07912437191070427,0.0014704733818219015,-0.12541974610728165,-0.02839396768952548,0.16508049854142695,-0.03333561244502673,0.13870636964383873,0.1888134566227655,-0.22732557941738055,-0.13651129820926136,0.1076282187762555,-0.0955355060800614,0.07052442078374793,-0.12344083358044175,-0.2566986959405923,0.38012910325373533,0.4854732539202481,-0.7793106161713083,0.7177494707425476,-0.7157152818528563,1.5627872152568199,-0.1257035736148804,0.32679734473376987,-0.8518004376536663,-0.20030947931785437,-0.10807082219956643,-1.1041253352934353,-0.06800970852522001,-1.237068886897317,1.2655109073472972,-1.0478399844961566,0.2802837546451511,-1.5749930666999956,-1.3424277597783056,-1.0877676877647902,-0.27538772621422103,-0.04854418857715617,0.8592975096547104,1.4324480254133694,-1.0484619297250404,0.13774415313278404,0.6056088766252046,-1.1545781108739355,-1.114467687674304,-1.1420619277395057,-1.8366058274654182,2.134936995107253,0.06258421138907398,-0.5557418671426664,1.4628986367372754,1.0381005551621367,0.06251149807354238,0.5646808145097257,0.7207113378655186,0.4265539506585958,1.4673355874846965,-1.42441041190456,1.1343608710263358,-1.2131828906111237,-0.9340828112395916,-1.4986359820136779,-0.2273942380667949,-1.1819245638969513,-0.21970266391804832,-0.06042827582851048,-0.04248029545426825,-0.28521307149200337,1.731243360248206,1.599902563962771,0.6635160060185786,-1.4845809305450826,0.06167038494880905,0.3914619069866775,2.4654792471497067,-0.531144619270668,-0.6688117928266175,-0.6139310897154707,0.7206933746520526,-0.8906385196971968,0.6497179357452262,1.6691000972359222,-0.7506092727219754,-1.0283941136071462,1.3452265238631291,2.3961847974162964,-0.3549121764257309,-1.0037645874358505,-0.0968530086778152,1.1928442689822745,0.013473780687084935,-1.2587331563725095,0.8235702374515362,0.5282137234676553,-0.22191175581760286,-1.1203725147782977,-0.4575703931054061,0.8738472119343708,0.6758689560767824,-0.7345827998513823,-0.10944166979885896,1.3499689513734012,0.20991833338437815,-0.48465037608764705,-0.24275672891374953,0.8998292465594216,1.3310546068874274,-0.8824662618049686,-1.3217517637970473,2.111414949729604,-0.40642850148876847,-0.8093299215074967,-0.6359062220589252,0.7371732293779857,1.1893787210498896,1,محمد
-0.16169843559388927,-0.015641502113236845,-0.19514252903747206,-0.2071435681874703,-0.32258990957735817,-0.005392052627468945,0.10904455117459352,0.08129079834808603,-0.07092047065926517,-0.15061558429432562,-0.0015775098581949465,0.2064434178239498,-0.08376792841206482,-0.39542911695225424,-0.01020951089841431,-0.10636403568051266,-0.42039113293258246,0.045385114778922445,0.02434023611262676,-0.23405379377841407,0.258298489178728,-0.15644650404426116,-0.12072124485234788,0.009423527092182235,0.20638138300986664,0.04559460069486704,-0.4488261046158433,0.0515248008756059,-0.3722852973247856,-0.29679588346432306,-0.29887757011103006,-0.06924531557669335,0.07769443621016438,0.045189695314470035,-0.32620993563506007,-0.009636780344316982,0.094254876436572,0.03981154282183672,-0.03201655823398437,-0.05857164806762984,-0.060619732301055426,-0.10369799807589047,-0.1940732597482346,-0.18999033392247097,-0.1762053490213048,-0.27547740743799826,-0.048314916366846615,-0.2893803131150532,0.006745428402538442,-0.08489817591572084,-0.04113337215705661,0.19666856268722033,-0.10282645608425435,-0.10295130245089609,0.0026393940560361295,-0.2214116573350764,-0.035396040390262944,0.10899153355710914,-0.1551484304605752,0.2688727045056672,-0.08478387604678463,0.2887250019734926,-0.01488956161133012,0.028469673066005122,-0.06401528619309185,0.01662710076589855,-0.001210035862866473,0.03980465671046293,-0.1328147533213745,0.13838304897341563,-0.1900831318910027,-0.26434662572800344,-0.20774653301437707,-0.16214271902788127,-0.06008839820923979,0.12896666996997266,0.16778286848802645,0.02216535195956519,0.10622813044878854,-0.221421119550314,0.11708598895417568,-0.03270015351800127,-0.0400140170370437,-0.0914400453112792,0.15735243808558752,-0.15121494399706178,-0.21768685413755767,-0.15034578732005463,-0.0752491509413326,-0.08749924816615562,0.06496684831367315,-0.15712212886655166,0.047777566954356546,0.17914715326264097,-0.06150320042564938,0.12270103549882788,0.1880492395870713,-0.2072228625727091,-0.1965479535083162,0.07299152186148766,-0.10853041220411665,0.0011355331175769907,-0.08769082884713361,-0.3710572768657791,0.4226953530925278,-0.06026366299415588,-1.7396303132664972,1.3363458447082357,-1.0634246887074323,1.5996712600079985,-0.10662985042713631,-0.2139439361671759,-0.9650751786486907,-0.3050463961820848,-0.7204843115306487,-1.0339311498145034,0.3544138761165928,-1.2167712859975155,-0.016869776501655553,-1.3270689167386525,-0.3252366271963886,0.8225364594367717,-1.8708717606876857,-1.2979895029256698,0.8316414492205232,-0.635506489221407,0.15021278006593075,0.5308595821188066,-0.07415014047236279,0.28786179240229604,0.7046381125390456,-1.0179839975890799,-1.7956028965113469,-1.3542793087243667,-1.2818705927112508,1.062561345238658,0.7728835356597827,-1.061304768443284,0.6740306242304278,1.1399891705862877,0.7910352513339544,0.42147542151395684,0.3555327685604799,0.43894939505257297,1.066421403411395,-0.4097575788931287,1.255788416786374,-1.247135302749554,-0.44349298906137913,-0.9489719301683587,-0.9462629519515292,-0.09917101408696367,0.7173518720072699,-0.08405088568613818,-0.3155853065726581,-0.3284253209926162,0.4165997910562488,0.018263516585481164,0.6666653785518893,-1.5288689010616288,-0.7331664429006489,-0.04001099972638412,2.6239624270128603,-0.5266218403118152,-0.26088515520917976,-0.1865074613114899,0.4426562600931551,-1.231238539645055,1.3068662379828804,1.5717726891335544,-0.7097967811462567,-1.5147262199227147,0.6937351071089333,2.472923858096253,0.08663197861271663,-1.5158824363801613,-0.3350731443547045,0.5021569552154421,-0.4582127547420325,-0.6002617320609841,1.0472198194175144,0.8634829364752805,-0.5980040851318527,-0.7115891407098176,-0.21483262293330477,1.9836107325517836,0.5259657013154178,-0.7184443549988301,0.037870885781220914,0.5491003145730027,-0.008445744092253654,-0.8316571084635482,-0.947067960182,0.9213696135868854,1.2952828579693363,-1.5581875760456956,-0.9136204623245691,1.6708642942020304,0.6636616878932803,1.48559830974174,-1.1406028759649705,0.3005760425646949,2.2779468655193362,1,محمد
-0.18815025259916063,-0.038565152870708004,-0.20405514430225982,-0.1778557723607983,-0.43818682144614207,-0.08719726805155403,0.09099072488812462,-0.034398001811350595,-0.11507787224518957,-0.14591274799332432,-0.00491003955294081,0.25587256059239416,-0.019002908537331664,-0.2918540340345978,-0.17378399900414443,-0.1599792133338804,-0.31401120268527494,0.04276182407548002,-0.07867773680448178,-0.13118304258295,0.12608796754285626,-0.16596123554640443,-0.2271934694872873,-0.016187370122288776,0.2001654239208035,0.11697975110981584,-0.04764882438672086,0.027361077952173497,-0.3858854655367018,-0.3010335445226183,-0.3223793503072584,-0.036150105988383446,0.0794083312508392,-0.016444888902626294,-0.26705396072820636,0.032478785589374434,0.04988329650727113,-0.00015007834103163855,0.05441107548540433,-0.0634170915147462,0.026362158474574415,-0.1049677852781949,-0.19585357893330083,-0.09555814215484407,-0.10381051149163921,-0.18954598380233253,0.05146394142878239,-0.22236710269408497,-0.09685863534449272,-0.18984406122149314,-0.03533770244994904,0.13592291673039114,-0.04375158348599474,-0.04600926082366715,-0.023455975930280266,-0.055049799197481264,0.11027846204247274,0.07737459862443632,-0.23915203308968433,0.1926747223701377,-0.03732760657359092,0.22243489923581553,0.02987521382666838,-0.0103126115606838,0.04466231602623363,-0.013154352331177345,-0.10123898544638478,-0.0027590629179341537,-0.3199389593638,0.06867526433437865,-0.03876452800685523,-0.11836581035238201,-0.16099293930163544,-0.06612090711488328,-0.0283010405203337,0.07536657229279227,0.11478057370364685,0.026559875709779652,0.13047255690364107,-0.10391036329722363,0.09782408975400834,-0.005659825779894234,-0.09022626316443355,-0.13895877812025031,0.1404009398537891,-0.05754065392930723,-0.10928175433950799,-0.17032361728850887,-0.06096863654611897,-0.007757749105832564,0.039535222284239654,-0.10513891344546471,0.07296057559522379,-0.002501883113911202,-0.05101454332298729,0.11813830445664236,0.2558534255831355,-0.15953508884750514,-0.11664498969664108,0.031480052733487904,-0.1745520164166282,0.0002837020122274329,-0.060445637538065464,-0.3223282046234685,0.14933910466357983,-0.7483116207885495,-1.5610857904328903,0.5263469501230946,-1.1165057808549341,0.39389813557390074,-0.588083158937431,-1.225424913713334,-1.0901557627435337,-0.3843913988393627,-0.4562310808025212,-0.7471632559894653,-0.06045986224188112,-1.1484805784038326,-0.7508805608194379,-1.4944638552804217,0.28098759826492736,1.705880324069948,-1.8228638447842136,-1.3497522055846463,0.9755273430115541,-0.19852109866844564,0.08342283908023825,0.3085981379144657,0.02507999564698403,0.5847524596860392,-0.06214695333955373,-0.5040178426244497,-1.747424650217106,-1.1654611643571309,-1.2806300778048985,0.22667134605935535,0.25550156538095575,-0.40804740348132273,1.7061188759717414,2.03153378520694,0.583867413973328,-0.02409364943792985,0.056331736927006715,0.6578784192755558,1.1873142085151012,-0.17334595995165825,1.1703184718609525,0.42302704676155667,-0.11611200191566642,0.23302029592566748,-1.0324687408095048,-1.1305766135580035,-0.1711374410982354,-0.4001134997321764,-0.7689057362573475,-0.02104123155588681,0.34877004030185377,-0.3872862445268415,0.44699077344268795,-1.5223127590680925,-1.1965694167617746,0.4872475486205558,2.676155193647785,1.0482534650834447,-0.40004808435894024,0.09940204714597205,0.28785257771254735,-0.42594833130756377,0.9441032663098665,0.4758277384014182,-0.21333237665176047,0.3570840072569848,0.40830361701156814,1.5321331269166465,0.5374179307149389,-1.0074573549044548,0.9250807859381661,0.44614964722465855,0.31680964043695525,-0.2767811046270611,2.4317452064428036,-0.3968051115608459,-0.5571633102678407,-0.5949785660011144,0.273474426742221,0.9877253539128279,0.058069957319525495,-0.3309839033753175,0.05722504735637162,0.0511825675335016,-0.3031884201259094,-0.8074776905989757,-0.23127636689291542,1.1301023998512214,1.0173479465992246,-0.9338233091136731,-0.7745891442674552,1.2751115851638555,0.2617370293974801,0.13249389461479483,-0.8472502658678637,0.3811348071789862,1.9608494272352721,1,محمد
-0.17728747246871496,0.05765345185397841,-0.17712913782292394,-0.05913062832921784,-0.31577165775490523,0.03807855221206305,0.10683184763346548,-0.10405327967124202,-0.08302578199959604,-0.14602380719771757,0.08306794757335095,0.253395007566798,0.020010205801190832,-0.291625279539562,-0.20269939313813287,-0.1572046996563935,-0.26076706920977877,-0.03755785052414206,-0.14513392841598668,-0.21963104149421278,0.09807805477905274,-0.18193996126833786,-0.24149049140019235,-0.03755167600448808,0.1788974655401978,0.07196689721700378,0.0036021345285723897,0.11936395546970013,-0.3179884441580882,-0.1816712205923432,-0.21378553588143562,0.03017397013043569,-0.002318015418969373,0.01974200733641949,-0.10020537769704117,0.11191143746414209,0.03787810079020406,0.0695747525255873,0.029797582207865478,-0.01608767264683088,0.09785309296489475,0.04890530331713623,-0.12882726743318165,-0.05968380789565708,-0.03222580207991739,-0.15092504621567535,0.07009397842641878,-0.08769573340855459,0.02010460792844952,-0.0933601505900414,-0.039981363964655396,0.17540583895290437,-0.041678638934412794,-0.024956056512232216,0.03232967230901441,-0.007822091669160204,0.13970133429350629,0.027374034349767002,-0.1828623569688728,0.23876994331048837,0.02259948713510345,0.2530276417665835,0.042429920230656275,0.08334801618401638,0.08157833657818754,0.0629670119430731,-0.15052611885047826,0.06743086211952204,-0.27292063250371645,0.035798292499335395,0.048609470890436435,-0.06743503517449223,-0.12308301266276567,-0.038792764872029116,-0.012170861796124036,0.025347702342057857,0.09597130399536441,0.030221010054486866,0.14192305986912696,-0.08013317544308995,0.17432143311561185,-0.0033022861358571816,-0.1440750578654214,-0.20278215158624927,0.13037661108496928,-0.030459099346286295,-0.015608375181360892,-0.125722372002165,-0.013458574851782406,-0.05893776770086263,0.07851975013286379,0.001937903595835723,0.13726761537500878,0.08478657603451208,0.028462872318085895,0.15349025903757021,0.26166603019015594,-0.14596823175578266,-0.05752320822244827,0.034952853102564074,-0.16676640650931568,-0.02261999370570304,0.04966137239187495,-0.30993252744556954,0.09324976767701079,-1.191322664745636,-1.19881727222268,0.3783343116927815,-1.1128792423814111,0.8607294831729101,0.32654855368663066,-1.0797848732444324,-1.0696742358750813,-0.48026391828590625,-1.095482025779277,-0.5955778599508641,0.3374406252390292,-0.8695969099165698,-0.8544588637635949,0.03718887203935907,0.4523203937415309,1.1204621679198457,-1.9294522251035873,-1.0164743495266853,0.9969112093807635,0.0979161190593238,0.9382670834677834,1.5900953105665154,2.1515857972511068,0.38387590497137497,0.5574258142190543,-0.16219017120506765,-0.6783681152251579,-0.2949162748060048,-1.538849967686369,-0.16375297267422295,0.2382203770793019,-1.223417791498408,1.022197475366356,0.5181156180274408,0.4580912003418929,0.20866706344157038,0.38626482330130085,-0.48440264938333866,-0.8204709979653858,-0.1752364447480489,1.4405827378158935,0.2225815245806546,-0.7995921619685734,-0.6520078394161863,-1.3087532576143848,-0.867040545568106,-0.601758814227153,-0.6767463273245711,-0.7454477160069912,0.024222522649435977,0.5207599315721723,0.015688084166153034,-0.9509884025765524,-1.146809199900408,-1.1877366657230246,0.47463141611980947,1.6455843085565416,0.2927506892556985,-0.7758815706663749,0.5467053692597776,0.06408774013254352,0.8513473091623206,1.1790451583518762,1.5242630284899181,-0.4224670830039013,0.5087534092356683,-0.1423426933832252,0.7577891376940601,0.029067109986849537,0.5650932504542994,-0.14903450759325051,-1.1220739248849334,-0.5825482502161221,0.5835371289154531,0.8861498874255914,-1.2038440089482112,-1.330309961497218,-0.4585200609157208,0.09258925316902053,0.4578441755256004,-0.22497464364319597,-0.4063631099153675,-0.022023144649690064,0.6414677569159462,-0.32657988325526144,-0.7906192325210256,0.5079264813536113,1.4243442172788365,0.4864757106912291,-0.5914902801010818,-0.831643636231461,1.5536827531695154,0.5630354884630394,0.15849061424463287,-1.1541411870963398,0.2387571277634624,1.7952510185870334,1,محمد
-0.13205585463017303,0.020286082865120528,-0.1739304873665175,-0.06713517355773489,-0.30125754569631225,0.060080048551896886,0.0006385918910242335,-0.09688638631911459,-0.021317094236331123,-0.10858524156143644,0.06065916377227329,0.18460117797234663,0.005355555257785122,-0.3421414551342401,-0.16669324069930055,-0.15343175018671057,-0.28061442180756674,-0.12378562082044307,-0.10586990916852707,-0.21476921149912642,0.09602632376969376,-0.17532032307655,-0.20341785601457074,-0.050941608912365204,0.27696399020570517,0.036281049602075434,0.006030290658900164,0.043260154089976174,-0.3646868178111021,-0.15840672685014856,-0.19883658987330408,-0.019754568901378246,0.013432543852037657,0.010118107252422737,-0.021211611600913068,0.1547692483307651,-0.00910840928163846,0.004240009758872181,0.11778155931898522,-0.003651167526611111,0.11285638998208551,0.006293548059921731,-0.07858390868205806,-0.10543585228254547,-0.03383769622222242,-0.15067332047021428,0.1192107863080361,-0.12171175669962295,0.0688772151949711,-0.131498809751083,-0.06273996159485176,0.16303284832012194,-0.08903939466562685,-0.016545439051005927,0.0808688327423072,-0.02987436753039421,0.0706618399311706,0.03707105061844945,-0.09816860183485551,0.28767407413573914,0.008736541176178302,0.26569679265829915,0.049532412564323405,0.1031710297318797,0.10565424543812414,0.05238336989939199,-0.2836499582073432,0.030316914744831423,-0.20721868072117608,0.0472659250864338,0.09997814357678943,-0.10695728092166851,-0.09241902179517154,-0.002422887824025643,0.10995362293173941,0.03419176079174561,0.05342265463410223,0.04514280977098888,0.1338429103575955,-0.1197206307716702,0.1951838306880885,-0.009996799913170496,-0.1397527915585601,-0.139916993292358,0.03771060681414973,-0.03576834081978029,-0.007302480728430916,-0.093473449665557,0.002565875441930757,-0.10912707532663019,0.07733102825484674,0.03279497180624263,0.17232749162931543,-0.008556898784491956,0.027506755002735698,0.11525317895036269,0.2399379269321543,-0.11684614270325364,-0.07525062060171218,0.008057860484173153,-0.15714376270253333,-0.06486767186093224,0.004388434738013309,-0.18704377756196128,0.10684933449222797,1.660877805430507,-0.1439806615355556,-0.29989907898837104,-0.7040555285128909,2.016134697149278,0.7300351862829673,1.2207041730221413,1.29276517103923,1.6091295268903398,0.7170256607405171,0.17823532602201078,-0.8492795855659357,-0.5443388195432797,1.4656004364821027,-0.13095138397280245,0.23925463559299434,2.2284457858341633,-1.6677703991909918,-0.5603186171260608,1.6982323032579985,1.0344792280582096,1.2176435684789675,0.9606883182737929,0.5981240719236315,0.5331650163186555,0.49718999910447165,1.7437655254072324,-0.4741391997595009,-0.18056374890834356,-1.2867409642138012,-0.40745547787637754,0.6479245614352885,-0.8658427617484897,1.163677734179674,1.1133132276515092,-0.7350072703565755,-1.6978035687055009,0.43018969759306214,0.3895130656901567,2.0592426358243787,-0.2086094220913671,0.4461995577603199,-0.43296537489128895,-0.8462855482587096,-0.5740250018902572,-1.1751757270013077,-1.0981882876760465,-0.706088918959831,-0.836931867282031,-0.7499432641856465,0.10043520623197612,0.5129699560301906,0.22332573675703987,-0.9194723990833776,-1.2120861757675792,-1.1961627017085121,0.33458859488613407,1.5705952812874757,0.373833370755026,-0.9824728800201348,-0.33121000276826107,-0.10113656592130808,-0.4310755737411233,0.8815164046646283,1.1683942498051327,-0.025488290815398783,-0.4592992977543794,-0.4375863309767201,1.2499775488190024,-0.596083929704322,-0.17630037925332231,-0.04292470308965328,-0.6626492965237102,-0.5560968675648099,-0.06999021659637658,0.12703594086250575,-1.5086240419816912,-1.201562669580886,-0.8012673067440225,-0.04907757594501425,0.12252823393993058,0.26225985250478917,-0.3290930174009498,0.02473935213253088,0.7963353297780599,-0.6462325277354536,-0.7005146129877445,0.41445942288570975,0.7580780545946362,-0.11116858693123803,-0.9293497079013379,-0.4570613361078038,-0.10822611603250347,1.1224644135927406,-0.7593909255065647,-0.9672383799423224,0.7267021489221341,1.7799548675764594,1,محمد
-0.06393224693373237,-0.012540114817821892,-0.14306106806805094,-0.0783682700631648,-0.27890842292905266,0.04003715663058881,-0.062127471237490337,-0.1672022754427953,-0.058003680581392346,-0.12950235613302846,0.08620424804023957,0.22326899687827884,-0.011194958877070301,-0.18001394807576676,-0.12764215632796122,-0.037765425969089376,-0.28117137293445693,-0.15675195079364726,-0.1193672301879924,-0.23221533202888814,0.08205682144978388,-0.12087588937674568,-0.22725857311706268,-0.1063913743758164,0.32412328133068974,-0.045393735099544884,-0.003278526822223995,-0.019396930422210877,-0.4348541989521825,-0.06412496301616981,-0.11555754307712589,-0.0420730751042826,-0.013356606873372492,-0.021003831738535848,-0.040510698470556515,0.17636773936439712,-0.08930428385197478,-0.06424460957556859,0.18078816050199778,0.049554379625130505,0.11746958067192324,0.02903795470522415,-0.025474534463927997,-0.04190226003837701,0.017203613945188944,-0.07056142482734351,0.18683800948817653,-0.1881784179503506,0.040089987968065635,-0.08424158406196232,-0.005258916882113836,0.18464361470419663,-0.02478722005920582,-0.060575569717151584,0.06860246121807732,0.08786773968125462,0.07710606754903684,0.07425565261148831,-0.11082029801039156,0.2359055941749924,0.041744848312715584,0.2972318090524574,0.038039694708183885,0.1482171244721176,0.10738504939249156,-0.004275542482434588,-0.2689181146322507,0.042069750579393224,-0.2409409754535201,0.07738678785238816,0.17063722687277588,0.006275171381709252,-0.010482960495506332,0.0013589182663419222,0.08488838609513363,0.07953530252145137,0.040541771818651914,0.05180478729858239,0.2589546674203761,-0.016186064318331708,0.22264736897269805,0.02026297779246903,-0.14418843725551922,-0.04806695326065679,-0.08854728225615122,-0.004471474635877201,0.21300432611295508,-0.0011479671613904166,0.020833255536693792,-0.07732677760508698,0.10894110633574836,0.04690594790354393,0.24630183006165873,0.030686121702761554,-0.04833880743672312,0.05098651880784899,0.25173768025515764,-0.048673260123528315,-0.13284772214304194,-0.0001404914048061509,-0.05749979178538536,-0.08093878810150987,0.096101000333342,-0.2148068150707463,0.04561856893614382,-0.10719075729281136,-0.6402532657493125,-0.176427825868342,-0.9555866607379306,-0.04493200986949884,0.19128998774902228,0.20822150201470402,0.5316722477138173,0.24558713732886572,-0.5699505296086839,-0.09070802529377196,-1.5746136560204393,-0.6865354475231887,-0.5624448618317763,0.022668980512053658,-0.138107011771827,1.403820380041735,-1.612915790627329,-0.842738753328849,2.2491411971225843,0.36619610462010954,0.5129488317181425,0.8174011012665362,0.7573642999953267,-0.021505230792570103,0.8128574292242932,0.8501477620657795,-0.6455592576962429,-0.3220060287926577,-0.47354858266400673,-0.2016821336721104,0.8227942820193608,-0.517806765891662,0.44969725459000826,0.32401215946709516,-0.7631314823951219,-0.8418202883641143,0.6174580823519129,-0.5307383143444075,0.8019250269757119,0.1567648391429221,0.4609737464536849,0.733254297939498,0.004531552952359837,-0.30633488762782046,-1.1408125103904587,-0.15112643292842348,0.14504365015865112,-0.4385010352098087,-0.8245000290782234,-0.27535010233438256,0.5672248020001397,-0.3839868030207497,-0.7711619135219383,-1.0577410124300028,-0.6663241093594984,1.2192855699099714,0.9968251778620448,0.48956609459678924,-0.005071171289752509,-0.022859386031071106,0.026845763245635947,-0.6906871369108781,1.710641250942502,1.5336527125365356,0.12214112088431556,0.6049152938998356,0.2637178323064196,1.3266655101757863,-0.8339801409962467,1.276718662846613,-0.06805336294262233,-1.2491415135333948,-0.5676867775445913,0.5924525216266231,0.29173098814701637,-2.6254730042227483,-0.8429184185708849,-0.14328870708608918,0.7793076045120714,0.7947490684489487,-0.238971484847761,-0.14375582955558933,1.099691093874222,-0.09177024447420498,-1.0217289848823983,-0.1887507629512567,0.11972783454449228,1.7256152661020805,0.16357806330619354,-0.758615844235196,0.19046036182800796,0.020955529277031308,1.2114739016888045,0.3674470590966492,-0.6410286275243628,-0.1395886368819792,1.5920377856395567,1,محمد
-0.0008471212489358673,-0.015594717884267844,-0.13994592742515094,-0.1512369909669763,-0.3279835237509438,0.06631924286798636,-0.06313268586652507,-0.1348119659881496,0.022693764608497983,-0.15282795649105435,0.10679741794415593,0.21722380540046302,-0.0912899771272024,-0.22160117454255968,-0.19557679745938275,-0.08135314015934332,-0.30055729493671063,-0.10304909550502661,-0.19395923581840885,-0.2306419783375087,0.027182337784159388,-0.21916487410999366,-0.19833473417186934,-0.03419141005453343,0.33113717484705424,-0.045761907471385636,0.04812500053693574,0.014468200118220162,-0.46333415393971594,-0.003739374098807861,-0.10030552451517386,-0.055365924954167485,-0.08618538877378343,-0.09828279596070326,-0.020398712569327522,0.1358324060123752,-0.11037736462867706,-0.027906662071009673,0.16038108797400952,0.07210886916195385,0.05753388737045971,0.033366252857643365,-0.13489921450615724,-0.03160509938265272,0.0448504142600225,-0.07485876685650321,0.10382275163280631,-0.14106043245227357,0.06927829751576856,-0.042819892241080154,-0.03657717256137038,0.17815442518969923,-0.07451740226525318,-0.11421932028571544,0.14395798592813108,-0.011938103946925191,0.18622387493436926,0.09440388361715918,-0.15661796143202894,0.22299307292742485,0.018661642169335416,0.1916236298328893,0.07033274838333492,0.15270370235552078,0.09704280223465038,-0.17024341510331548,-0.2657583204281216,0.13593124899347622,-0.17337729898518228,0.1596572165105254,0.15591277712376733,-0.12504579862529927,0.07057415973903523,0.13425502358165395,0.08078317170119655,-0.007511850675460609,0.004027197363578015,0.0610233827812625,0.2698516376445857,-0.10495444485238734,0.1348143771366643,0.06865753867337827,-0.07561076030238736,0.054396709493162276,-0.1116444232947766,-0.042942436085871505,0.09292474512737622,-0.03616435592452569,0.05037503268073087,-0.03760971728996044,0.08536585215758155,0.13841059515556636,0.21506574791617458,0.011285138722069462,-0.056895267233288645,0.005447438197531018,0.19185523198105559,-0.027116645254510758,-0.15851996573278349,-0.11403580287653917,-0.020721553870577777,-0.12044749037732365,0.12693557876354694,-0.16792606543835226,0.06549178286790679,0.9181916709507179,0.1946497742066823,-0.23955178476386724,-0.939796061106347,1.0195606834199034,-0.04342466629922997,1.1857065397128808,1.2547758386029988,0.9394822231821129,0.8845419219213093,0.7202915698253666,-1.5311970185454535,-0.5245427335048829,0.3287275212991828,0.7342171669064578,-0.7526472501217032,2.9264090165001004,-1.2082809762634874,-0.03638312677092936,1.6157037191465646,0.24506746423498893,0.22680066188621126,0.5161780567915173,1.0103135905627347,-0.5158190550779417,-0.9801239519897016,2.1771617784569246,0.36678677506707535,0.19533476698364136,0.4566477673588011,-0.8484555536190201,0.8186831396012674,-0.3486076717652463,-0.08097291115309473,0.7865156940597621,-0.7537038882216608,-1.9939698424490788,0.6639330737694026,0.5828300554612343,1.0894623250416235,0.06626576398091645,0.550599073419924,2.1639215230833204,-0.501842103580148,-0.23176048663997328,-0.9538787228674321,-0.9121063688985337,-0.014771771488199827,0.030971789103486018,-1.1773392706176875,-0.38321237945137193,0.7787484796970391,0.061264786213617216,-0.5551029783106948,-0.9473211176743702,-0.9150123891639274,1.1992521285815003,1.1774203578423492,2.0358305772729035,-0.6776387601763906,0.06272508994183441,-0.3482379374661735,1.010386069144695,1.0922968489156373,1.2138473030754586,1.0950957111095105,2.5578362421626286,-0.5338435328925045,1.06360874128318,-0.5793292572952651,0.2900510979833717,-0.21311896868189545,0.09780724474752682,-0.9359473720899448,0.4732125711591928,-0.3661598477982615,-1.879327586378564,-0.7175129991518008,0.06983952142900833,-0.31817209698730603,0.3307822743809981,-0.18035616925091608,-0.47251819703713355,-0.04758146478346993,-0.4713929414027465,-0.8332516355517574,-1.149103266597356,-0.8088677449309816,1.295810424438686,-0.03739965409425812,-0.5921496219997793,0.22308608690528986,-0.0399626083520498,1.3745994724799855,0.6204497455742612,-0.6558035416240409,-0.15789177318613584,1.6359173105748512,1,محمد
-0.14123967954724215,-0.0363873217284998,-0.2889410203718339,-0.2568681432197467,-0.28639346929128284,0.1316447642660701,-0.06500364187432837,-0.12608698611868877,0.0652610526579005,-0.13190034864573896,0.0968262774118435,0.1346478518949772,-0.061742206653293816,-0.49419394781720577,-0.22994235737901683,-0.0034546565744276504,-0.3017690097477664,-0.10350873698760912,-0.16683812014662908,-0.12986570342920645,-0.1540007215174449,-0.15121787889560706,-0.2264069533104679,-0.08347493634054316,0.2235976968910251,-0.09395241120979983,0.024738254439815064,0.03546628973285429,-0.4350643036253006,0.03008478562730157,-0.02716272222962612,-0.09035874352174714,-0.132484608156816,-0.1164985405795815,0.022902476973773678,0.06797468881424697,-0.16724196683368125,-0.008941127686167423,0.08597656270018918,0.036011820916165824,0.059280327064730576,0.09900773058065324,-0.08319725427787146,-0.20657985264334605,0.0836313874053458,-0.1117878467263148,0.07942091147429628,-0.08809946573188643,0.013927663754801796,-0.09960915063366728,0.06395628297810788,0.1903500294003296,-0.1369570297497825,-0.08170214117643416,0.08149846258694034,0.020875511801024645,0.1798988493238409,-0.0070649926214840855,-0.12590638816023064,0.19011276766579216,0.007085181902002338,0.12505001916602407,0.13053204576242666,0.09991580480415724,0.014774625008980071,-0.13308407177623643,-0.12282847676793716,0.1614252119301067,-0.09283788663087844,0.05855657801612727,0.3325207618473626,-0.10399835990479195,0.11720879566553545,0.1884977589157884,0.12966587595488543,0.023508818772443606,-0.0695261585910868,-0.08356776575255834,0.3716551830973385,-0.10790606585431284,0.046892860348791,-0.0645677359440773,-0.020361106227286783,0.01880492381485409,-0.13859447428966604,0.017040321396715626,0.09008894503382277,0.03247214660599475,0.09814128536008458,0.12146096654950043,0.06491455543938411,0.11983005543202055,0.16310091019069914,0.04447693883464855,-0.17395967169279009,-0.00041495462417682425,0.13598731681427798,-0.03965988822430717,-0.14499096835563008,-0.20235553842737083,-0.071496661864676,-0.083255522521962,0.15593659365238963,-0.07415710092310729,-0.012234325070305248,0.8833820858302933,-0.1359820398449286,-0.7729313800459484,-0.7401391167621701,0.4248560232017574,-0.11814510653233375,1.3188409693873095,1.0333965864324142,0.13676819552281372,0.37853414715012723,0.3730231937591676,-1.9363008293312236,-0.6207195808861796,-0.269415990241302,0.6177534770687372,-0.6360994194749603,-0.23127649572637157,-1.0426641763300346,-0.685545548394542,0.15963002898300407,-0.2745407318199632,0.04799430448342755,0.2810095163736076,1.273385313805514,-0.7097099689483092,-1.124926681405372,1.2271819292285764,0.3575883010674268,0.18692389784161453,0.03961099716320607,-1.370987298009121,0.307767459436546,0.3288885287316444,-0.10707817979549906,-1.3540754117099019,-0.5672273679682963,-0.7254092687966001,0.6636485035918285,0.19203883249566558,-0.525453923556827,-0.8229864545439558,0.3272839015923449,-0.5096735832373724,-0.23624636261545465,-0.125922123218951,-0.7203738048565352,-0.8181075411481395,0.4273970560188849,-0.3480092978356462,-1.0239596230820653,-0.20943297848586068,1.3691237462081765,0.20658147572044405,-0.475633515804088,-0.7046583867388895,-0.4150536920187333,1.4449052360038257,0.6540016136234679,-0.6159349208729494,-0.655010416230804,1.371703876089426,-0.24163964870180873,-1.1675899659033286,0.04348277917666907,1.1397962687884993,1.2654159232372715,-0.39596519736613256,-1.0003311331710818,1.696840720922727,0.20804360445512002,0.4667736987716772,0.4166468175411874,0.20851763542533822,-1.025212520599553,0.1528200135580001,0.395375355901362,-1.1538422495932028,-0.5754957911657349,-0.460485114459362,1.15111434030616,0.31696555386909114,-0.35621401960126337,-0.500274992174449,-0.1578239705693357,0.5344626316489066,-0.9353751831691651,-1.3599085526144676,-1.5784522601834303,1.151227543264146,-0.9523526217426203,-0.870995103547939,-0.016094836256301124,0.7127059457636089,1.2500965275443048,-1.0281692120572576,-1.05953829411969,0.30692964047175303,1.907806577402504,1,محمد
-0.1336546815137332,-0.04931360879948401,-0.19436528782995782,-0.2847452622217281,-0.2592631536210606,0.12362388096237548,-0.14067668846817857,-0.12454748938612291,0.059636392664954616,-0.07677043292467368,0.06897212419399391,0.15735439190627243,-0.10636279760176041,-0.5398914681089366,-0.16279978109574791,-0.009108886889236834,-0.3023551542053321,0.018010649138616486,-0.2167117850535309,-0.20246702676638337,-0.1516202022122883,-0.19893901401046016,-0.3034525077977359,-0.023559057470097226,0.1441357176902575,-0.05675824137503758,-0.0021865656704441526,-0.06906516040427271,-0.5427446221686225,0.03579339537689816,0.1000695822977183,-0.09182278835571467,-0.14478917641601668,-0.09446335104487617,0.09545431581173813,0.0534538296508289,-0.10210608939754469,0.05392876222788922,0.0773912072560859,0.014923671016857324,0.06974686842033825,0.11827531668996681,-0.10787038931955363,-0.23884851969227403,0.06406520028362737,-0.14563643209185184,0.18381453906401032,-0.08215762785047262,0.10716150015892176,-0.11129553534445254,0.051023434770842785,0.21743408438911507,-0.16848756708022322,-0.11869980544722984,0.06049581645966491,0.05115956823385895,0.20176806722355622,-0.07857496390223502,-0.09930189955801454,0.11058770311354191,-0.05112315858500041,0.050416649220245614,0.2514370503343138,0.20963559537956583,0.013216058069543719,-0.2173099280864151,-0.06158213118838853,0.09256679414327383,-0.16069155704530297,-0.037852584101703377,0.3587040195801314,-0.025854663356950244,0.22205504045948618,0.22182841107844448,0.22079781862257022,0.09987356014665956,-0.054177319228900164,-0.1747053415804332,0.3125489969995295,-0.07866613052748365,0.010322844346476815,-0.058837906507858084,-0.04828056452497798,0.07362815312320392,-0.15892612363732886,0.016224698109691287,0.0848588682135801,0.016460521719792766,0.06123294265068586,0.09324835705777632,0.08931630462980265,-0.009182874139569417,0.17083155734486405,-0.06195034442422036,-0.12480816537990631,0.012959750018803298,0.1286886718555459,-0.029014586249000735,-0.15502338843177035,-0.2092846059438608,-0.08818180669797542,0.013315970359759302,0.13171854990685974,-0.005250377779521519,0.07598089768599256,1.2645488944754322,0.0917198078430869,-0.36655681115025623,-0.7148486259737645,0.8764133389150612,-0.2059152708810765,1.526638388047779,1.2520901434858056,0.7524685072469757,0.8621853539572626,0.2828594135788912,-1.4898816641240775,-0.6113992636304593,0.360372101348769,0.523344315054932,-0.9458881936713947,0.3232870688341527,-0.7638444725679013,0.04634396744509358,0.2304597646947322,0.061773255082994485,0.44318883205423987,0.19130437675430653,0.9309978641066649,-1.4103583380100495,-0.9593072382444344,2.25715687622215,0.6438027049986808,0.37654519868427627,0.7377823571896983,0.11310712629973878,1.3843634077579292,1.0010345522883755,-0.03563651356304467,-0.6545303554190836,0.006108876480131261,-0.5375264844204088,-0.2541862799486193,0.0896497788049307,0.46805710542649076,-1.05211189782599,0.41993141897624264,-0.5004140911992364,-0.09248161616931008,-0.18662893099873,-0.6096043290451731,-0.8045486492709498,-0.061442817878042136,0.8042629486200579,-0.7720880175660149,-1.099496831926937,-0.7383254245894221,-0.2992764385485477,0.3134370377239457,-0.7502470745475425,-1.009982640779276,1.41069728944493,0.41273350954839,-0.6142828795055593,-0.046551025181552505,1.266379360731169,-0.27820834858508925,-1.0390862678700752,0.019761241285512442,0.7970895764696041,2.520713643443026,-0.3025922651070767,-0.8093555464450283,-0.1796263947727884,1.1640053177205383,0.06246722734419615,0.009614696559427887,-0.7100196085526209,-1.4656350425999793,-0.46552652729332583,-0.09224101105915576,-1.3710299173608473,-0.9477393104891189,-0.31719426088012764,1.7168176861876119,0.8229808244357443,-0.35431831199469715,-0.09547356219729546,-0.3620527861317628,-0.507720097040815,-0.6790293506959053,-1.5678064565074885,-0.04559927858096506,0.549055167089645,-1.1426862120773564,-0.7865964137973466,-0.2425724379362292,-0.4982461222005717,1.5048997733363387,-1.033439230108431,-0.5915387672091625,0.6323987205990154,1.6118217118865934,1,محمد
-0.1970966858363306,-0.10088842348832983,-0.0932388861617358,-0.22155790887659862,-0.25987471996302636,0.025821133420607247,-0.18767113464090904,-0.17721520573446298,0.0366942975049182,-0.03355044336660892,0.04462192014670401,0.09741213270935736,-0.1698211281331939,-0.4075908048427188,-0.11499149429052824,0.04986720427665441,-0.43843770760049355,0.000806130672825009,-0.26857516689642036,-0.049510954526619216,-0.1338471121811179,-0.08129134386199822,-0.26630043105387735,0.00315765824101774,0.1917341225010932,0.019336183223739527,0.007430108688766062,-0.025552322691200488,-0.5687010807538925,-0.0019659806011744284,0.12782392736502352,-0.12463121270373921,-0.15326334167196384,-0.1298238789263409,0.1618956119646935,0.09936438499249894,-0.07147605310862273,0.0964165545434327,-0.005982396673931677,0.05283514296531441,0.12432081213961031,0.0839582795087542,-0.1744315666282886,-0.19544079562693437,0.02092763573764634,-0.1784012253191719,0.04429288305810804,0.002851364780204563,0.005697381111577337,-0.04717377661853184,-0.012250691421387041,0.23544712944896656,-0.19684598852815927,-0.0952276786161426,0.06761544726686763,0.16376503519790342,0.22449897129211413,-0.10544388900667177,-0.02611443870425117,0.0013485932987712989,-0.10192722444889385,0.09316009210575958,0.25487628007464413,0.4221134349958228,0.07678897862871836,-0.16008026570255976,-0.09420960568116707,0.051850809271012474,-0.11585828879395939,-0.045016550958509746,0.30345452617150365,-0.032933877875025545,0.32092091293050196,0.30878640102086313,0.21027395762977583,0.1844356556264027,-0.11064564457159419,-0.07367396743168424,0.3054751465490791,-0.06808074980926143,0.04454202966420767,-0.032489738237268403,-0.14312168878949025,-0.014971636656219443,-0.2183600255629351,0.029675718997886225,0.0806612855177801,0.024006960599215654,0.03493123167635455,0.035807010206304134,0.040188928710033635,-0.020302395232813946,0.08966929925324796,-0.09124664211590416,-0.11015114832047633,0.08195638375248984,0.10898776108797595,-0.08192249574952855,-0.09446945786662839,-0.1821633998634811,-0.0012203191723141567,0.071964310019836,0.10229879216454348,0.24665313462153277,-0.09097948101813451,0.3682879390473856,-0.359185570223113,-0.9783159743334383,-0.761251038303482,-0.7068251242346508,-1.3861480171371547,0.6961079988221979,0.8815893411173513,-0.23022734074753035,-0.22402726695044123,-0.28073544676025364,-1.9507540138764878,-0.9534023111537094,-0.9315952762817555,-0.710489112888253,-0.5729569465656399,-0.5090017764915387,-0.4959768886047509,-0.7491638895729467,0.08443930836126334,-0.6128818863438917,0.24455737135611852,-0.17863650537790912,-0.5231687585121828,-1.333753709668105,-0.8614707380601958,1.5798478872551005,-0.3705103759180548,-0.7345526226601974,0.9410012010086702,0.0002737229343201597,1.8283526134279318,1.3967315903393285,0.536617452629392,-0.9597769522063166,0.3099472609204775,-0.10593001430325014,0.5217160867427055,1.0451606538752807,0.3939693310972976,-1.152685532203777,1.1351033438695035,1.2620231049277224,-0.0617268814893967,0.51539703394743,-0.3509262248365127,-0.6811733482854598,-0.9383038325754429,0.8970356125080271,-0.5861294270286046,-0.2912087893978687,-1.1970624919388855,-0.03926787024632632,0.5510623084637648,-1.1599367711423676,-0.4020514152557555,0.8637904183029312,1.1565565628863819,-0.09787034125576605,-0.5354698963111264,0.639004065544387,-0.10239559561620679,-0.03381966792619296,-0.32670946759602354,0.44140024359272084,2.5442796090438886,0.8077732876545602,-1.115099360751728,0.6054940850251397,0.5888497261737251,1.6004659736986593,-0.2901826292631818,-0.3965386412503126,-0.6671225681454112,1.1806701509086093,-0.10808568679702864,-1.629120961392075,-0.7304401221589687,1.4984001314872328,0.6922351280802581,-0.47262584209485226,0.06757487323353548,-0.06485369298152574,-0.7760021034658526,-0.12348729793200126,-0.14485939210852739,-1.1614573533355073,-1.2069850926388344,0.8001432846920908,-1.157899969292205,0.052345302719780495,-0.04987225277187291,0.274133889824327,0.1426762647613068,0.36233535288383945,-0.3970948158528848,0.6855207594436914,0.12567736833000687,1,محمد
-0.1568425748157217,-0.05691291506845836,-0.14421222954492974,-0.2884075863954182,-0.2527644152685011,0.011823474002293591,-0.29513670416021776,-0.20178159962460368,-0.024723447302093797,-0.01835626346984385,0.11720817795522866,0.16359612786834712,-0.09234895100284492,-0.27576738254889577,-0.09755446569206952,0.03015488048593002,-0.4672361564380886,-0.02038288662998298,-0.10830364626330313,-0.07882184385555792,-0.04840103316540668,-0.10973208394952187,-0.2195079795293183,0.038632313728822795,0.22679589903233888,-0.01377930519580401,0.038426349395841934,-0.03017594269716065,-0.575913151144724,0.04512696931025567,0.11814393203101321,-0.14533906925314322,-0.19225324705155494,-0.09739336613173477,0.2555630490085733,0.09953435799892785,-0.04773401673336003,0.06455984628764315,-0.0529736536983448,0.028949333049862618,0.06504891300833568,0.05815775437384103,-0.23011666100024464,-0.24897201836731267,-0.07234047575584614,-0.1874300002603043,0.0011884611761741886,-0.07180801005563586,0.08879961646437211,-0.12385299917848906,-0.08555835828278151,0.18354220647702635,-0.19694954483856394,-0.1395449893007387,0.09824069643150833,0.11117924988821949,0.11560583750377902,-0.13256337836622445,0.01581575075579493,-0.043957161108806264,-0.21489156628864303,0.15710356631848404,0.23476023951674405,0.4541928792537029,0.03372775904605679,-0.1217461329390219,-0.09923889416447196,0.0612028118516252,-0.0004941090220374344,-0.056340498796054385,0.34470764486130256,-0.05430502214805775,0.305502042099997,0.2607585148906298,0.13582386845885125,0.0706735534007355,-0.19746971876204955,-0.07170152143708336,0.25293390129978477,-0.07134078102689712,0.02156856423218764,-0.13623722899262738,-0.15438153275789923,0.017805365855886126,-0.20424904598905338,0.028583281841578236,-0.003233727029750162,-0.007556925543943424,-0.06050220338113777,-0.00280070863496379,0.0346025009437238,-0.03933886282146116,0.04901987816788361,0.03054609936577134,-0.048633561214850816,0.06860008457626456,0.1344914231135951,-0.0063389218411175835,-0.05195627832720438,-0.1643275438187197,0.17718760829466473,0.10721028488279688,0.11077104041646102,0.2790198370168215,-0.07704653555374305,-1.321096702587439,-1.1006518458628662,-1.1010412562240717,-1.0285490257791376,-1.1215896356378567,-1.4713774084689006,-0.9760503758050136,-0.9112169073415403,-1.446355590255047,-0.8814050110802861,-0.5003085622573163,-1.4783017258936748,-0.7815407797334294,-1.5728521414266143,0.36112409315669547,-0.8211317406461056,0.007596958404657519,-0.6948100944404296,-0.4594855315196617,0.22733392558731044,0.017288677806970302,0.761807773753986,0.6612189363436901,1.0550316634472452,-1.6170128510553232,-1.4782022270110222,1.316424476459522,0.43046736336870267,-0.30202657156180795,1.4125981458583594,0.1588756709751147,2.199369283589064,0.9862492488199944,0.3482041248266522,0.0640564429805699,0.44269986646629383,-0.3137236237704605,-0.178502970998126,0.40578424047614053,0.8240644948089302,-1.1925941639694397,0.660373446700784,3.1139763470439283,-0.8543477501192844,-0.5511614283577645,-0.47978167553541023,0.1188541434152363,-0.8181243780165853,0.20774065360343788,0.052082454408531986,-0.7230808544259737,-0.2599335592833186,-0.23605054891693653,0.48074707928357857,-0.17247197092392794,-0.603641559842105,1.15060464182754,1.074599466440664,2.49035182563129,-0.8803999117106208,-0.17338766611269332,-0.40420106634101766,0.3791428241234632,-0.43534180593213845,0.33576450469946967,2.7668874888414137,3.7855653633260644,-1.7686673427396875,-0.07084684162790547,-0.2986333910653871,2.8730266516050413,-0.7428186370211619,-0.5782636188568182,-1.220335019793345,3.176795050358664,-1.1166326273330331,-1.325684425301134,-0.8567895438562045,1.1371104756381472,0.13687921670930903,-0.27763753517532447,-0.0015791689916141382,0.33260469684621213,-0.7882327267664411,-0.20612752459836006,-0.105513108757576,-1.0876269751776928,-0.5271037656321299,-0.021424232357878884,-1.1326219938300242,0.6954523864247584,-0.2615205288837548,-0.3246640824836067,-0.005951227207268479,2.8387175261911883,-1.1128470366214003,0.19888771079728104,-0.19826669961192417,1,محمد
-0.2995493861405046,-0.2596826584433742,-0.12772086643190284,-0.43278243135880756,-0.29523018595977624,0.05770500214443516,-0.25165652463140836,-0.16981287218301083,-0.06403953678604615,-0.09806697690970187,0.0804805965752888,0.14850296184373926,-0.16461068895521297,-0.4088056893008101,-0.02148792508132161,-0.08217165497477326,-0.6520413777529338,-0.049486933681080376,-0.04224232964184125,-0.03626515742828449,-0.13438446698887227,-0.08280516378611202,-0.17984793497148302,0.04351986051756875,0.13665852762722366,0.0527170822422552,-0.03576055540741912,-0.11071330226848639,-0.6730936839238996,0.02036335352250109,0.0431267372105136,-0.12094868371783056,-0.11053383246636643,-0.16210833878437197,0.11652214720914554,-0.11133779477207939,0.02199142863413262,-0.07023074533774697,-0.02768276845138938,-0.10300848677878131,-0.036012503442355355,-0.10471389014330046,-0.32777112788378193,-0.23158360332403702,-0.20858488871109,-0.3436570922881445,-0.10484301861340961,-0.1761511537409208,-0.05585923200950421,-0.21360224727368204,-0.10269260025097912,0.11229517949358273,-0.2587024866537429,-0.22204963469925243,0.023215988027928746,0.017635316203302633,-0.03961634603011159,-0.1571295599044367,-0.012675203363724123,-0.012713994116684899,-0.2842234153478923,0.08913280237335956,0.20826694233040866,0.29954815512702543,-0.014119448035671079,-0.2143086819610798,-0.19725834972257905,0.05045138397854968,-0.011094718528329566,-0.030229431832369067,0.1927876173892266,-0.15719073399107317,0.185211575703913,0.15138831027800867,-0.018766592639430073,0.10246402996629438,-0.15409961362038754,-0.09298128219544324,0.20933228407645144,-0.1309852199102961,0.02884444051707162,-0.11916744797866166,-0.1716675879519353,0.008882087198444565,-0.18953486634826652,-0.04551116699259445,-0.12445021423370037,-0.07859285354683522,-0.10273722853660429,0.05696472383381529,0.0001124914951811027,-0.02317753660230058,0.02605100876316592,-0.0357177270280126,-0.14503432422741633,-0.0863641310637448,0.12236219652726037,-0.06708085223197902,-0.08189414195660705,-0.24627840753804897,0.1961963234060935,0.09706186029811964,0.045145141395849006,0.3077645811217438,-0.12111170290269065,0.5224039904364709,-0.9148598168750238,-1.1499355229319388,-0.8356821754050403,0.432050700819825,-0.9530780997555899,0.8798461195303999,0.5238773624285639,-0.15696719233507983,0.2558598199454399,-0.8669313569184138,-1.0129410651884363,0.05779844308984652,0.08033359991164775,0.8300334667300402,-0.4676089025044336,-0.37471726837764174,-0.48199965922751353,-0.3456259975761913,0.1007117777248612,0.25117848638347784,1.6865577859705194,2.0973729495447473,0.8514864060393148,-1.6111584568283424,-0.5785863787218833,1.8227794027588304,0.7399175606447516,-0.11345175622048347,0.2637195092208113,-0.24640176770030256,1.6488820011401646,0.28475105659240835,0.5647258013369078,-0.6827747212837096,0.8090882931665638,-0.010213851929428756,0.40100883093397044,0.2573794690098914,-0.31224894629364636,-0.7224595494540824,0.692672303969381,-0.10354041414412225,-0.7596757820765114,-0.5631460960608617,-0.5149859001198087,-1.0350067075087996,-0.3436456476150205,0.6358335451194539,0.2519666408750798,-1.0437470733136869,-1.3258577293873686,0.03668007598306848,0.7745395361618714,-1.2746216598150095,0.42995413958474993,1.9138188575040387,1.3638455616779284,-0.6595349484336989,-0.2821251217816424,0.18229731366921267,-0.680124083603169,-1.5729580884432606,-0.38645784680378065,0.9975059624469022,2.7485141886212623,0.41940482231390236,-0.9896134005190886,0.43396597025284006,-0.15381309090264997,0.18657014280408038,-0.08776398506233252,-0.5492142941042738,-0.5371377411796441,-0.5630671115587212,-0.7411514837426555,-0.6886680065541995,-0.6519280504466929,-0.38187022253200514,-0.5362440927087906,-0.17261845750887783,0.12414625812019689,-0.49798176833623875,-0.686133603187044,-0.7812018042687817,-0.24243165461375457,-0.3404247816991595,-1.033766529312818,0.11417199834549288,-1.202702759697037,-0.1127484907600755,0.13530040841407942,-0.6248809972955449,-0.3053835722049611,-1.0321520103265,-0.4120950344733915,0.2043800737899219,-0.05337691127559566,1,محمد
-0.3137614106455066,-0.26215956487610664,-0.20380578097925967,-0.4316118074878079,-0.21589324715235592,0.08955670595479416,-0.19378928255969521,-0.20496613923709184,-0.027417777283746062,-0.0766508449677789,0.07581563259679472,0.21277857589844396,-0.14941226209177733,-0.36644722592238244,-0.04242904743076961,-0.056214895440932236,-0.5965609671955078,0.016742872244889375,-0.07788011811088566,-0.08894169527931171,-0.12921538548978645,-0.055832519029045284,-0.18908336625834793,0.01572533215522234,0.023316921946513636,0.03740413427292059,0.0060553822176268035,-0.03300163087753567,-0.562720555909214,-0.07008897125828203,-0.05833857153794512,-0.02611741558458716,-0.13972262067882305,-0.2381160938272284,0.01832834915408559,-0.11183644525949889,0.06466907862720801,-0.1433683558261357,-0.01897257252296859,-0.11950100697320579,-0.0009158012349612463,-0.13874957691827952,-0.3739510644157578,-0.22325132194386146,-0.1600687869627781,-0.3375864760235892,-0.19108110992620203,-0.1982019644364723,-0.013175680722758995,-0.2384941916487598,-0.173326266948556,0.1439273183555088,-0.18525228959517448,-0.24971459947654784,0.10426506395603935,0.07241137718410394,-0.06470671183271888,-0.21314659749825357,-0.015937422773595944,-0.06638410308965383,-0.2778915285678223,0.04267710131347067,0.23276379586501333,0.3108570275230749,-0.0010006202882211826,-0.12820742911454916,-0.1999201003220216,0.15022041241226622,-0.09198624976814995,-0.06732520143040377,0.20281191137835466,-0.14847333834395415,0.19670421956927267,0.12464124866735653,-0.07411083347833582,0.08886981943731782,-0.11292111671058776,-0.09926620462135109,0.2130645877133517,-0.1525977442044823,-0.030653643335376828,-0.16504186315312988,-0.2590018575273333,0.017073790971332835,-0.1398322600033245,-0.07392714008691607,-0.14525208923848548,-0.004245681400548777,-0.0042357745146306405,-0.03714153188390269,0.007138473086905386,-0.008570460199098011,0.031889632354671744,-0.056937756692131386,-0.08968299168499629,-0.05275397028590887,0.224373353234911,-0.047705273335928104,-0.046896792886165335,-0.27213629910814835,0.2710244535464946,0.11647471184638741,0.1014599473523941,0.22252405018053975,-0.17446465115558013,-1.141650807968744,-1.4904905924777705,-1.1452204619991073,-0.8718434113111604,0.1593119833833264,-1.30465817214142,0.04286819573098031,-0.6988927370128761,-1.329174089840069,-1.388262416360164,-0.7914382735102162,-0.8854807750166486,0.09292690721045482,-1.1916197824425263,-0.49167696384562776,-0.22099466887931807,-0.8337440341789965,-1.1711211685995968,-1.2993941407237588,-0.28308656148825945,-0.49444392329312936,1.0742890036464536,0.9071796668685891,0.5376137076816612,-1.7282700958777701,-0.6575070446568779,0.9010758347012313,-0.3714004075345767,-0.4709916932051771,-0.06331562769296005,-0.0894365013470806,1.6298677794391028,0.5973029871292399,0.6778743394781201,-0.3164246898046732,0.2504456925331627,0.05562356883971687,-0.23612202050429745,-0.7079546325218513,-0.19903917386378484,-0.2801541089463045,-0.0750357713954425,-0.9372702851002441,-0.6843818018436124,-0.23070207200486798,-0.5388314740639576,-1.0576815197836407,-0.7344238640029296,-0.17509160015843023,0.2921668455396042,0.25357823409475333,-1.6068677653439267,0.6867727114576239,1.5126597847012044,-1.2687580657541402,0.9186020768946238,1.6090232924367036,1.2052756645030251,-0.04449642411191364,-0.24817529058511759,0.8023839503292061,-0.7544578366860033,-1.401426801835823,-0.25288415174313345,1.6447293428619447,2.4963677214027373,-0.3787904738435749,-0.09123463621411285,-0.14626333493194715,0.09872653369185155,-0.27839648661503497,0.33508025426760524,-0.5531101781000317,-0.266495810325924,-0.521649425984358,-0.7149848835651531,-0.5125392147147831,-0.6044816376332933,-0.2650208627045303,0.18121008962388369,-0.04283055472332064,-0.13179502480824248,-0.3408806306925533,0.18078450927041995,-0.81614349435896,-0.03443672786618708,-0.8417279811199273,0.5928269132610863,-0.14401022033676414,-0.9899395088899243,-0.02324705539301822,0.7342631087987765,-0.10369120262347849,-0.6748107528464371,-0.8766455671420716,-0.8133758761077909,0.23598768710670195,-0.04003551923660136,1,محمد
-0.36395529039803054,-0.2828175003066587,-0.28726323537700016,-0.4227648559955774,-0.32001921246692394,0.1604133438493657,-0.1547449780495267,-0.24012177402337134,0.06117605292847396,-0.06393786467317934,0.13167226281860656,0.22646484843571607,-0.007518801859784482,-0.5375576811622924,-0.056692764085158776,-0.18999508297227327,-0.694559798015874,0.014053825409719846,-0.06997833031773927,-0.08009102880187464,-0.3375467798328127,-0.1996892551871317,-0.1370315084455866,0.043290890890603485,-0.06251366622007619,0.18963887664498214,-0.10328401503088394,0.0358313172331785,-0.5255491191134488,0.008331583440930527,-0.1870553074273847,0.012831566363870155,-0.022322458539530764,-0.12228546913387377,-0.043994287446370614,-0.13333057755184494,0.12936552017200575,-0.1640408316733312,-0.10976376248099953,-0.23032602996665713,-0.06290000645166428,-0.14316833428894496,-0.4378551476035412,-0.36815467183818107,-0.18768289198512098,-0.4779472189866326,-0.34383675380061995,-0.16863981275264275,-0.01450037631406966,-0.32389884979336514,-0.23366664244045796,0.05416614580630584,-0.16728888771629805,-0.24926790601585297,0.05083439445320246,-0.14076852999236972,-0.08569358719621988,-0.1682240171470737,-0.09682625378525854,-0.07059344641245303,-0.25316567306937826,0.037539033805390136,0.22087775411709537,0.2666890272118954,0.012357109987473976,-0.09639088442196816,-0.1310600667231535,0.21000854677448463,-0.11581913460116906,-0.036771257212120566,0.09384132723704712,-0.1813597766814026,0.05622652146474346,0.015913520627265625,-0.016769529071427293,-0.08128477908767189,-0.10195969412330479,-0.08960564738924423,0.14514362252272464,-0.23740112915973108,-0.04887522481424667,-0.0444753252701403,-0.3119888727694504,0.06472903150928366,-0.09402769095036626,-0.1806554609014764,-0.19734786598813098,-0.03350554567935272,-0.016406184655998773,-0.1253738556641671,-0.020501614345494582,0.0013261055949100407,-0.06111129333544055,-0.03220795583380609,-0.051631341029681345,-0.0453938455699022,0.2526104324082277,0.06939254814718614,-0.02506130981633125,-0.23422654604179433,0.23446195742320147,0.2623314918576259,0.11807428452533546,0.15161583582775662,-0.1356114643994296,-0.9815206455633488,-0.6063305560350498,-0.4512614808578101,-0.8878303271409855,0.2954140277237183,-0.938314879627623,-0.11966119155224446,-0.36092451383054597,-0.6649755092210837,-1.0008813234937646,-0.47018875604910776,-0.11118192457932098,0.13227673812354734,-0.6906266514518029,0.12324994593515017,0.19024564674042602,-0.6176325779153743,-1.041647815587251,-0.5487778830305416,0.7480576569627525,0.03384314211619292,2.264125121590037,1.9943099485751332,0.049314443182778216,-0.9506305511224314,0.2674521502103633,1.0909939472079124,0.012513353532272389,0.047503974161518296,-0.06335429817907019,0.7462413717374233,1.7806960972309889,-0.20839519202550877,-0.03765824715988809,-0.17669979942675437,-0.6033036501791275,-0.38615993969512086,0.1778076547553081,-0.9329058043309083,0.2928776985584486,1.3787462395076555,0.6872210225176931,-1.0582824298135896,0.2051737511623791,-0.10807154946457781,-0.3371925852060297,0.5988932128605048,-1.1042040739830223,-0.45931707191640025,0.5037326484758309,-0.07613162970538728,-1.8138548521727937,-0.0642789368765299,1.3502278906894654,-0.788757035218821,-0.14782349301488842,1.5895391219419797,1.1952540762809627,-0.5978023348461526,0.9124968895835146,0.1967676183316462,-0.5474311498875772,-1.4912783424687772,0.15285528262393247,0.5103530566733947,2.7802411507756366,-0.5512957935855071,1.9047944028810835,0.07876899607674248,0.1538895577319212,0.258463926597087,0.3392606897961412,0.28145089762638975,-0.24917435313214975,-0.22604787717492145,-0.4025643628403631,0.5848893969030181,-0.1684616797111974,-0.5339872817967953,-0.7408966710091881,0.14055290761115605,0.4002199045312483,0.7227879334808796,-0.05697151543365001,-1.0639397226386709,-0.05056235217508857,-0.05415356439305915,0.13449723101216787,-1.1742257211084979,-1.0582076914929064,0.3127458341296556,0.7061229401700987,0.4485004248813852,-1.124216728324943,-1.0781516415901966,0.45386046393613566,0.427020274735688,-0.1115114569586405,1,محمد
-0.2425346302431143,-0.2603860609494433,-0.2738500007839532,-0.2689557001650016,-0.19337522898111278,0.10441477641002594,-0.13514131043845365,-0.19557665323572893,-0.06324078746917525,0.03473017836154237,0.18331358207434595,0.23627405399402948,0.06326887315246096,-0.38621338398128807,0.06021873732010771,-0.11927496323429329,-0.6328891595201875,-0.0006247680524309664,0.05572677388254671,-0.04947408817649178,-0.3270990279118916,-0.24264079502928168,-0.11575294609195788,-0.10948912374370202,-0.09463285777279105,0.14578824792099418,-0.1777377960737094,0.12637371982867435,-0.46484692256244414,0.009454413028270367,-0.09985220635848822,0.09384415345947167,0.1104213949512865,-0.034400744520038426,-0.032412813109388046,-0.1615691880022165,0.02378697455482714,-0.1272913151796106,-0.14196004091806935,-0.12837384176532102,0.12441234871271646,-0.05633598833907747,-0.2640919510171754,-0.3020506595039357,-0.14072923338591448,-0.3513532578510483,-0.22704839019925957,-0.12434234785971189,-0.012222682874962823,-0.2951362083206843,-0.15051844805241238,0.24117051725700794,-0.038825665660975305,-0.06026527550118037,-0.03587696893755234,-0.03262417858036517,-0.13161131044344793,-0.10252500640680412,-0.10483005953876323,-0.05881386852286119,-0.2042544173617192,0.19551878550699925,0.26782115858938876,0.22538842861801703,0.09173096434449989,-0.058357835835006935,-0.15685855932916865,0.0929400979447216,-0.23840624582846479,-0.10808354831906682,0.21821131649815323,-0.08372750323745479,0.09887369480438886,-0.0005850600620799068,-0.011598652577828036,-0.027306382558241908,-0.05926603511459597,-0.02980709231664821,0.13847011799398598,-0.09440637491942669,0.08747764032321502,0.07183116948573325,-0.30503923034847075,0.02732722137595079,0.024104774975761186,-0.1510549246403433,-0.05964338407240121,0.007032262693625763,0.10991599839525808,-0.044806285711198955,0.08036671196619542,0.05634810594719956,0.11158209733100549,-0.05828241067133899,-0.020734504288467497,-0.012800744669736585,0.3435826547976459,0.23338579935584078,0.13162355338716436,-0.04500759139400026,0.2208583977952781,0.36067525335863493,0.12908136191342323,0.14039747045826628,-0.09686567218801025,-1.2760670942808037,-0.06570730946569461,0.6232802995349508,-0.709912868506671,0.16384284865109153,-1.2629313096577066,-0.14349927323124304,-0.3227871064544591,-0.9072144643256517,-1.49727215485511,0.5296095265120019,0.09249226863801667,1.0154241482984756,-1.041840061393198,0.09921383545371316,0.5693901604178269,-0.9458430020896377,-0.888641440576251,0.18057249450791624,1.6365897051093337,1.0185557905970646,2.425274820224273,0.8859484068348451,-0.15375434484114023,-0.03213906549014267,0.8766435443650509,2.140509824363346,0.439655890757735,-0.3725709054997471,-0.5752876351248821,-0.352102116153037,1.5759809394627202,-0.7959015249772605,0.5013493647795999,0.0371434675226508,-1.2705081304735366,-1.0436444741030961,0.07449787945493118,-0.8232394002199508,-0.016804509521828548,0.6517432136122105,0.5786834955779733,-0.9007845591576326,0.10437655296228622,-0.25270081020287627,-0.532375828446257,0.3770287416563603,-1.0870448509745492,2.3255475030021144,0.4467800502584341,-0.22311783177198208,0.6142533044155138,-0.10040351755232456,1.290837220056943,-0.9726786010700702,0.511180680999581,1.59113546762883,1.108765531022749,-0.19441227770853736,1.633703937748468,0.384938852029459,-0.03505962878646585,-0.9491708922869911,1.4672646489856076,0.8625333301827864,1.8182071108656044,-0.41243441385869567,2.066434233953602,-0.03946377640628071,-0.06701183641949332,0.2544544744817735,0.058430210649417856,-1.2242834405537628,0.5368375002316479,-0.09070903840256173,-0.3484289938725099,-0.2855004442799189,0.9573570051595531,-0.291852688719207,-1.1099078606643267,0.22209353354221886,1.01258951767162,0.20613664052518724,-0.02013492976062073,0.029670121546147028,-0.21681113435704352,0.6534955534645301,0.3294667113904779,-0.7617447619583542,-1.134263099359101,0.5790362504591638,1.3614050255642478,0.73841959356276,-1.2893523383273364,-0.7275154658067327,0.7696996743734376,0.7259461875921733,-0.28473032048761776,1,محمد
-0.3103576650615548,-0.2555775465705046,-0.1611514620566647,-0.15003358806517006,-0.17591508476219922,0.10884697535601874,-0.18954509651025284,-0.26245281713902685,-0.035804616995460864,0.027369600678165365,0.17593045315913697,0.27113698775732675,0.14796099162213708,-0.32061494960006665,0.12871415024319127,-0.18878656186412354,-0.6760593254839857,0.00951945746325978,0.005413164777902427,0.026886120287911024,-0.1663075713780299,-0.2938729118078041,-0.09856333775162061,-0.11753139342767242,-0.14483132393205916,0.16635607520572332,-0.1880077142009166,0.06513629931011868,-0.49956514117877415,-0.035119901587217804,-0.11874489285279952,0.18695273545900268,0.13327991629943892,0.03551489346865505,-0.060857628688301635,-0.09300166492739634,0.018480426800132788,-0.12415864286295498,-0.1947117868542316,-0.17045291769522214,0.14667766607494975,-0.12437783498690756,-0.23130021004795956,-0.17837352668456286,-0.09070898126232334,-0.2977738887322524,-0.3224511216399699,-0.20066811435777546,-0.05035020861126025,-0.3859668184701192,-0.2637411560787272,0.17490056935871895,-0.044277066895871756,0.019786377970639594,-0.01127100364661812,-0.012883108259865125,-0.15101068467522177,-0.06094347874718565,-0.13922855368161602,-0.05433226394401456,-0.1543943413467074,0.26367307460596556,0.24413323352023678,0.19475502584660115,0.07146313503178307,-0.024568991734419798,-0.17638932082497832,-0.006420146709068082,-0.21229534272803421,-0.08363142977240305,0.07215246150128636,-0.06274886393407496,0.046883897433373276,0.028916420382069992,-0.08069718075146308,-0.06605959441267782,0.0027348653703202722,0.05855043244504795,0.014949734518456994,-0.13531564731652201,0.06701815719677463,0.1656100751505837,-0.30588486449198804,0.025930700801982697,0.040390431511501415,-0.14125755708208712,-0.0051901530381283,0.07334323807992656,0.13534562361141078,-0.08084742707214787,0.08533278943903397,0.0229087598783344,0.20305732790606348,-0.030516523772448293,0.05826627337097214,0.10602203298428636,0.2723419588118302,0.26957118157641496,0.15128012184232476,-0.06146025822497443,0.34846798182782507,0.3196507518255617,0.07334268559235774,0.12063474004381694,-0.09312655221911921,0.3777555346291408,1.4076455216012522,1.072356225319668,-0.2375494530683397,1.9962903284716833,-0.03641164620469876,1.354828972606233,0.6864231000624588,-0.04561290297039793,-0.0038023107033983454,2.165791420833627,2.4099183075157224,1.7147205337732376,0.6316982226628785,1.543913061744542,1.093880349603826,-0.89354167312421,-0.5354637503451662,1.5252675491692476,1.6784609173460665,2.15825883379452,2.66155543973511,1.8722783470078883,0.17928136535861422,0.17681354695384852,1.186604783297062,1.865069523155139,0.9348807144275397,1.0363525788389063,-0.9204756335315467,-0.47588007660986004,0.5253357845539566,-1.2132006181138844,0.6058962999045903,0.5346250038063977,-0.6620503792069717,0.40114364476279535,-0.17396820079587239,-1.4424329169107435,-0.32880443359265393,1.378186272086414,1.2015396069707116,-0.8464691125431794,-0.39243591774835274,-0.4706802755349582,-0.45394057724337067,1.3417652390781196,-0.3300877311190291,1.3137999098047086,-0.1873069162521936,-0.4440198619047622,-1.0248231481614054,-0.8809419253486978,0.8787241649177638,-0.9952605391212388,-0.2972669147072461,2.3257547016134428,1.0585012953718718,-0.3504217271481809,0.7743218164359216,-0.5767913405204802,-0.08882341763066627,-0.676188641470629,1.312779410049251,-0.24250158164705665,1.183226904286821,-0.3239188912468622,1.8153699651025132,-0.16979454142821448,-0.666683769909371,0.5068981936693999,0.8924144798762372,-1.3806040785694915,1.3566656095574627,0.5053160412628194,-1.0426749791240124,-0.643148842134523,0.8607351030236935,-0.9713605509042258,-1.3450003048645844,0.3914016101409772,0.7716549625024771,0.17720295767062685,0.2303825835450914,0.35770604564763697,0.6043857301277002,0.22278043121551655,1.4087349595933696,-0.3520769065916402,-0.9400154269002837,0.6261197106364969,1.5953158892990063,0.48022291420402297,-1.353069781437229,-0.8338581917326539,0.4762140714411954,0.5174050685873177,-0.7613771024881063,1,محمد
-0.30071993580299294,-0.2915587043925386,-0.1994323003477569,-0.09481373867608704,-0.2210072160435709,-0.01999656435121164,-0.11832704940429521,-0.22031761607342215,-0.04034222730845647,-0.0021338452495394365,0.16618986561139615,0.24275617317964088,0.16539115878864002,-0.2367148554397122,0.16854795365188807,-0.28543707441133126,-0.6527049984781313,-0.08317201890535068,0.07560637423764979,0.03321413254123602,-0.14504164916953433,-0.3006160834709246,-0.06450635471649004,-0.07770231535485204,-0.1908004942503015,0.28176653963250686,-0.2808052906539148,0.08579824746657404,-0.46238181718639104,-0.06366925212224323,-0.02189128291135427,0.2015334231259376,0.1279930738293941,0.07662577569992429,-0.07624135012399248,-0.07404816913206462,0.03880516885502104,-0.13887707200911087,-0.19039390597917785,-0.20051170143700875,0.15484173925475506,-0.08663841435206218,-0.31333072575725096,-0.1511302021221801,-0.07568755979103449,-0.20110163030395853,-0.4116952607116435,-0.22065609515838275,-0.06734504153931258,-0.4139879823476254,-0.2689825900271283,0.20070611866790006,0.08867129834608274,0.036661622143854995,-0.1058538454932629,0.005971572072214037,-0.15917318010814185,-0.05497811476517048,-0.051443963473662334,0.03735140257150336,-0.10625186929651916,0.18880643958093646,0.2020560384296165,0.17643017404290273,-0.0029462296843461256,0.0594483137121064,-0.1557259232561366,0.012514697228418588,-0.14669066771808403,-0.1069531156847325,0.05287368994888088,-0.0874284350619619,0.08720417013939694,0.08633915428073526,-0.10119337805423617,-0.1963327152953138,0.00673245570563915,0.09017359127128463,0.030188013877122593,-0.12365377683609377,0.09400427679528126,0.08228045334884052,-0.32692538071100025,-0.02242766656387722,0.027648244801581626,-0.14796752614946843,-0.012534788050710607,0.09342181845753088,0.14920746561908627,-0.0936760887634559,0.04966876863612963,0.05357320842511193,0.1409554622953147,0.016925698887833865,0.10394108859512045,0.021853769000536306,0.3186179954506051,0.3074807331319463,0.1652551952745603,0.008093706275142406,0.24227309485845636,0.3514288795812959,0.12697525929115,0.011547684538388383,-0.15775719640546512,-0.6404733241427185,1.9062388223744686,0.6106003779143757,-0.04185272967838057,1.3232640034377123,-0.11848729129170359,0.9283966554399066,-0.22736237789796454,-0.6923401680956799,-0.9996260292505502,1.90589897117679,2.377128876563694,1.3034637381373304,-0.20291232023762626,-0.60257432507409,1.076250548338922,-0.4907376367668695,-0.3158375058797879,1.0311412453381732,1.2922536356282086,1.073505894199695,1.5497741665467464,-0.2065225902425882,-1.201292737000601,0.5007008038140887,1.7325726362273706,2.2499950515007168,-0.45665625752832484,-0.5772384080305143,-0.197626204396467,-0.17940101554337531,1.1291455089223392,-0.7428117400481905,0.5439434358485964,0.35592059999009534,-0.4544265755013712,0.5115306888302016,-0.15264279572353448,-0.833780907748588,-1.4491440348171474,1.2949324066270518,1.1122847761122494,-1.004482729353305,-0.2051685573138389,1.2179959606136759,-0.5257238088086928,1.659899311161309,-1.1989422862369425,-0.0797893600265491,-0.34755776010413597,1.1750955560253553,-0.6329874509561751,-0.730662568166342,0.05287990858636262,0.04661638026609233,-0.8043651325360858,1.7125224997906603,1.1646353734642194,-0.42571934731768035,0.6559936136757456,-1.0852196412477617,-0.27928719002895763,-0.4915725908235288,1.0135822096117784,-0.022611539893886635,0.19210303134245293,-0.4934587026970539,2.267916837225385,-0.5310546206190361,-1.0364953283524445,-0.168037602069207,0.6118566041437155,-0.2934991769295374,1.7058404415043176,-0.08013187472646065,-1.1068821812053071,-0.6610694547918068,0.8261495529482735,-0.9926461304309938,-1.8378097950965349,0.4322623675423728,0.9038473725193861,0.569928648834147,0.2513768510098112,-0.6078397597876958,0.13324049386393927,0.4939893071228207,1.3521774096446129,-1.0133928710335391,-1.0676368372168525,1.2877459206931166,2.194864530679109,0.19658576914585021,-1.7568574387631777,-0.8478659923593703,0.2383015547350668,0.0983397558481257,-1.0228852532011803,1,محمد
-0.21515744777092574,0.052747104652263184,0.0020899654980635154,-0.15112159424982585,-0.3039510081703139,-0.5337689943337057,-0.18633633812337824,-0.10704778487479172,0.12423677885430755,-0.010849516056509223,-0.1738599450679726,0.09846871548042312,0.3012703052597423,0.49517290691876026,-0.21787122426620398,-0.08311552868208959,0.09559122030939472,0.02208693091686301,-0.49990046337822236,-0.17775495078787346,-0.21926153367842643,0.1352459862840016,0.0007489844602019122,-0.08903806861984113,-0.10978374805112796,0.22917850731108086,0.3462156912240338,0.1375618137663946,0.2914909465278963,0.19586283169950672,0.09073784264512434,-0.018961047182159595,-0.03382685193806167,-0.20878893622011627,0.1443172022692881,-0.0006875052485877918,0.012859022399381819,-0.14567450243014177,-0.11319610050156594,-0.1414994624513838,-0.42063742790872927,-0.07970450375373996,-0.04732665471808849,0.15426833694371103,0.05255477060423149,0.11006530480512705,0.3067386949635596,0.1684467733687421,0.20764311536559787,0.20392484042710288,-0.07824115316694683,-0.4948736294520889,-0.07860432868487115,-0.049458715334399384,-0.2950284344011613,-0.2916530630544483,0.09310465963451141,-0.050162211790071576,0.1669731779470959,-0.11208430059911056,-0.42267092470682344,-0.5218233005888324,0.15535650308173182,-0.35026463935137153,-0.14949688234788772,0.0004678760076968031,0.07233730823941305,-0.18587295635099463,-0.16015876928139527,-0.09432086274307869,-0.34057442676665617,-0.39760434591208255,-0.13073977149254615,-0.030331191224937444,0.11684081260871762,-0.030860776997045234,-0.1631698261043613,0.11049626869742593,-0.022526118010132254,-0.0005566031748558685,0.03514528738415493,-0.000752248426319101,0.21589786356091611,0.03684027493153853,0.0905432976247406,-0.1619854611849798,0.01542006051323668,-0.03321171394555631,-0.022778211221003458,-0.13038684613064427,0.0019276628441298317,-0.1519751429097751,0.08062371282670565,0.012168879253036982,-0.07570839662556193,0.094190968588715,0.29026579313831774,0.11424285163705192,0.22252812091963636,0.13883342853396813,-0.10828584124220224,0.048622889626651296,-0.22649195092488641,0.22000609001898377,-0.42513507826088937,-0.7276935337561768,-0.7126552049808412,-0.45852803830641803,0.04665651916483981,-0.3427313726900933,-0.2691389992128691,-0.4370910093814374,-1.0337978340060936,-1.585728942697599,-1.8764497435892016,-0.49984588779911004,1.2958669760322497,-0.49738901772179483,-1.1530616184423177,-0.4935366780109093,-0.4184452604045826,0.6496355571435805,-1.787385602850035,-1.2394852160389271,-0.38543341968443295,-1.5035561903727106,0.4183722226645605,0.27269316677221556,-0.747054528162706,-0.6599252434684308,0.29459843920646345,-1.3253833849025043,-0.06931413137429193,-0.38213121773025427,-0.7214213571687443,-0.9439493289325084,-1.4814035865630153,0.13216754568199876,-0.8835979607272536,0.6148795294793763,-0.7566734431328019,0.33940552974440297,0.7064647470006694,-1.2269051436170078,-0.09406308564678614,-0.8173910478187663,-1.5290736435500538,-0.5788629575364874,0.8607888280087024,-0.7883403099944736,-0.3926260059436075,-0.44240933321010206,-1.0545416891960562,-0.7482889882847977,0.5102459348937185,0.7940003681344625,0.518590929598486,-0.3139378545657358,0.4071369354264435,-0.8448744858701774,-1.6748366612709071,-0.298885904299188,-0.7023433771402902,-0.8311863455746672,-0.6611365750505135,1.6185345423205983,0.6688759786609897,-0.7812694850336884,-0.9322720782581427,-0.5635079300357424,0.47507808704286897,-1.0161151545495908,-1.0525088239324025,-0.3304721824717234,2.97277842955245,-0.6539911393117606,-0.2220514270879313,1.760706364215935,-0.7369940155227996,-0.8773556947975021,1.2287113944755754,-0.1978809586674917,0.311841014164255,-1.3454815302175913,-0.258380918652248,0.588789981914296,0.6085163057532145,-0.6747651110705305,0.030127350529089134,-0.01986151128107752,1.0712259680318752,-0.047564213207198044,-0.42011721627235415,-0.8890810575209521,0.1480578828636169,-0.21221553928687154,-1.1342750575402034,-0.43668390496457155,-1.3856467527786036,-1.0872033424366216,0.5316936751807808,-0.9646194029480133,-0.1566327005229469,0,محمد
-0.3182544643765576,0.01526696669315011,-0.02029819546959529,-0.19945831671438288,-0.2533834082730137,-0.4817895690825631,-0.14456923238241481,-0.044750286522118266,0.10455461284046641,0.039589368726823546,-0.09630542368319434,0.17016736797878085,0.30434222577541475,0.4638892936170461,-0.2192415108990421,-0.14613441314305442,0.2869999950824109,0.07389372051207316,-0.43786698221355563,-0.1647770383872116,-0.1584298573739352,0.11823907714884783,-0.05812775006216622,-0.08664707092642687,-0.10232948654050505,0.18917780655821234,0.3681929235317704,0.022663571671876572,0.17234322276525307,0.11315944945056038,0.08278281486523038,-0.006967235079043128,-0.03580615394208286,-0.13828169405774646,0.16045474104202415,0.01605102315487648,0.06979573426565965,0.0471554545792106,-0.044644514558092895,-0.1775233991386128,-0.44657514937365755,-0.11324429836653216,0.0027251247551819857,0.035337968784421046,0.050962540401391004,0.05709612969342913,0.20611387764726433,0.22761588678515407,0.3314566598187368,0.21843821332054167,-0.05811942691366786,-0.5292533286413665,-0.1350039973812614,-0.03458845557922689,-0.38840155487572386,-0.3079710183327602,0.07805645128628796,-0.08474654194962841,0.056426061846224285,-0.04565151757504727,-0.4656094026939516,-0.5625913424946181,0.12989889984452843,-0.3052042766484293,-0.18870088424568424,-0.06167603370096912,0.022226484628164133,-0.2537678388359827,-0.13923078138133158,-0.10235750440078538,-0.3504028973679859,-0.3979206008104955,-0.20029562325600286,-0.09786004487819873,0.0855838745212687,-0.09349080113235465,-0.19209501557424283,0.17412431422678787,-0.09464662701121929,-0.08243302339862114,-0.0037878953128366094,0.033993371073974564,0.1710953770684106,0.08581893371042078,0.1347408292258776,-0.16755109759886316,0.04559855628825219,-0.10108687952273807,0.10749620972342254,-0.16981124490730307,0.06112533181042125,-0.1678842354474612,0.11102529729715543,0.034117913332382795,-0.055095000041823515,0.040854457405208496,0.29938728951005955,0.10977001286058276,0.2727737189701814,0.09368758948903298,-0.2078848830328023,0.07685995234358863,-0.2643680785336445,0.194092583040975,-0.4273804853120159,-0.1084783150498253,-0.3887411014045152,0.2891513682703753,-0.4555375767162339,-0.7882266750917833,0.6267640659456847,-0.5769215636872915,-0.24766606351685122,-0.4115613709769806,-0.8657523242074978,-0.4500955914801083,0.4415848089243816,-0.4293918510389835,-0.47825302761608596,0.3484599236071781,-0.16635913331733881,0.4326157705226225,-1.3885218753850312,-1.4531920368315294,-0.2924313998415703,-0.942994160664222,1.0489445258893695,2.556469888529448,-0.2611831155660464,-0.8344312017249326,-0.424102399334782,-1.1878351528937974,0.6632619792750635,-0.8102127226549455,-0.2823972358493618,-1.295463797703557,-1.3294775234437073,0.2250970732987483,-0.9675975368526818,-0.32411295523578376,-0.17017327267999854,-0.4492997482972269,0.2851592323964345,0.08137446345136742,0.2412822382136133,-0.4226865850032928,-1.6227079668952222,-1.167617261627641,-0.27391038118445865,-0.6118881068463075,-0.6875105915030737,-0.5912719564658381,0.35091065027602225,-0.6229103019609283,0.6268489592312148,-0.5640108912405943,-0.6793105991025963,-0.8509036767983054,0.3462144620027092,-0.6396900347130403,-0.08404200246261428,-0.5228330403148889,-0.7488643751652814,-1.3720928654908722,-0.5127233525800807,2.809518421601754,0.6829514738415,-0.5353854767056245,-0.6799566519811661,-0.5296448486836843,0.023434855157387247,-1.073494297173192,-0.6060543175984077,0.7701810187930406,2.043229605485223,-1.0068088547889378,-0.019541217676708997,2.1579313996969676,-0.6624469961081191,-1.0949615493184839,-0.16562383981952006,1.76961921033641,0.03782185645021099,-1.492773299460101,-0.6353258209795195,0.6209787337041114,1.2554613659845353,-0.44526431531794836,1.0626661975157419,-0.1869784502630741,0.09922255553383708,-0.31431793015711634,-0.7066412058723038,-0.8688926365450024,0.3756178116844674,-0.8883012881983138,-1.141745170861201,-0.012596627831216367,-1.2235588606006769,-1.3827559274623338,-0.2608255810468732,-0.8141149335405145,-0.21762655199375858,0,محمد
-0.35510873884477806,-0.07598615132957959,-0.07075052809198185,-0.16603504211511175,-0.17753560638642735,-0.4468884116179521,-0.14300503377159718,-0.0835619816121531,0.09388159201953428,0.07358116684039752,-0.03831792413717361,0.12929034920992744,0.23969257762764823,0.43691806997581495,-0.1892126938646867,0.02877027213932323,0.25271457968347527,0.001287397524151672,-0.34067006601369937,-0.1726066172741765,-0.09769077750851365,0.11242854366077767,-0.07929521942252894,-0.1698072864432572,0.0971959067517166,0.10414732716966624,0.3426168116511963,-0.009362299855246389,0.1851230721700167,0.08419049248291569,-0.025047819090800377,-0.11458893104236505,0.040433099829357014,-0.04627985167927596,0.29575557742217023,0.043714866742459835,0.024821005536934265,0.08924364869860922,-0.0008366401387616083,-0.1028359749740892,-0.421384991444799,-0.12061184153972979,0.03436446891606933,0.06289827678553259,0.0914685636777784,0.004127134220893585,0.12760428408231947,0.17515763684359742,0.34942952429928864,0.15429008340199393,-0.09547349888658008,-0.5697379769900968,-0.13937388397346198,-0.06727817250931213,-0.3910657689251147,-0.35414627560138623,0.13986292130489109,-0.1058785376289145,0.016144805997478084,-0.028827709012107055,-0.48045814377831164,-0.6860550987555936,0.16406534601947492,-0.3512598579399588,-0.23684712343126113,-0.07529075496824936,0.04484925053104028,-0.16029114352329138,-0.23168858313801177,-0.19371633775771072,-0.4057926630277773,-0.3532129437431296,-0.1670160414861124,-0.04374562422341869,0.09827136682110263,-0.10671494353322394,-0.12066352334062241,0.19723406968387341,-0.10272475209313305,-0.15709140124769425,0.04793966148864596,-0.08996484779351843,0.13327412555334206,0.09767016038029537,0.10684397611251327,-0.1898757613759465,0.04915805431251214,-0.20474931112959655,0.08101349166217568,-0.14605014828731447,0.06561943862525951,-0.1333326619325674,0.04850492601599212,0.003788522250165616,-0.11462538995832462,0.04944016593069574,0.27472183359349256,0.13401056044967452,0.13977002840047323,0.15820522372751028,-0.1453864415914639,-0.03449745760347019,-0.18081520435744763,0.17012865040196365,-0.3739351006584717,-0.7560199759666947,-1.050034750439568,-1.0422476325359116,-0.6099871726990191,-0.7752291266179344,-0.42335999794678375,-0.4920892181812163,-0.4344179174325131,-0.996109937621599,-0.8680333059993605,-0.686835579578506,-0.0765262977843118,-0.6422223690883644,-0.8818195679733174,-0.615126280133367,-0.26726969887707686,0.08331549219048655,-1.1983975815723278,-1.7271221869534592,-1.1180111029346078,-1.8105894841069272,0.9777886598035269,0.39535186126237676,-0.995006036230559,-0.8407616347977843,-0.904434514648387,-1.3707600559168505,-0.4834915749358789,-1.3335542901485486,-0.5561141029581116,-1.7419910123633093,-0.8160341279914106,1.2975400814301488,-1.7554726284335493,-1.0225354409157366,-0.9169595118837753,-0.13865092032886744,0.5281284405785834,0.7017117412047438,-0.7694331518130876,1.6727056192021974,-1.4384787963438401,-0.08949287970661089,-0.6847475228546427,-0.4758672199525771,-0.7158660102467542,-0.7064600674994458,-0.4337724007810348,0.1643408394726347,0.23405050586314116,-0.5237191889842924,-1.5708893809230138,-0.6260336863687763,0.8562802789720774,-0.5395671527031775,-1.1382193968693992,0.6065093001223917,-0.6108344736532835,-1.422048427939763,-1.213524124307098,2.5752022771742613,0.41511119236286176,-0.817717008698065,-1.3988019873606639,-0.10764308795326413,-0.025654794806532624,-0.5522984413422415,-2.1143867514375536,-0.010797027872295754,1.2276787600887804,-0.3740016711342246,-0.2011825416257263,0.9179801758748888,-0.255094694626935,-0.21986562660041933,-0.4762405531751693,0.4700403919346879,-0.4789859640935554,-0.9780673137017766,-1.050941142278557,1.335923480838339,0.8506543519830648,-0.23131681167830206,-0.29816717467356085,0.24084872723664633,-0.11939384550492949,1.4255647157757814,-1.1269860559839584,-1.1912126377932402,1.006305409300997,-0.07852296893866349,-1.3936256496451278,0.378214488198011,-1.1994430062910728,0.28944091127857197,-0.7305604613465627,-0.8665797438982606,-0.49158468548736706,0,محمد
-0.44352841753302363,-0.031928197269309164,-0.0903601215064313,-0.07085131261639607,-0.21115048800660877,-0.4880876097135438,-0.13229999227007483,-0.18573867230777372,-0.03102897366089373,-0.055957626460546896,0.041924214754767354,0.10324638342564366,0.24332379125228093,0.4287588129099861,-0.17364515935546584,-0.1278621344222691,0.32322088730871434,-0.06535443317715008,-0.40896245282723603,-0.244212607164698,-0.10356344365310044,0.057232465189691904,-0.14818265521064247,-0.20514085331241674,0.1310632057516515,0.05729660846624435,0.3669524470243164,0.012948713999876208,0.16748815936023861,0.04222151111108672,0.09512003846279166,0.04312586062796353,-0.012275838790454711,0.09528421227816969,0.29314490245981867,0.006661998841542722,-0.006734448773543784,0.04088005109943966,0.0610129566282713,-0.12007824519095145,-0.4951747711696351,-0.08804756957034611,-0.044731699996846466,0.009712575333235076,0.11646552115329908,0.005647982583964734,0.07039631052169151,0.07074466566829347,0.35189314523205817,0.10013410610094609,-0.16060731238098425,-0.5178598763690392,-0.17495261870195486,-0.09105005885874108,-0.40898271686550125,-0.3654508748640541,0.05663048005057358,-0.13356415689786652,-0.03505941140676512,-0.10458934705655218,-0.5277882369289237,-0.6124565764969848,0.2022203182332275,-0.28485426842990075,-0.16843537297014435,-0.09076764612199217,0.08987890174789392,-0.25073762052559495,-0.2005144649093972,-0.29147639955045757,-0.31986801886638994,-0.30760292058066024,-0.14301401618532333,-0.1405411434232364,0.05940814943701743,-0.11714758588190372,-0.25182375191047923,0.10498470912160224,-0.17275613859551234,-0.20191941127670296,0.1037526893636348,-0.106901742591372,0.1303641670322699,0.08870963174690702,0.01985795428847426,-0.2432150056802352,0.09581649004180763,-0.11352527748909916,0.03701740886302817,-0.2100849780958848,0.03377741232281149,-0.2135861928981228,0.028432394949942714,-0.0297571561182813,-0.10090336266689996,-0.0205733587537937,0.23914755865848197,0.09896931363516816,0.2342461719371429,0.01866190453455629,-0.08897222909274548,0.038354349693918766,-0.17456176416717778,0.044153522822244974,-0.443484127793348,-0.5952995126117444,-0.7716834446196,-1.3697947212616937,-1.1320798454158472,-0.8761225080192966,-0.4445669435371907,-0.5382070850920351,-0.15449174869920684,-0.3743709815653414,-0.8171928819746963,-0.6019659267915305,-0.07617670377895906,-0.38905831943510233,-0.45786793882227894,-0.033037587092256696,-0.5368822490123487,-0.6558151395046047,-0.9325045123160047,-1.5139941122589917,-1.3388396889011087,-1.7778810423946991,0.6917887364414116,0.6236031242024017,-0.7218506720390776,-0.5614817265910551,-1.1808707366086963,-1.483150332495525,-0.41588154689832524,-0.9688252114294755,0.3077502132399386,-1.5677390782019018,0.17469572343757642,0.8383478664055724,-1.778024589162198,-1.1679016496306736,-0.8864973754455344,-0.25463849088047064,0.47662662830899283,1.1827299974429182,-0.32087291428308223,0.8656715464675364,-1.5464021429569865,-0.04222733667745402,-0.8153507093926303,-0.5375209705702918,-0.7728128460797412,0.7872861135442962,-0.89512435051903,-0.49340659792085984,0.2553794470838518,-0.8564853988122582,-0.07525692915058761,-0.2617294466535931,1.1824629348005011,-0.9264781867208359,-0.9137025839492395,0.42493475793858065,-0.5236172887109272,-0.6204689070351017,-1.5555567171252047,2.132404060808081,0.5377203051681939,0.7071207068986266,-1.3677169270122038,-0.6547561560515578,-0.443429692071497,-0.3836583327302133,-1.3252368810756916,-0.853743816720777,0.8748055653152735,0.23407964756333685,-0.5939869584420923,-0.5668093671163349,-0.3311544999322335,-0.20534465105149036,-0.512809016857242,0.4467507465274844,-1.3148461727384435,-1.2538856899599182,-0.8385871497836207,0.8567193019929327,0.41074763807411674,-0.6795450745373747,0.36744784895513427,-0.11812359239591175,-0.26485682584117226,-0.502286622310889,0.133084719406065,-1.0116768709598487,-0.08278542420710645,-0.5723166850890781,-1.1433971892972183,0.08205734292757763,-0.8274012150602407,-0.022293386739433742,-0.8103026491102192,-0.9930375114412331,-0.472777613731955,0,محمد
-0.553079945603557,-0.11192119134481947,-0.18828503235221464,-0.1255646665561528,-0.3594488493041604,-0.47245827690683967,-0.16060721908284734,-0.2238269635735557,0.011010144380724902,-0.17112286782787098,0.007853204133935159,0.0892492533180469,0.1628113730551913,0.3420877426983318,-0.17180825879706343,-0.09338919484535042,0.269169478385084,-0.06996589793864469,-0.3938323168264638,-0.27279545052171256,-0.11352263335386985,-0.09230127685356107,-0.18931213285357265,-0.16448978732909106,0.10235938228362487,-0.0033095656768520844,0.28559838154542155,-0.04165096582748718,0.17497990128450722,-0.1035305736758051,0.04016992846022866,0.1823375518033081,-0.044607402124514535,0.09604492849109995,0.16906599237766132,-0.00012379784749219308,-0.03110645613630657,0.0028396077958062196,-0.07265739646114626,-0.11117048720865,-0.5802190226811541,-0.07873243212773688,-0.16376025506149083,-0.051402091155357134,0.05949614845604875,-0.0450831904355031,-0.0414355299923288,0.07518183026634112,0.2626655602814586,0.08936982737591506,-0.22713560528781024,-0.4870255029787793,-0.1885790693223097,-0.16000973641528177,-0.44214789267343835,-0.4554139448731418,0.10123047004507237,-0.25094905716790494,-0.13456862988145898,-0.2218644340846033,-0.7371533641740428,-0.4388049081882547,0.17554278274222804,-0.299129281674196,-0.1608475546305255,-0.08273027404187183,0.08492737717350884,-0.2458433147652133,-0.3141339795933635,-0.43778089453656477,-0.28046027934465173,-0.3625424496693285,-0.20752515280789072,-0.23323530388048774,0.01044658864522907,-0.07153610426041486,-0.23572567212195816,0.11829115336422169,-0.1793143787694486,-0.2559245491761724,0.06757668595630426,-0.12263886783763082,0.060320033414153595,0.044076536802186886,0.03125785704747026,-0.12074376843987095,0.08474755681182923,-0.015752366236307748,0.08029624132637624,-0.12560530862265104,-0.008687931730115672,-0.21093829119028892,0.07202614397736395,-0.03949184824088375,-0.05106646622821842,-0.016981684381106924,0.13808577558925925,0.0855709844227836,0.19877177627203538,-0.00794342524082575,-0.08786705338078528,0.007037573250172077,-0.11160359221296616,-0.06364933491508847,-0.46776983694089164,-0.3223222520384854,-0.6234654888990959,-1.4730319144614386,-0.8556882156319412,-0.47227042587312706,-1.0256411355782877,-0.1281541644386111,-0.48870141450297483,-0.7208677946970072,-0.6632726791493584,-0.8010023867383121,0.08396132760441156,-0.4178653523473139,-0.10552951782692849,0.33751846532874824,-0.14525848019118934,0.021983812971262496,-1.1896576835183836,-1.468093571686191,-1.2914128509592218,-1.2731567745515884,0.7394457159420993,0.29514150360975966,-0.6237412394959887,-0.2739853148412523,-1.5129008959830714,-1.7867658391677133,-0.24736837020696203,-1.4292126075931735,-0.5206170105466156,-1.2997934767680541,0.3298020553714142,1.383382508902429,-2.4024455885501865,-1.7175359748668224,-0.7387212468625526,-0.5156698233674686,0.2804950752177995,0.8462742682655067,-1.5924475000942864,2.255979399993764,-1.5117096118140114,-1.2214398321074689,-1.2536218788909677,-0.8024029463111312,-0.7250103522495782,-0.7785131900783501,-0.16484070210990612,0.5554919347467864,0.1879053034412826,0.25437351843970346,-1.9108817308579251,0.17944888628462263,0.7934232451690543,-1.0682446971314994,-1.068011743279948,0.8335631392654658,-0.27257195613266116,-1.4308391008323873,-0.19949852472711194,3.6224858076140634,0.7394877716456728,-1.220822656368221,-1.7778898531723186,-0.8167536976004753,-0.8662391009217493,-0.8133936799691835,-2.485180415736469,-0.6577711319070807,0.5674030653739273,-0.005924297383149816,-0.7530164307748598,0.1105312349382929,-0.007216783409996812,-0.6419093394325832,-1.7417599215447916,0.1865238019274081,-1.4829090046008215,-1.2962263324251466,0.9924479732720713,0.5449080776493845,-0.1342790838151052,-0.6608458436971899,0.270013353399827,0.050960554995901096,-0.3009602199455137,-0.6556527097589971,-1.216545274427674,1.0917233612024548,0.005211695524639301,-0.597596357306262,-1.249242616358711,0.4089881335727622,-0.7677794662867685,-1.0104794415410443,-1.557673920150306,-1.0578205402532426,-0.41424315937564815,0,محمد
-0.5519322916486222,-0.15565954296848353,-0.24963558451565976,-0.1591361518350563,-0.46272053820709347,-0.5013402704983337,-0.2185568026484773,-0.24997051163943818,-0.0003582885124222974,-0.22273731716033843,0.06126460539455728,0.07903152796362052,0.008774608719775312,0.20839842548747287,-0.17270738186348256,-0.15657912989426964,0.2848654590195082,-0.27084876498642774,-0.32301681769644913,-0.2740544121584527,-0.07863142165186492,-0.20876321444487209,-0.13311855087586721,-0.15454184036508953,0.01157774737689926,0.015456264636939845,0.26066359252569826,0.0827432710241878,0.08618447994564349,-0.22330578151020328,0.15397608910841093,0.05194314131654099,-0.1230005115761573,-0.0028962124053920897,0.08282074527770165,-0.07374808992236898,-0.08021115448553993,0.01894912775758097,-0.036903647421788685,-0.18418665514318108,-0.7093094599530284,-0.0081968513267294,-0.20027376325929844,-0.07504730736509119,0.07725603301581692,-0.03965554837876716,-0.04637346278586956,0.0538030783320873,0.167802059357153,0.05171092198269166,-0.2708621464104255,-0.4187868057103999,-0.3052396485425132,-0.2703289875780739,-0.5551476116644225,-0.42225892021086003,0.06653421866807659,-0.27320884674037843,-0.2347556140914872,-0.23072693690932367,-0.9085667786254036,-0.3619099133533889,0.1425014387983948,-0.16767003553220655,-0.21044675562445633,-0.1838124716227288,0.03966520984112635,-0.1325954406778385,-0.253023698308796,-0.4469012261389986,-0.2761565976754806,-0.40825959428843583,-0.21534334681932463,-0.1957137086301423,-0.05653874826611264,-0.06812621229945834,-0.2039092622625773,0.024042546363668565,-0.14682998661407295,-0.16944345666590804,0.06387025703416278,-0.1432402230000075,-0.08954259154864792,-0.13569923290236388,-0.08778235090085613,-0.14075855476346505,-0.04334822590908038,-0.048761289650645134,0.025563982188899038,-0.1600258052122553,-0.05286467083928569,-0.06974635393155941,0.05442824352689768,0.027496523985090678,-0.12130787972485485,1.8333210020852996e-05,0.07831370502099987,0.026711572677227412,0.06495371677508546,-0.03118231354571623,-0.2030349946008294,-0.08392933178089394,-0.0598402469392023,-0.08614325786970206,-0.42501215475076254,-1.3456963809626772,-0.44398018429420777,-1.2182350411018736,-0.7533838799875673,-1.3739055735341639,-1.3755948979769306,-1.17948915223899,-0.7100357630268715,-0.919762785503754,-0.9530206598249316,-0.5683094727241943,-0.6897040923363116,-0.7757967786721308,-0.569649140394957,-0.8216011693309107,-0.2905311470905189,0.04139995357646464,-0.8324129445409499,-1.233625724364225,-1.6437661369363257,-1.6283131395471429,0.2807751134859623,0.19469210228842693,-0.867610251829027,-0.7890536993429315,-1.8234976340710174,-1.7085800110113725,-1.071122690071393,-1.4693185104426338,0.5215328181536912,-0.7882899129015023,1.1787915245675058,1.6227932608904194,-2.6557304104743094,-1.6863094232681637,-0.5062114498493427,-1.2365759901585882,0.16240915465429417,0.862360454955102,-0.5506161799367306,1.5241935360722125,-1.5643717447299919,-1.108168146874642,-0.10929735354205719,-0.680427261599779,-0.9485036519202608,-0.8662565637258346,-0.3815401897704938,0.16968914830321116,-0.009289651245500576,0.3370650864940814,-1.5640337336315466,-0.33663762962728516,0.3467357686344985,-1.2061785568372567,-1.4514705743280218,0.3917856241404027,-0.303492847248287,-1.473934884237065,-0.44295378288085985,3.3750437378181872,0.6461447566888869,-0.11521891327719849,-1.9305252002337787,-1.7297778023480614,-1.1768031825752165,-0.8555364659225856,-2.1587323687287676,-1.1121150746549,-0.41560938432090705,-0.4308076942175015,-0.9157983124772856,0.1769768150691261,-0.19543552453375165,-0.4453610320847257,-1.6619605388741878,0.7995722774586407,-1.2996573325288954,-0.5667356024526102,-0.9495881346557337,0.09208167148404471,0.4047531736159916,-0.44994255956063434,0.5027421958337084,0.17783447089321924,-0.5415517921527375,-0.3193367223177443,-1.437659397349233,-0.5574032349052584,-0.5140449066949857,-0.7022028687313095,-1.3554932943496754,1.1877408159862166,-0.45527373194700094,-0.9711554709847507,-1.533128723268909,-1.124570463528574,-0.516886059708961,0,محمد
-0.6021680293325623,-0.12981162561661574,-0.1741223265386079,-0.08113868567262282,-0.3229851861548237,-0.4506447159719878,-0.18712912954018626,-0.23264548250061978,-0.11339339416054967,-0.08073670539405726,0.12823063758057857,-0.04790482865261044,-0.037798177328135,0.38621356223016134,-0.2038324803437262,-0.20179834726767565,0.16046903386203057,-0.3085512017768698,-0.25338946196846623,-0.2881130642288945,-0.12809737167360868,-0.24410955574521534,-0.2346788668722961,-0.10399249073612321,0.02036653947567156,0.14833293555492816,0.24939257397475187,0.10988215521137527,0.09630007236838818,-0.2822857386627026,0.24518086873418332,0.060483585718303895,-0.21753794564934695,-0.01889049848703537,0.043524287311121075,-0.00012373622892509337,-0.0917947257821363,-0.03593978132609146,0.01226706831286449,-0.21826446358301144,-0.730659143749575,-0.08294496669984727,-0.15295774620490618,-0.159936071769061,0.01094594982328635,-0.18872679754645605,-0.13380546357384768,0.06157701310359504,0.058714953199987874,0.06586075958797417,-0.3128382200628134,-0.5158079455543279,-0.23439474877662683,-0.32029069086036394,-0.5745291841499877,-0.3977611563743159,0.03242118124875226,-0.33543127691341196,-0.25849711660375413,-0.27321301115987684,-0.997864123142041,-0.4129871684104286,-0.009315551777996148,-0.21534138380485654,-0.1972449375912143,-0.08891912450422805,0.1873842626801202,-0.18322435690979255,-0.24545995706547108,-0.45796476773699807,-0.23005967648553519,-0.4336424982803074,-0.12069603441089775,-0.09486775913519944,-0.007586621759420687,0.07545918839524883,-0.2781405562788601,-0.012743319697519068,-0.13800064349207908,-0.20079672408691523,0.04727226176542919,-0.13947767114918272,-0.047212580907322686,-0.2057845022999684,-0.10058568079368994,-0.23311507508083062,-0.07614786182543139,-0.0215436976205085,0.017951315414706376,-0.22647538425539007,-0.0316222723417909,0.047103025707581514,0.07491131183968423,0.03319084710896947,-0.04471877235601262,0.02252041149582075,0.14529051181079697,-0.014960748056046016,0.09101657083188344,-0.05449780558975231,-0.31401741482393264,-0.1414977295139152,-0.07728922560444153,-0.15182992975378853,-0.31132848497404914,-1.391517324489595,-0.6138029915524915,-0.828723082968099,-0.907352066558394,-1.6177126334691292,-1.3510624655214147,-0.8934352544190661,-1.0555395448222469,-1.0937851482194039,-0.946246598312561,-0.9687782440726367,-1.1286390343461836,-0.6666351204072197,-0.579757974286624,-0.3151735634040819,-0.42867239546360403,0.8750931608240674,-1.3530313406361227,-1.1512356676457056,-1.3670570408978002,-1.339562822696435,0.32698366568298454,-0.14960606596596399,-0.6012156870210589,-0.4547614475972606,-1.5786037516434333,-1.6608882180471651,-0.7460131469225287,-1.4920973971224234,-0.3178312183678321,-1.246637718074769,0.7379879129310493,1.864623912994613,-2.817609398399707,-1.6488989959921014,-0.3527119948607606,-1.0627005646823406,0.1756952275441829,0.8947702724505742,-0.7861216310643852,3.117290647342824,-1.5184122059076157,-0.7655576335657123,-1.0390513261418701,-0.34717409645615277,-0.35628491419097147,-0.9345833866728188,-0.6457507665759836,-0.19802588873306431,-0.1331670702069274,-0.04693100605711523,-1.7500014253800265,0.02090919994372459,0.6223469191039236,-1.3289714135100048,-0.7363499549052931,0.3427946831204942,-0.5769242167434446,-0.57024003687061,-0.604666148538626,3.198070111205837,0.44751685616174514,-1.6439039911555264,-2.1331303271788693,-2.152995472059035,-1.254600678888768,-1.1821504604592368,-1.4210015063266903,-1.2663233785587444,-0.0699369905619273,0.3367296828587101,-0.8203999399246459,0.04355206291422749,-0.05120800741764458,-0.2102559865350497,-1.5223177431678858,-0.13736986413206775,-1.1357890443526495,-1.0998643295892692,-0.7785441597119537,-0.054498619808133135,1.826601635764031,-0.7791998099339716,0.5676513330852929,-0.06312495973072177,-0.8245039369346903,0.9484791246279977,-2.216152931074926,0.5366393748307128,-0.3848550427299319,-1.067983401551361,-1.1197062020968653,1.2722534434614479,0.027942188568149843,-0.6329595406519292,-1.2988587775383127,-1.1793471571518972,-0.3821713595614765,0,محمد
-0.664767877415883,-0.1377940723863492,-0.24016770145086067,-0.04998101379433388,-0.269086330100088,-0.40866229203848353,-0.203086355038035,-0.24555738155102727,-0.09908984064463143,-0.10547090153168437,0.07825196004968235,-0.15520713361411462,-0.01290991585368642,0.4247257150282857,-0.11076495803447281,-0.11800093012118605,0.15329745120886745,-0.35108468586189717,-0.32741374116062927,-0.34814072329737566,0.005982335038286525,-0.2090343460343318,-0.2518627034375691,-0.06755948857843007,0.007285974818396788,0.051855606976438935,0.22551294514695705,0.06474296347821806,0.1439062523781611,-0.22831832303773075,0.29540269026532434,-0.03858405042036272,-0.18858885043174245,-0.0007621674708118262,0.01740124089496195,-0.016239181610841234,-0.11014335274475215,-0.03789277818849145,-0.0970929186298356,-0.32540512133621996,-0.7275149967938233,-0.2192133558952773,-0.017649487854675544,-0.2868693365862011,0.03518761591089139,-0.26266177717417416,-0.21411523950932218,0.052187546353320055,0.01197741127979098,-0.03920582049982006,-0.29691248915737045,-0.5932978960571392,-0.3142439025314223,-0.3537345057390074,-0.5659402786182779,-0.41232162939617445,-0.007307032740875875,-0.2312950837194831,-0.27268213439905714,-0.33826682397749314,-1.0010177241090772,-0.2059747251642859,-0.06104257862661168,-0.22968665156814555,-0.31720092774163827,-0.05320116579757607,0.15778452278913593,-0.24184559751984558,-0.2928017384304579,-0.5442991022714251,-0.06258883511175097,-0.44908642984947944,-0.13726744351676542,-0.0678989522007727,-0.1367963979812432,0.02723360608082685,-0.30686485999197827,-0.1388441979610256,-0.1597204957166947,-0.253828427056451,0.0065229901421355214,-0.052269981899329285,-0.0877874132812488,-0.23759063083871582,-0.13201188774548858,-0.16764502856059363,-0.1061667959546801,-0.058509928165476635,-0.010499888816743071,-0.2735620004735718,-0.09587731479985255,0.05973602556868147,0.1345102920616241,-0.029822019638292903,-0.07862957569749317,0.015107028602415222,0.17264891410197952,0.018820618795525018,0.12279136154412724,-0.05259250440965038,-0.22606901793985942,-0.026579343183598367,-0.08302492050384432,-0.13003893535007274,-0.3107675679853332,-1.6907965001953937,-0.9925899355187241,-0.8613866553637523,-0.6382949032158308,-1.190884150826316,-1.2934024952186087,-0.8027365263841759,-1.3520523119419223,-1.4723097397799612,-1.7005395765402331,-0.43669752862124683,-1.0175321820129517,-0.8095641658636173,-0.5419123412568608,0.05599999444130755,-0.44730644326280694,2.718303343702172,-1.3043384521028851,-0.8508661934192487,-1.808294934884226,-1.1268256177666263,1.70787915824733,1.1060474633482238,-0.20557978651636227,-0.3819065201235707,-1.9696267417702247,-1.358021551798099,0.3994887439419961,-0.7043998303761991,-0.05147779971272359,-1.5600435867710607,0.9699730396538498,1.1099852346281909,-2.5208808270860796,-1.3665418118536354,-0.7502558864336655,-0.8783554240991767,0.25680765314237564,-0.3296204835770547,-0.31895390363644277,1.9669133425781877,-1.2331066826667654,-0.311079766581862,-1.2475227038908,-0.5335088699503738,-0.3066173553588412,0.7638493956825911,0.044579812933207806,-0.08510587702537581,-0.2912041325320344,0.006974321839822097,-1.8070479625264202,0.4173681145815415,0.5335026499796592,-0.8399240656804886,-0.8006011867602246,0.25021869712935974,-0.8290059441959052,-1.4464269209664622,-0.7349449341638195,2.7733301310537235,0.4965232182627154,-1.4575267598747241,-1.861710969907634,-1.9599949878407352,-1.160253889439375,-0.7603226053246074,-1.3444667757081086,-1.4756399555307722,-1.08175941709024,-0.1650985776781236,-0.66073950351226,-0.42164621317259127,-0.09103739616665721,0.4177726732220503,-1.3097506743073501,0.31907314517428675,-1.1374898554171533,-0.18596681883857094,-0.9692017716312947,-0.047669735993130305,1.223170119572947,0.40727105125409035,0.39676896134769646,0.2018007428996183,-1.4445156081274626,0.06938333256614838,-2.240218507407287,0.5820387006071805,-0.42803949708539824,-0.7574778770683714,-0.4330193964304432,0.6216053602286085,-0.7464163616544532,0.485242884907396,-1.5373063275249752,-0.9991117454082782,-0.5628713319099052,0,محمد
-0.725174998290795,-0.22228916217069125,-0.1753125868909504,0.01727854151765168,-0.34203836856827885,-0.4328501841419447,-0.2525805265811413,-0.31978079258448133,-0.2781788378185965,-0.051039066710474354,0.22167285040272408,-0.12839083242854663,-0.18323044364795874,0.20361039686455257,-0.14679737209232957,-0.1434369295795614,0.12532137532939194,-0.380859350987516,-0.22615123079863433,-0.33289555736046855,0.045100877686376675,-0.1301062928737339,-0.24227669411358266,-0.022736035911710584,0.028691504495388275,-0.026752231932827816,0.13028523188209443,0.051385035551032895,0.13997146275846106,-0.22884792123539943,0.22495639524552102,-0.11924049663462805,-0.2127981369172313,-0.07408594338003993,-0.005798255083047851,-0.017705186387288654,-0.14757555686736118,-0.03017638642842858,-0.1483536551208669,-0.3641210451830349,-0.7269662521535303,-0.292780655385252,-0.12396744196402026,-0.2679456624143145,0.028184293031437407,-0.3275134978350421,-0.29662610114251714,0.03232936280734426,-0.0696556678888194,-0.06798878859643198,-0.4082753965444937,-0.6726098817578513,-0.3858907912415603,-0.3336092319725945,-0.623146443745185,-0.43956900532771614,-0.0659968594450413,-0.3382106829920186,-0.2356745450383754,-0.4307464365735195,-1.0341232895106973,-0.2336365689411486,-0.0812267426260313,-0.22722082695946136,-0.35734472349470864,-0.11372224779257979,0.08585758554959474,-0.2505440533646218,-0.3089805391642603,-0.564156674303123,-0.13738164749115625,-0.39143953056141784,-0.18007420284514186,-0.03307678936638747,-0.15152693443897136,-0.014684160233689873,-0.34162529577480316,-0.15952218915832225,-0.18298059084636464,-0.27940597869078104,0.0742363540356272,-0.12290877721488436,-0.06533647534827089,-0.1073984828884154,-0.14175351109995984,-0.22156063118838343,-0.09720694159851023,-0.10104001633478871,-0.01579357257648173,-0.19981200846852396,-0.13580877708955544,0.015660481199535742,0.10363719821655631,0.032683112882360574,-0.005874258344868191,-0.028047378509763587,0.20433141901978785,0.049424023753720216,0.11931888854048388,0.021466001040502992,-0.24700219914634913,-0.054413130479351285,-0.07124640585695315,-0.25291843271932235,-0.37836339058837987,-1.1908354909135621,-0.17210159676265918,-0.4566885847384161,-0.4890554739239171,-0.8599252756240906,-1.2384292433284094,-0.410215913302267,-1.2531545433973308,-1.0707971226850883,-1.7504903489491566,-0.24875755645831077,-0.37617905370286964,-0.6074461082198069,-0.1233683386527632,0.4017528100650717,-0.2983134301056918,1.6053998029131906,-1.87395135959859,-0.8766937487545854,-1.029397486040919,-0.6157844534437562,0.8671348774831743,0.8025800484499853,-0.6111369057825976,-0.3086315420397451,-1.4686974259367913,-1.0688114260658412,0.3631480046547774,-0.997639128257233,-1.6474133803165505,-1.3409906683247355,0.1226758346501881,0.7562121234604549,-2.501772592016836,-1.7587150399401477,-1.0542410975585808,-2.0162668533391255,0.18334878484635217,0.5744695377570791,0.20759776399651705,0.7973454701213172,-1.4681707976890783,-1.2223707093536136,-1.462835747385766,-0.8846518133900665,-0.34193850065244547,-0.6167907571361884,0.42417757737395667,-0.6880495129384656,-0.6987578607048541,-0.10792386200108356,-1.5862486945615484,-0.016170699580663,0.29324850465886787,-0.5314578749890209,-0.7550528757778122,0.030476047826430076,-0.7903548106756274,-1.2533175904406098,-0.09535607862617497,1.5439516762233323,0.8854286610139891,-1.4713170498729766,-1.5223290489943977,-2.273838268359274,-1.5820688059693078,-1.1033612593199686,-0.9541900471081644,-1.792749135027981,-1.9213557295332198,-0.6677136784761417,-1.0319259450425395,-1.8111752373852361,0.14659345401475385,-0.542582248651715,-1.7454525211878884,0.18104114889382777,-1.4170667099035303,-1.1090966647924019,-1.2662987169447142,-0.22429312766515064,1.0671436765804223,0.012088004100046285,1.925282514174977,0.064203079392946,-1.6991837474957594,-0.48052193888915695,-1.337513996893672,1.6231811712985278,-0.44312104034597843,-0.7189229576243257,0.2678530919770165,0.3710022754131376,-0.43841596186411025,-0.6253380672663499,-1.7525799907361717,-1.3647706255805638,-0.6636124629600457,0,محمد
-0.7060469130700555,-0.2146717779325177,-0.14292719961708356,0.04576051799109176,-0.2861420226337294,-0.3818661547860219,-0.24494249855206043,-0.27408477826264127,-0.1986619084672162,-0.09336858660701544,0.1486275859133364,-0.10768424020406356,-0.21979687266174636,0.23236992783248084,-0.21385273373316355,-0.06781069438396665,0.05302258267458205,-0.449622210881012,-0.28825527670991086,-0.3173828205460521,0.07636323606586337,-0.14309773894846325,-0.17206874516136914,0.05959062206441798,0.012410687399887519,0.026743335981030663,0.12393942754865259,0.08718603979262976,0.23876612449251391,-0.15900596074589377,0.19353698620992224,-0.10071028239151791,-0.2278492938503584,0.04459816248179175,-0.144491328445177,-0.03424428900388356,-0.14443326657830718,-0.009113124395942699,-0.10447939535645279,-0.35122057360684983,-0.7413017421462917,-0.3177658485651894,-0.1330363503784092,-0.24710270252336727,0.024580459894437513,-0.2678929003340981,-0.2888249146724369,-0.08708859272027844,-0.0990327768696799,-0.05017322676137225,-0.38722597266797315,-0.6599104796238887,-0.36401434339262223,-0.27642766861300855,-0.5235007798359033,-0.40833408697579376,-0.05252983964000876,-0.39254488108481905,-0.19721125320092106,-0.437077252253193,-0.9948888885472188,-0.25416542788926255,-0.07147236688893292,-0.18522447018419194,-0.31909172741956837,-0.08589920715037144,0.10992366039014008,-0.2745830893758964,-0.31978179707400006,-0.59252366905894,-0.0932277380972596,-0.36275813978046306,-0.16758168147935268,-0.005209790888586959,-0.14521993913297945,0.08588459434399111,-0.24961196310444284,-0.23434114600862793,-0.020343172604586048,-0.18797428803786684,0.0010363783753650107,-0.21185555753969804,-0.054908552887803844,-0.06277455269724466,-0.2116204336137347,-0.24426511648957025,-0.1724069575020164,0.06062579880748714,-0.07788364518279142,-0.08733467859541152,-0.2031089174004728,0.016382148922562956,0.038344403515523824,0.02863045930456576,-0.012074156383576673,-0.033475020354554165,0.23640774893305,-0.01851028476757421,0.09439272253115256,0.08251883816794346,-0.15798976005196502,-0.09804953134769066,-0.07029926593416251,-0.24073901331221928,-0.39068751725419887,-1.4328368828862517,-0.2809128495114706,-0.24843350628200905,-0.2618909870679893,-1.1053187251010947,-1.2941452233654152,-0.8976062469197638,-1.0586354799502242,-1.1792357245385021,-1.7866653121569571,0.4290880619180054,-0.514435374973866,-0.6191828766530503,-0.6961597821799113,0.48232855312520445,-0.21202696082263647,3.241846602002849,-1.5283552685442783,-0.5245823985967496,-0.8659055008108337,-0.2928070626290981,1.3866868119012032,1.705640285974367,0.04590784876792847,-0.6621374776364835,-1.1133038897398115,0.04793500670244726,0.7309155533132837,0.21001910297387377,-1.4568792723957908,-0.9461179382055542,-0.7846708565239637,0.5073480432193058,-2.4521285235998653,-1.4076281037709986,-1.0203694359694757,-0.4107124775741047,-0.6531082539404452,0.3263775955885795,0.7652272243078087,0.3340091747733372,-1.109331634242885,-1.467340087576694,-1.7512248790558456,-0.6728227634690406,-0.02477973507618162,-0.9492722528436617,-0.46378225444748333,-0.4806846141768288,-1.6812459559151824,0.4450288404854513,-1.7633668975037677,0.30248710626809583,0.7952888131684644,-0.7635715794476309,-1.4461181669053393,-0.3106599147728925,-0.444232827916271,-1.4272171988197628,-0.1842169468997743,1.4167782875118322,0.4004875831193114,-1.8709303936357133,-1.7830533798895074,-1.7615804836697353,-1.1433336011861153,-1.3257109546122345,-1.6928508393384687,-2.393273912987948,-1.1173223404401225,-0.775684907320301,-1.658738809915804,-2.0438980399946702,0.670496717686739,-0.8650749450905665,-1.4410887624819244,-1.1689171225712165,-1.4312124430070965,-1.5916835506730977,-1.1970298746341088,-0.010170324486032762,0.6022448247445006,-0.3057964661619475,0.10807992753614487,-0.06990927364005077,-1.4062987960419884,-0.1594266353630084,0.254568654215377,0.6452638352863395,-0.6228522744307995,-1.1069325616508137,-0.13580098680542252,-0.027509339391628855,-0.3176864098807401,-0.5553713471568775,-2.1438081314278628,-1.0418603599967653,-0.6458154893691537,0,محمد
-0.7600684471949801,-0.0986229783761226,-0.07916445817742751,0.043840207899405015,-0.30350924180096445,-0.46577486271796387,-0.25191970692754106,-0.2583213562609858,-0.24850811003556078,-0.17594895568087948,0.14022697563849915,-0.11715992954683353,-0.1995118193746349,0.3325725859373356,-0.3119227208002731,-0.14597181041782667,-0.03151740841909116,-0.3780892799373381,-0.28188016830397367,-0.33866902649224323,0.014058366737173431,-0.14870947905626114,-0.23910307589754204,0.08986368853566384,-0.14712648860879404,0.0918079528935246,0.07072910488851751,0.09322301443432592,0.1712012643868577,-0.07771368420898814,0.13604628453073178,-0.055281939833881785,-0.2852063261233854,0.002366699703678519,-0.2656452699923558,-0.012775520429744867,-0.1505468148671606,-0.0022979371284401156,-0.016308126346300793,-0.36091095347870467,-0.6970035605288746,-0.2833771273815166,-0.2724573925328265,-0.2875457767712377,-0.09734733829485738,-0.12232614324049777,-0.20622994698202265,-0.12349285156383877,-0.11273879181041808,-0.06687240784766138,-0.3739987990166172,-0.7731041221100271,-0.4299637011578195,-0.1899475798465336,-0.5120175161423841,-0.3768137179404443,-0.05935054804058822,-0.3283286349837835,-0.13942452690481233,-0.3598284546436533,-0.8338583258715069,-0.22909067661846072,-0.3974651463880752,-0.07841743175235522,-0.19288182614381144,0.005043335966329941,-0.05357162443409603,-0.3658438938985706,-0.393999845245163,-0.5045243408582802,0.16172510829343792,-0.3069771984067282,-0.19290433243109528,-0.052771359786908986,-0.10705488648550526,0.08371726092019129,-0.3174661675173578,-0.28729756628663106,-0.08075039362627555,-0.10497560066138371,0.03742370556690455,-0.08274156445084833,-0.11229809255079218,0.05541419404258782,-0.18940487238003662,-0.2979919920138458,-0.2487233963580266,0.22763276614426076,-0.053983235050118754,-0.06157224733003993,-0.24260067307455974,-0.007933402343993388,0.10668158248476778,0.08629853688481684,0.008853272872187257,-0.08653404782440603,0.34553686077676976,-0.014263318286759545,0.1533382015875176,-0.022844720001497523,-0.18858952702539236,-0.05867878661975986,-0.13494460109440634,-0.1916474284468744,-0.4520564637526503,-1.530374555615583,-0.5995557235884393,-0.482531734466288,-0.012742990737593064,-1.230781734020134,-1.393796496274061,-1.160690189733386,-0.9255911033915615,-1.1083239819907547,-1.8797468404593267,0.3879462435444411,0.9862495464610546,-0.3805447237375335,-1.1107526000698495,-0.46693207372203954,-1.044719987422484,1.1670958523640445,-1.791985456502044,-0.644995486372202,-1.313259024736277,-1.151840917808874,0.42781304491698685,0.8500574090936075,-0.9520827824555099,-1.0232204391346353,-1.3462962538320629,-0.9003213901422552,-0.43243161822537163,-0.29272037382986704,-1.9362177132413991,-0.9071492873180511,-1.387392192208225,1.195994188253423,-2.0707379279323983,-1.4598696729422105,-1.129344754388958,-1.4954362829972436,-0.6144354529878964,0.8834232224037245,0.46887052869833723,0.770964302289283,-1.1335269011536306,-1.0450690847601767,0.42716821525362936,-0.8368359451289183,-0.1032507661513369,0.9510709561402101,-0.8161044994781277,-1.7623517291746393,-1.5965678572914048,1.422220741730586,-0.6040591071774783,0.5984782142000667,0.33215849101095835,-0.7083520142923238,-2.239007687475453,-1.2865364101119483,-0.40257963988001777,-1.6037736765792139,-0.6863466644802502,0.0997957171545126,0.5390797592181275,-0.7879801726941984,-0.9221850338729876,-1.9864802898299048,-0.936115686698193,-0.5406057505806908,-0.2614839427770733,-1.8657571391930985,-0.7549378829421994,-0.2396671962628012,-1.4190367428789006,-1.9013189780508488,-0.30345678716713376,-0.28404604325100413,-0.4867921459937816,-1.366117360557215,-1.1616328751334635,-1.3191523752351257,0.0034480799051276453,-0.7040191365747924,1.0989982245566665,-0.3692565224330288,-0.9851084563486407,-0.19925435157920182,-1.4997515887088786,-0.25042441430562307,-0.5311590781072338,0.5017076740589524,-1.3695533442925443,-0.8926468234750039,-0.3949454389563331,-0.3894348817289782,-0.11676347940640666,-0.7285644800180319,-0.529891606525546,-1.210629536454685,-0.6813496292205174,0,محمد
0.12234823853580228,0.058982584592493635,0.06198160109051896,-0.07107039804199573,0.08623532915895488,-0.00959112892672623,0.07268728021564211,-0.1740930151520287,-0.17965474826602545,-0.20062687635654583,0.2005776033854523,-0.08182536308066173,-0.2986100853373782,0.22373329759064128,-0.09730703510492023,0.23107823263772978,-0.06391406718838132,0.11479452556772372,0.029137400518542907,0.10802115883551387,-0.12840888323288438,0.023907865934034656,-0.07984696883098526,0.06793359187725063,0.18408178197010583,-0.1304799044713752,0.047896758928482004,0.030705276693414572,0.1946864684682099,-0.1245432995735896,-0.08459994916467786,-0.003911612748884256,-0.040176758590678346,0.22177546353891792,-0.1990111881074069,-0.25062999170672773,-0.22406790971741358,0.027044383825114822,-0.0872020546033604,0.19631190556977177,-0.06229970014795399,-0.18044418437992357,-0.17095208012052288,0.18473121117763378,0.01763142391874524,-0.09332338455089767,-0.20620308477641872,0.0425801431314547,-0.01832959841588636,0.03687936251677956,0.31954361129846665,0.0449773453059995,-0.15736841623040945,0.080229892617391,0.13241514713260627,-0.056994248045585796,-0.16259304580422823,0.0006869626146791424,-0.22281024708167402,0.09400887720989169,-0.20138575826613786,0.07273387587484194,-0.13908734068244089,-0.08469076031249947,-0.18593622419744846,-0.22820739631001472,-0.09703840992049398,0.22176368288133122,-0.05265103569527112,0.29888261799789606,0.056810720426311356,-0.2291659621139443,-0.15783064362121535,-0.2055380052079548,-0.1424043993718902,-0.15726948285503622,-0.043226887478918334,0.026342468761927043,-0.016989370705621003,-0.10074126204237122,-0.08326564385878535,-0.03186221781482569,0.04323146212047266,0.05135122517332697,0.09731512962911693,-0.2132320717996755,-0.21620801174013318,-0.06940055103681647,0.013857037361272395,-0.2622973801769071,-0.09166185726277136,-0.19031600907207924,-0.1997917865911221,-0.21929815015300913,-0.07252453051082366,-0.0912113895127349,-0.6660158449628647,-0.171677351446027,-0.17452125999783255,-0.11580960780398146,-0.1478820010623011,-0.1281229626391386,0.09810116682448296,-0.18848967518337612,0.020761597675243354,0.49574663328725704,-0.649601872967338,-0.5799114501233341,1.5411581199402573,0.09834599935881647,-0.2957792314063318,0.07514341569985149,-0.1803152191551377,0.7221507492001389,0.20471891517730184,-1.448167595816053,-1.092828464190058,-0.023281228857882825,0.6473564774897076,1.1755754290057805,-0.8645919981749959,0.0018282151394770124,0.291357653022044,0.27002223379719503,0.7346422918168287,3.2715988130976426,0.2537066992978455,-1.0848365823813275,-1.0336225008662285,-0.15522681220166798,-1.1891712628396156,0.6173332412010593,0.6118082703135673,0.5923691623671032,1.013395454813464,1.5076223019127375,0.05501773252295775,3.504448281528731,0.04949018907010653,-0.9029980318595282,1.1118854405430763,0.07027802787943897,1.349403007895947,-0.9032674459952517,1.547947266950256,1.977673138009224,0.4339737498291379,-0.011908160997810134,-0.33615898815457634,1.031492767284287,-0.7824728956623273,-1.203351240593182,-0.7260521785286725,0.2394814342316014,0.32350672491667265,-1.3706829258963467,1.6593836145977134,-0.2634344458531982,1.1136326646183976,0.4904999255182844,-0.5071555706984007,-0.3447675492928798,-0.6753722025362943,-0.6534073361252802,0.383997144693426,0.9027067386960955,2.455855807925234,-1.0589464782060756,-0.8538894286544734,-0.00796633280664361,-0.4318364376612884,-0.4672172141077984,1.0250207848942225,2.0108838286302984,0.639284619115257,-0.4378541920624021,0.3355794087727002,-0.7399802271753966,0.8990224728369948,0.012989372058588865,-0.2660778546706553,0.34960852620924765,2.357723981434541,-0.8959585009989326,-0.01706230229142953,0.5103033987124507,0.565783683138854,-1.0635826097080794,-0.7809769826464603,0.5756402667673409,2.4886750167829996,-1.2381598971556966,-0.770910412878871,1.6794172437289243,-0.35756812004731225,-0.34525060002811137,-0.5812460859047767,1.8617144931825533,0.7520249927447101,-0.5131198977063456,-0.677942534989963,0.46891518427742174,-0.12113120955071666,2,محمد
0.13630858233812262,0.09655236204439169,0.09964913359427786,-0.031667646687395155,0.11570353865319837,-0.056892354338026994,0.11236855625715306,-0.1532277662724728,-0.22581162057130008,-0.1855603505923772,0.17559772603557805,-0.04343331929371324,-0.3281853797822909,0.19930895424433603,-0.02638430736404699,0.21457884299674646,-0.11997081457721803,0.10311380318085862,-0.026344028825242154,0.133366846408332,-0.14116313938713673,0.08789410223286237,-0.05420184608064378,0.00554063990608361,0.23626831730311587,-0.14827109799527244,0.02353981985530827,0.06767356444197661,0.1484068006414898,-0.019314777844249377,-0.11943992012416604,0.09636516168076821,0.033320090187084185,0.10468641490158934,-0.15007841236314864,-0.2864888618809929,-0.1512566782729981,0.02056284768888474,-0.07408135590285475,0.21868320770898766,-0.11304659504533515,-0.14887960767399122,-0.1844930382729749,0.22934407995816555,-0.011269728442515604,-0.051267655773675265,-0.1708763618199444,0.061946469856338886,-0.07366693424004837,0.0442019098251,0.24430117075124985,0.025790927797074696,-0.1270650167463916,0.024219101058340416,0.2078860146218614,-0.1141352380084632,-0.06438449030013797,-0.062108118624056456,-0.2588350261198826,0.026804891019886323,-0.17853328426370013,-0.007398955352902466,-0.10181120870187747,-0.09417875176666547,-0.09766438316616811,-0.2705876008631337,-0.15964388222327985,0.20020922369213792,-0.003926683339358105,0.37710947555267227,-0.020702342107560445,-0.2693484677521084,-0.13575857207847697,-0.20504488833291576,-0.07939782123878049,-0.10545306097506334,-0.11704036886369491,0.03963348813604829,-0.03350546799629348,-0.11781355647956693,-0.0783300003214107,0.0657497404390052,-0.047412171086996906,0.012101893425861264,0.0692866687990752,-0.22044466226365658,-0.19732856261748585,-0.05248184112595703,0.04359577574981769,-0.20752291577435333,-0.10880741568534588,-0.1073133114194664,-0.23537890226325883,-0.2653513762530254,-0.13480581115700507,-0.1471490848626111,-0.6454499818388071,-0.12435541647827358,-0.10074692859200025,-0.14336823881182917,-0.15207556523350757,-0.11574185020663504,0.08477984286367553,-0.19064755734337283,0.03288137284854137,0.0378595513738239,-0.8785615344645248,-0.809370956620147,1.367273541493612,-0.6434680813937158,-0.8705265858456123,-0.5234213891539372,-0.2733493024962205,0.39528438699430657,-0.1652116539762903,-1.3170188102354916,-1.7206975607690873,-0.034145252547099006,0.07250019953861708,1.0943288972655316,-0.9724893364279551,0.00498846698392637,0.09640403838212125,-0.1340099510955595,0.18483054879159969,3.193577986342997,0.9558261276209448,-0.6599915621502701,-1.4870250503173634,-0.33512864009484955,-1.0831706402907446,0.22113302203613788,0.6752641622077374,0.47664473717818717,0.5064715211426648,2.4646314373623874,-0.32292811944411276,3.5496334215663423,-0.6975017700768024,0.6482326716117655,1.2780788567313868,0.3809486649388677,0.5498303530448505,-0.3025888515292836,2.4995014496489882,1.3189677116078569,0.6279791780406,0.32872748473602653,-0.16173454750630334,1.0775490845506883,-0.7616844373369557,-0.6673971093946566,-0.5438937941972111,0.1682945322929775,0.763493641946429,-1.1183816250379166,1.86550921883099,0.37007965213613775,1.0275553092207834,0.38472794503207836,-0.6044879479737656,-0.055116259621333215,-0.6414103184577555,0.026510877850357197,0.05445708372713147,1.5511450691988469,1.092905903996127,-0.8054097303833795,-0.566872967143013,-0.4155463174844879,-0.49112087271244853,-0.31938646006687704,0.6797085153264499,2.3460530754873834,2.0392677995266415,-0.13404716566784963,-0.16221659446617434,-0.15326119248478318,0.9356289174950784,0.30133555416960145,-0.683079303605873,0.7411167639032912,2.4583659123963657,-0.8004843743520875,0.6349686332401783,0.22727663293777914,1.0644101503097347,-0.9628695792366141,-0.036815734469316415,0.13733241343320693,2.1025576410365465,-0.9407100530137151,-0.31870296332956033,1.1144368744563586,-0.3213184599092039,-0.5424799965829203,-0.49838573508491496,1.7903320492133667,0.8174224808906188,-0.21321022925488672,-0.2132990376855269,0.7757672857411597,-0.03221479359935577,2,محمد
0.18977486016208006,0.19208967572090221,0.0890316764500312,-0.16405869672908488,0.14754101721415705,0.04022181475721954,0.20570186019373,-0.0726372512676259,-0.1631463561468223,-0.14434556439139276,0.04331097599765194,-0.11218319997229136,-0.3042982799095633,0.22844152948368332,0.0029581194315009807,0.18930633978357908,0.0038246503353445323,0.03421773360649947,-0.18586055507375157,0.08128043750051364,-0.14454690397154593,0.009696868079124376,-0.010960425187108951,0.018864403328847864,0.1540394461091035,-0.020012644770317747,0.06371142055943589,0.09248963647157867,0.1728734493245385,0.04063452339492557,-0.09317629145069921,0.09458450821392554,0.11813737826810365,0.06986211951736743,-0.20201553863622135,-0.23832861299543842,-0.04998915867281688,0.06766672944199308,-0.07015211123137265,0.1004053893483829,0.0017209706824779368,-0.09080586689542844,-0.14505805098851154,0.18762912715744126,-0.17389407967967294,-0.05147700881554667,-0.20168123736213883,-0.045345164710478794,-0.16342554868164721,-0.006266263609905922,0.22340370813111896,0.0004996550192016593,-0.14386869560447832,0.040228463505246,0.20473898476809704,-0.13131466388296095,-0.052065800830923846,0.007232240308110453,-0.1963099709883737,0.004641739753141372,-0.04702387148121208,-0.10815111476642339,-0.11705767511527043,-0.21254573390856957,-0.27635107454914476,-0.3035141815534751,-0.18438788496683534,0.216635713898437,0.009211577263350116,0.33994626459400185,-0.08020369493445835,-0.2538993118967156,-0.17044365359933006,-0.15995899487836185,-0.05556789269525074,-0.14278142163754398,-0.07069290492515762,0.0968825505465388,-0.12180486832152759,-0.16761166032017985,-0.11535355404142256,0.044718120277922734,0.03714912084797098,0.05374437040104488,0.10994338489948464,-0.2778821242204621,-0.20863575654640423,0.044229217423426476,0.005055949730462036,-0.1429876007903964,-0.17206363591162535,-0.13767671735159395,-0.22888215072138116,-0.2803595596781935,-0.1468215811311352,-0.101961182731852,-0.5590160527105572,-0.1335101639871045,-0.021181306200457585,-0.1394764544232748,-0.17643215496505202,-0.08168554522374369,0.03299129869561633,-0.20490224116640596,0.12388914024466953,0.49053022413691494,-0.6779925764581752,0.39605158084287606,0.8644180074939848,-0.7165103616335733,-0.5848365009735413,-0.9859478382653155,-0.11266210147465654,0.49518751562616864,-0.024723280563591653,-1.4894514394934744,-1.8736333953079949,-0.29063025107052104,0.6829639004875028,1.0497057341780685,-0.30734608826000354,-0.8276780401327216,0.5349820222890229,0.07244135964206427,-0.16085219637233877,2.1650741007469096,0.7364971436799169,-0.6448698289846203,-1.4747149487353126,1.1971634595070706,-0.9584224081295097,0.7743169829915435,0.08429061347406185,0.246168663487644,0.6416190666659184,0.47195711539738106,0.12030680459038258,1.8997224285779493,0.011506114131598,1.5473787585660816,0.9308341496614326,1.2574115739137053,0.7664105093796317,-0.7092640993892605,2.5756988957475317,2.1749652376538893,0.22317592464149155,-0.07167666888179267,-0.8135132241782532,0.9495177030319188,-0.6445872308784989,-0.7470330852824127,-0.5245801585960592,0.06288596972382227,0.432134420230066,-0.9261896717521887,2.1351308206647515,-0.05451330670303532,0.8088637264951932,0.6181875666563418,0.391751384415648,-0.03402751973635083,-1.0403429834549842,-1.0217012433264108,0.7653786883965975,1.5202679669200099,0.30901414829032253,1.1927140777558831,-0.6653447397617865,-0.5874072122640231,-0.3574915630615145,0.01171942947406832,-0.10874722032191085,1.1678188176901743,2.1093397083041943,-0.5299436815654168,-0.20483265455115995,0.021553820597348027,0.6854004886148465,-0.4000649042885014,-0.4825573192683826,-0.21610913954938835,3.0828280415498264,-0.7318645993146419,0.6193728500417855,-0.06115249755696096,1.564643641649867,-0.9432335689252199,1.08030645372843,-0.23109010342107714,2.217768405218327,-1.364330700737332,-0.013330270049079275,1.7560412609671316,-0.22652507195532431,-0.4115730964781832,-0.8252985094454444,1.955975340729784,-0.10850193740790547,-0.15001097006070882,-0.46344822285862214,0.39799547125176127,-0.2614213713915437,2,محمد
0.2097347645033508,0.19777168553140198,0.09848078513127353,0.022941724972064405,0.10742547038795797,0.1231206634039147,0.2997943644453157,-0.13938420172399582,-0.18145414562259143,-0.23116141009625613,0.04286715788256357,-0.09011825627704222,-0.21283328208915792,0.3076353778922972,0.003676571365952872,0.17738268775643776,0.07979969292378972,0.08468568390210168,-0.1313596296287169,0.04818495596406444,-0.2513107196939084,0.028977461580651835,-0.04112786588358813,-0.11800518817631239,0.16971154066817362,-0.1483892772862783,0.08641526291529916,0.010369348092480976,0.12729872373953352,0.14944612382005812,-0.05338946228784159,0.13844262693193865,0.14407663317062183,0.04920029383322451,-0.09349238017730865,-0.22431688766376937,-0.038506528914786245,-0.014220394658770091,-0.10192340110460098,0.029685429828232756,0.034035483041620615,0.07236207966631082,-0.17895619923756298,0.16398966957147298,-0.07318615299862195,0.10940838207256771,-0.06227742888065449,-0.0606940711617201,-0.22131749384715876,-0.04748571679978045,0.11269041346154111,-0.01230866738954069,-0.09843978910172249,0.15591117998145704,0.27397966027150294,-0.04490899426072501,0.033835891466589996,-0.062305993108320044,-0.12383712490616136,-0.027443511655223622,-0.005740203541098688,-0.14509160163008283,-0.2530196956471903,-0.18623181310800185,-0.19900590703073157,-0.22628167807230284,-0.17036957609636946,0.2660852687004763,0.015172636102556784,0.3426330969959682,-0.022054775788624397,-0.1875707750270676,-0.0015122399187571943,-0.09059169597597586,-0.004024806285394074,-0.059584605909030225,-0.12090315623214752,0.16374168771074582,-0.09021333397150023,-0.18200032915005904,-0.06510497049152343,0.0775097445251796,0.08418151753013285,0.033861932218344805,0.12163660347024888,-0.23154796865395724,-0.12841230855526053,0.08947790666268907,0.1154713726304272,-0.223294569799116,-0.15940782465034745,-0.03696087999167579,-0.2300231065462024,-0.061191878785047546,-0.1514643220478478,-0.10791568654380904,-0.4720252524472999,-0.1751633127948351,0.055735215231865864,-0.18101847593007986,-0.12419871053339895,-0.08406659847702645,0.041219460857691015,-0.22370920690620089,0.04592266084174714,0.12003758174695289,-0.09802571726627991,-0.4110100748180206,0.4436491172332558,-0.7491525233635952,-0.05813305597844378,-1.2957106760908683,-0.2716936796127756,0.3639261932185447,-0.18324414770848094,-1.3160715174972997,-1.6007793219576962,-0.48655821101842117,0.6647865890286655,0.6015582737184698,0.12082363083713,-0.6739860166665699,-0.07710582602445074,-0.46085205588011335,-0.7218960299616657,1.216192235967381,1.1016760146141824,-0.27225842274960943,-1.0660841014754052,0.5600473082792069,-0.9697634410289048,-0.439206248902367,0.019881713711472935,0.468597207264767,0.05396620827463022,2.339884386929322,0.646204596060435,2.3542488366139556,0.5745279898327037,2.251952927236387,1.27722017595172,2.009151607169208,0.5402037078481784,-0.28414650336822195,2.4282900731090935,1.8154721779416985,0.6226863073920587,0.4454324390525531,-0.6912386274984261,0.9498811038367292,-0.8439573778232774,0.27942205269964804,-0.04122230723512672,-0.19235155042881252,0.618693695293585,-0.29533650888161794,0.4660680538467813,-0.05028948444785288,0.5986272601738656,-0.02802320197828857,0.39072482231146993,-0.18613601332570515,-1.3509111067986146,-0.5738928294774941,-0.3041635244237534,0.5487919802474933,-0.11349928417276538,-0.8720195261129142,-0.41933775579354776,-0.7955534883620317,-0.0717879345016322,0.3491343959747266,-0.3647019838588875,1.025187984046033,2.506516864733263,0.23442465229116016,0.3221138734943692,-0.11467324938857532,1.2168202069168907,0.10159346602664361,-0.09789450976780305,-0.7170445384107658,2.435930622311751,-0.8562401330016485,-0.26977009671145424,0.09953059240547264,1.5286103232450912,-0.5728918803424903,0.5119999093595384,-0.8508642880019158,2.1539980943165276,-1.2127712928065615,1.06172743184509,0.13314476041922016,0.16560500583015822,0.32077584765102646,-0.7260308908918395,1.8988814439704087,0.06381911899783443,0.07358064957992749,-0.7962790986942166,0.23284723737060392,-0.6000551829402332,2,محمد
0.26422490771989743,0.1805649444840541,0.013410727694726145,0.09311166317858668,0.10387761672014782,0.1714411065125367,0.3044814710674276,0.04096518794671856,-0.12874902670800548,-0.21425484616610088,-0.044582292185597845,-0.15378216012324822,-0.3524914017150343,0.293557991056233,-0.017383789850974014,0.10555244408441852,0.13608687229782393,0.10793926946034452,-0.10366086025743854,-0.060109851951324414,-0.2153433270254302,-0.02551539889056048,-0.11830783563457418,-0.0807520649806433,0.16939924789925762,-0.22687345458419733,0.09068901624220933,0.03631158814669328,0.09554086781188657,0.11155939161177694,-0.11051361727573489,0.07669304322760168,0.08780548055801901,0.008353343686650742,-0.025028382247028046,-0.17712410795524916,0.02896964884701607,0.08262068531429761,-0.049363026059689126,-0.08281147318131832,0.039786532026210096,0.002087458557489244,-0.16574899237582202,0.0674189909091559,-0.15695301356291225,0.07311642552263277,0.04379392700419506,0.044435047490795306,-0.25759006709736354,-0.0726633964931136,0.11395768324356469,0.015239428192208374,-0.055153694205570675,0.11971270006410978,0.2707353513132728,-0.004994461087796488,-0.16734538444358488,-0.09806733111732562,-0.10881348009320149,0.10819409996085796,-0.07548859403860272,-0.056216750318533466,-0.24974349432674253,-0.17016805865507542,-0.2835070717531955,-0.23068882305699714,-0.19879804395494582,0.3304798928016774,0.03231247765790229,0.37670162712650956,-0.05051294937302198,-0.2293058239556958,-0.05944999128571425,-0.14846874401290822,-0.028292611719792318,0.004629029021208437,-0.0690858378014976,0.30207189847681765,-0.20698150956180753,-0.31241292738773946,-0.04545589727190565,0.04162515038380598,-0.0555805552723514,-0.06834137884400497,0.08630722734600925,-0.30538439590847044,-0.037746288175547114,0.045048623788533144,0.09449113172922248,-0.29533914110524867,-0.24056326013718773,0.043924215917257925,-0.21135718381755025,0.034458030570774276,-0.2550361957823883,-0.21771901797583953,-0.3810768623007481,-0.22394881957319648,0.1290869494496443,-0.16356476116515553,-0.10169227368772667,0.04082297662627682,0.08919074185962472,-0.19099698689290057,-0.009205607308619353,1.8093589330686553,0.7206898859236474,-0.2985227723314358,0.18777126960974452,-0.037926698495439476,-0.42490037316320234,-0.21746475201193233,1.2912436569396963,1.6324689043513734,1.1866002318286666,-0.7862502879370844,-1.5981547499834368,-0.40658272717605637,1.7147479576406837,-0.0004894206929306061,0.5596338798965188,-1.2298012443714423,0.08857841963627733,-0.33020209043771925,-0.630925471896061,-0.3767565137846073,-0.029061899937063086,-0.974246789767633,-0.5987037898242258,1.4478825728553533,-0.26598627584499024,-0.1626539738222721,-0.47617949448021735,0.07881892979114975,-0.4184472055043362,0.10012351063361831,0.6976011146422761,0.362536569354578,-0.21869222737390948,1.8933737114657083,-0.3852734695698787,0.5678752882383669,0.3567371083508848,-1.0646552277562866,0.23033864559156655,0.8840733994148678,-0.37456021467031486,0.30671607799295425,0.2817732023932717,0.19596687513740846,-1.0407951521740935,-0.5154490542252067,0.42025292215324234,-0.5804345421869791,0.8130202141234874,-1.1983256988216555,0.3119137377501915,-0.2868547309465371,0.8668249489214631,-0.07422224404220149,0.05671486481843308,-0.3008623533524326,-1.4761175972398455,-0.9368926983774205,0.023019494958539322,0.5107067226233618,0.5148453066318146,-1.0874801697953693,0.5098630033164596,-0.4250133381043874,0.5023872847348126,-0.5906139800163699,0.38919492339268996,4.036181562540342,2.4015373753926137,-0.19826249580173344,1.0494015414558873,0.1430636353496368,1.3173432997521128,-0.0015824655431206814,0.009300275407165375,-0.7102775511564772,2.5681734118532638,-0.6285919072035671,-0.10630389016898317,0.24682421945525704,0.9236835246259661,-1.0923917805621497,1.4598790764977694,-0.9882103249567931,1.3035380061488102,-1.2183937750260172,0.6199025022970258,-0.7682029161449759,0.6864854052473014,-0.34733447653307464,-0.5773937930636787,2.839986315798572,-0.11102214244614306,-0.27591848618198267,-0.3038427610929783,0.334402088343907,-0.7313151355081355,2,محمد
0.20352956302361788,0.28627045044894056,0.059230276497695696,0.08910304032154176,0.02817322816562125,0.1309680108749245,0.2543851648329276,-0.011728384428180954,-0.04800308638949767,-0.13862600968621128,-0.1566145725384935,-0.10527179086924539,-0.38378244439848264,0.20959426095490172,-0.013968224373002904,0.0956280673478179,0.03699140741643404,0.0932538205124053,-0.1260163818145072,-0.1455368498895591,-0.1274456511163771,0.013698017946291203,-0.009098133643582014,0.018342309224968333,0.11357875357864958,-0.2245875984274434,0.0083683673877223,0.03417741903356036,0.08540205743379346,0.15601730729809926,-0.17543052823017297,0.08984157356554766,0.09720445654188657,-0.009186539969619096,0.006832932396046424,-0.1391192057012912,-0.03621341477232544,0.1191225672932372,-0.04179531239126312,-0.11187041255970442,0.0877380151517664,-0.048694515852150254,-0.16950776569409423,0.021732502593656375,-0.1691054045003124,0.06627700622389789,0.08679332598202423,-0.0005238280853946994,-0.31854357224662583,-0.07779858170996674,0.02980862434106496,0.07666081978919782,0.022394378530743615,0.1349830928648889,0.2633318637612594,-0.1132567685595489,-0.2686374866704657,-0.09158813243714868,-0.12204696841253584,0.1044642687004807,-0.010192735209735848,-0.04489692922633233,-0.1409321608428167,-0.2077145166528258,-0.33064228935306633,-0.17296242474936196,-0.27623845979254164,0.3147547743136847,0.07877160142032917,0.3353693764827987,-0.07828569121245786,-0.2705433516739903,-0.046076072831288735,-0.12353338296728339,0.06565325332513286,0.05885777157653875,0.060980949060226705,0.26277563925963004,-0.27350310380286896,-0.3288943513202655,-0.03119927170067542,-0.014576986778694482,-0.028546416784483986,-0.0711536830804096,0.07772372451540695,-0.2296896719362688,0.0342928045933991,0.04891075613878358,0.01944006231157368,-0.2602489574337882,-0.18299485874504895,-0.017324856488531628,-0.160532268708968,-0.07196119336042744,-0.2817321123740574,-0.2209290955853119,-0.36711094338375205,-0.15397705596438738,0.17800744739249058,-0.12415339046154077,-0.07099770030697775,-0.01106801485387128,-0.04012770737310557,-0.18857867632017491,-0.05003456401357203,0.10275890431242503,0.11303981462720401,-0.1325432736209555,-0.1774159082027511,-0.9323870225190575,-0.028829385770180824,-0.7983512034949013,0.5227196559320927,0.45570241103496506,-0.10551767305402152,-0.8896025204629899,-0.9796135203159597,-0.0561326699621304,-0.23940849513710036,0.3743100348162099,0.2629275956867774,-0.6974916604611381,-0.43253691138412587,-0.4966076157767737,-0.41992145764203254,-0.3724826284409094,0.46559299057100617,-0.7837352945841013,-0.09998632432797105,0.39427050972651256,-0.6726269677562052,-0.978676338291312,-0.29281182548523527,0.37507291270256327,-0.9427188476978243,-0.41169343293663513,-0.5011186976414597,0.5224157016385597,0.47315056662768784,3.1222357498956055,1.2538299342175951,0.9983077976138838,0.5893107733457965,-0.2542718545191692,-1.330929688630241,-0.14776594098677615,0.0320283291563135,0.21402858340479833,-0.7127322961027972,-0.24284958801415307,-1.051745195538629,-0.2951741846870089,0.5817424354458516,0.36525130037763115,0.729591501103554,-0.131585768445361,-0.7196167682330195,-0.037203684044401934,0.8155463513165386,-0.23687581799396226,-0.46372423506310784,-0.06036124094854755,-1.4144373786622113,0.609589522997725,-1.308710985538734,1.6112895267590608,0.6469113064671095,-0.5511568480256418,-0.2829864127415458,-0.6198641803124626,0.9736321381512154,-0.5088755805584393,-0.8926844052483003,2.229674443041568,4.447870434708111,-0.08394510701729825,0.2397652999674034,-0.15051676519173682,0.7288299998264927,-0.1765118752593417,-0.24180414261864502,-0.4141845872586689,1.205474718717627,-0.913033552021966,-0.13076004310992848,-0.15344912053208198,0.6142341216588368,-1.0731243312372674,1.0363719590791978,-1.1794031629267594,1.4953941824172396,-0.19217694495972107,-0.49176767774154095,-0.07603270711556803,0.8139200634823478,-0.4812691021044564,-1.1537375758065709,1.4442351518093968,0.4071094352367317,-0.6435373507651128,-1.115159728927837,0.5674482270819818,-0.8733436670714642,2,محمد
0.22707271393282186,0.30358705952616627,0.08159419736039207,0.12963152626750182,0.11420357551918509,0.10599918199044438,0.2672958229886883,0.004048426322428505,-0.05660625071718295,-0.1365544588431886,-0.2106963895233453,-0.15957617864644993,-0.39598400901714415,0.23539145894246688,0.04278952556508614,0.038635561479952764,0.19886656402852254,0.04841115518493205,-0.04783375963345659,-0.12324691369042261,-0.10489858215432715,0.03226256449956901,-0.05979253996829818,0.0781975056563151,0.009464341805857255,-0.0894646648566047,0.015582371922337628,-0.013883640810733618,0.04736414854409884,0.23933227644645763,-0.1479365635555649,0.04862419613972286,0.13378900146988978,-0.0522434346826769,0.046420000751258524,-0.06053972510991207,-0.006233855494231223,0.12976933776062197,-0.0957650710445157,-0.06464015622583133,0.062111992888772824,-0.04464474931209341,-0.11722791928161597,-0.14700261725238423,-0.20280014410747485,0.06213975658833516,0.13472137836129916,-0.018029097640024482,-0.22078044778171563,-0.02139819811395872,-0.026299746588725696,0.11276956420486146,-0.06985761723516014,0.02528048255760259,0.19940276887050848,-0.17408694154512386,-0.14298971005639688,-0.07476570354704695,-0.07174816599591159,0.06209498828430321,-0.04096631763249091,-0.05683129291787872,-0.13069391651025863,-0.23716057716825195,-0.3137761236203784,-0.23451961435725524,-0.2933202550163308,0.26463007658568083,0.18568987321784816,0.3915685268420163,-0.08341469898651412,-0.3576141436723065,-0.08761152512091784,-0.10906860777007388,0.039912805830331986,0.13175373970869397,0.13289627716538083,0.2707068953395924,-0.1948010484307177,-0.34838025899720426,-0.09280540397230846,0.041617974257625985,-0.07077157834282571,-0.0502512233989383,0.0965162302399609,-0.22308499282457606,-0.06424143573129265,0.11146856504100858,0.030673764156932987,-0.25353059505686043,-0.20593627225867894,-0.008440698909309773,-0.2192119375168305,-0.14714722258747873,-0.24504290640959295,-0.2252907545121986,-0.2642492287087746,-0.1957849947256342,0.2879295194388302,-0.19308170917402886,-0.1700962216458728,0.11409901824459731,-0.015015592073023705,-0.12989788712626235,-0.14659294018808208,0.8094899088610997,0.5174449435299617,-0.38712438879145644,-1.059077288102101,-0.2750641890116239,-0.45950198393209385,-0.4762486840722299,0.5974278592487638,1.0724494552355424,0.34025443328301175,-0.6420796517240616,-0.7730533564543159,-0.8102242659328576,0.14980342518425657,-0.5147653043333471,0.4078032902853079,-0.444029410948145,0.021993842879186164,-0.8790767118083425,0.6032505349103012,-0.558926024431912,-0.215487969919874,-1.299711328987854,-0.3173610458563035,1.3881328090215546,0.10219292130851708,-1.318655768950474,-1.1359573906247453,-0.47508869683189925,-0.0720305149811041,-0.8271216341418668,-0.1594545718907283,-0.8767202644021632,-1.1521356625032317,3.3347911474746486,1.2638798842749845,0.1657028830207075,0.28742710257883686,-1.1070691128324404,-0.6005767649996988,-0.4900810292014245,-0.23632023411923228,0.5909303498608659,-0.5317895803286538,-0.23927701343195895,-0.9326657301155037,0.5084834632621951,0.5668640288811552,0.35672470669125944,1.1916584614832706,-0.6707947226371365,-0.02761009776614568,-0.5152455382655103,-0.8038949415123462,0.07651099373435175,0.3917534187193766,-0.6851563436989798,-1.3236323145131228,-1.2676978786635795,-0.7400609863795748,-0.3352979671229935,0.6567673675034273,-0.7703720666519537,-0.19962031299783248,-0.8816615561064808,0.3947380541665403,-1.28013955052732,-0.1057758012536801,1.8466597569571759,3.961957167213268,-0.024230322009695403,0.7259213338284413,0.8298656084269327,0.7189273379884388,0.2094587304165815,-0.6138411292732902,0.9595763066103455,0.991123245555501,-0.07752266075398911,0.13450042884784172,-0.45458148478891025,1.2508827307201151,-0.7306551418057844,1.3120094013860335,-0.9439192396539018,0.42246125763612813,-0.9046135713149642,0.6399586215512293,-0.19232938195056173,0.2160715154845391,-0.5673593113633453,0.3597355634378729,0.6920660668238731,0.3044282868594388,-0.2366767957134132,-1.6856323755598968,0.21623101429455768,-0.9407804065583563,2,محمد
0.173156666626546,0.22314786625745445,0.022588223351394928,0.06706370369455608,0.02240092399518722,0.10581873920544344,0.2686672318616122,0.010280308658181121,-0.1399326667166765,-0.11920318113914646,-0.19686636739050575,-0.054295607883368215,-0.35142527710699173,0.10044307459632873,0.08788761134485938,0.0032732325413407596,0.15744550573713598,0.05949628099734247,-0.09558123164961682,-0.10698094439656285,-0.12046444643877181,-0.06177679859042626,-0.05885094740189389,0.04330284381898058,-0.04395822548564453,0.008926310504938183,-0.02622882740964517,0.058282673229896394,-0.18167399786140653,0.12090002272389262,0.002932057082297516,0.010717845566356826,0.0897734864262829,-0.04637543677000994,0.08509069534181952,0.056904906988383776,0.07881847608987776,0.14983223400133064,-0.1740257551490405,-0.030262624403052763,-0.03715498559352822,-0.02352412092834443,-0.06676213100267453,-0.21640315017982967,-0.13882047799546154,-0.00861144168747618,0.02161675581454654,-0.046502122457980875,-0.009184204548066191,-0.006447969536933804,-0.1502289105725848,0.0603789811240205,0.05945281678619341,0.029249092704261858,0.06303481983810892,-0.13025644281917065,-0.04693411300938038,-0.12538705884945772,0.014001004308347487,-0.01649251602903407,-0.08001343656314513,-0.14713982775277948,-0.08569668971821846,-0.2900207360842263,-0.2826107217815177,-0.2847460593924936,-0.2198687096569339,0.1246241383508501,0.11851613192825868,0.36447978828372857,-0.15142165603693797,-0.345621086316388,-0.06177005913420123,-0.22918618524382162,-0.027477911112340478,0.09983611037305806,0.1168977795051748,0.18001253122564106,-0.1270793058687999,-0.28499243259128043,-0.22617809864800686,0.02405759600403391,0.02765128323652681,0.022008239926076863,0.08077265130479042,-0.1790327856128527,-0.24969832579354073,0.08487703251292722,0.04755203829332782,-0.2733556696995657,-0.30085507433248937,-0.025513603376064186,-0.14183539726650554,-0.10047441740857341,-0.21899239471538842,-0.21911655885721826,-0.20097245897748198,-0.08268040408996401,0.1903369219391803,-0.1975847395362973,-0.28641965087025456,0.039203172011065365,-0.1644365750489885,-0.09150841133231769,-0.18899528739298216,-0.7323228058853299,0.18269819906518286,-0.03701192107488198,-0.8875429995910632,-0.7539675430275374,0.020840727661421175,-1.1329020685413846,-0.528148734346183,-0.49732346410299905,-0.790221384499141,-0.7786814476181306,-0.004425310115339627,-0.7158821724067812,-1.0371773950650691,0.05083960261380969,0.8761208210571576,0.4915143868077493,0.1969053575353067,-0.6362509636264132,0.5236474480409151,-0.7205739595695022,0.6249216412119104,-0.2170026259368542,-0.2191028326948341,-0.11512389405997887,-0.04752905642202419,-1.6844632790332463,-1.1080706054410807,-0.43978854366650894,-0.33278866398401663,-0.7012211071099703,-0.46710616752665746,-0.8437310938438216,-0.5644007859486243,3.9057760828131003,2.025005284120987,1.199012437582247,0.49959756841390446,-1.0697448311885525,-0.9048821872376661,-1.0967076637403672,0.16927240681085762,-0.5933197294468875,0.46820359681979085,-0.7829456762602903,-1.0018339850087563,-0.7533112477566852,0.4346148227967974,2.0026064119090083,0.838121924241152,-0.4540692805134874,-0.3797273681857888,-1.2369729002677836,-0.8709430242759244,-0.5098047264247404,1.3904755427836157,-0.11380256247864251,-1.2229572044193102,-1.0990891775941571,-1.224817203771497,-0.42255341675989166,0.46732752596228483,-0.3845430535712578,-0.2598113412803442,-1.1714048949401772,0.04968228010655936,-0.4666580553006693,-0.8581693339053659,2.3030600556621494,3.5454316150361804,-1.2441923099386645,1.5901955388673827,1.5220073807941163,0.11690429769236993,-0.532722482652716,0.9553762696459284,2.8111552531249817,-0.2288261935860825,-1.1031925771979272,0.6236938168636609,-0.7178115243930346,-0.7444689949397396,-0.7390373638581841,0.2026348126682215,-0.691979363776254,0.5499311679662109,-0.5314744695253617,-0.6823048267493924,-0.3485207255525321,0.01072844527038494,-1.2085607089579526,-1.477224034047251,0.7159077006807448,-0.24288341334412492,-1.1814081839362465,-0.5412878129321165,-0.10734928617378306,-0.828000634485675,2,محمد
0.035941403508716004,0.29194945506449355,0.0008782106311925294,0.08244957511820991,0.09422362436142614,0.1589496435852539,0.19232288659685945,0.08303519107526704,-0.04641421078102242,-0.017950349612759844,-0.16133750668186342,0.004587068680183631,-0.3492855897270179,-0.09082290489087191,0.13305802874467074,-0.026199193612396518,0.22340057580370565,0.04854349445617078,-0.08677551810638212,-0.06184730472666731,-0.16626492293260603,-0.11566068588494599,-0.09024731446073929,-0.0018375673178591225,-0.0913809919958189,-0.00372893362244194,-0.061850579997030954,0.14393002608190947,-0.2396749335316597,-0.0048501755271073855,-0.0971001231393143,-0.05953515883385018,0.1896683681364534,0.0050401510157662265,0.014671507126234544,0.14259421099203248,-0.027653223773984978,0.16668868713008428,-0.06102306284516558,-0.09451664126595884,-0.04165494801052985,0.030911334579581735,-0.10855318307163674,-0.2339167371347554,-0.1748098621961567,-0.03485443707525865,0.06757532391666764,-0.06263658631412596,0.06964440063454455,0.02919678871424494,-0.1573945790948917,-0.00896696257891328,0.05162625829828485,-0.0737245214027511,-0.06870467207710408,-0.13731491051831626,-0.07718552467588152,-0.1772149157996086,0.0380048935327037,-0.04235124718902661,-0.10977960629015546,-0.20248476889208944,-0.16999887189944546,-0.3401070782293048,-0.3606110939555382,-0.27661026262728233,-0.2371148543458781,0.14124042792781405,0.13911754197475928,0.27432841463882907,-0.14084179331023655,-0.28920884735298624,-0.14678530627256084,-0.2088606461619305,-0.04981414193687415,0.1832446015025369,0.15089164155889878,0.17194694242631983,-0.22392476397446126,-0.37610327621880424,-0.2675076684175237,-0.019196364752875988,-0.01638048374739018,0.15493551883400916,0.03803132485508072,-0.25390602232113385,-0.2267850786817738,0.04353140658209896,0.01477161247004301,-0.19645990933655086,-0.29360964360512687,-0.05668226362490346,-0.17369537252895356,-0.11748673081767746,-0.162156270253312,-0.2239048352313188,-0.23617171219260874,-0.17257410264715894,0.13008864394063702,-0.1500991511386501,-0.30393509917053674,0.05784623328826283,-0.14134483687481408,-0.13605718676456074,-0.12275878649956098,-0.061601415434724,0.7474544651278073,-0.9541177754774066,-0.49843349459299524,-0.3629110793676383,-0.6337630683206925,-0.8477896252281641,-0.08739741519409192,0.4214936554487879,-0.018836292408579078,-0.5293082739797051,-0.7454239208310616,-0.7989625859810802,-0.4876378032225793,-0.6695137043192628,0.27859733738204767,0.8209028545895206,1.6669308180933047,-0.5773979554236822,0.47110123398832776,-0.5379690538615514,-0.43216223761571715,-0.8216530386198786,-0.4986588178914706,-0.6406382364912139,0.31096090440486257,-1.4114874888375992,-1.0661740620561826,-0.31699668860110486,0.3908743945661644,-0.9403363624477338,-0.6456805229521964,-1.353398000371933,-0.3775039228673059,3.0215936852171996,2.360120385859468,0.3622983211407981,-0.04227080142507241,-0.16009256325214685,-1.066166862035458,-1.2504766633975506,-0.27902915633159137,-1.3654863318264339,-1.2636138451757835,-0.7710033988761225,-0.7585594054047916,0.5112768538737276,0.21162072955725514,2.048640005077417,0.6319891990075419,0.8142203980048732,0.2219930295903186,-1.3845868085543482,-0.5773150991683574,-0.9613342484197952,1.5263913737894923,-0.9702294277019922,-1.342663183214891,-1.0013356354262275,-1.1900189192843007,-0.4390017643345081,0.03610668441777172,-1.1692879567082313,0.000892069823562168,-0.6705685972810312,-0.21785930453710797,-1.1968463354185734,-0.7479703149188734,1.785893315038426,3.2196492342892262,-1.3726629664499816,0.3563533927090485,1.750496355040442,0.04829214324418945,-1.0451255374369337,-1.0226868426989062,1.3074366722754742,0.2015332587157703,-1.3898809721606225,0.1977476738522986,-0.27643929373048326,-0.6479717331442761,-0.07845553757484683,-0.84131527974863,-0.7571135758687702,0.6810328585447113,-0.19536202107655268,0.7428182978885883,-0.42474740238895553,0.28717381181380996,-1.3179623453345135,-1.6754715927330017,0.4739104799334648,-0.039094938069367306,-1.6108347185333125,-1.4696353403545446,0.028349898963925063,-0.6465690165331163,2,محمد
0.04896536312420639,0.2609225707462399,-0.024307441541696118,0.07085378368498063,0.013968854575924367,0.2398199097132105,0.12251986203166856,0.04667686606480828,-0.025417946329172676,-0.07699730046981802,-0.14635226255070025,-0.02581438362617934,-0.28968369542465755,-0.07184856051934393,0.11542136618760329,-0.16943451512731583,0.23432194668696116,0.11434568477844771,-0.11876310439560181,-0.0894844883240985,-0.1700541473079715,-0.13791525398455765,-0.06571130003822254,0.05081539339657027,-0.17469388775124522,-0.01657719761684993,-0.03772967315366156,0.1084906029682623,-0.10777775784969397,-0.049604215688582046,0.0027133050658954263,-0.1694405887797702,0.23397998659111666,-0.02778315273881679,-0.03832681760143138,0.1356248394325372,-0.12114769581883339,0.19931993847733034,0.07120014616132338,-0.06149668962282901,0.0039256565766212686,0.07297188257795297,-0.06401826141517368,-0.26759018728138634,-0.14752961550573435,-0.07132848771228745,0.011809352721665086,-0.1489765166800215,0.043380601025107796,0.09155088167227259,-0.16616700753011743,-0.03701907926548784,0.046480748644213137,-0.04894664539003464,-0.1576253238547553,-0.0786491547983334,-0.0709570586525078,-0.16535230129734346,0.052394533936157124,-0.022079131325724668,-0.11664593893777393,-0.15101678109767525,-0.27169850859800015,-0.32745798420809874,-0.3919452831534142,-0.23185856309438596,-0.1461128208580745,0.10578898197368763,0.1655458735373377,0.1801729964288542,-0.1284654327914315,-0.28274747564627073,-0.16639007895280197,-0.18108604886926002,-0.14085856099236457,0.23624140143857572,0.24493163258386014,0.15739670152398938,-0.13804370563115737,-0.3723565185716094,-0.24238102320199764,-0.041448613511242,-0.015412280536565553,0.1815351539689985,0.038664918356055594,-0.24957092889753194,-0.2301951903208639,0.06664385121089958,0.023106749643028366,-0.2382182082734696,-0.25801383797928673,-0.07965072878731838,-0.1398796090903016,-0.118108550766678,-0.15680648155039745,-0.21728353667214056,-0.23145257623061033,-0.12252231481357749,0.1054955579230605,-0.11500880141136746,-0.28218264347318517,0.04501594229948876,-0.15441214844474002,-0.26841232031907986,-0.16689664624928838,-1.3338475400907828,0.5065341096488644,-0.3152402668315594,-0.4065066375095187,-0.6287877544385859,-0.9056986227109047,-1.304140957258101,-0.5088777137490348,-0.671978537208466,-1.0838806017437566,-0.7708834791944978,0.08234581624546498,-0.7183171386622496,-1.7622618066152407,-0.4795702512387013,0.4877883702088208,0.958201879970903,1.345643898569027,-0.43451234538649547,-0.009778054985832296,0.15444634820381653,0.13602616156152617,-0.7684294537940467,-0.8740620606276461,-0.8811970745726738,0.22434358601432838,-1.641864275346879,-1.3426813582603419,-1.0677550654105576,0.18851282915530768,-1.1364864816914655,-1.4254042855662166,-0.5982166210014085,-1.6717891042666746,2.823145307929675,2.414577454975157,0.6392834914960386,-0.07157768246942295,-0.4678668119101658,-0.7202243567568236,-0.6478090730293897,-0.4737747275470768,-1.3226167291828088,-0.7979294407052814,0.33558315275852,-0.8255050116089069,-0.05267003607798051,0.5212815377712678,2.1890804557365238,0.8586198111160864,0.9362047198924836,0.20035640166661442,-1.5548330133367312,-0.5209385239617261,-1.0560513051278575,2.0121759314054577,-0.8019107580852063,-1.2871573238207763,-1.1312128915686543,-1.3129188841179007,-0.24865430894334947,-0.08659608285118275,-0.6724273397790314,0.31718320551881557,-0.73669824324003,1.0496059470218824,-1.4785155308056726,-0.5374242986943543,0.6941171655065613,2.2767116502829507,-1.457947901375346,0.9240424911086212,0.9424615623165862,0.017327410647982957,-0.9303580244651822,0.6415414565867548,1.0456000248200596,0.9900753522314663,-0.9654532067421189,0.2755821600749495,0.1254168524235244,-0.5961137739382013,-1.0441762332472664,-0.24432370412386817,-0.36809443393954366,0.4160831686134367,-0.5081475248302523,-0.13374405839891074,0.5863250197834334,0.7581616753752629,-1.110184606254403,-1.6945589453945689,0.008681261788894957,0.008785065582696051,-1.6281269056653758,-1.3770460519943237,-0.3084484476834648,-0.5259445847128009,2,محمد
0.06669859201331908,0.09214918004868057,-0.03257093316871022,-0.016552586830110294,-0.03098048162501801,0.1752352299091618,0.1490673674747179,-0.10789346887990175,-0.07883384588953747,-0.046927341384451454,-0.12780002317144762,-0.14223038390171078,-0.3352557297675908,-0.1436213153636724,0.049791768370508284,-0.13977594671546947,0.22369920621813852,0.22838798733488114,-0.06588253331956077,-0.10736285119897047,-0.15522533419048654,-0.123641730721645,-0.16168365603768506,0.12412499068260184,-0.16461582340607644,-0.05532829613508246,-0.08908313903611621,0.02286443565060833,-0.15976195802141607,-0.12720352927111475,-0.060861817686439355,-0.13997234368894634,0.19347275018072088,-0.12753431589868539,0.03311568291622356,0.14501692974274014,-0.09097187703512213,0.1445730885046463,0.07719042126672825,-0.01886439473556222,-0.005169802142825697,0.02915986477785965,-0.048695505656652364,-0.26211775978166074,-0.04913444118408348,-0.065548385096128,-0.01984725467886958,-0.04594575109929211,0.07407120903144572,0.14493947226471102,-0.2774098492372323,0.01287117956323687,0.036046577196240805,0.029331618700998846,-0.36147454500561926,-0.013203654097363304,-0.09186501603837607,-0.16650881615741164,0.02144332976622493,0.05188688696610342,-0.21317564938603636,-0.15306777692964732,-0.28845544845967125,-0.18336863424449143,-0.2929198385475898,-0.22643719919914812,-0.1330478921521547,-0.007161283811728261,0.172243694776902,0.21907405276510905,-0.12681304373224275,-0.33895093496669165,-0.19332775793240614,-0.21245771665427732,-0.10252731510103218,0.2566707483786534,0.20034119265797515,0.08757063839087055,-0.1769247591299897,-0.3981170523750386,-0.21553658376534995,0.035663830108920824,-0.14031361282293006,0.1352555859860365,-0.0673968171936628,-0.21437584886752872,-0.33394499783187875,-0.006979863013976517,0.051110866363392814,-0.2857495012786976,-0.2993721530879015,-0.1710092586231923,-0.19974679615716806,-0.19080210528760097,-0.0859427778621377,-0.24938978705310538,-0.2796033862872126,-0.0921649044139327,0.03850341628900707,-0.13438570529099783,-0.27057845817347864,0.010409659248866821,-0.18090156564869167,-0.2957609979941576,-0.2826547672167602,-2.4452755372013275,0.595229256945967,0.659321349131806,0.21306768951720997,-1.234097985028834,-1.0163874591766227,-2.3208492994041996,-1.638832959764322,-1.3662199374946553,-1.8574689101150645,-1.0577527491777259,-0.24266925168644768,-0.7316885830720268,-2.4726789137537146,-0.8448952920891908,-0.3186098759172847,1.268523416635738,1.4973128449671442,-0.8295150640508944,0.06906028422890508,0.10323422972617544,0.023465852750093122,-0.6578362354992767,-1.2796319270159138,-0.8254165668906412,-0.5303091460698107,-1.3532234024719614,-1.6752720119088704,-0.813177486905148,0.2814876153378814,-1.0149867349202644,-1.3112675963037683,-0.4909118115567084,-0.9542237422380646,2.6529666819124085,1.9737786127433852,0.7347192327701659,-0.01712036289487568,0.11378744676260934,0.4048484804671786,-0.7648177236928251,-0.5678091352500318,0.4328875059717128,-0.9579288803831657,-0.656604746714119,-0.6332128986328299,2.0489478365446727,-0.22873171517754265,1.5280140644333422,0.4015212412595416,-0.5917956594991994,-0.6189916880946186,-1.5146911885597287,-0.7359489623233002,-0.6624707058110076,1.4729334621094803,-0.8219907815433993,-1.3105059738089941,-1.2768458000391794,-0.5573116348918337,-1.7306739109688176,-0.3153528653257647,-1.3193008410177929,0.4472655087890753,-1.7286844948192175,0.7517791928939659,-1.3343194626405028,0.17281782984515623,1.0590501607281406,2.5216609938300487,1.2874817519066317,0.47771005385456383,0.7563113936568234,-0.1667844316800519,0.8850388740780398,-0.65913356032209,1.3412707173660887,0.6909871839407866,0.955684187680525,-0.6325511939556722,-0.5703779578100376,-1.1336934636403868,-0.4379024858693218,-1.2107017117806194,-0.727003399464022,0.41747893565870847,-0.6846738476061848,-0.1810201873498156,-0.15147154575540203,0.5579655318785425,-0.9290042144157649,-1.866281010845823,-0.0802342451262415,0.03276868229297609,-1.3636771321692898,-1.1374931540596167,-0.3367052673838914,-0.25413138664484847,2,محمد
-0.27467269388196397,0.012725844424588715,-0.009553570043434226,-0.1224704351420229,0.0761077079563099,0.0013615524917920897,0.06378789267514029,-0.10712456014538221,-0.00875988806574145,-0.17245302591264358,-0.17619819515027083,-0.40449999322845903,-0.07866304226724065,-0.13327744963420335,0.06076907008150222,-0.2048723109606486,-0.037348325185239305,-0.19533215985573904,0.22003082038792976,-0.13984470059370363,-0.11378865799707122,-0.21135720334493924,-0.23882365035146683,-0.3771323206641489,-0.16693165486959727,-0.09449577442600074,0.11880223093064421,-0.047599129659494824,-0.28613788720147293,-0.07948370062245963,0.07731560576481589,-0.20957684894896808,0.20415059349436598,-0.03695230177238776,0.033046421058312576,-0.026663481568004545,-0.02556957160887337,-0.20435970372831233,0.10652401059798478,0.07533474517260913,0.08337104046788209,0.2910471193687441,0.11591253008287487,-0.22143142822344777,-0.18556741771514443,-0.11683788816789727,0.11832797274147928,0.1110868980512955,-0.24134728326355326,-0.02806049632262279,-0.07373473394386766,0.21357509559196966,0.16996783499409746,-0.16078537626864073,-0.2253913002251635,-0.09846097713184002,0.14462237799529098,-0.005834464912757519,-0.13790694351965452,-0.12451026095274574,-0.10559949189884435,0.1962331320140213,0.005726218872753187,-0.003416171868456393,-0.04537265049265596,0.1445668755590644,-0.08952786175654708,0.1002611139029994,-0.053303600871921965,-0.10075612480102111,-0.015703108044339123,-0.07490679277484895,-0.10645964629927356,-0.04255413246693632,0.030704587350907562,0.1281022130058873,-0.1278188744166075,-0.056613302100205355,0.16603474307691038,0.12065594777051326,0.027514752472238314,-0.13130999233807814,-0.3230064806692614,-0.009936775166267835,0.07534269026891485,0.2593276402826566,-0.13932440356269857,0.17508702214420713,0.009688594631514214,-0.044024119874587604,-0.12475573100501901,0.2507574932370666,0.09071183226504057,0.03919826255198674,-0.0731334192984102,-0.07732466743728392,0.12351205590932836,0.2598801370093484,-0.28825696505848963,-0.027336339934371918,0.152345295181132,-0.3269976820764356,0.15680569520603715,0.01116289329575683,-0.07172645427084998,0.3914614601682975,2.484265556763978,-0.6441777936078296,1.3834371682221371,0.06098749834497551,-0.6731127311674925,-0.8747138499920654,0.5296166017132486,0.28493467723619786,1.2072388581041766,3.8602303750158704,-1.1317669507754429,1.4914231255657284,0.8538220295524099,0.21277535579277224,2.037014673392972,-0.9801564786150959,0.37025246262501477,0.9554737723248217,0.5710042737800665,0.9272639021344403,0.4523097066551405,1.4834697980979525,2.213976360691959,1.1225604623279177,1.8992425142211915,1.2115239131903168,0.0009639234229483236,0.020986948479891198,0.9263315099441453,-0.4672747541386031,-0.031086969211202953,0.4722837704681388,0.7566082120572004,-0.6646437921247241,-1.1824005591924132,-0.15190549854064336,0.002234469044885278,-0.9699770413483348,0.20494643931661638,0.11607366089346643,-0.06366109554391503,-0.38577991056975786,-0.6004857137428584,-0.6029793766257137,0.38694542183440217,1.2574792336482015,2.4926048010502164,-1.0809946962205073,-1.3047815404418162,-0.6688538783123893,0.5881501905262194,-0.7495139377473305,-0.345962523208326,1.1071549918850077,1.0122728158982488,-0.9861712256219686,-1.3263513820477444,-0.6982429866079639,1.152924730110216,-0.6947729466266207,-0.64870071655445,-1.5365484749661982,0.13888618539159564,1.0504613680443449,-0.8980656323461277,-1.1108779173587078,1.9860223355690207,0.7633457869544864,-0.13639863550554368,0.500228731496209,0.34177371721439076,-0.3963528108808871,-0.8388626707697721,0.041905065493914935,0.7718066387240928,0.20734279543376477,-0.1986385414419527,0.35261210646883384,0.7773084127838966,-1.1051676694724384,-1.27368529970783,1.4348433322997756,0.5123485346375104,-1.2853182486684662,-1.6191450240081697,-0.521138434173017,1.4274777633706655,-0.38026602161195355,0.5885560871794756,1.1047103279016837,-0.12226252897512682,-0.12886037194049368,-1.7624872753760623,-0.4554907296088462,-0.48147073534071866,0.5872623452304498,-1.0743915666894632,3,محمد
-0.13750783013439966,-0.05592650664127217,-0.023548808189331298,-0.1154455690027247,0.013898863949054995,-0.047017777738105296,-0.05241324911096243,-0.04221054819669091,0.026111519617614015,-0.17143782668161586,-0.10234547676673386,-0.3347805058062997,-0.02472479567149904,-0.09794714508009927,0.05302180395324628,-0.24766963441628448,0.01931106095674169,-0.20080014529168458,0.29394622569642687,-0.16551758062706967,-0.08151694184201407,-0.21261436030771566,-0.2666775237878377,-0.3309209876055706,-0.11718901599542542,-0.13002944104867603,0.10315527143924512,-0.0620554879052966,-0.27280775248490324,0.013046717018440342,0.10600920691882813,-0.174757844267117,0.23029822076440265,-0.015704608792332417,0.04955888471782893,-0.05843353626558659,-0.03583297874393252,-0.22578112905053752,0.05168362509447874,0.07493104621759282,0.1544140046619518,0.23485206476976367,0.10078887416876707,-0.19934447829472335,-0.23682332216880767,-0.1444250808317936,0.04661383086940363,0.07090451193752542,-0.30214272293419014,-0.014117978349609796,-0.11666466956345035,0.30316296009122035,0.3006901770312028,-0.11005416550701136,-0.08582065419400285,0.020974316777704463,0.15374544395575962,-0.002413373154393352,-0.15473986005913304,-0.23768327521791308,-0.11725614354033836,0.3020234021012368,0.04264658827938494,-0.11312930650014023,-0.006889397992540668,0.14935327659298536,-0.01888263616226284,0.12521423530959525,-0.06882430211101424,-0.14847621285895904,0.004753220062969814,-0.0641520628402907,-0.09472849933730908,-0.08305142771306948,0.05849287707169289,0.10045363801871525,-0.13092179195088713,-0.02199982538651069,0.246995021022938,0.1497665550716955,0.07467454501655658,-0.14772652914878337,-0.2075761381158344,0.06704119339724594,0.08894404742572547,0.24921142561449636,-0.12130192629512597,0.1872381526242936,0.041524874206774025,-0.08988287401154678,-0.06626619045998544,0.2364586027511896,0.1306076257375516,0.11011572062119061,-0.08818681364718406,-0.009052151900303685,0.11171233970345258,0.38066322821357446,-0.18225796741853742,-0.05756296038725095,0.23146023120981526,-0.24987976318819158,0.18862455108971912,-0.02180919112676339,-0.06971208104346627,-0.295594164991358,1.1429858011958134,0.5879184332229536,1.6285593256379731,-0.19641019539661927,-1.0332709306176195,-0.9778067824492925,0.8546288553199652,0.9311829113176018,1.255146631064998,3.7154193242844644,-1.1483627471765607,2.045695386289535,-0.11994285428493205,0.4543599715085391,3.383782422972252,0.6977486222639007,1.3471922274605286,1.5598954851913647,1.0252704891422402,1.399644105518064,0.8171752457484803,1.46972842714572,2.0649622232026257,2.346670108168358,2.853847129111104,1.5596680033491679,-0.16571218998081477,0.19822390597517678,-0.3153375207799885,-0.7100213366606849,-1.2513025485326237,0.350507913767473,1.8649011546762635,0.49890246711849834,-1.2325252802551794,0.6671465051253236,0.29742497780037613,-0.3397570519434633,0.05260401686187897,-0.04472531694355647,-0.13226884209199827,0.4405527199708402,1.270685119015054,-0.3094579468124194,0.36672071609249357,1.8421908764038908,3.4407123459189175,-0.8095148050252083,-1.3849833254617159,-0.7885226955831544,-0.4006493846303134,-1.0232009231720336,-0.6067762916369591,1.0444390382944022,1.913940367770963,-1.0356575214632777,-1.3978686009514165,0.4026932383960541,1.7611958725023718,-1.1161487110197124,-0.818202979814853,-0.7486617899778367,-0.09355438515420039,0.7197105018064636,-1.2128916401480048,0.17306130828336314,1.5708770076255043,0.17137422970046778,-1.114745379265924,0.5410542167563881,1.559532166409507,-0.08299690193772313,-0.63518956514567,0.23666363697340903,2.929067411235053,0.24783449424148124,-0.002784376487071814,0.7635693877612826,1.7537473346391592,-0.7376102617849265,-1.2025512868526023,1.9997545129382512,1.1508293575606343,-1.1646888511709226,-1.5026554647192272,-0.16487756688930497,1.206871595956705,-0.23901483669805534,-0.024678268486596926,2.0338310786837863,0.91709295499189,-0.0790102433275435,-1.6611258213964326,0.8494067287362407,1.5150247567058401,0.5275518904170335,-1.0589311729830528,3,محمد
-0.1191645568923037,-0.03278960556934002,-0.08699852033287563,-0.1228176856904766,0.019842019792704897,-0.050234978866026764,-0.06895592535468019,-0.0007995989693349478,0.07252693205282212,-0.1801284810171925,-0.1351493753153384,-0.34031767394953294,-0.10732784066939195,-0.10738941322775282,0.010051697148601043,-0.26268057637186537,0.27744885196797875,-0.26748789459087563,0.32659144419152814,-0.10910495404984524,-0.007267371429402613,-0.36103506011658165,-0.29554083248699736,-0.33569548903270896,-0.09037429699790053,0.01002198643019037,0.01598315910659543,0.04002737174505475,-0.3035007664731129,-0.001912059340720303,0.05294990757749738,-0.13448726741778366,0.16480821946068147,-0.01623767533174901,-0.033014859876590565,0.009652128197203532,0.08363792686727854,-0.15601689956814838,0.06179799467951762,0.08479387663627826,0.15203371487213643,0.2601275978202528,0.07825337620193319,-0.25338661741391105,-0.3147134711602209,-0.07133816742893485,-0.0420495292268052,-0.0991815376697548,-0.20493093318865702,-0.024078775842608688,-0.09809757990371083,0.3693786184964715,0.29383350074259623,-0.11373755317873468,-0.062125994553829986,0.0167159422050554,0.1383368316753246,-0.027706401094321664,-0.044124159404910074,-0.2265124413612411,-0.11956395130949199,0.24626228450668602,0.06160202955474193,-0.10931704101415061,-0.02328378262675977,0.17168217441173958,-0.0122023755313755,0.14942459238222852,-0.06975408903531549,-0.11789461988933714,0.01268485504338161,-0.06815415056797462,-0.043149803779074285,-0.09035417346148245,0.06498940412117392,-0.031883243237054944,-0.043213996149700146,0.05016553604947196,0.2790117958205315,0.22092406048524674,0.11735145413098723,-0.1587696780869528,-0.3148997436203109,0.12439222678037437,0.1542145153055341,0.19736858926879278,-0.14588451716248008,0.2528162297333478,-0.01008404501733084,-0.08749403028060797,0.017797958963879392,0.23494026133101792,0.07039470722679267,0.1517744160078275,-0.025143557108722306,0.033599712687973696,0.17232245800142695,0.45069859237342225,-0.08441121121779854,-0.010850404825375281,0.194940617195101,-0.12279379443393326,0.21297162941436187,-0.048611075174185135,-0.027979830307851755,1.046908861367445,1.5609479622708964,0.7470368358938168,1.9044392728605144,1.7150217986251888,-0.14638746783667428,0.24979572865399197,0.7635292440895111,1.1317710483814731,2.2027848413603777,4.1356512450108625,-1.6146751421667929,2.8839120179391746,1.7300669291640003,1.7495137467841533,3.2738799448685176,-0.30865110598787265,0.5574877800433473,1.3544500084171622,0.11440482486075199,2.4399720495708346,2.3768709622824638,3.457641400419405,3.682581366469899,2.5908500271793367,1.9610360435400256,1.256675274443465,1.4369314602438872,0.1690019156952652,-0.5686954742126954,-0.3276774755572995,-1.0575462100593436,-0.38565458006033004,0.2909265002850453,-0.4488694335093987,-1.4523479453717159,-0.023353461118602488,-0.8225969122537082,0.03023943600055227,0.6910135689049929,-0.9898325775531583,-0.15488107937469206,-0.34273143910677334,0.9503250800871536,0.2019261058193372,-0.5670051412555293,2.438595943497183,3.113753826349529,-1.2690818742147922,-1.56107448931998,-0.35681212617129915,0.18003532414255521,-0.43155945083040775,-1.0275674072761878,1.4045305863907291,1.3497712093421375,-1.3005502523267327,-1.4923671751583667,-0.21246621778179864,1.7550259559371213,-0.628796443945639,-0.8360961445798403,-0.602808848543282,0.5552768280532251,1.1811138419739076,-0.9511693269742113,-0.8627437149250452,1.5091496337024675,1.4478059426417957,-0.8348154311032748,0.7366146427612472,1.5095459340158164,-0.1844000113733231,-0.9154665809006551,0.259577740991599,2.530955980304267,0.5601888144046892,-0.5207982446630164,0.875474317485566,2.332786266471853,-0.5580546309511794,-1.2396665630395751,1.7364504748739813,1.662251809163857,-0.8527677275222257,-1.425112674210131,-0.881155340531226,1.926554156668778,0.43382685916108715,0.12610807923260384,2.186596094523405,0.5374135143321566,-0.16220339909073478,-1.5856401502377973,-0.3384566610066143,0.9214859825989461,0.616294800803978,-1.0232080810740019,3,محمد
-0.12745398425697285,-0.1308855343160319,-0.13210260890487283,0.01784620195219004,-0.06598454585916107,-0.10441115913114013,-0.14496451934539495,0.032621975896357625,0.06198583054930873,-0.19773717693593723,-0.13023165918747445,-0.29702761582365006,-0.04820093129540623,-0.09432013401444753,-0.18970510947628902,-0.360238605529548,0.44311956222994237,-0.2111229504619226,0.319631427386953,-0.15837387530690386,0.055118870223145655,-0.4291425584677823,-0.31927281895276005,-0.36143694137753435,-0.08721450370368403,0.06910324473033966,0.04600475957659976,0.11574030093858963,-0.11520138942783972,-0.039162959660670425,0.0004969293570889758,-0.04065100951063249,0.07335623755864862,-0.10756361905892223,-0.0462871453046649,0.03143746211734144,0.11328683024341057,-0.03895222645091095,0.1248159431079517,0.006756734858556482,0.07703054394437323,0.18258569249124781,0.11680328147592091,-0.28242100426181227,-0.22597670164833392,-0.10761393955833128,-0.043124813767406664,-0.045320411641717226,-0.2628347013792465,-0.12661861829386686,-0.14654193451582026,0.39634049613139655,0.27544540585001565,-0.09282579335425939,-0.035563067548601966,0.11107184117134876,0.18204887164649966,-0.0320479128725142,-0.0011320494833112803,-0.23083027873555434,0.04668531558847306,0.1143702262829597,0.018977324134903193,-0.17768479976123983,-0.022771146594182265,0.1383294389609357,-0.08474069756451774,0.24831185238975007,-0.00048317334341973155,-0.042612604479117064,0.01747571963111911,-0.10378199491199391,-0.026557289527439406,-0.056779937292035544,0.023433547235433495,0.05159225729522708,-0.056462335537999425,0.05271259046763289,0.3515868240545313,0.27116266622746416,0.11949845157271007,-0.19064828587752408,-0.35897398199056707,0.13907400982777451,0.16289599833854426,0.2351633533802547,-0.12046591577741003,0.21022712325189602,-0.05826896754905332,-0.07929738210634128,-0.09259212146286865,0.19623744343163296,0.0997532032460448,0.2150981196517115,-0.03327086984952138,0.05253175218000849,0.23646331129347267,0.41900978316110044,-0.0860225971156689,-0.007310126381496507,0.1040024624596649,-0.06259454812203892,0.24146090607164636,-0.06103131646944043,-0.03468122490399652,-0.07560875944314625,1.3774281278707592,0.46648484998729667,2.270522069014114,1.3975832953469858,-0.2296924368928429,0.001889978504715796,0.5047639542135968,0.5165335293547337,0.19469436638027116,1.7913189501210691,-0.23503735636543688,1.9286987152909096,0.03178587257530588,0.0681234453554631,5.737850830909818,-0.01832239185074248,2.8795156361417478,1.202454389992071,1.034323308184954,-0.09900989164735242,2.190877539162717,4.140484686491368,2.630006837201006,3.1211086805090056,2.887619575215101,2.001911065174879,-0.06714683361099377,-0.8767375131964328,-1.86865678088458,-0.5777546147031264,-1.6434518025063298,-0.6563696968157505,-0.4162657146034833,0.22198097756321394,-1.5747194875104638,-0.264203652951467,-0.3436193161715695,0.024872553680550205,-0.47924597013795406,-0.6353448362186171,-0.3006643294485562,0.760948246759792,1.0222520159989403,2.0273097556157023,-0.7557428685555898,3.255648402830098,1.8213700789059966,-1.1674892672950181,-1.6972477064927132,0.8318258132536676,-0.25028774994633485,-0.2517596106121071,-0.8924414776508068,2.743226809387356,0.34973380410585997,-1.3727573645163758,-1.5106149288881,-0.2870230065968041,1.681925320842274,0.7253294353532203,-1.1540888505374987,-0.7571415574319209,2.1279858080627916,0.8897924610017034,-1.082880468190823,-0.9083720338620768,3.2904461215951106,3.1379454216910574,-0.9624332068732576,0.9008112998905417,1.722676144678262,0.45390156452158675,-1.538490049431039,1.5409096053347315,2.23768661632156,0.9949785673241015,-0.615252167779572,2.6261608026938275,0.8965504886635897,-0.7044583534931483,-1.5677611001524956,2.5603631170691963,1.4532110401053806,-0.6294165190470441,-1.51732198597748,-0.2794832404910833,2.503612120277175,-0.19908638480759286,0.0808942404404666,1.4724494399504466,1.2872872936369801,-0.5614881370870203,-1.3810779128826725,-0.6107151634868827,1.7286018484117847,1.2585929568660275,-1.1499080293015946,3,محمد
-0.19885003027579645,-0.15246197526995867,-0.2156088292024176,0.0208216369678972,-0.032497539437868476,-0.138481356359696,-0.17058767187685286,0.02705316008595546,0.048030283627912305,-0.060171640408129695,-0.020725156054190345,-0.2781718567060655,0.08375796196897566,-0.1377761161186167,-0.1333049421314992,-0.3978531404687907,0.35573566147865093,-0.14278894184843838,0.21166022079644842,-0.1489734713639752,0.010056301109275705,-0.3823734946581147,-0.2167470672440053,-0.3122504295458965,-0.1848655062815863,0.13079937966999408,0.0642938237160137,0.15217945425389662,-0.15202133056724698,0.00458508841166392,0.06921216366138243,-0.09586456599848574,-0.0026894830820885546,-0.13921450886109507,0.014621049022665526,0.04864733077225295,0.24525586725984133,0.02038902588573504,0.07251833686779105,-0.010007856149115927,0.030340046800953285,0.2656698015339717,0.2583188060057021,-0.21731235817060238,-0.17596978875212527,-0.07661450790101813,0.03301823319676483,-0.08669137658165346,-0.3087577334948876,-0.13583992987291857,-0.1082455062677964,0.34555151167148523,0.26954254323755217,-0.12705921426072753,-0.019420587531795652,0.1882038898383168,0.2279545050976001,0.013697709290279012,-0.033957194600813936,-0.14208618723325406,0.1459167082187293,0.16077456150496,0.10600311639198384,-0.13435154618478054,0.026262197253559345,0.1811225435082569,0.06294779169331657,0.20405855456869368,-0.10699995033779068,-0.04383356945921828,0.007050225457687456,0.0017483554320484422,0.09800906242116798,0.03824337187969259,0.10473480265320387,0.06710101910199383,-0.14017001218229555,0.03039272929883725,0.3934900510618378,0.31534497918416793,0.23938562006485387,-0.09624896399897762,-0.3131397656742474,0.13149713414049471,0.14199392756396642,0.3195997784823059,-0.08479742195853274,0.2456698372694425,-0.13529124493537567,-0.14519746294683206,-0.03897642652445754,0.13495604907279038,0.10090680646041487,0.15072726230942418,0.0015520827476214495,0.0854854907716348,0.10645698465590243,0.24318298312579845,-0.038931577073690604,0.04877396066659529,0.1301490873933248,-0.06266709084091264,0.20100345034014422,0.06111261956648531,-0.09772151331175713,0.2171741810426079,1.7682140021517363,1.8385885233422208,2.1520722288346628,1.8043091936079056,0.4914856636173932,0.18009419709176086,0.31564464019968036,0.7837011051763195,0.4475152656599889,1.0240259751139884,0.4705824486254675,2.334067498411875,0.49288539719259866,1.853930740472342,3.9986805764419504,-0.14522226556124462,2.131464513877957,0.9586243897438953,0.8471437943600134,0.5216459768959608,4.447545283978311,5.688390788183204,2.3732691703296465,2.2349768912306875,1.4827251073688776,1.0128256306156207,1.4137700483696956,0.1873979413481827,-1.9695403768952418,-0.7746613556208393,-1.2200487761634464,-1.0160971818985645,-1.086638158813702,0.3063953849517328,-1.6522662189134187,-0.7863916475722721,-0.42608998763377676,-0.03314530540821581,0.1405157486622873,-0.8640441184700682,0.12094898889756518,0.23888325267552912,0.7880774328261597,0.3816582008385569,-0.704122810685284,1.976713817375378,2.6484497065658594,-2.0442846380736066,-1.7609120018551871,0.498708913420317,1.4812251966093675,-0.6391891737038136,-1.1426997784522772,1.1763360122441613,0.21841050865535278,-1.384673211640422,-1.6088526765810154,0.06245962953811095,1.873711142880562,-0.9715371636361261,-1.1406252325480826,-0.24910824278033974,1.2530004810707456,-0.6030181893737621,-1.4153017912851311,0.13258731193543202,2.1648865547060776,-0.6104374212035804,-1.3138782565811917,1.166563625121636,1.3345446108459857,-1.253749776657441,-1.2483597441476078,1.0541580630703558,2.2130919568665854,-0.20524590042238738,-0.8070946781102327,2.4553165852550807,0.6037499184575027,-0.3813528094540019,-1.4285236309020608,1.5473199740718298,1.0099187941451042,-0.7598045849541847,-1.3237054690807037,0.280666916881262,1.9675481003519368,-1.2164255885042297,0.32582264337498335,1.490572011085131,1.3108864659975556,-0.8289373604912871,-1.401878199395009,1.3380577244160627,1.3989699999249159,0.06780420107122079,-1.1139693105497324,3,محمد
-0.13177106326364196,-0.1809354156628165,-0.14370915426374875,-0.040420957214020184,-0.1405619648080327,-0.04888212199482363,-0.18267049377729258,0.1311137331054747,0.06479684298748335,-0.1180017223148036,-0.07970096950765374,-0.3047355393953584,0.09927794540243563,-0.13759131425996077,-0.15460654480672117,-0.3890967988838365,0.3538411773033245,-0.15107665637365594,0.15424955283099007,-0.2310906784771623,0.0041535003653605145,-0.37592669325663186,-0.08821472976981864,-0.23541191074234044,-0.16514757767219426,0.05383132022745371,0.1415819134014148,0.1737920930858759,-0.2699452023037548,0.04372134864909698,0.19667387070428366,-0.08603444655128772,-0.10215158878000355,-0.17798862367212767,-0.06863308258245433,0.004655435684175648,0.11388433143263887,0.04708395361799402,0.0049133768893391645,0.06822286251719344,0.12374521422538433,0.08380273593437944,0.20262351229627623,-0.13310659422049695,-0.14237295970993882,-0.018883126006981936,-0.005485054882873933,-0.038848140132101736,-0.3482718638567563,-0.05137322332748281,-0.06214951211473155,0.2429442674313197,0.207869403813721,0.062261766233152535,-0.0752591946820418,0.203040095978086,0.22755827528344066,0.028582919662647123,0.0003633434679225644,-0.0363291061355658,0.21820619790457682,0.09017052953512723,0.192284854438449,-0.151036827751337,0.05895633024650386,0.13511040816876754,0.03322427850875958,0.1551504246474965,-0.06602909335298274,-0.08267375585911652,0.1376791425151664,0.039093735313375004,0.23898099250506727,0.08392296843423228,0.08550985404897463,0.0244991253098459,-0.12366901892550516,-0.07820772970609594,0.4007034021372225,0.2576205757903483,0.24598163963975592,-0.1161413093467188,-0.2055088664915445,0.05730742720498585,0.09405600230020997,0.3284144950542356,0.020355950285857773,0.3531991633070578,-0.12038265737970366,-0.16481044136691872,-0.1001037984696219,0.14595072238094317,0.1554525617037238,0.10168513336229174,-0.03671356529085111,0.12476903272995593,0.10171357195986433,0.20349523862113233,-0.02239817825428675,0.010736262019452183,0.08581731713644103,0.013061856899763358,0.2181826391749681,0.09957995513675276,-0.17895218837539217,1.6576815956312425,1.7225196126377182,2.8524524124809503,1.8837492452582005,2.172279239362558,0.7257150142749219,1.9873502982019773,0.9233069065207649,1.6435161953660917,1.9105398767664041,2.397580642110263,1.3851401415880227,1.616651819889335,1.120422501837334,0.5918170592680349,5.317212350103557,0.2663678007600999,3.4413224573975176,1.5094226583877988,0.43762288120581094,0.23576795300641096,4.174566060545781,6.146994665719999,2.8891405405574755,2.683346639351574,1.185859666666521,3.215317713659943,0.7315136457540289,0.03995069320617518,-2.1514836630875753,-1.019579080981069,-1.2874795168955189,-1.4279095529575976,-1.1382104599552911,0.4470558038089718,-1.8717870725405483,-1.3452998057578165,-0.9772175132240278,-0.910499962837625,-0.35043148810547364,-1.51040790952091,-0.22204863963291932,0.3432266864941784,1.6741457977495096,0.27968788516822296,-0.632589544397752,1.230294164706729,2.075122432862709,-0.9417861079019124,-1.2926913872871868,2.859715035173246,-0.1850477989557585,-1.1560786689915878,-1.4251711503942528,2.1050522137831793,0.8645275267200974,-1.3070664725351524,-1.61329634781992,0.9859382879449008,0.8692077125307209,-0.4557160353050072,-1.2634407278421658,-0.040852790249277134,1.3621377911771173,-0.7998224920715871,-1.9755460753533802,0.6642163346274264,1.161454201362527,-0.553788305008375,-1.614874898357422,1.2690601283022,1.2582684709381173,-1.5032033653427634,-1.2546512462107442,1.2661242337266847,2.0801182673932574,0.262869817693428,-0.06131645755451373,0.4794065939469193,1.092857102481475,-0.9642086710933127,-0.48764541773294245,0.5235467694230697,1.8198653148013553,0.1390913465051879,-0.8189904715691398,0.13951150987069386,0.8486484645344853,-0.485480126027761,-0.2976399583242413,0.9087289635206347,1.1123298334558265,-0.1882960084761842,-1.3027766566094034,0.15242234354488404,1.0826430201664439,-0.008481773816542509,-0.9632206563438598,3,محمد
-0.10314728792235103,-0.10529931175136054,-0.2370828833122754,0.04031602637888504,-0.1659706673401674,-0.09037567285814808,-0.19914652937951802,0.10893235371916855,0.07177233973501869,-0.04139008444872581,-0.08660922755334834,-0.2215564623047356,0.1197333553239746,-0.1626433396260253,-0.2258106696587085,-0.43389740132158083,0.4305990078428649,-0.16494638557072427,0.17491344663783004,-0.20836316932872856,-0.04297216184780805,-0.3697232732576379,-0.09933486320863315,-0.18413930179724042,-0.1321706393788759,0.08315470155204555,0.1563803549187481,0.30343532386369787,-0.4374945781304795,0.002478630209837658,0.0705414680202467,-0.02752944052237654,-0.18686856833957607,-0.2933857937942021,-0.18515440117485385,-0.15822844715399295,-0.040503098916438246,-0.04541280454220018,-0.021047074518454015,0.0889773374415445,0.022030722716018802,-0.03900680286977158,0.2069956351762359,-0.12622536157906286,-0.18036829493813422,0.01618850888291927,-0.010787786226838321,0.003410050796683593,-0.32837845974084895,-0.025335384068017646,-0.046328992136145226,0.1887470383522119,0.16294723137508407,-0.012031510491846534,-0.12470548547582094,0.19585339547547398,0.24563661922153923,0.012371782584857301,0.012333073625268164,-0.06131215745946783,0.20835796669400186,0.10839487849900166,0.17769603347559224,-0.17282705238298865,0.04768425278040024,0.08804684791299312,0.07488657530361033,0.1491501424842958,-0.039618396384108086,-0.08059406029624855,0.1602081345231987,-0.0034016576988332124,0.2841891147929756,0.028968443723060556,0.03757856116279072,-0.040822137115420744,-0.16434434112043317,-0.09838189012152798,0.3432813206106471,0.1453098300616793,0.22312787365721026,-0.174633092514039,-0.1199455828238813,0.09441133063085784,0.049951804832511784,0.35766091948533935,0.03702718153394089,0.4500000955563681,-0.07733612724614884,-0.11714412622604489,-0.1053783442736218,0.07944284291381153,0.1470048837410015,0.1772845304731613,0.012548238302813944,0.11272402766589396,0.16350797277473952,0.2344655279752121,0.025833010473941334,-0.00597904531314273,0.23979397163869878,0.021809165532153098,0.11912086152687118,0.10320820926593637,-0.23532218584548836,0.6322892302748137,2.0209162503148232,3.9780294107392162,1.9875781985255938,1.4546235100940723,1.0592219109437382,1.311421993677805,0.5948348705997499,1.4299361350060886,1.4389331876031066,1.3446352651144455,0.9568034683066516,1.4219565931788867,0.7544884888864197,0.6942336666932744,1.916709737497527,0.04145857065344276,2.0631906567824383,0.3948364262639652,0.47428042606722476,0.319790368548989,3.2959371029327427,3.593554870139965,0.8262400185379518,0.9367168955481255,0.3029527305644489,1.061838995755136,0.5535087402224529,-0.2821534664203315,-1.9021614951498547,-0.5696343908521992,-1.8079578045526996,-1.0450630100610256,-1.0324679851130185,0.10328164441941148,-1.4107461867328344,-2.125303517608338,-1.4538358318190583,0.271188845035878,-0.400979241528937,-0.997870709108888,-0.43867590619774943,-0.30248475051092644,2.8150657369744874,0.14795977437237187,-0.8543929590143572,1.0462363482189914,2.644116667026628,-1.9090832310279586,-1.3926333989949204,4.734701342947407,-0.3341024066599805,-1.0452897310051172,-1.7056245726395984,1.5666362302558305,0.47432424245672555,-1.3356026828992777,-1.5382774439428526,-0.38193349406549104,1.038409746589933,-1.0135610902781491,-0.9708761581656868,0.9782410237956315,0.9091876860169638,-1.2566647470800607,-2.027539525171956,-0.050450761975778864,2.620343144456305,-1.2022855145116158,-1.622026529383993,0.0588194923763219,2.053851738626189,-0.9860143066482856,-1.3066938813945053,0.6848981353680197,3.454521411604274,0.5073638934390831,-0.6664851237199181,0.23362058160113802,1.1556273287728178,-0.4356833617657919,-0.6892717493360122,1.1210259207960025,1.0844715483954748,-1.0607059618405184,-0.7253016733585654,0.1261530667557277,0.2751380830749092,-0.879971917383965,-0.9249589475983846,0.990093581877805,1.4774813225917145,-1.3242310040253995,-1.3269125887598439,-0.5048017540431969,1.5748933416468085,0.014044991530034873,-0.9684781764593644,3,محمد
-0.20251128490220194,-0.08972389470086785,-0.24654787362412703,0.06688457369320001,-0.2433194958433883,-0.1249090639392233,-0.16108749338162434,0.15762945968038258,0.05398208290673124,-0.07475292770027361,-0.06503284300573918,-0.155696115166136,0.02417915532111414,-0.3021678566119623,-0.3468520976070648,-0.5010303640576426,0.39261689379145015,-0.12079527742548964,0.05526508624593095,-0.14912558778604296,-0.03453796583112173,-0.28443292009251564,0.044540588991839235,-0.11647434609786218,-0.2731695614665776,0.0882595106427815,0.00736300199404252,0.3412699869103564,-0.5071539758257929,-0.05171493189164512,0.031839196634117634,-0.015237870755734685,-0.2075696771565056,-0.28504826281723195,-0.20038114028972354,-0.07782021883597831,-0.10009433594486951,-0.10999625048944962,-0.14088577701330784,0.10898279251121436,0.05238294429188975,-0.013094905927325677,0.15528807952063492,-0.08165684386542792,-0.13128634042095752,-0.010215023375861932,-0.11504115164405393,0.04682770245982899,-0.20797293593780555,0.0922721793783555,-0.10690000527629642,0.12838593671528087,0.1833135550201839,0.029095390364003843,-0.014888927769574282,0.19208030125207104,0.23808742950916148,0.03645283930338537,0.07116359576182632,0.023546309357261534,0.21958030355612296,0.0872610799583551,0.18322252151129384,-0.08563912757262916,0.1418655513782867,0.11095670694085913,0.007395586110862897,0.22254685600755514,-0.0211566407171242,-0.11289621166420105,0.211214464187019,-0.07230393668898545,0.32799969466482787,-0.06943259871243092,0.18623137467461032,-0.08509526622666505,-0.30371765679333645,-0.18860435071597348,0.2541039197849251,0.10032455332124675,0.2890423874950359,-0.14308390862075374,-0.20682219367578789,0.06395329621396008,-0.07943105143173619,0.3252934785036636,0.2494281852368364,0.2857592640020685,-0.23059900947381165,-0.271341538987987,-0.13500785921173,0.13761557552356993,0.13882942693185515,0.03253134747388465,-0.09817228531230883,0.004585372737897436,0.17270599350158242,0.3143982950389233,0.03029955007327772,-0.0337659012995026,0.28752774215180105,0.01850222635596142,0.06462502503575145,0.03468631662294895,-0.2688087303839066,1.5398195628952476,1.197405955295385,6.924354509096943,2.382457380508202,1.65670866068293,0.8583918971897312,1.5372668981015107,0.1761667721101695,1.2799406818881873,1.9918367941214095,1.9320429002999244,0.8720130993483521,0.3529390444350136,0.7629443078422812,0.6762583552523534,2.0662782194722142,0.16358157789098152,2.1985849898072445,0.5139784012234832,0.2678036597136554,-0.1302660855501874,2.937387742377778,4.409832484865224,1.037619422121502,0.46453972016715517,-0.007066580207822358,2.2156591384374402,0.3852354183423861,-0.112543784502343,-1.7795525933911496,-0.8673112739200558,-1.9208391411355392,-0.43399985707443095,-1.4192328865558843,0.5634370406709683,-1.2848046387892142,-2.5182429985999186,-0.9851755923793751,-0.5910188071862388,0.1485772784942003,-0.8314144185130902,-0.6108402011519957,-0.41769401722782395,2.604350370949505,0.04687827901083924,-0.9619907134702803,2.2499742749064597,-0.22240072372724135,-1.57547996555583,-1.5332734359833091,3.7114568692200307,-0.22655573233566398,-1.277113377240793,-1.4973477286536954,3.177363253231785,-0.8583322390213564,-1.6715205605703762,-1.5601935360051769,1.186422716567144,-0.14088847161042894,-1.7905597328171237,-0.9917559445789066,0.45643424237512203,0.34384114507463454,-1.0897907198143209,-1.8520852873094966,0.3196486962139257,1.9012356520370244,-1.491698648305921,-1.3598236288502388,0.007150911825823703,1.0240792359193032,-1.5801788308255305,-1.4356047663729996,0.39086788323742816,1.899403610959043,-0.695700097975354,-0.7638219179828802,0.6545634848347592,1.8010259708639436,-0.7760335876543761,-0.8201130268718444,2.4710727169475146,0.8148754234361831,-1.0193220474619487,-0.8720965109256366,0.6580263890883948,1.050434486199708,-1.4019281248482611,-1.6004476429822536,2.7588462688523667,0.4039923759362234,-0.983745319594085,-1.6859122945176528,-0.3333079451539039,1.5763228276545285,-0.4685687395333495,-0.9861229742844358,3,محمد
-0.16657087429483203,-0.09660445796982954,-0.26072130884607225,0.049186930141988834,-0.29693175199787136,-0.15350211279364895,-0.19023516831863202,0.1823785482030824,0.003955186841879212,-0.10810094127157781,-0.07264039604014978,-0.16063263390754762,0.03326126623196404,-0.16433795954557157,-0.3166890127135169,-0.45912529456903733,0.3761690827978952,-0.1153898847777061,0.05670652981591891,-0.19143478526936505,-0.02731985873124233,-0.2423503656013114,0.07617132459122196,-0.12151142852522956,-0.22395070967565134,0.0313097122034124,-0.08623063459666445,0.2865037159006151,-0.5410229714341452,-0.06628754332926191,-0.001328798987178074,0.05873020362430001,-0.17376552180186525,-0.2503379094286384,-0.17352923001879558,-0.08551860234944897,-0.06698030858294281,-0.09373716298244403,-0.2515034853659224,0.08847658788413153,0.05566159336945541,0.012906451349787096,0.14642363471781505,-0.06999717086195205,-0.15220226927453048,0.02866189495646501,-0.03741269986063383,0.06766060896737865,-0.15953569549991573,-0.019049516631044663,-0.1247051025774665,0.03785199777851955,0.13510596591186197,0.05803253638373824,-0.00364710642528996,0.21331238808098146,0.32557685229148575,0.08214584904433667,0.113452588806311,0.013550709459998922,0.23554341763058673,0.15437831497921933,0.24101509840667787,-0.10182779633411886,0.14831849134686617,0.1233527225596728,-0.027025764371298822,0.2558260690770372,-0.026609124028710136,-0.19639179782468177,0.18235905819800965,-0.10563953590072217,0.44562436690908724,-0.047016039521103246,0.20769086342581347,-0.015110379357204046,-0.3422014804975461,-0.29765884337168336,0.29463726773250476,0.1336404586650982,0.3820733033687989,-0.06338399502813412,-0.24406618735718105,0.005728089208533227,-0.09730668017202243,0.3704845672929382,0.29314033321302047,0.28872339818077536,-0.1574722933636127,-0.318279708877448,-0.16003409673787272,0.12006600594403659,0.05175899292419154,0.008124629043392591,-0.10866561683758023,-0.0671661196641761,0.1025961548977431,0.18738861231929724,0.08544758418034079,-0.036798514910084006,0.25636867630967075,0.10317343425077853,-0.009962928959923567,0.13115206117119738,-0.3676416659856621,0.08041914154740497,1.6643278500783685,6.7298564918721215,2.148803545424674,0.7310518180393494,0.939875309950629,0.7800459891683279,0.2497484974416769,1.0735316405728281,1.029911908756724,1.4481670933433557,1.2785520242147645,0.5691625146345879,0.5404472747139833,-0.0541866445704301,0.044913785054674825,-0.0896303596681397,0.7703701186322491,-0.6843936340677583,0.7720550411524111,-1.404173920480452,1.3143108713639389,1.6783769953508278,-0.10272575989486793,-0.14971250953393597,-0.5513365585180894,-0.3409950977468379,-1.0041441917676066,-0.23130802063856692,-1.8914473257242757,-0.05284585397670204,-2.030958125519718,-0.7319244473417703,-0.6292569644141564,-0.13637503476669,-1.0444818692202391,-2.617554082144628,-1.375259085108477,-0.6690169294974966,0.3850799827970249,0.3363758696563714,-0.7399408374723274,0.8500286576446063,2.0606357634131647,0.25610739292711154,-0.5653121406003953,1.5026687179272387,-0.8624132405898908,-1.7793976625166588,-1.200458743554264,4.629385124729486,-0.8782088394730492,-1.362918446542278,-1.1128387086244558,1.337382927449432,-0.15894197051437536,-1.762451988800743,-1.7391949452641138,0.5201037389098286,0.15063425435869723,-2.0842890855529355,-1.164777015249068,0.04491845462482933,0.1773196777615613,-0.7022023197933964,-1.2682197163106455,0.4869815302775981,0.5462844885729994,-0.8966354350455291,-1.157685202794131,1.4884704988360933,-0.044619973432677734,-1.799364381091331,-1.5100548016480193,1.636078841184402,1.2508818241583926,-1.9603764678521902,-0.35628699261385594,1.5426212609662873,0.3218540910446494,-0.9301556914186392,-0.8324111821653153,0.03809181676534884,0.2243026544797046,-0.844959268582112,-0.9159078753112083,-0.03035255367919822,0.26767239480143185,-1.4139007065551608,-1.6164969596083487,0.15744172764606,0.6494291735063965,-0.7996952768013572,-1.446230957399191,0.8245283897938842,1.232489931767249,-0.6008835342067667,-0.7829062221843951,3,محمد
-0.3219689881981669,-0.06524517834135342,-0.2326744368119564,0.12935185968415314,-0.26550145236603057,-0.09632944007083134,-0.1461537212515167,0.14539471484169825,0.00974848153158473,-0.1249763708882099,-0.12832046750476353,-0.16189705850530628,-0.0697357584843972,-0.28961453935014536,-0.34845824822689125,-0.39658934151322,0.395988056978358,-0.04242469699776518,-0.042903323168365606,-0.257872566509328,0.001543334790129865,-0.18940012515851154,0.1679257333157732,-0.04803745749106156,-0.22445510143484285,0.04919686210982281,-0.1961352777968181,0.3558873284770426,-0.45144323439196743,-0.1181260042109184,0.007362196688992204,0.003873888449306317,-0.23132961284925704,-0.3106522660326245,-0.14134418237025778,-0.04895383751995599,-0.07588286564151593,-0.06582863289342848,-0.23741826026427704,0.16446548796177224,-0.008456384452905124,0.010416348674583327,0.03533628152454742,-0.06397930308158536,-0.22397900682387467,0.11220991101489558,0.02592936436405339,0.04377815491310461,0.011111671371814399,0.013872346106197767,-0.14997755753178324,0.012863016072802307,0.0749228078820128,0.04115356082513003,-0.07939885260500583,0.1576036715626952,0.21861170790101414,0.021205500392486823,0.14256598438599688,0.10834698954726113,0.2205912925375885,0.09878814246277322,0.2814876343458072,-0.12477397910456256,0.1221139591332617,0.0910001523380521,-0.024189420149722394,0.21626245965294932,-0.017687203015030684,-0.21393953023843246,0.17590097782567315,-0.013945790558113019,0.37207226361218454,0.01577843303702274,0.1707307031413529,0.030950431633851007,-0.3566769652646135,-0.32278139444326703,0.14510034798125596,0.060688087740179,0.20290803488451786,-0.03861651384655295,-0.3588513923690336,-0.0353870468118758,-0.1351010316871308,0.31505061861101186,0.39756546636597256,0.22121664759684234,-0.17912748800688708,-0.16567829065073672,-0.15254775689738986,0.09582065804462109,0.0418861439430539,-0.041997098988731364,-0.05333500055738115,-0.041150677137405174,0.06636263595915395,0.14379699698548276,0.12705211892737117,-0.020202675357965497,0.24228981344298534,0.030688817527285892,-0.11327436424948327,0.14524131119437153,-0.3749898272056062,1.8797849768495096,0.12962696811384958,7.046089400627564,1.9032552614466611,1.7531627571803965,0.9193530458555674,2.070200231518802,0.7686772923118566,1.8779091904564036,2.7815357818304034,0.9806889761060399,0.3779699794517942,0.12467262590118035,1.8453161429213463,0.8771763831856347,-1.3771141732332017,-0.18865123505496437,-0.7445302393164573,-0.38852012152156634,-0.13697725582323986,-0.43261669497124017,0.8583126035764017,1.5003791192205513,1.078010116933256,-0.030609058916166325,-1.1236909489288742,-0.012569982115543166,-0.24936238452826948,0.3708674659819008,-2.047040922867989,-0.7364637557712204,-2.0208469074341875,-0.6866444348966027,-1.2876076180836202,-0.7281154576800145,-1.9303386867597556,-2.8792166199692293,-1.8572006627139235,-1.2070165836937554,0.5772553374687618,0.004415235722721985,-0.8566930405076174,-0.2109983640261782,0.6319633347059535,-0.5138215559778107,-0.6080048146059464,0.38956527588410433,0.44510777856999684,-2.240408539129909,-0.9348237128452397,4.718526947555227,-1.2182656748357419,-0.8814555340552028,-1.0123187538256295,1.2797803036215316,0.5351670698823895,-1.4615331648184327,-1.5927297147522652,-0.49376886036847745,-0.4455833947387044,-1.8708855497765262,-1.213227384111467,-0.4180135788349468,1.21371823112178,-0.782005562081653,-0.875498654599528,-0.2637276408257807,-0.4237387771842196,-1.2051132359038532,-0.5315039876014366,-0.006888149049651937,-0.4092027887728353,-2.2408322505688663,-1.3183852989965854,0.6485148692711313,0.5594863254358785,-2.2928380783221356,-0.49391280664485204,0.047098408131165385,-0.6094717181363005,-0.694901410277419,-0.952606167079281,0.30453301635396196,0.23729972216021955,-1.013811367120154,-0.7563129366653674,0.33597061705133013,-0.07838712951105996,-1.4225863472478144,-0.9546907722932397,-0.011001111376182217,-0.20096810611036783,-0.6606017705477026,-1.42236355610993,-0.5513921090245765,-0.4431722998319393,-0.7529860061620626,-0.31162667920531867,3,محمد
-0.37210797475548607,-0.051760511257270235,-0.21264772976478255,0.18087571654408102,-0.332303164746475,-0.11860488608554196,-0.22583827757466182,0.11928451473269071,-0.02098476134195013,-0.03695137228535379,-0.044535892794295984,-0.17229738491751861,0.028140255828659054,-0.34004097424353796,-0.42778850792807543,-0.4374454887756283,0.2606367141558113,-0.0932851107798262,-0.11852947099857428,-0.24699383811505288,0.047298290953668005,-0.0021636235758394915,0.1811062160001315,-0.0676582158266872,-0.07759309995389758,-0.05958066626858721,-0.1258545311427226,0.3577522854214589,-0.42949680054036293,-0.12635255708050044,-0.0019780917012962736,-0.022005398353722283,-0.26042902725986294,-0.32194360014099804,-0.03806111912439482,-0.10250788586811971,-0.20008054443986578,-0.08097537884648216,-0.23338393199274118,0.08640394030645734,-0.03503018675809291,0.05032508530308779,0.07409841482927758,0.055787284574951135,-0.03490073486336639,0.07661818375221724,0.047186946595500705,0.12111131112887545,-0.07091423102852837,0.06133578697258369,-0.10294797346552137,0.0005964971524460893,0.06609139567781608,0.12844506300950717,-0.1026522042758785,0.09215929315387568,0.15501830648198192,0.08285472209155005,0.10960389514260314,0.13216458204404272,0.2449518683388859,0.0921617879415784,0.3189729197546287,-0.050225002206857966,0.1213305437850002,0.01680751174413668,-0.00677236930885513,0.1437529312985914,0.026308826305533203,-0.24230323760991865,0.08284009911538161,0.014504076992459576,0.36421751674059993,0.05225590597366638,0.059796218872841686,0.048502585398161394,-0.3174336687848387,-0.4609048484976721,0.1230525459313442,-0.05049476352649124,0.10763816153262175,-0.0998638723227986,-0.2906730196726908,-0.15588177625883198,-0.2702846839422278,0.33883551276085944,0.39932815370856223,0.10201798272814014,-0.09857487422529822,-0.20593389533737416,-0.23374816417639338,0.13509520471701822,0.10034263964272688,-0.08217914348893905,-0.18423459604532408,-0.04240450713317112,-0.02859617152921208,0.06646323656882165,0.07044748149334781,-0.055575123524831516,0.25832332494923393,-0.1455707683942239,-0.17553073881631573,0.1879999285136815,-0.3841223803889221,0.373716102698666,0.32855640656297974,5.746065723029659,1.9640461771791873,0.4595456053166312,0.534289231966302,1.2683200978583464,0.2837270823427038,1.010600819935913,1.1577633124209212,0.7246084427235749,-0.822691878011814,-0.04536410700416505,0.904458221788522,-0.5416440354165983,-1.1714437223664422,-0.6833396121795752,-0.8155020944731004,-1.1133209290795167,-0.20937693898688425,-1.3509343678350505,-1.4044209562560552,-1.2795079582197286,-0.5399838493231669,0.44133389340691176,-1.0750253594541037,-0.5407438039307618,-1.3409648974956077,-0.7753528320958009,-1.3712345960089434,-0.17943937514934308,-1.9494533312722127,-0.8192244383729508,-1.340550940015354,-1.109243252195524,-1.1542833599144062,-2.7613623871407715,-1.7645588788857505,-0.5213338578587343,-0.17935607047211746,0.20232736777098462,-1.166720564190154,-0.8462693638681505,0.8894329651697273,-0.3061478358980896,-0.6536992947656682,0.20842644445542047,-1.6564216927661402,-1.7846492015760556,-0.606308746929249,5.716838140689074,-1.1528382768487893,-1.1260379284832405,-0.9564954315715691,0.7136595810686087,0.3570205749708905,-1.7369564181023864,-1.40529116233059,-0.16325376184546816,0.09372698913459898,-1.7854675386738337,-0.9978357205577789,1.0847526938886056,1.1471758819517237,-0.5755928923507976,-0.8408464563486974,-0.3631590439974983,-0.17526433516732123,-1.6476756554719207,-0.8652303904296144,-0.10341587667502464,-0.8414458768046561,-2.119693673458557,-1.3002537583364535,0.3383805713969907,-0.5350707389256254,-2.4934030320599794,-0.7378861905400785,-0.2097027909298303,0.3601107718348742,-1.1700454470631654,-1.4382018611478624,0.2861504210548802,-0.4963199260458273,-0.4151330534408037,-0.9118784455345081,0.4280573981888234,0.08604701919078551,-1.003526671237443,-1.2284849681311107,-0.019112326103476285,0.01420332630674291,-0.9338250005282255,-1.6006048830799733,-0.35033107271144737,-0.6773994972301451,-0.8528133571093326,-0.27700532454973137,3,محمد
0.38423400539070046,-0.23141128067255787,-0.16075272725893028,0.042297842998723814,-0.07135991517194631,-0.022496493522999518,0.019607857978215796,-0.006986810619206981,-0.06022542501958874,-0.27293222215489626,-0.17639241864169922,-0.4340658476022415,-0.11588155028392759,-0.024758851029014935,0.06681497910378363,0.18764206036489486,0.09647413612723463,0.15812123636176273,0.02332507259003091,-0.15543651221274737,0.04342716409980576,-0.20777847597026947,0.15007063302935886,0.019324530018044017,-0.12524131944889574,0.132348235278699,-0.17511142300614832,0.1290825545857532,-0.03928954761092363,-0.1802436113189014,-0.025267859898789,-0.16481172633540664,-0.10219430320113683,0.3074860607817628,0.01944932218681129,0.14939795925402086,-0.021975932676875434,0.26896121475703044,-0.051005641745671494,0.10918020674306685,0.01983916122258338,0.10160496309347705,0.10622405301992564,0.043965377470381026,0.10106709954987216,-0.10167290072251477,-0.22827759508198323,-0.09220366159069983,-0.022461660340902818,-0.07265631928254888,-0.1596968886179032,0.008449791928911802,0.19931149759642888,-0.022588633030169693,-0.1741520805090767,0.12039622123401278,-0.14660674475605526,0.060549317750494526,-0.192898342392053,-0.10212426532908674,0.1832217566571729,-0.07529816828464088,0.06462944318180318,0.0756676380536002,0.11877626216579262,-0.1173798762236269,-0.10958579147408813,-0.06468276103948975,0.1014698598420018,-0.0815613940178416,-0.005599474063751109,-0.06536297015301509,0.012716627150496568,-0.10032364849337848,-0.07334564562534118,0.046333551571082446,-0.015340568852945246,0.10762609941427947,-0.01599353570467749,0.13631556253403782,-0.2775516746875108,-0.2016355032653737,-0.17391690148646466,-0.10139605186763621,-0.045531018296308894,0.22794857473195623,-0.10862172328988468,0.07060417812281591,-0.46922464073045295,-0.15177068128822213,-0.21001918506230857,-0.06139685577852852,0.2599250258834744,0.19182588702627487,-0.11955085523469565,-0.16576421431276497,-0.14242646272666096,-0.0665748954738372,-0.05251332265537876,0.07806373132882627,-0.07364689559241092,0.05591556572400467,0.07996204371567145,0.18161522464376292,-0.005770104427461442,2.751765823706161,-0.7780121574254345,1.4852709787430367,0.04908790225625061,0.37109361211461345,0.1676472098528147,0.6206324693399043,0.9058466806430995,1.0460171649874228,1.0262583936356011,-1.2549526759114915,-0.06116277158575841,0.06505583746893207,1.9846108361661474,1.9709492311241752,-0.4689536512646273,-0.057441258346874184,0.10221130185873471,0.652118144222735,0.5107797508582139,0.005145128204417171,-0.17793449310849987,0.6526063722963323,1.6572843148556893,-0.6331805850088653,-0.7872112062066055,-0.2612261669110583,1.2378991458976802,0.030463510864244987,-0.45713011663376896,-1.6816269116873068,1.4466942062909298,-0.2258569145851575,-0.28175665247183646,1.738107912316175,-0.9513637351059356,-1.0386847117994666,-1.7586076386157883,0.4272764502658521,1.6882524032421664,1.65247845108626,-0.9049137597555679,0.4486134359329602,2.2673553140924474,-0.13370495188772327,-1.0566419111608234,0.6481346319784251,-1.2786977389993786,-0.7897612617546401,-0.07399617455143147,0.47054027668870285,1.096838782128086,-1.399205571080699,-1.025542813240816,-0.39591485484662853,1.0370918690131898,0.3451463272484161,0.005091643796642147,1.0614587760110596,0.06817677682924209,-0.5609262193075802,-1.0611943934437624,0.012430654728250907,1.763885908073149,-1.1949486618242333,-1.0845913312628235,0.35323373366158856,1.2932723542138496,0.4952822602375991,0.19681513078258492,0.19397764146137456,1.495945457330536,0.761405249385765,0.04739476452139431,0.05127450232255513,0.548461189441956,-0.6214906020004023,1.1123503003423836,0.4841396513801683,0.9779193669301884,-1.3575615727346537,-2.024739836083325,-0.30951423801829786,0.6853830029666149,-0.8269500512895351,0.27135146233509566,0.5188781689841026,0.392960825351005,-1.3493100208444602,0.7513041077374525,0.8873350819069473,2.122121093652909,-1.5531385022739554,2.875105297112826,0.9290634550404278,0.8305335170181655,-1.0763812301628042,-1.166900647482261,3,محمد
0.18794681277077332,-0.14145907601488106,-0.06112787892238048,-0.004201288641705957,-0.12777034500831863,-0.10545311936728578,0.05203969164335647,-0.020618644806389266,-0.16292850526378677,-0.26061476038319853,-0.137903950415967,-0.36238744239904114,0.11694054034455903,0.1964500757787533,0.032259982337793654,0.08837035244975758,0.060085329464385856,0.1390533711761619,0.1374089540039327,-0.18684259429907335,0.1061783106436584,-0.11316244243678439,0.15505385943916916,0.006425909647842943,-0.09513939093565539,0.08249250389617083,-0.35415635813494667,0.17378788058363492,0.03920790523059269,-0.15065910853314018,0.014495833192249891,-0.19804773801719178,0.07020485532101668,0.331444743253349,-0.04521580358652045,0.048334577623180976,-0.01732523350610208,0.22293445998376799,0.01500772003422344,0.15331286218588688,-0.025722984825610477,0.06964674732371287,-0.0038673913156098104,0.04532643424957534,-0.009000491667022664,-0.08763757672836392,-0.19512742032522615,0.04855141095290403,-0.023451399140975673,-0.04442814127498045,-0.2511252912421488,-0.01788148170047047,0.13202549161304372,-0.017374715331658495,-0.19820063586200629,0.15450112264122676,-0.06447882798846537,0.1411685454585471,-0.1832131994193975,-0.05726157908390731,0.1599440306007406,-0.014651849324876695,-0.007511938689668436,0.06521957748302215,0.01459761494675915,-0.060923079945088686,-0.06353162087329388,-0.011922350155072814,0.12235199189351488,-0.08882479458138966,-0.01202743347768096,-0.05775425286818197,0.034468676402968905,-0.07002579797221181,-0.03308935045532292,0.1259039995828681,-0.16462667323833638,0.11275924380703334,0.0017903250045897428,0.13420812802582924,-0.3662262130408533,-0.24438505304082783,-0.16451766063092085,0.08971216106334366,-0.0005923228389846594,0.24969459080294026,-0.08239060698730297,-0.01837444955203214,-0.30930055710222054,-0.06626571875986455,-0.23849956437934897,-0.03500791717217595,0.16703892519774127,0.18504639400209635,-0.11552284677755636,-0.1790200015535799,-0.22471270458199005,-0.17988901659995352,-0.08697191785290107,0.029480687907358506,-0.15478572420574158,0.005639492692110695,0.04819677467913318,-0.07755340478207413,-0.08873939104588856,0.7518558285334467,1.3845474957139778,2.442244027783719,-0.5680061416052942,-0.5129682802879878,0.745492682618566,0.10659484973459464,0.18172330419510502,0.44234950926722333,0.10410161316864051,-1.1462595556431692,0.133520144423867,-0.7782714408411928,-0.18919822609007897,0.8211994482064815,-0.25349642905793623,-0.3272157414675089,-0.4534659938923221,0.16130436485500294,-0.6226308104474969,0.10604372983348612,0.12696258087523724,0.18399810425441585,0.784665108320568,-0.5488322385209389,0.04852362736533096,-0.8518630459651553,0.3173977714416462,-0.18044289838964095,-0.6193827948151139,-0.5664463003519653,0.4715125518912555,-1.031489181598823,-0.10954496426693786,0.4944977836442206,-0.4096223585740335,-1.238841587606422,-1.000330448975014,0.3583049630512181,0.5875542699343912,2.470051087707069,-1.1822440163722345,0.2364722428435778,1.2572264578735297,0.184435887999412,-0.7950600680639581,0.029031516072321586,-0.16259522839118729,-0.8461204724038827,0.23473728895829768,1.5143989080444484,-0.33537745304453187,-1.0462205545729177,-1.2303347974261327,-0.8120775614789424,1.1797995005041788,0.7944927214684463,0.978246810858064,-0.037677428795718886,-0.5227149854824042,-0.44658672408632033,-0.9457737326373588,-0.2079686527566126,0.5830832994297518,-0.5791674344764736,-1.5058251153100208,-0.8410151803470491,0.23122100505661508,-0.5450428750604558,0.1539126025024396,-0.22227985218265858,0.8504102389168984,0.31974592864886864,-0.061077797988414714,-0.11798961189997548,0.0679321538918839,0.190359681699009,1.1531380226427883,0.16309024644828007,0.9847082428676268,-0.7375909515286139,-1.9382498332203297,-1.0614489890098109,1.2644454244056562,-0.7714510432168702,0.027339818852581684,-0.3993502031535143,1.1081400875396832,-0.9768660713430324,0.624663510350761,-0.7492047339605115,1.21487987274187,-1.0565459219322257,2.996710688553471,0.7054865447089361,-0.37638970732097554,-0.9370370627284599,-0.9117006450702504,3,محمد
0.15038179555839315,-0.08285498349847169,0.009739652500607468,-0.015102373532270225,-0.17758359344801133,-0.059461224887550644,0.016424929615792973,0.014121652786026614,-0.11670963671503647,-0.14927955400162177,-0.0736356502633828,-0.1770447586960255,0.13789567309054548,0.07173045009413942,0.06588296597650714,0.17096641568969823,0.08063312304541327,0.09386616988579446,0.13212931433992686,-0.17063562610973493,0.08234395081718338,-0.12891787822519155,0.12728177812418182,0.000694359547706146,-0.07480925913775906,0.07419389720811605,-0.37330882995660003,0.19958109215283362,-0.005558472761269833,-0.1653420305605971,-0.051609126299269496,-0.2423726390821218,0.08270536361550203,0.35259049107868684,0.014924174084774816,0.06677715323585137,-0.02092642737898449,0.2036715695345126,0.1011338822138713,0.13184197400180778,-0.02367354012673782,0.05782408914585885,-0.01946109452511378,-0.07040830986665131,-0.02668355716666814,-0.11210235351882736,-0.26361100029244333,0.007646574323963202,0.03593912161728724,-0.024577638647166857,-0.17755183317626055,-0.009881617706099749,0.09327920394578429,-0.10729692968177691,-0.20066400783123817,0.020444801395677094,-0.047732377149065155,0.030871091974853354,-0.23100796143378666,-0.05872718585093764,0.09962545942975078,0.09540602319733184,-0.012784425544117288,0.021853909703589906,-0.04479633227646226,-0.0872639074614679,-0.05522221407885333,-0.03751927519715515,0.17893064895753644,0.012567402855991696,0.022796042876797463,-0.0743520083776262,0.0353549010198071,-0.13096759692454105,-0.007567684063697385,0.04312504969975465,-0.2165141404099774,0.17011512089256844,0.01659227149872732,0.1297359739271027,-0.39514071388320987,-0.1465820492429254,-0.07593338020003765,0.19707642840442768,-0.010990742521150752,0.2286772357776684,-0.08161315532020881,-0.07669454684323745,-0.3484796416234225,-0.07993557783555771,-0.10100543529231581,0.023157496110209886,0.2705118012711296,0.3214596543823361,0.01923893241639914,-0.12173322916948942,-0.10323357232123898,-0.050333380546712256,-0.019676988492356544,0.06650383630908792,-0.030324454701433315,0.12228684692099712,0.10375581109630413,-0.07065342141261804,-0.1708376637024425,2.0229784323289546,0.18391443338971522,3.2932455227481707,-0.150441000968258,0.141001049741172,-0.7978666570766545,0.8995220238738962,0.8146114526750827,1.0718426266207488,0.6750186924781123,-1.2858875269878296,-0.9036492464301201,-0.33039968400594477,0.6688317793780859,1.4064338074983824,0.11602945303603271,-0.7110531964380514,-0.4111723041787041,0.384729955916859,0.64999842004316,0.19245118843170234,0.3337570210483986,0.4663704854908753,1.688301911687016,-0.5970587976957131,0.01895128029833834,-0.40790411668367393,0.7388993425336676,0.24527058588227205,-0.3704835872700494,-1.4756508697565436,1.7253244718485117,0.5831621784434412,1.076990110199442,2.46957078217666,2.062165359434122,-0.3294551228553846,-1.117328682743874,1.3689639696623324,1.2627317439673296,2.7073927762312264,-0.66146205218456,-0.32151572833430747,0.7436476733329376,0.1608592106175172,-0.6925164938848978,0.03058322425090383,-0.2480994222861686,-0.4212719107144788,0.8841018423877243,1.5800552805445405,0.7933697861798027,-1.2866248251754715,-0.8469215966675696,-0.39092758030290664,1.130738213665745,0.6531117008459895,0.08830802764287929,1.1172612703640137,1.4945963330556968,-0.7213597217439198,-1.3552036631527995,1.5273271748519022,0.86534836377703,-0.6966069708421023,-1.249677020183145,0.2341480023557309,0.8894908725513673,0.4620877751081762,1.2011267884109196,-0.9105615817073847,1.3180258196011256,0.8106225599103057,-0.26416492782933015,-0.37963659257032073,0.7956645236739588,0.03382349170250277,0.6713003855696426,0.013356935863828218,0.5430969689401236,-0.8599653736018575,-1.9519787676754456,-0.8132556555480089,0.8332030295266745,-0.45420446864020064,0.4017503258425602,0.5613622119754322,-0.22946749888815327,-0.995164253515797,0.6264334090651965,-0.0855990406942615,1.133161743885079,-1.2424983152056284,2.8181095041834947,0.8306082379092817,0.15396544259990572,-1.1642541109148024,-0.9259094174432803,3,محمد
0.15083619269149667,-0.07790713046180013,0.03760371262797518,-0.0688764298460458,-0.1599265202992825,-0.06845793064890152,-0.06291879828007327,0.05668745463047594,-0.05125877325318002,-0.19419769617131696,-0.12217994672343509,-0.10405481012042003,0.0698380124930078,-0.03722141773922304,0.09030181123184597,0.1096216985073598,0.09041925157777446,0.13747049615149726,0.06396296629413158,-0.10832396459574824,0.03380656833751052,0.009931939854449557,0.08916016015789531,-0.08412947080830945,-0.05584897844118921,0.015772998320457084,-0.35756363297195026,0.22104065880599885,0.02551012535479271,-0.15993887822886252,-0.017212564167700835,-0.27032813664476407,0.049841039066091546,0.3318401832236956,0.06205752063892531,0.08618341436111009,0.026173907602072336,0.2629592732320341,0.09499842362947128,0.1514839966919382,-0.05854185470488848,0.04054332198525873,0.016084876268225256,-0.018789028500298715,-0.08395476428099481,-0.14290888442319727,-0.26052967213116185,0.016047492594678914,0.005272289246512167,0.05569970056000148,-0.2051546608780141,0.0015449454998082341,0.10659589629162473,-0.07902285345358755,-0.18271906214223946,-0.13228914999794142,-0.10200665403838599,0.08879639841905711,-0.2951558007546894,-0.023813639722599558,0.046089502381791735,0.20059668440472384,-0.03237396708151557,0.01656860272903404,-0.07089908915557058,-0.0627544450062767,-0.03698458726596209,0.02189369480432931,0.23581788164655362,0.013310808741603163,0.04721779720085881,-0.19662090164406107,-0.02718282056088456,-0.12938886841914127,-0.08260736549511108,0.04052192682577296,-0.13062569014327274,0.15879783117930635,0.048791627621506746,0.1276760016472943,-0.37475222127403957,-0.1016240878447866,-0.08793876853734757,0.15395131151735042,-0.0697181516889766,0.21444663542220108,-0.09812795421203986,-0.0967040676819299,-0.31616135731716477,-0.13623990057387322,-0.001887765040128725,0.020024929598929996,0.2782264568948116,0.31354846524526275,0.11002264011926607,-0.15746456686963275,-0.07277356822029489,-0.10968073856097747,0.029980011614734216,0.05277775474039999,-0.013755118899400625,-0.08250967548351061,0.0859064931256722,-0.06401984997228884,-0.11024377568546659,0.09423983328764242,0.15524506246337813,2.649047862188369,-0.5637189682250104,-0.4833425281458903,0.3103542995778972,0.21976933864309525,-0.5478089584091533,-0.14908347696041285,0.320262410642782,-0.9821529218794783,-0.9586240600892,-0.3366257021718554,-0.40270425800225884,-0.816339025780066,0.03288415358377354,0.0171381524401549,-0.17626892993606635,-0.1016027874517227,0.019756894278671906,-0.19769411759054936,0.1473590136072731,-0.3875401970744113,0.996604601590784,-0.6115747999379328,1.2694563714559552,-0.4019024249383225,-0.415919885128266,0.7241087017870411,1.3046226935264083,-1.0294043985443884,2.0414783872396915,1.0836682294338646,-0.244797148817139,1.5832286254669259,3.1836181670661077,0.2532379795713001,-0.7038130729253725,0.48705983407660575,0.8212039007925038,1.6208161913278247,-0.9462825128578058,-0.5664623311690805,0.3422234669023752,0.40386855443623393,-0.7080662718333863,1.0587450541507089,-0.43155299618305826,-0.014798070368592478,1.1881040032428083,1.6148279102228578,0.5811647032514065,-1.2939075679100365,-0.8288235398726866,-0.5478919125848171,1.0347358665671225,0.6148143081309746,0.06810561897291081,0.5448089156595448,1.010175234776228,-0.7567502635304445,-1.4216363903912703,-0.6116481171993793,0.8080090671639175,-0.3916685877507834,-1.351637463094743,-0.3501269958757236,0.4714616218636662,0.5492258821924035,-0.38576919463636594,-0.9909845250046644,0.8030138204866539,0.9103623410397893,0.004489324852133253,-1.0868309039805393,0.7623326226691585,-0.58270867737552,0.7613532996983692,0.2273305210150281,0.06995155729216467,-0.3207493421893417,-1.821209430327821,-0.4688229671369534,0.14531560363104254,-1.035749716752711,0.7139474309029152,0.5635939404997456,-0.15599699776330078,-1.45065177121324,0.5297589303968857,-0.3455788633928401,0.5923232113439167,0.003539087203975419,2.415978073309489,-0.5630417721864601,-0.4707644781720275,-1.3619717604816868,-0.9397376566935122,3,محمد
0.053594381200732046,-3.256874868540076e-05,0.023231022534576626,-0.07219844904943193,-0.16570739785189936,-0.07669731647292273,0.12721552234358605,0.049908695134743664,0.028769492714980912,-0.07194056849613492,-0.1960089138038873,-0.17745116048376053,-0.0022761005377296265,-0.07662907928271735,0.12481849683398999,0.05283132441580873,0.15657299491617274,0.059233291701151006,0.1144379257643281,-0.09905800810273874,0.07109668524589277,0.07049589065996686,0.039981315069876636,-0.061316338211040974,-0.0972690873368318,0.009830611098503274,-0.3963744461226726,0.24933215650553736,0.02928612202716729,-0.050635907796877384,-0.1578862980990776,-0.1979133279914491,-0.010727211776297797,0.20880200850732575,0.02109633756365912,0.12647761925071546,0.14121123554739873,0.2033406074386376,0.13615783256061148,0.15493660270700405,-0.17543910183882216,0.04279472087896778,0.006110818079130339,-0.010171750967228825,-0.1875348438207825,-0.007417206878091422,-0.2783543814578268,0.012829640426475783,-0.011788049300464563,0.03977370215691424,-0.1638272189167393,0.10133909209921228,-0.07997917841871653,-0.05872466109149452,-0.11595565033828395,-0.25053800291024114,-0.011030868676280592,0.03067339256555609,-0.32457298811305096,-0.041751691424529995,-0.06320046443110221,0.16460031141935796,-0.008688096228080752,-0.02800028765838927,0.050034196704894784,-0.08285461280997451,-0.028689308922590178,-0.07049950369681891,0.1766103873582392,0.15900413038706415,-0.04034092869827943,-0.19406142086976727,-0.09724877044202801,-0.2023095389220365,-0.07446139327609405,0.10442522376586845,-0.10699037095552269,0.12803797059671845,0.13704454240189898,0.08645079255844236,-0.402336258366763,-0.1315621181231034,-0.03985923283749304,0.12567169268897455,-0.1360336398445462,0.23413386316814905,-0.1287771409096098,-0.1350187886983427,-0.2143788629139586,-0.14684813645456538,0.050626275381031725,-0.05393382799985261,0.2729191340704612,0.22075778770973287,0.053521263718853296,-0.12401795179745236,-0.0969379472825466,-0.043891665134329995,-0.014361477612612179,0.07212503652277205,0.0057847800396804054,-0.002100425502476057,0.1095109598802561,-0.1226044973431406,-0.05243074901483439,-0.06456872703203208,0.26691009218060396,1.8727563428419434,-0.2975303355243604,0.0887217497082592,-0.3039653023009289,0.10249867047944806,-0.8632494126782155,-0.1779036547166728,1.2017940339664546,-0.9646527284457245,-0.4038501850380432,0.44730036927595085,-0.06828150715918407,-0.47689691646447135,0.28476908622921143,0.6404272610118282,-0.6123879261681135,1.959129554366317,1.9920671497021407,1.0164988969505107,0.09318856430659517,0.08644164130311294,1.633362553623334,0.0024541590764127247,3.7662361501255224,0.1530234204391936,-0.24965579339056712,0.7081159145677492,0.4278412746836897,-1.4475613678755217,2.1406765819271114,1.5798959447417744,0.8866967157987489,2.2440100605833866,2.8718154835168277,1.0884161174522817,-0.8993114336227288,0.5090170808613023,0.7957069219533157,2.010660617077145,-0.48113015002078985,1.3399136685418231,-1.3720089869059047,0.010214944656650293,-0.7037281435025673,-0.12017889657313643,0.6912368716848328,0.6735645231234715,0.15346908801497078,0.6969805529378146,0.21797913393773205,0.7409462140386224,-0.8816136389047841,1.3928250215529387,1.2088400065317646,0.7465737438475654,-0.09477876811455099,0.5073280441302345,0.39214439425980024,-1.3728488462857378,-0.639211839925149,-0.42254815248058253,-0.09933105690515893,-0.4482724591189729,-1.111050367542093,0.5495904009870823,0.3944410812127822,1.110765426268534,-0.47123213879103526,0.7726863692263426,0.743772045297669,2.3973986840126407,-0.942368402352564,0.8451420846500141,-0.4203663650935883,0.3687406189154173,-0.41416651256054904,0.9675853679091521,-0.3149207550286174,-0.6597498298124986,-0.9451046785312928,-0.6875477059789251,2.4053175710371577,-1.1199932173456293,0.578457342208348,0.34900522679872814,0.16843525097073545,-1.140264644441732,0.5926968976488036,-0.035274603411072,0.5180775113798419,-0.6755620670124869,2.9583034201023386,1.325278096130722,-1.0834036056846568,-0.8380539007738229,-0.8523564900978804,3,محمد
-0.08777591869121468,0.014116735805901464,0.005326123986153638,-0.020979089028935822,-0.09610990190699109,-0.13126431619427065,0.17984252196979403,0.046585346956909045,0.003732814657376949,-0.056886974047198315,-0.1755652061607995,-0.10080875912667693,-0.023939019824235346,-0.27164576679773955,0.11907343481294043,0.03976023351458197,0.1451386977276753,0.030443459256439768,0.03855633895966387,-0.0983210188836537,0.08243409763628141,-0.07829131426199182,0.027892608612493666,-0.09991719912484193,-0.225498850497446,-0.05293058478310465,-0.4530482927647264,0.27895250634644525,0.020900134245939367,-0.049191087195329636,-0.12658562552629568,-0.12317774313121335,0.026193848405171843,0.10529295232871452,-0.037494898170398284,0.10301504826405757,0.17071916558620254,0.16421818129714708,0.049885321253994086,0.080470823540269,-0.16458616609189802,-0.01155679485306197,0.00702177961348202,-0.13684080564282708,-0.2329973288863717,-0.06779524946042875,-0.3568126303191483,-0.10419973401872663,-0.005186526372263319,0.06065217857974326,-0.13774031081769753,0.09222350321703238,-0.08678836095908399,-0.16370674051916514,-0.2188166996068256,-0.28640323579711774,-0.03971776352273978,-0.0500047419401308,-0.34673135866916893,-0.04046984445343345,-0.07745904062394533,0.2508277546188927,-0.04990594695148643,0.03367298807579326,-0.039730093112141956,-0.17033009151208575,-0.1371851563111503,0.042456041859786464,0.1875619914833861,0.08873703550615747,-0.14348943933441974,-0.21373259303656159,-0.21444146031493574,-0.26076583673462433,-0.17651372481939268,0.0754445190222546,-7.469987445783378e-05,0.1168601461384456,0.054991626902704004,0.13167519210813297,-0.4009252379282505,-0.15492830258613483,-0.03216548418885612,0.13133040883693187,-0.09830402894476725,0.20653153703550012,-0.11356800398853559,-0.144384789958239,-0.15023988225399487,-0.15662587748112042,0.08694391616633977,-0.078664696553268,0.2692533056446124,0.1646775152537611,0.07753545454265545,-0.14463521073249427,-0.11030263486340317,-0.07559668273808309,0.030293245216567625,0.030735765627621692,0.02438612020475668,-0.054851091313845475,0.16973953760862182,-0.09360259453927162,-0.10058693487681886,-1.4402294444030124,1.0869828736396498,0.5951483111388498,-0.2646688810795711,-1.2093730620989798,-0.8532494482235531,-1.070231477800618,-1.4840424506498315,-1.0089006856229528,-0.09420672759108267,-0.7050962916913656,-0.6867153884197407,-0.31170093326841963,-1.2319237190258283,-1.7128061037726774,0.06527957895101491,0.721785918252459,-0.37055052695890117,-0.10607122668893401,-0.04456981652649016,0.10614483411316111,-0.20817801939658925,-0.9009107021613634,0.05055388827986156,-0.2333719032907912,2.8774831796264673,-0.35325939875420714,-1.3599475247035113,0.7026169163317847,2.6037240758873783,-0.34203265133978217,1.508746748125811,1.911969440135369,-0.10413242328563753,0.6923335282051953,3.1209297198323904,0.6793392103166902,-0.15802619326201842,0.6872833380534058,-0.14906165985601,2.6019825590126797,-0.9804420720860939,-1.2080100519563695,-1.720860259432709,0.3215393380996387,-0.575712632615964,-0.05544745751805552,0.5279962402750816,2.3430280636809107,0.15864862951900882,3.464499661771906,0.30810087857695656,0.80073611444636,-0.9852523416576525,-0.573803836205443,1.3719923114913841,0.3853665496295157,0.014842484278677117,-0.6882187107346054,1.2941088116577961,-0.9944943934349721,-0.5438179359532647,1.1204345410712595,1.337613454116121,-0.18503207310194866,-1.0024982061043028,-0.28849369315195106,1.0896914259316752,0.20994214161271652,-0.6061965407291908,-1.3663240562788939,2.0348366519113856,2.0785314318532375,-1.3917072862556146,-0.6471474190124283,0.3855214899007792,1.0017464251695134,-0.3440587336915811,-0.30547016993410403,1.7031336728449498,-0.1247580527220722,-1.048341069411934,-0.8755469471008254,2.047620410117525,-0.6885112963894723,0.5284231413768311,1.0797310374205056,1.5763042370375837,-0.6281319233112043,0.09844560188346818,-0.37780851514802466,0.6235165193541525,-0.6738680270032938,3.332534479233209,-0.9204964690829537,-0.71674592217617,-1.0751968036529658,-0.7089164534405691,3,محمد
-0.1344996806505502,0.12038060657605258,0.049894567605923555,0.0144171894486256,0.03374462059209449,-0.07259655727338182,0.2027921309957735,-0.01782121852692489,-0.002689353848792219,0.03871711309869968,-0.19774018030580087,-0.16360476318116712,-0.09696469436492396,-0.3296495786957134,0.14244458894797746,-0.013583370588742419,0.13422962134695005,-0.0573321375767012,0.013782533784048206,-0.10431492702336459,0.037930950352308694,-0.1748667634738054,-0.08493771821785898,-0.07716761674873751,-0.2716830586800098,-0.07268409318686646,-0.3825265283184364,0.19787266456782418,-0.00647598226269845,-0.10944323704823436,-0.06531580360391336,-0.1799792086950504,-0.035274730662547805,-0.09082850292385614,-0.06523711195269305,0.05669649190388979,0.12770663055649417,0.16077782939212218,0.04204434711931067,0.06587326888693612,-0.19720291243369625,-0.029202106837458587,-0.03398997781936839,-0.16560768037176085,-0.35770154759546086,-0.15060548726927078,-0.43552503381196794,-0.0641030974681419,-0.077758393102022,-0.09861616136814685,-0.25115593242945994,-0.056641492651865466,-0.24255190822659456,-0.3287693069730478,-0.300513985334885,-0.41176814129665446,-0.17145934249205674,-0.18613951863277936,-0.3122121826421699,-0.06589411960424692,-0.20705600703025545,0.05904623992946342,-0.24252301240822358,-0.023601872458176264,-0.1139315113996595,-0.24595906303623916,-0.1426070498899941,0.06601746891470434,0.1344793932257217,0.043317216344402706,-0.15386840030956891,-0.35397485771902143,-0.32956249479381794,-0.30196768823597725,-0.23097183435060958,0.025654923175839776,0.016449929841129068,0.1244702292719938,-0.022482153077528915,-0.033921889703876815,-0.4397183854045613,-0.13905559670385073,-0.10876569520461851,0.23505953527965015,-0.1536133042668396,0.07097825625664148,-0.22859922409612327,-0.2405642547222273,-0.01937099198490409,-0.07675396683363388,0.05023239090069056,-0.1102328168605653,0.14629452123942627,0.2038025687521081,0.13594662386270437,-0.20983241358007373,-0.048673516911013695,-0.10703506725629007,0.014458639551231967,-0.05672429348858272,0.08680686458547011,-0.04978010723132405,0.16525651565991673,-0.07629595232507655,-0.050769257996822366,-2.05041076212979,1.1266613556226923,1.0872298077805465,-0.3942319495215176,-0.310602352837732,-0.3941157054554883,-0.7142040704788887,-1.59050962042852,-1.0043523798142544,0.30549067140594394,-0.6022612230772917,0.4565635956649047,0.027004887299778273,-1.4070471887138283,-2.0044811194065892,0.35511075532678127,1.4776589912425036,-0.7357470950113748,1.3468230565191623,0.5721831533999838,0.6516969826337837,-0.35970070061600723,-0.7540209745998033,-0.7851902061167451,-0.19142388921881476,4.134513545007639,-0.39195657426228564,-1.4698042521294665,0.09344660455371465,3.28755197763273,0.9059250137748358,2.620222255469064,0.6861348394862727,-0.18359588837575833,0.25189200805590534,4.233441110323522,3.1580619323118,0.29556341820759374,1.4780562846978906,-1.661555063373166,2.229295377290268,-0.02171338766636943,-1.7182976450747507,-0.6316399658383568,0.3471310299905762,-0.35713041626220793,0.34557489115875933,0.6094921837452103,1.8314135868789034,0.054403064827975384,0.06928622057371603,2.101148120210343,0.48175744907032547,-0.930030788215819,-0.08663003803740407,2.013739394934309,-0.04854182497135856,0.013300404581482008,-0.6594079924545188,0.46003835327284137,-0.9944868734750355,-0.4361612075867566,-0.30786331164868097,-0.2693515793597049,0.5743897685213727,-1.3117708977283518,-0.6459974060601089,0.16569089843224666,1.1465492598521074,-0.2798287209911422,-1.3118562684892856,1.835041760029889,1.8653951595792921,-0.9476491130672466,-1.488381650424859,0.7798234748755642,0.6327451527147783,0.5626721217079315,0.19367184301097257,0.42606560347095734,0.18198709755971848,-1.0753355862438219,-0.5835743307908214,2.0670346359015044,-1.0126349590381172,0.6308612794485683,0.3820860455285888,1.477242689511942,-0.7486083236170389,-0.40451957884521095,1.284535175687429,0.19516878647377603,-0.6964387532036411,2.370284924523967,-1.5494869282789059,-0.4922307584442318,-0.589644232956331,-0.34656542078294494,3,محمد
-0.47397927832757547,0.0970560644239869,0.11350469606056657,0.10017832529336318,-0.14643593679553712,-0.23996102941888509,0.259612811182052,0.04318045966699567,-0.05079673521995844,0.18237613807547706,-0.13968433903040975,-0.08959138717179913,-0.056996102631054923,-0.5173158943895404,0.2117443930192661,-0.010350559234268948,0.052723743561328355,-0.04204480628924412,-0.031829968049268346,-0.026547525726672298,0.00013537142034651423,-0.1548700077833316,-0.12050523251107054,-0.10709703009381691,-0.2324824779822887,-0.16193419105672463,-0.27760623995542444,0.18291640407254042,-0.061397481231798196,-0.15473451421970275,0.03993813349812946,-0.20057790534138817,-0.09833047060889404,-0.05482439675525891,-0.09742302350637101,-0.0085735455206616,0.04244246469700844,0.027272282706426128,0.050816495790810164,0.051889276831202674,-0.19925451793503968,0.05191650681098988,-0.09125264165215102,-0.13087121608318147,-0.38926907406794203,-0.1795931703823738,-0.4814024380402988,-0.12448332529987935,-0.05208725910458714,-0.15755340627430575,-0.24953519490074194,-0.005993142929590982,-0.3679993527070743,-0.3068601185909163,-0.2687450462471844,-0.4708002408870345,-0.16468391028633456,-0.29234971547569316,-0.23704586512744544,-0.16325501662119507,-0.2807374536886978,0.0844590876527447,-0.17622303166634778,-0.06031793805922103,-0.0407222863790793,-0.22670587377906617,-0.096428286942162,0.044308909556012514,-0.0048274203054914895,-0.011870407825821104,-0.19131485240096,-0.35794855128725256,-0.3976208092617878,-0.2753886940871485,-0.2636071905905923,-0.03297179662964782,0.004762740042089552,0.10644736156203381,0.07632032502585773,-0.08678528110312038,-0.4529086256479512,-0.16019368597851524,-0.13496928800838168,0.2566768298398114,-0.14455205254410397,0.0503643112873849,-0.28966762314293115,-0.2719505980505,-0.023628041564154958,-0.11894492772692863,0.02680051384950101,-0.09361981290622294,0.07834598022735327,0.17994765141494845,0.17436973970938985,-0.14227693093234664,-0.1349194967251338,-0.16503462919939293,-0.030279807589414957,-0.05055529548156794,0.08342631032591212,0.0035395856213067947,0.11708493960313039,-0.020550740720927458,-0.058396507784963754,-2.557870030498688,1.1939033629861553,-0.08456546440649149,1.123202649775671,-0.6113872856977621,-0.9902335751489598,-1.4860358860146758,-1.4093490534976847,-1.4490504463421598,-0.33863021886255434,-0.5564957318303082,-0.15959885622962675,0.5586806882330727,-1.6436575818056176,-1.9730749028864472,-0.1803222465144057,0.9157323265378741,-0.6835086887955892,0.8241275013357233,0.3802187072617632,0.5331299779850757,-0.8920601743981522,-0.5859127857895781,-1.0398776040938573,-0.0038224692376911304,3.9373712252362325,-0.31737103576413755,-1.5911644313302196,0.5418078364271806,3.8604657883785474,1.2532722905704818,1.4514476683816613,1.1435622973700224,-0.5125970268930355,0.2547479677892451,3.8463023348998893,2.181267231565944,0.7695505950881387,1.4279526808698808,-1.2203204545703,1.7601550035172724,-0.6843155440586183,-1.3133169102416304,-2.056562710102642,0.5841132480333094,0.10700793421082068,3.567498988399462,0.2941280900274547,2.315444877585502,0.7469691646401696,0.4240596057423444,0.6665061626183831,1.4708387345643235,-1.0098066321953456,0.9671553489384505,0.5312777456607517,0.19097723201474645,-0.2588036009576979,-0.31882759911957603,0.7172944008351122,-0.6413742056910747,-0.19320177606745503,-0.9761435600098374,0.5154946969111815,-0.48646138626636826,-1.3983723227767986,-0.8727372610615491,0.05210498719619271,-0.03740128999277338,-0.2511370115866322,-0.7884248265603231,0.7197286347835758,2.7534588614148547,-1.0199880067932368,-0.6206840903388515,-0.21037179094146854,1.0980129399120386,0.8724329569802173,0.07227994614020947,0.011037645532243127,0.39183189071592284,-0.8737001744768017,-0.7164762563049775,3.315260963091616,-1.4528250238332425,1.0194285046485971,-0.40218970018311806,1.6358861365706814,-0.14591065323013425,-0.3158646777798347,0.2554702022829933,0.47949959439303147,-1.064380869880623,1.123882776603857,-0.8465372258010313,-1.215054795652084,-0.5244848305118289,-0.3110597932072981,3,محمد
-0.2811498588129615,-0.13027375463831223,0.0195519061814851,0.09326682084523062,-0.09972926230369755,-0.3128460376333942,0.10821275779849433,-0.0384722172514973,-0.02467461149789824,0.11988521684179018,-0.20957010477694468,-0.023968395225670153,-0.0503804786505052,-0.424125819457867,0.18658368519917276,-0.0063875925629411036,0.1264618905165469,-0.026349419834926866,-0.11512276840105365,0.09935635932777294,0.0553869828270014,-0.19627339408625014,-0.08659993343515426,-0.11744561696151144,-0.3313058097331513,-0.09441818083959985,-0.2537021493942995,0.13570255502380033,-0.08259757688351747,-0.04391456529499515,0.13450332309264348,-0.16104570022680542,0.0009615731634618334,-0.008045614503129832,-0.013611312555308097,-0.04432240321346326,0.0812900097321431,-0.029161792404305786,0.010215911622935616,0.08341499627338735,-0.1517874755709342,0.17922420802367633,-0.06813060045212307,-0.15813170280060254,-0.3870915363281102,-0.1918324633122307,-0.43133768082563007,-0.011756505390375916,-0.0842076566444012,-0.15834896410279828,-0.2688904626824742,-0.026802182188936124,-0.35964279159535933,-0.3584070642761116,-0.24275951341750676,-0.5202568059423772,-0.10983792087647354,-0.3462284976673908,-0.2269790815664787,-0.21622579384304422,-0.30535829092532896,0.0966893405845185,-0.15548321004838675,-0.007870561774232912,-0.009834663227081373,-0.18490003080354106,-0.09868061111712395,0.032232975198711905,-0.08055897432550917,0.03018563986772122,-0.19940983381310667,-0.34254224463549116,-0.3578242328615079,-0.22446373402501127,-0.2381676389698298,-0.07661230465792061,-0.06643034830051883,0.008974161318446486,0.0900084609758156,-0.0945048358609804,-0.36623923159903726,-0.09998720487390603,-0.1479680607245136,0.21739993126502408,-0.11634594254241849,0.06775452092002822,-0.2625016506057696,-0.21255130455520693,-0.008967133288061063,-0.13184900164862492,0.028633391081375702,-0.04910510920291463,0.02410631092962749,0.04011597280336032,0.1253597081910024,-0.10996802581272998,-0.12025783411065728,-0.1421325041684361,-0.05877609592864886,-0.12465113782070208,0.018357149854129097,0.07838586295024745,0.08827453267813966,-0.0024591914554602883,-0.09867894701910652,-1.9864276163271728,0.6910428176190667,-0.491280771599899,1.267256995166177,-0.11200402345893141,-0.24949277700703776,-0.38337359685453337,-0.8368473783533046,-1.0974050623911131,0.20168050706025528,-0.42599582528487634,0.11051997572676647,1.3079659098409446,-1.0238431994478943,-1.935440890590598,-0.4285852186564285,1.7745633201224174,-0.7654874943122778,1.469851983765865,0.8093286335298557,0.6070771196642739,-0.7217360361856383,-0.719624829873559,-1.3950554357414233,0.1222112949400701,4.191839272487042,-0.9012491473096959,-1.3088759906111476,-0.11799835156037357,3.4005305929231606,1.406575463217971,1.0044029024549401,0.44104271828943614,-0.655744186086659,-0.14867437424250424,1.1108774802118337,1.4779039609588849,0.28179832348117045,0.8711372432952925,-1.374421631012404,0.9044181569157853,-0.19497989103367533,-1.9032220942776512,-2.1497667537151512,0.7229917573638502,0.602253620230627,3.046288428212412,0.6898835438224058,1.7700237815598834,0.8092884980756085,-0.4068445777611543,0.7780347862722824,0.8830376705021856,-0.8271023132407266,0.862237101987075,1.3702416587969437,0.104285761634181,-0.39621807061059683,-0.6792402701582645,0.1241175901860903,-0.5444537509704259,-0.17727028335131825,-0.8476559114174237,-0.7802880202106354,-0.48673305722517296,-1.1314108669767422,-0.705563774969233,-0.8009689220555433,0.5747468860742205,-0.0552338403345262,-1.227775045054633,0.22383033380307352,1.637303950421175,-0.676183238736313,-1.3784232228702453,0.2973539394710661,0.7103910038731077,0.8568805590783322,-0.9470736279911519,0.50246588800159,0.1103290518275975,-0.8420164321564375,-0.7249637726012353,2.4100034091500664,-1.029829691096694,1.0814063004109205,0.8425320280611024,1.246557928646202,-0.41309885180764533,-0.3589436757474975,0.5149888531942883,-0.3788320225852715,-0.5890442975227033,0.2634625072755086,-1.1682624624202678,-0.9352593005946054,-0.38825435724022184,-0.5238359741960357,3,محمد
-0.13531918934821058,-0.2184435474356223,0.0012281783116857212,0.13786313617249216,-0.17251353597897437,-0.30769565469126575,-0.004830757538125272,-0.09032885583251125,-0.07327466956745733,0.05642144776248275,-0.18379964494689455,-0.16348990146928308,-0.10517672354080645,-0.45365237999480046,0.251025272137705,-0.07213748272524191,0.13389197984882337,0.03588717275086008,-0.17857550948360487,0.08913552633408045,0.1314401715447799,-0.2050059011970014,0.009158242936018732,-0.12093759380422966,-0.22855407804299738,-0.06077192324044773,-0.23042481114292707,0.13389836576798683,-0.052411310772979,-0.04656762549651644,0.12488049645689227,-0.12878380942556694,-0.1454655664011173,-0.0868619902861422,-0.004805796566727036,-0.04429742001346989,0.10685197077955823,-0.13312217181372707,0.00029242423834732235,-0.016335371235391433,-0.2107799124530984,0.15020995193716566,0.004778968356079981,-0.1642304539445855,-0.33384257007690443,-0.18634440011818762,-0.4209525472308172,-0.029529450742025485,-0.08187636244143728,-0.21358321509936212,-0.2525668289156327,-0.10399271358492661,-0.25844046958938516,-0.2735205191713038,-0.19635154957090095,-0.47919695015981273,-0.07455536693259722,-0.326077847448198,-0.2690036277409009,-0.25750401803354195,-0.2325089268869693,-0.004904748336398769,-0.12782897058513304,-0.006650993005313591,-0.0035075420780585342,-0.17186087563354097,-0.12414440532815145,0.05611137504674955,-0.0822274014358567,0.08978504397984827,-0.09138029326233794,-0.37109528012628124,-0.3105133249850619,-0.1839012937173363,-0.17580476632964043,-0.21409655440358422,0.016074484933273563,-0.01018791798255907,0.06296000623559277,-0.060925632586751495,-0.23590094353147967,-0.08405415847768578,-0.11944641552189807,0.04919378231661609,-0.14455604734594485,0.16215146893032004,-0.2785995083066913,-0.17913477197313546,-0.018275943550820413,-0.1275653778537496,0.059597703415581016,-0.09298053587828564,0.03639941056737654,0.06515812286115683,0.1580478238347797,-0.07523414558401546,-0.1142309855149035,-0.13296168761188293,-0.1546205841791718,-0.11141720253806595,0.0018232159959016413,0.05690971411943538,0.10740883677004466,0.07906279767233294,-0.16158506248455204,-0.5680913907986834,2.8099341608554957,-0.5293650975500834,1.818092590382447,0.15927980177135154,-0.3725495104250669,-0.14296416469025452,-0.4008779965426844,-0.05770953020135913,-0.10846411881361456,-0.5178399341611204,-0.1810748792776049,0.9226381399432617,-0.016304961428487728,-1.7723144526570767,-0.741091447789193,-0.33659862010405633,-0.9324254289766121,0.06440554145197444,-0.34774259540113844,-0.3623498502733696,-1.0213455772959126,-1.2292840764168034,-1.3963198953051246,-0.3532702108828379,2.3511722501016905,-1.5390318824391624,-1.8068314903495604,-0.30539648520675355,1.859981286387697,2.204013557113475,-0.34351094114319897,-0.26650752740978007,-1.3049522621463001,-0.038808723363186776,-0.014175439543661733,0.760241727509217,0.45041954719085064,1.2973651191784463,-1.1686410496450967,1.5044398857038812,-0.6514278152613318,-1.296310630399681,-0.572190460047966,0.5696108710727025,1.0618487125681835,0.8492617432029747,0.3089603305548336,1.941579058712165,0.9736382853027462,0.750240127653551,-0.1318139739758087,0.5135665430114357,-0.3879665361701447,0.865913786114057,0.7696570531523259,0.2349190315216156,-1.2639001214820327,-0.44166912976629374,0.7031694612008241,-0.8622401033752487,-0.20332169745718312,-1.2655780418747136,-0.20800850956717404,-0.9392931086454084,-0.470080869511941,-0.8007664470956818,0.9737699016180391,0.3880936565590005,0.22000493900530993,0.0019724669711872265,-0.5958043091717424,1.0038711460462444,0.021864934563511514,0.1907042468878531,-0.9105236722087231,0.08044211480416444,1.702167319609235,-0.3056794499511451,0.14460493256292595,0.22045783195297924,-0.8546017690646217,-0.16770254766523215,1.4899395705561498,-1.4208592425350812,1.3171990382628673,-0.35080960519505616,0.906914037357309,-0.3215261859099123,-0.4655204007373292,0.2524688745369767,0.7459435490910424,-0.5065006617987461,0.4963166422860503,-0.8122381968978503,-0.7787338723567505,-0.5351016179700675,-0.5105682306936475,3,محمد
-0.07622848544473548,-0.3157099883803546,-0.07501642412524294,0.13680962398286858,-0.3014568677008617,-0.4249380285048653,-0.07687667596457082,-0.1651036868454912,-0.07454659667158864,-0.07092467761835232,-0.30179610784559874,-0.328000986114716,-0.1976787664620951,-0.5325322142326626,0.21974391707350505,-0.13206510402103336,0.073874028870563,-0.015613210675496923,-0.1714365778020453,0.09703394836625352,0.09890303206663481,-0.1706731316932493,0.015503070988831342,-0.11735422859545425,-0.2263455564044119,-0.09705416687122126,-0.23264747077763587,0.0582953043565642,-0.039152100306716946,-0.07961727950321786,0.1147275777717502,0.002159968617803733,-0.20605562652854725,-0.03731937165077566,-0.06908529032700063,-0.04831206318629139,0.10132060904824425,-0.15875149404598335,-0.05428204177215245,-0.027179404572161642,-0.18452374975562466,0.12692431046335997,0.029295493958691587,-0.10208524091960519,-0.21232544130313627,-0.23786758493351462,-0.369412084155495,-0.0047894246251987335,-0.11698273726277732,-0.10887335483682266,-0.28945594189016666,-0.05254234348342888,-0.2515415457614948,-0.27523157728505815,-0.14333752667207258,-0.4263057013178244,-0.1275962500185631,-0.23083729196801633,-0.3400504760032682,-0.3120131732972725,-0.1650800912244206,-0.11651720474642938,-0.2006802798969791,-0.07811792981833458,0.0827206772165431,-0.18670733813467572,-0.09184912956759189,0.12917144294785873,-0.1665458259151005,0.03006230563599669,-0.029617676875307766,-0.4348158560659733,-0.2722596122290959,-0.1290348204425394,-0.27099664953454355,-0.20490264411092182,-0.008911352974763084,-0.08755501232515427,0.04517577439713802,-0.11996787474209893,-0.24632016162554735,-0.23535320546207159,-0.22509959023835982,-0.02910849285014298,-0.07692658625568885,0.1194708077449929,-0.21366915469183728,-0.10862750575787695,0.08136941202522587,-0.11033002626497096,-0.0264435164003512,-0.1812919226415623,-0.035917005644995184,-0.013927084782615192,0.1288045309856949,-0.15997242691654603,-0.22484867962136815,-0.20374218648334927,-0.23303473761326893,-0.19830366399279434,-0.0892465818983585,-0.0579153971978062,0.046007366754556765,-0.04154426138418937,-0.15841160924123113,-1.3947273377123512,2.6885271270531454,0.29081523173519946,1.307649484436727,-0.8381674136479476,-1.0525957972006217,-0.4545585868810937,-0.15322944191854254,-0.3616917864442838,-0.743157234679094,-0.4447476330053683,-0.12952221825818022,0.8006670572114138,-1.099215589027046,-0.4723829580777512,-1.035588023066709,-0.4802803949863798,-1.1629842568375104,-0.7200308103068075,-0.013612511702837202,-0.6381031072512643,-0.0217874003520957,-0.6452883797402619,-1.0167430380015412,-0.4070717158214458,0.5559045592644909,-1.6749066608464263,-1.093674206140506,-0.11003499687080405,2.124487009328191,2.2669090972022765,0.42273960950980344,-0.346019369954444,-0.9769755068318158,-0.7615847839687266,0.12332800505803797,0.49234897788562315,0.7635738567622293,1.4286885007052772,-1.6062766311704257,2.2699498473194586,0.3521066083385752,-1.269683481775827,-0.09285656490864778,-0.334033991427216,1.3947937373514838,1.102258731099341,-0.29896850564901534,1.4669040474596233,0.04814484839780763,-0.6008783964456564,0.9707712835916911,0.8004584411963594,-0.3163407402093357,0.35950659456778866,0.10038647268616523,-0.8289407394339845,-0.9957895209539732,-0.06846808882399126,1.1185078330617513,-0.27132918195351474,-0.07011871555616672,0.7307283414141451,0.4287549399801721,-1.002487176731231,-0.5017802067808348,0.009654249086805101,0.5446958532080035,-0.07926952207719579,-0.7221574498688235,-1.2614142306708367,-0.6160267940850143,-0.07659240332001924,0.33469150916757057,-0.8223159338338726,-1.282890417226826,0.7987895336559285,2.401667840420001,1.0827208666888373,0.1354886223574875,-0.24794528143056385,-1.0832933998693661,-0.7364239094970962,1.655063105725856,-1.3081756708534307,0.6834785326082364,-0.5192702512365892,1.7424283704267491,-0.5039895821766259,-0.7775875517637857,-0.007175802960284934,-0.2653220505698765,-0.029485409708829024,0.7728428958071463,-1.278409256915498,-0.367352628319213,-0.18102082174168307,-0.3296128550483439,3,محمد
-0.2452842555508859,-0.29445761183095737,-0.18883122021104098,-0.11330318940976836,-0.2889905298898535,0.04320347754528027,-0.1344993688032446,-0.21799177624331398,0.002156883055389915,-0.00157070127171043,0.12271001596976086,0.260740232448158,0.14091443236620152,-0.19676420441419318,0.1626596451303521,-0.32749909793102927,-0.4887472670791207,-0.04336849859006657,0.12310658402588819,0.003500624628735606,-0.09802531816140972,-0.2549687375503286,-0.012528461725627299,-0.036133770784380216,-0.29384952153649174,0.21035911293942197,-0.3217093443412664,0.04772347642982122,-0.43217300464736685,-0.03515044019256421,-0.09549186575082065,0.2135192152435101,0.17844839776064664,0.03917940173053161,-0.08414705991123743,-0.11988076044902088,-0.0001682378504353172,-0.16102705068077808,-0.139877680589043,-0.2074592464479196,0.1515415677239862,-0.06583053965633333,-0.14849950119273436,-0.12350335891171133,0.03235947492981995,-0.19502072639076973,-0.32224011373266126,-0.2459674512721591,0.0035266765974758816,-0.42648333509235586,-0.24886993190518472,0.23356452281804485,0.11625284398033818,0.0804393449556552,-0.10702070450064478,-0.02264789206174662,-0.2020705850847979,-0.03295045962040768,0.01992896994925133,0.046118098560207765,-0.1570960929271568,0.25196268056414967,0.20536338822252057,0.14410487829114485,0.019752260315825488,0.0891458501537077,-0.17278641704946204,-0.02817623832238506,-0.14789264849474046,-0.1599132293016098,0.0630167947710609,-0.08514832850420202,0.09877453535167266,0.11005107022973827,-0.13762474171264708,-0.25122771695830204,-0.0109368696671649,0.05612873791079775,0.004698389307626944,-0.09803611746280404,0.07061488722226134,0.014321206417966807,-0.25227462814961193,0.0659989687997951,0.08820671801498826,-0.1548739903897059,0.03895156148575749,0.05322009642192054,0.08547542811138699,-0.12816023537398208,0.0191099566868032,0.04829310594292922,0.16477214709884255,0.023936166282271024,0.08794951000329368,0.006999311655229963,0.3915849697949755,0.3588369123480155,0.07796474582902423,0.004212206352198761,0.18447865815564823,0.3375109675778906,0.10181008438532085,0.006077054253613515,-0.07746989597131718,-1.2335557699727635,4.160186517067499,1.1428619348635796,0.06725372845859943,0.7004846446597898,-0.08672120491206865,-0.31314397235826563,-0.5905595344697475,-0.6743648672946008,-1.018504390176616,2.696407616822763,2.668144628838421,1.4301126372409454,-0.7139670158827801,0.1195233675904441,1.4263056304357746,-0.639504384844148,-0.47570959935175894,1.3362184764980611,0.7382741075215734,1.45372825539061,1.423655130837949,-0.278941631774869,-1.1920631505578534,0.4379459615087355,1.7340611223575852,1.6132579335111379,-0.47080798611625907,0.23750489023697605,-1.2225550903512656,0.07439905411985084,0.3476935654421708,-0.5900626031341283,-0.16066415870239717,0.4675244609505238,0.21260875453834077,0.9086103522204868,-0.5550458145617307,-1.6946777484805344,-1.0097688197184824,1.5462099764263284,1.3925337087930405,0.1998329324894035,0.935739850032622,-0.7875089203746668,-0.6405565502228722,1.7076087524721526,-1.3337194122698128,-0.4729322717796169,-0.3830059412428837,0.25391595589936095,-0.5579321117042553,-0.7474762551893525,0.42139323573694054,-0.47136881547463333,-0.9082912873461814,1.243539834676138,0.7645918780414844,1.1898485595598203,1.100596315703761,-0.9583819024962804,-0.5653745177164301,0.31468184381713044,1.5665468774672304,-0.914684785813054,-0.16933586549648896,0.331804156788198,3.4073564251115127,-1.4309520310524284,-1.0017265472991783,0.13007636376407314,1.1997408336468414,-0.7490864573503054,0.8444447817020871,-0.09594970729166115,0.46140659286180286,-0.09680888353982417,1.718330055461262,-0.4406573982432505,-2.069232171252236,0.1540247601862998,1.2370781785905305,0.3661439679788728,0.27390401814659254,-0.3326815124008442,-0.26640858334206036,2.0826996231334696,1.7525905429248168,-2.1750573935359085,-1.1587691138491498,0.759394534188802,3.6803769954340706,-0.005648509748800691,-1.5112271899966585,0.33663392678920806,1.0965337734834872,0.1794070377355022,-0.8587490327432147,1,محمد
-0.2691351120344046,-0.31929817147211914,-0.2734614057531966,-0.06778137577280939,-0.18038136365530935,0.08402631792271419,0.025654132203022272,-0.025231448753184726,0.06824518731061795,0.020020929200917345,0.029780738022160583,0.04437280543990974,0.007137409413649464,-0.29379070857471945,0.16149829265635743,-0.3882264154046891,-0.40155494222361354,-0.058331319221816426,0.11124891230891855,0.04557927511456588,0.009084220377349057,-0.3318865205960346,-0.09600518051463203,-0.10130578419725653,-0.4222825442298865,0.17521912676180285,-0.4178831108109775,0.07009841940633604,-0.5048788815390963,-0.10298832563956035,-0.03618931890337088,0.1381197265668905,0.14699458352778433,0.10844492199175707,-0.2069882744659683,-0.17277211674839996,0.04341902227199125,-0.21672672473707533,-0.2381210454883031,-0.20434464719249895,0.14826649239274595,-0.032463480756984964,-0.17780300464080248,-0.12498703456760477,0.07659994812715892,-0.2721842563325668,-0.38537778123953814,-0.2718853451523407,-0.12975211410092077,-0.3875274384441798,-0.1754337601055443,0.297113193302053,0.08826738391538512,0.16215860228874865,-0.20193558135980702,-0.08792728838126775,-0.2796960964617434,-0.07272614327838908,0.08755970777212614,0.0932686211213617,-0.0531897512380977,0.2311559116281302,0.12413992017154678,0.07563631160534219,0.06700557387771373,0.1710911370182808,-0.10227079074260295,-0.0022840172816483897,-0.11704306332341732,-0.10537039412062289,0.07334431191336489,-0.13580520362282503,0.08949130458418517,0.10342876467688125,-0.1327813199828076,-0.10992073169914347,0.10544268888031522,0.1281353514385558,0.019461519858753707,-0.1673153328392389,0.030585080340126924,0.07498736592536026,-0.1831513388657314,0.14721420532171095,0.045847768813467665,-0.24185491522626645,0.006655708359865776,0.14001835334277907,0.1917845651141644,-0.18773729265210168,0.008205493286123166,0.05791225370506864,0.13154928414796102,0.012134892923477627,0.06788965995911421,0.019129093991622062,0.37818305454348855,0.37631417434622905,0.01397062143570507,0.011608954244681394,0.08483225441209848,0.2945049868678758,0.13202253065235683,-0.07620448375763005,-0.1309538781421593,-0.9786656039591368,3.938932876022908,1.1589623103100128,0.3557278634370139,1.3343731682681599,0.4133996522630159,0.01457706851966223,-0.8309621647042321,-0.6422112580997852,-1.1447911785221223,2.3563033950999985,4.598411875226524,1.1710986432047712,0.1940885433680887,0.4283694288604579,0.6423441372227069,-0.18118978459374313,-0.5086571712669192,0.9843692749536845,0.9260377127012902,1.335704157718726,1.2473164399182992,-0.5828368475544795,-1.1278524966671517,0.6112241080927558,0.9092397659113616,1.8344279204239307,-0.4283994481856684,-0.20896338881654894,-0.3956138492109722,-0.03089714171085174,0.4403278627115235,-1.0429123759073944,-0.6426020162445751,-0.0021191669326769773,-0.3493163932797141,0.3343651210912856,-0.48948254297577587,-1.2352718516824703,-2.808272617279369,0.5797243505790268,1.045389018147081,-2.015410029745974,0.6720320474005715,-0.605625097950448,-0.31073806247507185,1.9200466216875498,0.23108307731580424,0.6928911089119276,-0.611407037968871,0.7423916517268807,0.6719072979575192,-0.3244901089486469,1.0786163983687649,-0.7453939008691605,-0.5175060314310107,1.504532543700634,0.8501776790874008,-0.32434628216977623,1.4153568839875033,-0.07566879891357675,-0.6062955432626551,-0.3894960407160355,1.5925005058798452,-0.2534836298602633,-0.7826926544514955,-0.9127488202617818,2.077393676811297,-0.44483968513797933,-0.8966488036588448,-1.2758648751047323,0.7847775549024049,0.5511788676229603,1.5164559429934443,-1.3507637942602646,-0.2717671275190646,-0.31731586352715246,2.5382136466371756,-1.2174183300960455,-0.9903063689374457,0.20587043104743843,1.618643010638566,0.9489953713966968,0.7033671577569037,-0.10923338802459309,-0.2383619000694817,1.8619461743080565,2.0444697292069263,-1.3696772298458642,-1.0021560480909224,1.3648193447708632,1.5886459855364516,0.23731656673952672,-0.311677833457176,-1.5688825352372127,0.6451916377733651,0.11566990765968355,-0.5760091675238664,1,محمد
-0.1907738745682918,-0.28152276361227074,-0.25768000418624304,-0.13646757765847797,-0.13319167361021123,-0.002619857011383352,-0.06992899833098988,-0.006761068150014098,0.05491497721033614,0.0075892170747509854,0.04689999935596479,-0.004559211868091629,0.020763891615535525,-0.19826215594893862,0.15013417294404086,-0.2427983238521797,-0.23516846096196273,-0.03503627559927413,0.13955575352996236,0.05261076815657517,0.11829156759490082,-0.28719980137717527,-0.04959531997177007,-0.051310477347341295,-0.38556757709817224,0.12993436353450674,-0.42916057382189343,0.16405843045941113,-0.49773367937546903,-0.08156522457548364,-0.059010807468919256,0.07473563389305231,0.21377433491391112,0.17769985696587945,-0.08191923506073473,-0.183980674267534,0.01631731820070199,-0.20621949100854906,-0.20717363521554708,-0.18929837907535094,0.16061280381758558,0.07109689988382611,-0.07858307796621262,-0.09971853189189957,0.13419324944989475,-0.19262489529117205,-0.34135899971718425,-0.2239484884837999,-0.05356655911569371,-0.38491115493277295,-0.17366239947693704,0.28523485149301825,0.13772960533250925,0.25153302949700823,-0.21064806672926176,-0.021351003980304352,-0.15205296471101826,-0.08054788305451416,0.07061452032316905,0.0835675967209774,-0.016784992492577203,0.23137776311537003,0.08836208958536637,0.06477121210343793,0.14611617567464313,0.17495572822785477,-0.0778175972850355,-0.014503613005546777,-0.09002889989565446,-0.14599987777535536,0.1739547563783445,-0.0872723626371569,0.18273264429270508,0.18507958113096182,-0.054769262256779146,-0.18349151652995735,0.01354137567905501,0.15358622304644878,0.15859335917641104,-0.04256083356996287,-0.04076962674914391,0.03482218436295905,-0.10126234408747879,0.2165069702903749,0.10008292181275476,-0.11846834448395102,0.010504523708677466,0.13768441623597927,0.15483040203020537,-0.17374749654426805,0.021685006090283107,0.05384540069066823,0.06377162600382656,0.05328145142854122,0.11956188797408368,0.12515057844014868,0.4114554165126722,0.35442342875073257,0.04938223807402583,0.022825984136859694,0.1435689266244584,0.2543041260862084,0.1847214886073362,-0.21354989605311114,-0.0978227129841157,-0.8080529913069615,5.029749633196017,0.5207300003720652,0.5599519052509832,1.4030161061928392,0.7455701486781645,0.5206021837631183,-0.4166951755785995,-0.30218353510937757,-0.7542384844269655,2.838070392155072,4.436678284852452,1.8946895232251861,0.11062421212035083,0.6388979887083194,1.2871046894068745,-0.3192404245302396,-0.4765513250489389,1.1109092384651726,-0.018105145720640876,0.9140050535756916,0.6790971250324211,-0.3767989828875951,-0.5340135405274665,0.3114376413919418,1.7619352397090622,1.2342406733246676,-0.7597662733036546,-0.277879419699376,-1.6474141907018933,0.40854831020937055,-0.7921852068749882,-0.38019781713871975,0.20163694671386181,0.3720443257129011,1.7763116109472101,1.4681554872206635,-0.7152884737820665,-1.750130121410196,-2.200354702984414,-0.3058496330295262,0.973743018261853,-0.66764252916128,0.8442915513447367,0.6806584749030137,-0.29625461446704915,2.016211337543393,-0.37179108622493806,0.7221325946333171,-0.9935320603736236,0.42926715205464894,0.2039925370838852,1.7721872408317256,0.6108386485641168,-0.7467856933135121,-0.3158005843278865,1.0269079465317348,0.7427385095502932,0.4967047115377005,0.9300618129479321,-0.5178190825606181,-0.5615992535295353,-0.11506897681862947,1.034905038786631,-0.3565702077221869,0.21708782700831267,0.5701913400264184,2.0016432896979044,-0.11269329131356325,-0.801875764531704,-0.49598084292714084,0.2125893043797495,0.0047696125635523865,0.9815974145138185,-0.4693663024459847,-0.05701803524125236,-0.4134032958941996,2.3354197921642403,-0.6212906063913236,-1.2265212835131616,0.21438764809695005,1.2513998180033943,0.3100063433074712,0.26381472567007513,0.656122519957245,0.19941071124076726,1.000349274736863,1.358744559076558,-1.506767997616363,-0.5521567551414412,0.9666075955213994,1.827394554567104,-0.15950706007198853,-0.08735495168320806,-0.2181021562671397,0.37574943378101067,0.4992069210023386,-0.7045025874962233,1,محمد
-0.05284610924195333,-0.16888248400269437,-0.1679187659499108,-0.08650305270685152,-0.11396417573563121,-0.05359620253433214,-0.19965132888002027,-0.06816446267127464,0.0009182849952898104,-0.009745216134465353,0.0705143995435927,0.03321126389557329,0.09140056820467168,-0.0253700439318281,0.15757028516279578,-0.2577948722146712,-0.3006315976203833,0.005390436806792209,0.19111415713778504,0.06443502836469299,0.06909336416170918,-0.2520689395553412,-0.10012509771774686,-0.0353692535069308,-0.3395298444258552,0.22607668275189674,-0.45546560487860466,0.10120738286466777,-0.5898087031509222,0.04753287763397214,0.02733101708207775,0.06656253014355984,0.22992339682198973,0.2501150560236142,-0.05137305711607605,-0.23083866572386624,-0.023073654016697854,-0.11875854858664553,-0.25366543619595644,-0.15099325358141413,0.14139324886552787,0.11412533441039267,-0.053708143949976236,-0.042202387546269794,0.04073859180444578,-0.1576820925045077,-0.37007607644461726,-0.2591779222224455,-0.04636681131345899,-0.4445241330714018,-0.13904322762628532,0.214485905076439,0.17038114219881376,0.1710129736343939,-0.22668329491169792,-0.08351321345088858,-0.11564589269462094,-0.023270643373966407,0.061191883374777614,0.09820825149728246,-0.0455866548911422,0.27613910057019003,0.10216065289641997,0.0038559721862037786,0.14864617135323335,0.179901437783167,-0.008922130844370466,-0.11464755465021016,-0.03314419278937251,-0.22357497428049766,0.17328373163091476,-0.01455387543223318,0.15543687995543518,0.1963639501625255,-0.10851718128574364,-0.2003151779616795,-0.023022482876146597,0.13520262642635075,0.14682941531707425,0.018566048661380435,0.028240938315807557,0.07392853039737665,-0.11363574490504666,0.17857713515876633,0.16360797679930703,-0.17222097760583688,0.006312233389625074,0.13126664246474018,0.09895512429833161,-0.07790447391752836,0.048120415071417066,0.04176093133484048,0.04838424157385488,0.05103184513515139,0.047006866914046465,0.07693635218795049,0.3981097836488261,0.32379236177155385,0.03904268475057266,0.062066865765832376,0.1768943325334207,0.3322227278559014,0.127528471144167,-0.13753507692160682,-0.11396658117440635,-0.652712796160034,3.2226768578623415,-0.4310393984632617,0.37966520843411505,1.6173013113128456,0.3830714236507044,0.7082101549355334,-0.7572122503439589,-0.47813722959771165,-0.9568568196563095,1.6682162774285894,4.37091304395523,0.9467061281492589,0.47917580503552304,0.8084238224666471,-0.21490161526015755,0.7203564647124053,-0.8008000123758086,0.08140926943794168,0.38773965185313336,-0.209443126745656,-0.03490037535666023,0.31273592581072146,-0.6379662340795919,-0.5367332307484965,0.6905234236151064,-0.06780910146906445,-0.33880338904646523,0.20903199810288606,0.05327659824449007,0.3934513823708172,-0.5633431857027353,-0.7844668274728375,-0.7172865937463283,-0.7122779854424602,0.6228158471338474,0.5729055455255935,-0.6756906570673501,-1.4003266094861089,-2.4074505431115396,-0.5901913837145903,-0.014396193561766317,-0.4584049384758449,0.8045478598648648,0.17564583489745453,-0.4871473579642512,1.6033043604356167,0.890897331165388,0.2658536659903082,-0.5889808520889827,-0.022165553894321743,1.1687267481849508,-0.017484094469307532,-0.17135570914491516,-0.1744031466147125,0.47662489397298885,1.1446709420013208,1.04369443717902,0.23621846389250736,1.0376791723040193,-0.7008636351596473,-0.6903943056539561,0.03562630696090862,0.8728415158921284,-0.5593611261558611,0.133005586186316,0.18020958741643606,1.3183756480449789,-0.7801733630507313,-1.058780619139025,-0.02777534682126325,1.1462924713155762,0.34800157011752547,0.7769218446564607,-0.4582297743868147,0.19472382739369654,0.5436532370845939,2.8274627532496797,-0.42153873088424043,-1.4694671431556863,0.5772838955385994,0.8464664433576944,1.1296568352775316,-0.19053158712662682,0.4159681929924419,0.05551552974419208,0.9915249111441651,3.2816654190222367,-1.193454294913973,-0.739772974549801,0.9904865127206416,1.0145628656831294,-0.6703645896537954,-0.24030482814727633,-0.022491950451451276,0.41218668685876275,0.3325880705505142,-0.699923210209332,1,محمد
-0.01138456176086784,-0.09940202064643115,-0.07504763680062859,-0.08898487210397339,-0.12569065487578954,-0.1393743691985499,-0.21059996108787438,-0.051695939460915975,-0.11329462966209353,-0.026491489776848388,0.08073257624605873,0.0419797431240091,-0.01437162206801871,0.14136288942753442,0.13267166677386777,-0.15526568508729122,-0.21155323901393294,-0.04213520417604659,0.20443580389979266,0.013900650177888227,0.1311499206075211,-0.22072137415495227,-0.13480232707344614,0.004671370589229395,-0.31620557633161567,0.2281467503499833,-0.440674584451123,0.024596329203151697,-0.6326614274122749,-0.026466962739413662,0.1242072533978971,0.05591245587427863,0.1755799063101234,0.22876267926822497,0.013557060915882733,-0.2111793793341926,0.008108997661314532,0.025289511827966796,-0.2699763615417429,-0.14734740665924712,0.1337309770463028,0.06954026480262433,-0.04826417736569315,-0.08209014635783803,-0.06480383792601915,-0.11589293333549948,-0.30657194446841873,-0.26923419609244614,0.001015474620429119,-0.3680829693272346,-0.1312678554005755,0.20255790550082198,0.12713107437085697,0.17198713395215398,-0.16725691630898695,-0.011638345561908783,-0.086537949526044,-0.07197995386853734,0.14123910050544727,0.0703326071781357,-0.017104581549246215,0.3242633341263247,0.1091245253949033,0.02445984976655395,0.1720413539512743,0.14594346966370028,-0.032225650868638295,-0.19710877783318762,0.03216751389245798,-0.2646064521026556,0.19541879077407484,-0.02287240356838484,0.13316251401523516,0.20101462874698872,-0.13624048511476383,-0.14264332599794155,-0.02473533281517077,0.0739102090528162,0.17275962709826795,0.054850625839982674,-0.018469532543043485,-0.026225365417413677,-0.10967996503536788,0.10444949663672132,0.16511355951402706,-0.20499290312629181,0.018070680856617324,0.07216705816268579,0.06528979488055732,-0.0653718840484888,0.058088877608854686,0.02510682174209851,0.0738420428014787,-0.007288706603523831,0.07312033016178485,0.13880280117343574,0.3285317347420827,0.20397896833413018,0.011802635028449193,0.013619723868267186,0.18324808266205542,0.3145692003228463,0.0885646947151937,-0.04584424508933091,-0.1748407707520984,-0.23050025836954016,2.965345285072989,-1.0435037986338354,0.48376605448065263,1.1719917690250283,0.3439603993011178,1.549208827410102,0.00661499787910423,0.17068138930376933,-0.9285169436184351,0.37459032418544835,2.7207738920798605,1.5691012660478494,0.43672049401831753,0.3619086270884351,-0.7031555604328603,0.17164987260616899,-1.4281066681626227,-0.8133543130168519,-0.5634851947348637,-1.0839142552686971,-0.7283114891207202,-0.2943076166322558,-0.1502994382160083,-0.6127847038622173,1.2006974898141443,-0.6654068604194102,-0.5264568542297501,-0.22067653070153945,-1.3834549612466907,1.0890534584192917,0.41562147609883776,-0.1602262034023204,-1.2073575356142996,-1.0128737214782597,1.5630185008661852,0.36159890802422845,-0.977708034312876,-1.5442438517146995,-1.774443117150496,-0.9928832145639687,-1.0563466164566362,1.8563698762745118,0.8613980923983041,0.568567610965168,-0.40889438548107465,1.725148358979756,1.2719835128658554,0.9201993480543826,-0.8735173093707493,-0.2667414591982661,0.10521615554208087,-0.06147382258750362,-0.15578513424755516,-0.08344310179073265,-1.1004239237269775,0.48160732263016137,1.72738353734231,2.00201330512109,0.6122625308193095,-0.5794417132170052,-1.1714395816886578,0.6673637051979734,0.5644517411720635,-0.3856566142258957,0.24022633161929702,2.325424773530811,-0.08972281744730962,-0.48259153215498096,-0.4901952333890616,1.7781502443584107,0.798863278349458,0.74748351075085,0.916043906250623,0.8826212607300433,1.4102517980514557,0.42857068865193637,2.1121848064215625,0.31490300301496216,-0.8708201293777224,-0.18564732669904593,2.0678519626961607,-0.18054744906081957,-0.029405889155003084,1.2475846215041078,0.48636797299259477,0.6158128303807814,3.456799713916385,-1.0911961594883635,-0.7421777930325171,1.5249553123266182,0.42630660407952353,-0.7832423823311369,0.20434895291564925,1.710869929765041,0.2627052618476052,-0.2573760871584891,-0.6074311497906265,1,محمد
-0.11558921154287588,-0.11598379458478064,-0.0927212112221672,-0.14305024972089087,-0.15149831129271202,-0.14146385542990028,-0.33173775468184513,-0.0851065981762486,-0.027582310298904265,-0.029305283867289707,0.014016712488004329,0.027847680378299416,-0.08424469742217755,0.03415301584592013,0.08420203323764242,-0.12227897248637111,-0.17175097477816162,-0.10444041085659227,0.1700961885574541,0.08138623562997677,0.18671829094708484,-0.21998295849719451,-0.0737291380566029,0.05965577064985753,-0.22294415774828702,0.3081337316735534,-0.43171117772940465,-0.03321155463593846,-0.6719393640668516,-0.05967912076551182,0.03964608971656836,0.06688683086522353,0.06993390312285662,0.18087561097699695,0.030830460097881845,-0.22033856611136404,0.087253766369602,-0.01029333965831323,-0.19255169614500448,-0.25760927751391666,0.037081111439043045,-0.025377481483347137,-0.12595741502585575,-0.09216402220716446,-0.16758069362442074,-0.22191889767168135,-0.3224426388880964,-0.309573142960533,0.008663201440470234,-0.3491987803791236,-0.1337029505860811,0.09189901543617096,0.043285761048989756,0.037809341387527035,-0.10179344171861474,-0.13063139615951996,0.024105886872766158,-0.16124822486028637,0.17141402190547636,0.2077369884450051,-0.08594504184887729,0.2965988481805691,0.06990790068933453,0.0579609833068254,0.14878373552819946,0.17111011597280812,-0.03620940948414739,-0.1884408309850988,0.15591532306446437,-0.2851606503024055,0.086873467803719,-0.004522373696889828,0.06480973290743516,0.0840903042925889,-0.18145998876003297,-0.17466538631909875,0.06260304751720573,0.005884173794376226,0.12648498411041906,-0.030692116970570914,-0.13079471628406342,-0.1698246476892756,-0.0945309829211165,0.0981236513482572,0.11133304580835321,-0.26670982939993876,-0.09925227228110596,0.10835250394894662,-0.06561348444112576,-0.2224537749178544,0.00952836171425098,-0.036678729015092996,-0.045237398993591735,0.030527171984655734,-0.0007606621860368044,0.11805596796242561,0.21078042001589523,0.07137538553430102,-0.10102704013478296,-0.11114568047979632,0.14771116871921003,0.16082484720393497,0.08624640632958062,-0.09773878529307994,-0.1965985982721071,0.8785866022546623,1.7899410833059086,-0.4680822725585445,-0.1843041809995375,1.5404679594502657,0.03526385880051965,1.8025919147787335,0.6593144081322783,1.0175907468326302,-0.7179041414043839,0.0606010034751622,1.9879881301499172,1.2720327600513246,1.0800958573490176,0.8226245962652066,-1.2720797093886933,0.34172273189756486,-1.7345041519850186,-0.6148768576768975,0.5753891622031362,-1.0737077359240466,-0.4852029466572955,0.30188568973297997,-0.5983182548195493,-1.06458503686415,0.2931382390630929,-1.5781144205094553,-0.08867360109403037,0.31576658595290513,-0.31817520924668213,-0.08719909601336392,-0.1494189173399601,-0.48671070353540596,-1.1324138086562792,-1.2851292303897839,0.3351016156741003,-0.2885629726233637,-1.0426258946699132,-1.2502437580990937,-0.7585394001803825,-1.136369393084992,-1.440976327334325,-0.6429769409199197,0.18270415913195617,0.6323860575146014,-0.47838890152902475,1.2739454024189594,-0.5639315959321344,-0.10017476652505647,-0.7847239010128216,-0.5968207301915872,-0.5070085115665864,0.30550750473042027,-0.12708785105123277,-0.6031856806698397,-1.698775741457612,0.6550104964679477,0.9751706108891175,-0.41882325843997836,0.05736135436762848,-0.17938836935103591,-1.7647386974569492,-0.6171276837769027,0.7681163736944526,-0.701206753909905,0.4779969314053651,-0.03793875501817044,-0.6570938752568394,0.2286788751652067,-0.5713102638335216,-0.3423176153590091,-0.3419540433891834,1.393504187210393,1.5906420049827794,-0.7072520762331803,0.21740124089785431,0.873002579078656,2.8439697837862137,-1.1529356653041976,-1.5029029416803223,0.11578804781426472,1.9069188957117977,-0.7861702200016595,-0.876732202431778,1.1468846251091598,0.6603764480806102,-0.2074364595025719,2.0023378823800893,-1.4980678923010025,-0.6643720784206276,0.2960167848993753,0.5663687282513065,-1.019069594900428,0.0859677849403189,-0.6764674779559008,-0.6055486788194248,-0.40703639648049034,-0.5972701278720617,1,محمد
-0.13151403104470696,-0.028876165189936055,-0.15037519746884753,-0.15121350000027942,-0.16955716932108034,-0.17543333913257347,-0.2823269812791027,-0.050261238360848774,-0.10941334400362948,-0.06696643549180789,0.03342312542149677,-0.00905723478330855,-0.09996303758732832,-0.0029682702710261736,-0.026361132897751084,-0.07688676999066987,-0.15238653020678783,-0.06500599908028559,0.2438683894776138,-0.01820607843786398,0.14344723731649694,-0.1128074435548884,-0.10105661100830458,0.10048481202919726,-0.17648442785981286,0.32137619578392196,-0.4234530456442326,-0.06039669269539564,-0.6968157893665143,-0.0714941551569209,0.025250937532548662,0.03353208052580179,0.08953543386189076,0.12177950403024614,0.07307058846691128,-0.32199695698480063,0.08915458397752221,0.00919574482566372,-0.11159710694489565,-0.3209350638631546,-0.0011364585582448886,-0.07317941477681025,-0.15376044723121443,-0.07737382878612187,-0.13605629036153616,-0.2276230504926009,-0.2590858767902046,-0.3215917323311348,0.05529833171941225,-0.28584200049282515,-0.08808748973476606,0.10168805643941121,0.034021789043913876,0.0780094226467313,-0.07476995226582434,-0.17833404852894777,0.04213082786739587,-0.03859339506207382,0.08860932859726241,0.28959698748997814,-0.12597294571875817,0.3034791104653083,0.06676816272024821,0.07649668657754717,0.1757073293365434,0.2535024446435014,-0.07392870790459904,-0.13408311505920284,0.13527726447399407,-0.2264117684674481,0.18519987795261775,-0.03267122575221754,0.16354508744120633,0.08700889831582084,-0.15891410470903214,-0.050356319884650856,0.06668407987955247,-0.10881368743555096,0.17686490728288173,-0.05008653588291524,-0.1943822754325751,-0.1393027404947514,-0.09560293327963748,0.05519722290464369,0.009507165237429773,-0.3464610425700405,-0.13687005743207944,0.0811360149943103,-0.14305222785267638,-0.26659699958466165,-0.012321049898666713,0.01762963167452171,-0.11806229132950267,-0.0501444779931875,-0.02209361168170699,0.012358860763241306,0.2425669699934849,0.03774674551074699,-0.17055337294652517,-0.059950818467329046,0.0942940468861206,0.16489939904789339,0.08765826957816454,-0.1373055686046796,-0.25034812920524735,1.1808566931903084,0.7556279128400928,-1.2412390391577883,-0.14585057485930808,1.6882076347173556,0.014043006985281402,2.403977248129126,0.7587163418937691,0.9948058580521886,-0.8217123878354178,-0.22398009379702202,1.5872851547512248,1.0832511346181422,0.7926917900406452,0.21396834301320433,-1.1623470324359995,-0.4617045527802893,-1.8936616757769342,-0.8397054722614128,0.11004279090433924,-1.6235707330192726,-0.9629698104418547,-0.24973751783023018,0.07581467589911672,-0.840146293089398,-0.05863800890993729,-1.6443628384513886,-0.45744600649054196,-0.16036200570563186,0.24164138210360314,0.7447333524927006,0.04155742328491799,0.22102882359739368,-0.12741233777667177,-0.8706397749703113,1.0173558088050223,0.2677155298667288,-0.6518052729670734,0.29246426992387237,-0.8983989069152885,-0.915680221461452,-1.2262386692030076,-0.6319904223664561,0.2080246461962441,0.8939837968627224,-0.7399378151617504,1.7933389964876465,-0.7892933025503265,-0.2861693327326257,-0.6366022098687995,-1.5456642021957117,-0.5084544823415712,0.8371314566244105,-0.04765178414140612,-0.3849053225666273,-2.057917942474817,0.13315479010388503,0.7608765480860321,-0.5078264459600238,-0.5135142736106919,0.21482531517862943,-1.2623043781210712,-0.6261639135137633,0.007005576136528757,-0.8363145879126829,1.3019260282404426,0.9596467582051523,-0.7583250135209727,-0.3592049981049044,-0.8100006174091433,-0.43880780005712977,-0.3641433752499349,0.4803119006244582,0.549793492170003,-0.6749043978889047,0.7953201719493216,-0.31739318565457836,2.394317893211339,-1.193889532226944,-0.9278371573786198,-0.029942528647777425,2.1123064757351218,-0.8103331019287716,-1.3668553789950195,0.6341133733664626,-0.18900792357996357,-0.4377061750615734,2.3076291221078953,-0.03676457970656157,-0.9093309377035417,1.19920816264117,-0.8121388924476969,-0.4911654258012481,0.39571692853308094,-0.5374211120407112,-0.8878307878975511,-0.43141752351711754,-0.41756488100941613,1,محمد
0.03472622312787183,0.09497868577132697,-0.1577001284387066,-0.38949364304396095,-0.15267617430892383,-0.013828785110702738,-0.14295117978145688,-0.09884443534853984,-0.20715992097857744,-0.10267331071171223,-0.03648248959880235,-0.03909599412621429,-0.029997434397387283,0.044963417189569435,-0.041050634055582326,0.015406030634509337,-0.3388245712795944,-0.08818810322147953,0.21676799580393505,0.06448074966362476,0.1327079550054409,-0.17375024305157932,-0.061263411944488505,-0.03776290097526274,-0.12480505575148326,0.16720384729489765,-0.24828683644400312,-0.03240970166530414,-0.6057104382683394,-0.020823381935366248,-0.08584100329474251,0.008648173594104037,0.046848600328716246,0.08324961956579051,0.09354599689362847,-0.28722666450375384,0.018578339129760296,0.1037866669380636,-0.0687197594823517,-0.14620913479630837,0.09832474361950881,-0.1971291061959875,-0.2213431233994101,0.023296183332887348,-0.06187610371516056,-0.16545531586345638,-0.09950024641820049,-0.24636801864488073,0.02865135900503708,-0.30494986175197625,-0.10383623465399366,0.1963157775151212,0.02366522126071955,0.12658601743478692,-0.05289635972704819,-0.16630702489657123,-0.024631406926037658,0.08775063961592422,0.0971636534731892,0.28637245753293455,-0.11129658253016503,0.3598919898603941,0.05406289394307177,0.07378438015265981,0.18966071812980675,0.21347643799280788,-0.07313529016433835,-0.08927182568731323,0.19257919079481225,-0.18183263493811552,0.21028632740306932,-0.05288314763595507,0.11266958520713884,-0.01164671202897682,-0.196574118598398,0.04719721522278917,-0.029244271516755568,-0.15451877619181256,0.22838325578061355,0.004480772618475578,-0.1770529856004997,-0.10096825987356925,0.019043304545834472,0.04793127000540636,0.030830162916530568,-0.3130076643421308,-0.026509235302308407,0.09031440083999484,-0.14748810652079483,-0.3219481245833177,0.054907245058755556,0.10818188273274106,-0.02897052855013536,-0.046633957247798195,-0.07786042720109704,0.03219101560037961,0.28933520955289793,-0.004268803195596616,-0.19094371470082788,-0.08685019051521649,0.23514697635115686,0.16947695997878712,0.03520747656132883,-0.13612593056701905,-0.27443164020873084,0.146222806047555,-0.2201231422636544,-1.4960653188217734,-0.6777491987756996,-0.04420269627233796,-0.5632394092992542,0.869104119991047,0.3297478040463602,0.23680942106193636,-1.1078791847004552,-0.6959709905346163,-0.612107671150088,0.4566501586267315,-0.4678128278139674,-0.15379146278302955,-1.0122891110427017,0.0510466191439125,-1.6665118413497386,-0.5232224091246228,1.2188399054715076,-0.8173399147103563,-0.5971660258369179,0.3454476683336039,-0.43846842514306084,-1.1141024158603674,0.709777442013514,-1.4066682473989078,-0.4794158209850448,0.13280042429079833,-0.29014416416099204,0.2757490182895694,-0.5575395328744681,0.2913463238208092,-0.825185613425721,-1.2772486847641815,0.24832812064796145,-0.5897153200339176,-0.6050559697693464,0.6068962565953867,0.6859170660264641,-0.33358047531127816,-1.3407848002711922,2.008464685234611,1.5334720397868127,0.8865256959257896,-0.7264816280934394,-0.5601454851037746,0.2801770351568516,0.2595641519979625,-0.8616392245591497,-0.865685409711856,0.01779180603697667,1.8598476319369248,0.501295858241593,0.05491614639658314,-1.7204946703511064,0.047294998213096004,0.26889726194675995,2.1707242013006876,-0.5090586977141571,0.2065821016698351,-1.4423936453693265,-0.24093927483645516,-0.12572144721544634,-0.43075058234510405,1.3518287667356912,1.5219112991805939,-0.7966196589238863,-0.21861982674941804,-1.0009060491081054,0.04478554659072256,0.04212124435432524,0.4697316533145903,0.2693662727411271,0.42756902745411773,1.3822367423445387,0.8009317104654602,2.5464286807363608,-0.31918688000766426,-0.4613006626390938,0.8882920718812762,1.7474161168750828,0.10934036687083767,-0.8383190796018085,0.8736995667583933,-0.23735919183814141,-0.08741002825316563,2.015536883401576,-0.19735020775168638,-0.7356605002789333,-0.17836456364085312,-1.040401928190237,-0.5513017729206454,1.0218297404600398,1.7881906290652834,-0.5362980059217726,-0.6155088572895829,-0.4230700597082654,1,محمد
0.06333168169196168,0.14615813554507204,-0.267348460400972,-0.48110326461013625,-0.05083492363572065,0.005866212583246814,-0.1160867722249815,-0.007784744741512416,-0.18774239980166135,-0.08221447636456004,-0.05430187330839236,-0.02070929872987361,0.022625028163115044,0.05186965962569113,-0.05666376891534386,0.06053006148394216,-0.33553583072785287,-0.07048060800505596,0.18198715598579163,0.004259167596705263,-0.04040608782769092,-0.30696972372055975,-0.06982356985634697,-0.06642551487886526,-0.04192336970830025,0.14812636862516337,-0.1598746856595089,0.07672624589831256,-0.5527853943316001,-0.006733979751273362,-0.008806250259610451,0.0506339856189594,-0.019966325897887712,0.0427773519511535,-0.0065048372137654865,-0.17451583622384095,-0.03361256797556916,0.14680134126286262,-0.08932750946968834,-0.16578129568768166,0.16170645197642494,-0.205381201210396,-0.24135979998031176,-0.07275408463453983,-0.19609070703118053,-0.1221689626346661,-0.10173396075936143,-0.24718178935470198,0.023336151508996768,-0.3265845544176063,-0.09987250933121168,0.17200602672240672,-0.003122119709013052,-0.04573519291425719,-0.06360668020628271,-0.1570669659324549,-0.07793011455355887,0.14786440042991852,0.028562062519475004,0.2830745094271769,-0.12255819681380582,0.3612825263653922,0.05474149718801052,-0.0016202051576538596,0.12183133202178995,0.22155050312249064,-0.015459051778065518,-0.03648746197033586,0.29532651769622703,-0.19659945066918205,0.21089476265861604,-0.11425647928042729,0.0599311717000024,-0.0016785615496686885,-0.17310619624084048,0.060255971070353576,0.010939618507974497,0.007910585175407638,0.2792181722124514,-0.002609270591458201,-0.20217317581563507,-0.16189976191601196,0.05519698795321546,0.0807221242306361,0.002723021705650602,-0.25639497792929977,-0.08644096530936285,0.18708458539342804,-0.13299807775118597,-0.2731913239930085,0.03718930032283535,0.01713320254383167,0.008773747673354072,-0.0974224313022162,-0.006104643893339957,0.008113888920462437,0.2867103841543608,0.024369647709447058,-0.11746808270494001,-0.070519349324385,0.20869394984641323,0.07462342124352718,0.08151857311415239,-0.18954206127474807,-0.4196067087182734,1.4965677387402847,-0.42375316940076274,-1.4922157591549714,1.1202567655013826,0.38121654779683556,-0.35430011377369364,1.520217868585103,0.9632971260464855,0.9957244684033273,-0.6422711583423018,-0.7180914285499833,-0.5960292618301593,0.35513556561302495,0.36135642195332207,1.7487041701266681,-0.1550148506353054,-0.4703684891127599,-1.8820674890181823,-0.6892519429657257,-0.004189404903900733,0.3813296151334279,0.024768154485107545,1.323807537042657,0.5645966662447328,-1.0174427167110864,-1.0230363453188347,-1.7312249176124763,0.6041195487683129,0.4436909487123635,-0.09575416209461611,0.4670957266952603,0.18697086173301297,0.3910576336843876,-0.6903870865581719,-1.2046290825614951,-0.5237058222551496,-0.4170475005445989,-0.17365625124719566,1.1148534547870659,1.3284166189365725,-0.6070462782383351,-1.0389921862309415,-0.1710172772763592,0.7849093961888427,0.8722103914277729,-0.5483606707636938,1.0474676173279414,0.13664257649512881,0.9524318375842274,-0.9724847126680968,-1.457221820150104,1.5806426060415135,0.670200217982929,0.2088770840256385,0.49609916418667677,-1.3911723098748678,-0.01049966113735589,0.07680849321755223,-1.1450693717915614,0.01380560780195551,-0.46881548522855815,-1.0518318675703766,-0.9724874512651142,0.5930807452162549,-0.7376500186919484,1.5131664069620794,-0.3096637373026619,-0.39720917507812004,-0.72745639978072,-1.2116950559821986,-0.4053343693475577,0.372430684975485,1.6985611577701272,0.39115636956684774,-0.1686286997034282,1.174612617184058,0.8157109419226104,1.7856696077819707,-0.6795961140082021,0.0866225560558304,0.18176132668045944,1.131181837968893,-0.3312643385575771,0.07615410819439364,0.40978852637135965,-0.117181543964715,-0.24842807394464722,1.67439423834324,-0.347328666256098,-0.6308148167987568,-0.14265985231982747,-0.906223129801455,-0.6719442185903636,0.7050658866469282,-1.3070109747386973,-0.746091461647747,-0.6916597235027506,-0.6874928087543504,1,محمد
-0.010023664221661144,0.06415200275206953,-0.25295693893862325,-0.5542403253773127,-0.12473178543485781,-0.022279787258880523,-0.17764144847274185,-0.07675316278865599,-0.1950388560241561,-0.05746379301615821,0.0006833873926017911,0.06125149259250346,0.09894026242974781,0.005491901036204868,-0.11400186793600058,0.06013585371499635,-0.3518594006191787,-0.0766741178238812,0.19061396442909692,-0.01680151805306214,-0.22957614602953555,-0.25165575050695876,0.04026859408638773,-0.04294547158398866,0.05275320176114681,0.15533523850514727,-0.06645499191466989,0.03660244369629832,-0.5796490233231766,0.07395612848289135,0.003392877566695847,0.04966068529088549,0.13826767028886375,-0.014503576157151752,0.00940150240892172,-0.17213427023227204,-0.17446908672684672,0.16304841538332532,-0.09616853781674604,-0.15663046924535387,0.11974437198167825,-0.2647420907169692,-0.23666049522983776,-0.07286538913182149,-0.207093865181046,-0.1101436419816377,-0.007414618733632691,-0.30454172307754585,0.18197552759144145,-0.272452257288329,-0.1544923874605437,0.1488169530067496,-0.027231031555224237,-0.22458230970669227,-0.05247055557218002,-0.10637497982135771,0.02043547686323514,0.16346646255079467,0.0003648697043721193,0.21093491610320733,-0.2036235891581759,0.2859779659296001,0.1105145330288488,0.012997928657618492,0.12998595791181844,0.12087475811494504,0.0040341225342270855,-0.10005192307163542,0.25080112700018253,-0.09733731339550566,0.040409992551075746,-0.11463786968174602,-0.024386192968181168,0.0687446888435276,-0.18437172275236097,0.062307055639551655,0.009821513054352415,-0.0933552753550747,0.32154473261590344,0.06086266423938625,-0.21924170643963253,-0.10221634663077579,-0.0017487584512897848,0.023479488774013763,-0.009074758938028428,-0.27649122974692153,-0.028905997166487205,0.13540135942840678,-0.08642737737262966,-0.2218951337572811,0.031045726226296574,-0.10089904196134081,0.08359327189674409,-0.17905059305265886,-0.0664073711431557,0.010778930493072112,0.20364497240712207,0.026408829542840052,-0.08301789268018521,-0.06340208723595993,0.2349636535398287,0.003847046469701734,-0.0182717929655566,-0.12033789406545012,-0.3816636207523422,0.8112330880780613,-0.32598367411815315,-1.24330906390163,1.2855400866414466,-0.50181516611062,-0.45237115573496395,0.19533602851490897,0.6621972124026532,0.7705264485809479,-0.783489682129039,-0.6859014248399152,-1.2358676765711039,-0.13634307564506196,-0.35143061016283056,-0.26549600103158666,-0.14890088794562384,0.031164636475819338,-1.8339965760303278,-0.7721358634423093,-0.023797520264413285,-0.3854418890319942,-0.3338577108355172,0.3498482440862986,-0.8070947344717411,-0.4466280361205969,0.2623392082799738,-1.3973906914015861,-1.1989868224021372,-0.7448275532695292,-0.1416253783364021,0.12230245780587377,-0.8601743055513906,0.887726534848244,-0.7597804102211946,-1.3738933592540314,0.6793192425714177,0.3317913760416028,-0.023125146307781744,0.8113658347106691,0.4352973720388996,0.9966660491502315,-1.377309436033819,-0.5214210503031546,0.6413420146345689,0.9520337077804931,-0.8288063044223872,-1.2684513176277372,-0.02594168804254803,0.15846864139027175,-0.6215614433839424,-1.351504942965309,0.3169042623807545,1.1543871249171955,-0.6203787470834284,-0.10251527510123098,-1.5181352141827573,-0.13355026273096504,-0.13068114407636303,-0.7411776104862265,-0.7246119518203292,-0.3840033347812162,-0.9283145865598824,-0.5342568624217683,-0.8616438306817608,-1.4264785102976236,1.555848014825997,-0.25298220527811727,-1.0185486465985227,-0.34333300459192123,-0.6002191553568288,-0.2964374111367345,0.5304944795558812,1.0891158699184211,-0.37296524672633413,-0.13425029968046512,1.6637425745960195,0.6084580317049464,0.8162077728531141,-1.3122943275554027,-0.46597517844771735,-0.13733500005993746,1.3114581043799884,-0.9520209915884543,-0.9519546573479751,0.3529767783317529,-0.01626571290343367,-0.63236701004326,0.44278874653809047,-0.5246055218323409,-0.44829253576301203,-0.257770145952303,-1.0484314332926585,-0.865217575168776,-0.21944620286794603,-1.2527247522528704,-0.6775345574831265,-0.5485250047286786,-0.5248753253690313,1,محمد
0.004358605886733298,0.08447443357623263,-0.29499569139266424,-0.4800912510898868,-0.19332344086175948,-0.0016075104889967887,-0.0894969594353866,-0.1496920379716018,-0.2056960629850534,-0.09953040283310875,-0.046738179894011175,0.04904721543927366,0.12863546725111843,0.006430313339080261,-0.1520782423469578,-0.08651839333134798,-0.4553434462079567,-0.07929845914561992,0.15749534800983214,-0.06830768411287273,-0.36825524174243246,-0.328800707446532,-0.0917173702385144,-0.027481678766859058,0.05418312454045576,0.1862152248322602,-0.12026577733835742,0.07784308635494337,-0.5381769258027894,-0.016744461719146644,-0.030512161264897506,-0.030381382327846734,0.026691127042562574,-0.17279316635758826,-0.0930743782033934,-0.08616780714321826,0.0034764345799899164,0.16236894830322687,-0.06711979785089033,-0.12740856628095643,0.06151502039078011,-0.2940016988541718,-0.33443115866587125,-0.0948035708662931,-0.17409805863135316,-0.09528705355982414,0.03685013354377464,-0.3049752608435868,0.1397532102948109,-0.25160230623977553,-0.17435499885860437,0.19189821951599134,-0.052544361201569606,-0.20064130075347014,-0.011431243905615904,-0.14598023008703295,-0.00951017243663674,0.18799607874752758,0.09470617439864494,0.13283177672996357,-0.24729289497820936,0.28529758239726316,0.1991558209410554,0.18076533648197368,0.14480270209121573,0.17591120492087606,0.060439730025352086,-0.05887948227554774,0.2571900860756285,-0.11199076597128442,-0.031803596916998814,-0.1779956652439981,-0.1504371160001556,0.0396144313756489,-0.27846548909237123,0.062297569853784374,-0.06552698326023504,-0.12104750549785136,0.26893864541980234,-0.00022948183060335074,-0.14998283746873695,-0.004814693317147085,0.05640775488016502,-0.02927617482105032,-0.05159144498505478,-0.2956611248952179,0.028898652053057142,0.101708231860723,-0.006827261022426974,-0.30902153789097886,0.025752054195341895,-0.12084971227813757,0.11109491449538265,-0.15506769540272117,-0.06052582742515375,-0.002780809960734209,0.27506048064318483,0.08437923629059868,-0.05679133908274192,-0.02539564302256816,0.17111736379168857,0.10052084069942564,-0.10184787201941582,-0.09473976154226683,-0.39906350561214693,-0.20339989416608906,0.18319670601924515,-1.0328049915631354,0.9303581748995421,-1.03733980644008,-0.45376802367430374,-0.6426566674444327,0.3266459160668697,0.5250562174249273,-0.9735262811129353,-0.8193162527311322,-0.6573329344496304,-0.4007053202298232,-1.1664262235284633,0.24687434588432722,0.47379887413884,-0.45746323378518017,-1.7270463905040476,-0.7841330906090873,-0.6558395165639668,0.2545621399129342,-0.19278542182495725,0.4773237113465058,-0.36969717305643574,-0.9205281009618573,-0.5008069648277105,-1.5389192500627498,-1.0336834770558594,-0.6858382585668765,-0.15692627512404753,1.1393002733846465,-0.8392141600876258,0.5061627596074475,-1.0520363598397153,-0.426773105986483,0.3404101692650845,-0.20582794297688903,0.07029104119995977,1.035924656875055,1.198167765052053,0.37694619320676254,-0.7162296389700122,2.111844992960703,1.1912785062102274,-0.2867884733641381,-0.6892441687639725,-1.037810876078695,1.258624028521459,0.17824291569574477,-0.030229923026020764,0.18195949708133005,-0.011397167571603955,0.11612469318886941,-0.7258159301305117,0.79418213286103,-1.8296773410964737,0.641123540125345,-0.24751799035310337,0.11290712481488431,-0.3136048668193659,-0.871173143064696,-1.0176677698077992,0.04160768455560055,-1.0162898630123687,-1.511165737116644,0.5962464640799878,1.779989285779251,-0.17850560656826817,-0.4925477511247615,-0.23340976915306816,1.0217353309608368,0.6054497970106151,0.2929978349014777,-0.18951843730030893,1.142111003838883,1.1642111770944132,0.5342235701244525,0.5871851298106548,-0.5962200368911267,-0.6701921782237604,0.10311490008500297,1.5766953689582104,-0.8574238919626731,-0.46574225324367596,0.3207475077680909,-0.3912485314583526,0.827586249802346,1.9214004734950176,-0.8090423938758278,-1.0494295193401695,0.24064832888541293,-1.3706468067057451,-1.0133298270597824,0.05236816133147764,0.9679159425610224,-0.33745193605085005,-0.9461022696626156,-0.2957891900358372,1,محمد
