feat_0,feat_1,feat_2,feat_3,feat_4,feat_5,feat_6,feat_7,feat_8,feat_9,feat_10,feat_11,feat_12,feat_13,feat_14,feat_15,feat_16,feat_17,feat_18,feat_19,feat_20,feat_21,feat_22,feat_23,feat_24,feat_25,feat_26,feat_27,feat_28,feat_29,feat_30,feat_31,feat_32,feat_33,feat_34,feat_35,feat_36,feat_37,feat_38,feat_39,feat_40,feat_41,feat_42,feat_43,feat_44,feat_45,feat_46,feat_47,feat_48,feat_49,feat_50,feat_51,feat_52,feat_53,feat_54,feat_55,feat_56,feat_57,feat_58,feat_59,feat_60,feat_61,feat_62,feat_63,feat_64,feat_65,feat_66,feat_67,feat_68,feat_69,feat_70,feat_71,feat_72,feat_73,feat_74,feat_75,feat_76,feat_77,feat_78,feat_79,feat_80,feat_81,feat_82,feat_83,feat_84,feat_85,feat_86,feat_87,feat_88,feat_89,feat_90,feat_91,feat_92,feat_93,feat_94,feat_95,feat_96,feat_97,feat_98,feat_99,feat_100,feat_101,feat_102,feat_103,feat_104,feat_105,feat_106,feat_107,feat_108,feat_109,feat_110,feat_111,feat_112,feat_113,feat_114,feat_115,feat_116,feat_117,feat_118,feat_119,feat_120,feat_121,feat_122,feat_123,feat_124,feat_125,feat_126,feat_127,feat_128,feat_129,feat_130,feat_131,feat_132,feat_133,feat_134,feat_135,feat_136,feat_137,feat_138,feat_139,feat_140,feat_141,feat_142,feat_143,feat_144,feat_145,feat_146,feat_147,feat_148,feat_149,feat_150,feat_151,feat_152,feat_153,feat_154,feat_155,feat_156,feat_157,feat_158,feat_159,feat_160,feat_161,feat_162,feat_163,feat_164,feat_165,feat_166,feat_167,feat_168,feat_169,feat_170,feat_171,feat_172,feat_173,feat_174,feat_175,feat_176,feat_177,feat_178,feat_179,feat_180,feat_181,feat_182,feat_183,feat_184,feat_185,feat_186,feat_187,feat_188,feat_189,feat_190,feat_191,feat_192,feat_193,feat_194,feat_195,feat_196,feat_197,feat_198,feat_199,feat_200,feat_201,feat_202,label,subject_id
0.17071475494212868,0.4001834866823895,0.05261520000365558,-0.05078989175983865,0.29661196829149317,0.8016712590025571,-0.12135733751910828,1.0285907406642179,1.0227912661529397,0.766717089664266,-0.19137886620761183,-0.0841541438814982,0.01416821241878563,-0.17613358602012835,-0.01468189086522149,0.09554073131290207,0.020670211864682746,-0.0825175508832751,0.6420857307494001,0.26162062018575594,0.9351937944038795,0.4407299839249775,0.2345507687101702,0.07329302192862697,-0.08794526007757783,0.022572481371007386,-0.12295857307497539,0.018226231170027512,-0.1283616172371792,0.17366798204245423,0.42156832903487884,0.23757844693126862,0.5114267827079695,0.47948103761888755,0.20476286573304137,0.020325380532024977,-0.1772282509468658,0.020833264410899884,-0.1835845068002349,0.40412285257369684,0.02626344427221538,0.7736449915662017,0.00571761924343035,0.8417861857515229,0.3792161757499957,0.37440531376302666,0.180912657420953,0.03295386495938289,-0.04100910677996092,-0.09491922252986389,-0.3295119466735875,0.2761338553894489,0.2318668672674808,1.0054791381446462,0.2834524270664942,0.3854613165474453,0.3495617583159928,0.2536441460756119,0.07940026401541458,-0.1268499850523348,-0.17556872135990334,-0.1941356571262097,1.2409232252674582,1.1018876184593998,0.624541080311723,0.47558267125134,0.4172471189897178,0.03155097711666353,0.42377702823212615,-0.06856516247086014,0.016132075398812246,0.6118380225688386,0.3605139931021857,0.3724096653782112,0.2793284428085835,0.019172754553936917,0.41249547844776324,-0.1774924754555335,0.6520603990005677,1.0350806942598865,0.08172647752929464,0.10883925108865043,0.2914160125987625,0.37087075563594907,-0.2538260928678837,0.417709638588956,0.08297531722163277,0.2910075439109148,0.15463135437157793,-0.008973631113373145,0.25021721204864505,-0.17165797685912812,0.0516023107044588,-0.16626717257524992,-0.15380518779435737,0.019407100171535237,-0.21854264617291783,-0.12117982535962218,0.17538877321016097,-0.18760456004562379,-0.07646714516687499,0.07669661815238722,-0.14979212892682417,0.06867177758153632,-0.0003502730209756535,0.4034487755107661,0.1458705076280486,0.07141189219327575,-0.8909634583008139,0.9980544842383767,1.560419240866143,-0.02320938779255685,-0.08404169751885636,0.18474198460548305,0.3271603764455874,1.7744296511635018,0.5696403422237171,-0.054198543308768256,1.3521949120420833,-1.0310501191123975,-1.1438206939290565,-0.840658653781742,-1.1271072758755203,-1.6267204814027858,-1.0590635808049136,-0.9451364790993947,-1.0555268156006614,-1.1150458906748102,-0.9994273998553794,-1.120298201824491,-1.284543602820611,-0.83625769484662,-1.0052251991348577,-1.4862146554082325,-1.7646337328176505,-1.730426979932978,0.18247494312460505,-2.07876277464831,-2.277862059671103,-1.9110426309812667,-1.9644176595028746,-1.8352295169714425,-1.72615918526937,-1.7888639216522622,-1.0216215562006323,-0.5524822572055879,-0.5299604064653074,3.723177574230157,-1.0730634629908768,-1.028947118550438,0.61963533192772,2.642172124197487,-0.9711875876044218,-0.8877957332385285,-0.37917748154231057,-0.6558691361704263,-1.5487782635129927,-2.082758238445647,0.3029956192068415,-0.5966197174500548,-0.9803814942099227,1.403614061757181,0.5316824363101476,2.966216342046378,-1.7158355735693944,-2.354714385721962,0.21156977256690754,1.9653768134169531,-1.1317903904295301,-2.195108430925909,-1.175892367922251,-0.9423877378865831,-1.5319198919131642,-2.105645528748649,0.7142034081266126,2.208624531676312,-1.1068292810975788,-1.7700060587499373,-0.37470257812417673,2.6912356217704434,-1.2488300345870178,-1.3780592727600465,0.0022529200095391,2.2198643281279224,-1.227488673028597,-0.9491869312646014,1.5185367743795366,3.1220233705221534,-1.1091367123779772,-1.183975810977466,0.11936344799015088,2.5092425452403067,-1.1385297775893146,-1.432749285149299,0.06836305845788804,2.3642161071534478,-1.0135988839958934,-0.6925467635831917,0.466545038002403,2.5270305811100546,-1.027628757262015,-0.5264792597326183,0.2879486237427454,0,aya
0.07342299177716138,0.05121289532046751,-0.08722685374328946,-0.44367416467935133,0.05928561674595205,0.31686395724474553,-0.17084995377788342,0.5444113969714572,0.6557928304027506,0.3936161472635791,-0.29409505854568857,-0.22748424049523497,-0.21228350178834976,-0.30287634872805913,-0.11215860566793044,-0.105807947689026,-0.39407719984151823,-0.24557876222800853,0.23891234291215474,0.144762757848673,0.5849082624827308,0.18498580268069878,-0.05253187934033699,-0.060074471830813464,-0.14491344340221227,-0.1394522838019276,-0.30875628128329563,-0.08287413147935914,-0.39486273715657777,0.016739178163498545,0.16681655378598245,0.030711861321702498,0.21345280424614596,0.33149123149478044,0.06183092139876097,-0.19748855795627274,-0.2777870371133478,-0.14984145903059312,-0.32017482839668504,-0.07763421189111597,-0.17320747234378298,0.0750441841524832,-0.23013029165918225,0.2325170251155112,0.09183675188668501,-0.02695308245387017,-0.2468448470056666,-0.3279182891675093,-0.40990350289166216,-0.463839455117217,-0.22767288803144872,0.009559173736619077,0.1455771994920048,0.7115987949204586,0.09557899527889742,0.07465842880845433,0.23209931022658806,0.24066634258270564,-0.09266360348144287,-0.20175364556282405,-0.6429521834919253,-0.34136586492314885,0.5057288581808242,0.7692384916954947,0.23695660435680668,0.04326244914827509,0.14719541855035254,-0.24644481800583565,0.11927908384696721,-0.17237000138064046,-0.09708178278817463,0.4082856335215892,0.21781102362448643,0.20224035428743564,0.17406985061917335,-0.1294068268341194,0.1830852928917836,-0.6734754586078359,0.1876205649716566,0.5259771189609103,-0.16291776070657696,-0.04506758810483979,0.08539046279593318,0.0996379567485371,-0.34474351840443873,0.09414392929817553,-0.12644118174776067,0.12240058363370798,0.08890493757245659,-0.21506518845749098,0.07964795075518506,-0.2621155283542147,-0.048083322734583524,-0.33017999554920185,-0.2314304124852115,-0.0414605597054693,-0.29874576468099656,-0.383614508926073,-0.10050452786106086,-0.14927582889348087,-0.27066675001289353,-0.010620885215669944,-0.20538181265090777,-0.21723870594729,-0.10976116432928631,-0.5020830122036619,-0.4861381397032411,0.30674674630676707,-1.0271494866969477,-0.9247404162063588,-0.33750892230333296,0.2509658460787257,-0.08129186334206193,-0.15070935127442237,-0.6571201028903574,-1.1944747306094496,-0.9598651943357829,-0.954696029901991,-0.13409660998847192,-0.9959011507009553,-1.1386021150325851,-1.0063164632269737,-1.1324303277629821,-1.6554598956625504,-1.0582777694128371,-1.0550911638005647,-1.0621064785249814,-1.1753426448436024,-1.2087002507370992,-1.1175976849038778,-1.2059776231124457,-0.7296646731200567,-0.8828899533793966,-1.6416927050822547,-1.3241968186767135,-2.2865527719663556,0.20565806400115133,-2.065135122680964,-2.3137256213809816,-2.00409551649716,-1.930761322930213,-1.5696999799690725,-1.134045356316687,-1.764161795586774,-1.5341997421937106,-0.7427492907391919,-0.6683068630837173,1.9370835491181715,-1.270186923271913,-1.474867581469917,0.2667788680290394,1.5869009589472183,-1.5364316205170103,-1.1965045615024221,-1.0357776410083313,-0.9124110044750665,-1.6210735083951302,-1.889975732350815,0.522488965911368,-1.298462400363461,-1.2593935151456164,1.097976721809568,0.6421887557052529,2.2675953239230133,-2.0506159647224997,-2.27600795590551,-0.6671505907744621,0.9235988744840083,-1.5330535128580332,-1.8578766747104247,-1.7149747716026866,-0.978581471261977,-1.556265007561235,-1.6103539488187437,0.496585601856643,0.7037981037581709,-1.423152839103533,-1.8721185030588945,-0.9212185907953541,2.418473428790833,-1.6159877967083767,-1.4149084576437156,-0.4569198571035144,1.169553359520917,-1.936683093832229,-0.08930989138724812,1.1759198283107632,3.2901580465277807,-1.806206213962029,-0.9189581721463975,0.045349674346544785,3.1643349541572463,-1.5639504017245534,-1.4679692910093465,0.1522560857987485,2.02036275450366,-1.5890146352949264,-0.3505363876095547,0.21453073879391213,3.511346370927802,-1.558343025337879,-0.8387184031366616,0.045777609507163954,0,aya
-0.22825388530184743,-0.1754390801380569,-0.1781627312762344,-0.8400082380315653,-0.22082933166271726,-0.04498602653784073,-0.15013824901714892,0.17359247854243223,0.3525901847671351,-0.016438413534858552,-0.28387887602643896,-0.2448507291213942,-0.36816361213223436,-0.3184457124090471,-0.19025406291083127,-0.24429179979390658,-0.6967943844974698,-0.37765545873771933,0.05745564617560937,0.06441342216702106,0.3532943343797408,0.035639294602344995,-0.2734234359654817,-0.1803936188553666,-0.06992140606260226,-0.2268856192287248,-0.412913734571713,-0.08575893745263452,-0.4917395109353394,-0.025719856888261977,0.1516078153987163,0.04220060969214047,0.1855398227452156,0.2524951797006,0.04524429916321522,-0.18255021422239467,-0.32758362355550713,-0.1675438789121136,-0.3989392891720672,-0.4066634280966501,-0.37126415194291695,-0.18347417461550175,-0.24486769013544513,-0.08930384211467891,-0.12477532132498038,-0.49089327722065945,-0.3916770811425747,-0.39557193739569235,-0.5186540749794114,-0.6052505843364607,-0.194763291727622,-0.1993342715729948,0.1737964820426222,0.43035151931280136,0.10881547924994771,-0.15826897589683714,0.2142498358241546,0.18311631701991546,-0.3088675273233246,-0.1669317223096538,-0.8258928193572643,-0.3450745726652775,0.2162687970077543,0.6172819242696332,-0.05145766975625785,0.08339062605429587,0.12768118804314715,-0.33947401457630216,0.0770375468050384,-0.0707971902990188,-0.0026354345812747023,0.3889492040478352,0.22226475805674828,0.0729910767525564,0.11095546439394433,-0.16402373440532278,0.21780870251382384,-0.9267104044760309,-0.05666977944613505,0.07963531865190418,-0.17361146554221002,-0.1186945056699116,-0.019253497421481403,0.12383361140653722,-0.4143009571031307,-0.13204542396150074,-0.15216736802034303,0.06993608909566545,-0.00669642360949641,-0.26478158077682346,-0.1684426310467273,-0.26483363000463367,-0.07566765162230875,-0.41942270596380815,-0.2491211724577225,-0.1375343392901907,-0.28626101551070887,-0.43821814464558856,-0.28907936494758985,-0.1156838547475598,-0.3614208669239623,-0.104878099740896,-0.26837877743147065,-0.32825663761008966,-0.19084339968681532,-0.04743880619403358,-0.5271463542785649,0.2625615053569268,-0.9795155020462414,-0.1795909518821744,-0.20824169523496408,0.33748698691138973,-0.16795010163526622,-0.1424624897555814,-0.7018110378442145,-0.8738231824210898,-0.8412413419084865,-0.3876931507525133,-0.492825336831358,-0.8628280900857633,-1.1456829743988537,-0.91278374675265,-1.123138985593273,-1.7076408077032088,-1.1320860238589905,-0.9223850376945617,-1.0565929788207487,-1.202075424713943,-1.1942064396182197,-1.3342682256287914,-1.3093572798709237,-0.833460926941532,-1.0374774511982832,-1.4251779456512716,-0.9189684447109742,-2.0132925016572853,-0.3559123705074529,-2.0586288140529114,-2.01176106865571,-1.864585400336507,-1.990477223049248,-1.4208703710523563,-1.231485093509508,-0.6011432427227257,-1.1843369042415843,-0.651670394693988,-0.8211633322271378,-1.141018240707762,-1.397294543814,-1.080083899624193,0.10731964550086392,-1.0003528431510722,-1.5294324954100045,-0.484683227952545,-0.5434083271754413,-0.9208383255616543,-1.7221919288677867,-1.5519836006115384,0.031068270318671144,-0.7184331331245474,-1.3373589565560102,1.2403831978640152,0.7237598605354668,-0.6498827896052719,-1.6942440297715087,-1.6291827020327372,0.07719175948494876,-0.8637729286263367,-1.5698725820176742,-1.9712065622895707,-1.4718766636854925,-0.0843268025453845,-1.5706199128173952,-1.5280151518224814,0.9604622874303356,-0.7743279475446052,-1.4249522841884483,-1.9210358398931684,-0.7502177609218702,-0.7811139413683682,-1.7559967074738014,-1.3088573818961275,-0.45484411066170405,-0.43482348079681116,-1.885864235820818,-0.1506547144128869,0.8697051912653332,-0.5193409582240137,-1.855756540851995,-0.8159042903723226,0.14918724671210773,-0.12935824757085929,-1.6936027073341544,-1.2398868765106659,0.7242594278599035,-0.9577326505142021,-1.5822509794618866,-0.5094800964286218,0.37862743312175573,0.02123755722947192,-1.4745485769758009,-0.798834447865932,0.07447082518501441,0,aya
-0.20165680071429037,-0.1974048060426159,-0.2168937332331383,-0.8404366672046721,-0.1501772519335235,-0.050242879465679534,-0.13576201092077514,0.11678251255656287,0.27451281659796173,0.04788556555421406,-0.23833323064872342,-0.28574067818419113,-0.3413862679421333,-0.3600691766007192,-0.10449890236971228,-0.22269646043065475,-0.6921423775425178,-0.356135149375425,0.05683149452222429,0.09969428397570251,0.2889266555439859,0.005749550465438932,-0.40729464745758476,-0.2209926416240472,-0.02051685842184778,-0.26946231191197606,-0.4593579570232044,-0.03959653601582592,-0.5129485751395314,-0.08184781831273252,0.1712491695933089,0.08363033317714037,0.13745832814868233,0.2794651216399654,0.024949935776664274,-0.18975917161140865,-0.2903755363172971,-0.2749939140776784,-0.41943476394732127,-0.42230584014735784,-0.3684796260341799,-0.19914561513923612,-0.21608345351422328,-0.07727851879974555,-0.1683224451434427,-0.49609826012149943,-0.35299288532392165,-0.36232864639969,-0.5208040983771026,-0.5589294417463129,-0.2161988935370656,-0.1609646786729951,0.11168493379584282,0.4193174589901688,0.26060714386971046,-0.15991025676419524,0.16926093708377069,0.18986093702267626,-0.3073461541761139,-0.13424748691116795,-0.8522292772087229,-0.3015631178258146,0.20602787368394196,0.5711544655474277,-0.004828503393886607,0.03237552121424288,0.11063093383864858,-0.25510620570225045,-0.02415084405549505,-0.013680449320705185,-0.06687676142547512,0.34105600974008227,0.16434478217507287,0.034294834401034126,0.06625216881317578,-0.21149954746341784,0.19245089407759758,-0.852037201826479,0.004628194085868921,0.13812386973805776,-0.20203328147349164,-0.19959719604486875,-0.017473942563889094,0.15204582091854757,-0.36841493664658165,-0.22440624934999157,-0.11827446793665977,0.008137416050970327,-0.03930305728789399,-0.1574929544947167,-0.24022384832632296,-0.19043251562559385,0.015618404158365623,-0.37410264555733885,-0.2789812957678679,-0.10782368176160322,-0.3218030180988364,-0.4730284037671703,-0.23645220532356873,-0.17261704730967362,-0.3190082837166138,-0.1480111493065617,-0.21890967726323957,-0.3910494791656822,-0.3052766376589053,-0.016313591598673054,-0.42648362646141713,0.04472510027558478,-1.1215383437259268,0.19502988898068083,1.073610121382465,1.4688324599124987,-0.019741051992613782,0.06422989312696505,-0.8118155200845434,-0.9778226905533921,-0.7733545431876586,-0.5155739983872536,-0.3854575658908307,-1.100977224806397,-1.2173477209064367,-1.2648587259549464,-1.121782964534898,-1.675514210711413,-1.1400800985033217,-1.0744462128346048,-1.0680635649750818,-1.218124189848876,-1.0759441420262472,-1.2443403462221012,-1.251082929158482,-0.7769225951961475,-0.9272691700374623,-1.5059669536359728,-0.5204139151281355,-1.9889209488064648,0.4520247979014727,-1.6758930153245775,-1.7088064115616333,-1.5283235373159727,-1.928948861808159,-1.2456844378255008,-1.024593103447666,-1.080085616331444,-1.5413056845307636,-0.8963948621461646,-1.1823294059854166,-0.7197420487188628,-1.4931321575740735,-1.0544806454197124,1.0792447975441108,-1.060813700440367,-1.4775016331466453,0.42839035472632064,0.032025693282527905,0.0030880566344962416,-1.8827434069155413,-0.8289882103676689,0.25497073757039457,-1.1572207013419398,-1.2267337382860122,1.435465789395459,0.20774007446498516,-0.9410711369494156,-1.9926976356152148,-1.6482391601950657,0.3462393738857855,-0.7183510918752736,-1.6280736887868794,-1.6240369627013345,-1.34876066887471,-0.6557300361098595,-1.5579554890506226,-1.3372652348042844,1.11942882435854,-0.9080384353493338,-1.4323430007556275,-1.7771209961334535,-0.6636932316380485,-0.45396568966338247,-1.7227483301695081,-1.1997385051211804,-0.7715512139856937,-1.2065699005865826,-2.041476081766614,0.2719245939987698,0.14485306256834082,-0.9889154063257005,-1.9154550719785617,-0.1525895573218749,0.5713090469265669,-0.7965915656937904,-1.749005736774454,-1.3853679155643386,1.000810781386515,-0.6177559365623457,-1.5647912083112057,-0.23168991843421846,0.459004301417398,-0.5472557675126303,-1.5696444948629387,-0.6721683539919003,0.06382294574752821,0,aya
-0.16895361660978114,-0.26922634499740866,-0.16936872727836513,-0.833691666110626,-0.20238261468501553,-0.16574106719474926,-0.14013565777452686,0.10504776360011947,0.21181441472058618,-0.0763092813782633,-0.17723258529824565,-0.30100369694206647,-0.3597421050565072,-0.43791812606553876,-0.21601620748694667,-0.34704876554693853,-0.925132365334264,-0.47200941167416693,-0.061679226734406505,0.07197848562027286,0.14302255049551893,-0.07216726087105825,-0.4428116206697664,-0.3156225314510996,-0.09036795024801528,-0.3457071498503578,-0.5124180364504166,-0.10376262450855266,-0.770600801414441,-0.13115560975521035,0.05976458557090021,0.009465606611279778,0.07127190303475603,0.24779652485419623,-0.1330359545440427,-0.20252735956340887,-0.3183562639091307,-0.3271811307734117,-0.4183860279066524,-0.672342413643967,-0.5083086956169044,-0.4937541210004668,-0.3165004116434515,-0.1283829812686502,-0.23598940829478704,-0.7099917184926353,-0.46043611633431036,-0.48829650817257664,-0.516762973831649,-0.5853430026684293,-0.23293463454551,-0.18003351106337517,0.11734813392088743,0.36096963625657513,0.3065609970774432,-0.2479841569485639,0.03879449377785003,0.18499218438988435,-0.369641877587002,-0.26349409901116744,-0.9222473793217472,-0.400096482233021,0.05457752007594471,0.5787559998458774,0.07742538710830661,-0.04547638493082601,-0.053562203292540356,-0.23411867248634902,-0.10470360062063569,0.023173141796695967,-0.11291215934676013,0.20967714068684923,0.11995021268053493,0.00964340995320743,0.05730197929032426,-0.17522456922419358,0.1144976635784725,-0.7774461159967769,-0.025332464864983393,0.00035410776259497294,-0.165795413242306,-0.22672457897475165,0.002035354122956925,0.20376339096151,-0.35802321149539523,-0.20851156897908094,-0.18330606701054086,-0.05503540846780865,0.021723180360796655,-0.06815844534721306,-0.1949926909387347,-0.19874210226108796,-0.08870787699433966,-0.3134442154528057,-0.2576336174726339,-0.049893626812697225,-0.4341609568337765,-0.5667949628295824,-0.1909512028852135,-0.2036403268663372,-0.32537127372548047,-0.08589694729858391,-0.2595704231954072,-0.4997858398550306,-0.35066129650565697,-0.30407159256210076,-0.7389230817806279,-0.37677520614830556,-1.0903187355748742,-0.5458356165405541,-0.1866941346211092,0.6816796525631397,0.05424276491506223,0.5057691930222981,-0.6909207587631734,-0.8922615982796525,-0.62012731686743,-0.6788286909754154,-0.4715178023643479,-1.086159531704766,-1.14618560814997,-1.349802950537887,-1.1022563426418415,-1.7088151257102433,-1.2541841025560745,-1.1791580463094193,-1.0919649327169836,-1.1990904278979595,-0.9026522337703236,-1.2907732917769716,-1.384809761344824,-1.278584288802424,-1.390086780512309,-1.3173268043566653,0.013642744055206532,-1.4909936961830974,-0.26770237776228695,-1.856368858642964,-1.829666180523265,-1.6509433671862577,-1.8865826297914403,-1.195897684289269,-0.7189716195429666,-0.4326286324994908,-1.0679028711032534,-1.4534665805428746,-1.3501054170911273,1.5032631227964532,-1.5325107861336755,-1.2064732016209152,1.2749958422921126,-0.6900644677469538,-1.612246323101211,0.7186252004709137,0.42836498164150627,2.169873379012613,-1.9107367809767937,-1.3600547487467445,0.21579218012912305,-1.2520973127258708,-1.2500582598684524,1.1418787522219842,0.5036768365287123,-0.3933808802446344,-1.9428492487961722,-1.3779489166011516,0.6168406389041775,-0.6563670918990813,-1.6545226784749916,-1.4984123449877256,-1.4355184947804154,0.4495943337162373,-1.5600957881062523,-0.9652233523191769,0.9213611618797954,-0.6204439869933592,-1.4264231774921727,-1.6585758621229145,-0.5583319156910503,-0.40032828916881813,-1.7473452716157833,-1.0355468235875704,-0.5180577909388305,-0.3793625555699804,-1.9188319604886823,0.5877037982022284,-0.23185026493734495,-0.7108549044286719,-1.8713723584196043,-0.2391351640000593,0.9703297327688497,-1.0104656225684931,-1.6894778896456883,-0.7479168210329922,1.7811302714422905,-0.7320600814784075,-1.7332616271162151,-0.20394533280778776,0.11612600333548753,-0.7543524152016217,-1.55256381516291,-0.6375244901372071,-0.07298215762689857,0,aya
-0.019666107967691953,-0.0953030913354512,-0.2975764504367409,-0.6764355175345603,-0.05161190854859181,-0.062376859010393804,-0.013906010876481646,0.2746845970855736,0.2635582295161891,-0.12225343494788886,-0.10903621993523575,-0.3514761659122018,-0.34985761208355043,-0.25209197163097713,-0.07577703314111606,-0.39604870581839496,-0.7653575567170264,-0.3992057141032764,-0.02745700037053478,0.07681351949539361,0.2639331131518444,-0.08671337705795652,-0.33645220524824127,-0.2979588216674428,-0.026883066030112313,-0.44922786660702124,-0.4213666726921057,-0.01223949846236106,-0.6391519626788089,-0.13466449731441543,0.30085743002951965,0.18537215868442256,0.15945361850218226,0.2302770279156023,-0.15420568372050725,-0.12064413837873092,0.025548786789191306,-0.16995779322734716,-0.37447896508140815,-0.5106173209785274,-0.48100536271478594,-0.49530666632332326,-0.22520909818457896,-0.050558012812059024,-0.2095867065965354,-0.5463144365190548,-0.44039377312711864,-0.47702529085065043,-0.4080391788979116,-0.508586178125165,-0.11028356330037858,-0.25137003446919814,0.2773233746621106,0.4839111788357577,0.5004467848322651,-0.11762743775341644,-0.01956029407711464,0.1657279969870704,-0.3016958033312079,-0.207065404415002,-1.0121143492843454,-0.4175417187736619,-0.02455424505806128,0.5593160980130951,0.11560925465488783,-0.11715856073234382,0.07552352671749583,-0.051667925024866716,-0.12737928442051855,-0.1456377158781196,-0.03303142755473622,0.21900116933540267,0.09974203067832892,-0.0212036835157082,-0.03969173369123653,-0.08154355521336958,0.08728444694233485,-0.7870385946278536,0.13838318611792552,0.04356367683901438,-0.18409696626730002,-0.13432066566496798,0.17242358701073573,0.22068491418062705,-0.2288896957387435,-0.17953614339428633,-0.2763263147330472,-0.1036234718833599,0.07246288011263834,-0.012734696760247334,-0.15968974237872224,-0.2513614536535147,-0.10505760927598853,-0.3427714683542731,-0.13902093711301627,-0.12807771663535986,-0.3849287894869545,-0.47391494494791997,-0.18163727398705196,0.05535499270085734,-0.22429640275042095,-0.24534789311569427,-0.21904388729045374,-0.4986860617993521,-0.17952703658884941,-0.46337053803551603,-1.3161199917534683,-0.8824062367450884,-1.1088648592352497,0.827073561220336,0.4136157821616522,1.0417676035606627,-0.13029845057219197,0.19686966832382133,-0.5519040100734114,-0.6665656328259425,-0.3237760470525012,-0.3629493984237999,-0.07080925485720051,-1.0130266016728389,-1.1675356945938076,-1.2904588148606035,-1.1193069663303519,-1.7622942743350298,-1.3102267641061938,-1.2953527568839043,-1.1061208171522439,-1.3470572881590503,-0.8572155575805462,-1.4058120272286223,-1.4111119916114538,-1.5186270043029806,-1.442537810589289,-1.6686035418183052,-0.5451045760904811,-1.6053026412507803,0.05069243542922542,-1.2408311280305475,-1.3530740941175756,-1.049552907187142,-1.8770895864905615,-0.9014181026089263,-0.643363943020478,-0.25959793365691813,-1.3000911892623446,-1.3504836849769233,-1.0394162405133232,-0.872700172015118,-1.4231331036268873,-0.7783612067621852,1.9424720167582081,-0.7984089525040539,-1.0496956472970878,0.26377007407323894,-0.0336055581942498,-0.650574179912794,-1.3657077017285475,-1.2167816582487205,0.21067929228528592,-0.7513786783313101,-1.373245065212438,1.7717606922956828,0.6838693658520039,-0.5898853060687625,-1.7637172156037617,-1.7881573379265108,2.3140941348593786,-0.8956202221364042,-1.5914731662720027,-1.68301018721322,-1.0971105630443139,-0.5887934256261041,-1.568301796054764,-1.407162996803364,1.0649043519198549,-1.0484708705416144,-1.3609158575521136,-1.7145536658572003,0.4591380840628987,-0.5899913570399965,-1.6585692505855376,-0.8355530341223045,0.015167006348964457,-0.6875572584967515,-1.982063078302351,0.49605345602746054,-0.3137376013184682,-0.8412188877299407,-1.4941035721342666,-1.032840563092735,1.5693632981289547,-0.5706042630508998,-1.1574892274276576,-0.46216071963398275,1.8020736752409732,-0.47377917453318863,-1.424176309828907,-0.829746481795485,0.07382710211043446,-0.15695991501225637,-1.2994341959874585,-1.040238981683163,-0.21107649298330144,0,aya
-0.006661758918870435,-0.08331230597882248,-0.31541497150457354,-0.6305733668050935,-0.06233182580170763,-0.1316240808837783,0.002037663768699107,0.2069099817537461,0.1613725371293341,-0.1900047529054724,-0.1611302179672563,-0.3746674323102306,-0.2785720101900716,-0.20061764943900184,-0.0981806479334335,-0.450950921124327,-0.7257008034602632,-0.36855219588907756,-0.025489514539015337,0.11498737131174024,0.31080350056183864,-0.08267921156843505,-0.3010024917760047,-0.36353059293722695,-0.011529351371394634,-0.5211960619363083,-0.45979409271974014,0.010403617742906341,-0.7038880073416716,-0.1132044357652684,0.2612074280213644,0.23661496446204958,0.1639537732446836,0.27430072586462134,-0.06370569049954476,-0.17407390106322163,0.046099555375977805,-0.14036361151621105,-0.41776486267174423,-0.4921123675154855,-0.5090251130831084,-0.4642816218331509,-0.24653342190556032,-0.019641037557603512,-0.1281185952016473,-0.5412409084632724,-0.4183540024297499,-0.4546543287910258,-0.4552698987742236,-0.49494950131717363,-0.14750341662027763,-0.11826696744058346,0.2570728949324979,0.5228215324677963,0.579308088511801,-0.19826655731985887,-0.0671087739883801,0.1425552853792547,-0.3295559610623243,-0.2901587244557705,-1.0993539806044532,-0.4193646418528457,-0.11667012683119556,0.4202895588571566,0.16059444322352934,-0.006810673275854595,0.11545456250127879,0.011959616549786691,-0.06485799091619669,-0.1541538356807074,0.04648558808046537,0.19029908041406993,0.0029282294692814944,-0.07146262334034315,-0.007233693826671343,-0.05002581554081434,0.09429471275065693,-0.8481636799207932,0.06214781871348164,0.013197709265699886,-0.16846778843319285,-0.16876867005667195,0.1288663052657731,0.26986679558295495,-0.2185144525784005,-0.11091516185799111,-0.26468627250627874,-0.21446526438460636,0.08884536428837705,0.037202221828770456,-0.18351872743847264,-0.21189719481960695,-0.15985972599546633,-0.3349917375996516,-0.13428660596137412,-0.1337115038861252,-0.33103876887337935,-0.5223910414417727,-0.19000457077339175,0.02268789737423269,-0.05973604425892816,-0.24237687247730116,-0.18063634779000057,-0.4597212459433338,-0.2112109683618774,-0.20987374924246968,-0.6850165170289098,-0.3303059588121778,-0.945976534198151,2.0188564640078486,0.34585552335109404,2.179011057782306,0.16904948482189006,0.23006438500983661,-0.6337522906501647,0.152162286510349,1.2118506458728897,0.607469254726254,0.8274679050313837,-0.7986171085097832,-0.8285266732403406,-1.0582258983424973,-1.106751477639452,-1.5870284205398788,-1.278265418898591,-1.1720249140520487,-1.0740647950158522,-1.298169011952255,-0.8854761920948916,-1.3314236555979129,-1.2515549927543006,-1.4807863464565432,-1.3904438427286683,-1.0722319474798474,-0.43498087337280056,-0.9867477344584907,-0.33126063019190494,-1.5673487503343866,-1.6634227432748934,-1.107943145207776,-1.94921898311909,-1.0216390260220614,-0.41743332302092473,-0.08902757039325877,-1.7498268678673399,-1.4979157377765502,-1.2697635576163644,-0.5795836604829431,-1.4730968161353828,-0.2002372474965629,1.1130308554281445,-0.8040167791485981,-1.3246767957248757,0.6127359515751721,0.6608408102064015,-0.7578517105036304,-1.5109226305386285,-0.11718605370063108,0.6166426210696534,-0.9537788678645501,-1.402531233205236,0.8245690169698484,0.8172283520249005,-0.575053295085651,-1.7512605435570172,-1.8999832850100353,2.4346021297148637,-0.6057628703083707,-1.683462096075038,-1.5702411459642822,-1.068848511535064,-0.183461645965366,-1.5961595711644232,-1.3031056381027724,0.8355283793416342,-0.7947216665947315,-1.4094025972376882,-1.6200339434934259,-0.29557499304312235,0.0791723213252366,-1.720863328885129,-0.3988072491783511,0.18765118254353888,-0.10079874239899539,-1.527962870837718,0.5271025954438904,-0.14590719337013205,-0.18628653364152153,-1.1384551079039074,-1.0529649543323805,1.2441101776330152,-0.07386932763903722,-1.443378645000708,-0.930555470966273,1.7760023837594063,0.45536972175920903,-1.7902680774841757,-0.8781487214162491,-0.0080846606813655,-0.2495002982160166,-1.5971853843145631,-1.1335154628607769,-0.004579358430537301,0,aya
-0.058105439481724704,-0.10589013274787355,-0.2679898370965483,-0.5898118110045265,-0.05610181622094951,-0.08546075826038242,0.02167276810899484,0.23920367518571775,0.02208018338941431,-0.28196151953011755,-0.18925841571623273,-0.355417435893504,-0.310701899894242,-0.158068216613233,-0.07754583710247875,-0.43808570104315653,-0.8271405825809024,-0.3356093319335367,-0.16450116121649397,0.11216553173224848,0.1362778817460778,-0.09121967479302419,-0.2949148093600321,-0.4032593497771707,0.025545762077711656,-0.4739602634578139,-0.3666543541072875,-0.05295062952066593,-0.7496056248397116,-0.12171575477115926,0.12432189874556024,0.2699862926758797,0.06105447219948556,0.25218906268311314,-0.06684407125133325,-0.16992972999463274,0.07349355495347806,-0.10009007415746728,-0.5245132172151652,-0.45072452884423236,-0.5559873290928536,-0.531471583919819,-0.23869724298297437,-0.04473869659076764,-0.019471203792282423,-0.4820062753507428,-0.48497024824769314,-0.43194246945195314,-0.42266644777538365,-0.5948169244253536,-0.09302860348569393,-0.12987471867540185,0.1967264220364204,0.4940817149609283,0.6658422966238772,-0.19268831135303538,-0.06569666311899501,0.14555387282962606,-0.29964238581390523,-0.29182338691547816,-1.1451303723643478,-0.4459136945407008,-0.008491409248017506,0.4406502167001296,0.28953502356465366,0.08005686993069375,0.19431990062793555,0.01374678234328257,-0.07134447970586501,-0.08467090022502487,0.02939365613866569,0.1652575943287102,0.045882233549135745,-0.09936354862491137,0.005620562257240253,0.006088615145979335,0.07130257705184269,-0.6083503101158058,-0.04264836552217631,-0.029520543037687582,-0.00992535443054766,-0.19023450580602402,0.07767834547387362,0.15502788075086948,-0.27618153607017654,-0.09709327020181427,-0.2558408374856427,-0.20865478875986274,0.04295131158493468,0.13135294762639765,-0.14317363332531463,-0.097065975175025,-0.1563815734880376,-0.38413995532297823,-0.059734107063441205,-0.0526054297806443,-0.2891086000813983,-0.5358768887019908,-0.1297895294516411,-0.02342148766401711,-0.04883684689532028,-0.2504101103372595,-0.16887307617049083,-0.4393861665343133,-0.18253697526304571,-0.4031376432372651,-0.005134072552316316,-0.611442764533501,-0.6931167096743831,2.400553039986951,0.9528567956453478,2.0529861916441052,-0.16032956887853597,0.3262714189072518,-0.6198806149385794,0.4827462413977913,2.2651538586070115,2.243179733552458,1.128611817455225,-0.9857860849895286,-0.9579059336986734,-1.1568452475501378,-1.0919584547198162,-1.5289979181320568,-1.2866343118092254,-1.2265459047528986,-1.0855848337469518,-1.3245004712323565,-0.9000373849467997,-1.1548766135930988,-1.2233514692229597,-1.2915247409746633,-1.1558526850445479,-0.7362739473706981,-0.8244970853499531,-0.47961174080780805,0.18843346863415011,-1.0527935343483579,-1.3909407673852092,-0.749223528222624,-1.9069343164155235,-1.1197203287392814,-0.5478043785177672,-0.04935709912518891,-1.3701336846824506,-1.4330872426212078,-0.957135008611409,-0.15901560469046327,-1.3394720626760868,-0.7003925192459701,0.79395624604451,-0.7059923560751066,-1.333129222190807,0.2612154068393054,1.218883116562112,-0.8501054335171058,-1.559125820015834,-0.41435358200018774,0.12150678251696156,-1.185295759968935,-1.5557209875019573,1.5659467481966949,1.235308954500012,0.02669239873155753,-1.570643071038538,-2.0818397285736943,2.3737748029723575,-0.7340015863445426,-1.7040213050829718,-1.7095536243654539,-0.9712608492702066,-0.259497192076533,-1.5436710286441846,-1.3509036974084505,0.6781514688859338,-0.6999020581096383,-1.3818041079586292,-1.201354905766633,-0.25947595904383913,-0.36745982471948396,-1.579534837354951,-0.9022063221022496,-0.043577004023912784,-0.9311011313077538,-1.4727118349678072,1.2491008554325094,-0.1521007663667904,-0.5393787094970168,-1.4497808150375253,0.2590373033265043,1.3376258118003197,0.1012094267888086,-1.3638525774185881,-1.7134290859314414,1.2825675104233705,0.1052110806072702,-1.9270660784030915,-1.0048367696194092,-0.02875734627751043,0.1364561926654204,-1.5724242984014902,-1.478011034243301,-0.10124563086649213,0,aya
-0.1590255895999086,-0.12000980958368068,-0.1829835530655209,-0.5240057249419234,-0.010218859766796711,-0.2282698949063423,0.051055069843,0.3766386896741976,-0.07040992976585222,-0.2694034201952875,-0.10828914651459771,-0.3407978606769032,-0.26569100939160484,-0.18743549106783913,-0.13429476378947167,-0.4607285089186792,-0.801405904581592,-0.2566048812179769,-0.17922031045120576,0.15806943231087558,-0.030744861361836063,-0.11739083913184298,-0.2008371111109767,-0.31656436643155117,0.07050736551602901,-0.45841987200491435,-0.3616963982672037,0.05576376287247824,-0.8138401582964389,-0.0886643938772794,0.0425161394910678,0.17639368615816406,0.026474086050840496,0.28094704619910577,-0.12931698896623578,-0.17244415909602556,0.02419473887796231,-0.15505675277931016,-0.5205780496661964,-0.5127887157441083,-0.6451998202267824,-0.5228895253931181,-0.28131279699132616,-0.07564258778655229,0.10302473540462055,-0.5383132266288803,-0.5901853293132701,-0.4813841709413744,-0.445390144703845,-0.6735289449119418,-0.13789746503175404,-0.23400126761681306,0.15678998335060582,0.4422354008218003,0.6492276384793007,-0.2051461649776438,-0.11468260708631543,0.05206995876410728,-0.32316411140714263,-0.29529602154042056,-1.1108724004777417,-0.3895192468088376,0.13718330664850562,0.47395936076436707,0.22275692117741802,0.04385192871975688,0.18666600632088906,-0.027728478102168407,-0.09821681853927736,-0.07740469966382901,0.0612863871295816,0.1983926406265911,-0.0005791487232296263,-0.08318027157806994,-0.021825751213559945,-0.00586091476338117,0.07705597246720332,-0.5042624189439205,-0.014563597283427277,-0.012049795864739372,-0.11886895026499532,-0.1720879112190319,-0.017394553295523422,0.029331157674953853,-0.3774728857925153,0.0051901768953484554,-0.2523624895792467,-0.27555024882100015,0.048451611616782575,0.18190412746232942,-0.13684573406041797,-0.04170043613045023,-0.19112614906100175,-0.4163153011974924,-0.0922747778933005,-0.02137050997999356,-0.40195588913632657,-0.5739563504121585,-0.13025231931484085,-0.030375224959074455,-0.014196650599658352,-0.21664993132085983,-0.14707105994829908,-0.42635563285610073,-0.17630120697162932,-0.7342100598204565,-0.5063451953474079,-0.2798173255076415,-0.8155097379056191,1.768101249054969,0.38796044661856005,2.2073023746558733,0.3823064820007427,0.28484708855279794,-0.32770897351387174,0.741674753136372,1.4951194429185237,1.1741662145293619,0.8292201000928671,-0.99360577850413,-0.9276037604472953,-1.0636818290542807,-1.1014944680394672,-1.6662339564444895,-1.2849063100380052,-1.1890752936459539,-1.0613699600880704,-1.2696353383623085,-0.8125054733408379,-1.2396473131118546,-1.2655609095255054,-1.3942704420893333,-1.2980916415823849,-0.31460560686420236,-0.015953260346818706,0.2828773829930807,-0.8395997557390805,-1.5178840751350866,-1.8193381177671377,-1.0338659766993659,-1.5672337626200665,-0.7393784705960844,-0.377139994471177,-0.9212245330997769,-1.4006250643011602,-1.0479752509960807,-1.0791216088268814,-0.669082520508243,-1.2612967838556117,-0.7662286661271066,0.8047005815440568,-0.3919281001326002,-1.4799340991612442,-0.3142367841883739,1.3019957261161863,-0.4538209430582453,-1.3516993390740026,0.19115059409862697,0.23814303790526847,-0.9289434218970541,-1.3951954797902324,1.051830731746405,1.2059467648479132,0.3342941327608749,-1.6026833547557733,-1.9102707353905974,1.5123008459373963,-0.8820708520333073,-1.6757941456707541,-1.734012263971545,-0.9127144269172731,-0.4670242457746817,-1.5413067119616555,-1.3176507719356427,1.034087153504609,-0.7029284901407689,-1.3462738026502072,-1.3377369928580916,-0.3612499403045287,-0.7070593321409712,-1.5147293406035653,-0.7648609972072168,-0.13125132992086605,-0.8936686567136483,-1.0135330657895478,0.4319775289037582,-0.4333985233636614,-0.5874160449473956,-1.608526536283919,-0.297492549729794,2.5299379225188723,0.4208992915695779,-1.2918736154055637,-1.719327193244767,0.8866743769153237,0.22335896432058133,-1.771744543565814,-1.335374193233722,-0.1648797931711396,0.40524150524616914,-1.4372936039703685,-1.6704897753920254,-0.3121547151766435,0,aya
-0.1432800746252669,-0.1622101730719142,-0.28818037478380026,-0.5197521095069311,-0.016147946725160636,-0.3052993446646508,-0.0370935868915825,0.27510845919680293,-0.0687183610267906,-0.26401317509066574,-0.10678294777114623,-0.27251050959656553,-0.2746658232672682,-0.23083726287347228,-0.09921912997001178,-0.4539684591127988,-0.7686285666119287,-0.12513821013603738,-0.15149611274108407,0.1762095409094186,-0.09855758490027115,-0.2079415624930941,-0.2091677854963351,-0.2950727764817236,0.056354128008451736,-0.4780133704621179,-0.272709765232895,0.1471255412961964,-0.7448197881176675,0.0017876632693794117,-0.012913083156511447,0.18287192229523716,0.047860226594858515,0.21649352740581548,-0.13882043280837486,-0.1804935516897335,0.04420373328642362,-0.17504058855027638,-0.5014250471371425,-0.45547659990069034,-0.6491338409099017,-0.4419666296080675,-0.25032886864277126,-0.09329896381774141,0.04713748278839362,-0.45421843583962723,-0.5005918226169982,-0.418338172785123,-0.5446565637731652,-0.696630779311297,-0.09569216685254883,-0.1404602700410053,0.22499637181630722,0.39968813009833604,0.5809999992989862,-0.11162217470849554,-0.14396595676199986,-0.013055220430037368,-0.18615825622383864,-0.3464895488220577,-1.063827392551903,-0.39768679019235864,0.1009856215148587,0.31239094606901796,0.1633886109568142,0.08792844405446297,0.18531887911078385,-0.05582255001934773,-0.01875153299374877,-0.06236466995111951,0.19601284978064912,0.20160958084407843,0.032458726197777114,-0.09299417386704201,-0.08787219210382433,0.0920762741551015,0.1034315997998001,-0.3112774547143497,0.036199105766436514,-0.010635168791786423,-0.11611427174529877,-0.2319273776113613,-0.014654121070661058,0.18860575594092957,-0.3474650151071239,0.05464956443367204,-0.17986503229934098,-0.17775233669653875,-0.08163280681354347,0.3014457561218175,-0.0819183484263977,0.023971423368494834,-0.23026741476887488,-0.4220227203506287,-0.1454389735200509,-0.004299781966406663,-0.411037000190585,-0.5563623188714961,-0.26268524218493156,0.023974493943318548,0.08505707794341766,-0.40067782992943063,-0.18255844861562243,-0.3815347058014468,-0.0036488679902743266,-0.308221767097418,0.46217917159106975,0.5656775142544891,-0.6646794066836148,1.2790404935723645,0.20358727467769513,1.3237166536771152,0.7346569511407187,0.1855863940305443,-0.4087588359103703,0.6577839890404172,2.201332229740942,2.6343212194756034,1.3867288177075725,-1.0409195849172592,-1.0306110547937546,-1.1026934478536055,-1.1246246638632198,-1.6868599042407386,-1.30204261767138,-1.2871910534309807,-1.0361919137404882,-1.3140172806247092,-0.8437993358205728,-1.173485021631791,-1.2995756506729805,-1.3127303812356772,-1.125800467661217,-0.4628781677785429,-0.9225524600419955,0.031567078286177185,-0.6848531513302323,-1.4661565432127697,-1.806639466294332,-1.2701683746833736,-1.3423152811795793,-1.1044359124534797,0.05471855551339905,-0.6909728900614835,-1.4667534602862982,-1.798135139556616,-1.046540843946453,-0.6759764303773778,-1.2684369942965847,0.5857821989476053,0.4880574101172447,-0.5738410920973278,-1.4476537761594073,0.9551516024673594,2.011328519741112,-0.41276736590598495,-0.9520489015572291,0.04095841545414915,0.04204396591482475,-1.0487693469527153,-1.2692847259559028,1.4582157297176068,1.160793670827425,0.7751286237263397,-1.266580948623912,-1.9809429105141065,1.8413793971015517,-0.9109704619795224,-1.4889333579434256,-1.7795845103470982,-0.7684049496817459,-0.06330647066010474,-1.2155281892224614,-0.9418013437711784,1.4853376655222845,-0.5329850758383452,-1.2919237328745172,0.06862735135191862,0.14256683126662337,-0.7015708214411093,-1.4266870082333474,-0.5149965159802803,-0.13662959553294365,-0.4133101162770356,-1.2280876375686443,0.93156484755151,-0.5183882201126886,-0.27874245127160163,-1.5631794918524475,-0.6538598814543995,2.574307086233137,0.08974872059397891,-1.1236621213304252,-1.0720131319610526,0.3291030049922033,0.3493486938541115,-1.8608611700536024,-1.097146637594663,-0.11145007828220271,-0.09970359993322599,-1.26712405327945,-1.3534222163922456,0.02251726946019772,0,aya
-0.10135096871836427,-0.21193777691133156,-0.3200352798783052,-0.47095259682213,0.004063038682176137,-0.28886247260652,0.005091540058805488,0.1885985214128988,-0.08942509636117378,-0.2886620406877472,-0.14373438963719462,-0.27652248705148796,-0.24865059068444043,-0.2503907927047747,-0.03841410504362945,-0.32228880678125127,-0.6203630435298384,-0.008963044173861071,-0.05474558026710318,0.2161122057571938,-0.12696221289162024,-0.16140585642295488,-0.2105263708377287,-0.27557904341585626,0.017423941072930153,-0.5711799925589436,-0.2313597028250469,0.20591484733839402,-0.6974591519131171,0.09361442402545041,0.06556656906998287,0.17851875856362853,0.01597363595799547,0.1915282103869166,-0.17084570117047201,-0.19634946851522775,0.0919074426355628,-0.3256319910091715,-0.4171293020741915,-0.41772479052441064,-0.5376215800098273,-0.3850970430672966,-0.26981698628611983,-0.05661084159859619,0.07780183451448719,-0.4360249701139547,-0.4783351889911479,-0.4149026605748447,-0.45848593215951017,-0.6851716777610574,-0.1612848032339401,-0.09981744231776746,0.20105248182417587,0.44756949452402306,0.5207268041489251,-0.08433249894977433,-0.04181698583658139,-0.09642108602330572,-0.09224677077955265,-0.32051816511607195,-1.090352947821063,-0.3553597776474878,0.12706215409452865,0.24047946893530273,0.1738675315612061,0.09880025890080851,0.17749365654473756,-0.06160780656936791,0.039993864255251255,-0.1078764596923436,0.1388183451368272,0.3270525069918106,0.04774747820307129,0.043103969428435945,-0.010474123154267446,0.14505209359406043,-0.08136605295127297,-0.24591029438338177,0.09824412111360233,0.07084031387598982,-0.13079471005343118,-0.2583204759160357,0.01236484946661778,0.17741666918708093,-0.34394663612823595,0.10716464726634124,-0.19031986015566119,-0.19629286398297055,-0.05210159664780739,0.2395224789983136,-0.03720170736185697,0.05554290578382207,-0.2526708148544543,-0.37961824510064995,-0.17474775438415394,0.05516698402297199,-0.42539318301526485,-0.5491168441501414,-0.24306080552495501,-0.0022478947031613536,0.13340000825381995,-0.4104761926789131,-0.13135289870948066,-0.4289374708198947,0.09133578043695278,-0.7493141981649586,-0.45229276962368764,0.6242844647899979,-0.5783958665696866,2.384154786584723,0.22601220997349583,1.4726758427460631,0.5344218396878336,-0.09412578471940183,-0.33849688104781994,1.0979357249240704,2.1199863359185525,1.9277025736976805,1.3480799805514694,-0.9232345122668303,-0.9557057516809784,-0.9316604016568751,-1.1058257703726246,-1.5490643462691966,-1.2461098355661495,-1.2156055925397977,-1.0022650565350792,-1.138425299944517,-0.8481241937866821,-1.3264836820077812,-1.179700586513375,-1.4609868856451518,-0.9949936130533017,0.176858226482638,-0.7169503307613933,0.4561051302671465,-1.2033964766959302,-1.5541240611829534,-1.765128692628163,-1.155507765238288,-1.021876527304042,-0.4746735315234312,-0.19348133230090406,-1.3671621493559356,-0.9479705226076859,-1.4245532807030503,-0.90691616375783,-0.6199547732879539,-1.1908568456023756,-0.04398407284209083,0.37569846004135216,0.7020249520112146,-1.1163035344626617,0.06975305655648689,1.411920349779326,-0.16189577869494381,-0.36155854486101924,-0.547521100848467,0.6054709105895061,-0.7631472201405497,-1.2773828794664077,0.3395943307693646,1.4419236899499948,0.44072867267754556,-1.6238828832872192,-2.0084952262880957,1.648058292448891,-0.997453853590921,-1.6116809720076957,-1.5886715238997886,-0.8139715723363705,-0.5891343635343468,-1.341718993173362,-1.0856307743135498,1.2381205002401652,-0.5676524237677394,-1.2109557888024278,-0.7142875326384803,-0.0864331643086435,-0.1668503544424954,-1.3487521643079425,-0.8824425338744069,0.025047768656046125,-0.8903992112922571,-0.41069410560887726,0.8862698338146102,-0.4308671146382451,-0.11060661055520143,-1.493475751338802,-0.40851324586920756,2.7683940620507284,0.6131911349201868,-1.1176208823944476,-0.92496674237134,0.14869539583033634,0.5483184901944268,-1.2400803761097356,-1.28180151970042,-0.12600424610896466,0.38148828551205194,-1.270717815329393,-0.9363702297328185,0.42502780267276985,0,aya
0.013237385313396317,-0.126080441465165,-0.29239672495161534,-0.4744142113432481,-0.03296876129891023,-0.3151737544618501,-0.05733061376061805,0.15346969504158478,-0.022290334143992504,-0.26788617267637255,-0.14317571541430002,-0.3292990520939011,-0.2472405599609064,-0.3159986405280052,-0.06897576182776233,-0.3323802968478948,-0.5971612108103588,0.041692266025367394,-0.05289807826768402,0.11472057618735655,-0.13273462041024822,-0.13896098231978044,-0.11200009190591952,-0.2430073708128529,-0.010333229778757913,-0.5371340104216296,-0.18415047915559132,0.23455957454937848,-0.6233892835263841,0.07701927226314913,0.015393135066682915,0.16885690708271744,0.08385561360622282,0.1280792513908749,-0.17078693686199667,-0.1692290528400316,0.15969900026228825,-0.26181207584451827,-0.3893091338490494,-0.37038772101692147,-0.48104438951512424,-0.30229622350858176,-0.30877228379403626,-0.06154383075872641,0.08576627520003755,-0.39039496745369034,-0.4885049895462784,-0.435756083947746,-0.43905893570118637,-0.6213705180926946,-0.111122229575526,-0.08297787455689425,0.1814748310157085,0.3940959754501523,0.43713576332856796,-0.07801388446983494,-0.09860676466333436,-0.12130455105490096,-0.1277049906079648,-0.29952393763641966,-0.991606092357898,-0.3705919895186723,0.23564382940464362,0.286511613869126,0.12305972442912985,0.10417296737032344,0.12073939261507763,-0.118987269673293,0.05295067978383894,-0.04917633250033415,0.32135112615915595,0.37313347852694995,0.016956544446502693,0.053100150108494566,0.10523010017480906,0.07873984008143685,-0.085868934642678,-0.15192458179958943,0.046382305105121244,0.022000034863012306,-0.10458698811205787,-0.22454006563859807,-0.0899319460261742,0.1363035830310564,-0.3215617266075378,0.21044346849984508,-0.24963486000977642,-0.1137648773871185,-0.040947038010579806,0.15823616618133998,-0.04628050744182782,0.04079148419401009,-0.3033985633923626,-0.32117759986470107,-0.201879870180317,0.047123397871859846,-0.41219151042576285,-0.4855965221919852,-0.2971942083832644,0.07747968352993807,0.11095329563735012,-0.4000425647975563,-0.0630181241394219,-0.3384433663516138,0.1104249991485521,-0.4830859685432342,0.8751695610888148,0.9546126574804578,-0.27722600916484286,1.0842685297691295,-0.2466885664554567,0.8430236623684777,0.6341092552408135,0.104777108801141,-0.9459559157938632,0.5057738095636902,2.312521648038281,2.1854067244721262,1.2662616990415085,-0.9084875803478352,-0.8014788534286441,-1.0977898278323783,-1.0073995110985179,-1.0607783348507953,-1.2073478475426667,-1.176675393536205,-0.9954068309121633,-1.1314868804694789,-0.4863673887970103,-1.0204890684347463,-0.9184588619196813,-1.000735755532861,-0.7107806634545831,0.380569398884408,-0.8109766247855448,0.7341018577647234,-0.6440595720119955,-1.4382597778480846,-1.8347196215780122,-1.2018730822372712,-0.27668573145612274,-0.9725239894931093,0.24958348280633755,-1.445584760866879,-1.0118274571092782,-1.7070954242772425,-0.5572942075613474,-0.6096979711328246,-0.868914989249405,-0.23014373029904822,0.7763887685967847,-0.46500760878759306,-0.7728957568910372,-1.067989945899173,1.7937331502364549,0.14833667350095175,-0.8932808887412912,-0.27983609280766264,1.366348438011181,-0.658971258006032,-1.0221089396947742,-0.029776212647478907,1.3587088669679757,0.26098802281791705,-1.4712913134832024,-1.7164757781444442,1.6160605944793793,-0.08107877518237072,-1.5834038951997342,-1.5213376163305348,-0.9815022973895332,0.9611371789887602,-1.088042531672329,-1.4288009080831672,1.2938497746221833,0.10504114501674185,-0.7840774425381739,-0.8158400502976014,-0.13218760709914826,-0.7630547582272934,-1.2788792896897017,-0.8083150963794659,0.3198109381613306,-0.7621990619399486,-0.43528302905207905,0.3443462335829854,-0.2111212888430117,0.01113536954629138,-1.5415235779124319,-1.1625285496792883,2.7083474393808946,1.5480231923068295,-1.1802322071791116,-0.5070243105502159,0.2059566082552367,1.091808972195355,-1.2805037938127994,-1.214350806230246,-0.054251455488117904,0.4197043298106472,-1.2630806129735714,-0.7318051990175568,0.4070783940985333,0,aya
0.03163207854541059,-0.1276735468071287,-0.3311052225198772,-0.4050048145889064,-0.0716913747217748,-0.34253144035988653,-0.019770784917105367,0.1499859863589225,-0.00044188927488443596,-0.1548512848533582,-0.16219199533597636,-0.24699711941301558,-0.16429863653981908,-0.21939441822821923,0.05597020683903035,-0.20515547001239504,-0.5774796306643245,0.046049648172908714,-0.049701848495282995,0.03303775423526333,-0.15056720344325578,-0.04004698237649527,-0.16941948903572668,-0.16468591119928308,-0.008617359534374848,-0.4903598645079632,-0.19092620066760174,0.27971983418720653,-0.5735786506640017,0.055701140429732794,-0.10690481740700025,0.0939761107179103,0.05196522712733061,0.20947852256588886,-0.11092750170785279,-0.17105226707236132,0.15295548645891344,-0.13347621977680507,-0.3533042250809934,-0.32076224861059316,-0.45772949968807924,-0.3184701772877929,-0.2971155788243723,-0.16069863226785192,0.11278778747995354,-0.29650722231831916,-0.38477616746541476,-0.37169569598868885,-0.45746149426526656,-0.5154456867754975,-0.03748061632759132,-0.25176620578448905,0.10390270684567443,0.32947886391866643,0.4209661142093283,-0.05248448774684134,-0.050173729174971836,-0.12053647089890844,-0.17744641242214684,-0.23972894139275838,-0.6778402199546145,-0.1338015745816375,0.36072805710586864,0.09159823621992429,-0.06937424185900347,0.05900934142537096,0.06600715482043651,-0.21673951622002835,-0.08189065973039271,-0.02422035900653208,0.5015616425530158,0.2577289630008361,-0.0629109477539849,0.031275364561035225,-0.014981480151348175,0.09291598881700575,-0.10259859216834667,-0.10432167855395431,-0.0820733889253865,0.06721014006532366,-0.29059074123458084,-0.28234126773356766,-0.11640477343695786,0.05360765600209575,-0.17376900987251442,0.25162602534651185,-0.07644295922349341,-0.016764185145187772,0.03932971466550962,0.23552518629021016,-0.05081516377702054,0.06096483497451985,-0.2157114557421905,-0.35836373637943053,-0.1292905150411877,0.0837055520619128,-0.29311889678877007,-0.37143640972371894,-0.30224749036246074,0.09159020641753822,0.17963957761102087,-0.325644971630784,-0.0782911255681812,-0.2892984725660037,0.1587152424207176,-0.458605548611026,-0.6296344652594523,0.04009322234226992,-0.5655824815165335,0.6105963614067536,-0.4389013583094844,0.2613006726434633,0.31255494872081774,-0.22592102846111248,-0.8673106388641743,0.38571050819857544,0.9336309428571579,0.8524733165316215,0.3391962620044049,-1.0315474003787277,-0.7201720349157299,-1.0230136652893451,-0.8368619928298588,-1.3260436336585402,-1.1821039405829317,-1.0260927545556482,-0.8567348503039115,-1.1204353054738674,0.14909470255070031,-0.857648133639802,-1.0909221220400618,-0.6765860942327699,-0.8115389310225989,0.7590813795908978,-0.31422525972444654,1.199462833193144,-1.811811734959891,-1.3785880995964446,-1.6213851160595183,-1.4095750036931607,-0.4212284915631829,-0.5579185543786052,-0.5012120097436853,-1.6637711423110022,-0.15994608824275888,-1.4234568176884197,-0.5251477769733656,-0.610580273344164,-0.9673763806058414,0.2745835149410116,0.7889325138602455,0.20739194805736122,-0.8822024987116577,0.1749014439488317,1.494549757022193,-0.3081027234046325,-0.5536319565083607,0.7238281988428993,1.514370663050118,-0.7682792131419621,-0.9051058420803137,-0.220543961524868,1.266417771818354,1.123986130841359,-1.4189939116000294,-1.362767780386073,1.6753956725354635,-0.21867056444447172,-1.058838269820731,-0.9556385427994873,-0.41798565960573664,1.6350720288264793,-0.47493791085381704,-0.8244045068731437,1.1068044568073625,-0.10258834520821128,-0.7479893175765543,-0.5291657123394047,0.09125189155329684,0.127476928670732,-1.3172690379880407,-0.7621311268161199,0.16728105961880674,-0.4901182143091317,-0.41053604848370545,-0.10346852686809987,0.1104604037573234,0.182577768715622,-1.387842769620102,-0.4901335400374409,2.062097528959189,1.1539401017553719,-0.48596261131326873,8.031995362382319e-05,-0.5011416956889962,0.8523304332415927,-1.1098624537928712,-0.6368179981062242,-0.18891429600083348,1.0631644023279625,-0.8043949727075846,-0.2913461853200908,0.46107038051116317,0,aya
-0.09610625378316397,-0.16290582258768957,-0.07553028861445238,-0.2176855662232053,-0.19122944738649514,-0.34873765891171754,-0.08235943934092034,0.05339622314895595,-0.22148580383413274,-0.06003014717350114,-0.0601647785523766,-0.15253395568348926,-0.057874177100434056,-0.23302796369403944,0.05142892101503413,-0.04026215979399328,-0.4332805752055903,-0.023282695361125396,-0.001137299860740661,0.02758788322175905,-0.17124354916213205,-0.1158849035211373,-0.16383569996693995,-0.07866976252630054,-0.01646295522958916,-0.2038926109025262,-0.05065602069159815,0.23826391169218633,-0.46805035274118345,0.10130806053708945,-0.2686776852458,0.017859446854168726,0.08977079512155298,0.16993988438316943,-0.01817041088234629,-0.06893320139358698,0.1064677648421283,-0.08319208801281072,-0.10733392904633665,-0.1696101564550097,-0.37077674522397985,-0.21794145386796662,-0.27095156085960187,-0.1323637344008575,0.09000281220189674,-0.21366215336538216,-0.29461795325991036,-0.1659673256974867,-0.2904929223046803,-0.24142856289109912,-0.05793742760635579,-0.10450449724836142,0.04568471923255254,0.18114267261425437,0.17632208155740473,-0.09029256497226869,0.025936208793719048,-0.11709929719836505,-0.1567238445605353,-0.2572906798442979,-0.3045635474340796,0.02407669785135868,0.35378022115289565,0.10082012562751551,-0.11172335848195447,0.10652598566220146,-0.05379981969611186,-0.24665005444694993,-0.01815636030160841,-0.02135507941656809,0.4958271530809845,0.09928326805577462,-0.14511543911295274,0.0063251483643672205,-0.0325759747098172,0.06955205457245052,-0.19550584343717187,-0.1117078332525598,-0.18485438154058287,0.06097081690679918,-0.2604053979566848,-0.3333334203263598,-0.09377196357043886,0.04344404198305021,-0.06645076795902671,0.23199594887909814,0.08289176199103969,0.015590330119921319,-0.042377142134806985,0.20585673232372917,-0.04729080998810308,0.1917274931632603,-0.08472496735007636,-0.1722012866881687,-0.01401651853594767,0.14246176810252378,-0.1841017839820303,-0.2699833982660788,-0.20441751088581528,0.0187436310212031,0.3377341223599471,-0.08251482141930926,-0.141401891075254,-0.2062816937315542,0.09376088110171113,-0.10236583744433438,0.09395206074361115,0.9701621346805696,-0.26231083289585366,1.2765144722959225,-0.5622955617791466,0.1054080926901506,0.5813201386401028,0.11419751540205991,-0.6060310612852997,0.2123078349206506,0.5231423209253403,0.3006526829528061,0.4144380724353653,-0.8840923576494799,-0.7676286916442431,-0.9513201575026146,-0.9335220317740005,-0.8502932063452172,-0.6174512563607512,-0.3009543890675979,-0.611949722390988,-1.077099699626385,0.33404611061652284,-0.6317119563080696,-0.3072776468218796,-0.3637458100688132,-0.390910179998042,0.3114776098884852,-0.4588245961774693,0.7385288243702807,-1.2950776712152465,-1.1092407758810356,-0.8638541464810235,-0.27256048876214944,0.45612639933262994,-0.8468987326088087,-0.19290319491817504,-1.190572687931541,-0.46748843788388844,-1.0712171571961122,-0.06260274882451733,0.3766285777744656,-0.40325025711204177,-0.06064184562058334,-0.012852940537185177,0.11703231632380075,-0.712516108827586,1.007808977714646,1.3386594362357593,-0.12561233793707732,-0.4692064039053596,1.9036782306966573,1.392137394741213,-0.8977528865077191,-0.744843596340115,-0.44737631213099693,0.8672298445970305,0.6341937146472643,-1.3398569151354454,0.5923332743769667,0.6111884439888394,-0.4728385774843391,-0.2812814179030488,0.4598876329892732,-0.3192022380842033,0.04138308219706503,0.1936949471381009,-0.03498642312338517,0.3417693345435332,-0.6495729640417692,-0.6340411137379118,-0.23301175798642385,-0.8384396844683087,-0.5085114459015414,-0.3957406608059512,-0.6402430612043947,-0.3348126453957739,-0.7143036785763257,0.20285782957531895,0.5671091683786359,-0.030626646467342082,-0.20258123881206028,-0.4945223909218866,0.027491035251472774,1.3079087845967954,0.21699381143133073,-0.1072443402766613,1.1340739551831858,-0.7900625474248602,0.16929211515632628,-0.5382352845261302,0.2582439179628974,-0.6618032112602469,-0.1615293314698817,-0.2601080495351939,0.4994226278902988,0.12316073498647609,0,aya
-0.005675025436857491,-0.05870843689745852,0.1272328419885275,0.01757041015186375,-0.22211316066790768,-0.27714508503775,-0.1007204933730033,0.07548689062170902,-0.1192223057961167,0.023589092588165987,0.1417668445855755,-0.09208352346414997,0.1819055734097729,-0.1253475133187946,0.1276634620279345,0.14763712136825605,-0.191976775738238,-0.032731713638611146,-0.012363915603164728,0.0563970686548161,-0.19354550821298722,-0.08341001419553697,-0.07761973470812507,0.10949266355631,0.07122445342738237,0.13093421593681828,0.11568481890191584,0.28116551127670325,-0.14680644822435385,0.06481709222878598,-0.20950225261410244,0.05038264796021298,0.11015500241215133,0.2318796202129212,0.022588672130518492,0.10291397238178993,0.2451035564429207,0.040532527676098516,0.06981911801580011,0.13313423782248734,-0.2397422343998043,-0.04562465977005693,-0.1022862262571331,-0.13270494693846543,0.2587455706914144,-0.08185892064235673,-0.028281606176837358,0.027081107800881,0.07678963425204835,-0.04302662062513474,-0.051297314086120906,-0.055077523248121964,0.0587153879977584,0.15175697862701454,0.184976800845632,-0.027807257607859227,0.04546201427218006,-0.12183487185067865,-0.15959371741991876,-0.25059283566106466,-0.059126763455732055,0.18294452069043815,0.42319405470600174,0.10726940348881557,-0.1198755778390247,0.12287772303215877,-0.11407211847578735,-0.1885138133336766,-0.03254115942857965,-0.0035346166056304624,0.4636814499340339,0.033083457709642244,-0.10519483892022814,0.03428349563912023,-0.04212550272571825,0.0867769464475951,-0.13413821139738946,0.020313814871354217,-0.0706316746599204,0.052929958373622805,-0.1879128013671279,-0.31376002141473686,0.061784335093323005,0.06586033731495668,0.31575856936097807,0.22440080588202932,0.23387225863223332,0.22757762334610315,0.1780955077402368,0.23124109793050335,-0.03322772707449844,0.23770865389882032,-0.023709741139498784,-0.11747672087988983,0.06998787062480577,0.24850877103392516,-0.049874480291701585,-0.07966017280244789,-0.0832093060666423,0.008487300338146505,0.43569755145550765,0.03211017995316541,-0.11289685664935158,-0.13517795168762156,0.16767912034373278,-0.32077268860421804,-0.3897277859875354,0.41314703179812723,-0.11974484664588228,1.7702076622559544,-0.8057772025289587,0.08849412497901178,-0.021065599249413553,-0.2907440663994056,-0.6444696028645833,0.6566821415852596,1.259366418578691,0.46157246060347956,-0.07008631830744107,-0.4989951263863323,-0.46123420584375685,-0.31094771581592223,-0.6915712775187761,-0.6748105326408345,-0.023871221338060702,0.21486372225035283,-0.5735574103355692,-0.49318732517955977,0.9236056737729594,-0.015146534142093543,-0.07512539276141428,0.03349237293227896,-0.04626244523215698,0.5848712398382174,0.29783861581734294,1.3510326900194387,-0.798406176911475,-0.2806179631432027,0.2850336000053648,0.3082402935359992,0.1571432321114826,-0.5532638967595251,-0.728439884832321,-1.1688359311424554,1.1428371250458595,-0.19330277117571204,0.9576685348271782,0.20469043533282855,0.02665973303871049,0.7286785520144691,0.09284545968248618,0.1802961737975598,-0.38938960780476467,0.9916531175135862,0.6322640856119173,0.4297978075928797,0.4879689376804576,1.4960125470739827,1.3843116578939605,-0.5250171044413581,-0.5457640993763702,0.15729204303165814,0.5868454100543045,1.2281592304934041,-0.13358714526732976,-0.012309403030272753,0.8750031979396751,0.5872167696657643,0.9234465115577607,0.26229783107449595,0.7730064367915486,0.3642839347561871,1.0215112974502396,0.5304167728094592,0.7350002422494962,-0.6903575779021109,-0.332505278996943,0.7776669667802538,-0.39641913604962775,0.7350451053995872,-0.0011315122692103867,-0.1747568591505629,0.2372161011684145,-0.07471236168421981,0.1150479157282092,0.5313277063998323,-0.6163266109125444,0.24988286303467416,0.297173423330564,-0.10935484679971834,1.63723657194951,0.18463670954420908,1.1641867271837916,0.6965783952741412,0.3621593534484154,0.1270579270842301,-0.008452696681185177,0.49692089153259,-0.6385157035809099,-0.004278156535126137,0.8767980338265678,0.6112947757335605,0.1814194732010461,0,aya
0.08049288317962769,0.022232777684112144,0.1570400666230796,0.11518945951424216,-0.2393529019126302,-0.30020893650260844,-0.10291208447511055,0.041570531682769266,-0.21639207289508863,0.10920647479666139,0.25018170884724833,-0.04212100976274602,0.24769776586701792,-0.03501565070285668,0.09349337070797296,0.16093108270175868,-0.07207645901316158,-0.008389938084117277,0.03555772323138925,0.03248579959815462,-0.19259631582322279,-0.10808694215470753,0.04149399112225652,0.16812662320969535,0.09805624196610488,0.18575177058609754,0.19620290633047108,0.32480797514756615,-0.08322742057003969,0.008770846780111453,-0.23586785767488405,0.03166804861091104,0.24719880404075456,0.2463399368272781,0.10831133680253711,0.10286999292636353,0.28372544440600944,0.03980895841577037,0.14951157572938767,0.1456158633343554,-0.21742944119723856,-0.06752902292467294,-0.08867974182751379,-0.07018391363193632,0.1945797448336874,-0.09470230285499638,0.19296788962971725,0.004801886985567193,0.13387460507579835,0.10476155739630283,0.10841060917568364,0.09609595163140802,0.04044095523817859,0.055197397888179144,0.07489013799181159,0.03812901032592618,0.037078466905031866,-0.11934820480598055,-0.08246183406111474,-0.13505273168075926,0.15298729805438527,0.1664243817641419,0.18792669597551342,0.06666901228385909,-0.05497017295996988,0.006737808321510886,-0.17429011861103313,-0.0843626655531287,-0.03182888173878935,-0.014775262198803457,0.49164909217686154,0.058168243327980484,-0.13619947992668582,0.07510915792921571,-0.08031311532977638,0.03764887187084017,-0.1186396662056173,0.20574854229042125,0.0028145856785926964,-0.004992493349604117,-0.20897505128060231,-0.2845374948992595,0.10288186074532547,0.06263867582514905,0.4197547643750989,0.14466258953201383,0.161385295213482,0.2056967259519965,0.13561041835529622,0.1636037075486744,-0.011189405177648744,0.09605300872056981,-0.0966049202056822,0.011427944676999072,0.08867216768741526,0.2484330248924192,0.03870272611378883,-0.044928569068319844,-0.08851298741528493,0.040383257942709395,0.46399588865927677,0.06161624766813964,-0.09772195827598944,0.0029494717701730286,0.15823902564318065,-0.5927342391845449,-0.29537383797714856,-0.11867654582336831,-0.23129869322693014,0.7623544535093605,-1.3609192029465886,-0.4218844329452364,-0.4707204263314942,-0.3636723173403207,-0.8075505188582234,0.2579658916899592,0.0816903059053302,-0.6283817133443159,-0.6951628531894264,0.6734119400316022,0.4511114505724585,1.0292383126662386,-0.23237559530160268,0.7663754741275546,1.5156182920108137,1.6066830252844109,0.04073040637245516,0.7210432416677781,1.021171904404502,0.981252568357402,1.744182643789723,1.2446585426273813,1.5295213971478157,-0.05765444625272371,0.12664080241887443,0.6072131359250942,-0.8546251191246047,-0.05496337324720314,0.08064895117334442,0.4670326547825565,0.5127798661623119,-0.36680297333977124,-0.5116114726087414,-0.9714101437308407,0.8603112603588974,-0.27154064955897256,1.1590173700145059,-0.34045153361898617,1.1178519560716544,1.2997081400953334,0.2273977952269422,-0.9117597221820967,0.43851666531705125,0.5581928793915882,-0.04518752199695788,1.2472565834451874,1.4476269137581637,1.7911282198185876,1.5038396975154116,-0.8686906736297563,-0.32486747684974476,-0.3904325753500339,0.3515929183627744,0.5937249355718218,0.024079010167044567,0.44203015256536854,0.6583426193460311,-0.7553271949657171,1.4041477060641214,0.6193360891334931,0.8469236072952021,-0.46149072872711355,1.2056032852333893,0.33658786046287287,0.47310773135973533,-0.6805852917503679,0.32247342745112534,0.4850439744131256,-0.20333395380799704,-0.9938362623740814,0.48730375423395184,0.5833811582866593,0.8534927518063726,-0.43420125061474646,-0.09053303621969203,0.3441209428995705,-0.5467294184404804,-0.500965282012199,0.16079444945869,-0.7619925109801913,2.0461223607336545,-0.5002341060581191,1.1091744317179124,1.5190969416465494,0.1639679420754546,-0.6198021072028909,0.5741589588347288,0.4148964176672423,-0.6410665078969514,-0.821393403878945,1.7475639878677058,0.6175043238160298,0.274033361560912,0,aya
0.08006603240512523,0.15507278282691164,0.1715891809974893,0.12479516029695584,-0.2914487514697049,-0.3134492221638878,-0.11319583165917667,-0.06831223901908397,-0.255561170976476,0.1648982564381873,0.2615395715139508,-0.007831893202091567,0.20814668580535847,-0.01189248316082366,0.09848265264708421,0.3385101560719358,-0.07444045341367272,0.015630984878163574,-0.013434133264403958,0.07810502293625755,-0.2590721661615577,-0.13260769047810111,-0.0009350181643718967,0.17893950019682303,0.07542684620929088,0.1423202292622126,0.11436326784885134,0.266921822930714,-0.028413907387602765,-0.03245632534331049,-0.26108436971657234,0.0788132268573046,0.20044938499399625,0.23151557295329933,0.14505792561655656,0.0006208355247817984,0.32938099637832946,0.04922451564038238,0.1442244079061695,0.14981275528141408,-0.18373574358019204,-0.09840392417415567,-0.02508171636787166,-0.08820350067102217,0.11629237304409717,-0.07460152512657589,0.28581251023259296,0.09547552798537921,0.1544267510650102,0.168421623785258,0.20600614014703356,0.08211507719158109,-0.041294553129070946,0.0821881324239329,0.054215754933624245,0.055849978864861934,-0.008871484763428195,-0.13033319003999155,-0.021388009423579317,-0.01860239446183544,0.30737201254398466,0.22210128287365696,0.2566507457713988,0.18936671719341822,-0.06355871082424217,0.10424466132188275,-0.14361184382602205,-0.1441622267537451,-0.05645172423500926,0.06996954537797144,0.51010610095573,0.021711157865064303,-0.07128869205408636,-0.01424021128790814,-0.09934705900839398,-0.014498038083208733,-0.26147588616556366,0.2511584395545381,0.09057338704502522,-0.05480392831908888,-0.03002637437433451,-0.2826390127038688,0.1598656717798709,0.1147186398470106,0.5280685344267843,0.15191938087581514,0.15472937742342133,0.19658791251102367,0.1625566062701951,0.17155272807441066,-0.00012954800519655253,0.03313952449812894,0.01323051798356356,0.07266809122081566,0.0790865292845276,0.2746846381396603,0.16606611712475491,-0.015168878256474581,-0.07915748028593272,0.06279686618569609,0.32987099497288525,0.0550250310758429,0.014388529531187301,0.07822139247297753,0.19536566939229355,-0.3804931109966173,-0.3163766049773901,-0.5387037098387338,-0.3508313211290626,0.8543898384147985,-1.350799461931234,-0.34977027798257654,-0.63320247391527,-0.4182567179825469,-0.35468572613420524,0.1468273004925086,0.19864480299435988,-0.6628612050407762,-0.9813065291657376,1.3398520273858716,0.8781036473960941,1.7241348228726245,0.12586870477862516,1.7972838392916743,2.1574686824788953,1.6552523599252202,0.38570581201712456,0.9954857123055302,0.8485931951992498,1.450201546324768,1.9490660358727483,1.726022758165649,2.1128182549964185,0.25309625246854994,0.2896573850129071,0.8007392728051564,-0.29741357530518886,0.11924498061579565,0.6225707338795141,0.6978605401991651,0.35839662355821006,-0.46459724340901537,-0.45217027580186203,-0.43682265031339756,1.394201140537136,0.7567311786403481,1.3695149250413878,-0.5009281091331762,2.236692447825989,0.775685005856145,0.3496444663895541,-0.4912830982385745,1.4631066475809738,1.0381347554555882,-0.44978544374982304,-0.27383951161001213,2.6869907251867478,0.787228404346104,1.5401269940032385,-0.5579802962144317,0.38783104421540154,-0.32342991218721795,0.2139724338816183,1.4837183817064121,0.27120531405282905,0.9778164641350401,1.560964884324963,-0.9193276250045774,2.1114008106315523,1.3481153671762172,2.059792070434106,-0.9573137703160011,1.7997947930020326,1.468826951735764,1.3305298004303123,-0.6667598920953872,0.8898599929566985,0.5502488844347873,0.7062903957540001,-0.15415856469591405,1.5175075565585139,0.21001716468275658,1.4437501473601129,-0.7170682925688702,-0.09826911581016674,1.3427054613734937,-0.10109978805155968,0.2564569423809555,0.2979548195098842,0.39277657221810086,1.2694239609156528,-0.45401716180474855,1.679142765258627,2.1004552693943523,0.5532418172310232,-0.7758650215494896,1.127643059614311,1.602010832760109,-0.23108020708490545,-0.8807947888792077,2.3801171934354763,1.5619621286147458,0.3735430058260391,0,aya
0.036363006173982214,0.1724977545195001,0.26032835615230826,0.17036824300367395,-0.22180252829559155,-0.27000635543125623,-0.10525847327104132,-0.09370698865252367,-0.3357823080215489,0.19164094015488567,0.2894468417738733,0.04952927705326158,0.19661789147814712,0.020701344925828105,0.12163889442761008,0.4819484933780159,-0.05627169199411549,0.07676978673573336,-0.09016421444411263,0.0963630077026079,-0.29978107304811474,-0.05159800804070312,0.056569109721768304,0.24888288375636447,0.0975348288416427,0.19412063185556866,0.09236889465128141,0.18329453070462604,-0.09770050468494902,0.007664823922425529,-0.30968839388935404,0.13578752182198942,0.14000145562805297,0.26990545330055615,0.15901975087559683,0.10081977994189624,0.2754280939397378,0.14478014465461778,0.23747240594158586,0.14062685638747843,-0.05111577907681673,-0.12829894718629473,0.020532058480856503,-0.0271629358038418,0.1061651240658485,-0.11540123105934441,0.27883703122822134,0.1255863625709359,0.2642577132905537,0.24793470067521825,0.2784403878844289,-0.03127664629663665,-0.11942225888950628,-0.02510106231361215,0.07753773766145142,0.12118221725262925,0.05341620206062623,-0.0981007683697609,-0.004682017551705357,0.03624481103934973,0.40138920040483034,0.3805225388827105,0.3090908013220663,0.1500045005680047,-0.04282984745026442,0.08788342680320801,-0.2226326367427163,-0.1867709394669579,-0.005706379939879957,0.17907628566590778,0.34370693247422596,-0.074036574681255,-0.013526457879703765,0.007718690364114732,-0.10872501942159238,-0.017543293293774236,-0.25181859559338693,0.26979996425471303,0.12238038453373735,-0.14580489447804937,-0.004141928063367238,-0.19481926741463956,0.0770335405120952,-0.018093151460692725,0.6441528482186762,0.08397401926644586,0.1972191513126973,0.27903946557006104,0.17972074216515327,0.053964058821990686,-0.030212375624925694,0.0007810825933597466,0.11677869057131121,0.1883789896244305,0.16892294927502988,0.29574914447805284,0.17707738140311086,0.08754152685055279,0.04808265281907464,0.03748547087937446,0.21946925794834535,0.18326809333814378,-0.0050076746968083395,0.11435967504653195,-0.03687986118356036,-0.269248554859904,-0.23053892320314176,-0.7136067272018195,-0.4824232326426868,0.4229946347259636,-1.0255090123457489,-0.7100828279459506,-0.5510192905174636,-0.3450237098460724,-0.06791285388832011,0.04472300373982597,-0.2630694375623195,-0.7982678968058948,-1.1329365978456556,1.6125878008305385,1.2818147538472657,2.1195004846333823,0.1472967910327962,1.6713308712089356,2.5369893962207293,2.2623404107115515,0.902342806408005,1.2920725250620555,0.49929281678301557,1.4538544662038226,2.1705389490148055,1.8096078975335486,2.2376601214005762,2.1390428452667725,1.5675862513742553,2.6774415563202476,0.12894345835673224,0.31390840125356306,1.4986058922831142,1.6413392884032287,1.0329780385229943,1.2682414968930962,-0.1675828690588049,0.4657961965824184,1.603880206664378,1.4290262196010721,2.2201800531985594,-0.7084415006676645,2.234295449927379,1.4619068645944258,0.45484053959269705,-0.6835222004244106,1.7034877035305764,2.6542571409596647,-0.7456344622787818,0.030542272673763752,2.4836041464385454,1.0271803636682661,1.6596056125953764,-0.8540626481987075,0.2854070767656369,-0.4631048958225823,0.17830739895331207,0.7571691091414331,0.7386062379002882,1.102570389046606,1.0423462975913198,0.6275172836454704,2.532425532131023,1.6092844707411518,2.205375726632363,1.0419499039924154,2.57814843429865,1.7580970822915263,1.6936324503360403,-1.0579229023262997,1.2510411463028401,1.0127885936339323,0.40388745136085163,-0.9416949504323343,2.0481574576980806,0.4206481027985554,2.2912544010270772,-0.9258354280289649,0.31435971081705083,1.264379658905691,-0.026148178493485004,0.15590243166524811,1.326973206707592,0.3167971299226568,0.9855591385247949,0.10255061104899073,1.871440033438099,1.9375216387246335,0.7277467426001457,-0.836566929150157,1.434903686283857,1.9482964981952435,-0.20967996762858504,-0.3370090813330014,2.015726482500268,2.2315422033331007,-0.026274131304209362,0,aya
0.030619067477729835,0.22113150255787062,0.30360040224455115,0.19370555211758123,-0.17091715826894144,-0.1710100701564764,-0.12516613696384832,-0.14718840902135497,-0.3528099737456036,0.251892508188763,0.2647898254010349,0.05758502311204762,0.18414292537205268,0.11409724615907432,0.0900506949185097,0.41428072193156673,-0.15387675322927577,0.06982683400361588,-0.08931149076307408,0.08997007410481458,-0.30090579405498563,-0.16645485945665262,0.09239878044483579,0.2720104492475304,0.10957774852592671,0.3549217489903966,0.11669173940182925,0.1788849970689769,-0.07459098015667372,-0.0508107720717731,-0.2956888583487607,0.1360551238020969,0.19066323130391183,0.21989867537197352,0.20400584420788478,0.129195848858143,0.1941957748094424,0.4148514453646304,0.1611460080663166,0.12593031607463742,-0.03771389851146473,-0.13445425924923488,0.06107392934595809,-0.08362253096737364,0.15781574759527134,-0.0209572111490212,0.2951848696183401,0.12546943029839813,0.20733548219989503,0.3305767105048654,0.31789179142459195,-0.050434942604595565,-0.17287211675489414,-0.11695777638856081,0.0250815443398424,0.17189324678925302,0.024501695287267974,-0.08195319083775456,0.07182327852235341,0.11592604037905072,0.4775974982283412,0.4061717633704294,0.29179844087301304,0.1488370741734128,0.0015797850089623617,0.036794067991832075,-0.287552873795058,-0.08066528082186718,-0.04184566755030769,0.15622155395452172,0.3713358644525877,-0.14950375828398696,-0.16632102949528207,0.008645828987296376,-0.12247415839484571,-0.09352998104274422,-0.17373735864558457,0.37867323568068106,0.05057325416345306,-0.17758252907995967,0.012496567704279524,-0.08194386139984702,0.06290781657669259,-0.10282265458797663,0.7075326954058174,0.04244738183126327,0.16864189936613527,0.3295111470947856,0.13340802854601008,0.08458883896325486,-0.06964453972240754,-0.1166452969665781,0.15433762686936453,0.25938171252713227,0.1208620757922406,0.27295107894780846,0.17896386522955593,0.12575339319711615,0.044295376556623044,0.018385776006531105,0.13268085565153975,0.24184314926592165,-0.13067500900473286,0.22240755298638276,-0.1770438330847279,-0.6658527170431502,0.06611830383780518,-0.34201579341504285,-0.4372791316239263,0.6307532344001049,-1.0667533100709747,-0.8190928004435089,-0.646742267164373,-0.5691125628680529,-0.18497550632297885,0.09778050579169258,-0.39591802499567935,-1.1236068740447354,-1.2603285355943332,2.683815134309631,2.104630996006463,3.1082106163469376,0.34033697218874026,2.1286673808961396,3.5963623220667063,3.09291834077834,1.5632306118698442,2.3303930886963755,0.32841011613640814,1.8673539620989204,2.8331078495399398,2.494466795950525,3.1142647194066093,0.9156699489609258,0.7813393258292404,0.9452186235292381,0.9734903566944607,0.6069202697117831,1.3429388434121292,1.5739491358693358,0.7375271210370785,0.8311815296988253,0.4895725780164755,0.9171915702296007,1.3820502024886838,1.8614106427571604,1.803080965238608,-0.9607431137951713,2.6865540347482004,1.024496902833711,0.4631799072320149,-0.7834965412961664,2.2765929751717633,2.0308388175426026,-0.7292245807159714,-0.7644729087051493,2.3425921337920546,2.0818200498914545,1.7448253914976728,-0.9286987389411167,0.564142698667349,-0.7371996245300118,-0.17333082125734087,-0.0013377419678200241,0.7045477463802814,1.6445448473848516,0.8976348042564578,-0.6211492514921569,2.613509039254653,1.3502338444378836,2.1890165063660914,-0.7428492004673876,2.680778667212055,1.7394091354302978,0.9475571771455744,-1.0270916845323286,1.794259328361564,0.8364511912694207,0.589595512437817,-0.5279992703964335,1.9435536371069422,1.2139913778122446,2.3763010953209096,-0.4790861196294951,0.08916773074499332,0.7810427136748566,0.5906276189367936,-0.14526527901875452,1.8071368676308592,-0.06896510318958941,0.5934323843604064,-0.9919524385182424,1.8775519451578224,2.3025174611370343,0.8832094225963609,-1.1819251320785475,1.9649250506965514,1.552038008047736,-0.32885152301956716,-0.7980156156860678,2.4545846220182495,1.5928041339963974,-0.45449621831339715,0,aya
-0.05063981155257301,0.11042503383664434,0.30528291313755684,0.1958912495346661,-0.12253179851917506,-0.10902957114689975,-0.02501495273794429,-0.20592371943308985,-0.4285692858722196,0.2838903507503433,0.29681478046455945,0.16320786960372854,0.20504711970320327,0.2746519223909916,0.06117237178032753,0.4711380933508005,-0.13516841186825632,-0.0044802828662513835,-0.1135129642002025,0.11901220777407809,-0.3202552761672413,-0.2762654714256352,0.08753164927618745,0.3243915146191615,0.1685538725170165,0.4480435149260784,0.21006966095135643,0.1495935126563771,-0.06686409064650065,0.009704531190224096,-0.28132095441884303,0.050676841426537195,0.09100217985393161,0.26045987666713505,0.20266164513845325,0.11069618585180273,0.12049314780088774,0.42317131942589403,0.22141152601524972,0.13932822090597793,-0.04090892004221714,-0.18663770278488126,0.10316119500504571,-0.1211115981344105,0.17364570060848175,-0.06994582184412963,0.27205339373690374,0.1260615600709588,0.309489884238988,0.2721217388886971,0.3102848605874557,-0.04256904181276104,-0.17529260179421105,-0.20263582103097785,0.013726097567755467,0.22069190867390537,0.04357370664724221,-0.09120398814541272,0.11631921177185711,0.14084385493879134,0.5236415090217421,0.5397680495412773,0.21553540910842162,0.1619078675787563,0.00011909240486340181,0.04590466314664666,-0.22649926338004048,-0.07351566721769122,-0.025563477615819296,0.15619419511733026,0.19633845428919786,-0.20083492905404235,-0.10397725512533335,0.05010514140642038,-0.11674308718189598,-0.022261819858180733,-0.17138693370922234,0.4663444048487251,0.04938158265556307,-0.13655262038764174,0.06975596612069765,-0.13795471647500887,0.15286915144435903,-0.1053344007680975,0.7186616430345102,0.04496110170641334,0.23368111142374082,0.2701035050426833,0.17063526868598847,0.07214552034989927,-0.08338179850468522,-0.09318560399927016,0.1676983276648053,0.18532408638839226,0.17596107766396582,0.27169161118312185,0.16536108095371427,0.0215789327460364,0.025383890510415976,-0.006682951316458329,0.19688418544877034,0.27919761539848637,-0.1311450352763321,0.11255852278995636,-0.16780020812031193,-0.9637412491299076,-0.6879534024775339,-0.7287983098024438,-0.8945537088459948,-0.9234885660495865,0.5819428211385217,-0.9921654192439878,-0.6203072180045633,-0.5869704759721579,-0.3822932147346966,-0.34209931604897603,-0.8732041835977508,-1.6194897294044963,-1.31148668697947,2.7233167147564963,2.4023865715583006,2.871703398604681,0.3893262175619024,2.266282645531763,2.994909257238483,2.642701932042661,1.864897939553029,2.742850927893407,0.5163048045742531,1.7161578361675787,2.401534148335833,2.140925307710781,2.782593672564466,2.697007720165127,3.3500181481379263,2.695375098027012,0.2978614751168826,0.6440912138722502,1.1218156611310417,1.9464889049081038,1.6327874989219608,2.1699419052095106,0.41386166355294085,0.5885173849030799,1.1251625596498385,1.6940018012879812,1.8297279880917432,-0.3458443350676349,2.515808848047711,2.716563963522216,-0.32424958919546104,-0.5611385292755278,2.1037856600157507,3.173425879067419,-1.2188195404621927,0.9175783066810296,2.428359956053869,2.6922771070301645,0.9394046875392812,0.4948491233929368,0.7980182404501609,-1.0260083674917921,0.06230445788749484,-0.32778095121053913,0.6103859160455867,1.5221106868363306,0.5361925286815067,1.2103283733920847,2.390602221827402,1.6884855550626228,2.4802951014676125,-0.36064521790135173,2.493774502171757,2.1682835824565716,1.1848262254285866,-0.27647870955675696,1.9434440711139422,1.666942570258556,1.1007023407154195,0.06327128429300106,2.515154714735134,1.6414177087619932,2.6243819414027705,-0.9921396512506928,0.16241097625544693,0.5942194191664503,0.20185154672359337,-0.6716359917571328,1.488039008491391,0.039733862622995594,0.06228588033179611,-0.47356122181658833,1.6639158944678003,2.2252877566725813,0.7110039480331182,-1.7011328916756208,1.4456747364918419,1.8038630726340077,-0.3878827416584158,-0.5697591165057238,2.370111535492225,2.1684663901841787,-0.3961062672420635,0,aya
0.02939547926455076,0.11729992488814987,0.37324526620777043,0.17575954660647444,-0.06336946350069185,-0.08021066901071677,-0.061867111793037576,-0.3078370473131494,-0.36524948032029675,0.2654723963491937,0.29698631533247644,0.16537098903312744,0.1510324967545533,0.20238988619964565,0.020557309723082836,0.32621582065080973,-0.05164660505629526,0.06481947680061342,-0.2373446174474842,0.12706349645907117,-0.3014675700128319,-0.2069147389986412,0.10189431238246117,0.2690635939569828,0.11448511670682016,0.45761488437857334,0.3239215569058806,0.14454872093019763,-0.1101857978726623,-0.017295543009726876,-0.2627967294548005,0.1555450958859973,0.14581532925629848,0.19031905724286782,0.2635933155243455,0.15245165707943298,0.11705425317380888,0.3930585022329395,0.3640781045772784,0.12185616902210293,-0.05211840954309035,-0.1741739463330307,0.07460586664090714,-0.13860682619219528,0.2012717328375015,-0.1503882063365361,0.2962222900467596,0.12358943862930954,0.3444760459335243,0.27281791426000396,0.24629685426732337,0.053111245046534125,-0.1961294110744267,-0.3128490189817806,0.06119599835225709,0.22645498385263518,0.020223972517808782,-0.05755085971365567,0.14879796073810408,0.14646986746096827,0.4638233613769118,0.6369359180626685,0.22232128058204648,0.16887588682538363,0.027927932927910414,-0.011327823259098929,-0.18744482640696838,-0.0483812544096529,0.03071350549471075,0.08441930595540488,0.015749363084684796,-0.18825847722996455,-0.04892031959430874,0.09099456766066923,-0.05819867023026996,-0.06961216519920707,-0.21610777493746114,0.49267521351554466,0.1041975706564809,-0.14477671131030995,0.1490200996812015,-0.05149261295717428,0.14587796321157231,-0.14997745649793862,0.7726424588291098,0.01458960981528602,0.18077873516846757,0.24227538482400648,0.12222437159493203,0.0010821855300838833,-0.07281053085054381,-0.04889777692837077,0.19638064443941253,0.23162127468176563,0.11171042928016689,0.2762847985289611,0.061950904410727155,0.010934715639328034,0.0736031366314644,0.08137631181546644,0.19653808722953442,0.20257899219703338,-0.1404689533023069,0.09147420161816527,-0.2137009917708614,-1.1903791752413813,-0.5817349943070932,-0.6241587442969487,-0.79543877652212,-1.0128131739112587,1.1174364369386511,-1.0703969733381742,-0.7422597172941141,-0.34345873421160483,-0.7165793205151357,-0.9421944865637478,-1.1890545489060953,-1.8564931263243396,-1.2828385658579646,2.8858607606841713,2.5831221444766514,2.827900410634383,0.516455859781391,1.9987208397471177,2.720899802524325,2.118270000756074,2.0893432107666206,2.416000869406572,-0.3262706138727816,1.3564756207210538,2.032734589233583,2.091887841503507,2.5797554653231716,2.0290741781075328,1.5732523885936358,1.1665980553528215,0.8194440319088252,0.2664286717451488,0.28784708706885326,1.089692530658899,1.8292304442245224,1.6650602649962447,0.7558666230785734,0.39223382307340665,0.7333628301678763,1.070594410203867,1.6957106419467647,-0.37855837113219093,2.8868680234325836,2.363631481923956,-0.5726892775985587,-1.1741124071200861,2.432756475142009,1.8980326063053259,-1.3527683409415203,-0.09717241210920985,2.579531689611243,1.8383686298188762,0.48415166963099593,-1.1117679472015032,0.8728946708410604,-0.5267794872982772,-0.03173762500552162,0.8052509006037772,1.3269650391967853,1.1547127418111476,0.30494749394174075,2.421199640535065,2.1889305439883286,1.378569071723782,2.4096631863955147,2.1315356058886383,1.7914204625652954,2.0805513246171046,1.2814957106572729,-0.6043194879910015,2.2065477767704826,1.5431104980816497,0.920692433976784,-0.8408680930826848,2.621818117404027,2.0349672047905,2.740964837142808,-0.18118370544231396,-0.23973011938897265,1.0370200468014699,0.04039150915644679,0.4852821199444923,0.958990566867057,-0.2684677434498063,0.4373136204274668,0.3211084740140248,1.3489784108283291,1.9564715631458884,1.0211486215816077,-0.6595139763162255,1.382841105875998,1.3646471766871275,-0.29902019750108716,-0.7165807659651862,2.1048323532618056,1.7315904404573785,-0.4916032086193011,0,aya
0.13516542277491317,0.14943738599637446,0.28742147428252485,0.19782148318713166,-0.07159408631033938,-0.04286721880701348,-0.020261500703140936,-0.22196766374436974,-0.2946012654848801,0.26734852882025356,0.1956412194447433,0.13132590468833602,0.17515448689219815,0.18244443391411275,-0.044770582835374516,0.3109928537383391,-0.06455079323037764,0.13207355812644483,-0.2801477450016558,0.09603117509744884,-0.270505924456384,-0.22410194330457428,0.16415997856567602,0.21052188415504092,0.1376885747483887,0.41586595001118964,0.37860985278118614,0.2401800529651435,-0.08920144563652438,0.021653725655596617,-0.22114119674202876,0.11509333870731672,0.13063260004730592,0.16335330140477863,0.2704410442314788,0.15595588304190058,0.0798953119185668,0.3703358708070337,0.2678864430478731,0.12373482696007583,0.018274220738306573,-0.1981950110235158,0.10299641981446174,-0.07794048448743375,0.14397053584246305,-0.21145563935835263,0.3228781283099176,0.16107930907273058,0.3538161343428438,0.1956454471310017,0.3105759487031206,0.07791298177216373,-0.32209677605053927,-0.2400081274207265,0.007534825043751785,0.2665959827348188,0.05511494464235622,0.06433165720304856,0.11498168240619873,0.13321076251977293,0.5658978159166462,0.45095864554725007,0.09721238946883161,0.11807226936555656,0.1561297645061909,-0.056408185064665065,-0.16110709932390388,0.032439587703225366,0.02989241426055069,0.22939132747402602,0.08036857273687055,-0.037183969035467376,-0.04007527190191736,0.07752574485720058,-0.030730397573146207,-0.10687364271655352,-0.16621922089373464,0.7662085610210129,0.08522815790082663,-0.16352830640316307,0.14170583581714716,0.07335003835686602,0.05238767599790966,-0.03652394652180103,0.7941431802542516,0.047885735904634734,0.1125960134492481,0.18083768305877485,0.14904892104207124,-0.046466706857864935,0.014167072200701859,-0.015072795128713137,0.13193741387348557,0.21376387514264716,0.05747662384619653,0.28169761375938424,0.06709777604950817,-0.0015315287041378501,0.09464905047704435,0.10294368149592295,0.10610842476075466,0.16916958702430895,-0.05502720963349825,0.15150578121322048,-0.12377472007352763,-0.8067502980140809,-0.9296384391217096,-0.1563829534535161,-0.6722295477293829,-1.0350644900516754,1.4242554127792388,-0.9677338544315774,-0.5878838054375405,-0.30881633747140813,-0.35036031067625695,-0.8964251575340191,-1.1640315341145757,-1.838832179318534,-1.1249150561113241,1.973640028111139,2.0764958154488014,1.4642765408082024,0.27661131011290907,1.2682777184765142,1.0564214310235835,0.9733633317001594,2.0741005495904608,1.5813375999079364,-0.4034301761727593,0.2174276759828258,0.4738305772762123,0.8042317222268007,0.9268363868205619,4.122712911853333,3.9045069834697923,3.101138151976692,0.7914375047696662,0.6342778143840446,1.4004972211737583,2.1946154223573706,2.2626547306800235,3.456072140856484,0.890934324507431,1.1406302319089177,1.1284076590330567,1.6407402348204931,2.265548642270559,1.2374752889531841,2.627916450532874,2.1050990365810893,0.2209215331424529,0.38341160250523687,2.528376599941974,1.687146297255056,-1.2704386728296964,1.2564136078328094,2.831678531688009,0.5524240741416881,1.307585274368212,-0.06879479045770728,0.5366456808927005,-0.3877394854700326,0.2822139344927322,-0.05983267671439836,1.4743155365656886,0.9046029203729368,0.2563521417137684,3.872577357889291,2.053452478682294,1.1846710762764812,2.476227478975359,3.1842628144552525,1.8266129780377718,1.4712120540493026,1.300330884617627,0.6855072772888303,2.6423629745032993,1.7393063064864145,1.918250476406728,-0.4750976260523289,2.9985314021595384,2.3435726087250863,3.6333899513141588,-0.5654551715434217,0.522736662748368,1.3337885543215642,0.23511051078391398,-0.22738390750892254,0.9290984251876164,-0.41355437071168366,0.7981920294227084,-0.3047626464386826,1.368277904902949,1.0324512506004946,0.9847140694140903,-0.8193253508418723,2.138322024446984,0.42742479034263287,-0.19992648918819259,-0.3241585046250645,2.0852985909541832,1.3461162483562585,-0.4646480123071476,0,aya
0.19122683079687428,0.16361664915883023,0.23496051852730718,0.14406160250108999,0.10420205184837206,-0.04009785731645772,0.04910249180825041,-0.15485307083700958,-0.3288202772412449,0.27906871336541306,0.10446731818336484,0.1282505917339511,0.09271375880066962,0.149968275235369,0.11747392952123498,0.30296677571500347,-0.05122811029605996,0.1090145987929255,-0.11040365666853247,0.03985817153132013,-0.24363287614709506,-0.22675593978994232,0.12978720308866917,0.20955500817154857,0.12045471737936261,0.2192961839839449,0.22468092601287304,0.2590270310799629,-0.11985223690866097,0.04500706048695943,-0.21898172419767586,0.04690503084717559,0.11427880544105522,0.009696564313985957,0.2704643363264147,0.0330311555215414,-0.04697092440086587,0.2369086774134671,0.16199903482196082,0.13778432529487317,-0.06456615593163252,-0.20560466515257428,0.02274240894912421,-0.0678412336430124,0.02108775327093678,-0.15748576738910602,0.23447498724631624,0.033066077348051295,0.2587527989873725,0.10903505243868158,0.4111233347790292,0.026349009017290034,-0.30088282668468463,-0.18567240911365718,0.03157721835765211,0.17346138097466068,-0.007601880499261148,0.1607422938448598,0.119039382438779,0.1863665276510953,0.5283617300979266,0.3913811796387461,0.05377523344378497,0.11407025231751192,0.11271955689361714,-0.07334459389682545,-0.12527819465915646,-0.0455729907325203,-0.048259962094606104,0.2797102693583078,0.1617463789111797,0.013530945359793682,-0.05455013734556544,0.07831522865373623,0.07845162814629182,-0.03827820477251584,-0.16478736420454235,0.892272691438851,-0.01471599338131628,-0.19609501918429736,0.08825260349774207,0.1529183747591356,0.030494580959264272,-0.09287495756860485,0.6880938324209576,0.05562506221319781,0.005539685134854949,0.10516423312097038,0.10646344784997658,0.02453168262184394,0.11082224838516315,-0.022561952960924007,0.03790850820623714,0.3025918409555687,0.131052463630095,0.32515970087749374,-0.0035817740758472927,-0.033611935688464,0.05197703072478633,0.2011677631598254,0.044123008130627216,0.12315769029437684,-0.03256268217244683,0.3096400467427976,-0.011562163515793759,0.16588281008061986,-0.8652223693861694,0.1489094800537837,-0.5287992723853115,-0.8178955892419575,1.1107310899414151,-0.6454490472103805,-0.5638677110530821,-0.03630247099008224,-0.8011752445527738,-0.19963248481862395,-1.0318749161750203,-1.4693817379132355,-0.8419814335215222,1.3694675065330508,1.8904878804802503,1.0714928761075195,0.024713509907014947,0.23620983391890735,0.990112671632252,1.193732842456961,2.239808500487008,1.2075006847523642,-0.18916346694653413,0.15994532407805812,0.40367336483725885,1.1782656617946965,0.6344257696709129,2.800937088527115,2.128866708906016,1.5910983756155601,0.5759599610284025,1.1175133233185424,1.0038198754740262,0.9503982491329768,2.1104086280309073,2.9689831933966584,1.8618039314308072,0.47962677441331053,0.38017524934225516,1.0190576852136253,1.7170698813877243,0.6648116253188309,2.4196469554848172,2.039518381119044,0.5603086830182571,-0.8713058406811749,2.860981163430583,1.4793534149469372,-0.5973460460172947,0.39925174303379385,2.081549279371152,1.1188815122928968,1.802767278550557,-0.5751751581992409,0.7286198004240202,-0.13007014314751145,0.456649181919857,0.21365498995862203,1.2815893935034595,1.2600809047602048,0.412736905707322,1.6188155988481434,1.3558089480922793,1.0804558822675652,1.711766824747403,-0.3809441744510064,1.1215372964449704,2.020176371871096,1.167720166158551,0.8226727167314297,2.3290833207748647,2.695122283431658,2.293347454001061,-0.3051974273519435,1.6568273929492934,2.781755875209403,3.2698555172335806,-0.5765070015714618,0.7628214007489725,2.5366463792533165,0.43046684442098937,-0.044995746452655014,0.6174434897053656,0.37964115038484175,1.1216781572957955,0.23268502337215397,0.321086365523616,1.8460176704067162,0.5550882852756012,-0.7526775671727755,1.5443203985872722,1.745114565202734,-0.1915851896299644,0.5231249760067512,1.0933338733682392,2.267080157443155,-0.09018313609129511,0,aya
0.19193338305012766,0.1390553631764125,0.11551763700420574,0.129070059921018,0.20441997497951725,-0.04669250667046021,0.0661274964148778,-0.11229925027152324,-0.26327982937958627,0.24836047065648964,-0.019473759833720714,0.10048938611310013,0.05626789891897741,0.1227602173440359,0.18891670299748445,0.23469845484743743,-0.0818354769277527,0.0921737184009517,-0.11739866884940613,-0.016218757021247344,-0.2796912853136155,-0.2504753208915345,0.16289574517247388,0.2507277217695535,0.02166268346892242,0.2077252779484834,0.15699329863808056,0.2466268410706121,-0.18720542688987044,0.19800125104157412,-0.0967140163028872,0.01872884132505864,-0.028503626066715703,-0.03260979810959098,0.1923041429373851,0.06883669401537532,-0.044705413189353255,0.21371227039030447,0.1277929003416497,0.15065514520113207,-0.030725713340762566,-0.10102934960384542,-0.02590600418322513,-0.08433640762115549,0.028147179604224155,-0.11561782295803935,0.07069205721692222,0.01900943563381315,0.18796003114334592,0.04815565582611425,0.32912237379409165,0.00949629043831017,-0.32269847362572135,-0.1985008730775945,0.06798858502491556,0.051391344955416626,-0.03803347630370665,0.1781680309163514,0.17357978135540453,0.2017280156335068,0.5598356325646073,0.36624796151113403,0.02305965844439284,0.10296635887035147,-0.028519989493274913,-0.08103223954519471,-0.2199264389243442,-0.03754212637531573,-0.018004265780075978,0.30264047217922346,0.21429779139848026,0.0587145082439408,-0.0011832142365152697,0.12598422821391664,0.17239131093651922,-0.09057026712859453,-0.22355171563966572,0.8453516461348034,-0.007869863734657128,-0.15818278427092156,0.06480644664771619,0.2052084719675284,-0.03466904877790719,-0.11941311184381657,0.6488022759601538,0.08426642805550394,0.06761875937516833,0.16098198411972287,0.07823767267868943,-0.025891649830880343,0.13682349823131312,0.05354730517277295,0.09523239471159728,0.19813508267372687,0.14344924012825486,0.27635183593083384,-0.10867942156649059,-0.023720260918694325,0.05194064777744723,0.20671929859013075,-0.029537772180979555,0.07588198847879106,-0.013784918380664835,0.2869613447849662,-0.06949920455203193,-0.24084197118685302,-1.2102393452486853,0.014280762431628983,-0.610198959426869,-1.235476123973895,1.1143471060851544,-0.5621441429988663,-0.754234020977617,-0.47274076880660937,-0.8430654260828838,-0.19816936787726674,-0.70381126518715,-1.1591689936515643,-0.7771635625989854,1.688139781001785,2.3892302558551894,1.2174611882384128,0.34869269501843636,0.8961715508278449,1.0241108275127062,1.36011706774123,2.572367291633635,1.3052269621595232,0.6307544959489866,0.14491493876181225,0.423313335776352,1.1620877881206433,1.108906341877,2.2495202761911535,2.3552455097372786,1.0894291829828717,0.6863481094642772,1.9567275122772299,0.7604656110266107,1.2253689268810335,1.72159098968931,3.275812267233343,2.2650971560910107,1.2100245054580758,0.719882145059816,1.3447617972855075,1.7846884201872708,-0.845583462077551,2.316477656121432,2.7861400680266564,0.6429084959634329,-0.9929212098505592,2.711071491982298,3.8784177418277666,-0.15087343012481375,0.13829549820211257,1.7888615665881726,2.169159333890894,1.7995427362200793,0.22863787724766407,0.582869751160613,-0.6562698661515771,0.5617382801181171,-1.2877886779642649,1.1301390629423622,1.2776711352370043,0.8688962581995412,-0.7894668556863719,1.162112059539627,1.5472621084968992,1.6391157408789703,-1.1009604555255208,1.148458819941323,2.2489882828939165,1.2712838144874457,-0.05255405091329343,2.4247709552547105,3.3573829927061793,2.312630818320479,-0.6009689434152308,1.4708517537383803,3.022102928788106,2.8545770881251666,0.141135972896646,0.4201073991185626,2.550339173449019,0.6066333578895305,-0.7435866882354704,0.9002350072184515,1.1559277108342765,0.7956022901846387,-0.8352988490809127,0.2698935306393572,1.3192052220907218,0.8487952921374977,-1.6209117483326176,1.2582637544637458,2.2625346944850513,-0.13218019890952,-0.9736161333615126,0.8221071945509303,2.1416939440858287,-0.15239399189248343,0,aya
0.22311015769476558,0.05206597756752816,0.09423102935408754,0.11777691589956539,0.3354010386738785,0.0504564606663074,0.13239408939509542,-0.07928009813353519,-0.2585060082769518,0.2286404501646802,-0.06042251025339439,0.05860906045707209,0.018025289181294774,0.14401261877078828,0.18337688769104327,0.17740930038674105,-0.058572366886458054,0.13130867854384784,-0.008324098870485736,0.002603612599688749,-0.25729391794059386,-0.27051538993189944,0.2995245315791281,0.2306974418554229,0.0857552581071784,0.20952013518708698,0.22246346423480537,0.27150936783772417,-0.3019022607362871,0.2709102321884009,-0.05003667154168801,0.004473360226651295,-0.07862883103757455,-0.03917897820657081,0.14277036941161625,0.11062515658671049,-0.10397100065511683,0.3677450150256014,0.032290386804869356,0.18129181794433727,0.05403012589068558,-0.03463077377244234,-0.013117004194699217,-0.052184129822534286,0.045460869536282554,-0.027371275950702174,0.0258571752117707,-0.09112925608375357,0.15058272285038118,0.03988315932524153,0.3442020040758311,-0.06400919521772747,-0.2722379509398834,-0.23589146966676883,0.08411822665026739,-0.09900699697949901,-0.04532900206164295,0.18617339268657018,0.19667602678998578,0.05596526664122637,0.5830276978919682,0.2959210449974213,-0.18154758842559193,-0.04538073099254866,0.11499198104236945,-0.15160992159937897,-0.24822838985453946,-0.03395720302212868,-0.13639793033266065,0.3013821910220628,0.18704382257032284,0.04709053802735568,0.021840667590469078,0.13047411808485487,0.25439762283433126,-0.14142137751618136,-0.17361075304534043,0.9062898494994001,-0.028897461195122848,-0.18769673132353853,0.0015790670218547957,0.2477987143035918,-0.040413136285092265,-0.004368730445301764,0.643789612449639,-0.009954837174329271,0.13085109594308766,0.20266090843931345,0.11976115622756466,0.00333821995608352,0.3087526231874541,0.05508235625551427,0.11584031800898928,0.086416410006575,0.13690275448895134,0.17807235899052296,-0.21994333167033275,0.04678489267504059,0.023060359188429188,0.1844607260316754,-0.04315041779421922,0.1350314383869937,-0.10288597631149345,0.2094693661674007,0.030925664403147677,-0.0458277763101634,-0.8478724140065026,-0.03556647484987161,-0.58109192886289,-0.9469264738457034,1.3509031382935432,-0.2020274087071897,-0.684503285342646,0.17452473414329295,-0.6156142087403931,-0.31977348754295215,-0.44853604658512386,-1.07915769230489,-0.559413518588844,0.769328935358661,1.672465982645749,0.2309783162207222,0.05522870951993913,0.7974385613367869,0.1971808963221088,0.20800880463431026,2.2518188157866734,0.320466754090786,0.01067496386896536,-0.23210170609830172,-0.29949473072644434,0.6662796950170671,0.2835436639899704,2.269172903218687,2.1145713774735286,0.9495736318164668,0.9141849187275078,1.694032189965003,1.0265698404294492,0.7277260551778373,1.7670555249855098,2.6873774122601874,2.8225234705476194,0.4134553821923723,1.1581701857465971,1.0116961255497334,1.2341227135755866,0.9100286414797346,1.5808260880165426,2.3708905301313288,0.421195617104572,0.45235255467227664,2.3274734954376606,2.265545442230208,-0.2887320902999918,1.0902407812014627,0.8560779233468498,1.3388188588733894,2.120261489813858,-0.4470855213504887,0.3372076361790101,-0.052714679696924005,0.8488139826037823,-0.6032656780354068,1.9873137712744204,0.8041152062608695,0.14986628167699448,2.2276154981258403,0.6759625191028744,1.8031658905195196,0.566443575140901,3.1482891457406526,0.5992267996332938,1.5312072088914768,0.19609498161138578,0.9913689034185821,2.581674139285382,3.238562600196322,1.9668282377351185,1.0359881522749639,1.5210684090595081,2.886680501031511,2.501064627927591,0.05107252487186988,0.5302057844719651,2.3602473535327917,-0.0027622393743631595,-0.3425750463042514,1.0995534521544845,0.5067358445819384,0.5982550451669864,-0.2988684214779074,0.4946936957149277,1.863258351797824,0.4835527751293842,-0.8874492162530159,1.0367260444703115,1.2980138825839187,-0.6178440174543773,-1.0191123248811338,0.6207632527939115,2.031923936359525,-0.41276411274797503,0,aya
0.26475022214049304,0.06446896588850605,0.04218769132277907,0.10531055827371273,0.2573121874598185,0.05440495076837119,0.2234328518883107,-0.025808175474770875,-0.24847942329470699,0.16830119459125056,-0.11308136166834772,0.037368497401523454,0.05197351868854996,0.12175106975177703,0.10965768933535727,0.08863849613341115,-0.06246678363620133,0.011799091032576288,0.0789827450732977,-0.056425374833451794,-0.2335945386755559,-0.3185082536090871,0.2455767117623969,0.09380661924572388,0.04991959302969541,0.12255982719710048,0.20512068594704758,0.2638597200088609,-0.2834205140457945,0.1687626262018134,0.05140808661969022,-0.05296294376440161,-0.004694932663519727,-0.1683866848257956,0.1326782703113892,0.06782269107187634,-0.11538056644281065,0.24902798946349014,0.022325129485706547,0.17237124397285314,-0.04671791486372842,-0.026930474746616664,0.004536984029607234,-0.057916034598085184,-0.0006150421842071509,-0.09299618730237648,-0.07478833512053214,-0.07771560529863535,0.10891055193326317,-0.03293841820796864,0.3259156978611054,0.047004050433754704,-0.3143363806498812,-0.193093578434376,0.1330705742911454,-0.11437216055741418,-0.08652368563321443,0.05560793417202397,0.15420001326640334,0.05196567207866004,0.586840654252306,0.2511813101017789,-0.16969656828821245,0.0142538428744581,0.17703343846892308,-0.09667555335121256,-0.21258017232295634,-0.009497556952169839,-0.12652291998189105,0.14690300807125556,0.19619864909222995,0.14746305459448694,-0.020249233600256315,0.12636860736825925,0.3438546745847483,-0.21350064897884613,-0.1669606300516424,0.950700177600509,-0.09094845259219668,-0.19691590879542284,0.014227154657191536,0.23232487628342824,-0.011168676867008535,0.004186001637708693,0.5820933352246079,0.03218412601498875,-0.02428514245474705,0.08379939581242613,0.14135275999925628,0.031762537464589874,0.41259138958474156,-0.0140803736256995,0.03818782342471668,-0.12352540074125172,0.10850735314520578,0.08401608921792093,-0.2900783289871151,-0.015622419045968932,0.024253724331573755,0.11635082784500062,-0.047790161532233734,0.15516311019920412,0.0026263924210032786,0.23762418681902284,0.03815057767152565,0.03452007064084602,-1.326523726287292,-0.060827167449510555,-0.6421368631185146,-0.6592291459696445,0.3785861107146288,0.07362390304273957,-0.7565411698139529,-0.463027874785762,0.31504429071753803,-0.16302782928501816,-0.5376432373492143,-1.0048086477380047,-0.5601774852752321,1.4722157949832306,2.2581458857076053,1.1953596477601693,0.34476964791707837,1.1818644005731043,0.44048881555446445,0.3105107802655965,2.3468125478856803,0.933820292335707,0.5969643261864946,-0.12995943445661293,-0.14732527192943046,0.40617476280440196,0.20963261716697454,1.699928635849904,1.1762113783774988,0.9442972328908097,1.1271470096084593,2.9061270141034568,2.0652462030964025,1.0755486115641772,1.8782374784306237,2.7304879348761286,2.5421656323135764,1.9311908597237306,2.217365375809402,2.067541079635503,2.785066482877456,1.3284851444915111,1.1791493309116847,1.607513682767178,0.6933588789002179,-0.8694908000229669,1.9799391826129542,1.226956956337183,0.9986402771532195,1.606222287569841,0.26264791095144746,1.2271333429650721,1.9221770199408537,-0.521734541500853,0.004358864040563329,1.0808182638976123,0.6289490246653956,-0.499119106759665,2.0318045413796733,0.604274120200671,0.21435005479277477,0.41603115938713303,0.43961896367581754,1.9574333246495743,0.4183645131947683,1.3471504331058888,-0.22110442443412873,2.2171474452922006,-0.025275798855327422,1.6109276918639435,1.9413894346723937,2.964570476985542,2.2596867737597153,0.5527078383609471,1.336306401754881,2.205596035551656,1.701821756519757,0.5656220130113261,0.7052062228816391,3.32125730547273,0.09454388249300427,-0.6911790119768177,0.3174281290316524,0.04904487259143163,0.4731915366998691,-0.818068372153248,0.7098466314216604,1.5813222836876568,0.2922188579379155,-0.5980614777100426,0.7115384772112368,1.990897462674354,-0.6602365098079703,-0.05133305428737155,0.562982677231248,2.0613898820615235,-0.3701508085200342,0,aya
0.29993519483990094,0.03018019350370709,-0.08332231066504375,0.021381620666895848,0.2500220423673591,0.02513931269750966,0.2660599456977662,0.007086408406804136,-0.1688674512740145,0.16138529753350245,-0.000508437188742857,0.041271497756474484,-0.023905363206950695,0.1435059984161647,0.10263017382343696,0.0675167480475434,-0.030274841977758905,-0.003947760666368201,0.07686155447472778,-0.044121990786559685,-0.273183042363759,-0.16836420543743597,0.24002384698883894,0.04247726101436678,0.051177319960379324,0.046556518639751986,0.21576088648621797,0.31973365490059763,-0.24774040249808507,0.10927330042695994,0.053376314357767914,-0.017532398898162847,0.010523432704409592,-0.13567503264843486,-0.018162337573439786,0.00359724126372591,0.03152003535527609,0.12162153246880185,-0.025400133038728588,0.1812474883241478,-0.08056133268764488,0.012527762630647088,-0.05379187071695025,-0.0037829965464597636,-0.07615853017267188,-0.1055779276523905,-0.07538772508166963,-0.07721051347461676,0.09676833302114028,-0.13526088029703365,0.32681112229696596,0.06604476120397242,-0.37440349086086544,-0.16468825557066494,0.1423052040261192,-0.13480812672054793,-0.1474429395154283,0.04225222482703802,0.08093708047627828,-0.01530753081352979,0.5500723313301212,0.21375048851778616,-0.16697036813707336,0.03638834764046253,0.14812952530613974,-0.05906434837667134,-0.12062610154006538,-0.06328573690390657,-0.12680370724356785,0.21672270279621736,0.18202840163289907,0.1629398316953267,0.013934797593548254,0.030233982007695656,0.3770536409066091,-0.13573956518862088,-0.08410039468844589,0.8898594053817734,-0.04815377673684099,-0.25818293533057685,0.040931690729638245,0.30195508014245376,-0.04808299143170786,0.04401338470484573,0.5960296917131811,-0.0020656454445986757,-0.029344312660043732,0.11090520817993342,0.09151736167919373,0.07455522623429932,0.374076796152262,0.013788220065664911,-0.016793377739135796,-0.18425725462636852,0.10655379468887893,0.08669252732790879,-0.27476914687079884,-0.010012049838760058,-0.04001250708566449,0.1345404117845791,-0.060880957338212305,0.08308992070926514,-0.007711845301078644,0.2614947868999305,0.1329817505263582,0.33590835124394425,-1.104365993132681,-0.017994169062181917,-0.8314887832655796,-0.3819150338128167,-0.3598987860391703,-0.15566154105278313,-0.6675071586167571,0.2081768125154391,0.37347785403804334,-0.31982927098392755,-0.5630382573384768,-0.9799711552766993,-0.4908916045135663,0.870781049662859,1.7789955491741036,0.8240010568582176,-0.021169210763247206,1.3044545652198687,0.3665815375490126,0.0891723081602926,2.0023434499561508,0.938883681291974,1.3695629435899122,-0.0955822269971504,0.281444282973292,0.5666699814570176,0.3736346695485541,0.9682830473152968,0.222468921658747,-0.05821280715619697,0.8385250151304817,2.441655150675267,1.9420001948599694,0.6325399172806749,1.8353404154528223,1.716984165091265,2.7670552843336016,1.127031702947967,2.02809649403589,1.7308901039148166,1.259445723796565,-0.6133504700968261,0.7762115180976645,1.360009030151823,1.1518886944434796,-0.45691197256099836,1.5302282821532758,0.6855193209533791,0.7188084999036615,1.0772155258125304,0.3290302321195457,0.26694435844096265,1.9598578817336223,-0.40444300344618767,0.1619996345790015,0.1676769839106954,1.0159089752083845,-0.7123913935197634,1.8517026235083707,0.49398061154644635,0.3425356701984077,0.03249433713752285,0.1584742326170048,1.422465921292071,0.26027782424236295,-0.5393020155460064,-0.24925112195680818,1.214359472679926,-0.11491599858548442,-0.6276482875522392,1.8204488209638015,2.320270152477756,1.9201106216221417,0.387002422829756,0.8597106349661092,1.830346701701625,1.4953982840128115,0.06816161630386944,0.7492074624559711,1.9474234883481178,-0.8191724566140544,-0.6373133231918674,0.07320177759587597,0.13295938091187662,0.43939155661514123,-0.9844902290132429,0.3072824579549566,1.041294480769449,0.10830756867798609,-1.2357376148018575,0.11021939008406019,1.4187379261367783,-0.6422672091456021,-0.5056638032639589,0.18678634893503376,1.7124576249466466,-0.36911153788945794,0,aya
0.3101028106686861,0.04277611181713999,-0.09917614161498826,0.022829670501038367,0.16665482190466724,-0.027218599446540197,0.2152304762085134,0.0711203961640287,-0.08851776919205542,0.12845572776579164,0.022993568489003385,-0.005079178355116665,-0.00192970611885776,0.11190424910014896,0.12132626718055806,0.022093832969473377,-0.16365763289186272,-0.0024486201880097704,0.09877307203781259,-0.05334335636086214,-0.23401069618469844,-0.11427728572198796,0.2734271118437419,-0.0297428232561581,-0.005097352623733834,0.03740274907848403,0.16563783153619233,0.3405696632128363,-0.3054583328923216,0.08569055117192906,0.08479584286852747,0.044465745171915,0.0801901746748281,-0.15850152928158792,-0.0409241355278198,-0.0361205091984977,0.011776903477375724,0.1534005205925275,-0.09703532050392771,0.1892862403589258,-0.14148187027380557,0.029128035436881708,-0.12546636810005785,0.01432149024734124,-0.06611254948173642,-0.08393389946547021,0.00999886274786854,-0.09440138418681256,0.021091203372529614,-0.18841580435090444,0.3271345041529662,0.09719024659363797,-0.3565676095761668,-0.11644455320386653,0.12047796760464152,-0.1326663806235942,-0.18954893827208158,0.03275467664716949,0.08814916357540067,-0.036142395718834264,0.4904873962758979,0.1462053391091931,-0.1760640560008557,-0.015120273663108898,0.10207011576677942,-0.07193163033842902,-0.08626178284255365,-0.09448584757486841,-0.1075015800041187,0.15467225692238107,0.28908010356595915,0.22822409426047452,0.010075639224368476,-0.04814805875661352,0.2309375737982468,-0.1688838296692664,-0.09961288103502461,0.8137489409251971,-0.048076885849463166,-0.2857925253070835,-0.04390584568869659,0.3568774104755849,-0.01610299182418718,0.06688415188675986,0.567544219344312,-0.009659594951560203,-0.030744877028833464,0.1082643372889526,0.11958813567739764,0.0927731987207348,0.3721660085502635,-0.024242358531160437,0.030140716432734346,-0.1772472618823407,0.09167679953964843,0.09919224462204193,-0.2751260416996544,-0.0407561577110897,0.02853803254512065,0.10236052126087306,-0.14904139782901688,0.050432435894818294,-0.048022764806545645,0.2612920447787039,0.0770336737011683,-0.03851883087243428,-1.2965446037377268,-0.4095917893616701,-0.9663289196472292,-0.13818747484144825,0.14347395060873847,0.10083624272154158,-0.0977972462373407,0.022189828462186104,1.0187911930108078,0.018854949348374343,-0.35034077133504415,-0.03624626595788535,-0.07508859583424626,0.8930402149900724,1.734133496303344,1.006637711260027,-0.14913709691690605,1.6165015372901443,0.6375695791009205,0.4300084485760946,1.7324439043992836,0.7377036054690026,1.9487756375359016,-0.049380885884197465,0.4958858382389844,0.3098044340790537,0.47030680109301015,-0.08377080249316422,-0.32855106960464164,-0.07764570049773759,0.46251412883977283,2.2243957657161757,1.2175085251435591,1.1536682258258557,1.5522358213248448,1.057318896210957,2.144911780700675,1.5778422884492709,0.8322735047483515,2.6197353564121166,1.6004591886553292,-0.658165898007543,0.3725105635162331,0.6058142492843258,1.0713416696379892,-0.47537577526918545,0.7198029565068279,0.6033257211948341,2.0871801740046476,0.3411168232437843,-0.03519473533839412,0.34121804032657305,1.9331653830580022,0.4304050373578189,-0.38243441053023397,0.7658112012373179,0.9485120317390953,-0.626126363552217,1.6429158954821041,0.3746258159243032,0.6648504859256655,-0.602916897301827,0.05338682833938886,1.3618290547936167,0.022783729100738077,-0.471728118416038,-0.3021192789545145,1.1812914265860466,-0.2594995625884886,-0.6535473132199787,1.3038178226715442,1.8184852773556823,1.6461758473450014,0.5649412944170322,0.23156845585393082,1.6951475194699963,1.2499693508122225,0.39313583657069046,0.4383650747212222,2.234377942833576,-0.7910823283895189,-0.6747805039924678,0.3468973792598451,0.06254645375259231,1.0092942658807327,-0.7726515335035011,0.2798838704338158,0.5592632083913556,0.31140257577159075,-1.059922685280531,0.030070890266360246,1.2575365525896622,-0.5737991828961763,-0.4437534813432222,-0.2849619399550428,1.4594109377840885,-0.2973116794890861,0,aya
0.2416736999964099,0.06325829743962191,-0.13406008290792334,-0.03568068540486,0.1997428123253008,0.03742270833283132,0.17676058730753771,0.17095586862152864,-0.1035268256293522,0.12487129129587915,-0.013525228456188983,-0.04379539171106586,-0.012713126281639233,0.11629054703102068,0.1408861721132622,0.06659998456084502,-0.22933466186514337,-0.07450605442813046,0.12467249179508529,0.07696897370222579,-0.255228254398822,-0.11375685120696354,0.227494585068443,0.01643310443388598,0.05208963206467884,0.014509492563750899,0.16058839588847934,0.2880535700799276,-0.3193295489796894,0.06755722202202805,0.09949764725514852,0.001302922571077542,0.08576790687679317,-0.13967514573336193,-0.022771379363884188,-0.044378538606432254,0.008897817042802864,0.16268579718362916,-0.1698591549520377,0.18545261612121097,-0.1982794785882897,0.030947601308606486,-0.16513283031257658,0.028718689003059576,-0.09398714274661145,-0.033252326726333443,-0.0012616931644500048,-0.08995521411371603,0.10249000275171753,-0.2772668480545541,0.31748884218070683,0.11140817145350455,-0.3504423042724954,-0.01417200179421113,0.11617012644646565,-0.15547717298923866,-0.18633326757681684,0.05291430722867269,0.10229958468841541,-0.027005021679727622,0.45153065446252577,0.07602656194784488,-0.191619841690029,0.017705597355989443,0.09401029524156782,-0.03292951753090036,-0.1314678426377286,-0.12657971797019482,-0.054679765817461985,0.13584161210606502,0.3312013023092582,0.322184144001738,-0.04616040823813171,-0.0804635550150359,0.27853387662986695,-0.17565187956457834,-0.12833818810186404,0.7347146507137905,-0.04448667854969788,-0.2638905225637804,-0.028177976818954592,0.3723516241455358,-0.049002684233922726,0.15334062429093775,0.5174081852917746,-0.03969440050396889,-0.05571247855959011,0.09686145435647532,0.0915063368883133,0.18349166108775733,0.3587092239299434,-0.03844225784814925,-0.023644510305645624,-0.20639682149202915,0.11032888997569101,0.02308009937692759,-0.24960836024684113,-0.04373550493220449,-0.013435126882885597,0.0709644468025989,-0.1519024086707578,0.13542575546999178,-0.05651943644462198,0.2696666533291702,0.03770101230171975,-1.0213427348558697,-0.7518756504149954,0.09395916697440146,-1.168784260263097,-0.10077834440576248,0.07650602241901078,-0.4344621170996821,0.3410750745310819,0.007501889163330406,1.5027671910019684,-1.0111841635266279,-0.294234552720702,-0.6470712955320383,-0.43837827438944793,0.5068782106946278,1.2022687271512282,0.5557605615231205,-0.3653265051585456,1.1228614010352822,0.05294241145694043,-0.2586275558708529,0.9585140256357106,0.719887429405547,1.1214716912004628,-0.10816547601404872,0.19470062720119313,-0.16533332735343925,0.10167689934814902,0.26601187154011313,0.22858642555859904,-0.4811716741167382,0.2223666299670719,1.282477831770447,0.9220235630756398,0.5905142685422415,1.1940367589182024,0.5866964653638184,0.9907660970527846,0.40132565108787355,1.4621414213032555,1.3903029674361205,1.1911172925542246,-0.10191929913842603,0.16599833032864822,0.174065860935569,1.3045527135440225,-0.8718863709803102,0.44168908162570586,1.0526386239611103,2.5965026746656483,0.24111939902352844,-0.04738183983388822,-0.7131265575553019,2.150596275873832,-1.1464513866568715,-0.18265567552786943,0.6833634821903019,1.2409162461609995,-0.7484417124786615,1.288683269452477,0.27345375381923753,0.6511252228960409,-0.5150817967924034,-0.07508350896083656,1.0742738519979964,-0.6310265588154879,-0.2235365622899569,-0.38655627062930975,0.754165175976603,-0.2898752799605718,0.8458698342144975,1.0214067545568097,1.6208973232181836,1.8026629034239514,-0.23055897741795317,0.41311874960229106,1.0118582544005248,1.0644616722612508,0.3767678208791038,0.7509729659815402,2.288256683426425,-0.9760427450776461,-0.042483783702001794,0.002562027312570053,-0.6856834318529497,0.7268264481663521,-0.6162511847957182,-0.06131669033648561,0.351096214404945,0.5643717970900692,-0.7675875051889308,0.03560931238592391,1.0212188747211166,-0.5545173716603358,-0.8090436433634576,-0.42704842349748945,1.0151219499340014,-0.017534559665746827,0,aya
0.3858805050521958,0.5333430464177912,-0.20945937590721853,0.7210736892782235,0.44337783779178713,0.7627369174944054,-0.06225706541907721,0.48877188197578253,0.6737482079526952,0.6136455341058324,-0.18207511960357384,0.13631011727926226,0.28388557445464,-0.03163417523495007,0.08946541922570367,0.05017968019316296,0.819355501257279,0.11173656731058736,0.5450718184809273,0.027575745565642195,0.6088743769998911,0.15679890969624818,0.30485717175787375,0.17708694299294822,0.13732295236581277,0.10755815339208798,-0.08293340524215188,0.16836652513620579,0.7828870998372702,0.25295128718945986,0.1151980731470853,-0.06345251433230506,-0.24154664357144828,0.0010169502861606078,0.15016714132557032,0.1411775138745864,0.07806968259200446,-0.06625318495767894,0.2513617384360437,0.06689902855974103,0.4860708828263357,0.43177507970896467,0.47471648069611977,0.25456738009546764,0.26490373787365473,0.6144994531850133,0.22903878105636816,0.3813645336707183,0.23057496222546,0.3334163519937256,-0.09475964834615543,0.382992800091064,0.4067705919460336,0.34393932191476,0.10164097264053014,0.25247404079795294,0.08332559285229212,0.09686733181844905,-0.014921694499153773,0.0568019429285322,0.5545801002348274,0.13521038292974144,0.34475587233734156,0.6184419684509161,0.8647187719056758,0.2175045215337529,-0.11125170303121618,0.35459581375997995,0.13545954400403667,0.12854375186125663,-0.17756327725330884,0.2571413867230595,0.05761030909554029,0.24036553752540493,0.17748871944577915,-0.11251851440023666,0.32367054149193286,1.1387533496127524,0.5721298713736668,0.5079037414029629,0.1673267826120819,0.23356503506103335,-0.16974381914893133,0.044822977162862446,0.3492932105030135,0.23001996623137044,0.03620262079761344,-0.10605022434130536,-0.2416278158652744,-0.015077454463222843,0.49562162095293216,-0.10857593014419212,0.03932855614786327,-0.13496239044923486,-0.07967411977522175,0.02200090056800927,0.20516953515932368,0.17661282657859248,0.13620541037342412,-0.09632799449945187,-0.06278960225979144,0.1119255407255746,0.2211946958919245,0.5057929485510013,0.11940139618975665,1.339077216335538,1.255826854922545,0.5825273516644699,1.7184178072816605,-0.4494302421861581,0.4670160855029978,1.234974317638265,-0.5590710154424791,0.23628475012482442,1.8053022908138772,3.0123687030542188,0.016119939518364768,0.07593347348261993,-0.4691152301683065,1.5015479949715709,0.9332632921931042,1.3879115209818942,3.794784013109098,0.12508156624239936,-0.7048661786299227,-0.5453884629948904,1.6391878411975798,1.751270196470553,-0.9886772448467384,-0.6369592386915653,-0.5018693470796902,-0.431827160447614,0.4061492362756719,-0.000975384385283355,0.5854291697306911,-0.10942147325708654,0.16498961057979492,-0.5657090062346256,-0.08396381104365631,-0.5226331783770004,2.148624146871732,0.04134544454784343,0.36441389632031945,-1.0384054326553656,-0.4777058505664849,-0.4327024176463908,0.10155780166190559,2.474114074021111,1.080133237615935,0.3139194181572643,0.6141253556981995,2.282605917384114,0.7752541110362143,0.6642242829704005,1.644806277577878,0.338647792176708,0.7149072204961079,0.304633146639147,0.5319848278643121,1.6939579954979356,3.0658495532995294,-0.8930242224271,-1.7603844708368854,2.320058692136315,0.6613497418113864,-0.6211617819862988,1.4766480758282141,1.8382952786809839,-0.19883481653074211,0.13539274993480174,0.5598213637960513,-0.1286916899512483,-0.8663985643946563,-0.15454540774204817,1.334603320075298,1.8148784226903336,1.6460524213419814,0.1439244847871158,3.4792114029717736,1.7569113174531057,1.1238684833945585,0.5346592384075447,0.5843559854209984,2.9155850194808477,-0.5197075173717824,-1.5498609118904383,2.249892599047931,2.9069605582689015,-0.023760811796392854,-1.5618676624755972,-0.0289939249637229,2.1305408795657432,0.6059949707425702,-0.3153301914779027,1.7499081299254016,1.223563864639445,-0.22537886879663863,1.4586430915310657,4.877519122527325,1.4028313561256505,0.2866329729991796,1.3775701535723635,3.720018346188684,2,aya
0.13988233056891153,0.25223674475449626,-0.022629528256905198,0.5846072961184534,0.13615617152283524,0.11653312401565355,-0.12413919514381609,-0.01640643399365073,0.17277743426642864,0.24096081942181424,-0.32072374352770555,-0.0683821097811671,0.4081787607251989,0.05797035559230834,0.05421820770469292,0.13700632024243084,0.6365650589949498,-0.025990443001976903,0.17304588789255954,-0.05510024249015507,0.2868122279095388,-0.08024326389036128,0.14711065579267607,0.12583723353538737,0.07491775192766115,0.18304765275477083,0.011424958072429171,-0.04395221284507421,0.7434254319694296,0.35568247289810556,0.10468114582343077,-0.031412104493567565,-0.1210307908243103,0.00900575084724868,0.2508308571928048,0.16025467610316912,0.11130472979655931,-0.12748899916092454,0.2760615271869505,0.035887294520863144,0.4622647470726587,0.26139027301415035,0.29848461302035545,0.101103273173829,0.05112633377778755,0.5033297888371059,0.23322508590748298,0.36369145808268355,0.20291796755678565,0.3341517612192916,-0.0671449359201987,0.1531141621823229,0.3588260571372301,0.06696899286339998,-0.0587660468860295,0.0011569825698534756,-0.04006482885856693,0.0369489317446829,-0.014083476782942533,-0.0008685521874516304,0.15902086961060694,0.006857095558450612,-0.33116014268679567,0.035193686601280666,0.3804615507650965,-0.010339707345665401,-0.2513330284402211,0.5089174964697466,0.016084952345183413,0.04587019081214996,-0.3666104662379363,0.04700322116193497,-0.02350279787559344,0.07389914681045359,0.03971789942830638,-0.1474962107110727,0.26560978155981985,0.6350120659375272,-0.02046029287466894,0.053801181607903634,-0.04237131019960583,0.01906211950597974,-0.09849147974635805,-0.08360204983124309,-0.03891418824747294,-0.060503873307623676,-0.14719792936454068,-0.2653034591298852,-0.13234331380611736,-0.11237762092254074,0.3315276285378453,-0.2022523499087579,-0.05440642363813299,-0.06709434254742548,-0.05211288839706614,0.03661968067605865,0.14454664152194635,0.24505848435103847,0.08292907122984304,-0.08712562443024391,0.03626257369291532,0.001425551897443594,0.2229071307328621,0.45038559690364455,0.21760428283979572,0.821305088399313,-0.1945048687679282,0.43120424364316096,1.4150003323181972,-1.1435114856742574,-0.27326543291810346,0.7312034168584699,-0.6020313185974023,0.3345839470976477,0.6831716699364322,1.1352707164392086,-0.6607271220890806,-0.5115812554183775,-1.3684337931146768,1.1791278611146363,0.5780617910321488,1.2357029437767948,3.2887639294857265,0.46220190266894845,-0.18112328883939052,-0.41192964616901595,1.1539927208399583,1.475188077209373,-1.1936756086408802,-0.48813654289391506,0.32693209622536124,-0.6970612720443695,0.21272968755751953,-1.0123297248600944,-0.047326906223994464,-0.9601135322518056,-0.5030872797447437,-0.5499218939864378,-0.5572881154989205,-1.1033791532869464,0.6708838793453697,0.15817445318563594,0.15684989397049245,-0.8120769096773282,-0.8245547599967037,-0.9121928614556913,-0.4797436625255285,1.6095674651775405,0.8946836580400179,-0.016105993600495538,0.6553107963650947,1.2982868334981237,0.5976441511800671,0.9621858243909223,1.322196995868609,0.4194819630485347,0.6221496939040078,-0.11482318653584081,-0.025325360534826404,3.0178655159942753,3.0455623595827404,-1.3073115046209791,-1.8612105118020048,-0.15320586956188983,0.3944053356482177,-0.6277925843545398,1.7229133240040087,0.1053727642558603,-0.05911428891417252,-0.10317963468574655,0.042479430207205536,-0.4156632615136554,-0.16598123878665869,-0.22144238268168728,1.000030670318254,4.349134397721543,1.467804250190906,0.618651942469704,1.7451052201676913,3.148194459057071,0.970558133584233,0.48690662642893223,-0.21010506218056338,1.8668440302981333,-0.7596443821603167,-1.071873673663711,3.014899872148972,4.017194459767976,-0.3378370156923439,-1.2672042142328475,-0.13741822379572236,2.242387197391074,0.23073406861759563,-0.8243098692767362,1.5048318592885617,2.259230212714407,-0.46117510872498585,1.399996151198191,4.7045642973055495,2.292268471442565,0.3153219269173243,1.365331030984005,3.5319219504985604,2,aya
0.06543692425296939,0.13359965076921318,0.024742140426205247,0.48379651536805796,0.0781786528745225,-0.050713855804458786,0.031355817349596866,-0.13714297933068545,0.06941522636665541,0.043821897811882136,-0.09158026415808423,-0.006863300775722089,0.29495449891199527,0.278180927048692,-0.10437727801323371,0.14685213387710097,0.6457965236074017,-0.07249870306887535,0.08479207648812769,-0.07860686596222385,0.13422844588657662,-0.2522219010549012,-0.04097257071013545,0.22955574350061,0.152426917006271,0.24002819256388655,0.07818486165190375,-0.038795423414237605,0.616464274047424,0.24219946997036115,0.008069458354377963,0.09468853093639301,-0.08768374113575689,-0.03023222024886369,0.19562364931238596,0.16712485833486215,0.13813263126931952,-0.11847549071202947,0.20996023159445737,0.06097611408600251,0.5031889048413957,0.20048518318263758,0.3497058081719213,0.08767724387842463,0.022360466401348283,0.49074862899070715,0.2723393741699581,0.40360422395250417,0.1686477398417764,0.3869412148121879,-0.017553620748364362,0.11651281659469474,0.34117958212239374,0.026331284918456554,-0.10946914774609313,-0.05297018293504861,-0.011394385622366126,0.029009475490837464,-0.10856164008996706,0.04478232660656171,0.041162342340722635,0.06650321090504688,-0.44512215348420553,-0.0564281962908833,0.22750858214433242,0.08661738228737624,-0.1473703331560902,0.381112583228341,0.17234371759399694,-0.17691509155366142,-0.415851318818106,0.05017202654614017,0.07103111755699874,-0.12189739743326544,-0.020405990593596234,-0.09928880540949417,0.12417484374479702,0.2977611215263464,-0.14770202249001446,-0.252759034716285,0.07328247921481088,0.0677625081473383,-0.07776643718623936,0.06511479444482306,-0.13918968510511512,-0.13257453403154745,-0.07465491525618731,-0.1746594303974516,-0.01574193677557105,-0.15296980649396064,0.1041539554640151,-0.006314142058358209,0.0214136912054518,-0.13376005451303535,0.12631627169098464,-0.10083998998901318,0.1254406750232756,0.29250273823322714,-0.15458988037508617,-0.10902941549399298,0.0489810913771918,-0.08324279942108029,0.20051559168474184,0.4922113094544372,0.08069769147957888,0.1398576325370682,-0.5051934805962426,-0.11810694253233113,1.7651165501727368,-0.5091275112259731,0.13968918735901234,1.0350956003957827,-0.8343132438986696,0.06401720087502803,0.18123182741545296,2.105792751649614,-0.5414495424000096,0.1812015388951042,-1.3619774219937557,1.585178813216124,0.9132350120375549,1.4010431397021623,3.287050824786123,0.9731354006935826,0.30582644883062354,-0.00034287109092984446,1.3725416839449416,1.8123737247209242,-1.1130962695191142,-0.18881680196249928,0.5686558779427875,-0.268323712966341,0.757942413233779,-1.2873344239822384,-0.6313513921195597,-0.8795932959152069,-0.6835429907455994,-0.758066476605802,-0.30945060308851746,-0.6411856217378316,0.691614777118094,-0.21464899478203417,-0.0885824512842306,-0.3138124967559901,-0.38128562956481876,0.1394412291476878,0.3371278727609357,-0.28539690750707825,0.6261108694002301,0.7234450313548711,0.043004168382546934,-0.9435109823674147,0.1946888599294842,1.0475045468630269,0.8475737400552972,1.3982917813507345,0.4260532736950063,-0.030263497226164688,-0.23436281423939875,0.7293023677960077,2.530222178715938,-1.0468399316454828,-1.7519916231994983,-1.1498089384247816,0.4194402397869781,-0.01937915731580323,1.9387459407594638,-0.9315223689673229,-0.21380072371428244,0.24502326256982104,-0.21317864650797477,-0.8350373640695782,-0.5606951319246272,-0.1299824830900658,0.23206567157293753,0.3335970266217442,1.0043853445039945,0.5752984375101957,1.0255758310958165,-0.720828410500862,0.9272483049798559,0.6155007613261302,0.22352015827694907,-0.5552458754203318,-0.8120299486329892,-1.3359423132961201,2.277731284298161,-0.2981877746265556,-0.6070678829396225,-0.006340585328867681,-0.40286948967732833,-1.4736295805552058,0.1018647078233788,-0.5215708668524212,1.649275855650745,-0.8707576275011606,-0.8912023290867689,1.7394240133234793,4.318459098003639,-1.1805208295912177,0.21220793384306716,0.9289017027265434,3.5384450114085273,2,aya
0.010332443621434335,-0.030513317861423528,0.12698758611839325,0.38595138804173773,0.0582578057620057,-0.10510784074854457,0.037343608267757504,-0.1670763727904247,0.020108123762596387,-0.007331143515063259,-0.07344850576160446,0.01834330704041825,0.27774102627138014,0.3908290419235327,-0.018023717969428973,0.12493261834359867,0.6653737308993126,-0.05566272931675807,-0.03848470857232894,-0.020566174766376545,0.058971350613967424,-0.2305951823511867,0.1448233574126983,0.20571309971383586,0.18813209682854418,0.23461928258965264,0.02400318876061711,-0.1088760594073036,0.6488524669984806,0.16553109664544702,0.05664302830475043,0.07274418987968659,-0.014184442003938095,-0.043312934134283165,0.20686541291561317,0.2247506048703311,0.17197640231203218,-0.07314346378124109,0.19084037198675524,0.09943464828584282,0.4873178962106646,0.18993406494487766,0.450530519714579,0.2062011582895215,0.06761268137069855,0.3802749647067451,0.28503334106984735,0.32428754131294113,0.2668249003549551,0.2897498592045379,0.06726739189889488,0.13672231492388684,0.1800270295821773,-0.02255475969375053,-0.08080838751089207,-0.08545513781002582,-0.08773490940821814,0.03917540696040298,-0.09271638845236496,0.06339788310228374,0.07355389351390568,0.09160671710176337,-0.47244291977377284,-0.05365317425280824,0.18042480106322933,0.04860909688395672,-0.1534475157534505,0.3772821204968079,0.12583695179350793,-0.11666163361498261,-0.3707976365662712,0.05993650004358341,0.09311427852184317,-0.11350366790456651,-0.20037969896549432,-0.16384365331307407,0.11147489167445167,0.2613964679170074,-0.1256364550552894,-0.15363215083082565,0.15476503246590126,0.06306513288081289,-0.10760646889417483,0.05648220699004668,-0.17443164094487398,-0.19242044851464013,-0.10753555208613441,-0.1797438814812378,0.011929314066215852,-0.09720217135609363,0.150551457859888,0.02117551156888181,-0.03361797489984099,-0.1185291514024477,0.11375561076834606,-0.13269404871079574,0.24543450898495928,0.30259896491859833,-0.19360588735378695,-0.08397727822043717,0.09249595595325377,-0.051187193842401224,0.18085044501339798,0.45126719683536143,0.09143816311265421,0.2775567010041301,-0.9101449144061532,-0.6656457059712899,2.192741162152371,0.11288234336115384,-0.6520683646679403,0.16299635424164244,-0.7758813317431866,0.27517911606768397,-0.3720593365391467,1.6648513656843553,-0.3470494139072669,0.20849501279390456,-1.251572446214275,1.289723070241591,0.5190057367236556,1.1120086998312584,2.6950251905591722,0.8164693154084818,0.022547255513968835,-0.4395054953563845,1.0439175257576188,1.424599767031368,-1.1155350711770498,-0.42381388350916455,0.31849867468110343,-0.669495815945296,0.44195963235345953,-0.6507438947832779,0.5267533574873224,-0.8063045194748861,0.12814922094958262,-0.502833922020165,0.2175877862915461,0.0032121013514627215,1.2102014518220823,-0.2851885966764336,-0.4676991415680484,-0.32923769770491695,-0.6034059377830602,-0.027825057358427174,-0.20137765382738204,0.17064181386115243,0.4162995872868287,0.13522090317964708,-0.10437057451156878,-0.5836564840773081,0.551105214679208,-0.4830742254605742,1.7079225680813348,1.1211609369657043,0.3529887215533075,0.7772440098160107,-0.5231213913825785,1.8081904568725253,3.111466760864181,-1.638332569582487,-1.7679942136227123,0.9167178768306805,0.40765175751091715,-0.36334718745347017,2.020795556044943,0.5892100646925342,-0.1733543648700574,0.5702148824388678,-0.3214887710806025,0.6848919674493871,-0.5088539164138656,0.4315185797487318,-0.26114028875104217,-1.066673693531098,0.7601561909794661,0.6408722176745321,0.8570284784748983,-1.0100944156019245,0.8321662587243345,-0.07173966614507025,0.024702062020833245,1.114394608645386,-0.7342405932879178,-0.5254817213484547,2.3517803090496807,0.4374724919525172,-0.5781654735742778,-0.10428299528258098,-0.9991679561131992,-1.0517664606561634,0.383892089271402,0.5499705418574735,1.551264678152139,-0.1601685825578803,-0.49268840249383145,1.7760847595434635,2.908690830193307,-1.3321450071786942,0.6152605084425378,1.061739894304789,2.89345778736987,2,aya
0.04548740393475111,-0.2058645343843776,0.21188673072026226,0.34556897974238215,-0.0724639411658573,0.038580144192466595,-0.1224236130200962,-0.06803719328728097,-0.07746974217259697,0.027482488930092967,-0.0038248190519228164,0.12154622509070617,0.19697222045107154,0.47387381704430365,0.12140308894566222,-0.24771042770722457,0.5643609722770561,0.14162522873264521,-0.1881826745743795,0.24576814247981543,0.05611593087767444,-0.07363224630847222,0.4160741180827171,0.3066482301069413,-0.007775900157557156,0.5316961978743228,0.12427344550123082,0.015374199729158256,0.6842772046330305,0.04508169402332224,0.033329001362825454,0.008230993378481929,-0.12112805441557956,-0.15949655229981255,0.21850546624471015,0.18443193707070266,0.158500671287476,-0.12530058944734992,0.23861447644050476,0.21558278030747466,0.4055828101393423,0.07363569362301436,0.4827875673870265,0.10594317911052484,0.10068728965281556,0.37831805737695046,0.17722852981476425,0.21891142322194343,0.24890231081554615,0.20333397014628526,0.21628696058401176,0.10975674471895293,0.3208257433309479,0.0203594552136997,0.06759006349681922,0.04801348075530727,-0.08370834391176815,0.1863013740221178,-0.021444598074337295,-0.01295939450445707,0.2697419758060872,0.12180563188403258,-0.3404398224208279,-0.13806622619742065,0.12318463573798406,-0.039471493873829755,-0.03084142246404473,0.31032299081887943,0.1701850010184796,0.0016715887311579854,-0.21022872787878846,0.13223562564086544,0.08888260980101538,-0.10184811773971185,-0.14575875630712154,-0.03303251147018342,0.01823157824230233,0.3610376321419508,-0.004096918796433386,-0.04491791024232978,0.12323048721157609,0.12131382342451043,-0.1164969533827517,0.042189686387749704,-0.07365251971634318,-0.02608202131103918,0.02022125612876278,-0.16748641017690008,0.11523068013722462,-0.03543256291018103,0.18690075280805582,0.03998857131390926,-0.190248249396569,-0.0010340193432213738,0.03411109103099807,-0.11178548812816835,0.2992195865400193,0.38575467001464436,-0.07928456148347361,0.09291685389872005,0.008509821126706866,-0.1402324348038439,0.2129839714297478,0.35676069265768523,0.17592351298778416,-0.04665249323948755,-0.9591116257543881,-0.6991629590635656,1.8088564762884232,-0.36851954690192323,-1.2264742654985359,0.18749029192657374,-0.7389576118173913,-0.006003773439553566,-0.13659873717690518,1.3594172913613405,-0.43471323056220645,0.19960225789194574,-1.4788641325584475,0.6431881882877601,0.3375985532069318,0.5982634201666639,2.1183221739158666,0.7477650551492755,0.4626111491103058,-0.15767937158598677,0.6053283210732612,0.8362100864657117,-0.862542828345416,0.07094246364360357,0.22935748186448582,-0.2598424159640816,0.3009657839127327,-0.5539224884293863,-0.43835787652150665,-0.5211307230192693,-0.39816108153445956,-0.40845992182498564,-0.23822038218878244,-0.4828950343657614,0.7753331654368755,-0.5459757450920938,-0.1500131590670986,-0.11776636593499773,0.4870255348876248,0.1391913348837479,0.039376919598954334,0.5360087885322388,0.6555755919946081,0.5115933018174543,-1.0981105559652657,-0.7270995514164253,1.268319487724899,-0.746395500519474,0.6429432886217945,-0.11490777773433465,1.3687277159752034,1.9099016667970632,-0.4497700999190532,0.4000543588825008,3.193097507460883,-1.2208824077570792,-1.4422190332660658,-0.8916055406569551,1.6548095165848937,-0.45442400423527896,1.5653484014773835,-0.06479833713188965,0.5394301731667099,0.2511726572949067,-0.23237525092933067,-0.3153738190059846,-0.0640775303753303,0.7698337930703674,0.08894319240834904,0.7677892707315843,0.8873407910186007,0.8532608664315385,1.1536465588607463,0.2975090422508375,0.7275117550471384,0.26619342157465503,0.05306866399784202,-0.7064411824920281,1.0552363753083744,-0.5890458564253517,1.9164811320680153,-0.4015228035590543,0.4964435189060632,-0.025872294528487202,-0.5933267300840049,0.925205047514545,0.7510082737125661,0.12639087882258637,1.2880012160622394,0.5248661610619499,0.9123177144669339,1.0586927794676715,1.8823379485048388,0.999266418037551,0.37941262048707836,1.584503117028408,2.520186611896449,2,aya
0.07110668571002544,-0.3826242309828024,0.15194730316313232,0.2310060832070584,-0.13135868054653346,-0.029884175164533396,-0.1220720642060294,-0.0830594340597614,0.014840081837053208,0.011226718315002908,-0.07384106521883083,0.20443495633461592,0.18803081350577092,0.4568435971176774,0.20195423382787656,-0.27244801218414694,0.6477792166077007,0.02140454651141553,-0.09805683389668611,0.21167852563080164,0.13496743711224127,0.03468169973537916,0.3320598995931125,0.30527510227056387,-0.06172500557213302,0.5204627695612848,0.09798859779324101,0.025204860692725744,0.6360555581144101,-0.053084417567244184,0.008887754830605306,0.10040722031704967,-0.07080403451979636,-0.09139952202537431,0.09154903635255639,0.13265749514030406,0.0686504642434831,-0.10971910436114682,0.17449856519782728,0.2620264206311082,0.3077126420258378,0.09289480908817553,0.5415626642081671,0.2135625240862658,0.12393017697708718,0.30980410862568153,0.1717357853409497,0.19390528426035547,0.24546335682165815,0.09917859102723049,0.2015292311579837,0.050147192612096624,0.4055193921092822,0.02543308026607115,0.031394865702243056,0.09373193841626437,-0.14919335573970402,0.2308386879045118,-0.01668141346823479,0.009769183685595966,0.19302816449356916,0.19026504189333035,-0.3268813646236987,-0.15419239373259674,0.11482457677389853,-0.07822596451050093,-0.04144353068609609,0.19256686278695134,0.044808190393242395,-0.12044778403697685,-0.3014056040152213,0.07825367821359017,0.20733428564162384,-0.039301091957588935,-0.16331387180513324,0.006023407367004966,0.007955624199408024,0.34978900689558573,-0.028744579100191264,-0.019469287230171026,0.1346498851546613,0.15157373368625937,-0.09456489232736535,-0.011855211425219543,-0.048082152109250244,-0.14433588601697753,0.05410929654932307,-0.16960023999913296,0.1851559974467401,-0.04135882697257527,0.25298680337081497,-0.0022606297826123223,-0.2504005325771635,-0.09291461268442101,0.07187964175848319,-0.11291057995039601,0.25532871834589194,0.4034995406908585,-0.037698580992152,0.14072258673905533,-0.09116936271629361,-0.15995969006994926,0.21765250431363872,0.27276464241539966,0.1689363759662543,-0.4080806327868686,-0.7177050791005803,-1.1714257297500958,1.7035189998732927,0.01657568357611856,-1.2225046955017425,-0.42213142799501346,-0.3637009587441258,-0.4158674356921045,-1.0823017905390278,0.605756311523972,-0.4939149511620077,-0.2124935034127402,-1.3537780685337475,0.03782671671102334,-0.30854888641308864,0.2924367064828062,1.3694171812206901,1.6712774401434656,1.0202710985850072,0.1751180300354157,-0.3203619928496654,-0.28391980734242406,-0.20270722691081303,0.6282702866539845,0.9484630975068984,0.18186153027587856,0.7401506108369267,-0.15135872808005726,1.0563818600771409,0.8828174447325379,0.7968203468149605,0.24457111178630056,0.09374947689884727,0.28808488572489754,1.5389272481878213,-0.3645802216740916,1.2273736700461624,0.005057518659059837,1.7475956847366083,0.9204683139044414,1.0361696646551357,-0.2907644001084136,0.06099501042724575,0.9831849606761744,-1.1084534108263762,-1.2018824353364879,0.5589714805225466,-0.2308265125522049,0.9635671239656526,-0.882274849103002,0.32793876655454535,2.1338631831190495,-0.3467109780033211,2.7246251274440434,2.819326288315303,-1.0437412345945034,-1.5241638762745089,-0.07226891848945831,1.3885359524447622,0.33654812994087924,1.2231647506689267,-0.4763404904506113,0.4215393606771847,0.30365877277147924,-0.09655343217068753,-0.9553716671471717,-0.2086098374909499,0.1924265293336744,-0.1361226366233985,0.7224262734032086,0.20046323702782431,0.9297583718349294,1.1711359568818882,0.5320496850135302,-0.08322479162115781,0.5837203975686054,0.2134869824343667,-0.9444734382645876,0.42926312173069137,-0.5833566402383085,2.0068974465442984,0.27609177050791656,0.6242078586959336,-0.2998452070162322,-0.439690069709199,-0.5873934646000314,0.9654443665343394,0.6886794141403437,1.1252225039978365,-0.936441747747608,0.42043216932849103,1.2915784809074842,1.2690674260054249,-1.2129604417138669,0.9140865079713711,1.3303828891352318,1.883416109903517,2,aya
0.013075284087824792,-0.5566358207200351,0.00944984940051582,0.15067229608201294,-0.22275195166146503,-0.13436845725719426,-0.22149685173463354,-0.061556158771518266,0.07251789291753273,-0.07826931135161476,-0.011069958878972226,0.07914741335342113,0.12570870464222497,0.38734732362035557,0.08675975155732386,-0.38620863173356756,0.5896750478841338,-0.09488964888446563,-0.09227736390874933,0.15961973569795176,0.166788098872074,0.1581645432138547,0.33060668522218667,0.3550829120140204,-0.135209542890599,0.5312049625761214,0.11182186548001657,-0.06913861117315928,0.5698062728127041,-0.16959192440072945,-0.10731386067045962,-0.03349680454628664,-0.12927375291008705,-0.045508692249297225,0.03430852013530403,0.09440502483814636,0.008605127847175617,-0.17434479677490208,0.09760757781447812,0.16211124425818746,0.1906016410723371,0.07696521008487645,0.5136889086045552,0.26106230267337377,0.18920710234754323,0.31965219556193625,0.12963357764025177,0.204138100114881,0.17417380353260128,0.04334690173200454,0.051668314557696444,0.00426393282069412,0.34863547233618936,-0.0018840497143568751,0.008228075337123865,0.010797536194271201,-0.151830143625779,0.10205330741282093,-0.14743955180477195,-0.19238788249913752,0.06549022619089685,0.009901730567954027,-0.41420985166442514,-0.23541076682043177,-0.015482184274076657,-0.16730114264308565,-0.10024948066039095,-0.027345489295176977,-0.06142256346485979,-0.19879479536417713,-0.2831599285854754,0.023261135146656762,0.22257877586469937,-0.029536955945242718,-0.1884249633685882,-0.030701175487241217,-0.0468268104470319,0.22075131392082928,-0.07165632189830519,-0.04909163841637537,0.021578519472378294,0.14821540080644646,-0.24586162268247583,-0.0651941460450843,-0.12844871913455005,-0.18418125856350664,-0.010240703049867336,-0.22594359987777932,0.09346706655835746,-0.07679893436593363,0.24880641501773665,-0.062289764124431816,-0.20117582429361558,-0.1913064756274489,0.06269388682800356,-0.10909442748908191,0.21089655344018451,0.2848484165081827,-0.1444226665259241,0.12280651646088814,-0.1582389210447195,-0.22950076851500742,0.020832711809437465,-0.0150965207380495,0.10327102012547727,-0.9118191917779958,-1.049533076521113,-1.28073674882779,0.354291251855556,-0.18743872014799845,-0.665462034574025,-0.5431200325934004,-0.30523361130317994,-0.9854298816127016,-1.1421708005560436,-0.11905312736716916,-0.5522294048562101,-0.4543858517273186,-1.0783411267706653,-0.13479805714397614,-0.5880622517831772,-0.40950300919422383,1.1207086978894047,0.7891812575816458,0.724598405991985,0.09071583606954368,-0.6145230890936487,-0.5274815581780529,-0.3937294141282075,0.3106869147019588,0.4535263482093427,-0.12438095006113137,0.4605269362279532,0.07593827958042597,1.3874740267069554,1.7984259027518232,0.20540370429728527,0.9726599316017722,-0.13275103332422128,0.3160912592332823,0.9924438802976582,-0.20867202625963333,1.5851338994023387,0.7532031084154376,2.1379186622744073,1.7931949116252168,0.966344960867573,-0.391645619821452,-0.4568665236535985,0.43693868848088435,-1.580331774484871,-0.5040154779014887,-0.4945923204517544,-0.9055690833980067,0.01602254112886419,0.5516825373359643,-0.14109997275779756,0.7950707065973932,-0.9598204633833629,2.245467666091577,1.2991756696214876,-1.6167322440246024,-1.5882492181283332,0.28017729779085737,0.8604870010046989,0.268728758909071,0.6937568078763117,-1.0981897388719521,0.405005969882271,0.4377352833688932,0.2966179883241587,-1.5179020203936995,-0.3448993183186324,0.06701136446460032,-0.6521516802056815,0.5529395482953253,-0.24407815672129068,1.2444317574890482,0.3795773686249564,2.1217672746618894,-0.7743341219560571,-0.053742629106671005,-0.43235342138138094,-0.5740715401475471,0.5552367830184791,-0.4743336768998211,2.3002025304995004,-0.6985408792798797,0.49861215859196856,0.21380823787450884,-0.7477374560911475,-1.126305184221053,0.7403176580910682,0.6210524894287456,0.58061140145406,-1.3502176140117883,0.6635255240071691,0.6924257863248442,0.014091188308337221,-1.2051938851196997,0.3674816983981859,1.5066375392793907,0.5765843882099217,2,aya
-0.03280433610643267,-0.5635183654819207,-0.050766094109642994,0.0687749867279253,-0.18731140677553665,-0.19525274913352242,-0.26302418410519984,-0.008177020510652075,-0.10675447433995292,-0.18136153531692392,0.038587456769307596,0.06448793575618302,0.1831579152171411,0.3741963159943851,0.08151508507736288,-0.34005097808051776,0.5948789889315526,-0.0417388832646113,-0.14411475265776316,0.16300925285813841,0.17976557722891576,0.1052058124998768,0.28406854130094517,0.32200921637854146,-0.20083672854725815,0.5416380859770548,0.11245308219284923,-0.0955934132694039,0.47217523668154965,-0.36017307282271577,-0.16430216390725932,-0.06271259172139651,-0.15547244921089945,-0.015925869783964788,0.008040233489413762,0.062492880535197665,-0.09417417737675526,-0.23356949049180317,-0.012765116026239219,0.14525395202075167,0.12967277971903743,0.01686562259463882,0.45302941599964025,0.2765694274307791,0.190018977176902,0.25156290371976414,0.12744544930809604,0.26626359345433026,0.18110424356361257,0.006526964178857739,0.015608779894150986,-0.08859962713868345,0.2806139245725143,-0.02421260832066126,-0.007681491467270942,-0.04530006344362616,-0.1252239461514447,0.058527913857133226,-0.2116725981222414,-0.26450008973565714,-0.02379489061377798,-0.18617543538386552,-0.3314770483180579,-0.29750619910572923,-0.17697952908004475,-0.2570778519979655,-0.2252800638932859,-0.12940097458408784,-0.11023422397840263,-0.20395146011036602,-0.14702181379509427,0.012057713679978212,0.10888041187812392,-0.10177878175604631,-0.1801251552340071,-0.04257110811618742,-0.14115124065521942,0.07589113370929908,-0.07204494112198477,-0.05407927682525489,0.09449993980894669,0.1309833993452232,-0.22794198047893027,0.02177179254271595,-0.18384076097769003,-0.1353723969546194,0.09553381791102412,-0.1597928838366325,0.11025817901141428,-0.16496945714407685,0.21771107320966768,-0.05605870118995505,-0.3293833490440181,-0.23884410071077103,0.022209265915378563,-0.16791095735795553,0.09705800170795924,0.2459660085878141,-0.14839422959025939,0.06281497746244571,-0.09759880124818669,-0.24932211974452667,-0.014187329975728146,-0.12812008848274758,0.06805024124660976,-1.0629031068458334,-0.7026187610165692,-1.1449439975313274,0.22897943742656557,-0.14776954966409772,-1.1108869133511317,-0.4256789964412971,-0.13515728200458385,-0.9363701028714808,-0.7547040897986469,-0.02458047839890095,-0.6106245635939592,-0.43530443637509114,-1.1578900880947156,-0.008537749766390532,-0.4986657365221929,-0.06832182142450867,1.244048600527117,0.946623876470577,0.45105746761010235,-0.07058696026343511,-0.5793894704882991,-0.6603683573439179,-0.10166394532135824,0.6368010924671939,-0.15395240340344998,0.15973997238683574,0.6332661619568293,0.25793527269349,1.2339545511989227,1.1811347558955108,1.1341968742519124,0.6741566974717641,0.3620434858547939,0.384310500456866,1.0624812982752194,-0.24736992897536358,1.68463634924991,0.3727007978976311,1.7598478216449542,1.199113736363222,1.0951814198261753,-1.1305231531440119,-0.3751010165986864,0.47494232187317204,-1.3020246487738414,-1.16822659147997,-0.3061604719869299,-0.965562767096261,-0.1163056263480067,-1.5603265101172665,-0.13423807481882208,1.4339959841967909,-1.1881446466936836,-0.07230352362120987,1.1059521134645498,-1.0323578642417883,-1.416158181014387,-0.504951894923339,0.990054780275102,0.06772215656137365,-0.06367611045113215,-0.5176596456879091,0.32057599720670615,0.810454457250908,0.46624515371970177,-0.8858782192557771,-0.3530698712986846,0.19226482982814244,-0.6515537709185115,-0.7077282835293236,-0.60025830207412,0.3914199246696139,0.14029115995821081,-1.4271861496049316,-0.8800089056676537,0.5487406447435267,-0.15593948536988214,-0.8581239775766593,0.7830523909762743,-0.28487411121880396,1.683090650821058,-0.31706851825140503,0.10366523142434154,-0.2199380822150795,-0.8813027256419691,-0.3181525624647307,0.6433998294953645,1.1253541473478053,-0.2591357324983605,-0.8694155464916011,0.07368263592859392,0.13527291447057335,-0.1227620168496173,-0.41551866438532403,0.04943453271184494,1.3418663505984147,0.44029397325166214,2,aya
-0.07154603887806722,-0.543166549440502,-0.007503817693550091,0.0814208724521158,-0.15027000469604135,-0.18378219952669259,-0.26412423103031535,-0.022159624905716335,-0.1256778458130976,-0.19486790003134577,0.07342974181210975,0.013782612760610099,0.14747692671386028,0.397379873480933,0.06946524145073166,-0.3631718469748198,0.6464063689785038,0.04735431029527432,-0.12786109746058494,0.12987914158251118,0.13519388500161475,0.09067602617357075,0.2558402473298012,0.2936172784885014,-0.2792270905598927,0.5593392244987567,0.07527827654429087,-0.14142951618912922,0.4946508509379724,-0.3812104768684402,-0.06762279800903828,-0.11554561562386496,-0.18935986604450433,0.06579543826302957,-0.03560263162770826,0.02463226015218078,-0.23957549795685015,-0.1838917748230885,-0.014325571319037566,0.1425971894708049,0.16776397013729172,0.04967954761065654,0.4621245913685893,0.12321343544009875,0.15830065325098774,0.21387005579010473,0.1434342123488846,0.2643924590573174,0.13483931134532,-0.011198257712278732,0.01813048612421546,-0.08556619449261263,0.21639788208156266,-0.03332452834669872,-0.03596676962508609,-0.06786377021408158,-0.14084727765031685,0.1129220750497702,-0.1854839596474725,-0.25875232812017307,-0.10839478961589256,-0.23396005201566178,-0.1267773863486358,-0.3847058483658312,-0.27158072056410715,-0.3128625379829402,-0.15272661431795537,-0.0968527745581432,-0.09599764107787817,-0.2795479251101241,-0.052375056892944104,0.04386396744934114,0.07140971153437088,-0.0240286612526766,-0.1721827697286473,0.03101326301386418,-0.14168340148941003,-0.12232329536619473,-0.03573127497738835,0.049972157245830734,0.07468987504309878,-0.05784062112522643,-0.30459130946057217,-0.05542600038090981,-0.2230863519386216,-0.1563744732659446,0.0665745646787691,-0.11907323541868134,0.1463510774106137,-0.11779169437123724,0.2225901496795066,0.006488108093852186,-0.22250759899022596,-0.18564235558461237,-0.0378814771955166,-0.14713695522841652,0.07961972168590739,0.2405274755015,-0.12434503045650551,0.04159095073782072,-0.05800910263931367,-0.30540724199689007,-0.05322372262416271,-0.19570660840427456,0.013537247254588127,-1.2035852726282525,-0.22881468286369452,-0.9085382608639119,0.7141733001613889,-0.3126659212118018,-0.9607934029619292,-0.586399583851454,-0.10231183866891085,-0.9357161262640752,-1.0428172852057727,-0.8905524983467414,-0.27128029629086636,-0.5350820615133369,-0.2864846536430566,-0.5799657175632246,-0.8159546838001983,-0.7987600438466633,0.6693526576633426,-0.005000841322690256,-0.3106953094308154,-0.5314307085824287,-0.8055306151708859,-0.9766505352007726,0.294951323963598,-0.1227712152441439,-0.6533617630243255,-0.34950530452184436,-0.14463014913750463,0.9918889713094508,1.247742351590355,2.362324785735156,-0.23845368960020774,1.446100498079823,0.5697766779824965,-0.26713655205978576,0.40864069545031395,0.09909098255077796,1.5737436393658808,0.7234389413225047,2.187977361834911,0.6430694570989979,0.4434925689509109,-1.3696968409570782,-0.39173888698789827,0.34375709160986967,-1.553229395551606,-1.06062167599965,-0.11266557528441841,-1.0211508694778524,-0.30062417678137016,-1.5174987712535017,-0.4893768265566106,0.8936854815706383,-1.2827183772738404,0.764008291417409,1.6795396643067182,-1.7654715049926522,-1.3868424255728709,0.24761248738223074,0.2598476788548999,-0.25489380555170316,-0.15628835934561944,0.551907580628772,-0.21132543942956705,0.2535605437309846,-0.22488952137534463,-0.597616410498006,-0.6278281632285713,-0.10971885577674106,-1.0049546258842486,-0.6359286430445381,-0.7514589214454312,0.7176111204538745,-0.2991680172917429,-0.8238067198777186,-0.8807681233213357,0.36827915211443113,-0.4731077703253603,-1.0425524837764852,1.2675842059027786,-0.608015871220753,0.8510803267540443,-0.31743754444675465,0.17816859793526252,-0.24837895622552364,-0.7667870107852709,-0.18472815470529924,-0.08504634590476208,0.15529076759313273,-0.4374453562237084,-0.7788700756517942,0.07469389861832137,-0.20953139719591643,-0.16278940155810656,-0.857208811554061,-0.1580365322796218,0.8091365089056989,-0.020567103748582668,2,aya
-0.1549769773638685,-0.579057523410285,0.02638808711308986,0.11350506615928947,-0.09883912020206313,-0.11244766444723076,-0.2726595560839845,-0.027604009465093893,-0.034365353032295855,-0.24426696184831845,0.11509779436610829,0.09700626746669018,0.09547893225076994,0.2670508040718351,0.0877224019325805,-0.3785709544900056,0.7650006373575089,0.024271423025747384,-0.013362351819967882,0.1222828118646652,0.15770897077137427,0.15270816025072484,0.2812940676228408,0.28533994983835215,-0.2076127720102622,0.5004695486854789,0.028780431940431235,-0.11457965203829172,0.47273582899127525,-0.4000356531418006,0.005578184188348718,-0.15882195524869197,-0.12476412207348392,0.09539549592629737,-0.08080293031991935,0.03092578009029442,-0.21254156325362122,-0.19292216818971222,-0.08958977516668433,0.06366766123276468,0.11672293986618874,0.06171739667991142,0.4030072405377245,0.17889571602731616,0.24385279424449643,0.19450445972588032,0.058750464648502004,0.21565177577846123,0.09911289190512326,-0.10018308580685385,-0.03287524057803462,-0.05062195427431696,0.23643313836568047,0.020633639557987055,-0.08220194918796825,-0.06454755010639275,-0.16704954822376758,0.1441478370191327,-0.13281694061507643,-0.3374299477346325,-0.13313206031166838,-0.15710334210093166,-0.06014365131088708,-0.4791891714012347,-0.3123857172261384,-0.3499871856565462,-0.10026239238344796,-0.09708493471040845,-0.0527990906548863,-0.29871200273804815,-0.03664183489536029,-0.054835907436344436,0.015290915184907439,0.08410345738485525,-0.19337530126562513,0.11002330537587977,-0.16219560462690813,-0.20178545259718922,-0.06077536485000865,0.0514928501906403,0.09494801414529222,0.0020650438976323503,-0.2710540038544493,-0.053217956447488515,-0.16650166082289805,-0.11161083078710657,0.10451960499920557,-0.09930010014559171,0.10000506208388113,-0.016462802041225424,0.19288313649360428,-0.005388470566626002,-0.23713104279878788,-0.1741201134395508,-0.052728392029879355,-0.18613457996326266,-0.008120997535776104,0.1862336926222349,-0.11706883594573979,0.06834884748206094,-0.15382227923248687,-0.35765795035375103,-0.032402278102183255,-0.19859864734540097,-0.093187931874716,-1.527632876794671,-0.11876543193578956,-1.0877888232745883,0.3297392858889111,-1.0533898412029623,-1.2911018387126094,-0.3360549357218823,0.09256064342642528,-0.9289672201776265,-0.6018699812582661,-1.0413527362663304,-0.6395776921480815,-0.9580793941657332,-1.0667668410348086,-0.44460887875726324,-0.6912518694043308,-0.6289476993783348,0.6698943552897987,0.9335367377275922,0.13650473976665453,-0.263445018577351,-0.7889366329147028,-0.8891620910896058,0.8321208771958686,0.873103760494601,-0.16647142484349406,0.14958240900393982,0.15186158804221878,-0.09254556822832805,0.9894332027567149,1.1977663357950143,0.4763677038886698,0.4524235742874121,0.3741413128004234,-0.6987212657839449,0.34104330149674783,0.09765953967994678,1.367702507792133,-0.05295490427271922,1.955113891074776,0.20321914146432762,0.7700952507507082,-0.06698278511319697,-0.902524123642129,0.3940477271233855,-1.4769590092490632,-1.0440293121139488,-0.43584600017048886,0.05056173134478029,0.25226147773412644,-0.8167143156294132,-0.5632262307371639,1.5355746666494525,-1.2069550353490186,0.07536103444528253,0.9839137933637039,-1.0418493806623903,-1.0541570613945235,0.9596135540004832,0.38769587932538907,-0.3580296770589812,-0.12241096963137472,0.2306514540853652,-0.18631720793187653,0.15273814813772557,-0.2967089656905873,-0.7627975802750244,-0.5679580601011949,-0.2094146709294692,-0.6213830313762854,-0.3062927049550949,-0.9650469431749045,0.46306683031297974,0.07691980481573599,-0.6345079182903799,-1.0868916087860985,0.5639400249373271,-0.37366552249968815,-0.9594952351908126,1.2841580817289497,-0.5813513941768371,0.5600028917993272,-0.5218157085649678,-0.09636599558533468,-0.3119385780691892,-0.41597640066450814,-0.5645050487242217,-0.3709537151286551,0.08311929753455312,-0.4762370561807686,-0.15802848758091495,-0.2334154635390182,-0.03812333012158466,0.035905116789877664,-0.32758378107762454,-0.5667873826411652,0.10397242002216649,0.11322461947440819,2,aya
-0.26855522322998504,-0.6178772496904648,0.044806877621931654,0.053503113668482545,-0.09622046946048253,-0.09872783683035963,-0.2982687243498174,-0.00579797496718193,0.00419611590960712,-0.21081434818867925,0.0951648184149165,0.09467737523207322,0.058639781810041425,0.20460026772739662,0.05879789125223983,-0.42093425316018873,0.7894722936979409,0.009572891621360618,0.027536171402190085,0.1908539384834823,0.09252105927943846,0.23974632054203185,0.29933365283384333,0.26687542913788304,-0.2199959065416702,0.4264418194775886,0.04565688656737496,-0.12523230951970965,0.5953860039822905,-0.3334259222882252,0.07419812709652707,-0.24744906254724516,-0.055329891575404515,0.0664210675818662,-0.009270566264523779,0.029377778764112822,-0.27914620048576605,-0.14098880336980052,-0.10254397142123231,-0.014989558095635023,0.05681995433895216,0.06275983879640323,0.4382838745070314,0.3528226481412512,0.1264612763056464,0.12142170678371017,0.03967544899046897,0.16851600773842046,0.12275158214039822,-0.10833643757007927,-0.021113360264084776,-0.10324543987562683,0.17880204199914576,0.024266921661973497,-0.03707306178549213,-0.13535489683705032,-0.14888692450266636,0.16099925703972953,-0.12304259999785222,-0.3119774786867245,-0.08605135816446388,-0.08218982031563865,-0.04493861830942332,-0.5540177951685112,-0.3833848466941507,-0.40066296123735406,-0.17864275300339674,-0.037734525922141736,-0.03858252235161347,-0.22313939639033165,-0.07069441230335671,-0.20617108174758386,-0.023041756893939405,0.05933172424314204,-0.22712609885594373,0.16097080468981623,-0.15863493702994064,-0.2815535440802852,0.016269044656454516,0.12387814315178425,0.17906204675500118,0.054060328499582415,-0.19866446174370486,-0.13474012274507666,-0.13022934120110805,-0.1178796879150214,0.11129202553375547,-0.03780488296000947,0.021384624357424203,0.05955636054871922,0.2234953841841983,0.0007005146441636647,-0.18708806654942617,-0.05292010559934426,-0.06508732739303663,-0.15591533158719276,0.00879387556835863,0.17907783772227648,-0.028017160008464697,0.11733439300237619,-0.17947677722435215,-0.3008206234299783,-0.07067600233454037,-0.20233312730956443,-0.12886891730663877,-1.0759204480180506,-0.4239333848328096,-0.8566214594393541,0.17235105315361443,-1.0145445479993938,-0.8107512333173464,-0.6368405929864308,-0.14335957018155865,-1.0258224362121493,-0.5247937664936346,-1.0453525672302615,-0.6727603675382917,-0.8782393067942702,-0.393815268292123,-0.6742718451210622,-0.9274417977046975,-1.0115683949911338,0.49847495295088834,-0.2586969803638375,-0.5293167798340718,-0.7808519518173745,-0.8914603785415585,-0.8466825301637085,0.33300441315704393,-0.5237911731910108,-0.8044836958966729,-0.9351941051818902,-0.49867546481117986,-0.20916499866797295,1.5477692221479968,1.4837677794126236,-0.10876500635632431,1.172704291651855,0.5844797475846583,-0.15170787727193488,-0.05921640561417508,0.08180427511539475,1.3069452429242587,-0.13745842662406765,1.0709941746354947,0.22316591691922494,-0.22465769069845162,-0.5087205024838202,-1.0128114358924554,-0.7364375040382548,-1.6047448203297583,-0.6294728456149755,-0.35405288153151887,-1.4650849281516816,-0.09547041842681246,-0.6166504507013811,-0.8458009709733908,0.7702711679139356,-1.0512700181812356,-0.011619915286613226,0.9612022018083128,-1.4341735944006981,-1.0980005104041197,-1.4505150947384062,1.2834957349697855,-0.6061387936230106,-0.23392168433700158,-0.2722163844798585,0.5120678287453503,-0.012518903637806918,-0.46844541108126736,-0.2952140333011283,-0.1173870660302664,-0.10161707063808471,-0.5926747469159833,-0.9923154623662324,-0.9930608499849722,-0.17557786849445298,-0.20112107352920205,-1.3717568119099655,-0.7769881858847462,0.6941872520021547,-0.6268384378707107,-0.8675176617074598,2.0072407126932776,-0.11524341176392028,1.05504671191953,-0.951649933578288,1.8939310016732627,-0.8440108570431585,-0.34678730840502514,-1.0336458038136755,0.737533088061282,0.05682640618743999,-0.7304336008801102,-1.3530772926700987,0.13538337600975073,-0.6500403786254875,0.24909139275831962,-0.8799964110068288,-0.36175756331618464,-0.20228483121074387,-0.13855803277627568,2,aya
-0.20778351315033253,-0.5505258032300744,0.007718573387345905,0.09787765807232664,-0.07706014071789011,-0.12533695393892036,-0.281436438389245,0.04317129709506817,0.0129870295359896,-0.25106780372023585,0.07456905778017141,0.08988212434547396,-0.04282790795494051,0.19997002220703097,-0.07271519150400807,-0.40951499563742383,0.8318067421104873,0.04733791367657057,0.05058919881951939,0.18598611719011718,0.12087449357666413,0.3145571493475055,0.19910402812966427,0.1952873302325158,-0.24918500567441157,0.4990288244706775,0.09631621335630754,-0.13595164688713687,0.5728145813392646,-0.3621943259471871,0.040746964858502696,-0.13223250373631756,-0.06546085434323631,-0.01695358614740061,-0.12681419841843183,-0.08927802369598517,-0.31189297362356133,-0.15662776083498933,-0.16094498703823193,-0.12116471280764812,0.09011903433841877,0.06880408697861534,0.3856674100013261,0.3082576601999315,0.1556832974690692,0.0872818005186104,-0.007845322698390823,0.17450187939740766,0.022386271895067106,-0.0810423844611856,-0.041958182912636935,-0.11322335060326813,0.12279637693442597,0.09415054105078789,-0.03364796896089878,-0.06933450615738704,-0.13108753475594123,0.06770028644156602,-0.18232458470973853,-0.35840716033907605,-0.0815827243702092,-0.09247716795500752,-0.08185976024880955,-0.5608719112612645,-0.41123900258836515,-0.34631524937772384,-0.12358793621094637,-0.10024703192929786,-0.028105552701281546,-0.13557557235587936,-0.17739653083756857,-0.36476683335124194,-0.0015947746048029059,0.11141205295871026,-0.030521616071032646,0.21928706467376477,-0.17122576531498898,-0.3063201174733026,0.04745669862682791,0.16036141357315764,0.027803126976390393,0.0198064981830654,-0.1467392975387108,-0.10544916089662264,-0.14713573781370548,-0.09254937244105865,0.20339314386468924,0.006311858246628402,-0.04909868270608591,-0.008399785226525123,0.17097837786502335,-0.056698683428261065,-0.2271026479771086,-0.08102117871675722,-0.02401243052339685,-0.15047205131071012,-0.11168527159259133,0.10541521508264745,-0.039958741902839615,0.10060865711361175,-0.2872672624868618,-0.33796556279670653,-0.0901125314787091,-0.21266588813373857,-0.23144778839847427,-1.2641363398761247,-0.8271257131007237,-1.0219357817469101,0.5973374814880363,-0.8436762511960649,-0.819238770783732,-0.6313924992007066,-0.38130799465746024,-1.0472314960326154,-0.20695132114920073,-0.9392969219502199,-0.8998989228612002,-1.1953974805979564,-0.7436271136320387,-0.839920579866231,-1.1625228305024329,-1.1071012552269732,-0.14169889573128322,-0.4999831800207592,-0.3856318416552147,-0.5296775313876321,-0.8689908561929843,-0.5875548651004805,0.6905974152567727,0.07931027343297227,-0.3829247396583599,-0.9930597708432013,-0.7215988276793409,-1.2592990667663837,0.109892081706243,-0.929534047766382,0.09344216631876472,0.22016719667272558,0.31277547509377357,-1.0749167916135778,-0.5801816284925392,0.14752636255950946,-0.2553315265075407,-0.8821289504462,-0.4490943402111172,-1.1208769686432305,-1.2791712927345629,-1.214976679933221,-0.867521506193439,-0.5560984307820198,-1.5128058597726437,1.082594489947637,-0.8003953496696764,-1.049724105353546,-1.0121774611802836,-0.5708047435614464,-0.9562454425957145,0.4965025381273955,-0.8203987012143599,1.1356359134781877,0.21068836981772426,-1.5242731774600635,-1.1141846716545993,0.5616338288435735,0.341085741692235,-0.7893554015195052,-0.4696192385673013,1.5886867222333134,-0.25809542560918586,-0.17355093036660252,-0.07685966649785625,0.4447349032434146,-0.49609625095520526,-0.6384608270246549,0.046237155966691826,0.5156848324451668,-1.0492901451867889,-0.44438493602719564,-0.5416893718665408,-1.2196868184685707,-0.6923427167538074,0.46290205234407444,-0.5372787977475567,0.5690390055098219,0.8409531721778728,0.06141207359413225,1.573253974388281,0.23626823234153638,0.2964368517167694,-1.212789818489417,-0.11529060142133947,-1.377747293735504,0.1505304891670665,-0.5997214174124433,-0.49081515338130055,1.7802161146974065,-0.9469368797066244,-0.991027791340752,0.7791552784737223,-0.801340941777718,-0.7572489460288142,-0.5720753491107137,-0.2838718196317615,2,aya
-0.2120173820550937,-0.5264949859976416,0.02121334437221662,0.33319969164790003,0.009251715545667567,-0.2984197982685334,-0.011831879421933646,-0.0738801217893572,-0.06379433372050143,-0.33769978135261175,0.0015940640218209752,0.0894840453082331,-0.09725451757263437,0.1276179946269763,-0.3050973072149826,-0.232249328529846,0.8837902199975511,-0.12573473808224317,0.025280901893629908,-0.10501004435280811,0.1229545820833672,0.09234098777543935,-0.06962861747602361,-0.0009140388108321167,-0.15362275012185803,0.16055326697403655,0.031553515190532413,-0.34583078199271416,0.6077955647011495,-0.20860300839036156,-0.009050085937102699,0.06629258186564323,-0.0764637663663179,-0.03474873783931943,-0.1827349371858375,-0.16226775135377977,-0.3329605921540208,-0.07217236473723068,-0.11304953123115262,-0.2419198626729971,0.24355032268939578,0.3690196229402017,0.5807344701458855,0.5285841066703121,0.25261098748161553,0.10435642206935782,0.1763993757243588,0.3501619953661976,0.13352880349798657,0.15412090338071074,-0.3782670771833768,-0.1576981815327247,-0.24906476253000487,-0.06793668096874558,-0.23496426217007188,-0.23561865676793262,-0.18803418810852554,-0.010987872111024687,-0.291064790077474,-0.4106504028864551,-0.2336969546912664,-0.09812732556226922,-0.4244127564369056,-0.5268254219376646,-0.4319229335074212,-0.3395588062496738,-0.27611254611384944,-0.07789476718077244,-0.11745141035779717,-0.19226832278982478,-0.508088816535267,-0.6116660352419114,-0.1804196147393248,0.09902830382251518,-0.02250999634819551,0.10023415076048758,-0.1530940336387198,-0.5003309332851182,-0.07290228036451162,-0.02305224891124533,-0.07776434131737824,-0.08170750934798386,-0.25382873647234755,-0.188638363181721,-0.27156895472676695,-0.33223987656481285,0.11160894085949802,-0.14554109023732592,-0.16117069956147523,-0.06905272831039493,0.03840691077487893,-0.010905396580491533,-0.196085868042452,-0.1751048309937068,-0.09173069544158877,-0.1655164453120524,-0.13855286542094333,0.0892731218642638,-0.13724791265030886,-0.06796751789283581,-0.187117854290227,-0.2745681364717094,-0.18270151435245147,-0.19461258468909864,-0.3470445328420553,-0.9505052471425464,-0.16715306079707595,-0.28414435094504803,0.8307200291816713,-0.5630941119501462,-0.9247379419709038,-0.6702214632898698,-0.431411592983192,-0.9311570695618353,-0.20365784917002652,-0.7020487483804903,-0.9103762072012653,-0.730357109334997,-0.589054998784908,-1.113780138737745,-1.2099021779032686,-1.1208026691458204,-0.5015017923523587,-0.4966882426690137,-0.45252598706925673,-0.41671603128606816,-1.0168098393345686,-0.7316659095167096,0.6506951525103113,-0.147230256163204,-0.5131657394323187,-0.9376841954085766,-1.083361755242449,-0.5331126255579255,-0.7666228239446166,-0.7311233663075187,-0.7464398375214555,-0.17073228969252865,0.43671443796491066,-0.6568445408072385,-0.7967376253268308,0.6440231052828889,-0.06475762917365889,-0.6251546709002648,-0.5893594911478061,-1.4995261272211646,-1.3724733338378856,0.25470611775232654,-0.3201356315225694,-1.21025694940125,-1.318283729552796,-0.7581393170102665,-1.0625646299062506,-0.9049810186680519,-1.217540505268152,-0.6739920135651694,-0.6936418104171416,-0.9260618810141777,-0.9794736963010204,1.8635454338734032,0.49050023804638904,-1.6796120121828226,-1.2926227977077032,-0.4412004631610038,-0.2082531596944454,-0.5587708078922909,-0.5805904436496843,-1.0303555269238867,-0.34347387490684833,0.21204085537174683,-0.13450559212382526,-0.25385667196709233,-0.6271078425647316,-0.20890323170278022,-0.1562685454087475,0.023252465189535356,-1.0423913796589268,-0.6275633083970588,-0.6184823589336054,0.024947099759561615,0.11822790374631109,-0.11691785559343908,-0.5270893343279613,-0.10185516913799307,0.5947564952985046,-0.2829096977266488,1.209577545406138,-0.8074764366996096,-0.12336710124215708,1.1004712684068645,-0.3386180351362281,-0.43615198554508494,-0.31101130078343914,-0.4096061661799163,-0.37962589159875904,-0.6646103517193044,-1.4451255701888015,0.8102501488009568,1.3162684024544502,-0.0017813906826760508,-0.9856065351209211,-0.49695779347589036,-0.3422664009992222,2,aya
-0.2719520019047933,-0.10303190023914456,0.0657318516059389,0.4490877184230989,0.07641393261071411,-0.3214709573148625,0.20565812131964506,0.03533519657539709,-0.12080427053293784,-0.2197993836443977,0.2230942737843098,0.15201168540269713,-0.06889817075515539,0.13435309203340057,-0.2671312668143279,-0.21159162641344748,0.835943891418621,0.13706371671096826,-0.03220972483080027,-0.06092178861874062,0.07912980665789275,0.04996369275211499,0.182846022590078,0.0008741279583947845,0.06557530894645468,0.17143313792001208,0.3108918653362833,-0.35689510655203,0.6675954237212124,-0.1714984735346062,-0.039692161742180966,0.04709099275208968,0.004345334098346923,-0.11561416121381464,-0.04969835256250468,-0.11405788523073043,-0.24512458460157682,-0.1341741612168526,0.002345711969306348,-0.23379787259943594,0.25431602032161604,0.2965053989273149,0.4828660262435759,0.3703482910102143,0.19958962869127442,0.17577929257181002,0.22362671949461796,0.48331171634367376,0.10658843719402233,0.3139195484115475,-0.30101776538137026,-0.04129008010950821,-0.39732580443686405,0.09516928660935858,0.030493855013986004,-0.2652790444171877,0.036476348424275065,0.14567237487866286,-0.0639594943746194,-0.31942012033456335,-0.14021811528909608,-0.040024327115573924,-0.30399817038923554,-0.3328009052107034,-0.4450887789078898,-0.21184485452923932,-0.18245606039121917,0.028338228521969572,-0.05621646728134812,0.033041227770070715,-0.638689776788388,-0.42283969516276365,-0.1832270792097914,-0.00611770762746892,0.023302861893567704,0.025053345002290832,-0.1218852618450269,-0.42499723861017097,-0.05336433492898917,0.0684897111221235,0.08745704714667744,0.055500275938675715,-0.07245280500019553,0.01933138084123934,-0.19727244043627032,-0.220504499943087,0.06623826046358958,-0.15237920081653786,-0.2857638799543041,-0.00644716454568461,0.00972841288131855,0.1951382982341861,0.06139269045596326,-0.015642520227951213,0.030223253489892132,-0.08569998006738605,0.11797264768362357,0.2525068391862456,0.027454774696839157,-0.02156690633910391,0.03628603391959769,-0.06500855431946624,-0.15266273807786188,-0.04209985683853294,-0.33936502510490574,-1.1056741013578624,-0.7544107311479077,-0.8776824550682394,0.7039788178161743,-0.5405242318878608,-0.5043213032151096,-0.700073281861728,-0.45483995737270155,-1.0039566659230486,-0.24095682056604742,-0.8744516209195499,-1.1619721815634612,-0.9630280834546607,-0.9071578547243443,-0.8644669175632833,-1.2010455446625885,-0.8934815743377781,-0.2271641931422906,-0.3669409545951074,-0.20231933867241386,-0.05407273571882732,-0.9695822183665875,-0.21125152060317418,1.3371866831948096,0.23481200626110735,-0.3345966030932127,-0.6659501016969915,-0.9540779654071171,0.007174111317561174,0.6730111181952849,-0.6214254162915959,0.6026874460745821,-0.542829508904049,0.015942863101597888,-1.14992847037956,-0.4909449220130586,0.42815439431233293,-0.26682228747215936,-0.5188362093185989,-0.7871045097292022,-0.9200411650023447,-1.2723130391709194,-0.6760027759566418,-0.17659197687310235,-0.9049578215579734,-1.4042827632837558,-0.9958033091741364,-0.4376964879606651,-0.5624056634268758,-1.7382595994531425,-0.3606285779280422,-0.5677388416954158,-1.1162512866977925,-1.0217008577368434,0.14147364256590245,0.4703628590873178,-1.085333426019672,-1.242332357252454,-1.5964168919920096,-0.4290781793304745,-1.4346766774851734,-0.6144634400007861,-0.1325656747244915,0.16631628450757477,-0.33343183950488126,-0.3532283292357714,0.08059506529762668,0.10132805939006859,-0.4223251440961192,-0.025589145582959667,-0.32104558849070125,-0.7343686658101303,-0.13134939156936243,-0.4319309485025374,-1.0619202533618788,0.31135043804839857,0.12901355151052535,-0.6091251056533343,-0.20622252626695553,0.3006014941943886,-0.4220350990866749,1.2527075465344384,-0.13562457845675288,0.11945009749756301,0.02048874533266502,-0.6689817450893525,-1.1437169675117989,-0.06746782265169875,-0.8612547157664696,-0.2851334808047137,-0.7963157951707717,-0.9348422284881106,-0.04680684631464355,1.3596777167250822,-0.7258210840721782,-0.5433530526619484,-0.7916467993618651,-0.5399316997802103,2,aya
-0.16778761209860132,0.040823874690577404,0.017959675769271308,0.4799593795001916,0.05521196481833062,-0.19621868042948973,0.32256578847660106,-0.014020463855063432,-0.08092245053980217,-0.13590475851953085,0.19154763091940677,0.19303459578938909,-0.06237576474560194,0.08169492600689937,-0.2246333117114541,-0.11726672786488034,0.8607454230592417,0.09540694614320716,0.04356835604550823,-0.04278296766185921,0.1149764802573221,0.07615353253121086,0.17289910987628213,0.04668554360648745,0.14464164713204583,0.2101416835543534,0.4340498946362582,-0.29342039550285387,0.7483094986068962,-0.29104388805476633,-0.003952156742473043,0.06445464843045193,0.3410315084612899,-0.049027470097255756,0.03337934608162639,0.06249538929150906,-0.08146878535669985,-0.0002617219017714684,0.09169540398827804,-0.11148950690670431,0.22912643275059352,0.33239638829129553,0.47653160451305593,0.33289912229915536,0.1437217268653881,0.2350851568569873,0.3302801912945158,0.5444240634695856,0.1903838629413592,0.3138340353380941,-0.2848881453624881,-0.044027207024332556,-0.3581127516601574,0.12943732238161113,0.05358884616631763,-0.20529778564932627,0.004747713602008193,0.14336955820286945,-0.14323965774594644,-0.3388650510360427,-0.020125441996792778,0.11674781909464794,-0.09620943308070448,-0.1380746113199687,-0.32794079031056433,-0.19304511729957177,-0.11550293765933509,0.1155898500365474,0.008214745466410081,0.09053310266518931,-0.6243357182331895,-0.3308259559720198,-0.17109901311755907,0.00736520670114563,0.017712738382992452,0.012596243733128322,-0.11680514289356483,-0.13204260651062966,0.21836443743648368,0.12225471369776408,0.3052481017781333,0.13069951353076012,0.1562939100230045,0.15228518868767427,-0.018927733249883057,-0.11541509728529922,0.20330261476825862,-0.03948138296578798,-0.2381807703387253,0.11067564916112971,0.03302648475999581,0.2859276226390813,0.1180295250186589,0.09657048530353654,0.0404765405466402,-0.10886576589151578,0.26045927331005164,0.42110531969827847,0.1628190059238309,-0.007759075471348474,0.16164004313693664,0.09499741485408816,-0.11239656837780954,0.04804684143842191,-0.366933779445715,-0.634238230646895,-0.500785909063218,-0.3897043168336785,0.4416752544389397,-0.9407817198290113,-0.6245006724127176,-0.745256696763383,-0.4696706250896708,-0.9738702275229428,-0.20345039614716723,-0.6535074579657152,-1.2462487827379423,-0.9816173124582134,-1.2652228292706558,0.10457399896958315,-0.5294894582669938,0.1453965239324496,0.984450444809975,-0.30411583181439644,0.6383047107882993,0.8253314021999847,-0.7104112426754349,0.7290460427356198,0.7103582001521977,1.0133620766023448,0.7187107400677861,0.05333354441738761,0.1482858652366431,-0.9335454695968046,-0.2633591584054692,-1.5030266482995656,-0.7021542492049863,-0.22268609171075168,-0.22476360867068673,-0.026471815351882304,-0.6704903213264901,0.12927254290396756,0.4544543225745678,0.7364926381456917,-0.6879257559452437,-0.22520476822928281,-1.1797572262009104,-0.9660114200017477,-0.08770871516868359,-0.7904961531275659,-0.9616694539071736,-0.6412065096557789,-0.3761494542007846,-0.18632059500801662,-0.9247174512478119,-0.7830867689314143,-0.4830952696794086,-0.14377865700894527,-0.9362492934415977,1.0116333157819954,0.8074713914175059,-1.1130705228243774,-1.2443726984049353,-0.42335771084770135,1.1844468675201352,-1.2647178660651792,-0.9170820827002303,-0.09514512987010589,1.3135406667935439,-0.2552810864714984,-0.3582580001223624,-0.3104762387951621,1.2270636744396273,-0.3453852797912789,0.05212422129441258,-0.9972460456987974,-0.5767244265233059,-0.295856933191336,-0.10544119918149593,-1.119953951731126,0.5332192274112125,0.18236805655276486,-0.5111601325739631,-0.3915140170298025,0.6106890889007456,-0.14498025804325115,1.2253118698869716,-0.04058271398954526,2.1753883012130473,-0.14534587195019233,-0.78401606114118,-0.35260016077459355,1.6206718212878268,-0.7803807336535687,-0.3572661581294083,0.2695040713106629,-0.19514194037303914,-0.09317877751338255,1.3188894847912693,-0.3824880203299678,0.35371681401796273,-0.8087480649601195,-0.6069785590940651,2,aya
-0.13369628604507522,-0.018626256853016814,0.0838620822540647,0.49984496627379954,0.009191984274697708,-0.137793417671016,0.26290351146236285,-0.08586781426752657,0.0023027670761891247,-0.028334865461019855,0.14565459133091962,0.23465670679688985,-0.13971267771313742,0.027825670651652316,-0.2636689326877658,-0.16916382976626207,0.9000653370596134,0.08326626899725963,0.08039906531679114,-0.05515099466619469,0.10405788153522946,0.10468912513301101,0.13894249381686521,0.01542366126068521,0.17869342442598177,0.23295459015588785,0.4407746343231941,-0.3393855636425621,0.8281881216984435,-0.22617827858753042,-0.055113305325673455,0.03900812787235512,0.39383831832614075,-0.057863597891705636,-0.027735916910131397,-0.001258830305073664,-0.07123040221337375,0.1140597735098726,0.07571383687886087,-0.19345095938590678,0.22699202825998235,0.40192473470610784,0.41358122827366733,0.3045224894459345,0.10258848101947408,0.27016030317210465,0.39909662648243116,0.4180911635766776,0.19514242253004122,0.38317760826450364,-0.30034071878202195,-0.07584938951242623,-0.42606804058882947,0.10759494282930072,0.06246458887375064,-0.27820868046807495,-0.062435654409411886,0.21485110687668413,-0.0577333891357793,-0.24104814246124118,-0.07686243457861296,0.2671459733520731,-0.07035634384164142,-0.0940164885770651,-0.312685985701019,-0.22270375042502533,-0.1301453114937641,0.10652348878082137,-0.08095513300980725,0.07211153185212615,-0.694937425824505,-0.3858232122526221,-0.12005699732909539,-0.004393427375631333,0.006287575540511402,0.003154506767576165,-0.0570769235668299,-0.1705525856487873,0.22530214302735033,0.14955496041975666,0.2846733051641417,0.19577440191679713,0.19410957830929407,0.16953259864048925,-0.07412337293920157,-0.1542183292624365,0.22712397104927912,-0.07933836628391783,-0.22782492398553197,0.17702639007076604,0.01686859289956348,0.20905734059397285,0.12007788363283921,0.11903168505710006,0.08081518826894793,-0.059388874618384525,0.32120236474672315,0.43721815946218545,0.15413279582232323,-0.007992277238545443,0.08184741429771712,0.10555335147743763,-0.14308139017154306,0.07907777489170488,-0.4948935032312557,-0.7835578469065482,-1.0109794946760675,-0.7183955415590002,0.09848765553171233,-1.0235268467713872,-0.4661278435414774,-1.0396198509154033,-0.6222392505302488,-0.9233305788681206,-0.31442684827464074,-0.7955916564573228,-1.3587366105890852,-1.161177016664952,-1.1355223968154566,0.5198844996523388,-0.20262095737443417,0.6430677228194304,1.5995923685446027,0.26464515376965164,1.4671017608404784,1.7539648614357417,-0.3724024651322356,0.966157789551274,1.2379345417884708,2.4799287548021036,1.6772180902423832,1.0470628366905625,0.8412600145607095,-0.31213099643375747,0.37223004084039435,-1.2148483341105596,0.3136659337097572,-0.5365560387796647,-0.9782596767375222,-1.1399912085915407,-0.19927186052634588,0.03453776954758567,-0.33562172493806036,-0.5703885233199109,-1.1638359889712782,-0.7495711535908093,-1.2236368726236664,-0.3095819096548797,-0.2155370622447237,-0.9885533635948441,-0.9761283515538346,-0.24702663958962875,-0.6512128996049046,0.20692784396367414,-0.9445783137915754,-0.9120407422772556,-0.4792827389205236,-0.7820856050254539,-1.0892592012100022,1.4209743440626426,0.8542138926896249,-0.7746508739239722,-1.3625622373444681,0.022042386763936387,0.18099955107000026,-1.0952390092439195,-0.9031271395677833,-0.6596586426816254,1.0705633997153319,-0.7228849177796236,-0.49741408651931934,-1.2330156496419853,0.9990706270404854,-0.31696987424449313,-0.04067713069070939,-0.042724247784193696,-0.7319100794767945,-0.4421737595322116,-0.07237898057060456,-0.8701995738867183,0.5725220485781454,-0.1843515537646833,-0.7600455642341766,-0.11349635415565684,0.03379969839879308,0.3151525683090644,1.0482172373360377,-0.06171518152547476,1.418933489649528,0.4407393967571216,-0.7266206407939009,-1.2966667230776414,0.9768715019581968,-0.7232790341416017,-0.35046499077027754,-0.9711949885807796,-0.4231271452700847,-0.2595576787864838,1.4690270188866092,-1.133780377200669,-0.024681219587346145,-1.1245464667276381,-0.8115846603327561,2,aya
-0.1330977755577614,0.04378031984090274,0.09352627854371268,0.5522874779341419,-0.029018540076279048,-0.17886665210809513,0.24909144881178544,-0.1258256952767041,0.06338242118584651,-0.016372183265665245,0.07735408134952086,0.30044114537328703,-0.13517960491574316,-0.0671726883489232,-0.1278754092922209,-0.09191251151299605,0.8478628995873716,0.07779721819501076,0.09268785363434909,-0.07104266161727578,0.19540005395716573,0.1824550593208509,0.20064701690859804,0.023337318878197313,0.10595529682781521,0.04180904242846777,0.21193255128690724,-0.348764436832502,0.9178472195456127,-0.12954327512252214,-0.06878110951235411,0.09508314116316252,0.3535555365782544,-0.07000520375390136,0.028221568132718273,0.02741240414777382,-0.014771010560887664,0.14041707681105978,-0.05230307350079651,-0.20597065289018107,0.19452973405442003,0.4518751153723348,0.38499246160764616,0.30357448235100565,0.12004029001948238,0.3328288703127553,0.4007512806809452,0.35248743518487596,0.18857796539135158,0.39073762924525307,-0.23151754903097516,-0.026081724522913668,-0.3462779443909434,0.046574700559629346,0.07697769172566708,-0.2079245206242116,-0.029589822387452676,0.18395401249583626,-0.12425513986680659,-0.10146439072413624,-0.028327740847527167,0.3428181596037858,-0.0787852090078651,-0.08117686627748091,-0.22555131201541112,-0.19103045887164205,-0.08348829225433098,0.16105368845289691,-0.15620807596451977,0.11319881467627096,-0.6903033085597415,-0.34951599124100924,-0.08056607816512916,-0.01587768470214525,-0.012765102316210822,0.0317238866888663,0.040402295417184916,-0.14553148702426869,0.30039917152753187,0.09205500010350479,0.3093541823761762,0.25205819162964976,0.18783099619304802,0.07229824787055919,-0.019116691939286046,-0.16704670291963564,0.20293455011831765,-0.13652388098610557,-0.19022443730664865,0.17117882429905285,0.029797405653362505,0.13895884761378197,0.08249488192162024,0.12206887945316694,0.12311564318480896,-0.08829808285063098,0.3737103845961254,0.5130270451948208,0.1375714306196194,-0.10708060800795992,0.00048732694024463237,0.24446235081018353,-0.0609237585375823,0.27005555082247884,-0.3312593524642585,-0.5145443709610621,-0.8819313548972904,-0.3963067086797611,0.2014172161360703,-0.8148805715481177,-0.9192913011334458,-1.0808726412398453,-0.487502227206629,-0.7956732874448738,-0.5032584157982761,-0.6350901956678644,-1.1386751052924362,-0.8622996138198515,-1.2545420779116059,0.5905127319721577,-0.33171526660861117,0.6178715735560025,1.4614584372316497,0.7891298848476167,1.345912050274514,1.6768677071432594,-0.4244828735778238,0.90911989860547,0.4085298177252266,2.5762348272433524,1.9749619217810208,0.9399158201017781,1.0953265154596008,-0.5737368766036198,-0.9703945099805902,-1.0770088354681921,-0.9909863970556095,-0.24268364817267912,-0.11791794811745705,-0.11649195148286991,-0.21741668030982247,0.31060348621449785,0.06297566677577737,1.2788569178588791,0.022186571752218758,-0.17072928836388268,-0.879960708840799,-0.9040242655874364,-0.18828958121181416,-0.2929144975472477,-0.7805051002124828,0.010513937543954315,-0.3439047469168014,0.22183469673490155,-0.7452211429314956,-0.9758806972667742,-0.41994555147523244,-0.26899810971532606,-1.158540834530894,-0.22014536635219562,0.6933234721559025,-0.39376278551902955,-1.3845804669256376,-0.35844043728157765,0.5421291911429086,-0.9093222264980568,-0.7703055613019599,-0.36247004115713755,0.9546703940150003,-0.484095553832622,-0.48560950412563225,-0.44888579674237516,0.8856012790354497,-0.0019655537355298485,0.10650507345900821,-1.0281522245256423,-0.703771277467259,0.6418685316622869,0.6358656906270261,-0.5353573676037702,0.3829016308191288,0.36026907572619193,-0.6999111316926709,-0.7363032174893153,-0.09724946599474886,0.6568393971909635,0.8033883814557747,-0.33623679233337983,1.7103338149183644,0.5748131355808421,-0.9359990221820731,-1.300425105767235,1.3509904529299175,-0.9649220372678049,-0.7908140958768418,-0.27129146139246435,0.36208345435654415,0.05896375994758165,1.1319487337748382,-0.7745140443326136,0.4254020990382346,-0.5838290596940879,-0.6360073274520728,2,aya
-0.11101955075462593,0.06925717461187438,0.028444819289389214,0.5388782859447779,-0.08668716585771552,-0.08701330159889908,0.1795262624348132,-0.1987602028265922,-0.023238163991682572,0.053486959194368196,0.09144672211970134,0.2649309162900825,-0.1690348937381312,-0.04300803572574606,-0.09562299830058564,-0.018084219709808932,0.7794500724233846,0.012582929252118947,0.09004370802506105,-0.10365660700510368,0.1997565716294709,0.1719034569792734,0.16575337516459987,0.0696797759944154,0.17910949173958213,-0.07887829693309932,0.08857546115809473,-0.29999203322430973,0.9550173850050915,-0.17878694285568883,-0.04036115360501281,0.01625005517104489,0.10863724813327615,-0.038356404169167475,0.1474879462954528,0.005870588305783729,-0.019316020686869672,0.21094219371641745,0.0559316932573671,-0.22816129597436108,0.24324197337542067,0.41464800399617524,0.4210118588517281,0.25403095973696493,0.06484986254716997,0.2695471609914447,0.38433433550418034,0.3621525176479515,0.225464628018902,0.4404085094783861,-0.19087868648156447,-0.15698058677994306,-0.27884768319921055,0.07280527706331977,0.20683587452926103,-0.15822016320634297,-0.034930650868176615,0.04751428975278115,-0.07449228521331965,0.02192857405317103,0.092053724414789,0.14563102070264117,-0.18990203452038676,-0.0994868525316286,-0.1160533075832884,-0.07899987378394577,-0.16799523976116731,0.05542667844566066,-0.062253472952814255,0.18339720873454907,-0.5354736081456444,-0.2673912373050779,-0.09899430145729332,-0.08521090157330317,0.006947484788996471,0.11050187263671714,0.043560816203186845,0.03449649984952427,0.2593155467786612,0.01795220994601662,0.2827446147974197,0.16427995499257178,0.20831215611031673,0.09757371009128034,-0.00499096030974229,-0.1452673921755715,0.24137959571548304,-0.09466315028422603,-0.060028006799646406,0.12940697536280027,0.038034318003271665,0.22517600922324896,0.08067675344840061,0.0692811015462948,0.11152422128381448,-0.06472942181210202,0.4804266432192796,0.46835845899994744,0.06973690313583504,-0.1586799827833605,0.03315447298472443,0.33706582119705675,-0.02410042842051098,0.3162223309941542,-0.35571490655759025,-0.3845431602962161,-0.026325560029569282,-0.6443678481987656,0.035923229591597786,-1.376279660373912,-0.9909014185883426,-1.250289301561437,-0.5713439024010709,-0.8224423127297655,-0.6811923292548634,-0.7189115446500585,-1.2548599135439893,-0.7968495943702205,-0.9684978194406472,0.5203433203880032,-0.032219575255857655,0.42648728247711265,1.790090098670498,0.3302909289862013,1.030585212355999,1.2686387297751613,-0.2767261517071211,0.7321959716710704,0.27395766791383525,2.282402601643861,1.4488714097480557,1.2164904554161877,0.965355038654239,0.2503076264326686,0.04014368869562273,-0.5905361914025251,-0.1211723760360627,-0.5692770178977926,-0.30855587468683066,-0.9603585554577976,0.2907123142444807,-0.22918826928669445,-0.31294281308661226,0.07342617932313866,-0.49706312565453814,-0.3648441933079546,-0.8099885799897204,-0.5306949987144596,0.005223796503409611,-0.34786389470400997,-0.9916066306887277,-0.3803795571249031,-0.5194433599485404,-0.4962189378756968,-1.4624038342598282,0.047294084488917094,0.04380366657593027,-0.6030002163747183,-1.067583185063265,-0.12757422983637765,1.2172992854787412,-0.7217968111271176,-1.7001821471260856,-1.3082956120056162,0.20038738108461845,0.13561795390617853,-0.7536448753977151,-0.5925312508284117,0.8840858932128031,0.08454757412812025,-0.43660722891996506,-0.8682473044849935,0.8209398077213383,0.568622435669643,-0.1661127875110174,-0.2487556692419059,-0.34667264534853653,-0.16280612435499908,0.3106855220445252,-0.19324346634281114,0.3681617734223718,0.3552380999195225,-0.3487708332152127,-0.715401462661034,-0.2976091459503294,0.644024268615191,0.31937683462489014,-0.5861023822997277,1.3875705530291376,2.023841312039223,-1.4344957245404741,-1.3456139805843153,1.1686259297214503,-0.007059684323965128,-0.6966844172969017,-0.4967652375172632,0.0760117010410019,0.12163518585942355,0.7533984443258703,-0.9062543266348768,0.39193998473504127,-0.7384999194258162,-0.7976510486570834,2,aya
-0.09369240281003349,0.1531668180115238,-0.03427136273354374,0.6596143304611042,-0.12288670134088901,-0.044338116139618605,0.24110267240841501,-0.2087481439203739,-0.0846449704370739,-0.03438894632054129,0.11272118218714287,0.20422666693964675,-0.11564033331859315,-0.050754675604195394,-0.06963087820976248,0.10618379867171765,0.7758594711345771,-0.07440883816015018,0.00434267609291304,-0.18221651745815517,0.18237163482353877,0.23156406431222595,0.1448126032408099,0.11990186645824505,0.18983872025009574,-0.11971193128226036,0.18379455396689856,-0.3634877012876415,0.940885481227704,-0.2740714252201871,-0.10543770367221257,0.0743586532871917,-0.0060857019172931605,0.09219442253078075,0.09591649067229106,-0.03036246964688428,0.070124607953205,0.21280437169427044,0.13647684819019917,-0.2528375225199159,0.2522890836531503,0.33409402371575303,0.34770548837026455,0.19086697905432493,0.167357852009066,0.2591765404140405,0.4232824595731456,0.4733733674456756,0.18922241558433883,0.4398437640247053,-0.23264843481788472,-0.08258698881458462,-0.2061836515258188,0.17550923245185904,0.09934543022015546,-0.10802135119608945,-0.024494052773956398,0.0007917270964997842,-0.007022849123833002,-0.013109660622681645,0.050634043734189504,0.09779622729879567,-0.1627030668728366,-0.045067478697018604,-0.005620639860577417,-0.0022203882472309963,-0.12552915186763572,-0.050546900321832976,-0.04830605747574389,0.17074262625790448,-0.479711839918545,-0.25968530205589807,-0.04575008777319733,-0.02457126529370898,0.0250124030600818,0.045213571434182476,-0.02799053819023221,0.10108088767318528,0.13202959324150945,0.04221077290354286,0.2834904150829806,0.16276600821156997,0.22581183330801397,0.023783370577600556,0.036084241291046884,-0.23398245060988793,0.16039637975256854,-0.12314111101694161,-0.0016400894557718727,0.16847446591320986,0.0036164581801070373,0.21797697136563082,0.031220879675716764,0.06590621652784394,0.04017909179349219,-0.09326700294776946,0.39395564179690823,0.49746304690523907,0.04002037864908366,-0.1586308650653201,0.046459493969017926,0.3154140218653323,-0.0036571759525489815,0.2704213044798411,-0.22189840361246427,0.05050675716283364,1.5878847077145968,-0.7055632938089599,0.2530813960233557,-1.5361283453488075,-1.130941121483405,-0.9326461898423465,-0.5204668028901126,-0.7953146695847687,-0.9055743444889562,-0.5869886896205478,-1.091167363581377,0.19725151306666439,-0.3656411362268923,0.7100837995710503,-0.0664343651025389,0.6395970421868648,1.7953214322754003,0.28212383857927936,0.9270305190648438,1.0953862384483195,-0.005102525788340357,0.7913377605393835,-0.36890461708715316,1.9010322608870245,1.4392727563495158,1.0333650123696116,1.2725550663989011,-0.19257173530542004,-0.455107302569124,-0.5783891808194216,-0.2175596285071793,0.4172397884178236,0.035200372890277304,-0.3434453153806067,0.5555116172630317,0.11468554942888201,-0.14891942486217774,1.5741853495363414,0.12319891335698424,-0.03327359460051596,-0.6165096555704739,-0.4422090686904093,0.2571013885977722,0.18323773391965142,-0.6038305448459123,0.4753216056547049,-0.2660432544559942,-0.2961398327141496,-1.495574180550554,-0.028179669242171097,0.567506651363783,-0.5620362151297534,-1.2923022541491505,1.743759621058798,1.0971471280943559,-0.510724820568586,-1.7489819960058117,-1.181549937094348,0.16305478770047024,-0.6931568186187196,-1.1899180635715414,-0.7956872229396055,0.8693930638323206,0.01588270063517082,-0.3742020100129417,-0.77843368813495,0.5762430676673013,0.7574703374565707,-0.26200762410841283,-0.4427915170127966,-0.35934335845037335,0.09579551933115704,0.4017958487283113,0.20614911764363364,0.10175984011832984,0.25501886615499286,-0.5423672728019657,-0.4599938920088612,-0.7312240129799171,0.8022828360000983,-0.16748082506871362,-0.26309105662263294,0.73355739700848,0.773871533636386,-1.367935323197714,-1.4164235149753193,1.5301996155485944,-0.6645970236717451,-0.9093222554496226,-0.7497545228290681,0.16641632038441428,0.1239369760030521,0.509292825506784,-0.7279529818988419,0.7781827116492499,-0.8319278140632285,-0.8175147999074674,2,aya
-0.06971004581814166,0.1534941625373517,0.0739692124156143,0.5686470124685019,-0.1440066876792289,0.023470074109477403,0.2512946958172245,-0.2014639624088116,-0.10181331050206563,-0.12032004129204873,0.15101369382182364,0.1753362492516463,-0.035809259541816574,-0.04861266997123669,0.06994897883591748,0.02819859333525578,0.7879958107950152,-0.06946965558244328,0.0036455761047424857,-0.17588203332313784,0.1444740379036794,0.22508643193969385,0.05873693780155618,0.1371511976947121,0.21183770368483323,-0.16148954280045683,0.14831818590033222,-0.41162480661710155,0.9799809209888761,-0.27548879785921804,-0.15416044677577415,-0.00895564137844322,0.10055672989511327,0.16005596480009243,0.11981661208550148,0.007343199995091846,0.04384949314105911,0.20293108902103138,0.15751685089108075,-0.2394739835048679,0.2013185082292537,0.2443564798407791,0.37210141875372565,0.19796884010382618,0.10921169552126861,0.2676930434512927,0.37542566943073713,0.5121696619724001,0.16384662516289972,0.45444537284049763,-0.2758152459751366,-0.09008309390012116,-0.08185129862429208,0.10081150260433995,0.15177532224074156,-0.1039631095314613,-0.020383402710187414,-0.0033012213366618182,0.026353885458731047,-0.03332030968814963,0.002024166010935277,0.06901955767694827,-0.1999315158297532,-0.004971027447478463,0.09037129875339212,0.02912523371002139,-0.19041812098075367,-0.03376667885733947,-0.012765834630073006,0.1387375079153264,-0.4023849022841527,-0.1917231217385068,-0.015530638726854236,-0.028342004382859717,-0.06729087933332507,0.06471042059690316,-0.10631071187486846,0.21200928325297616,0.06982937275304851,-0.011856002680737316,0.4257929907805872,0.15034213314818112,0.21695077653385117,0.03374782679179579,0.009113258958508128,-0.242022825673379,0.06924838764584376,-0.13801929569348162,0.09312548755900958,0.13201262448479423,0.029635667066440295,0.27743913239933576,0.12909981929026335,0.005484767014737346,0.059452472251309986,-0.14517081280952726,0.4375915437627671,0.4907145419154954,0.09512624949436152,-0.20522130425204815,0.10183650637377997,0.3202655425496135,-0.049101356631232496,0.26214090343270385,-0.16293391391407722,-0.24696129633050093,0.8025625259846676,-0.6958651611065776,0.17163027607656497,-1.5756431512836393,-1.3949265563855662,-1.0689907826428058,-0.43825344652975595,-0.5702617035102472,-0.8693583673328152,-0.8799429346055248,-1.1655078620735886,-0.7081930997290754,-0.5517290653638703,0.505911162593904,0.16448024126228278,0.7543503955039802,1.8800493250102395,0.2630926293184111,1.1244382418748162,1.12359259753969,-0.021268760756113107,0.18974441511665582,-0.44465666214880994,1.8216625201899115,1.8122999213657576,0.9631092693261029,1.337044705348589,0.41497305645025995,0.399840088704158,-0.043601578011861535,0.10904882643819398,0.33824246224859156,0.32590678933559664,-0.35347277355247303,0.5650105818529949,0.2532545265861161,-0.37139376687403053,-0.09442766099116758,0.07762503204127216,-0.5707522173477209,-0.679983503318891,-0.7651697336198074,0.42868854056088057,-0.1447515372962682,-0.3475259809224705,0.24414169669042846,0.05808488533759427,0.20493837544589613,-1.0640681400289427,-1.3053690946764354,0.7341861299755593,-1.0914021907528295,-1.4489360854808637,0.35225526728064244,1.139958163688518,-0.7103998910692656,-1.8550684983740864,-0.6361374408063772,0.5990063511684461,-0.806429039761245,-1.363961475458319,-0.7389249507773578,1.2962785757627568,-0.5813237672006559,-0.8956166289660245,0.2661569083936858,0.7788191187944339,0.205974482253022,-1.0274883539984858,-0.7582964919357918,-0.3522884001878334,0.48993693358065654,0.9834579517918237,-1.0060198715076107,0.08605526057554477,-0.13195036152594397,-0.4348106400777281,0.005086288249228376,-0.2276177474998794,0.27955154669112897,-0.8953351006430682,0.06379621465388113,1.8432737668895658,0.6148815537890633,-1.7951929476128827,-0.7172128786779151,1.7263875559560853,-0.685320248489332,-1.6510278878661928,-0.06359997980520103,0.5299253561243141,-0.36456694563736325,0.04300567287694841,-0.34421218537023185,1.4964860492549472,-1.0660334625998094,-0.6444933181680605,2,aya
-0.09703914373030749,0.1888755325937283,0.020350270313799698,0.537127743330829,-0.15039334326268708,0.1600063534608743,0.0990782084692698,-0.16452987456156176,-0.08987169967434042,-0.10698781543725577,0.12247340435753944,0.11269034287624193,0.0537320512766402,-0.046487767700315,0.0542774408656679,0.03062937013417105,0.8735993413934912,-0.08448570219489952,-0.04984205459233353,-0.09048749588333088,0.12578493052956954,0.2581336900239261,0.03196448941808165,0.17271408258671667,0.22266180957146825,-0.214588328427953,0.10310713286387856,-0.3575830797098634,0.9850368419203929,-0.3385441554100844,-0.05857911074055027,-0.09524617809907499,0.11441575364366388,0.13016464939267286,0.11808382743857712,0.041178446996684874,0.10475778588612396,0.24279904829658186,0.0328705897122874,-0.33221092257318957,0.28814595644724716,0.2664928066853712,0.21768054303550524,0.2013887997294438,0.09302845616352078,0.2836235589167951,0.3780266377494334,0.41041085231710545,0.1885827094133263,0.4587609218366818,-0.2941445448516913,-0.07693258504007208,-0.050721071756773414,0.0751209530787924,0.0973099477815105,-0.08781771257417965,0.10633829220643243,-0.14327244522663293,-0.026585236539038024,0.08893694513656936,-0.053587385789836676,-0.044034928361779385,-0.12747419550276412,-0.10715066195706012,0.08217691121236223,0.02935856836607251,-0.20658647760221835,-0.12992490067927742,-0.016140834010334063,0.014529767237685658,-0.34193814823929447,-0.1331609281408397,0.09315657132044441,-0.044938323904528885,-0.08505475983423266,0.008872940045793263,-0.15349359523174927,0.14665132077021767,0.009596081072509916,-0.049686190003057934,0.48289261861569077,0.16346620204154952,0.3105621521533966,0.02781853661529123,0.01962427126418931,-0.24609893098763205,0.020598183015166485,-0.05476218942468699,0.11849539884797576,0.14749600812757627,0.06410256683968668,0.25878536670339114,0.17594268190595194,-0.09660565894899405,0.16567085532952902,-0.17255562838793895,0.357513497631697,0.37456656917286585,0.13410532345533796,-0.1569641880184839,0.16309850136567228,0.22983007399888666,-0.05585972404537271,0.14020479537233507,-0.05381338388828462,0.3148412223637975,3.1387381838229764,-0.5046766256096442,1.4929437421937484,-1.3924391537585128,-1.1480017258018684,-0.7106327276133838,-0.45937333340648945,-0.3643399688453502,-0.3155861690266324,-0.3197850232403726,-1.098042663001625,0.35543690869609873,-0.2870411961857332,-0.4531641573141993,-0.6984332225557246,-0.2520983428612778,0.34486102450162576,0.32848656547292826,0.08648113236167938,0.01598502030359781,-0.33788928646427463,-0.670895646259365,-0.9583598219442065,0.7369070040734491,0.7757244237010698,0.03396500366144899,0.3948493898748494,0.6400426422890434,-0.05973625506838488,0.5950141585963795,0.06282971993993834,0.595850486933094,1.204881026585036,0.6008418426767973,0.5758691050722046,0.38398231203950534,-0.482012396969146,0.25939419282827564,0.9754899204934867,-0.5733584207980973,-0.41477269461580374,-0.287945340908902,-0.15183578842906295,0.04034300577575461,-0.2999119136921884,0.28957092324111955,-0.05017089532298408,-0.43276104397796317,-1.5924278575863355,-0.38692576003531215,0.30588869540113367,-0.9624790061796455,-1.447066554016077,0.5602855899544255,0.5675777274617293,-0.662918710784709,-2.0445324336025825,-0.4177438843195216,0.3950693130359928,-0.8932238216190224,-1.3012222549856285,-0.22546328975311936,0.9939707598115793,-0.7885407878959617,-0.6752685664104999,2.576524801833677,0.50042715305355,-0.2258585734441334,-1.1065793875569134,-1.1259824629266717,-0.3581879210229547,0.11631395056665568,0.4328034038799846,-0.8019674139666583,-0.17381399426757702,0.44877021050038823,-0.4717343560770214,-0.4836592270936199,-0.9376779715990656,0.5345838150455862,-0.34468224242346845,0.10986182523557113,1.3065279126496034,-0.5100720342972992,-1.6690086865594067,0.4095207988646977,1.6306395487233767,-1.0654681205291165,-1.4135522391341038,0.34212650373872894,0.7108697626307379,-1.1323435652972047,-0.550253644164622,-0.33254595130145415,1.4021497727438879,-1.2738933030382515,-0.39651268843467685,2,aya
-0.1708843196421541,0.08293911598762511,0.09083776368603666,0.4671882606929138,-0.2145815738037389,0.2242364801785587,-0.03887696430660214,-0.10686649445697706,-0.06000187698226508,-0.203377860018483,0.024514737982436606,0.04326320184648674,-0.015173252589451007,-0.04754203120435339,-0.10156683777577027,0.16303298965438892,0.7366668455988333,-0.23260101940356293,0.027317946526565277,-0.14648678594425898,0.07437383539908612,0.2695387218713692,-0.08134724709341247,0.15436758263109426,0.11410703334810487,-0.2852443093262071,0.009363604214585595,-0.3567276620851503,0.8978876715081832,-0.22977158907615408,-0.01611519013944017,-0.093320994027543,0.16320773433148356,0.060451722344471874,0.12232476696253698,0.03685626081629593,0.1817511653492984,0.2575991028033238,0.09481624168665453,-0.2997037724781752,0.27410293598366536,0.2901472028848274,0.13161743345978638,0.22200735970717336,0.15630338124360427,0.28759102050789576,0.26535081577462183,0.3562319404687911,0.2151964192252794,0.39538594567417024,-0.41053075236663983,-0.10732927352451177,0.06458909269169741,0.00500523978263514,0.03482711548993344,-0.106463308428282,-0.00027576718167277275,-0.2446651298100804,-0.18863704077918658,0.0446161474307361,-0.18465868966313323,-0.04234587793096517,-0.15318863903454547,-0.26514461059555283,0.12457965245069845,0.09580864180485804,-0.2371627264285403,-0.13432625822472474,0.04465862753205376,-0.20529216871705325,-0.1946677327714532,-0.1691961557647071,0.0063842579487666294,-0.05232319447742004,-0.10126189795504788,0.06444421971275946,-0.16515579667360275,0.10680752717374985,-0.013257562706385697,-0.11300220695670778,0.3998187806377106,0.12846451446639723,0.2218807479339968,0.032764249143656055,-0.059397062049543425,-0.1174554450179454,0.0670953850113741,-0.02421708826448811,0.18301959742226043,0.15421399151522347,0.08089213383812535,0.10811433161324531,0.08615330018205306,-0.11295603653159617,0.03539841734785175,-0.20310609444394373,0.1843221574345035,0.28962222057725895,0.1424038269721448,-0.20848679098749306,0.10753529168108218,0.14447998478961024,-0.06251859799110702,0.04062737442511658,-0.09145316675267594,0.009142672695487129,1.8928624612238087,-0.3511116382918549,1.2618015715256732,-1.0413578483863895,-1.3341761009907218,-0.7089946764443956,-0.483455688658427,-0.413853608792295,0.06598100331185107,-0.24607546983343875,-0.48303278939744543,-0.3622673883992502,-0.2233029639191754,-0.9166371798970042,-0.6638536960081236,-0.6622339736666124,0.016046120305738442,-0.6018510206028962,-0.5894220793075833,-0.7404339760241722,-0.5681767995540745,-1.0797642267421064,-1.2197290802997396,-0.7788551668800627,-0.28897057720653774,-0.7790094489552633,-0.44493073533875394,1.088009354195498,0.8044220060924521,0.9967443885743844,0.7021670057219189,0.6119228924161519,1.5472001821440435,1.1158682112762317,0.34379145401157624,0.3492862129975803,0.5086403119901638,0.5258833729968418,0.7865984288232835,-0.38897882014793456,-0.2745185135321452,-0.8009824602848303,-0.11315732217819009,0.5802749861446995,-0.2300380473369155,0.5967274310806234,-0.35485387651776923,-1.4137552239284366,-1.3563817163181853,0.5283924418070403,0.0001465619668835717,0.010599347264639196,-1.0964188485997646,3.210336438396649,0.23782556836207064,-1.0482063601425438,-1.9623529804195061,-0.41538419232873963,-0.16006524263152086,-0.5453131775169999,-1.349333343176896,1.6789314291742372,0.13747793139499376,-0.473097066057228,-0.7751914305795841,2.2514542392319314,0.04271766199442711,-0.15254226945414256,-1.5431789391877655,-0.8487739434931263,-0.26898573727411035,-0.06352553064598354,0.373287365079154,-0.05952832085892814,-0.5360076650917969,0.2694371917677934,-0.2606791557106306,-0.510305936058985,-1.0124096654155315,1.4533296753776985,-0.43565629185011984,0.575087023724337,0.06542626447430902,-0.7405478524001857,-1.7484202956501829,1.2618306931181325,0.5794216739563811,-0.9312032302885029,-1.6811055716579046,0.3605449473332181,-0.3046027795351299,-1.0632360205735867,-0.655725636383697,0.46236160215753064,0.28629099414037956,-1.3174243902506653,-0.297013070501933,2,aya
-0.2587475541819357,0.10629392125618517,0.13608208749309808,0.4567149140120163,-0.27247220010119755,0.15473341989828937,-0.21146303878584397,0.07044314250521198,-0.034405164683540684,-0.12695785211661212,0.08546807013726129,0.012444578144030338,-0.034522451579843356,-0.01800367927247022,-0.06934227481164736,0.14014131637471527,0.7794852711197064,-0.20394755093881065,0.055411880393261184,-0.20512918265535568,0.03952021908530767,0.22237415383014136,-0.08005196128703816,0.1372656307080082,-0.028951538386396133,-0.37174170914121596,-0.0623303891613307,-0.3852514222619633,0.8270770753823982,-0.2245713897951513,-0.02772282336003929,-0.13252457735504497,0.03464540455711009,0.08187877353794751,0.12200773994204694,0.009651553545076129,0.15905429344122846,0.18471168803493784,0.0320895197432382,-0.3791487498883603,0.33341873792928167,0.25679354308320324,-0.0005550736049834881,0.15045398177794847,0.16558378863865741,0.21155092186881844,0.13157942026151873,0.2249442477916654,0.12032076703827498,0.35199870550075685,-0.36769393155733493,-0.0756762801287206,-0.007442861473667352,-0.021212751403617332,-0.046004975318780915,-0.14591863394836538,-0.019866243877679067,-0.22106841305404326,-0.19491819501084148,0.10980016540102668,-0.2098740602586213,-0.09650876537846935,-0.2998852585182461,-0.4292713079016694,0.060897103342773394,0.10811693778341305,-0.20872394014173692,-0.13057804454029975,0.021159621728582486,-0.16919954549684893,-0.06243593767213616,-0.13589256433137833,0.007616600534883407,-0.0832534207134195,-0.16261410182814562,0.09673598475534262,-0.16839931668650338,-0.14708891852756265,-0.18363327994539122,-0.1319197818418216,0.31560402774787816,0.08999907282624077,0.17316599093923543,-0.0497808518133309,-0.1898862123950909,-0.07725838672168761,0.07178137480718462,-0.049403869627885996,0.15410908242127044,0.031314777285962755,0.07266964755176121,0.11759732129776743,-0.0013296251488095553,-0.23602004842168037,-0.06871960028973571,-0.1857258939848563,0.10413562207122949,0.2144640739706057,0.12032891759529059,-0.17062773340278978,-0.008543414961236106,0.09799656685301057,-0.06071060422567231,0.08575126396608458,-0.07310393257453333,0.3617024279893152,3.2567620420636763,-0.22080038747134556,1.7316826527282436,-0.8571942028503209,-0.9932121579954629,-0.24491218851000782,-0.4756691461799252,-0.4629797543432597,-0.06874150565857573,-0.2158645031799059,-0.4573185636443001,1.0562203059639848,-0.11288407773742105,-0.8163453115598774,-0.8720646714800895,-0.5133021434070439,-0.06537535641254218,-1.077879393499941,-0.8956008187373523,-0.9285910889265762,-0.6019586754923236,-0.815685253781603,-0.7504263548348392,-1.0664491906499216,-0.6480030103876809,-0.8079191663871563,-0.6111178483356519,0.8320341808121248,-0.2150212277630099,0.8817103624173434,0.2796222544707043,0.8548951477451474,1.2028443498068018,1.1579585850793945,0.33777929662412515,0.1651363638061453,0.4136111126882646,-0.19087048580943594,0.7245723530965391,-0.2988838126687168,-0.3562167266117557,0.640950673511888,-0.7032200402740265,-0.03333527627177431,-0.4044579705534139,0.8465878075355181,-0.38818653738790965,-1.5228849077998554,-1.549030887439023,-0.06592002780345849,0.060051750412250915,-0.955589140358666,-1.0494831411889431,1.5531089025420688,0.4819450259008378,-1.44424342614555,-1.9324070423651147,-0.6206374459639156,-0.25604806691376214,0.3308867795894727,-1.1211763716340597,0.6010535126485251,0.03410946036320355,-0.2805153279275316,-0.8855320952194808,0.9800580911432637,0.14467653612278528,-0.19476419215451649,-1.0832366641216093,-0.38300674398120726,-0.6051907747169112,0.10193484869996881,0.1674773035449445,-0.4418124764780815,-0.7072277782028661,0.12063217111846783,-0.10967394421121728,0.2951902432461069,-1.4621468192933786,1.0763874172732486,-0.6811064183969371,0.21612517571126438,-0.29440920235631385,-0.17922074809608926,-1.5592991189303531,-0.17428833152945117,0.9917090401873194,-0.025544383900920002,-1.7004312553738485,0.4180628869003517,-0.6587758896836877,-1.0135953583589874,-0.6545675953486889,0.10291845506454826,0.40122419106895996,-1.0310508627132844,-0.22055434470498736,2,aya
-0.23715071596689377,0.13358060774400943,0.2238130973626895,0.398389787371517,-0.32703209492672636,-0.036794213736912836,-0.037194836142592516,0.09060431971216555,-0.17158528124435493,-0.12640351593789234,0.11080951227367163,-0.09377901337178614,-0.05317516140978695,0.0333633008420631,-0.03550497513720371,0.08111224428264001,0.8216683369635706,-0.3286390852721998,0.03344366585449423,-0.20147581739117254,0.05502130763730028,0.22111410101121234,-0.04738131091713768,0.1786337515777251,-0.06261435682822321,-0.3423047404393138,-0.04704590970080154,-0.3661770255613571,0.769254983876646,-0.1389553056717985,0.04440445575154959,-0.3047982536532577,-0.05724496107403033,-0.02652687663055514,0.18800106086294052,0.09179746413261682,0.2678015460554744,0.11347891600750516,0.0935760518902745,-0.34361552871360285,0.3453955227999477,0.2879417835867798,-0.06776210765527114,0.1310161453570968,0.1312431355403438,0.18952703578370728,0.15801795764235294,0.361842878933818,0.21006011013986786,0.351532944614537,-0.3817712041193662,0.0892939860830415,-0.044163382106326754,-0.08039436921492359,0.010208493239194597,-0.1256681838106208,0.028525654120643305,-0.23625316151569067,-0.23444686486598368,0.05390380900863892,-0.10041524289411673,-0.3653583426204018,-0.26817071039109147,-0.2136596367450023,0.009605767441117095,0.14890826838333315,-0.1841041612118578,-0.09684669563781707,-0.05554800609295809,-0.037289400941852985,0.12216660881655765,-0.05295495429668382,-0.02331881036993459,-0.10223983139857272,-0.19895826399446923,0.07546112345251663,-0.10761261705023525,-0.0552966598781014,-0.15797443975966052,-0.08413663008965619,0.20133789907859054,0.035367903971629575,0.11499623038692544,-0.04086779543335825,-0.09007472188365682,-0.14388273142999705,-0.014014041360972368,-0.02823237855676434,0.15226621022686337,-0.03511766671655127,0.053105397630403554,0.16088693511222013,0.00023800166538344412,-0.16182508839541832,0.003044012725202777,-0.23196630425655845,0.17795029116576336,0.25760254985771125,0.13054715558060087,-0.24833309323852146,0.05639096728018999,0.08816459270344817,-0.001106280872669585,0.038776736024386145,-0.003690811830928037,-0.24137381363142213,1.911691624195567,-0.36802090229802803,1.451791697494816,-0.6573909621749576,-1.2488051796724258,-0.24256272229061157,-0.2555260483439262,-0.5244248533877406,0.32975210445320413,-0.2724515955534997,0.02609338039876487,0.2525749037664511,-0.028795164486700216,-0.7334848169911868,-0.5804190878283314,-0.2342498089010694,0.15166423742811128,-0.5412984089366805,-0.30994589122180516,-0.06682297122342945,-0.5935200871237426,-1.0476195654827773,-0.6666611071875127,-0.6205558661504472,0.00033587987268224036,-0.6702726613536975,-0.2690686148217038,1.4996913734036563,1.2799954982244706,0.7486228988304878,0.5899907176685542,0.4421794419230772,0.9621229145491866,0.9466289538170869,0.10098166969087424,0.28253988597708696,0.7378322923999754,0.28258493960330217,0.20437722254985316,-0.6636316453856331,-0.3751322879120429,-0.24177729795893668,-0.2928850964401869,1.0868572281908475,-0.29749871096805586,0.6709560849811815,-0.3226426494481701,-1.1390539361419927,-1.2444558454249104,-0.5389748909275492,0.854816093459252,-0.717552711545242,-0.9590417739068534,0.9342287903929882,0.5452819773456378,-1.2595917258279261,-1.9637252310212094,-0.9555543682567686,-0.3172849567800405,0.40255295171156497,-0.9703166410227286,-0.7858319085552948,0.4687858351264075,-0.6283384267111541,-0.8568655857311049,-0.8700718566416357,0.5925260304178323,-0.5296723377865842,-1.2586771850509828,-0.9942657726506614,-0.35412784221442484,0.7099870851427368,0.1758929415022791,-0.5691363760056003,-0.48725599937813097,0.4534341692350162,0.10290950707778974,-0.1652428678852239,-1.1598180574134138,0.8743570658829869,-0.8123903393676396,-0.4778567687084266,-0.11808054107153367,-0.893669087309736,-1.7072363371124013,-0.863146569141433,1.2246676346446408,-1.3889530957245044,-1.6427590053352061,-0.5088648405652765,0.22368222340940294,-1.0455271804061885,-0.5635759188705465,-0.8983575490896257,1.1632073333906674,-0.9515115135779773,-0.23467069929202536,2,aya
-0.18915872793533,0.09618003681965308,0.2500545410371167,0.31586421282464355,-0.395622773886803,-0.045498236727381375,-0.05502304593301953,0.0380733199791469,-0.15538417038760158,-0.10747551457037995,0.19095814684414117,0.019573741070283895,-0.016030772905053156,0.1786087196689217,-0.06500065883369889,0.02077142279737235,0.9081788654382108,-0.3522067408225266,0.001605376507957063,-0.21729812944818094,-0.016837363389022704,0.1782622911856684,-0.033050870101011195,0.1879174820619872,-0.07002432300735338,-0.09045169028147436,0.09040151539523024,-0.3176599011936557,0.7189882180618156,-0.15692285301716022,0.08991134885165436,-0.33877646381422427,-0.017556737141716936,0.05864992366103045,0.24096770264925418,0.06567360300376686,0.44237357090410695,0.021405716049048982,0.07978241404178524,-0.3369411845956211,0.3356164424175203,0.19695988692165758,-0.12313103058749458,0.18844147571923445,0.06469210293068019,0.20492184269101962,0.2107242435564144,0.28802073492867497,0.22004080534766265,0.3286210307495627,-0.3073123307519717,0.15409929345674678,-0.09145359529092814,-0.05796994115005014,0.02588328578138137,-0.14092019487508695,0.07259005945784519,-0.1849071896380029,-0.05514712788150084,-0.09657392233180556,-0.12661735054070855,-0.43387408531559485,-0.2539947723555574,-0.12550229925374176,-0.03702520316752156,0.1515719394161151,-0.08297989929690557,-0.19095568682452285,-0.14514541514511475,-0.056128096652127576,0.22377656215212519,-0.05476903278765609,-0.12147436723348888,-0.13914010570729143,-0.21614136005195989,-0.005185768861733783,-0.18912678847898384,-0.01666908626018618,-0.17782752971751392,-0.09684088708753055,0.06251140323658193,-0.06077770432546825,0.07758532539719994,0.019596466785922455,0.0028016033809239254,-0.1032760353791176,-0.10969334843972488,0.06848730224688453,0.12413932645672013,-0.061872965789280955,0.04236766842085983,0.2365489209323744,-0.007364016520468352,-0.12543818010973534,-0.000550350582030418,-0.164987150855335,0.2986408622020919,0.2530504235181121,0.159176366380282,-0.14424256371842978,0.0832116997272999,0.06235684736216055,-0.018848181597161014,-0.03951403626514957,-0.09617365253839982,0.04604096996087473,1.5401215816927845,-0.35219523764385563,1.3993087837122407,-0.6339514764572769,-0.5941680779827433,-0.378921974178885,-0.3946801984529064,-0.601975028717267,0.07576263810008166,-0.5181913248576113,-0.16409019661713956,-0.1966239721674416,-0.5524546676654051,-0.6775636826926072,-0.7918641392771452,0.22368358698557966,0.18259127329009703,-0.25323858803019794,-0.05528843942892479,0.4239611570896238,-0.6149413469129822,-0.7958429262214929,-0.1470960506650079,0.07596994826306061,0.44146214007251317,-0.2347864186201081,0.14055146562341733,1.1989979178367776,0.8805361582874806,0.6529037044480342,0.20028251115720389,0.4184979242224987,0.4683424184126236,0.6808221251511678,0.5052072525801581,0.6094991327969577,0.051381280538003615,-0.8621728349763214,0.4234770993409142,-0.06417221425989822,-0.14619299136147187,0.17426867602247337,-0.21433741749840396,0.3521605495871874,0.14326284300751344,1.3499540477459568,-0.2936662957929963,-1.1291382399043828,-1.0348111019009418,-0.7810649004973022,0.8250689742085223,-0.7958860059828601,-0.4926233619176325,0.877654085572762,0.6217377706234083,-1.497595272026587,-1.991785125024409,-0.47306229536759525,-0.5101520275340418,-0.20285335946192853,-0.9520916987457645,0.49544464800878535,0.4364669629827767,-0.7951619028984904,-0.7454408612554718,-0.07971017287478334,1.0416422352594659,-0.4052070418610246,-0.9884320195093049,0.6941898393189609,-0.328899465520058,0.5256289237204295,-0.2394661472922252,-0.34087306132309886,-0.8345236511976837,0.8229902350815612,0.39419642119702303,-0.6844075246787882,-0.3980231717829502,0.4577201260032339,-0.8726410867470905,-0.38343851452313255,-0.4276079758871938,0.569127009916387,-1.5718745239663054,-0.3596958070374094,0.819036960426032,-0.4277028771079986,-0.7063142030626606,1.1740037616517014,-0.2155231371756831,-0.7112541029444881,-0.4728198602172774,-0.01536707608884902,0.7183435840477542,-0.8139357375587365,-0.0959563711950555,2,aya
-0.1270582636205292,0.03523057621903373,0.33117175077550753,0.34361665363539223,-0.34924106817081896,-0.15955099488715124,-0.08142635633355404,0.062327295131107234,-0.07153502162026794,-0.10127284769064968,0.1860282882137166,-0.03414684092665097,0.04476155353571752,0.1561303806248477,-0.10158516749341294,0.043687382817966275,0.9584598583656418,-0.2764061151619862,-0.006026580600128421,-0.17699056600248542,-0.05844252370929059,0.14233395949133307,-0.09214997461120068,0.1717945374188634,-0.12025544477181863,0.07029339864739954,0.18731229862983437,-0.4146179754379493,0.6035707191363068,-0.14910776909804244,0.09461703293255933,-0.3639675825095231,0.11267278820075713,0.03946406034385331,0.1701599306432208,0.1045636514151209,0.41978480648289385,-0.034856439547423554,-0.027177824458715902,-0.36730849668877674,0.40448902551299626,0.2302244785645749,-0.11107209104700802,0.27478202906285876,0.09829459867647337,0.2552691271779148,0.26441059927297716,0.2859799844686635,0.20455849193188394,0.24335906692928044,-0.34762398198964434,0.17325801079623265,-0.16441271034137112,-0.14666722741704316,-0.04353648630121641,-0.13219758385107996,0.14738210938105398,-0.25215319683262827,-0.06742629221703132,-0.16530230083378128,-0.2624991018095257,-0.3620445415461267,-0.21924864579441847,-0.05850623158281054,-0.10299814912427481,0.09798808745302305,-0.03695423810641326,-0.17525148008231378,-0.14414808976612348,-0.04112766741956734,0.19679261400577475,-0.1058698976031927,-0.1474663275797155,-0.18302948271054278,-0.21763316027574447,-0.09161628339576611,-0.3173656209912251,-0.1651302181570955,-0.19683542137090088,-0.02558656506576627,0.06413525836595603,-0.08293996688980274,0.06679200666952802,0.019184569218189826,-0.03710372066758831,-0.16857821184332247,-0.21798621495105663,0.021106209186363765,0.061633920577831174,-0.09672940101994763,-0.0007239565322390033,0.17250256877659492,0.015049133435158908,-0.08529040225716455,0.048200806795170144,-0.16598202525732847,0.1464687929525509,0.27023564463782207,0.16970702063719492,-0.07502051560157898,0.09246041528531944,0.06071610773160889,-0.07934807958404293,-0.13587632359947263,-0.0895954805494238,-0.6807482850970528,0.9699226624597214,-0.49903599359714956,1.6561349637482643,-0.018881137652286384,-0.6099356897069195,-0.506149836030204,-0.41884304078853135,-0.7414118055520803,0.10108170600455504,-0.24856441594150375,0.41778274701489243,-0.04360859853668099,-0.2865130309667501,-0.15392657015458594,-0.11691394222547992,0.36634270700648197,0.666400493172265,-0.22164036715200058,0.22724663013582613,1.0632373393924264,-0.1345271552888923,-0.6698299292797179,-0.2541016211559255,0.30996569400319746,0.47292778626501614,0.2117695021591256,0.5147838757918933,0.857704075898583,0.8482503624036316,-0.019235930297444644,-0.430161366375864,-0.4396218886242823,-0.1889867634031366,0.04481390164601961,0.05525914542813272,0.5265625474299817,0.23580278114069475,-0.01783386734114026,-0.29007228814882563,-0.5092911904632352,-0.06317927743302426,-0.35307568286435426,-0.2411495143854883,0.4614595410513034,0.20946734807445486,0.22757368969442007,0.017248267641876557,-0.7381949540395469,-1.1004580297475222,-0.1793187248003884,0.19934314249132323,-0.7612629121933865,-0.7614022327100011,0.7567368456886369,0.3225767475565586,-1.7977755699514653,-1.8659958993935404,0.3711041263919446,-0.8039263149962319,-0.0761192567944132,-1.0052228983113196,1.2681808598171858,0.13630190736536726,-0.35294641265205884,-0.5849468656996278,1.326619053145876,0.9222633915309845,0.11048446949986421,-1.0206601961285222,-0.7547519416134392,-0.4865306990179711,0.39726287937849236,-0.2858236163994712,-1.083597591705114,-0.7102403473256947,0.582240228861937,0.19041903515552877,-0.7879104669968784,-0.48392310243115466,0.3493704956687601,-0.9370481868557677,-0.4208274930323052,-0.4599363447912982,-0.02517268050231418,-1.0859682094969516,0.8325265198274485,0.42974145245216155,0.11032832352777236,-0.23971114688710307,-0.13038481571214308,-0.10210958595054037,-0.6420873759078406,-0.5061776676186133,0.32864723169925014,0.8058421602343984,-0.40485889726263624,0.004365277078302424,2,aya
-0.1264246718175012,0.03204375602067209,0.289003278216105,0.19309949074364924,-0.309079056123499,-0.21863208982876056,-0.11134827340299826,0.12283928799245158,-0.03780382804165131,-0.03311167103348906,0.13283303323471846,-0.010145630179409575,0.10115080270959698,0.08226079756585247,-0.10781839010372145,0.01670286494757743,0.9715674835630134,-0.11586445645728727,-0.04721748551536761,-0.18763517619397105,-0.014582991912537452,0.11972195472174675,-0.060635029529794146,0.13930970510029325,-0.09812089278984111,0.11655577087532412,0.09092773057801937,-0.35983212177216206,0.6572086821781925,-0.004215718534976421,0.11072631629872545,-0.33322849804314547,0.25001889705960456,-0.046953196426886855,0.10675727722255324,0.11719094616473485,0.44149505420720353,-0.1328657604525256,-0.05000970116054867,-0.3938801539271589,0.42347269361250167,0.3087816198827635,-0.12726039946645495,0.30963507259565004,0.036432615443125545,0.2862880945809553,0.21796364026470494,0.2568653367571247,0.2496871986463479,0.3036297651612497,-0.3424617968413161,0.06910405749957975,-0.1568047153013402,-0.20761165984735871,0.0981328801897477,-0.1298365372189096,0.16227946480962605,-0.17716422241963273,-0.07969838869309015,-0.17749674836808635,-0.14140760367917127,-0.3729375275094274,-0.234941678545392,-0.08792875252790829,-0.11761788740672896,0.038040992796741335,0.0006184901210096954,-0.20680963838446487,-0.09621123270339167,0.004347322592546947,0.3183017887251879,-0.11256762512096076,-0.2376915539179232,-0.26036091630886093,-0.2337213594046736,-0.06627992882136456,-0.25211036764575445,-0.1918674325623574,-0.11222627070408743,-0.09443438897688086,0.019453846749099,-0.08597737794420462,-0.029021870643721914,0.13854982257038967,-0.057494662700993376,-0.055025932808704645,-0.08361424946336563,0.010888808388152873,0.13071148934043034,-0.17734728765905744,0.0019840779479695625,0.21136366580099178,0.06913525031456344,-0.08490601942579726,0.13246304949358592,-0.10206544737152612,0.20922760544746583,0.23541377995664556,0.20802294270868338,-0.09018677468393843,0.08680290300981572,0.055482592340207325,-0.05308949046123276,-0.08540380670213588,-0.12409791492587273,-0.21927041762677393,0.0068835911305835055,-0.5804178855618836,0.5501861334129161,1.0038883058764927,-0.25975670155503455,-0.7685270166637383,-0.20548094537938605,-0.6751946374998943,-0.5748928994598435,-0.8714024372105968,0.456667279993145,0.0010874539823822005,-0.7239907960948463,-0.2320412184450159,-0.17130763376598154,0.39872788010374405,0.7146490325126786,-0.10074007733567972,0.25778826208427535,1.1191624911501963,-0.23598069805850175,-0.7208573129677806,0.16100018809587363,0.39819667376644774,0.5724622049311572,0.37015685044255353,0.6693952460732722,0.6624816761036906,0.4155001555475517,-0.28241299848328866,-0.438529776451446,-0.5311402837380059,-0.46655780800078,-0.003649560948174162,0.24613106616704827,0.8562443528789896,-0.1925355986593866,-0.02168112948884331,-0.26968902826978575,-0.3369122845903159,-0.20198362736308417,-0.8494053322294463,-0.3319057461619411,-0.1962764193051048,0.06892959517995677,-0.0389736370367058,0.17430742240848573,-1.3093193864205706,-1.130668262223863,-0.5298575651509504,0.08203253711997795,-0.7198084271211587,-0.6394693691715467,0.4335569408437302,0.702415838430733,-1.9285124828533773,-1.8122664523823269,-0.36195719055042086,-0.9662130674193925,-0.5405930698345792,-1.235204239244372,-0.6732707024729057,0.1857341896431304,0.024226312488705604,-0.44331343615140206,-0.479242843168208,1.5281801208895125,-0.2698628276346115,-1.1985149007121492,-0.7483844387517755,-0.39010700632595346,0.08943853219672834,-0.4997088430356564,-1.0438648822213916,-0.7720732990707314,0.4041367655170409,0.06371612066763002,-0.20701877814564631,-0.1376847659405051,0.8968905972806933,-1.1243264111313116,-0.5759018791540529,-0.10485886712264227,1.1768214800355379,-1.2159576092301636,-0.6959661362459568,0.23513031940388568,-0.06386776684704323,0.1446955554946388,0.5632181661571911,-0.032297391668134015,-0.702963427073765,-0.5653176780938879,-0.739482025189726,0.5870954147979212,-0.6603841263139758,0.09692209123531675,2,aya
0.4321096155097242,0.6803833626245963,0.07597764351558249,0.3931423421898168,0.24692662417148778,0.4929170610645191,0.16580534814871054,0.7776439722865526,0.7472324941992304,0.5586796817718325,0.05940881271603524,0.134964083828972,0.11301655428928359,-0.35942526145055254,0.127206162326686,-0.016303440683895328,0.2234483537677603,0.33631839940413205,0.3298773807568767,0.15682328039645038,0.4751024815990958,0.3699481040748034,0.6519345386128317,0.06263314546325151,0.17082429374303756,0.10456534093215447,-0.13314720215570885,0.12415657964061814,0.06292163277757253,-0.037027404897471486,0.2870986878665121,0.08063373915508514,0.24406288713586963,0.12820756989921536,0.06369835377637596,0.10287849664799412,-0.027759903884283097,0.000882474408225958,-0.054911552147793585,0.4216768487068554,0.19420597455315328,0.4700938005551448,0.4542195097741753,0.411196455364331,0.34379393250068846,0.3667921784990375,0.1354508816419273,0.1507630684662938,-0.03163841668671484,0.12799882314464053,0.23748676139784825,0.03869925715436023,-0.018477602418500456,0.23012998964537146,0.48665943348275725,0.4533054321099884,0.3331778089966626,0.20188560351642645,-0.018354211556862846,0.08279058617386355,0.7043324149895155,0.4562107760783111,1.011664732272307,0.5152780404430576,0.48532026859808786,0.18389108404133414,0.15860444263898296,-0.08985040082949862,0.32732938800694744,0.4967112955937636,0.5708404107446982,0.15705515625860483,0.2779394056220764,0.5155300993013913,0.308442796757847,0.11635240061342074,0.279704846202878,0.7285392301981589,0.27029947363238743,0.7543131616546279,0.00853360274499862,0.028437579079254132,0.12162174616371746,0.09220152936306238,0.6514331598886274,0.6888948580647651,-0.006856091540176546,0.17413854556161598,-0.0010845100980179313,0.19358081683747588,0.19463801760119218,-0.04351898885971759,-0.011973963435904327,0.004482983788505431,-0.0046600161932326455,0.08042142456471053,0.31122761600086624,0.08648099776738681,0.46455518618769737,0.09575590471075278,0.093368660723819,-0.032281008360028805,-0.08455673761748017,-0.022296311015929045,0.16684550925475966,1.0275013743439827,0.14187429493055975,-0.7788725232557013,-0.6165126125318419,-0.6759211222606147,1.39750758551411,-0.40871835662999434,0.375274771503232,0.39522742149422047,-0.5354672455808495,1.4145673320086234,-0.31966196005813485,-0.8952036202085978,2.1035730880502648,-0.7204639859050799,-0.44452021860900387,-0.5104094657740084,-0.6645452717916692,-1.0637569484947382,-0.03811524094246321,0.027833835238966702,-0.44461250882754855,-0.7285620165875941,0.13835494316478797,-0.6818203584610745,-0.8117523624074187,0.19211865066132566,-0.7204376604405653,-0.5016378603515906,0.2645392530646456,0.008928525965742643,2.8315195973668956,0.4463403436817954,0.4695224639970086,1.644600908741978,0.9344688243574574,1.5766625876106777,0.5208505357672865,1.0718871347088794,1.0013769556239516,0.7168431800484767,-0.6097149307315903,2.687067219566482,-0.2641864439016683,-0.8206318662825555,1.3918576217492102,1.9786600670265786,0.2996447490931692,-1.079152173030057,1.2668324405928493,-1.0361011640263071,0.006181836738020415,-0.6928505973786401,0.019544511586397785,0.5063071270214422,-0.5076276918747168,0.9443229600984798,-0.16830858987063368,2.2125841142367135,0.16453853161011733,0.4766555535177314,0.12246560536313911,2.1985441641478523,0.4438646214272835,-0.30607631830414317,0.10094723349540616,2.0522537060087656,0.4396373493805889,-0.1471959285503478,0.2475883543708013,1.6645855767023428,0.04529773007514786,-0.43816768949071117,0.017622985516006887,2.710910562417137,-0.36687677321312423,1.187345589693832,-0.314503974934603,1.8187478077725434,0.16726601638944433,-0.4983574231578958,0.19604966468667662,3.0881717404956808,-0.2982170653175728,-0.08373535184213407,0.38245333763084793,2.32951099600123,0.24628153475435563,0.7226460616809217,0.1099645906621832,2.3840169694728592,0.1950241061115272,0.6606121309621481,0.08328828119846977,2.9120415077798567,-0.02261031803819604,-0.4655203815602047,0.0641232008273529,3,aya
0.18543635765674316,0.20327065574097,0.0926557361580363,0.016779682378493976,-0.04859456981381272,0.12034529814303041,0.037686308348594474,0.18894645555450637,0.24546719595046684,0.21010358864953457,-0.1241794269842375,0.005511038578061214,0.005131337608826038,-0.3626127250820218,0.013200176430186672,-0.06660850565589439,-0.07469956932517997,0.09270749489686482,0.0920183513041816,0.08002252099815137,0.08323659021706623,0.1260790318554072,0.28015619928538715,-0.11933535483096167,-0.024773415618351467,-0.03180510673898561,-0.28729917868693533,0.07251163741466406,0.0628724211389096,-0.03285429684483329,0.23171103548015198,0.11778200058527766,0.25824677566619353,0.08615569275600354,0.07942829678920656,0.12614353670958178,0.01714944927324312,-0.011004567928061324,-0.08381075070925981,0.14188336337743374,-0.07521345162330656,0.22173311088818753,0.21402769488945608,-0.01019335963078642,-0.05147528056688364,0.1487008506894473,-0.028885820712716295,-0.025866573204826365,-0.22273985853038686,-0.08663001839630902,0.21526177243542313,-0.15280227821000672,-0.11908398318136292,-0.15477043586684303,0.2635301496086332,0.21194446110361467,0.17672625890305713,0.1412045299813784,-0.10835935665934138,0.06149897624375703,0.5219804458411639,0.36510311604696494,0.5537846920636755,0.23231269043054523,0.18942021431621797,0.03109551641085365,0.09722112354744218,-0.16255729978759487,0.20138048531520183,0.3555404717001176,0.5175342836243592,0.0325900588235253,0.15919096418926285,0.3187338176725837,0.16310273342772263,0.005475556275037465,0.30181842413374,0.29361054051129803,-0.20585482257191876,0.2050270903409044,-0.0935287641989254,-0.07508953826202011,0.10633543867993656,-0.1332484002544302,0.4734367370023178,0.3184183917797921,-0.18172939680945235,0.005780607957379412,-0.04918011783482545,-0.013526451386010281,-0.05600072589595782,-0.10729953437732487,-0.13576843495295024,-0.002686909321376644,-0.08845656969965238,0.12248854089480073,0.19593906789752238,-0.06606723922324063,0.28386805097849216,0.1295896432380074,0.014732330837383735,-0.1277245659841242,-0.04062945648400435,-0.10938231924443075,0.28409500249202835,1.1426017041236887,-0.6709025284660481,-0.4962507235182156,-0.3693996008249955,-0.10006489677078925,-0.1171427123910637,-0.7989490943753286,0.11089330455512166,0.45542801201330957,-0.9148518742417893,0.2598050048303851,0.2828570871749757,-0.9270663571808903,0.9626967137971433,-0.850378237171542,-0.7022455448181233,-0.5787993354262967,-0.6899057235477527,-1.1706869169332599,-0.415928472511734,-0.4782701252074779,-0.7016593228736305,-0.6225485905808944,-0.2151371856986544,-0.6672854959561736,-0.689555894327917,-0.5875581156738949,-0.8357285265986458,-0.8717710421220352,-0.16217500050537773,-0.26650013836615527,1.704289176199113,0.26187826068162073,0.6777034256304961,1.4117562679943505,0.6567495979165657,0.9035454768279566,-0.8254669462123494,0.8780427909628747,0.2810196180220714,0.7953234247747274,-0.13499788478749372,2.832282153015168,-0.6597832517687628,-0.8211399302848267,0.6957897568595046,1.800577936152661,-0.38685945058413423,-0.3802502610664627,0.9922868305478417,0.33534321706850995,-0.3110092675470861,-1.2688068006105344,0.19540115198825628,0.25104528890063654,-0.4179310104140721,0.970624044791146,-0.12908798622909465,2.8794733509301937,-0.9036189823748224,1.971682937744333,-0.23080385627172828,1.5317739183358747,0.07322078466814151,-0.1504111642622746,-0.7240441267250933,0.6655214867582896,0.796475548887993,-0.5316185927797261,0.3632922285011022,-0.6577200313562258,-0.1043202864315757,-0.11809655907537545,-0.007968665208026316,0.014322293690000003,-0.602865366283031,1.3107250918902558,-0.26982385994703095,-0.34165849436326906,-0.28289573933043494,-0.8175281657536938,-0.11554694509367502,3.027077313424218,-0.7880098595950482,0.2914734664853994,0.29243285309486877,3.0274091084634343,-0.7241195170102819,0.9962164867119176,-0.7557806694733735,2.8470893723704505,-0.5024947981633812,0.830908185240934,-0.21562019427600357,3.915246676603202,-0.7183660125478124,-0.5383855396887353,-0.5848381101915191,3,aya
0.07184426131445044,0.013151336482366353,-0.021856893768614438,-0.18940782237210194,-0.21938158253367207,0.02227995151677417,-0.03481756417299173,-0.02719765847088604,0.08513452016294293,-0.06468877038499737,-0.10906022300403297,-0.13045716220861217,0.0720990998956227,-0.21772484535212416,-0.053437551736429306,-0.1715612665177308,-0.30781557547970634,-0.027693455713709448,0.09784837118435015,-0.065122323779326,-0.07827153392993831,-0.10941672729941666,-0.16232873100656406,-0.13313288342271257,-0.2730232442296515,0.049660819498292756,-0.19961942136358934,-0.055611593453362036,-0.14092189976399896,-0.16350073562896153,0.07961289860731444,-0.06511337834048361,0.11657343211533672,-0.19646358822931137,-0.22195310266777316,-0.013803556829477339,-0.12042444188473789,0.024147287704984685,-0.11755309022489444,0.0338683639033525,-0.12315072036984799,0.13289353161756043,0.017086852808205003,-0.13353318250061866,-0.2052186039609299,-0.14792609095917805,-0.1925636674659124,-0.08666464628821109,-0.1900188083575921,-0.08944541672042522,0.1840717876299277,-0.1952146278897873,-0.2100892788784036,-0.179862581421204,0.056263955993502424,0.08000065841514165,0.15542637261523262,0.0983412878557067,0.021510977541962777,0.09626445126025093,0.3839406635647187,0.09630654977304576,0.38887655479993005,-0.009587933050660032,0.005379062471579116,-0.04997152674889927,0.13572570602312412,-0.11784723945702598,0.2448797156466447,0.2655908167730177,0.39984726639379076,-0.024068972273168125,0.1395386615463055,0.12226493849984403,0.12910003094379607,0.021739911969052565,0.173774844681701,0.05658780886161268,-0.293408431438072,-0.16333524009469558,-0.07401241750273349,-0.11171681616732466,0.046802126187846765,-0.13797476737061629,0.3464479573397349,0.14008114808297117,-0.29118868671919435,0.017057749791880118,-0.13338975820431923,-0.10304775662860816,-0.34059551693624446,-0.13525366861820273,-0.261623108943153,-0.16333403799467158,-0.10775543611657773,0.09005983790240228,0.17012781902860388,-0.07633516423241961,0.09463935328350966,0.1351316205009177,-0.016242724799125502,-0.17148184974034686,-0.08968734235024017,-0.060100689310587777,0.25824769323650587,0.7794483989988026,-0.7242784259077841,-0.6973479548134053,-0.7895130944763353,-0.7843857171822417,0.40510466179346466,-0.31030737449945783,0.37886992075118203,1.0784709239157801,-1.005658158916692,-0.47217218982101045,0.04107016036663897,-1.3446037089802858,1.3762260652032166,-0.9640168256266807,-0.5154910514174242,-0.6890198934625732,-0.7367912754248367,-0.4309714787465752,-0.7466241276699235,-0.6501118663350657,-0.8271454370828815,-0.77740195844578,-0.5104887474958193,-0.6675965159185677,-0.6237602819676064,-0.5902533409771741,-1.065193532905053,-0.5752071249702435,-1.0962138664571655,0.6242679113249168,1.2160941663339162,0.8784542203314637,-0.04764926966568144,0.4457583576314902,0.041006598385929766,1.0798388256624256,-1.0514136582318812,0.9446309911434936,0.7918156520161976,0.49749858756792664,0.00856144715913711,-0.2413206114726424,-0.5498054298013872,-0.0175696902277757,1.220620183422734,-0.4689180377489842,-0.34232615388841786,0.410640177029846,1.1878570747832926,-1.0970925676549041,-0.4371821277288966,0.19048131237978352,0.5413931637397414,-0.8730318194240928,-0.3602622137002237,0.8046652666657054,0.13570362705395306,0.025302171817313954,-0.7688186631085753,1.2807881514367394,-0.33729401786613944,-1.06768626788732,-0.057240340208277035,-0.7329846248044276,-0.670776986662214,-0.0035141003416571405,0.06789506179668596,-0.4131628659647084,0.29025248652458324,0.5686241779414032,-0.2443228505565569,-0.06534773240375683,0.3367046111046032,-0.2503372419469297,0.35205928812572057,1.1661274664235914,0.17392788631001224,-0.3123567454517799,-0.375951315347357,-0.9142230934911485,-0.2187150537429583,-0.5713239630174693,-0.8691907816549898,1.0068624828941148,0.8691505394084802,-0.6406077663062664,-0.898980284673995,1.6168318822293306,-0.8640053760510492,-0.14553265680281813,-0.747854816146025,0.51264294233338,-0.4895964034461154,-0.2822993576047458,-0.38604196247962885,-0.2099217187847962,-0.4488315201190823,3,aya
0.08319368489787518,0.023952764967584302,0.06271683643688557,-0.2880054950320816,-0.11763037213648199,0.097416256335756,-0.13314051864476828,-0.046505326625276504,0.03665809714483172,-0.12480686249113185,-0.12703212782640416,-0.0869698864011185,0.030690220779037963,-0.11273758800300158,-0.04148020699763733,-0.18339763608867277,-0.3028827819292277,-0.002677266035861925,0.09176447997534448,-0.1780809080044343,-0.00839640339839476,0.02368695659671467,-0.10995782382102519,-0.23706161285462768,-0.35096055506514634,0.07695041815570593,-0.11415137141503616,0.055465987971209336,-0.07613100796206004,-0.13824615286796288,0.27713689782831413,-0.17083760559935807,0.066896826972182,-0.23319308697306257,-0.19979020453409557,0.055727130975940266,-0.17814293580985688,0.11454709913944446,-0.15135235117369503,0.044898969072591936,0.03591548853462698,0.19313598154707748,0.07940309560172269,0.02109329044525936,-0.2235793350011755,-0.1955935627628886,-0.163841114594912,-0.19270677586033147,-0.1480656039421572,-0.04448862041160762,0.2784924254969426,-0.1477251664061841,-0.08027631889137767,-0.2173208345141304,0.06715634258990942,0.04892551598266476,0.19939369577876143,-0.0479356555220306,0.05614407380227103,0.045315981169225056,0.3074357897760441,-0.01412150297158143,0.14741923865030482,0.08264676902549735,0.07859877292464101,0.017959967693831923,0.17514092009577217,0.004711860645654911,0.2728638952512749,0.3549137713849777,0.39448528900599505,-0.026663912828367897,0.14043410967168585,0.14939326082360682,0.0748175587051682,0.1412010504963131,0.026396691066759223,0.10308594390604213,-0.21050272163316125,-0.24731247004916943,-0.06838795166786425,-0.08996739295961367,-0.046411714487043614,-0.016306060820581097,0.3495984150566215,0.06039995528220506,-0.2919682536043163,0.06120867913216231,-0.14108681183333893,0.002138729780846633,-0.37490523549500854,-0.12359338909884658,-0.29530693829334553,-0.11154276133616149,-0.11516035790476759,0.12977076016377204,0.11359525410998247,0.05643365146578442,0.04599057226898482,0.1790221119350975,-0.15945575319182864,-0.12274926208527476,0.025802471582701377,-0.2460796341666121,0.36637327922817947,1.6011556863690966,0.1332895035283192,-0.6772432782558999,-0.5058586439892097,0.19218918783002747,0.21973515056700121,-0.10436061619924426,1.647806826529304,0.9069229235014841,-0.952373223764808,0.26202948870340603,0.6031789059784274,-1.179423607923581,1.8548730506307882,-0.7232204250101324,-0.528758260639248,-0.434900227025813,-0.6776062958036172,-0.6453109030974936,-0.9032641177091989,-0.9778582948541978,-0.6603851852035975,-0.1550028859026481,-0.5368781960514536,-1.0509015953045446,-0.9783642923476483,-1.0036391337729194,-1.1553771607653673,-0.3216499566765264,-0.3384560603224146,-0.19027897488944168,0.17565949832065791,0.8522615735999867,-0.012983476917205968,0.05433200453940426,-0.24570934139588155,0.3115312918910554,-1.908963510061856,0.07602061904657335,0.20821114920653566,-0.5063166411996618,-0.008137456760200818,-0.5991256455480456,-0.11700309971930438,-0.13630194581414465,0.9812478881931387,-0.5489155227686506,-0.2356052932839003,0.5253259852440989,0.8483328364462399,-0.6863420497500168,0.27047306624515866,-0.12854131912759975,0.5900981143300098,-0.8551063767882692,-0.676852576625314,0.7687682518414276,0.2297168764803727,0.5629260578448306,-0.8117293425199845,2.084484365187644,0.03504703299366106,-0.7934384715076389,-0.8661930185004056,-0.0932944220399362,-0.27623332870202727,-0.9240780250848002,-0.14788906730200904,0.2494978198730901,0.6707161167102107,0.327338274468829,-0.2186751473044712,-0.1105469116878126,0.06787932966385295,-0.7375525360404379,0.06114617398180717,1.4289881688970307,0.13598594410881112,-0.5891397531014437,-0.1597350101705005,-1.0086747263749212,-0.7993020841184726,-0.48980290424468365,-1.281702054477303,2.0830358479844153,0.6237140882225178,0.28911207251837784,-0.8946083040460938,2.0183509422287513,-0.5958895026160058,-0.8236436590512144,-1.1942567042849914,1.094285235098233,-0.3092268385152697,0.3903188598692462,-0.40487131436400636,0.06548103762587025,-0.3773827687705484,3,aya
0.1969671793286999,0.02600510638220055,-0.008566867791593722,-0.2563037785852198,-0.0473192301681077,0.20665887267417518,-0.11721976212527399,-0.08194927505653125,0.08356317556945345,-0.11705139608576502,-0.08916727264068318,-0.15878589902332726,0.08166418414611999,-0.0626821880755792,0.04490232335931338,-0.07798219292691246,-0.2539153480415432,0.04745079528714197,0.03299528772092005,-0.13750536333445668,-0.12786831557254297,0.12987366120656113,-0.16318172794079341,-0.2643092618478832,-0.25534265110425164,0.02057753870444411,-0.06635345541475202,0.0704028242245781,0.001777420980404481,-0.05777454669464885,0.3365151872767159,-0.1947622201504449,-0.09683473613062918,-0.2623288769796227,-0.18273407028022226,-0.00889614803281857,-0.16025360692247057,0.05389145092560647,-0.11567890626864492,0.05064103109393355,0.07525968699435426,0.2248337026382978,0.18196031213929173,-0.04556829207583133,-0.2250308896138573,-0.2036339977551988,-0.1386594326472387,-0.18216279499543306,-0.12459455927234447,0.006549745327058591,0.3613150592143509,-0.0908782436521642,0.01733705046098313,-0.12073568639271877,0.002990627037087789,-0.020931438856024935,0.20625436835734656,0.0053467191814964565,0.04051910052462175,0.12333434282885097,0.3783012785157717,-0.09002392796879921,0.1333767841140238,0.21528704382051755,0.18227380038297783,-0.017974843627513594,0.1708407085880801,0.02769972279400193,0.36042848011728085,0.3969344495562541,0.31688837327158254,0.21996102443336146,0.08105522559524662,0.09795763055586457,-9.075543860728728e-05,0.2062778043989684,0.1931886660452347,0.18114308244447863,0.04124804124775503,-0.1675914915040039,-0.08162268401205973,-0.0908521238935402,0.014257716424817178,0.03239595053047822,0.22706708418861418,0.07429714650102638,-0.17536989748642745,-0.07137908448212123,-0.14554730918968128,-0.043706559610552066,-0.17788876716031898,-0.20551991632133185,-0.35568810921522537,-0.09390074322007852,-0.2002672074287115,0.1195829481793397,0.009301601709902284,-0.0019500324546317734,0.033961236648676826,0.23119928124829342,-0.1812167989350699,-0.16834677547292248,0.12052894202874369,-0.2112432687568495,0.5611200367197279,2.0905376203495245,0.9544070510301697,-0.04568333855074111,-0.4673477410626248,0.29865319215943387,1.0214817736160686,1.8289653181013983,2.9639699422420525,1.1896680295297062,-0.8394875800837704,0.3500415631833383,0.4341182845639447,-0.4892469071472026,0.9480124165435946,-0.48744830779912873,-0.28121212056283573,-0.20963298738200484,-0.6151641522010419,-0.288612790186089,-0.8145932171320809,-0.7044073299812683,-0.4854695889549276,0.0526240369195964,-0.506074356743798,-0.8197418774302537,-0.707454226395195,-0.8126667946638423,-0.8894683049145395,-0.04626677391265274,-0.10823337525961968,0.8239139221009025,0.24933501285235982,0.8213195851155747,-0.12308663736620921,0.521629300060932,-0.05373000634871328,0.07098596166492904,-0.795263757863786,-0.15510446255908114,1.0033908940237697,-0.24178197579509095,0.4153121925152194,0.6858502579349995,-0.10318861710006288,0.1782117954286641,0.7108097016880456,0.2827864819539546,0.004918146793654971,-0.08281140286745406,1.1257085463285808,-0.25515890999859414,0.4653601180155339,0.06767268719313561,0.2113396556147924,0.3279731154035684,-0.005211756144718671,-0.2846055340575554,0.14992216680529688,1.1039349241424843,-0.8634341513733373,1.2949865312423916,0.6100297093150101,-0.544570599716411,-0.8298300650859458,0.1961988303286507,-0.19951146408862824,0.3868258398052715,-0.6917971616550846,0.6154353573149958,0.3224213864569077,1.243002008808033,-0.23162498569616408,0.7453573005356706,-0.12800672785240064,2.0772111997440565,-0.24495094463656647,0.722476078700679,0.5442013440343774,0.5376283790881126,-0.49277914135330686,-0.688046852852238,-0.8374981014517484,0.45819539829477013,-0.7994685714011044,0.7933821538909879,0.3949821332983328,0.32719880346339064,-0.6051263158817951,1.6480716302595273,-0.855246446141465,-0.7146113079804111,-1.060791184202848,1.7415196296515039,-0.3122174627592816,1.185717512875027,-0.7306749623490131,0.6822567897562339,-0.44159456130270835,3,aya
0.26093639086067016,0.18339654265923366,-0.0547105597442333,-0.15783388610767962,0.08496201324661552,0.21225532873708877,-0.035361757325491884,0.08880648809517244,-0.00026964228411592946,-0.2475898830241581,-0.0728824482336304,-0.16811331344402522,0.039489965716841456,0.043727568613825124,0.1339091414377544,0.03208059606009038,-0.1422100313419754,0.03244301385190186,0.19639205121708117,0.0018721613419373784,0.16312507675712662,0.15204742109587535,-0.24595212496325378,-0.3048548532102869,-0.2530178583147159,-0.04456953667143742,0.011176380602704088,0.15690427048591704,0.00041986772715099934,0.014708702175006961,0.3821631506932638,-0.15406184629006234,-0.12819834294567978,-0.21353532643689954,-0.19286768835460286,0.05195490868836099,-0.14678338648713674,0.023211379143537193,-0.07975273704507667,0.10850262883466462,0.13510383341918095,0.16206830203406788,0.2435416267768863,0.09737911419846307,-0.15927515084858068,-0.19472967297461852,-0.0942058628595671,-0.11219319109264253,-0.1499197815722947,0.06218443455798936,0.3459374299891787,-0.03441320700324131,0.0285301393594813,0.04593019934601776,-0.016904527640049564,-0.07962718319966851,0.15881859282113908,0.03644613167896043,0.04824157579744295,0.1868108226024149,0.5638126559677117,0.019870428609165675,0.17294249960754451,0.10225710374300437,0.29370347476869113,0.12704881347812852,0.09600758952241237,0.09854293550566942,0.2984574380142367,0.5219513772767899,0.4211958259477274,0.24612978303675276,-0.06080735850303869,0.10758154450798148,0.018375403913790816,0.20441471780931494,0.2603983687430689,0.3949592728872062,0.018263881352312515,-0.12010344852350696,-0.12424081388903721,0.023317785857893195,0.004208416009314791,0.13801150357178765,0.2823058231342649,0.0646220360476194,-0.15127166541773143,-0.030589478111331222,-0.03228939984422299,0.027500316422247643,-0.10583127721650037,-0.1426908009491914,-0.36340241407238394,-0.010691073101122033,-0.22544998536774383,0.13452855375048237,-0.017761425547740704,0.05616827383780487,0.024461574232334842,0.2882139452532398,-0.3070787393648656,-0.05715567282231973,0.15925016603819542,-0.3038270734750038,0.6015663942417264,2.0794272503845876,1.033837535151878,-0.21033565881025587,0.8177024799233613,2.0599056041220822,0.3541139882815926,1.4024249381941516,3.307363109748447,1.4416881923181961,0.6616666147416291,1.7214436030936298,2.0877370932039856,-0.07681278598073532,1.0936003940422567,-0.3260755993789107,-0.26422832929003925,-0.013295215262991369,-0.47105132129319194,-0.5242977839424035,-0.733635719147161,-0.6206635454520819,-0.43493716164726937,0.38345992035560145,-0.13607383248979715,-0.7916432867347393,-0.4116477042994999,-0.9027896386264203,-0.6371662223168961,0.4149438611526914,0.7032945507383075,0.5183915088507928,0.05355132207402773,0.7897839989111958,0.011896661038649057,0.9939612541665527,0.7569337735721664,-0.1725920701510435,-0.9327630582380568,1.095388796769066,0.4623710625812043,0.19456282020239832,0.7529240885275484,1.0385052305470361,0.3074506958903798,0.13678041089819948,1.01463816002001,0.02703755187693676,0.37285541969512587,0.6208173495363598,0.44472461346860365,1.132813604066402,0.8593961174835036,-0.8477485514019932,0.33461330775022147,-0.06935391916830282,-0.2673515626199875,0.058786981215713324,0.37881889775555594,-0.06381039762797575,0.09950737737922387,0.4662163081172576,0.21392630865259446,-0.9692244007551108,0.20011421046149097,0.06809243539103911,-0.20040212634232416,-0.1762227782636818,0.3809255602008818,-0.028458236101084937,0.1173623015745477,1.7818568669443429,-0.28956342001122587,0.1917781304232438,-0.27973812362130557,0.9742690588126621,0.4039405617034405,0.3505363647895747,0.5540132559375301,0.873022953656416,1.3753616114879457,-1.3142290736293794,-0.9038369744357261,-0.12683182681015864,0.6139320309239052,0.6073206496835674,0.3053491419358163,-0.0039735312287747585,-0.12693793793390706,1.0023355111321104,-0.8846323701031609,-0.705779154430827,0.22219093942049203,0.3845732046570076,-0.23548725399523981,0.860673822961861,-0.21065964397220907,0.044369282675365905,-0.5091802667384612,3,aya
0.21654228373921466,0.11905306321797621,-0.10429067220914424,-0.11744095806377693,0.08100458504444362,0.26510378922529504,-0.017969275021770117,0.07519379267782854,-0.007784974342309216,-0.1709167911431889,-0.09122034295320607,-0.1728471438114214,-0.049784832769657124,0.15839907944163523,0.1604948841874957,-0.05773256328820953,-0.08140046599482552,0.012869938157153711,0.294549236508775,0.04338086321172521,0.1197592008602766,0.1696196580945471,-0.20805484563070228,-0.28358233555430773,-0.23941771139303222,-0.09700469289466489,0.0876277021398216,0.1954790795729535,-0.08002365146228022,0.04895696188665554,0.39480932308371197,-0.09237988593876034,-0.16338472738531779,-0.1876213077872003,-0.21375336682822113,0.08835122767321621,-0.22284348065300008,0.03454015266052135,0.02796217285801808,0.13738089412379761,0.18171592729906216,0.23964483873251083,0.21383107594867015,0.08870087089915774,-0.045155323690476465,-0.15912104487767473,-0.06989554098447265,-0.09886424841408924,-0.18715134816545806,0.05679844772310127,0.35207328571829644,-0.04283035150851113,0.08791028833600828,0.10385202836445065,-0.01606362776476291,-0.11077023420174777,0.1323117241749128,0.011098428860278122,-0.00027727841487594897,0.2181532015097126,0.53733710398405,0.10816148416648975,0.2243616760548024,0.05572694681437734,0.25913255567292937,0.07693900053844102,0.16631490199794746,0.17187200939473818,0.12324444614857188,0.509455612339327,0.3961360142897283,0.35244209784306524,-0.044947168557312435,-0.025611273836703582,-0.02526085987443005,0.17637308715232905,0.24169925703329,0.39146930285293036,0.08692148032591113,-0.17771896116533004,-0.03838341815538071,-0.03617162034449547,0.029183887654714726,0.1092841581523798,0.2104384087023702,0.11141236658970693,-0.08798149342480845,0.006266013616597626,-0.050364036243358196,-0.031104609271438016,-0.04341554511756226,-0.13711890866417517,-0.34538342906764774,0.08037224584424825,-0.2904909967213776,0.12580008421926991,-0.033741826053324146,0.06480839280787523,-0.012114859242117478,0.31507357173050415,-0.33873636106780936,0.014021284045856824,0.1863567290939534,-0.23530531147237083,0.5238549379895554,3.9396893857683493,1.6289168576625486,1.4235685493705532,0.8724602506457623,1.6246699003789822,0.7789834990329161,1.9818929586107332,3.998829553904135,3.8809974258698827,2.8767773172342443,1.5683854106907413,1.6250686880821232,0.5592687668387107,2.4391484841606728,-0.0923442241914488,0.03481614817147312,-0.05045325428946353,-0.4074421837626963,0.12233388798411582,-0.33328702875985655,-0.25969522648152005,-0.293730446625258,0.47020352035916946,0.10621053008450623,0.44023093509638306,-0.19566033708633648,-0.06956366611725644,-0.568868813092241,0.40646689128809976,0.47992716628269283,1.0509667565103937,-0.3229654893900619,0.33590022293924887,0.19240634744487237,1.6315186059758613,0.8698830925763825,-0.3949467427821439,0.044401029391076166,0.3895455055398624,1.111462846457618,0.6266961448316299,1.0037213229833457,-0.08679148168849246,-0.034987938968923195,-0.0823407212570432,0.27739612771650585,-0.5587092039445081,-0.18612577446713538,0.5561045364481924,0.8096038945999255,0.3565415908257009,0.21218734480749038,-1.0506550645017465,0.18475135282106447,-0.16536812219086605,-0.7644500602286816,0.5411080707156586,0.40171540433117464,-0.08523147515189008,0.1324647673775827,0.8947008678629604,0.4280671112723045,0.626486650022696,-0.41228558100746565,0.2492938502185468,0.4169246991386693,-0.310969720562453,0.20008024917680653,0.30702665320457745,0.9617616224381216,0.9082876126332695,-0.30423060566447224,0.0014444192537708873,-0.14884616921346303,0.5035641904895561,-0.09597531954173451,-0.11319112896453797,0.3818719068986603,1.089723270613542,0.32286641946351924,-0.1830197327449676,-0.9308025230781695,0.2866515812621426,0.15445282201226215,1.0450796388994,0.40883462524887876,0.9142483554486132,-0.002285844368559787,1.2478893323408267,-0.8068155468434569,-0.6113784197187762,-0.3738945889345104,1.3711436659509448,-0.1907663223306948,0.9278979315510019,-0.33897321664035535,0.4597485945149515,-0.5342149731712373,3,aya
0.2242782579851781,0.15506938487125,-0.13849689212603872,-0.08722785680230398,0.16123836413885467,0.22968314781423133,0.014417002193193642,-0.01533161801889938,0.03375313166403133,-0.15712449354127705,-0.06819583923400736,-0.17596597699088956,-0.09561611563348028,0.12707431654917206,0.16800193706182737,-0.015289799270918208,-0.03434088829008597,-0.0255823435317971,0.2254434757329274,0.0661395663341891,0.18746161530647418,0.09625959456834143,-0.13875269737216303,-0.21204538652945537,-0.24544954272039676,-0.11799330577064215,0.05100146804784864,0.19452862932636333,-0.17255297181776416,0.09221900047307442,0.3826940010990589,-0.12633257810901152,-0.13431557382811393,-0.13561292255242663,-0.28906502837244896,0.03131735519931727,-0.23825700473278077,0.07875326398141955,0.046800046394223346,0.10257487804675984,0.1713092920700571,0.22197444693473103,0.18277465615622734,0.03321675989299865,0.030646672201426625,-0.16258341324543515,-0.015601787925473828,-0.1080539842133229,-0.169518581852319,0.09393435671768198,0.34155041120228724,0.05696776843170408,0.13264360466515102,0.1142716681111776,-0.05161166413056477,-0.06162371138827046,0.03006236617809922,0.00823605957745152,-0.013047331481475887,0.11930624900261212,0.5941607222938816,0.15003519853622518,0.20143922764143118,-0.0016557624209580576,0.18021676290275468,0.08839173450491002,0.18084193882188268,0.16693726791055333,0.1184442198589343,0.4874527574031057,0.43482940818338117,0.3416105995856681,-0.0714738457654162,-0.027632741374894347,-0.029146553391311295,0.15576211858488007,0.18600865977312608,0.4354297995122026,0.08964131914245858,-0.21082235928372928,-0.04061795208589421,-0.12824608677697968,-0.03280364673983676,0.10758446258155402,0.21968747323963042,0.03890529157890314,-0.23557440789255668,0.0023543006438116066,0.025101332142848466,-0.03848774464585166,-0.07181594496013466,-0.04110327817414311,-0.3176362430840299,0.09718227259373516,-0.2672628929350236,0.024589445844222586,-0.04862937185737277,0.11734257000865965,-0.02850323466987591,0.27935202997754843,-0.26610240091348497,-0.008345862366400699,0.22249596428898458,-0.2345856000204837,0.6203267813071498,1.7467417192194783,0.8556639697876758,1.1289184449557816,0.5372601616242323,1.867796340070438,1.614663255597562,1.6533801137603232,4.0322526476735625,2.0537111723146544,2.2045319997820827,2.0252369469029445,2.030638145790756,0.5483192636642835,2.6550450222206847,0.27853260191097867,-0.09623128979820125,0.2934849500249668,-0.28374015141930686,-0.29875619989219804,-0.32594591220412106,-0.14014713524345968,-0.0575108964493609,0.7997946521735899,0.7607551367310753,0.2651610365233984,-0.38579537187487994,-0.21770837904119,-0.6036581084159836,0.6159546747933167,0.5140513235951114,0.533480363624629,-0.06120920815020431,0.46738430610952053,0.43935641924959834,1.749298558678127,0.2777262515844529,-0.3880409507261187,1.382134680923272,1.8984114173746878,0.7639861024171448,1.7147710533453493,1.1810707387064532,0.7708052219507825,-0.031037952232952092,-0.2704099387489236,0.4347759897404924,-0.4710259275824281,0.07671505010730265,0.022425972247529572,0.30196900638876534,-0.08130856855839666,0.2884895259523092,-1.3334832740633356,0.4856408722970648,-0.13222424035622538,-0.7681246748434993,-0.23331169526708717,0.29190388538036666,0.7801606096454001,0.5262851476700233,0.9737187001534798,0.4625508803747561,-0.07909294159051855,-0.10204523810889257,0.354943291607537,0.6060347647710722,0.30091562271770056,0.24703945302000013,0.14394804718206375,1.2959036451319248,1.5322114777717617,-0.22989484052696738,0.0802019057258888,-0.24561093873378256,0.4001062052987653,-0.16151388546466375,-0.011858339158136956,0.3140739481181625,1.1020833870304967,0.40991582179415664,-1.279660502108233,-1.123634494155078,0.24179245526643295,0.37572929656821663,0.6152672279720783,-0.3624093669562215,1.8298102035940191,0.4244809607838285,0.47963920334590915,-0.5603445214253812,-0.116922109920005,0.13869366792518695,0.8147880844981005,-0.35739558024342255,0.6481530010489555,0.6569949066335784,0.65891867376281,-0.32053112631989045,3,aya
0.048317432921468825,0.209373766773205,-0.03025373805806877,0.0027732988040516313,0.23013174373132522,0.2064179707415962,-0.039667091657695185,-0.0733428868425274,0.04968674015888973,-0.11308360318365979,-0.06813886065306901,-0.13842224760097555,-0.06067578517228367,0.14030273648499048,0.13234589880251854,-0.009237459873104335,-0.08594152154332985,-0.01868678851215688,0.2600083654658204,0.11745742200258036,0.16108453919186194,0.03304322429022407,-0.23222311521170924,-0.20825090763895068,-0.22849085796140614,-0.06082778977109961,0.0444860422396812,0.2682270138603328,-0.24844950663617876,0.10084448208101722,0.4054989861132323,-0.07141381155972315,-0.1100130645746046,-0.0438029031607193,-0.3396146805039137,0.04742951207405852,-0.2365810082739112,0.016407941670181187,-0.08118936102867919,0.10392039741291109,0.12278261899952289,0.22098390103247906,0.1502899027450025,0.05795068981714557,0.020089992137135165,-0.17719660291874426,-0.07662488768294194,-0.1544357100707745,-0.1777366705925668,0.07243191913518611,0.26799650079181225,0.08827873673545074,0.13767471949980992,0.10839695140782539,-0.037167163554040844,-0.20154463125563804,0.08744363053815296,0.12528036295428183,-0.0007202464911194281,0.09756818824250087,0.5607258730201756,0.08598319061908083,0.17225051915458642,-0.04409897360104893,0.1731257356347015,0.09055413842032935,0.21222386493170198,0.21042680972580935,0.11551961211349068,0.48664233330271583,0.40456774788515165,0.34888641513958035,-0.1268496074432599,-0.04006062293166083,-0.055906095144807336,0.20188480926026622,0.18000309311180512,0.4414540720162113,0.017006653649402768,-0.1645129516188571,-0.0685839010044308,-0.07023378742542834,-0.054469481392250975,0.1585851594700982,0.17154579181486748,-0.007357995295221388,-0.29755776498904996,-0.10908999192370038,0.07359559989634347,-0.04036992047260702,0.015199440572082777,-0.04026317846046964,-0.32189220922842965,0.08165876036801117,-0.16226931293752012,-0.017377134969111203,-0.1610326945534067,0.11244053396192567,-0.052981552954382734,0.24267956884225092,-0.23297450923898758,-0.05847995727737489,0.19951661623427394,-0.2751308810179823,0.6808375610579103,2.8858489904856808,1.3028233939667273,2.2876185200396906,0.6152260522245047,2.1094117209734167,1.723604197911866,3.161713983967419,4.364634442042743,3.5247578921010323,3.6940556418026502,2.128426312294979,1.6103420272389448,2.0154478603816903,2.3936656291512226,0.1585307166484015,0.050304521505404355,-0.019523861043952685,-0.3238501987758542,-0.5513092863417632,-0.26165415438523354,-0.4770874676189341,-0.206916220054052,0.3731497634483716,0.014254339970238426,0.10406291301091272,-0.5438628037403825,-0.5636633860715143,-0.3697912952496552,-0.16289723749040227,1.0720612008269716,0.266651836798656,-0.6670647774820129,0.7429008270673654,1.3147638916915803,2.6061278601225606,0.7782723932218296,-0.7620852966130712,1.5859065632481282,1.6439474354932149,1.8507601932170918,2.0766742793912614,2.136029544502577,0.021545327934108634,-0.08291714971569601,-0.21721057656498277,-0.2104494601992665,-0.08825605784207756,-0.2532937098891323,0.15226377877076586,-0.20533838537428206,0.33812663075792787,0.09056582563615337,-1.6018955791338723,1.0332940910644282,-0.3786580042193419,-0.5863594791068142,0.3884745476398234,0.26988229122425034,0.7038302151846852,-0.45011579329078827,0.8536796092791282,0.5725714999976782,0.2960035363393985,-0.5046489801290113,0.5465876660358644,0.682550962814501,0.5150512708632438,-0.0749713844375385,-0.037340811077602766,1.1524032675765281,1.6541449441870864,-0.12673843291124176,-0.40563864731551563,-0.5134680949574748,0.23449733795892147,-0.22612287093295444,-0.1046914968956135,0.3142039771877502,2.0503563276985477,0.353274817645599,-0.45219578531883686,-1.0711002256262847,0.32146534963408335,0.005658037904121567,0.5044764952115086,-0.7743412559135653,1.0671528623567657,-0.6035834510713006,0.42194346464553045,0.0751953102022941,1.5464242711818403,-0.36414782257089057,0.5574131522870222,-0.6432410893350345,1.4909693797406147,-0.03690356447001494,0.6275946698613741,-0.47199476700036214,3,aya
0.01914032267033665,0.27935847061647645,-0.05204242382710451,0.0106700759664056,0.2320086277806436,0.19918268297290054,-0.02944474711605847,-0.11216388200651549,0.18640787981183884,-0.11044531724874222,-0.09194786095773848,-0.18042565837034447,-0.06364061823006077,0.06145719632006046,0.14940852740939267,0.035332829819109866,-0.10268265028350551,-0.08349487660894699,0.2015095813342987,0.13027836678702853,0.17878293395242362,-0.04523110449673257,-0.19843703598647228,-0.1794929227052976,-0.1453137009571486,-0.07880574546241542,0.00012071041301780456,0.2816611120254962,-0.27686103613227253,0.12672930044034286,0.37950141506106505,-0.06819570073458033,-0.13793606037552772,-0.024725558075659113,-0.3767342495445688,0.032010940339359806,-0.20844764353083323,0.0014124283933695473,-0.030139610638797488,0.12069078673518716,0.20290360816001057,0.16389883525651994,0.1583504327537126,0.05975483842145182,0.035310891636949025,-0.22495863265672364,-0.1332593425618744,-0.13868130768372086,-0.13429708223068396,0.09782056935398742,0.1796232217681113,0.13402051285208225,0.15022911920911639,0.1999188820832652,-0.1435783941805391,-0.1802540735449321,0.0945133666160212,0.13018233669508558,0.020728611020850746,0.0465203003037382,0.6675955210926124,0.03520954802314236,0.2115796958243009,-0.07509057690488907,0.161329833038332,0.08793961815181393,0.1127156692396731,0.28387994556026325,0.11588812495559501,0.40559040551118225,0.4143047746374516,0.37869853569674367,-0.11100853993069151,-0.020831325556053236,-0.013736793674027517,0.21838641857320526,0.1464936619518499,0.3645000748915016,0.005609117582831096,-0.08632203071637955,-0.09881987382550246,-0.09299386522014465,-0.119739378922961,0.21092907383103876,0.13817327582899683,-0.003914313178392818,-0.17568805817711633,-0.11732219261684937,0.03033495615142357,0.049481007845280416,0.11000769599634322,-0.034970877741390224,-0.2798051503753408,0.040361085311536544,-0.18264184225269842,-0.03661087781462636,-0.17792249673804625,0.13790935538005084,-0.0036840603042868373,0.29957450570609956,-0.3196602127810248,-0.05658886132735045,0.18314550182124364,-0.25571409201189255,0.6537916646141473,1.077781846255146,-0.05303670330732635,2.299936559143138,0.2557682764057357,2.552841032517422,2.475012292548368,1.6920661179001715,2.897332134889116,1.7367612653114557,2.9635159261263597,2.408678967095048,2.096606010157388,0.8605304508751631,2.1237489256604007,0.09884722231665022,-0.184528622567492,-0.026430436727360482,-0.3428171908571426,-0.573863927880433,-0.3744340651557315,-0.3013791527255828,-0.20942065235164473,-0.1870188626544819,0.1643744661055179,0.15251936820119935,-0.15992972573730563,-0.19642724391887448,0.03841186013878576,0.06553122615096595,0.6453959858378999,0.19635965656455642,-0.892771431141887,0.03294711998907245,0.6959591461622897,1.7380585237315649,0.4885477716776314,-0.43261936025309844,1.8934012367427007,1.5866195515206936,0.15060705647887307,2.127502600039567,1.2465524041777234,0.7597794005970362,-0.3059839926775029,-0.03708671044265242,-0.3412376504865603,0.7941482620738124,-0.3593968778207264,0.013939143902252073,-0.49850791057037513,1.6476910604588424,-0.29124292676215063,-1.2012839531460515,0.9829745891835314,-0.13145090458926423,-0.39500816969754055,-0.2327303291796055,0.6503700795153403,0.4182300397306349,-0.39111345337052905,0.7962659845366488,0.41810868691672937,-0.0906562229977585,-0.4099684991215848,0.9759467648956222,1.3115352524623363,-0.26745660629933427,-0.17830682780392884,0.042402662877612046,1.2836926967645312,1.6726992212132592,-0.3717684587661297,-0.47139414582243955,-0.4144427123486742,1.5747463290891948,-0.4877459096945585,0.0026634595531432053,0.22752627172074807,1.7581981561817848,0.27289141485402113,0.1311200034186521,-1.347192260303383,0.35510538811416215,-0.01024175108205519,0.3282178719909276,-0.7034683070045664,0.6013818601924772,-0.43528699913291824,0.1033273464052289,0.43818417546432453,-0.12835407200653703,-0.3633114792133857,0.7367894330224667,-0.46465170656704224,0.34267499036772603,-0.3166578205584815,0.7833155288816657,-0.5727435146375676,3,aya
0.009868981656171168,0.20364914648472032,-0.1167081363714021,-0.00560854822001179,0.21581203077992914,0.2057372729079115,-0.048503228675687154,-0.09739494976967168,0.26106135858767987,-0.07054421711458962,-0.15414775494156047,-0.10543900549178477,-0.0992562569831082,-0.036973990386836866,0.06019578961554354,-0.014960504717705506,-0.14071868578147345,-0.06712893915680038,0.16116706105185635,0.20621395292471498,0.1911712229681365,0.01040608938704585,-0.1753285541201721,-0.28251594951440157,-0.14066702272716033,-0.14412096928305185,-0.004274957528843625,0.2899233438929432,-0.3299827779490925,0.13414248640051785,0.31823778996781993,-0.06205975810254172,-0.14388177150106216,-0.01933702553302617,-0.3015121087732592,0.07735149394947677,-0.18189791254451237,-0.037681094765009276,-0.03202737910248756,0.08421947297853087,0.11851140038904621,0.12863024183430224,0.2317516701447455,0.024943990498297604,0.08047719313810156,-0.25813423876141606,-0.07323344738559157,-0.14245987718076664,-0.2757879849117375,0.012171805880022332,0.16074365668624946,0.08372733281257937,0.19577568215727512,0.12245660584879231,-0.08545180471504668,-0.2007702938635675,0.08206132996874155,0.10018786425239237,-0.03271540485191986,0.08387329557623711,0.6483077394998078,0.11608037098426127,0.20854949858743432,-0.00537632664337932,0.16314576471160613,0.10513590579907586,0.15193703986128737,0.23825497316746677,0.06904429077620756,0.39613004579912975,0.5128442781450945,0.22487690430118912,-0.13881127383326541,-0.02174291824309252,-0.061790716372994534,0.291257608605818,0.18851969265546753,0.3648507904595872,-0.022244628125745243,-0.07880770175031417,-0.14789213454238365,-0.15657398173716366,-0.0934083820722749,0.22675521230899312,0.07865274930286434,-0.09931387090395583,-0.1562980894332874,-0.14717926700007203,0.06747431347606754,0.05810010236259999,0.1229756875057142,0.03692777533270191,-0.27011493255959673,-0.003609550008923836,-0.13544003029672033,-0.15951855128585188,-0.14825218517525246,0.10803030593391072,0.002664348570187947,0.2997391483908,-0.3411335752610817,-0.057767349808460204,0.14940564187335842,-0.3269416280890145,0.6439269490057048,1.7740087864717717,0.30159075069516267,3.3230250286702043,0.23738215816285055,1.108844522493529,1.8589177836261561,1.2153698235755823,1.6141891913992192,3.343989276999041,4.632203468461469,1.5379422803823133,1.6652484780799577,0.9991852069870066,2.386069047895469,-0.5305801087855057,-0.34950387802826755,-0.7812360791840202,-0.6624458590355984,-0.6960054880697935,-0.09672074910046187,-0.5287936623135631,-0.6417069991824234,-0.8439234460103261,-0.20558717233390914,0.042670551150486576,-0.12476860012325161,-0.46164304843930526,-0.4535028554971395,-0.7912907159060117,-0.5105867228829245,-0.5953760371425884,-1.2299370367717193,0.19774162028608883,1.152167837136003,1.1029789572522601,0.44162840288054345,-0.4809721270947443,1.251239942194012,1.2778048564727422,-0.22174526794284016,0.9259713192787344,1.2781893429191564,0.7631823976621159,-0.457364452942613,-0.5481956616135314,-0.6679329757489949,1.2368426818526488,-0.4616970880468029,-1.0074444312535726,-0.5158819867344737,3.636666029184663,-0.607845946572294,-1.7170532360366573,0.7768601647968649,-0.6334190577490738,-0.7789276814262447,-0.38286841838309826,1.0135868675791433,0.004606900303064123,0.12841239631352244,0.6536175785855005,0.30021245692359466,-0.5795499108350548,-0.3300111533727706,1.1118512248710748,1.1319578670665535,1.2934380350438563,0.1118528685563266,0.45258771800608966,1.1563969586234144,3.4063675699300564,-0.475792068970713,-0.19641433970592653,-0.19671373964948,1.2502092558231208,-0.934345592845685,0.009357006971542018,-0.012689848950621982,1.4739804200584998,0.14740170742070038,0.6113465845066884,-1.028162311565767,-0.018352154948275006,0.4723224024625363,0.2553558066411674,-1.2795195977452611,0.9942064291179888,0.07004775627062461,0.23682452369695645,1.1308845022588276,-0.06972563658651626,-0.3678628980999385,0.7297679724994367,-0.2108872313940747,0.15486362677435944,-0.36253550498835985,1.0757614650394156,-0.5994441898854672,3,aya
-0.010546439357196156,0.20891953252146242,-0.20025238307473436,-0.037011233374478494,0.12076700673658763,0.1675170781127807,0.07213207020569191,-0.03505899627615384,0.20135685643057782,-0.08630627681329392,-0.08466460985129391,-0.14678245235085954,-0.04842161290676981,-0.1182945353138172,-0.03218438286928352,-0.034560586557013245,-0.2083524651258299,-0.13233673367647295,0.12487166338300668,0.3486935677384126,0.26370993613978616,-0.1446691429400319,-0.3154805017581679,-0.17162641257236746,-0.11507408463628917,-0.23132056234504797,-0.08231618589765816,0.23494202068515838,-0.414475612710292,0.022796456920663656,0.20552219267076355,0.09641273235927388,-0.08082598085035306,0.004083500970572213,-0.37871169521438836,0.00821397174711689,-0.16864937430935645,-0.20244089906386367,-0.04518813372200598,-0.010216961817298916,-0.0012419252545408455,0.13873806772049496,0.22193884225717606,-0.0026250160626944147,0.0704832217402218,-0.29147117328393884,-0.2669922740688809,-0.13591154286825283,-0.3279239623358784,-0.038368431636348385,0.06476664382018493,0.1833927555815649,0.20907207629132327,0.13733481041386034,-0.07892300871172221,-0.2919906369142421,-0.08170201486833753,0.10005289097031309,-0.19316789073492893,0.1416042159198747,0.6171569188974261,0.17317863020270072,0.19615912579782996,0.04922794177495462,0.2571804119121836,0.045547156595969925,0.11920850405915837,0.2656830346198659,0.02354115822465491,0.18579626655633114,0.40724831923025484,0.3128727663525981,-0.10593801169073178,-0.08209896418798011,-0.05405036303932734,0.25612875467739116,0.35711792312410423,0.31077767679218443,-0.02213149713715877,-0.0577153071244735,-0.05735939211586299,-0.11001416340587042,-0.02964023428551597,0.21121776149006463,0.043367908309132244,-0.10005424338750804,-0.19984290123661524,-0.18126249504612102,0.07547436022014622,-0.0749899115634302,0.07889736835463727,-0.06899173086790614,-0.2602209964953653,-0.17511332551656783,-0.18568444367391274,-0.19985352942918072,-0.1789411232952655,-0.0560114528135427,0.002205351420579893,0.21148156646144844,-0.30239364855082784,-0.10978125208814483,0.011151108575778139,-0.29630328980026205,0.550104028537227,-0.20274953134154905,-0.3190097584084265,2.389273028009149,-1.056008529903201,0.4471930474265723,2.361453166710326,0.32632208940968666,0.631805431957461,0.9222349199782937,1.6567803314540661,0.7362204253875072,1.2309779076171004,-0.38940026205370326,1.7759464847287953,-0.5457744531554559,-0.5166897390472687,-0.8693340295477698,-0.6954625046040525,-0.47097284159146635,-0.29462389031390795,-0.43948289693575165,-0.5489526089751279,-0.7897122210521906,-0.16806727294053392,-0.008621489874171766,-0.34213642363600144,-0.18335799855193488,-0.3652056005026462,-0.5527605714407152,-0.7520090579582742,-0.9778894240752408,-1.9567123808567286,-0.4099691695850088,0.599549594314573,1.2387772112970479,-0.377566815452334,-0.7173989036447568,1.6400528998549326,1.056022845698286,-0.5452931237860288,0.6825760028682777,0.72045885612072,-0.5730378888208671,-0.5473888214476079,-0.30498357472719556,-0.578762036344495,-0.035029189583809385,-0.921101693360642,-0.44442107329194147,-0.31832836958388383,1.3263218272084771,-0.5896107628250431,-1.4056888878795177,0.22906283446920225,-0.28354277359334357,-0.877035049259103,-0.8185854502724479,0.904456804194835,-0.012307540370306824,-0.09802460734602456,0.6829442301458392,0.0688670920157189,-0.30121482790523285,-0.16011363543199486,1.127879641711297,1.2103453512634996,-0.41991698194389127,0.009583795533760353,-0.25127332948178654,0.7965432522650957,0.3445642322027312,-0.5591580465190101,-0.2501115539189441,0.1693550303005115,1.0181287028106287,-0.8347742377054186,-0.29586427414869193,-0.06502525495863185,1.5940581445907627,-0.2004203210163991,-0.23775494529002295,-0.8360190080109695,-0.10767927472986989,0.6961089974137833,0.9502737246165218,-1.3088381184324287,0.43346571409533796,0.3078992084355662,-0.6061812977969049,0.6828985726775736,-0.7403771096877086,0.2829271447464105,0.2261836172876292,-0.46101988132266103,0.2953079157515061,-0.15867876453773772,0.8061501626366268,-0.5650576361102418,3,aya
-0.12325511291576285,0.2243322007777617,-0.24270401361125485,-0.1485092393537487,0.055608726021732294,0.11371456264145346,0.15784097461357358,0.012995481855416019,0.19331654538335696,0.053619983960213745,-0.14937747619435585,0.0015347105877626767,-0.09016376674140841,-0.18132790745030486,-0.10395843879342698,-0.028906610925344325,-0.3194938898719292,-0.09140741566454821,0.11481910621255342,0.18259907133624342,0.3906178618048161,-0.21895694035075258,-0.32524099987680893,-0.18334314820618164,-0.13071639110783664,-0.1006407912256494,-0.08183760854691909,0.19841834988707932,-0.48619645845381954,0.011348120469863996,0.15290087625129656,0.054524632117434045,0.038889769299949924,-0.06329296759091438,-0.42585033646262255,-0.06104041701866442,-0.281602692177012,-0.24707786688521421,-0.06401975442545495,-0.04156939365114479,-0.039712262551951566,0.12341176504393864,0.06411964938362526,0.11895542948257079,0.05605099163697212,-0.32591337260461567,-0.22666594063433987,-0.2739786426974284,-0.40637193053872955,-0.11854052225918729,-0.018325472566165867,0.24049280661373765,0.12447297523203242,0.2059464333473298,-0.04954472538767532,-0.2353844447480238,-0.14774740420337462,0.01529544888204216,-0.12842295954839708,0.07557475606386559,0.5251713459895697,0.22813656249581699,0.21949873101246067,-0.029055290456484296,0.27026292816685754,0.17612899456243938,0.17976336185439362,0.3276405478477308,-0.10740998652857525,0.14918810760865256,0.39408853393453436,0.3929652917803851,0.0019909468788492676,-0.11313628637885254,0.10208404282715819,0.1805320026434472,0.31657165789058184,0.1607800521588782,-0.09136825946515321,-0.007820004801858495,-0.051269145957336934,-0.1168075383614883,-0.033523080629058795,0.2601426861894297,0.08675777373946181,-0.08956333292844923,-0.07883193034275626,0.025176622890806393,0.1395625289929954,-0.0339785974923637,0.04738088564373375,0.01266194487690969,-0.132524665821701,-0.11783259878456251,-0.11937245115063527,-0.162668987298994,-0.1364676869553711,-0.03840700963940708,0.0002563598601232552,0.23919158518258676,-0.17975975828666063,-0.1250523191594674,0.08520651290004427,-0.3033437386632885,0.38175349672663483,-1.0002351962809084,-0.730228260250746,2.3709982700837298,-1.070192238946647,0.25066751733077697,1.7314556137070103,0.8266381072226341,0.2778673492914712,1.2251512025594775,1.4486169100595223,0.03835922033250422,0.3428392941175659,0.12981431020575687,0.5563334466920691,-1.0220999641884199,-0.7828088564468747,-1.1339929632802148,-0.8932278058411214,-0.4911570485868111,-0.4466893397893989,-0.9242224124671264,-0.8358003881361371,-1.2073555241926268,-1.0784139035335467,-0.9953247395146335,-0.28266091557759726,-1.1596327819837213,-0.7297347586075199,-1.1087326469502317,-1.36523636058425,-1.3615011963518446,-1.863154064343446,0.6772830561168202,1.072979741619724,0.696152574600188,-0.40881201915023463,-0.48283666861465935,1.0026415697224902,2.411661116341833,-0.016016008734040087,0.25625198068733374,1.0623828489781526,1.8981541872839385,-0.5553517986365082,-0.6247358103316345,-0.7577358519859381,2.1463219966008356,-0.458955594664615,-0.7488592226302844,-1.119910615056199,3.4268090674594456,-0.5804815823425925,-1.4792452451586806,0.20433763671403812,0.4826750487280906,-0.30857839956741295,-0.653280297357591,0.6868888700968052,-0.9189757175572659,-0.21300973798777253,0.6648710359682173,-0.17075659121859535,0.09644811308948459,-0.4178483794003547,1.067296460533837,1.886737491913145,-0.6233704036277065,-0.3493059535189157,-0.2519856517687873,1.2021483922746028,-0.04438417706407244,-0.8917011642680562,-0.5967692232130258,0.6817749753271091,1.2634170859874707,-0.8032339111779667,-0.29785945322275065,-0.09415567214711817,3.763826004833831,-0.27150285994818907,-0.174458806263364,-0.9560800316863652,-0.17952643165765442,0.3658850689070394,0.6072004967249773,-0.8542065706398351,0.45408213799685815,-0.4686964637570759,-0.17605965233136409,1.380496033326626,0.5058992725145531,-0.3374405539898186,0.14421256494313056,0.06959175762699597,0.6695697688374885,-0.7541346117156572,0.44457373124487526,0.015674396543957997,3,aya
-0.2171550225447159,-0.028995810915589587,-0.37979910920388327,-0.46679665900843886,-0.11337652546728941,0.15154414813473555,-0.03479213265250232,-0.11448627780053737,0.2935250383636105,0.19445562766931115,-0.22945165268943798,-0.04050807187723853,-0.023662343790304255,-0.39632274420532815,-0.26962452368448614,-0.11638665007650013,-0.5266772937922581,-0.16685056776193227,-0.007314424718413985,0.02193317725192632,0.12995158296960505,-0.25099820492327585,-0.28899934401150446,-0.22010201759051998,-0.114750638823615,-0.13860119788126296,-0.2350955637469738,0.10951736323480575,-0.5662090149301677,-0.051795373289550355,-0.004980965595551249,-0.009360965365829905,-0.06585669542289306,-0.09180751541977736,-0.4561673221332444,-0.18940452753454107,-0.31802899240069077,-0.2370945191417651,-0.12369030161410105,-0.17914688306525742,-0.13479099726341917,-0.027570711075850605,-0.05075544984538745,-0.1592427678008064,-0.03244668055654225,-0.30284865283563506,-0.344459008323159,-0.3558789212535248,-0.3596495392114724,-0.2647709217021844,0.012016803260723118,0.23341457539028718,0.19421093217976804,0.13434474976863311,-0.18203492564970924,-0.12079129770735067,-0.0708673952593054,-0.07559766670040663,-0.10717361308599987,0.10461644580766571,0.39784661313289993,0.03354078425361653,0.1694249394254207,0.1436684627805936,0.1702159027596034,0.024607645757127195,0.202285984425151,0.24564091702398805,-0.1620995294726421,0.028820342777132427,0.27111468900878366,0.3341337088768847,0.11667060225130271,-0.12262616662891533,0.07979561531231445,0.2002361701149377,0.17885579604758034,-0.16258869004264848,-0.1404011990725688,0.03698256706850304,-0.10758991191365044,-0.27718196578057674,-0.06473189748044174,0.014973096928707897,0.060078861328270394,-0.18119964579943998,-0.12169549977260428,-0.0004745648719648977,0.052808132780458095,-0.022730999732452763,-0.023290489480650788,-0.026706530224192445,-0.09903633401694999,-0.1941081978386011,-0.05946954297828505,-0.16962975903999483,-0.11381730831725474,-0.150638014629465,-0.059748176153403706,0.12799000919416867,-0.07337389566482701,-0.291297770082053,0.006206788852290089,-0.32197001195927605,0.2041799303070752,-0.8183855735932495,0.237787570823381,3.0296256017616794,1.2825203374115128,0.1228435552465664,1.2295518856124423,0.23465390576286663,-0.35845753775562433,1.0099414962341726,1.698604953270431,0.14776698351468018,0.20390604012563138,0.3816227637299671,0.2875784481608809,-1.144780577162948,-0.6246385800537267,-1.2427796557690318,-0.539164086575372,-0.6531366871174452,-0.7437020021217771,-0.9392648505109935,-0.9243192949758225,-1.2292432593296938,-1.2390032203419965,-1.0103776391790167,-0.4758556412396705,-0.9082413567739678,-0.4291552015070012,-0.45596339987212303,-1.026479469848994,-0.995788755199444,-2.5736282557694787,0.14159222645299926,0.5744862185507877,0.48068683321215083,-0.28239034700224697,-0.13815258983770315,-0.43930639784473546,0.978754494551432,-0.23954754880662044,-0.7990250622148012,0.03933355512360322,-1.2724494903636274,-0.9966536706454767,-0.15587845466200229,-1.061067268467511,-0.48900623058706166,-1.0496176800139203,-1.1737464484153033,-0.6673257940603844,1.3354026136693353,-1.036027488953018,-1.1269328239593743,0.1235675577317903,-0.006579786209230194,-0.5093934713702614,-0.12815364059592158,0.31785099320530624,-0.5545421932772344,-0.8878017495612492,0.7404621383044652,-0.17063463417084374,0.2769894744664077,-1.0175361865769763,0.6971824823644392,1.6863442317493673,-0.3559052200980538,-1.1370064032798675,-0.3441372380297675,1.4690093191684612,-0.4902359859421466,-0.9842891133715069,-0.757553602862802,0.9062732754782586,-0.2711099234368742,-1.090394421554758,-0.23937109633474796,-0.19968585479438972,0.1384149344872677,-0.17653594689520816,0.09490171419708053,-0.9089669309902352,-0.6092812310688729,-0.2590393389413351,0.3658727407375995,-0.6302730943805309,-0.031675552780501354,-1.0567326941625963,-0.7186257246037726,1.427901405868106,-0.670368212431123,-0.87916485261735,-0.4873091122181186,-0.0948964275986792,-0.3113888356827581,-0.9802913708030413,0.04075823480038816,-0.03237523001902248,3,aya
-0.07645592038961217,-0.2177466348213599,-0.38720074371674373,-0.5428215561994068,-0.21593811382760614,0.07717170571001028,0.011997564556486054,-0.004572110948910002,0.25497127821862026,0.14118015059088837,-0.14208540876745648,-0.10502976332178315,-0.05912705026770081,-0.328680718391286,-0.18499605348256218,-0.15649418218045943,-0.7985797019396961,-0.2138435712797431,-0.110192933410133,-0.13727092735556565,0.122777153323914,-0.26628802694751047,-0.3653541038691205,-0.2979627143929089,-0.21838260005662252,-0.07126447279327593,-0.23995969238240827,0.07033010395290488,-0.5731224239738502,-0.04537116162613634,0.004745790098030566,0.028657350924224348,-0.048124369283588035,-0.11195592748007822,-0.47589956093796454,-0.19523110264577284,-0.3052398053627603,-0.2877049033045809,-0.15655591812820768,-0.2893004916060053,-0.28981921725825405,-0.10336987529772236,-0.17874559597680198,-0.21485517630601889,-0.14804514198199017,-0.37770856705441835,-0.43517041160586756,-0.46786962905618584,-0.3021083980331524,-0.2445280068564311,0.0015179468135564029,0.20372605976352126,0.15044810800976416,0.11489397997968125,-0.19403809283668047,-0.05112388123571935,-0.09255240685370096,-0.09213012648605988,-0.09390862517927877,0.03197453215876392,0.361869297285116,0.01471578418605463,0.10169453192925638,0.11737904651985939,0.16447029959017426,0.07847839991547377,0.1886167684655311,0.27392286842978025,-0.08232583285167823,0.044938209934990814,0.2674288987962351,0.205444360496127,0.02632359291706206,-0.09254053024401993,0.21322435646348492,0.2414340925476954,0.18480569103968505,-0.24882841762669589,-0.22993396200545202,0.106326267359347,-0.14539754033057578,-0.24194525984833365,-0.10565267575321638,0.039051885087461165,0.0591336694964275,-0.2206357025137671,-0.15410604251689206,-0.019216435890981556,0.03135086980966124,-0.030921069566678117,-0.090341474523786,-0.05671782455498325,-0.00311115839591183,-0.25115643797081216,-0.09134659566863894,-0.17093358665127173,-0.0848235672010256,-0.19716400295009148,-0.06096096412740262,0.17048956462146161,-0.015072182214630428,-0.383324931974164,-0.0005022794080101898,-0.37909702180673555,0.20462340716608604,-0.6377553858716049,0.18616573665657254,2.7253510409222894,2.2453978992270867,0.34417697888772836,2.2780059972221496,0.10307636718952042,-0.5127321225615912,1.3891592392708616,1.5551536569910962,0.05529486714741287,0.6966769436309329,-0.5035417001389915,0.062217651925626935,-1.1421816199505712,-0.8130221505594043,-1.0139278798764624,-0.6700915150899328,-0.6647098810911352,-0.7124166546069497,-0.9699857002207294,-0.9558007348325501,-1.2033472076182365,-1.2318384348043097,-1.0440016320688106,-0.4456023471910687,-1.1232255726069047,-1.0837547621066006,-0.06980507498920013,-1.1221734212350531,-0.581974971476688,-1.5264564501275246,0.05889597800833899,-0.10116565235387157,-0.42138077283108455,-0.6786316655314593,0.19949393950239452,-0.28247061658001565,1.3512221851069421,-1.040635023793534,-1.1894620104814382,-0.9220891128576439,-1.1927446854163934,-1.3524548825831861,0.2113650994308926,0.03642082764325859,-0.024546374454531443,-1.1191722900968895,0.4641467325491509,-0.27596031787466146,0.49204197614849277,-1.0657699443263373,-0.9314259367681793,0.0005822963979007091,0.18799047521162895,-0.8128806863620366,0.05003347983688742,0.578766679937679,0.8510033417589696,-1.338798657932429,1.5075321261687704,0.3864313662594161,1.935032750514108,-1.3137472113275843,1.1385800582320391,1.0823443519042646,2.267649008253683,-1.2671981861743293,0.045615863687919436,0.8030706173646297,0.37114305478502285,-1.0102384591394424,-0.8387469043625083,0.8277166244315217,-0.5548824772967866,-0.9503787748217206,-0.12438592565277039,-0.33905134422007377,1.499253048692742,-0.9605627542112708,-0.32270063584533176,-1.0049638605454305,0.5411100040425867,-1.1100095277743074,0.690516389179391,-0.8258474930143339,0.19748742871389896,-1.3866702510016966,-0.6146515682775995,1.3079544612920446,1.6250201066729713,-1.2680289796696909,-1.0674227412087969,-0.1606579202354737,-0.24164432093446206,-1.0636949461090794,-0.13070364844415916,-0.14228098800299968,3,aya
-0.0034750576334597596,-0.3380559159969148,-0.26031742073145264,-0.507580416349685,-0.265587807246597,0.1462735355956939,0.0252298792049663,0.012020499825117568,0.13645853472954014,0.06723435864525176,-0.18713097901055617,0.07156565514777535,-0.03984973034249833,-0.18443186252985871,-0.1492788401030745,-0.13905858064379717,-0.7644961276575282,-0.17023275072389496,0.013866059592566685,-0.13693960562972599,0.10568721308104906,-0.10322929615189304,-0.4772967492288321,-0.3414021744656082,-0.15535283960988083,-0.07033741686309596,-0.23141915275749447,0.047778372702396585,-0.48069819155315924,-0.08316530704740814,-0.017857112556930926,0.06675460197649441,-0.02962093464677478,-0.18518807656950986,-0.4160912184433704,-0.19712139474424867,-0.30760210152869055,-0.308422165328574,-0.1426192886730917,-0.237496255290207,-0.3214611471162453,-0.06557903186234613,-0.16731674527494841,-0.19665928442813202,-0.21971122319657466,-0.3979341833082416,-0.4746118488799859,-0.35908279005310884,-0.3259336399787256,-0.11883724618364166,-0.0008160402749420672,0.1955363221047973,0.08033247874504076,0.17071379859160163,-0.12609552517729716,-0.13264077504714053,-0.0835315961294785,-0.08137383050617608,-0.010239259064144166,0.1071923339360976,0.27856554583834225,0.11498287533447922,0.22080623162783353,0.19114774092093137,0.22862106079620792,0.03790865025799279,0.08659448267190771,0.2325709577425155,-0.04569361108461628,0.0524402902151858,0.18181933751777304,0.21069837694251956,-0.027448360874604706,-0.057324932499338746,0.2580899430266815,0.31412906335292806,0.27743741930314564,-0.21071271938521668,-0.12683988805548507,0.14932912872514578,-0.0863803443784738,-0.24762789526580453,-0.07807254572152379,0.09393247242786704,0.08344093563520841,-0.17927052137569127,-0.0105965321408086,-0.11633143442365705,-0.004818217123486193,-0.09024470003269519,-0.08529277739696133,-0.1363531827872613,0.077801116312245,-0.2298196006850735,-0.1620373608203258,-0.10013284399019827,-0.12949129531646952,-0.21170118194827944,-0.12212486039544862,0.19624246053387281,-0.08552198595090947,-0.32660341286716194,-0.03035496866743392,-0.42149403540902236,0.18707042784361994,-0.6875754449019066,0.9615030594398803,2.453555429787186,1.8729258182175628,-0.37194218553012787,1.5332649090942552,0.4444716349020719,-0.6131264651321376,1.2191390696660322,0.8564827141377127,-0.18028045241219803,0.49031677686302877,0.28591927328762273,0.23300386003317547,-1.1437832793950502,-0.7562907076340387,-1.0862378878191947,-0.6395186321628075,-0.8653338258205094,-0.7320453780806415,-0.9191803623738234,-1.0012973382939605,-1.1702144235122107,-1.1280516745731548,-0.9678191948099594,-0.6810869909765428,-1.084298974427725,-1.066661576507048,-0.12296432016512616,-1.1816861256550482,-1.0100717569333737,-1.4950448913716181,-0.30034786578089157,0.45081394755046084,0.37231692605546457,-0.5170305969785344,0.21283412736259022,-0.6784297866612555,0.9898591482384033,-0.6801819755129619,-0.8877361023878979,-0.8025756740250747,0.6704240846384003,-1.468160222596082,0.872320498697559,0.0496305198475402,-0.0209049721469858,-1.3026208740075955,0.23083920222835885,-0.4470164244736703,2.235441979848174,-1.1022556599413393,-0.17133054299927267,-0.2140037664724444,0.598759651189196,-0.7591081057107597,0.412783313141575,0.7036204469509123,0.7849392705479786,-1.3416658736601677,0.7228563450300168,0.2246466374002245,0.11736654727001074,-1.4450435919180877,1.392549467542261,1.0039748256591796,-0.5289148137786824,-1.4890349592376677,0.5585002576550053,1.0670270521028853,-0.4210219064148136,-1.0651690387044008,-0.5175356028303909,0.7524599732706304,0.9115661879093373,-1.0712443059393684,-0.05358097731183125,-0.33479093791410536,0.765947257623618,-1.4278762471053354,0.12181210918346749,-0.04952596936348033,0.22341612726999985,-1.4223443520185297,1.182599321731194,-0.5536606352123256,0.4581437728353145,-1.724571576576058,-0.14111027787800295,0.9654491107316423,-0.18292600583052548,-1.4777157492377881,-0.7074467819590503,-0.13273785081643918,1.829618946455411,-1.8769064798036428,-0.0030194311088923283,-0.3227063129333918,3,aya
0.09954125103049256,-0.41037486491544717,-0.3220302687204855,-0.4347640249172079,-0.1697114051949182,0.14226679504365128,-0.07369451594245782,0.10157481175482196,0.15073225576937088,0.045730818997103975,-0.19829479387946614,0.10603632095920654,-0.05897550986344096,-0.11408334273251604,-0.12506328230705188,-0.16477081830679047,-0.7485471788618415,-0.13372793634607852,-0.07299471025332548,-0.156612410403133,0.1415367728733113,-0.08291916579381145,-0.379578747181367,-0.3251518424059442,-0.21047850093976872,-0.10174519222791961,-0.21110903211610096,-0.07184871048390572,-0.4273979680857057,-0.17828830693749997,0.013584543060600108,-0.02116738545401758,0.10010283461153806,-0.21082908658983104,-0.41769513850071793,-0.22795903263751893,-0.19916443505703585,-0.27576661465398533,0.011504194253342917,-0.19515328020066922,-0.27761728147777576,-0.08880317826044566,-0.14222394186723758,-0.16158484484196756,-0.2336229422607367,-0.39700124426563466,-0.4356518268035264,-0.27093890271365745,-0.3450217905619143,-0.15363925178346305,-0.08015788144064082,0.17678206694724824,0.0507810571151954,0.1600927570814201,-0.14822739911901536,0.04233414988274397,-0.09912132462196291,-0.13904588645272106,-0.12739385346511625,0.17547726006439773,0.4563036574725809,0.04418192467931879,0.08234478980691258,0.13940146452594707,0.10258506859651649,0.04909954401433594,0.07059149037512767,0.272521410930104,0.08464664626838925,0.14983510833795352,0.2843538429530441,0.10471885930686617,0.0118351481244587,-0.07232231179938935,0.26839967031297235,0.24854400587149347,0.21446659978169336,-0.08830073600040167,-0.011811619765225673,0.08189808851483958,0.018274560473974497,-0.29122686963123046,-0.09829556851453411,0.022017984725376777,0.09256432741139413,-0.14261572628956143,-0.02366280580634509,-0.060364451983681705,-0.017218580386926453,-0.03952202978928745,-0.07376076402097928,-0.1626113908286795,0.12236498637917667,-0.2750914907644437,-0.2615722484813288,-0.0842609200514987,-0.10552499415858392,-0.25901023042549814,-0.07932358310644447,0.1634155456027376,-0.0882271222361848,-0.34009627997824554,0.11962139608817078,-0.4007095967455477,0.15015146990660366,-0.3859762075977446,-0.15015590281461577,0.898298127011017,2.489680392562029,0.4013231939746437,1.056840405358546,0.4292461280208022,-0.23891338240828655,1.7005141639176018,0.2541350855876767,0.009214845729583507,0.7083860567509725,-0.1860843404102387,0.36951845434007496,-1.0198071825796287,-0.8489165750416471,-0.7776738463382173,-0.667877320365249,-0.5876111164776106,-0.8847129430113514,-1.0666573423154315,-0.8848917006881032,-1.0993873797767337,-1.0850323163237856,-0.9890641298815513,-0.752459891416737,-0.9552298073554852,-1.2207814317127383,0.4132821671058435,-0.3781184120450961,-0.19529530923666213,-0.5921703030048674,0.13223775634955934,1.1570768045458824,0.9869986732821994,-0.19641886350117477,0.49996163522673764,-0.333611424192858,1.7277267527817075,-0.41870999394024677,-0.10969736272584736,-0.9569546655655097,-0.8001813387727431,-1.329993243458841,0.5504164751350039,0.4270150923749034,-0.48586455500077474,-1.3047776454111333,-0.05344840579636143,-0.2964807019583463,0.6796362500575825,-1.2163730025672095,-0.38026357142824113,-0.7165260655978174,0.010222161848465814,-0.8638270739910656,0.5422853749309705,0.647658195821082,-0.659468357386073,-1.1476023039434349,0.8888969014599585,-0.05335800659668616,-0.1742646995906453,-1.0303018325353546,1.577280382366015,1.1405474443357828,-0.5330684915055461,-1.3905869148345118,0.7681885050999604,1.3060257048246644,-1.0911457348407982,-0.8392944574866298,-0.33055499585496756,0.7318809163101926,-0.3371968079967847,-0.7746999300502952,-0.09702850393118799,-0.2824860805039058,-0.13951116869771316,-1.1387425820220096,0.5548978649732403,-9.100542828562868e-05,-0.6468279430687165,-1.405644382855396,0.7997867624743197,-0.1965059678621543,0.04908456174939533,-1.6054892184540914,0.019955226790982283,0.409452191775654,-0.8788573565471066,-1.1501123244158862,-0.812290196747789,0.17946958083995027,-0.4870883715502708,-1.69354994509415,-0.09760310062296948,0.17187487249209257,3,aya
0.16904263292949445,-0.4507542802013612,-0.2815976845368882,-0.470135788107064,-0.10598996807025976,0.1599183207758648,-0.1017653901764382,0.06758671280334322,0.07045215658541927,-0.03302321026309603,-0.18539078568177644,0.2573804173823529,-0.06424312527774584,-0.10750103630453346,-0.13502311967554917,-0.14519918742707313,-0.7055887395468344,0.01908902016062855,0.020028599093339372,-0.1724264720803524,0.09409422432063591,-0.08237665045814646,-0.4152158037181781,-0.263784402860518,-0.256756621127665,-0.0479995043157809,-0.116362156849457,-0.0013631571147769417,-0.36592939582669626,-0.19126278145934378,-0.0012418765702471885,-0.01501153161112873,0.10614739440383782,-0.14907752210499386,-0.4137001091828002,-0.2438674589590658,-0.21529666805891579,-0.35883274294218503,-0.059998271067210875,-0.1353434454503283,-0.29997224031503983,-0.0039217610175469415,-0.07753704578548057,-0.10417347707002055,-0.19084273863750567,-0.36827231590064224,-0.32115940830940565,-0.2921205608301132,-0.3913229039490144,-0.22634836661138652,-0.08046363911678237,0.16673761490812247,0.10251384199396905,0.13094250496843293,-0.14368507052123122,0.04493530945105772,-0.09133560181391787,-0.23672930601484554,-0.10857168463857511,0.19855374583289426,0.41497169301523984,0.13837710915814805,0.03562850004332952,0.16201652904824312,0.1181449729526418,0.13739670615404415,0.2179974448727362,0.12525171111502414,0.02400635049252135,0.19259930583289325,0.34613349661034565,0.0752846767940192,0.07300595501406364,-0.060942062113799766,0.34154665621243463,0.226845213118862,0.16140729211472998,0.03746226026926687,0.011669768904102758,0.030596547799295198,0.012751722869188506,-0.27662625736498947,-0.09150354121192852,0.022692850211051302,0.13374454007478287,-0.14298506586923637,-0.06394760715283206,0.0016588319589171925,0.004875466045603649,-0.1127715733836338,-0.10357229503586171,-0.18331323100437227,0.09323469788755849,-0.19620443179082606,-0.2079368979619376,-0.05575377182571766,-0.1253906295875116,-0.3231398302997779,-0.19120508538435657,0.1819843569076972,-0.07423041278045596,-0.3562277997861418,0.11636479275919306,-0.3456615377783964,0.12740070389147662,0.5841933179082646,0.1139831629795796,1.986095737364528,2.2376739571140027,-0.3033996737670643,1.323895023380482,0.8695945851904732,-0.002091188593761421,2.592111815970524,0.7437428341925211,0.1060814072164121,0.5835286072875155,0.9204934730052201,0.4299852201108936,-1.0772771327683683,-0.9312171594994948,-0.975167628426634,-0.6979698525400758,-0.7864685369720367,-0.9243398752001062,-1.0510266514337703,-0.8176797890323297,-1.055994448548654,-0.8981399671029748,-1.0686025344126582,-0.9035849594598481,-0.7738826915978712,-0.9433957843216126,0.11652502222207747,-0.14240029619906933,-0.5529454018241974,0.3324871840249409,-0.21601869741962199,0.9630125875197173,0.11895565995466759,-0.13091128272108174,0.5030010175984743,-0.42997967014082594,0.7457013236934331,-0.6837682648332211,-0.6647966521063507,-1.1494234115479918,0.5667257581324707,-1.0899776597846635,0.5094014303054083,1.1483634375490595,-0.09171407061093492,-0.9955076671092247,0.011784945019823237,0.19147173688923505,1.1796483473135764,-0.8948174026927509,-0.363734283406476,-0.6104811781152187,0.6322543443508485,-0.8181355703379432,0.244313708761151,0.6742664076839975,0.44500494056018874,-0.8923300677812753,0.0832023478619211,-0.1291702807993942,1.2497537626714643,-0.8238196096347707,0.9775210978947944,0.7031073751125514,1.5305565680908924,-0.8283664047399065,0.6433443219978519,0.9785076796960636,-0.3046447351997967,-0.5381002203167785,-0.41535364090307597,0.217987336094103,-0.443934506179938,-0.6564598208698772,0.00311965741309222,-0.2177869194663398,-0.3334873620050589,-0.8810774960950772,0.2007729225902602,0.8490334127601927,-0.34393703224411903,-1.0684561047440864,0.8645699317843984,-0.13869302504439043,0.7859252153751926,-1.4061537781178792,0.24870788602504212,1.0711721629788256,0.6292134542126008,-0.2611247239356526,-0.8565362700521099,-0.016074443831979698,-0.20433121079333302,-0.8068303914151491,-0.03838702428876625,0.8192803595276567,3,aya
0.23206200040071065,-0.41477005888999413,-0.25945887634486414,-0.42244976220789815,-0.0746339022061478,0.16543374862714544,-0.04192414646962696,0.056504439038972926,-0.005372441701030516,-0.04139813524645663,-0.18352055676454437,0.17943830531156343,-0.11610778009679187,-0.06660709438351493,0.0008076091605045579,-0.08568372127444103,-0.6288690206202233,0.05647824755136946,-0.017310442713528544,-0.09862486746088253,-0.09881222606267313,-0.07088150263757514,-0.36097983122599975,-0.2513135051954583,-0.3012948206296308,-0.11138185866747191,-0.1177886762472944,0.10633544596092413,-0.17087984763134376,-0.17279936998127146,0.04079235584821743,-0.005168277308191205,0.025445254609353003,-0.1075631460657517,-0.35374072096909304,-0.2339291021456976,-0.19545088293700028,-0.3137978489774087,-0.0356708228140519,-0.06207358223119902,-0.20030265543775544,-0.06280006608602144,-0.086502727901529,-0.15803478262974915,-0.24428109749484983,-0.229150250332596,-0.2224542327679931,-0.3250430629763328,-0.22993185164856536,-0.055365851357310765,-0.07204943465051342,0.2726584819375921,0.06897638095647315,0.11157171302919987,-0.22562427145865657,0.18717748292144143,-0.12887520589495202,-0.23776266151906197,-0.025216255056251184,0.2602390857811666,0.4273699494347088,0.11637860029639858,-0.011975395441996158,0.12627901708554357,0.11290936991122377,0.1029320064352997,0.24119210370057917,0.1401250700551784,0.009018964853332421,0.16492726635136906,0.10415518272206718,0.13080804687563743,0.04137385169294367,-0.0037584372213040917,0.3287794862659836,0.13362334482294463,0.14329841662114193,0.2077706191126459,0.0934881042100885,0.05783687488176828,0.12233862864925611,-0.0008204317178406959,-0.06685165010140265,0.07280043800214302,0.1450627624513607,-0.08018232684902724,0.020826553998248294,0.013028086186146719,0.00352774302751049,-0.06607374559167598,-0.04592635082227656,-0.16197728492521318,0.10815259399382741,-0.00024982586858090556,-0.15598426658717784,0.041887155634836776,-0.12217835205377477,-0.18414823834644845,-0.1443892806433137,0.24540022526679814,0.08959272571853837,-0.33944224836670617,0.2304142085190598,-0.2681130589822711,0.24563223747412657,0.45078209451364276,0.5485095822776883,1.0966010702355973,2.7328412053897146,0.32699847274540933,1.704900952075683,1.4679287147681177,0.5325383676611023,1.1525074071394232,0.041301427403108444,0.3534312605942637,1.370165708555218,0.6937844437418494,0.10082633735608491,-0.887686830495359,-0.6483575248419738,-0.7538461941753007,-0.657663163756148,-0.7262467882330708,-0.9909823688193459,-0.9560099336932725,-0.6126318233817633,-0.9125709207400866,-0.7120822097759617,-1.053572523334508,-0.9779022673734059,-0.540363197074234,-1.0668779892270623,0.15106246954542532,-0.42315679066577383,-0.12007484251623893,0.503251362351944,0.02180017700825446,1.5401533767118285,0.46514121271757225,-0.030251467316844218,0.5943197477667745,-0.3485568058140913,-0.7223282449897919,-0.8504379486410876,-0.2898211765783727,-0.9000651034205921,-0.6354090756250348,-0.7282165136909771,2.1267479572641834,1.3968899529716765,-0.3009627343359818,-0.35186579883539726,1.290502572043626,1.6398821458713302,1.117358442505837,-0.578893861157406,-0.40702389149692164,-0.28775038007165454,0.9604921492713646,-0.551021699220834,0.689760232561128,0.41316088430617737,0.7470218363237778,0.05519044485227724,0.31748182829456784,0.16977024754867956,0.08832706751006933,-0.9863712010317108,1.0054399814939463,1.1667553047382662,0.002688731513993363,-1.3837452590382073,0.6528208466448068,0.7584748253244316,0.5675674243291136,-0.22148040856273332,-0.35645624091634254,0.2165156992991839,0.804935780220051,-0.31346081715674257,0.029466584669488777,0.06988322138379796,0.5928600584396349,-1.0467254413637055,-0.3406089201605326,0.9876154153127831,-0.44486775849717636,-0.22312096086791688,0.9410266724958279,0.5374524550944361,0.12952827333779113,-0.9084093158408901,0.7932895992664427,0.6966085933165281,0.34871758074509845,-0.23803311180092154,-0.5836439467844301,-0.07766064481097358,0.1332500963084655,-1.2606557127206366,-0.5701191221779106,0.7694571319254453,3,aya
0.28534014195590574,-0.3226022629000591,-0.10948337188950272,-0.3069455966397098,0.0535437396861015,0.1586691627680385,-0.11102300842240961,0.033950566403300936,0.002783930915674444,0.0004844578206568613,-0.1377484022019614,0.23361390220429143,-0.09276004887180987,0.023613726687318086,0.19635332952696372,0.03432189689022585,-0.2959964103347186,0.20480406294531958,0.022396564532420938,-0.09190623013956856,-0.1120439304475523,-0.09058044328998018,-0.1891684913866295,-0.14215149553252981,-0.23286647263625396,-0.008669298753021306,-0.12521230339546405,0.12303977342576725,0.0017467431395827196,-0.057291799603608105,0.07838485561888549,-0.16328113118790183,-0.012929970032738554,-0.09665850095711849,-0.16286237798913417,-0.20919933635215113,-0.18632346601122313,-0.12003362411333453,0.07329815789188822,0.1708970040161878,-0.15412714499393698,-0.02833852563492337,-0.10583950417443265,-0.0761162350955051,-0.19050731035500842,-0.10175106547162059,-0.05639953879310374,-0.17194587390253413,-0.10235350140724399,0.06427739138953088,0.0145933579812277,0.19222157955049662,-0.04557573549435374,0.14815344572248937,-0.2901451363067611,0.26581631056970556,0.024629372917513985,-0.15506512253198243,0.07410114272868473,0.24636632358124255,0.498270991886585,0.14182515032024617,0.12396850291229253,0.11324899380486626,0.10154780519975459,0.09407632085788768,0.32136273345305943,0.19072777961395532,0.07973077312480505,0.26218148589956625,0.2135427256064991,0.14577117585236596,0.09804025982374909,0.01891508544610786,0.280426718564605,-0.005369649902654655,0.1192842523192504,0.2852974092925515,0.1890139505422737,0.1610078296398159,0.07910212224552192,-0.028246075125844497,-0.06823820067036557,0.05830291087432312,0.13906915920565588,-0.08456942600898666,0.08493344206794776,0.02217507447547281,0.038210560438414816,0.010104147288389426,0.04833321888500401,-0.12368447060922311,0.04752769299808145,0.0786105981729109,-0.04276720607530763,0.047301448431122335,-0.06490755366500175,-0.19487010210606975,-0.15418367053578957,0.3243218468718709,0.19693741486064054,-0.2683909388779578,0.4007323852810607,-0.19462264509581856,0.3773763739771919,1.3138220021186082,1.0264352364077645,2.2182918620287064,0.9527289071999584,0.8991066621728349,2.024440457600714,1.1593039495660198,0.3644362877329966,1.352578552151366,0.26009191300214707,0.3239441588117287,1.7991531149676834,1.0482370017434102,0.46320140610021726,-0.5917665800673847,-0.5242741069351482,-0.7082373317103928,-0.6730780015629626,-0.16735452664688058,-0.6467022550027247,-0.7583757405939825,-0.11989123945719522,-0.3302978366038585,-0.3363767396812639,-0.46779008674033506,-0.7320038667474164,-0.014169258955272738,-0.3758929114224599,0.06016235374051885,-0.3280447808490043,-0.8858066421648101,1.107833406313179,-0.8868327558365633,0.905038188388315,-0.20315808354120887,-0.08588891192118793,0.05106312616582832,-0.0006550734452167937,-0.793153792103672,-0.8871503011379038,-0.5597329174309073,-1.0988095416657329,-0.697498448312991,0.21965795069609564,0.7382110454941058,2.4297319638610984,0.2567043973455933,0.6175353651736304,0.3446360532383911,0.9549497313355879,-0.006361042075716472,0.43760863788022103,-0.5280137554104717,0.3758368517813451,0.8878920191413039,0.34918235807139164,1.104518749659264,0.5192359194388221,-0.5976085601106643,-0.28781470906360807,0.974015628896035,0.07456129241091831,0.19873363240249425,-0.6791429417726211,0.8273867532344948,1.5882508711257741,0.32002587629485024,-0.5804882236064225,0.8254274011157094,0.772377185065744,-1.0511169420108164,0.49646008279959536,-0.12910552549904855,-0.14177063886538763,-0.20781089616178647,0.38285180993045714,-0.08479005726179514,0.07902165831095448,-0.050828538625477274,-0.85319855341542,0.08995363103665631,0.5667470268819886,0.0885701914782286,-0.9102085230685367,-0.6617508920384044,0.759345689985899,0.14913877249196542,-0.8198091193973215,0.26315235107415624,0.5281423308112172,0.9129913760214753,0.06343216246066134,-0.7528314088876141,-0.1028068739021524,-0.18402763939330877,-0.5125122103902714,-0.3407729304312663,1.5039886196178516,3,aya
0.3469807907750501,-0.327025400747069,-0.002782311179662588,-0.2609202755092084,0.05866599926529678,0.10688260635042404,-0.15449554712782648,0.050364472288928694,0.017682303934946478,-0.057796280822250606,-0.0723488094187847,0.17571712411045734,0.00030713483293553666,-0.0024666660636481937,0.18505065584277205,0.035405882798256086,-0.21953445949541633,0.17986685312795236,0.017357421830588547,-0.08388188341311001,-0.18575163126624245,-0.05284139126240377,-0.20752982494079664,-0.00025747019287242695,-0.22185665934392976,-0.04168241428510541,-0.0834139618700605,0.10281499265681625,-0.01518232835394387,-0.062462514330166745,0.028252941111308803,-0.09240845491064109,-0.071406829528181,0.01583181903617122,-0.1044058702246415,-0.0259013555017831,-0.1686188675236853,-0.02767545368003428,0.10954383653636691,0.23071658642614792,-0.10655549258048201,-0.029183484584721423,-0.04870404670461623,-0.13402383804520174,-0.10278865267590039,-0.09102958380194157,-0.12209321333871348,-0.031253768866153296,-0.0032899886252042267,0.05573528916366468,0.05559829849706915,0.04323992219649436,-0.0052784704047532886,0.1442703656874989,-0.3064563255251308,0.18355616956025425,0.007421252587088381,-0.12509144392587326,0.05484491310582986,0.2476234577807955,0.6072071828094012,0.22971532972335293,0.10767139308020472,0.17529822473346593,0.024346499409689675,0.016046204963459352,0.258342467898401,0.09221551618227618,0.02875216679767348,0.20314017698274817,0.20393026706866002,-0.015289813054629736,0.036695478760175766,0.010580745769343767,0.18169998029973267,-0.07557317195752764,0.03234580143144048,0.32066040615287594,0.291173597338616,0.016731854171997844,0.06815796616546653,-0.020935308853990472,-0.10407652053608696,0.05666095701646517,0.06599907239561,-0.14852161492061142,0.011390260135943058,0.024224867337207735,0.03776256468836031,-0.11480649334119389,0.011046286857062913,-0.07692428388244299,0.06655331534709277,0.058653052644686475,-0.02775685230029964,0.08139931258498972,-0.025989208387293367,-0.20064859485950648,-0.11092898420704947,0.3159808252270886,0.1239924718189366,-0.26142552629054505,0.3017379109594938,-0.21063890835602003,0.3538224971259479,0.3353679003568913,0.9107476210087427,0.45022044890916835,-0.0846926273889455,-0.057245059033842506,0.13199358879147144,1.3029203215431717,0.38666878351348316,0.20092640194256925,-0.18226241783159836,-0.47029439458638844,1.0975942752524699,1.7354054689165184,0.9396976776735356,0.04664788889233268,0.7788425123435848,0.15465366899371422,-0.03624895593013384,0.37713152062962596,-0.7303573517361963,-0.5499114444987888,0.6818546783740563,0.24528418323193554,-0.3407095400647375,-0.5852817872028112,-0.4119518784569415,0.12458628273820066,-0.24755606543787126,-0.09069815986268324,-0.6367075566243838,-0.8429220554685785,0.9308227156939042,0.15430441892625726,1.7528605249418345,0.6892751890027712,-0.18727818316945125,0.04126509216675044,0.2569371523174127,-0.5672185004873801,0.10080603026852153,0.1581777626359204,-0.6754881691082518,-0.7038583319900485,0.010648644773212802,0.5983315113953805,2.3657531598484276,-0.10311990232951429,-0.22282141702798197,0.7274424521211821,1.2716739980573304,-0.39303152590300555,0.02803151356954527,-0.4555611621260703,0.49399191556679717,1.1888933101340942,-0.36702440062001285,1.9443867234912968,0.7453329987648571,0.6560320830633084,-0.35531685566240107,0.7268396954224053,-0.02255765692517917,0.3170177664967936,-0.15634786006321302,0.7693216973813167,0.9943959624209002,0.5633873380778638,-0.39977340105709386,0.447753776187441,0.5171182947918014,-0.8931906594614607,0.4192368892216639,0.13828214364698904,-0.21283649793450737,0.8678100353937918,0.05615041880571959,0.260736396494571,0.3596720224665769,-0.3581844536231726,-0.6102306595664674,0.015607895228154171,0.8233823633973066,-0.11788765875336024,-0.4517078747687385,-0.8443176121921001,0.8846109064611043,0.5822347440794454,-0.6482488519740762,-0.43276777302031555,0.3025416860082739,0.429943421878507,0.4245602033647334,-0.9288621727368965,-0.47658748503969295,-0.18378981445401418,-0.17570234766529902,-0.3749253017890138,1.1116171445622103,3,aya
0.4081047673417646,-0.23215768757953706,0.08383526854792032,-0.08019127540848012,0.10620679233515755,0.04846653289697943,0.005749740237532708,0.08268178896623682,-0.02895242673975241,-0.038072060802628656,-0.07807753529117847,0.16102562259325096,-0.10744237215836173,-0.09267822491858596,0.27337954263746717,0.09413008708826077,-0.11916555833005647,0.2994001100474007,-0.006418316492191563,0.07556238861001595,-0.05519063852165706,-0.0509275052823129,-0.20611471846829618,-0.04310849827726965,-0.2584069859420247,-0.05870296515829686,-0.09635857433944123,0.1333038269694752,0.043201346888366875,-0.03400578688188236,0.09614928169736071,0.10731170750419043,0.06352112191573579,0.00646438138884253,-0.0914761316142385,-0.04255501864154329,-0.12438473393411545,-0.016209339600852454,0.07730716155400241,0.2895120949624275,0.015189573704979855,0.0633433249698401,-0.003194921367723817,-0.025951582842292407,-0.03347617350600313,-0.06591092653851595,-0.06069669833309007,-0.07714279199163016,0.015293353850930613,0.005049720931350505,0.16110513241232965,-0.0009449318701816004,-0.0706028404385869,0.0336276954404741,-0.1632136638129365,0.16859559142876962,-0.01703848719842796,-0.13958927014271727,0.045316719074171445,0.22779682251145297,0.6228644160514456,0.3821598199006537,0.10556168323273045,0.00581280927117472,0.007103157614752608,0.03684026455019824,0.291726779135748,0.1356044531218654,0.027724636359143944,0.3217815605764269,0.24828186831383822,-0.0026271704584723116,0.058132594729171795,0.07146688517069219,0.21568624330768718,-0.1499506533260553,-0.045534141137101566,0.4470484709611667,0.473928848768522,-0.06906020709607383,0.1160311896956487,0.06650277825520214,-0.1288582216451024,0.030212810678553168,0.08582715614181245,-0.12894925993606077,0.04817899370099769,0.04705361041828817,-0.009824220697983119,-0.11558609114399142,0.03837493351499317,-0.13352285814676726,0.013604430688395187,0.05311880817982714,-0.048970260987547816,0.10611625609526126,-0.05064799163683306,-0.10244943008403268,-0.07258522969095965,0.35699736369357743,0.11658373981397702,-0.2316919300624828,0.34413756329211287,-0.06255034573700423,0.4508164268253107,1.1200433203449212,1.0039930369630574,1.3068866965417187,0.47415851966172173,1.3749914755112234,0.6052616661928187,1.0508215366092777,0.18291742487989957,0.8020206212623522,0.3706395664247854,-0.02925816295616872,1.8536482364832885,1.5932585762150844,0.3359837874774685,0.5428681655997467,0.778381510335228,0.29579974629807676,0.24505277251866533,0.25194459585905127,0.03163697664019542,0.11230711364472377,0.8124965316387,0.48253088520006004,-0.021463675899364012,0.0655320356487664,-0.38091950157003235,0.6843954346986229,0.615707813239427,0.2589810731497116,-0.1384728550723013,-0.11794787747351938,1.901755558533163,0.05090094777986225,1.5467193870289517,0.1452104306876469,0.8330861645226516,0.2359706411074208,0.18662809556388962,-0.16263669784792478,0.28689528295737055,0.41453952784825504,0.4277289110325978,1.0106849201540136,-0.10645894720809863,0.5190265663139978,2.4092838608693214,1.6699142496075603,0.0629539251523638,0.6514105528606511,1.2148428418392687,-0.23929514360746154,-0.16865476477837937,0.14937522877830664,0.452432855538023,0.7130834750154823,-0.5748220797340348,1.2882680521321932,0.9231203230280559,0.5085615062436456,0.49576078059505085,0.45429321502285036,0.1540273590926753,-0.28357201046003605,0.1128626439122995,0.8604843073307897,1.1243999709436074,1.2383535129639613,0.02939370220445191,1.0791740239041576,0.6061204325637045,-0.005834580577155958,0.9289041673183407,0.19337037620889366,-0.16656028637635925,0.09245987391493539,0.5689949577340375,0.5504576963616149,0.2663905739100363,-0.5993781420469483,-0.08004288428298902,0.4434827752513688,1.736440154931416,0.09142667607374085,-0.17311861740718942,-0.2796629186778216,0.5720765637639154,0.6149961478283056,-0.5003716330529356,-0.22146904596910263,0.8224716692267476,0.26253007122403604,0.9283208819344304,-0.2763661925639541,-0.1171930972478985,-0.1505265242377945,0.24343600456190204,-0.3506650177994025,1.569349413919515,3,aya
0.42353316914995814,-0.183552677178863,0.06125832687314853,-0.05142465403707204,0.07769512334719429,0.18645755180698034,-0.10302560218313905,0.07361257646593204,-0.07837536120654354,-0.05185633167466837,-0.12469974747403699,0.11745592004260678,0.025022961833247582,-0.13205180613531092,0.1857988776221934,0.11539564313183279,-0.0663107887641796,0.38031842818559813,0.07614856122411974,0.02535484939088081,-0.11661427613752931,-0.08084162213241505,-0.11811294723160809,0.00824280265053608,-0.2078162443553941,-0.08243431514467711,-0.1352232483659399,0.15309537712846902,0.07757771685491655,-0.0521926697348146,0.1328473132744228,0.10238810551651671,0.053241708782853975,-0.007660103443563111,-0.08412455665396151,-0.0592240207380834,-0.13039559998507955,-0.008041555256538793,0.12850071873499375,0.23369141154625628,0.06466807540581432,0.0877835922296938,0.06709803227846758,-0.057910536859664324,-0.024517402203474037,-0.026119354519231714,-0.04113291495222784,-0.06187985508415355,0.013434349300151712,-0.016622984777942985,0.17345560025951948,0.0695665185017881,-0.1345258357414566,0.012270285973944143,-0.21539171501539228,0.06192563607003363,0.01818221019721157,-0.12112893452908792,0.08969790483697758,0.27402599289834567,0.6777476592461,0.3172667228458572,0.1443882483765152,-0.07509034942206788,-0.07361576174371529,-0.05940455361283528,0.26402486799442726,0.1957528813400936,0.06385816547174995,0.35771777376070546,0.28557979537709766,0.08297415449146368,0.0655057528637018,0.08038532470480451,0.1570381393885803,-0.20792491631025573,-0.078741270310989,0.5303945713455115,0.3998251510063991,-0.09282639236663334,0.15948450156276694,0.09458155794855055,-0.0557823727028409,0.030556445013197858,0.11588166469050021,-0.11630860444950604,0.053215157683257706,0.06332462884818486,-0.03247623079599732,-0.06866657396820061,0.018827420063470966,-0.1627839805891117,-0.0015657666295034048,0.03989362539663151,-0.04669730964380673,0.07246564883958524,-0.1067337565592212,-0.12102428053347136,-0.04925040033708405,0.3595986296355183,0.08783703769592595,-0.21640893248425105,0.4021284344243947,-0.05699587196339125,0.44745120756509954,1.759701673635765,1.4605100722449713,0.42866304589202797,0.10482912571119629,1.2832034798299008,1.106658924288289,1.8683500481812902,0.026734094180582466,-0.537714917129132,0.07921947353360936,1.3375439862381289,1.749827619532355,2.200696667316031,0.6944248479197355,0.12015393655698241,1.050971925895717,-0.04381046746305076,0.17283145397395155,1.079802760826619,0.05404841480680454,0.10106921875517615,1.1182566911434553,0.7471112915262244,-0.17568409236258403,0.14003033218794475,-0.13295094734579962,0.4549937001775559,0.20821049789183677,0.32628600154781773,-0.16961837252873974,0.2384982204936994,1.9929524863088584,0.13728449426633652,0.6195299075752415,0.16737374390188922,0.689177658013818,0.870143189844951,0.5729318878726859,-1.226617953086764,-0.13549394186206068,0.8266415278186909,0.7877048629778619,1.0396240093001208,0.3302771613626339,0.1649050181309593,2.007867595226239,0.009685366561555322,0.996434906896231,-0.19404342343058198,0.6775819077479762,-0.49436663365998196,-0.18359561842447178,0.3936494247945635,1.1787195941895579,-0.2966835336851687,-0.10306946241166402,0.7933975395630785,0.7006198381077352,0.4750276043298697,1.0538397921892886,0.24998516101548335,-0.17907542560760925,-0.4173501554584251,0.41921015193300437,0.48692507750302644,0.9108319789114186,-0.26183812183591065,0.43215244134577757,0.8224715645926095,0.31748789715368264,0.8699408530214424,1.2602662349606704,0.19143597431736706,0.32976219558049624,-0.23952476058151131,0.7325441050303652,0.4518259984006165,0.5087972650880973,-0.6869286983885583,-0.06968381384096163,0.23902395655776748,1.9156701059496934,-0.21935272682915838,0.3124623188853517,-1.1359050768879897,0.8845329925843761,0.07498389287732325,-0.061198232497410444,-0.021017707864336054,1.1017578439980167,0.35330243373612225,1.1680185233840172,-0.9061318656056494,-0.052244586772484815,0.020658040251884453,0.2493982401731101,-0.6542115047746422,1.9334321413519948,3,aya
0.4431019362844998,0.05887703886857122,-0.03245847581271441,-0.08731422253818188,0.045752719013352934,0.22666912520236515,-0.10852839739362301,0.1543389625593603,0.03422252691758231,-0.08748879636860293,-0.16860475129117833,0.002379560246656118,-0.027104111585773413,-0.146480520259345,0.27422760595138224,0.029317327298236304,-0.09748254682151254,0.3368981654418997,0.10685398834590502,0.04670001265744439,-0.06080359297036753,-0.09572347396316426,-0.10446548439649374,-0.09487870630519747,-0.16141197410888147,-0.21758380357788137,-0.08199267423847571,0.2541286745118424,-0.001997707284651455,0.05514716683091837,0.11038142963922813,0.07197167419189283,-0.014690186847614849,-0.040537100709100965,-0.07759536556329846,0.02600111641518742,-0.09000304806010385,-0.0008796456368540042,0.0890438199036473,0.26404832661883343,0.13181203629514987,0.15458552855523833,0.09103764837910848,0.004226916072871239,0.05109023617080399,-0.014844298818990133,0.017050837108030358,-0.15192459358443994,0.04779070138349731,-0.1092417228010895,0.11580732132931684,0.050522620447775536,-0.16551129527757844,0.024230401536419626,-0.31574257347663237,0.18069720738332262,0.06029337728173346,-0.12174825788401224,0.09874488341331095,0.2530890459475211,0.6368044386715609,0.2576510247138858,0.04245284885972014,-0.07772664449394777,-0.08547523763204294,-0.08908419008897536,0.32716271522225543,0.17015114163842135,0.08501639895072342,0.37261674946133094,0.35241210044159665,0.15327521994747006,0.1521106159971868,0.06477871144541017,0.06401421674672847,-0.22243695286560286,-0.1264260110340548,0.46639595738890244,0.327801028625451,-0.08259147374794108,0.17946425087964143,0.16723748868601607,-0.04441669094622624,-0.007181183715682487,0.16364467853712833,-0.08579054473663363,-0.05657131103198299,0.06656822445231673,-0.05415576528820457,-0.007792207167760957,-0.018916146461727634,-0.1393030963865875,-0.047007513855859384,0.1000551487276512,-0.041264121588003744,0.045127281751150355,-0.10793230157352403,-0.06488656979739824,-0.051953553531022316,0.3172262019185186,0.09834942645480382,-0.2383647288030033,0.4286484807200488,-0.03705343692971984,0.410433334334395,2.221361523887127,1.4477515817490252,0.9144669066915461,0.3160930412363544,1.89708439525072,0.8911187660595616,1.3335513044433611,-0.3023324380602456,-0.7097286221618618,0.02806137197795369,1.1774260501006013,1.852236357727636,1.9120492383901093,0.6655495900236753,0.8604069942713721,1.6225835498254026,0.5073954655697989,0.8064676642334184,1.4249759259450143,0.6123185416929393,0.7705557001093565,1.591206114767046,1.573995974527436,0.7328065229212439,1.0132215363776702,-0.0988802676293575,0.9833695725276073,0.7535448574497535,0.3602661992258279,0.12249228349848304,0.10997159426036421,1.2420784208706979,0.33915720778024366,0.4087653483227038,0.19616682896514778,0.26693252421121527,0.27112769074229337,-0.39382020741122054,-1.0851671556946885,0.2178954030519052,0.6915736718576166,0.6019842982205263,0.33529866402228353,0.3780102303667563,0.470049528837986,1.6198544421792096,0.49738687511408114,0.8678919459345276,0.18733588687017128,1.3068963278952426,-0.21101380464189765,-0.35948880088845836,0.7002755564479015,1.3569459409048763,-0.4783310972407345,-0.23941063777219188,0.19257146153975332,0.9080424280436813,0.07599899484418818,0.4654265560924961,0.02718154842248769,0.06786688451262116,0.07202653705620912,0.208926657511909,-0.5586949929929954,0.7939224517342667,0.9339199163995324,0.11933476598875363,-0.13259866169687923,-0.21886265727542656,-0.5848955695087313,1.020254431055121,-0.14646766040350542,0.32813751468407265,-0.6923080431111148,0.8471489391778312,0.1714065107259748,0.23446691958956212,-0.6149349680083684,0.9701379257760993,-0.22073987240199364,1.0584712074275873,0.28221996709305525,0.02266792178097136,-1.6117957300168118,1.1846510323685895,0.6207499524962476,-0.5279575819474976,0.03633713558098814,1.6610283703271973,2.5533550019747495,1.126066589481877,-1.048520673626016,0.3790093431605881,0.06299689970210681,-0.05058133981303781,-0.5883547662586989,2.307784320995498,3,aya
0.41043004160783075,0.1460955392495251,-0.00739653345123932,-0.16888244902456573,-0.005049552827659919,0.20652975126331227,-0.08885680604258311,0.1755114248458873,0.01006308239993283,-0.08128854709682033,-0.20180152339068708,0.0030993830606943075,0.011384949035793145,-0.1548397805478967,0.2947167563311673,-0.01000656587140072,-0.07420790625143214,0.3420890415679943,0.0964122087538769,0.04960270028078632,-0.038303806721657584,-0.12452056052940035,-0.1749196747714074,-0.10002038233586832,-0.053679459179624155,-0.19772972010633166,-0.08396771241708854,0.28658263958015456,-0.025021008974791162,0.0687680711161246,0.06309141857180818,0.1227875283891535,-0.04331049992229916,-0.07357695761919052,-0.021724667159434153,0.043606538036091734,-0.08346368814228507,-0.0313502336360361,0.14303876049761474,0.27402659895201004,0.06664164315478072,0.16232906686466106,0.017179350667969554,0.0698107993814124,0.028444223867343774,-0.057347588411814324,0.026150901342752282,-0.1974328510525185,0.09805242780526381,-0.04970379813120025,0.133726365632292,0.09429271580580213,-0.11014591046597172,-0.048218725996479826,-0.27397887652164765,0.19394903640056843,0.0329234186672457,-0.15377734358016887,0.1310392464309861,0.22708308298161645,0.6085657353617586,0.3658616047910104,0.004615217515027454,0.009840551311830726,0.016915137968930384,-0.1203302990826249,0.24305237077476183,0.1483094466577687,-0.03906600748902658,0.32328115723311335,0.310249144043545,0.21087443179326892,0.08916231210716379,0.14809632086489713,-0.018935748205666875,-0.23799047818551453,-0.06676622869118412,0.48487975558309027,0.2177398287427395,-0.10179772128526413,0.1187047683928401,0.2982230404471851,-0.0074038198035247865,0.01697205381240598,0.17287216893785168,-0.013221172306917509,0.012303380213603065,0.018053694978326804,-0.07605530960623434,-0.027612579508588454,0.04178020784597892,-0.01601449288772527,-0.09616222595520918,0.09820180934142023,0.022435942243862503,0.03867037178772021,-0.10504522927937766,-0.06593740817080014,-0.04823020836589305,0.3507450701021452,0.06516851995720961,-0.1587586644357998,0.39286461097397224,-0.07282855989204501,0.4334861785305823,2.801076109338776,1.1338177749105554,-0.041109904060252965,-0.2863110961566733,1.0396254663373437,1.1052876419434345,1.5588856367212076,-0.3845682272072203,-0.6852013018118496,0.031031593609677322,2.5650069789972116,1.2138510805803688,2.3043181660861043,1.3352368991346724,0.22228915347613526,1.1441932332189049,0.04712317468492996,0.30153305812308007,1.174472611282473,0.22043333816695831,0.22482183061935498,1.1084423882054006,0.8563565331774516,0.07540187246500968,0.34937832937349694,0.002878508391149583,0.34402999245648563,0.26907617676687395,1.027623941809232,1.6232084357826448,0.6182016012884651,1.0456296044226399,0.11341207693264684,-0.11719955119161166,0.38418904526328845,0.3375538687579384,0.9211086497133566,-0.08254580874718082,-1.0175847537170544,0.3003524686498015,0.9183865353070401,0.6234904202728659,1.1183739737010236,0.22180457759546224,1.6403024345087476,1.97269397815189,2.0946387370182142,0.6732239206499772,-0.09576046336211567,1.5013154081726698,0.21713909276105386,-0.14804072792347545,1.5782538398264088,1.6237002710167625,0.19368512467088886,-0.22485512337476674,0.2683662604263575,1.117308924649289,0.34793708761083847,0.6642197094578391,0.17411265937888365,0.7138304459852176,-0.09366572397120776,0.16663156525984893,0.44576502201620005,1.4597692122982213,1.0081925060966395,0.25631902770766485,-0.01653521098400344,-0.006063791960733201,0.6374353193057459,0.9680349474251572,-0.4747497626243819,0.34247071688202696,-1.0869053507923525,0.7607758659638364,0.0398719449088792,0.06643280483089524,-0.45342817603567903,1.2003129747865133,-0.15557131277356537,0.838074283434526,0.20158188116355147,0.24529921509529087,-1.5515031553706529,1.0141905079119384,0.7413475206278783,-0.26384912092271845,0.8092074109599176,1.969661100905857,0.5949981555638958,0.7586214448724411,-0.6805444756031894,0.14807889254159656,0.10600265735784134,-0.14561833721534653,-0.17316489517672914,2.1183066561481345,3,aya
0.4611597507094282,0.20484947338186377,-0.08535770431432982,-0.12050858473051229,-0.05883494539896879,0.22469011914283382,-0.1111040779969165,0.2964332331951629,-0.045428927210030286,-0.04272297293536443,-0.2214124293093866,-0.13064075607058204,-0.0961333230765653,-0.10008317732897115,0.3381489819483005,-0.08872810667996282,-0.060840279645729654,0.18802086168279675,0.03195641422418934,0.08119044577796984,-0.04935584978773959,-0.11313551962786117,-0.13407557413545235,-0.08665729294042836,0.02083971185560264,-0.1809157685127255,-0.05968233496272139,0.2716321249267425,-0.0890686685086835,0.1446581828370308,0.11057002303067844,0.2131276851901194,-0.09387952552537536,-0.0729350793709324,0.008123430555623036,0.08515486567262305,-0.09253725249301606,0.16381200620317923,0.1770570149574393,0.22684503400312903,0.07288513688582438,0.14261213611457133,0.015290923597913758,0.05824964452069356,-0.017370063942147636,-0.046185580924857264,-0.08075905646982451,-0.18686326683351365,0.14319820772834288,0.034141180666871274,0.24000709943045717,0.030131434695777067,-0.1510497195640818,-0.01090405792957541,-0.16740598480713417,0.1543045983096118,0.03914346076738544,-0.13585745326695875,0.061807555660140914,0.16376189280466102,0.6369814145446798,0.30772875918069253,0.045797809634594004,0.01723990503739444,-0.0113213264142644,-0.2299380881673036,0.22883446943862729,0.17957170881807036,-0.020475911593154737,0.33681526967374703,0.1910118490128585,0.17726805913229823,-0.013837886657198201,0.17918498397807744,-0.10473871738493103,-0.1952963415737078,-0.05527630286728435,0.437222319191897,0.2831157188011974,-0.09998186451235211,0.15174108745001874,0.3543975437342327,-0.04911800684880497,0.015792285087420543,0.09422154658895907,-0.011058341197049284,-0.014227178249154987,0.004610099894847731,-0.10896382322224034,-0.049516643486724264,0.03983650490719882,0.03752349378253002,-0.09019690223269144,0.03185924970281455,-0.020934067391122028,0.04852956037572353,-0.10567835643384652,-0.0006603628535034646,0.01462330856572095,0.1890850646684342,0.12476831909066739,-0.12863018929773926,0.4174515646936125,-0.14724070241743012,0.43041144648458224,1.9412651457962635,1.1666438182389791,-0.6419989510479017,-0.8255826779412828,1.0652265984879792,1.2193286490325865,1.1181134291779808,-0.5106853394962854,-0.8091856664964481,-0.6126758001002568,2.9304685636339083,0.7102162879972685,1.6564299819896409,1.2987998739282536,0.45543519110819153,1.0158194007951629,0.19105738655268364,0.4466402948194902,0.6443634378225389,0.6322322922891701,0.7243414876106322,1.0293232453941732,0.9669006684606616,1.3105471195428573,0.6368130396516938,0.17971609478601253,0.49683159595077947,0.3885590028500459,0.5335106409109056,0.8520794253433004,0.8434028516136507,0.5150431379478185,0.6199548584171629,0.63375497352247,0.8229602937972392,0.05060873249901236,0.18692627763539116,-0.23720136132342778,-1.490652688302931,0.9124585533615394,0.6746870229489494,1.1369159104986482,1.6783977893760726,0.005441878579540324,1.4079349621395658,1.6472802164085947,2.8929821271095295,0.6327854201426114,0.3670264190260834,0.8618058728821167,1.9172326411418747,-0.2381233873338583,0.9692610212000644,1.5122483580210697,1.663239974269973,-0.3717756171477275,-0.16296595283248855,0.8823104453097433,0.8202216517085705,0.8577463373902612,0.3536186860318398,0.8788527620401787,-0.07818885360108727,0.13492742823274176,0.845234704706507,1.7476490965463805,-0.12847533682671938,0.18109319687823305,0.18427092039085302,0.72312821822937,1.4630150238295414,0.6755670972834177,-0.2626674717483397,0.3424607999098492,0.8596637888578191,0.790953275917553,-0.2999581760993036,-0.06424110226378152,0.5557682864983922,1.0073376724399732,-0.13215167736301425,0.906637647997005,1.741221220167033,0.3396113453574049,-0.9178727536607997,0.9882775946881758,0.09897676359397889,0.07852492168793429,0.1587707279960715,1.4587618061612269,2.4180256725727847,0.5785338223139979,-0.5067530589823087,0.18489874432967546,0.13269340419372241,-0.059860933713589415,-0.1586342765579285,1.717545468809016,3,aya
0.28887367739166725,0.4691740307727662,0.017543736486567933,0.1833269695995308,0.18710552986588053,0.9241728868228214,0.31047897275662945,0.7292938134397142,0.3215116719468369,0.7448282116748703,-0.1342059282415456,0.14177044329199026,0.35543492625802303,0.061476597046769235,0.12397374450552216,0.14691435427123953,0.13375415280863226,0.35469941762831,0.4483116055357636,0.1756824208311033,0.5524145697147047,0.36807972113266846,0.50971636229014,-0.058004700300310276,0.10226907043339512,0.19816449311301285,-0.30638875377097174,-0.16857798447922165,-0.031807368290670705,0.026873596998278362,0.13532888244992702,-0.06167705784230002,-0.033297116611950756,-0.025118385764623746,0.07769808848684545,0.08127679916210763,0.1359623534641793,-0.006366800539866714,-0.06731739550475291,0.403494147652395,0.1814151818445186,0.46741134649876565,0.1285734603081283,0.2870846600975214,0.3299626609278919,0.44215228808171525,0.0761626907144161,0.12060803598552723,0.17799374752865038,0.2724939988712548,-0.025568289133054284,0.457167450659454,0.14353188774297654,0.3204467320839887,0.17743637613189078,0.46340935485942747,0.4168273979531653,-0.03757974871102593,0.1427071294910546,0.06620504343723667,-0.34723679133013424,0.06323124514874408,0.8647941388757436,0.6469725386157892,0.41226442140018443,0.25744365497861377,0.3006433942683988,-0.21858906238474374,0.1806844286611942,0.1342241736559218,0.22283953754568073,0.004317799248814925,0.012400927644445817,0.4788385994121357,0.3445870197306715,-0.018187678472543923,0.34110818368451057,0.5079168360447482,0.6754510458279904,0.7238435915357435,-0.1034334669642401,-0.027356173846387652,-0.10217948677755946,-0.21808805203136047,0.10024812589596815,0.41644234039618083,0.2469467027676941,0.21577032706034713,-0.19378761401716346,0.07246092381449336,0.2154764179306156,-0.22213301911432776,-0.07461557690875614,0.10019396645675492,-0.03789661780545817,-0.05726113940115722,0.05513788851976334,-0.2006245280012224,0.45402172181891504,-0.5176839834904556,-0.014497756883985245,0.26465419600898665,-0.08549030420021671,-0.1083718563318895,0.06808203145753902,-0.3493642024250038,-0.08069321077128601,-0.8215612632786018,-1.292801933587518,-1.2706390072638682,-0.9650512870224955,-0.11031833362993486,-0.16086988783633224,-0.5516289820860691,0.8071645825811554,0.6268345439937472,-0.33922051844900525,0.17430840966711217,1.3161406965177018,0.12294685310147899,-0.48291042195541795,-0.29194385873306244,-0.6577327999975084,-0.23204565471205835,-0.7758721983032474,-0.47966655903145444,0.016055000649611205,0.06126836815804739,-0.2480367737270305,-0.5739021151939933,-1.0060066838624881,-0.23869400609117536,-0.5605038458014983,-0.6403425154895094,-0.9096957136990196,-0.2119913309364864,1.3114667433765086,-0.7163731457039192,-1.1560301042865977,-1.342204103606321,-0.08212461261840193,-0.15168946258930097,-1.6021073514221682,-1.3548441763491426,-1.0229587607774255,-0.24606155239421257,-0.28501995691565535,2.040891642222557,0.21706009244282828,-1.6363065020782315,-0.9290454709244649,2.467766741680646,-0.17772470456815354,-0.8390372022506399,-0.7094138777748834,-0.9122066831867787,-0.5692049313659182,-0.8035468363278562,-0.7652019016713079,-0.7415698576491809,-0.61344366868666,2.019028187365682,-0.4400115527539975,1.2434010735072125,-0.1738838716860926,-0.2856418617516886,-0.3546236343618218,0.19467262684265793,-0.810837165994277,-1.3937790526477267,-0.6599465705933957,-0.8987120069065248,-0.6201751034282511,-1.6532667001110717,-1.3776566405918622,1.0477509078233238,0.0026732498273377256,-0.015782306199372032,-0.8761900384006457,0.7475896294404343,0.6113595126225402,-0.8901749625219055,-0.9184360916361708,2.3278267712776173,0.14156487468138876,-1.678293360001752,-0.697152822332328,2.6836111284138835,-0.6816621513514017,-2.434387912542846,-0.752259877565566,1.8587814631070396,-1.0591444366845808,-1.3880872215787412,-0.6630136834064133,1.0824190505345426,0.017889173210310454,-1.074317125620278,-0.5314911384894464,2.3185880596157515,-0.23194069190306862,-0.8710429690396884,-0.41904976253053483,1,aya
0.010415391562599319,0.06161814417664419,-0.08616481700687101,-0.16983339063043007,-0.10374487556965059,0.34336417565835736,0.20636305520125856,-0.1087505980984836,-0.20282361838677412,0.12996476938326326,-0.23371450533102556,0.07771321573343833,0.21880086115591216,-0.07812880766479861,-0.03423329987153472,0.11173229775712747,-0.13920643364746227,0.16841534386823567,0.10242387479536963,-0.02848690653324836,0.05187185798585811,-0.04799859531386247,0.09885095740205939,-0.15118993854180748,0.10633505654812665,0.20343816430511463,-0.26599669134022236,-0.18590684757791223,-0.19785787361093513,0.008098051182694856,-0.04735611604427084,0.021554843599970182,-0.38318299824410634,-0.16785064078135262,-0.09608420375723413,-0.012062741707988022,0.08285882790519747,-0.019879498313823046,-0.10019778705911356,0.19095481656033017,-0.0120059549858649,-0.06106457574778545,-0.205675649640384,-0.42233245447550005,-0.20968324054724405,-0.0005408046045071951,-0.13703349919074484,-0.030192740033938296,0.12714430391616416,0.06106223725205378,-0.09486491677299645,0.1983260616472623,0.11107961982242963,-0.052574411780406304,-0.1322692022704289,0.1608027826003537,0.4004912001963146,-0.039768503539301045,0.12712935294912767,0.08309361772541833,-0.7497811121021101,-0.18798990183664244,0.09677564415129492,0.02030856203002058,-0.048072076338351734,0.04352716665539101,0.047581991991229144,-0.3263850970999636,0.07179417436241772,-0.4389039765518817,0.011373390390653723,-0.17384350110696906,-0.05885188646009609,0.14180793709749004,0.011008854738805916,-0.05173496113451574,0.18924184537755884,-0.3415716829333016,-0.18352619041992815,0.03791688030884693,-0.3632629625044394,-0.15680371241379698,-0.24815803694643446,-0.3666324403026913,-0.28525302491840315,-0.016690714116122832,-0.06238875532480394,-0.04901179432061568,-0.33522236742059597,-0.14815187155571363,-0.109232873600376,-0.3936169286583778,-0.20255093864750986,0.1006818813604942,-0.08636547577333427,-0.10004590059365509,-0.11775253449190445,-0.23289355548850638,0.1984401402713859,-0.49066066592241614,-0.011663368464781498,0.23090779010713333,-0.17443909752592734,-0.09096684066633459,0.016619106151526463,-0.4659639331690666,-0.8024531541509181,-0.7049825650369507,-1.3037954988899656,-1.1926063237781397,-1.0603091093111823,-0.3655898624368422,-0.29002606764070016,-0.9127911283860405,-0.07516087566736104,-0.9831175990271821,-0.5050600605730269,0.14703373573907386,0.8112251168124753,-0.33728780429871624,-0.49381275526098106,-0.6798923241307646,-0.6048096167544743,-0.6187959865029368,-1.1445929362551255,-1.036223463332637,-0.09307909440210503,-0.2988943563120256,-0.9096523187407991,-1.3053975667823114,-1.1742416712964332,-0.7151219822664658,-0.6931687276833846,0.2826877743254348,0.6748457063966155,-0.06752822617249968,2.491872430684774,-1.197111589105082,-1.264183271749363,-1.3430791915411162,0.3408177692614774,-0.09832135724177292,-1.4322357537961223,-1.7113301244456818,-1.556172126532988,-0.3195049565195354,-0.3676760608110817,0.05530826809537115,0.21869892535651486,-1.7177687328957385,-1.17572121697616,2.4391015678809302,-0.46854351790156207,-0.920950454580391,-1.081495066374898,-0.9970841939089536,-0.1447932568289879,-0.6127280955956903,-0.5732368296658279,-0.67390797129586,0.1080667246098665,1.9282356162366663,-0.27464386039595645,-1.3497885017017555,-0.9581739465989684,-0.8581771275225472,-0.5082641864771101,-0.8568801196035781,-1.212297443110309,-1.5253181607678354,-0.5300963771556836,-0.27751709005072905,-1.108997959630119,-1.7348761297056625,-1.08932300672909,-0.40719103543799917,-0.07445241810746336,-0.24185101859033126,-1.3938186409112276,-0.42343925022302387,0.47752115884978474,-0.9110458664012157,-1.1964562132975955,2.570787219089093,-0.7316373669233854,-1.8839125477381666,-0.9621006322219395,3.039047009809607,-1.4376008252155783,-2.5855868126588666,-0.9828500142401204,0.6212707614737752,-1.4816932628605504,-0.9478978171595741,-1.2590662955422525,-0.7236941193238771,-0.7518234345672571,-1.2617985445822748,-0.8280454428834182,2.450452061179334,-0.8216221469490148,-0.7613162373160345,-0.5863414650712486,1,aya
-0.07589368330399276,-0.20939486911892427,-0.10022969344271007,-0.20939961988725608,-0.12387903584853437,0.0919044422429138,0.06118659115549653,-0.3179376792028383,-0.27897476354633355,-0.14735341596738727,-0.12186064081796626,0.1319843318771777,0.30700590329272753,-0.02396167012710296,-0.2673901635512078,0.164997554674897,-0.2694161983565161,0.17425350895293643,0.04254600373113273,-0.09913254502200855,-0.14368022014535542,-0.3066738076873683,-0.179554030215921,-0.14382150098783864,0.18587574669868065,0.24057807241185325,-0.058684960421958095,-0.19345705785394338,-0.2894453175441231,0.03671968535748012,-0.05357454390776148,-0.05706262687182458,-0.43671136115722164,-0.14399520822994666,-0.17508563626227938,-0.03554135364000056,0.004016904226452911,-0.06949331767871679,-0.056627288961708544,0.12678247648760885,-0.10155155580329321,-0.21004205950505814,-0.3297264037870871,-0.5543759788061984,-0.28188516079697656,-0.0663746616840512,-0.16445046679739123,-0.03301197908148906,0.1599902946461856,0.010526877739015365,-0.09503424049146386,0.02181540517091456,-0.06110701882663448,-0.22266386651951672,-0.0862216615053095,0.001393357259543048,0.3715032682258226,-0.007828493560138653,0.16803998598241812,0.07539992781785977,-0.7833866945854957,-0.4530002848599209,-0.12552660243987343,-0.05428186693412622,-0.07996687331854818,-0.050844152562025464,0.0024553781775967652,-0.21815513230141723,0.041645254575844774,-0.7214973857971756,-0.06543450938696975,-0.2095540260357449,0.051828430425895994,0.014874684450183497,-0.12956877884946924,-0.058690560838097094,-0.009632840507243482,-0.650272321143738,-0.2934812004327469,-0.2483460506627183,-0.2033395815450932,-0.18386429344133398,-0.08200047233798999,-0.28217074944010345,-0.5742273870040908,-0.17638692712900733,-0.2682556609176533,-0.10058164773131191,-0.36305666447594465,-0.1690408369050117,-0.24802150720158966,-0.10228711588510675,-0.07171854069768539,0.2201053905945456,0.12175913212434157,-0.29015746398138215,-0.20542595120142845,-0.2753180360980873,0.04077606089039778,-0.5370132837405996,-0.10199506769349233,0.09749560002340187,-0.17723992992272353,-0.06063466561229808,-0.10690031702853772,0.28006423537738384,-1.1186135725422925,-0.7399912889402518,-1.1315306861037897,-1.4521120217238281,-1.1299453139639946,-0.8680696785840716,-0.45682236758707,-0.8564771551522179,-0.2298979577634551,-1.274936170846036,-0.812515037229474,-0.41000243935330316,0.378373466289898,-0.7581568778895522,-0.5675648907233826,-1.0356245675203917,-0.6135026373417871,-0.8684821583912257,-1.1854115076012912,-1.1134571728814298,-0.3763650398329813,-0.37352896274692327,-0.79335252977308,-1.3876162535841365,-1.4863214412705048,-0.8087402583978663,-0.927574000173035,0.4620366250454708,-0.3264579352100216,0.5496162028908614,2.3420265854616025,-1.2556778376433162,-1.3777543062393107,-1.4725191743794526,0.18113115335254176,-0.10595626417264542,-0.8863187463251212,-1.3811835089987345,-1.494924404477979,-0.2167700885152572,-0.18130737928352378,-0.1021383276419171,0.17970346812452132,-1.7829133612257944,-1.0464256890946355,-1.436470438651491,-0.3919358475518433,-1.04560468427401,-0.8861959470879345,-0.5379890208943522,-0.2945290187315945,-0.38138929143753836,-0.5287239840908595,-1.3247122157036384,-0.5674527821224343,2.0450724816563732,-0.05244675281926709,-1.2315041198045495,-0.9954129835239927,-1.1854018087722884,-0.8447247043229645,-0.6399710609822485,-1.1596095423981578,-1.6474392413205392,-0.3765785387914191,-1.083625032540351,-1.0858932147525389,-1.6789727285334832,-1.2413636591224901,-0.5343198439189737,-0.28820384355605216,-0.23183539298652858,-1.4142608026352141,-1.117687316135918,0.18567665370621259,-0.9017943416931635,-1.262627621294591,-0.3107720053517613,-0.42411285876195787,-1.1756076462250693,-0.8113327217538795,-0.5475818881653459,-1.4645794337176503,-2.5391593596151782,-0.598901562826512,-1.1484657717238966,-1.576405081140825,-1.448889528586703,-1.4491850872052132,-0.27147818878875446,-0.6468710697712683,-1.085015158957005,-0.7003150084348443,-0.3157818141682158,-0.8593875156116861,-0.7545504832189407,-0.5943673503490885,1,aya
-0.11637098115989937,-0.15292170266564448,-0.18290086567110336,-0.15869789652109684,-0.027447510672083397,0.04859453529584516,-0.12657823071597973,-0.0614139170292577,-0.31723335619110077,-0.15239830064688986,-0.0190489579320479,0.06381977415894223,0.36706493857427097,-0.03647858313702609,-0.30815690898035303,0.15855051340271809,-0.2868854863356472,0.13146921590381636,-0.037409360523447455,-0.10273319022452844,-0.1247250219950145,-0.2612346689361557,-0.19481036560316575,-0.10858583881210204,0.18221160892797758,0.21587973077921532,0.006577077921602949,-0.17664477589838998,-0.38479693302250106,0.08780246418427662,-0.17190827070609202,-0.11611619866566518,-0.2609800069575508,-0.13994483331391167,-0.0977726571469281,-0.08672530329968194,-0.062239045778379236,-0.0967524724871262,-0.06123486374104295,0.09799919846966311,-0.09811902151070533,-0.2588927662707223,-0.3892560504028563,-0.5826101772067227,-0.24719518732637516,-0.12421942622895286,-0.11583377965793946,-0.06524748912695852,0.11143749260309531,-0.014151199819246152,-0.17221558533724116,0.027302935271299636,-0.16101814914848633,-0.4146021286544639,-0.08437890238618136,-0.013217914336023266,0.35539295336520954,0.16084865813319485,0.1462534305675498,0.051324452245120174,-0.6795856209725639,-0.48738666399363184,-0.1682335870018265,-0.20625004380839035,-0.13445163041132654,-0.08558075030590286,-0.003909869317707567,-0.1820687292477329,-0.01555718857530795,-0.8096017155944956,-0.01861281780121816,-0.23083989210791206,0.0790874593118409,-0.011462313579218359,-0.060722387986316725,0.0129691445247326,0.03853918811569781,-1.002755368395197,-0.1774515702325393,-0.20282948071830928,-0.21461330389736594,-0.0859500633708106,-0.16347230278463618,-0.24056939607757258,-0.6485032863102255,-0.20451386523265175,-0.24069849586620565,-0.19743429093261716,-0.3894599385542258,-0.19683827488601865,-0.21402433494503048,-0.17459491925048273,0.003918422373243439,0.2233248363602796,0.14276454220195264,-0.2417846156033591,-0.30271922442868576,-0.2638033299892906,0.051781636290620346,-0.5991722198451331,-0.1389382452687544,0.03685832411457839,-0.14731484838352113,-0.06961506506310862,-0.20893676956697893,0.28980036407986326,-1.233934173311623,-0.7783875563256034,-1.2307424650562366,-1.117103468875624,-0.9663108223064218,-0.5141255432209666,-0.2864580277366489,-0.8447386402956495,0.38346918068339975,-0.869593569871851,-1.103707491631498,0.016759477026461987,-0.09155842228221878,-0.7800662760396702,-0.6095623950173922,-0.9430540936060215,-0.6621292898316214,-0.6102303664729787,-1.196220816685268,-1.2972916852711402,-0.6537703566930206,-0.38460557347515306,-0.8256017516694709,-1.1538432603925428,-1.3631390239041392,-1.0753086373287561,-1.1322708892748254,-0.5279683809635106,-0.7042750079738122,0.07532380364629103,2.2347917368044947,-1.6978236455035431,-1.3412530668047355,-1.2716497131978204,0.09740003699381744,-0.7575107317245375,-1.444248444890236,-1.6008389758080543,-1.1714535108068758,-0.8895740330578221,-0.7542130015219806,-0.9611763324569028,-0.35195415341655156,-1.057698710206578,-1.1556917663318216,-0.9179686346055808,-0.5814172502264745,-1.0846782973485993,-0.8753767350418825,-0.7429409215808578,-0.871766824588441,-0.18304422980965576,-0.2981485021566676,-1.2036069125043691,-0.6896447855775877,1.869597087208875,0.1492531357789728,-1.8347081934423608,-1.0242726920011127,-1.1362230924597696,-1.300609517173507,-0.8085551171043522,-1.2590201228214715,-1.4988602956371064,-0.5887509065676301,-0.9201198906724585,-1.388447891999706,-1.8512181470493771,-1.1910778896844603,-0.9806193518253897,-0.4610913924093947,-0.08334697696884559,-1.4985691211501213,-0.9814980702517194,-0.1570412412304883,-1.0817101925070223,-1.2107783785873094,-0.8447342183826103,-0.7473272091988945,-1.5217880450839325,-0.32488633873795353,-0.6402888523538256,-1.602690929129613,-2.6299970355541618,-0.5789137777781153,-1.2335016899181523,-1.8617677047001848,-1.5361160591871912,-1.5771766311475905,-0.891910121083097,-0.8018108867783836,-1.2629565978799846,-0.6296474732293351,-0.8974008013571134,-1.1208199215176173,-0.8418438327280553,-0.6706655434858766,1,aya
-0.08647545134839936,-0.24036385503729696,-0.16384105898730303,-0.19008685377051046,-0.10852890530842563,0.1636245467914738,-0.15144995053194305,-0.05202666344932737,-0.212534107995014,-0.12886871285696114,0.023285549972941303,0.15804173774365216,0.2972337755474973,-0.10260903305947439,-0.37344750791926157,0.1828575644533034,-0.19545931745884998,0.17075472128875588,0.00253774619124482,-0.09304941823866066,-0.06531917022148136,-0.1533573992923452,-0.13982925718009884,-0.03618788899562247,0.20261865708165,0.2940302756685,0.06545332104642641,-0.18663544100837087,-0.3757172081263189,0.043942809242518616,-0.15520413099188093,-0.044062906557497755,-0.2299157745615452,-0.20480121629144893,-0.047317042646074135,-0.03557049424466404,-0.048269543656384,-0.025584753872870042,-0.1630920372997413,0.0828955300610592,-0.18788267251777685,-0.2660309675767501,-0.4395270650441639,-0.4044886932669938,-0.2515596484481303,-0.1665218232117056,-0.09618818689473424,-0.02316992487888522,0.24160229121744858,0.0339985979305283,-0.17120585570130462,-0.02140145027520251,-0.2150942789803208,-0.34732497928960543,-0.06654716553158556,-0.11396885168665145,0.2129899907359193,0.12404530191505682,0.05424696151285888,0.05600992504507083,-0.7251441100454991,-0.42974289370875507,-0.25987298366170825,-0.3246064062310103,-0.15370631889892292,-0.04493160084549691,0.033283563502082315,-0.16997536249618944,0.049995609717211495,-0.669728149255485,-0.2894140977923941,-0.3582263587901583,0.004314004733541812,-0.0793819837403689,-0.11129237155168634,-0.03739837574301575,-0.01908645723158326,-0.9883008096860318,-0.022249857527205145,-0.04339290337301615,-0.1478848321301126,-0.055602891460451095,-0.0167617101817509,-0.0865676159311724,-0.689159789273118,-0.18810725005772608,-0.22380012743903938,-0.18624693416807367,-0.2809630279014935,-0.18797865025849442,-0.19924937297607084,-0.13064006898056688,0.09996785119593195,0.2380908310486652,0.2345861224711456,-0.14945095012873302,-0.27226577127239954,-0.09577326435452137,0.023854811318600802,-0.48883260869550355,-0.1182762215492676,-0.02676966263058636,-0.3024414062516171,-0.11938463751599354,-0.2868985579872519,0.13331624001518896,-1.5337351266378092,-0.8549979216067956,-1.1148321831587629,-1.3753156618986144,-0.7254263661486877,-0.7113981217789814,-0.3497599682286263,-0.9313505155906738,0.24577140823757831,-0.9422935680617411,-1.1083727450339833,-0.4908976191495316,-0.47328582441694483,-0.7055461315259144,-0.7969594557469901,-0.9678594342237703,-0.7034819589065189,-0.9554799634333154,-1.1708979642494028,-1.28784141278753,-0.6844112654082367,-0.3166726986672275,-1.0264083922933749,-1.2675287491128704,-1.3765365192999062,-1.4059909420652346,-1.2114062338622926,0.04020377830566648,-0.7822453171424733,0.4665513924658468,0.3380802412721071,-1.3155957752709484,-1.2884569149554164,-1.6792358882520741,-0.5242119186521037,-0.39860606744681276,-1.3615985088354239,-1.7720799378323726,-1.626802010625563,-1.3927793937640647,-1.451366632627437,-0.12810673533848177,-0.7797319467538648,-1.6955701132703145,-1.0970583934711662,-1.2277882169376966,-0.973734294534315,-1.239876490303496,-1.0561893545543275,-1.1343002168091256,-0.8939653833341181,-0.6039907932369756,-0.5744890086822166,-1.2261548291846354,-0.6521205708825941,1.453085112292834,0.16128984264442214,-1.6256343641830422,-1.0005945441136619,-0.8172012908653886,-1.2049297147369362,-1.1101764657874094,-1.1515700980931365,-1.0340872162903216,-0.7406703561558065,-0.3459964791349436,-0.998748567905065,-1.2433477798177848,-1.1619680622106254,-0.7123944865810578,-0.7489455515002081,-0.6910491979169622,-1.5997210890945275,-1.1824857623221212,-0.28222161758251324,-1.4457457492075287,-1.2845594210745552,-0.5822434188904915,-0.6515000152733722,-1.4952907045076564,-0.385780744285921,-1.0857136276019461,-0.9701063100995956,-2.1355781610756566,-0.30288793429509625,-1.18674954820334,-1.7990003598318505,-1.0381694520235667,-1.8887697937162435,-1.2003475833508215,-1.0460647623923123,-0.8569733132917645,-0.5407648073098734,-0.8285593477306537,-1.2772597655279119,-1.008344204889734,-0.7253483450488578,1,aya
-0.019035956213953605,-0.12739895830383738,-0.08811926283642259,-0.22159724589030141,-0.053959977798547304,0.011326228518117194,-0.002040270965214355,-0.19196477465188455,-0.10829281443190561,0.01295685089205325,0.15352651860702485,0.15371523968405706,0.11593940992061563,-0.07529349704225545,-0.2310878622121553,0.190931619325134,-0.16555475660884703,0.045511286155099764,-0.1725249841975284,-0.12587881428477393,-0.06070589440423874,-0.12965924720843927,0.02500614770717645,0.03673201437365594,0.08973990162710177,0.08131494335181301,0.04009174464846162,-0.16808149877314665,-0.36630210660089196,0.06961156618757883,-0.14792227574434877,0.0812278518188417,-0.1270907754505676,-0.12031856523928773,-0.0449986545970739,-0.007285458919318621,-0.011405951913107153,-0.12899602741657354,-0.2704627312758461,0.08065040979159105,-0.24883296749595837,-0.394709900117482,-0.4302690260049413,-0.4111621655440212,-0.1965458701679588,-0.09847207597868292,-0.10601985172494105,-0.04111127711720975,0.12190619202720929,-0.13718526320919905,-0.20487885573575346,-0.059051723843290334,-0.2444764275847828,-0.31822754154411115,-0.16001476214678445,-0.09969326756171139,0.09734559011129108,0.02372052176975871,0.15845885916649616,0.05210448017620377,-0.6905684239896172,-0.4830060273793807,-0.38867840054543223,-0.4660395528615836,-0.19113503973841028,-0.09871326228914923,0.04299655220478547,0.06514595830389262,0.08647184201295434,-0.5549475710372528,-0.6096971465208151,-0.4571465055168476,0.03894901227331614,-0.14833493980200846,-0.17279180873318195,-0.02447343761956642,0.09643442511952054,-0.9580788183526394,0.01644994284814597,0.09878465900799169,-0.1896901481829495,-0.11342054439134285,0.011695176460700844,-0.019936769082811633,-0.6192942035994098,-0.020750427234410996,-0.19040670457646866,-0.06342088448662819,-0.2969446481808383,-0.18766248919305986,-0.19598506649322198,-0.03226029675785093,0.12958064051364374,0.0797943306282816,0.12714115918923166,-0.0248954403259558,-0.2607799746533006,-0.15274348472982027,0.0692588474820167,-0.42063728355312197,-0.07956830375974579,0.08640494478857702,-0.12497396614511386,-0.11373977481642474,-0.3450923331498015,0.09620608023467345,-1.7615446626253257,-0.8828802425509154,-1.1766201228511848,-0.6063689208635532,-0.5478383732457108,-1.0381092277533495,-0.5898411729021394,-0.8976052676278672,0.19031698757403082,-0.6762720559526255,-0.8406743679223001,-0.9519249281105511,-0.8944249442881087,-0.7514791105622581,-0.7300924804325567,-0.8208894292186154,-0.7199146746773598,-0.6711328493316806,-0.9892554438210384,-0.8124037419203981,-0.7252518762888922,-0.3119178827574934,-0.8378585364980519,-0.9131516034418274,-1.2655113125411936,-1.303800855875726,-1.2371525577761529,-0.34404458642039193,-0.47693123817676214,-0.22114644385247087,0.5675770086459118,-1.308516919791797,-1.3372565505863914,-1.7258886009959757,-0.3453903884071312,-0.6204948331820128,-1.9584575256730579,-2.045003600525491,-1.213170696942066,-1.5582957112822022,-1.5892049933764831,-1.1981067602729958,-0.4778596314873013,-1.563871899053974,-0.15423971266012373,-1.0896020239963167,-0.8680325569699198,-1.136463127350761,-0.7886719042734196,-1.437749200538727,-0.6667135434168019,-0.3574982566242722,-0.19147090994838015,-1.1377501978196845,-0.7093192713911562,0.6207509006348513,0.6265454705236003,-0.705312311322183,-1.2357143899322334,-0.40523920733366003,-1.074536305265747,0.31502098004931306,-1.2268996311266407,-1.039430443820807,-0.8758084221140506,0.5479419654160766,-1.141230938100598,-1.5645709005699546,-1.4181468446639982,-1.3008667061202195,-0.7842197807857787,-0.6619624001058441,-1.4274159479962878,-1.126796129056345,-0.2071670755463197,-1.2154357080773177,-1.199139990340319,0.1686484573512766,-0.8143836679462886,-1.486782795601118,-0.8030509604260755,-0.5206612776066553,-1.1618048707560753,-1.0944663396249739,-0.22068246617516454,-0.9976694576519962,-1.748176746076078,-1.1693020959577447,-1.5148554866793627,-0.6795225389846448,-0.6899757080683977,-1.4060280251652442,-0.739237627928223,-0.6154431925245158,-1.4755495241745065,-1.4552429065504189,-0.8624343425551695,1,aya
0.018468913140422077,-0.13028420918986053,-0.025390726787833048,-0.20025097637225625,-0.027211746017197867,-0.05480024882644889,0.08343464144834918,-0.3217527420962272,0.006569461999412574,-0.036032702975769035,0.1553911851333503,0.15489318187142256,0.09389650139591381,-0.047780007255548075,-0.12454025212792517,0.12060520663162769,-0.2293615664983934,0.12909953090985182,-0.24072447518307688,-0.13625713274324117,-0.13846119063526366,-0.030302345855298098,0.039486845066109076,0.002012736370740138,0.1538433153232194,-0.08812798611000748,0.13251710732982194,-0.16306832081019376,-0.33145007314836294,0.02565131144886258,-0.22597491162320385,0.06777433012096715,-0.1963303132199129,0.03926052269592841,-0.013326510503039407,0.0013455962798508462,0.09190615935767572,-0.026615277964627967,-0.09754198404126692,0.13101231740123917,-0.15131826683264102,-0.46728037082539176,-0.42040011598546306,-0.3993941797220556,-0.12335327869210537,0.01075803671628915,-0.008543819900169718,-0.012418750898606555,0.09746028561414054,-0.1390666850341938,-0.22552523944653285,-0.01185521708998773,-0.25541079893735297,-0.3314577034804579,-0.12398142269562622,-0.17059951511076413,0.04339118765893647,0.027903756667631778,0.12549506874434715,0.030663911323245835,-0.6412066786093504,-0.3501753477127301,-0.22774758177687546,-0.5003013092708775,-0.27445545021538853,-0.11579567198540229,-0.036446153461124696,0.02314561165680298,-0.018982451500220536,-0.4329574370617459,-0.5966122659606133,-0.5347352556642029,0.0037495953162408457,-0.21100806431255129,-0.2808644422926159,-0.027001639350919045,-0.0597690292634307,-0.7234244134642792,-0.07089800877812766,0.03989806490956423,-0.1666704953385423,-0.0534602295731568,-0.09314681242042894,-0.028432573885644793,-0.5334264487204672,0.050318837514490615,-0.12410900522164806,-0.005366573573418221,-0.1702929364547414,-0.035827365321766926,-0.18682617288299147,0.05795013304189169,0.13329149460934034,0.13275820832375992,0.15669961099519264,9.023458829266274e-05,-0.1285665143870144,-0.13663059493505098,0.09820286134819602,-0.3740682740155557,0.002511011162340714,0.11923976143836544,-0.09230364791736688,0.10901467205174555,-0.3704544539598831,0.2833318450755541,-1.1683019817313018,-0.6796242808697369,-0.8932430269673486,-0.4000315569105354,-0.5915585020317102,-0.742991773059852,-0.6215938674520638,-1.0191193890689108,0.2680660361952434,-0.886325663994279,-0.3484938066647382,-0.2835045174190678,0.19299804532071696,-0.7080284950547907,-0.7920121692719762,-0.7610219561588984,-0.7212459653188191,-0.858861359053568,-0.8297718251222497,-0.4552935386107691,-0.7326452752538252,-0.34606219266331717,-0.5729752676210369,-0.6219380618767567,-1.1166776932917566,-0.9588258555570991,-1.272253436671375,-0.0666855777657351,-0.8069070216838373,-0.1584945183785305,-0.29858980857365663,-0.9878521566087944,-0.6757801320542975,-1.1552732834675765,-0.7916017426441412,-0.40080427302118726,-0.9436930691072621,-1.717102557270712,-1.287384424306128,-1.2113130785002268,-1.199223562821725,0.17386642884117542,-0.3330190055432555,-1.4428658007358477,-0.2838832277403953,-0.9896356268284695,-0.6315792830719283,-0.8447619056528353,-0.10865848099382491,-1.2382325094472748,-0.5767272630382367,-0.4091082668641828,-0.3209887513987037,-1.1911144309698831,-0.3310432858414949,1.2850698624199683,0.434168907429201,-1.5403682671125156,-0.5709759169721986,-0.3472420148995809,-1.2033080176156334,-1.0614883757753115,-0.34095680747531654,-0.6705908762301588,-0.9613246159342165,-0.5004477436853596,0.03976116625106617,-1.1256762882930444,-1.230555187006254,0.5544204918136808,-0.47675213324609705,-0.6317202069693512,-1.3556137106583208,0.2830742703216338,-0.5183666502062064,-1.2573778072381194,-1.207096632536107,-0.47890082910138393,-0.14256914987198344,-1.3267827311445872,-0.7422861251859819,-0.9103623884562264,-0.035964116555699865,-0.015311317788454935,-0.47582022581883276,-0.7218158094966356,-0.7752144016930052,-0.8623779625771548,-1.5547191722817706,0.320297788377474,-0.27177238778578783,-1.4601130611092912,-0.7705315934425532,-0.19401995140461215,-0.4799230506142833,-1.5699900348164915,-0.7384978223076951,1,aya
-0.05109297108974601,-0.12701739270503537,0.10602436091118601,-0.1310972887365463,-0.03802531849792662,-0.08457182697284973,0.09208613787931552,-0.27709126356233305,0.08816625625283812,-0.1266633081026225,0.23968630816592543,0.1602521536818847,0.011644972453874514,-0.00884706473182852,-0.06114442760766813,0.2631988984582459,-0.2137653620927176,0.22972245151871032,-0.23971745926196397,-0.02604673485249864,-0.13512572659547972,0.07713606911826579,0.16032218913482973,0.10767223300618593,0.18226048333918235,-0.05280986212128845,0.10916702673375418,-0.21211191924815714,-0.20616759980464355,0.09509382956804464,-0.22883799300945618,0.1500840807162507,-0.21604886312203792,-0.004791661164411993,0.040294594214643056,-0.022715723781373397,0.07125304155683039,0.036009057253667126,0.06123980721478626,0.18609930002314176,-0.07723397215020981,-0.4023584079648178,-0.3258123006395021,-0.3313213436092052,-0.06745558672672981,0.0773615133835785,0.005261034360319874,0.04526224249619246,0.12113755758185922,-0.1029173351485354,-0.3064958719049493,0.03165991803739414,-0.17387846564962656,-0.30893265114598806,-0.11140598270145911,-0.1856706809619642,-0.031757868378319426,-0.01156706132750654,0.14953705060988223,0.00462675182388474,-0.464241841576501,-0.24050466654660094,-0.22051106486391828,-0.4070634405950466,-0.3431793933444901,-0.0941284349089462,0.012533221663972097,-0.04720485598181477,-0.03375017549106869,-0.21731025095805506,-0.5667841402200046,-0.5298418600662462,0.026297482859330833,-0.1640537408722438,-0.250984480266142,0.019010127459525693,-0.03988937139613511,-0.6748004912761654,-0.0068840255392249965,0.11363355091201512,-0.08363371923656658,0.01105318399700384,0.001971914537786877,-0.0009738650482025888,-0.3275862650665721,0.15074969611704075,-0.037139491601556635,0.11323787463822621,-0.07845658509427712,0.08769422225809498,-0.16627154948441938,0.09807042474376389,0.26822157356621273,0.1952352781964014,0.26167580781914074,0.05729883312292877,-0.0906519382953805,-0.038955558980270755,0.10181854284753099,-0.28150490742882334,0.03417077772344321,0.2641870899099434,-0.10067099929891238,0.1966648231747323,-0.3541812740005146,-0.31445298882348205,-0.5172825719984165,-0.611531562640224,-0.7323577174950768,-0.1477994930031051,-0.48265194226671826,-0.8070438380374845,-0.4591590409535066,-0.872627050376447,0.6520915079331412,-0.6442023373975014,-0.30861478951803156,1.605600432928359,0.7248307757196922,-0.3591242070564136,-0.5400693705927342,-0.3819063153678623,-0.6897667720232993,-0.4353940748144813,-0.07615954614459647,0.17276873705714335,-0.4438192774361028,-0.3638044398236224,0.1252546748184268,0.012941159467799555,-0.5626019517464158,-0.6797012280251368,-0.7755938948545685,-1.0733010973921802,-1.2442811128867979,-0.8155932952596492,-0.4681094942924956,-0.720115769020717,-0.43379202769901587,-0.512495819465976,-0.9093520931694339,-0.9235710157556526,-1.3526938877700485,-0.698893958876417,-0.8451376431918652,-0.9596242943404815,-1.1055667325937728,-0.9680025711607542,0.02172189122704024,-1.3426887833063608,-0.5378136407064481,-1.0900300564854948,0.08158461389452676,-1.2769939794846705,0.12430747770237557,-1.0509858530892877,-0.07626923809784643,-0.37322528080491996,-0.7842058888560194,-1.1482534746360686,-0.1079794134729749,0.9224328582306814,0.643772205460072,-0.7266419700859456,-0.021998109916249228,-0.15582475385186664,-1.2242191617462246,-0.5828482122135722,0.0536906641324678,0.034158065200689154,-0.7743445451198929,0.010262574247889034,0.23841730988558688,-0.2937663015660374,-1.4352630449761123,-0.9854009649912375,-0.2533829769421027,-0.8899071865652487,-1.4412439466847737,-0.06048482695229077,0.23054058367775382,-1.0357223310486854,-1.0033601524751545,-0.8965286364953508,0.48233260155631785,-0.5494660582644183,-0.6281219268992524,-0.5385726232846493,0.4211678379997535,-0.014407258741126815,-0.10892943536405772,-0.8240747722741149,-0.09312335959548826,-0.37816406995785806,-1.5518766438996767,-0.9451228628987408,0.02334641812227458,-0.40911081426991774,-0.7349117793870025,-0.9948464341242303,-0.21600607696694277,-0.20526677941628213,-0.5946931335778605,1,aya
-0.09630099821903579,0.029312444708138752,0.17058641348781217,0.02447941951452154,0.18482677936882186,-0.018891838083654355,0.20245452499171745,-0.2902767529013531,0.09001527160787282,-0.1520628402129532,0.29368109040198714,0.18657432222321407,0.04108593511713831,-0.03222778846304317,0.07466718488785902,0.24378128020873197,-0.2063177589793142,0.20840641663388484,-0.1578400281891223,0.06880080412186868,-0.08968999687136922,0.20963182799106342,0.24501280246947055,0.19024182346518803,0.19746922025184896,-0.04111432453363707,0.19551577645321846,-0.12887193682427803,-0.07060830843916922,0.2993991343017092,-0.17837334969604046,0.22074979487041507,-0.26314696548665106,-0.02091806882943158,0.21260643191223214,-0.0046282425061672915,0.15332301257616524,0.12564091152595544,0.13524703662298065,0.2520977913426788,0.1113284719452692,-0.34122797090825424,-0.2134659832500732,-0.17265691976228145,0.034385134654694456,0.2792244787463536,0.15553539208152303,0.14721371824506635,0.22966075846045123,-0.02105500621252511,-0.19437283051477128,-0.015975966805074456,-0.050426614943273954,-0.19951541406290108,-0.06133536265372092,-0.14996960892623695,-0.13961347758735676,-0.08926564977317346,0.27726188130165025,0.10540158338079947,-0.2760639032762989,-0.00678277907113554,-0.06349824892695573,-0.27626691963640176,-0.475947923998514,-0.04750092398724307,0.1540782519351205,0.03882732644124624,-0.02598032254894032,-0.047358016373311995,-0.5123252075651703,-0.44566086540571587,0.006890895264245153,-0.11036767520359426,-0.17708678986175633,0.09696353595011968,-0.027547946435051006,-0.44897225369332566,-0.011115417407756336,0.08139525725024237,-0.03539459779982928,0.08448020665508262,-5.4450245680814006e-05,-0.08955657405021646,-0.1274249918171988,0.2385057991485519,0.1929596424536029,0.2716807135278269,0.018853696834583947,0.1734812730352951,-0.04878083896124319,0.11969063325100654,0.3442379031585415,0.32931134352432856,0.39873627627635483,0.0950753349773712,0.021035221300581164,0.03830954461772124,0.11162010880703742,-0.18150997994012663,0.1838983833006787,0.31206656852207804,-0.02330371024941571,0.30842399515482943,-0.3251937211632329,-0.5947852108131875,-0.15890962096696168,-0.5039405158908334,-0.872280463045149,-0.3403969907180059,-0.7487843936250161,-0.8338087636811782,-0.48668500818991733,-1.1402953240643798,0.46722229277606037,-0.825434684533559,-0.14476610333546874,0.5110357221626445,0.36786680365373703,-0.3694447004072374,-0.7254122452202303,-0.5137022450958518,-0.7107041338710604,-0.24453379255782878,0.06224681512956109,0.6100250090784353,-0.47030081967597054,-0.39598644270240163,0.5206874926842335,0.5452976559197718,-0.1381851166952672,-0.11559857011695467,-0.5118979564659356,-0.4453714596056617,-0.3139225590766193,-0.19691365842084552,-0.8009476117195703,-0.6328228321352644,0.6111562201727258,0.45271410135964757,-0.6403957254316468,-0.61386059176204,-0.7882140247697424,-0.8151342645472784,-0.3978568843275462,-0.08334403573452472,-0.5698786460925288,-1.0890738084077987,0.5306038909832966,-0.07578865340234651,-0.36881961100004845,-0.5857321774852832,0.06948165487109229,0.18494062952769155,0.17585651003057062,-1.5642452969598555,0.6175521877537049,0.8917020913884195,-0.6873303055808736,-0.7594878030933796,-0.19658760404313427,0.20242750376410587,0.6176460337586901,-0.953018346748982,0.4680195877567359,-0.7961166526314084,-1.3244942732362646,-0.8788904926229332,1.1260810217719328,0.15437048260545344,-0.32995166724100833,0.21388197504835973,1.7522768222585277,-0.4018963845669517,-0.9457797152124289,-0.049286566203095315,0.10390419085578237,-0.594218129418742,-1.0814189054797267,-0.915772306018729,0.7656967002130602,-0.7964114710827038,-1.1342804066594312,-0.06097870140605258,3.4662226857472267,-0.8155447457290714,-0.503515578105878,-0.7879227735623043,2.0977161918649276,-0.1660284200284975,-0.467032106657313,-0.775902329789341,0.5552490987629428,-0.3305707556767701,-1.621416918477338,-0.30103981166738863,1.4265556276055438,-0.6330951873215774,-0.7102024692407137,-0.7211764721081799,0.7794339081612373,-0.632353231743898,-0.8807980512294878,1,aya
-0.12685916830397187,0.09243455783247373,0.13575065476659937,0.0875603622201493,0.243141438963739,-0.09138106686862925,0.27206597085296835,-0.31558383959768566,0.0369032445972496,-0.10914670624912025,0.3399170607536104,0.15484684174959124,0.009928540536826897,0.06818224499159925,0.06575953797859847,0.24610658305965194,-0.13670129192066552,0.24258299211150933,-0.24284791907009273,0.08234051445942031,-0.11706390824722136,0.2833776820184438,0.27961544394085047,0.15776670208368102,0.08865823717727654,-0.08906876758877087,0.19531773119576729,-0.12021145882539026,-0.09465809178775791,0.28791827246081353,-0.20138810508170002,0.18853091515218837,-0.28247384894710414,-0.03656442115721597,0.25178957016050985,0.027711118618540167,0.16922884279810183,0.0808068107910986,0.16523829331076165,0.2243232126204998,0.15562487258308488,-0.2656837932764196,-0.18331110110459697,-0.1287702910572173,0.024891361647356076,0.35027908947032843,0.11254756600266509,0.1278201347670578,0.19755970881305898,0.027485227769397682,-0.20986087498448064,-0.08196454965941898,-0.0016560550471949216,-0.2702082851405124,0.008341911321510246,-0.1402659495829381,-0.2225594823956792,-0.175389644768297,0.3406061064021934,0.11504146350867799,-0.13708215658878442,-0.06033388407273078,-0.0005533106357705663,-0.32213929957065623,-0.546304696054811,-0.025157708328560326,0.28236574278930526,0.07661364501712349,-0.070354294124324,0.030577404185099914,-0.45613586103299947,-0.4356013999782132,-0.003745488853040256,-0.04971659370531358,-0.23197605048476053,0.04598020172575388,-0.05520925555892201,-0.3713090420180814,-0.05287189318990172,0.08598527082139183,-0.01904181006808327,0.07192929867204077,0.014001231066609266,-0.1892205670216979,-0.12724687163487722,0.13620876899860473,0.2796301422608946,0.32322334091615257,0.03801850357256503,0.22985293590769096,-0.07305934016201159,0.10768103803667739,0.40884508611031994,0.30802270623335465,0.3757029079346211,0.10633798568040237,0.07040897784736196,0.04596421727238928,0.15029725915425424,-0.1537320700857189,0.21070911608713405,0.21101480185157878,0.09177919940105934,0.29200213479874143,-0.3585610895430855,-1.0297806588189562,0.26050456968887564,-0.6463952609129759,-0.5163180061049055,-0.35596783307872465,-0.8225736959994155,-1.104340131963847,-0.6150737112863269,-0.9279907350618907,-0.3020084163125516,-1.0156350598480521,-0.03792643497861882,1.2231981227229918,0.513257173204035,0.5420089494475674,0.19657882315901334,0.5615994855506209,0.0937707475340571,1.3877187078593025,1.50607402097393,1.9411208271544442,0.4740547779699468,0.8118046501522188,3.1993362937759535,2.0279400453732666,1.1947689289705479,1.6648283487206472,1.0876642710965663,-0.7841723557587188,-0.524635494249269,-0.751232236963274,-1.2608913716655545,-0.5480805921607459,-0.3413320019003898,-0.3841745658140103,-0.9538307842421304,-0.5061980018637469,-1.0598129741396927,-0.0868252688597515,-0.8300624287944278,-0.4730917646541414,-0.8900251520397541,-0.8850152153388968,0.3370878637804399,-0.5429956938624368,-0.44432054406777133,-0.3337372563992812,0.5073700138112617,-0.31986720241472283,0.23363589795652664,-1.3398477635199058,0.13550889382084205,0.3218437555543761,-0.5080183715526697,-0.37432670897393167,-0.43247096201449836,0.11462571929495322,0.5505215029458534,-0.6517567893517602,1.093063784150211,-0.39569315483190015,-1.131120928953583,-1.0390853603433845,0.8254647227470793,0.09590109378801574,-0.7912045693065461,-1.1129805426240509,1.2076553953462,0.09525462863871453,-1.344802041222418,0.08582467028407915,0.2363110793639446,-0.5992193429991324,-1.1364851974045973,-1.0789189782885358,0.3533278213352795,-0.6729572349167627,-1.0653812354130474,-0.44662153192565923,1.780600434166528,-0.7844550177591527,-0.5428621104023519,-0.6450997123136519,1.615823012558419,0.12811610851914995,-0.12991082990723393,-0.9840251677783903,0.5883159220755848,0.07828172902448298,-1.4917713167517883,-0.49937336555194395,1.3735671782738053,-0.5895007203605696,-0.6870936684512806,-0.784638519159933,0.4339100800055677,-0.5476601521700128,-1.1664970499494909,1,aya
-0.1019563987081646,0.11580035063219288,0.21807157542254543,0.09773994025761565,0.21090891646595783,-0.012703770357885443,0.22057574240803074,-0.32727228542335673,-0.12218985284863736,-0.04678332312277312,0.30685183306093,0.10119675342994014,-0.04524664419275096,0.20658151406296166,0.09271056659641293,0.28452482882309543,-0.1295533247294381,0.27758015124775504,-0.2069884802292318,0.0805106213667841,-0.14778496390433393,0.24422518285576586,0.2835321099466875,0.20284272638081233,0.15334428457537386,-0.08889765066841977,0.19124396506920033,-0.10482172573875614,-0.042416413879998026,0.171411042688943,-0.19472428933760547,0.2084859272410642,-0.2843807487083606,-0.02138604100869445,0.20103669365491772,-0.031662038373093594,0.20903037250028061,0.04049005327894966,0.14919923144361688,0.2618970952735317,0.19462877278040983,-0.21791752429683225,-0.19625082168795255,-0.14680152919836228,-0.0018801783881364372,0.41822065405638975,0.1482286480963217,0.15815973751927842,0.1669132918404315,0.0012071416398231685,-0.15746687144323432,0.011808784614329883,0.0437668815717014,-0.2981036579226597,-0.0136887129808191,0.10559301238067068,-0.20524459926000227,-0.19786649377593118,0.3185816483445783,0.03053107491361657,-0.10895183263058023,-0.03618296884143882,0.06692004192704369,-0.3898251279483455,-0.534688436999543,0.053268696578963604,0.31142716685085936,0.1012407174350559,-0.08209888563637162,0.04454234495542385,-0.43280209630567357,-0.37231027790830584,0.010538741252292448,-0.026877086636728685,-0.25540637938298133,0.04570750159438845,-0.08948973214846984,-0.17865790182163116,0.014966743942360883,0.08462188589283472,-0.042934030255030196,0.012014277417644433,-0.007572226121583015,-0.12012191177372511,-0.06045643346407337,0.11748934565686481,0.34299144373445956,0.3329829095752546,0.05894886082979632,0.20371535877383798,-0.03649235063445856,0.15706514660758908,0.3372065724287242,0.31687841717939236,0.3214079795907403,0.08973018067932104,0.062107449451099424,0.012581294327443784,0.10813435345074948,-0.05802078013245574,0.15274280396935927,0.14283849636361654,0.21120685237376124,0.38486916924644515,-0.24743989959633655,-0.6883499214997718,-0.03760811946705972,-0.4054190287695202,-0.6095035203229779,-0.6357712325410169,-0.20614973813361812,-1.2091184660469436,-0.6448629463175021,-1.053064585312636,-0.2558727573922977,-1.2508416264500624,0.03754423055469593,0.028458331637026702,0.31760300430856864,1.1031751238619059,0.8629842665152945,0.7464398245007557,0.26045997149278555,0.6742549867137073,1.0978307681064023,2.0249613164757783,0.7052132191474874,0.4067425917072951,2.7292079312244457,1.9278766766956061,0.7606720015184146,1.6882407012000828,0.7848384151456734,-0.653597231986767,-0.22020401653509022,-0.2303225130038071,-0.46387018465183616,-0.3412706087283284,0.25560535965566067,0.2601929931008674,-0.6448138356634485,-0.14834854543029813,-0.6904969753669015,-0.23072140729023105,0.4007515990294093,0.08032766308965453,-0.3446964036998587,0.44771552986161006,0.5550316223710238,-0.050152569180124486,-0.26796312617587814,0.8527906562158658,0.44097676984159284,-0.13432452818436855,0.3540023095224805,0.7059596417571118,-0.020728442908488232,0.43423029471838387,-0.36865790162668016,-0.4542096763976133,0.08647923791496318,0.2805064645002228,0.5768106759081159,-1.01539530140026,0.9028941978797634,0.6290685115743166,-0.92712710588187,-0.8758403043459926,0.8549216813916102,0.48682635045092765,-0.7276261916435579,-1.0932514065319874,1.3173762438847056,0.5212698408235104,-1.045828583274411,0.3765286508015874,0.7941185064487568,-0.0989927118838601,-0.24222798515758273,-0.05869330830862224,0.6499195300500364,-0.27722700164651026,-0.934392636723056,-0.22420704139842834,2.0152516124358253,-0.9378032942904388,-0.8827288227186901,-0.4984651060114482,1.2798471657596293,0.21367708698369056,-0.44103456420710213,-0.8885198338464165,0.5253333570123756,0.03798548451011696,-1.402548565083112,0.29259807696755347,1.7440644608313354,-0.16685170778260777,-0.5099210885661967,-0.9443163931429709,0.8606052643253009,-0.039059145938116414,-0.7101259845536709,1,aya
-0.10452487544321253,0.09519487227374523,0.2701779120996316,0.14747741081280566,0.19810080779613473,-0.013596835518307154,0.30169607217797584,-0.33022670691577666,-0.04796281818054458,0.012023323693372813,0.20227949485670504,0.12054682568129443,-0.07292963757863248,0.2338884197918436,0.1630899102715795,0.34501037174664884,-0.11379698264177196,0.144919394344165,-0.183629304541511,0.06809542197397606,-0.15502039769453635,0.2785324224019102,0.3322551618258162,0.16512228279653446,0.20061847701345598,-0.0899526110051745,0.2486418850779308,-0.06632089257818158,0.02072136928506139,0.2886059265740165,-0.18942870152704205,0.2597120341310404,-0.2575220468806836,0.024783095028249835,0.17113391683585918,0.02960967448729293,0.2168391160810233,0.1458303629825311,0.2434958067159505,0.3030535537671243,0.18039227691387977,-0.15621574272135405,-0.16443282631194442,-0.14045046809354256,-0.009377024227468007,0.4691677579191641,0.1546656462842382,0.12999679972918815,0.18867188767403925,0.004325921669165034,-0.04133875097502039,-0.002876824538917013,0.1254617409129459,-0.28787600523348494,-0.05888716835997737,0.0994632619883342,-0.1778681014152753,-0.20205965898144362,0.24397273750470977,0.13784347190169657,-0.0181916417821913,-0.01012321777276559,0.07647536182994505,-0.2436601391565694,-0.4222061129115048,0.09901281560788928,0.21416383345224646,0.06609848045030962,-0.04154376491837846,0.04853366547319802,-0.41936822045332095,-0.35514772635023784,0.0017413559695108746,-0.04390625145710399,-0.2659572718223569,0.03751394135103348,-0.09613311482773607,-0.06175134436743506,0.06362956654546537,0.02896145787935684,-0.09527967948372482,0.02252725191319341,-0.008552187424284579,-0.09913348106721823,-0.0497625527876177,0.235146322773599,0.3401890863152201,0.262137911447609,0.049936204683278994,0.13771934320588458,0.005425227515230687,0.17032921593453285,0.2371800990398217,0.37510242856436377,0.31378637494594913,0.1670285449875761,0.21638721943619868,0.037186299536671075,0.04923964831289337,-0.005596252540114343,0.197130058412488,0.2109314959390611,0.2285405469249024,0.41556644553360367,-0.19094714222832287,-1.0782050971193846,0.5323295692086751,-0.046672660782823124,-0.42570366654131064,-1.0397032616778061,-0.3852467134258382,-1.0303994590594754,-0.5957597897603728,-0.8896310571202196,0.6261486259707933,-0.8642517431995068,-0.31340464608158036,1.8325530602656965,0.3021203544404895,1.5385448969700786,1.1841818175942025,1.2552356696686315,0.7046597987025331,1.6702641906860158,1.5252736732138346,1.8015511574118201,1.256861853764257,1.1897363101455263,3.334711629224285,2.0791421533806935,1.7023507762148364,2.100017950410256,1.5897962311437455,-0.25485594242094745,-0.2697240913788914,-0.431099018326679,-0.7873310354347622,0.5319958024334482,-0.20211194747724284,-0.025284383667917167,-0.3756805814801015,-0.01640362361884456,-0.5953025739918304,0.25268311841815205,-0.16625621147504113,0.48569611313893357,0.41755924187093957,-0.8687943030569847,1.3854264951870618,-0.461515126965481,0.035393816432950025,-0.5034547757220705,0.986393899038642,-0.32153043209751553,0.5612772155582497,-0.40120701756031146,1.478192911962149,0.2716424201285016,-0.33479919920860063,-0.4270945058622904,0.030391272929678487,0.7750466114760253,0.4398933377737379,1.3206997513785328,0.8637759024891497,0.4693968474975904,-0.5281993198753054,0.4815504088785643,1.2147614010369239,0.4238881945565721,-0.2974216695112059,-0.17128401577422267,1.4747530970098177,1.3987935558834523,-0.8776626116013526,-0.962397731549131,1.070114732894536,-0.30704237490590647,-0.4126815488093358,0.00219813824032997,0.8210198441683351,-0.71973288337623,-0.8922693203484023,0.4372427901494958,2.4423033831594583,-0.7169912817732889,-1.1358002268749174,-0.36576411967714545,1.3587021431791904,2.63124315663861,-0.13445725902874922,-0.5516448067463902,1.2683380091193828,1.0811923133483972,-0.9995052249642714,-0.4057668169571068,2.444561817496217,0.612597489531389,-0.5305432618237176,-0.9994907967872375,1.72224838439598,0.0649943721659799,-0.511400488601787,1,aya
-0.15549212041001587,0.2525307907402213,0.2539938223078027,0.23793394902661197,0.17671805099057705,-0.06509068181109232,0.35321105414240034,-0.2894428165767341,-0.08384818849400506,-0.06358953772183984,0.18532770959631992,-0.0102378436296891,0.008910511971758866,0.27323755186543974,0.29618871974025085,0.24212619162091426,-0.06524435176233163,0.1249541734188631,-0.15492566198807786,0.07396460535204594,-0.1718810467391699,0.23190269021127896,0.2645119800888318,0.05436233354947069,0.1752057573633834,-0.07148011782031692,0.10782074030981575,0.03671208324646257,0.07599620924045931,0.3600636249198312,-0.2313443610778169,0.17388487643758757,-0.12909380195805215,0.03801296467685002,0.18824462273252898,0.09324420509501977,0.17273414273731805,0.16211229480167522,0.30535590984741684,0.32603454380203883,0.1421547257714774,-0.1199035317959602,-0.19569590957710914,-0.14107882740010066,0.012570692056190373,0.41203909305550446,0.09766173328815973,0.1678467453812078,0.1594400566601895,-0.035470730206805336,-0.037983161071948005,-0.018159597445094763,0.19982747146339583,-0.3874552295347968,-0.1293589602910324,0.21466665224878032,-0.1470529034911977,-0.11874210722885085,0.23951942543746937,0.08072186979490927,0.07409959622125499,0.04730993860427791,0.0727625174634155,-0.2751349892118737,-0.39900024893364977,0.09671189703249283,0.09641742785320105,0.060680359295430045,-0.07104620730151223,-0.05628668176674638,-0.3648597894556904,-0.27220803595145776,0.024952812377151155,-0.03808674582397729,-0.19174323847567648,0.018047408297712567,-0.03734634459730113,-0.01271493229418072,0.0800803279518774,-0.015033683635064665,-0.02720569658462768,0.05565769165843581,0.02187729196172709,-0.15200429308195507,-0.06879088945337165,0.27283756590169106,0.38533841407237807,0.30215861492682683,0.040830067816346696,0.1238152097627745,-0.03729803267048514,0.23804389991893363,0.2626146466160208,0.3665288338679249,0.3296574563301478,0.13156809112501508,0.32757886945753817,0.019327278127431735,0.07274535954929962,-0.03227995854957992,0.17329926686798344,0.39262699542235424,0.2762563811318951,0.41689262835754193,-0.14699030483789632,-0.19543172495453143,0.17556008312095758,0.5645917378347972,-0.47685182783529634,-1.064984407609351,-0.06617507421207172,-1.0870545586821545,-0.3721527627041475,-0.3969343851696387,0.34105428539341337,-0.6230044033894175,-0.8603168333850614,0.4354382662695314,-0.9705506391506256,2.1720749434248776,1.954286782950535,1.5763431832483306,0.87790748847765,1.101656740870643,1.177333465768389,1.6559239293983274,1.8484672669277957,1.3672104076835132,3.0494467685543563,1.6410425134454412,1.1487641351618256,2.2756133775316,1.616088475391034,-0.9498023504548955,-0.7180425430217962,-0.20821829673633283,-0.020425542943007125,1.7645347174938175,0.5236112182859313,0.6847751183893118,-0.8030145524780851,-0.3537121677932737,-0.3376223796653805,1.0835171995059374,1.1297984103521324,0.9354613015038346,0.14918345765328253,-0.5740654493020415,1.0863225780634267,0.0028563987694881308,0.026034335582781964,0.49969729723161044,1.0113639903539455,0.26895102474567256,0.41910822514676005,-0.8401647738105829,1.3147096645429466,0.5149716487131974,-0.3988057834111196,0.7740280826548994,-0.1546576424520518,0.7655690831523214,0.6388119810587033,0.5638625732429875,1.277915553828709,0.5817350132619359,-0.4986818648341809,-0.448071688832033,1.3266682271424972,0.9206233479712681,-0.11347502806032524,-0.43167938568850134,1.3746597034227745,1.460349959453719,-0.9804338132516988,-0.8242920677081981,1.0769464988467445,0.06888846644658288,-0.39192105173555675,-0.6022625087292812,0.832379233022071,-0.6925079191977005,-0.7999968621213546,0.11935339042023589,2.339676501831594,-0.8564730880056761,-1.1204143253043946,0.054942584859781755,1.2083007043423966,1.790317060832687,-0.4243495920376557,1.1525709551366696,1.146930950112645,0.7827864785560835,-0.5786487042704996,-0.011876217113778542,2.2223793387184263,1.514491799705528,-0.38934914907554186,0.14319408828503236,1.7939498028660041,0.7060252760192336,-0.41952284911572496,1,aya
-0.11504043249573762,0.27560957255274,0.23161409611301206,0.30869655437097143,0.17955552959351778,-0.06713998073735768,0.22641796431882485,-0.24430722668362367,-0.12503504710332067,-0.058179623730966516,0.16681110935048873,-0.03515661769684098,0.09791397126224048,0.13687125358802152,0.2511686884608511,0.14980966760133116,-0.06659069160773577,0.03627134995799036,-0.11399437663765602,0.10042776467451622,-0.2809530739150449,0.2491467046611319,0.2290238639661883,-0.0075687335043717816,0.19244981350705911,0.1054433079282307,0.1464270997223457,0.034687101098085475,0.036834186887227505,0.31265144213449547,-0.2083549645188444,0.14505042529470596,-0.1749804229939445,-0.03992637419490755,0.2529028976696791,0.12496672210247313,0.12441372354009612,0.21259350988515646,0.35479224088128886,0.2641327998189391,0.13775846398030742,-0.09253329423876694,-0.23170654040131222,-0.12553957561748996,-0.06253641575386146,0.4303452853577013,0.17480424127678917,0.12915989224219315,0.15594252454489338,0.032716715562133035,-0.007759889246033651,-0.06873564811118778,0.2262108296580223,-0.44587521590195284,-0.19185749065962382,0.23605844915417035,-0.093378298846496,-0.017830823853640397,0.2439560627883176,0.14420824811809868,0.0020033601525602284,0.11891363490431776,0.08786977533716514,-0.22344540240937338,-0.34456034590606305,0.11616582972498836,0.03576553035281045,-0.09734459687125124,-0.08111781789138524,-0.16392850446072432,-0.25987614514235013,-0.24749077462868493,-0.015323351848965744,-0.046640434989364696,-0.14527847497927376,-0.010458535834286551,0.021245906017118222,-0.0549784194000365,-0.0715053513462898,0.008108502208673839,0.004074068648667593,0.1084205164531089,0.08088222734469021,-0.060994708454348526,0.03281731779626984,0.20054385329442034,0.38702108941993524,0.1299450073463351,0.07751681512222139,0.11785075719118804,-0.08350931508627697,0.13975472530191344,0.26783346406224046,0.4594574230342557,0.3912273623376261,0.04649759472102524,0.4184887089869737,0.09150719148989704,0.04835105515596208,0.0037824513832807453,0.18888320699623953,0.3653799896144201,0.0977802940755274,0.33793989834347965,-0.12978048145116433,0.37243559428428,1.4644603742750932,0.21772869940740977,0.223344208174968,-0.17500809423166305,0.1130310184884434,-1.1677476774739115,0.4071079411392978,0.7381336008302377,0.32957633990355006,0.22544639053356483,-0.6087540983838283,-0.7781245224249116,-1.1790785145170632,1.6816605091393806,1.5075579324760588,1.8831261252214866,0.7896279747692041,2.1680495878542314,1.5929890007840408,1.4174945009506343,1.4763482512000377,1.6940973269192328,2.8736175377333235,1.7390978822615406,2.3851499452564076,2.6125160239837832,2.343167613811185,-0.5203126734051444,-0.6203627343219091,-0.22361656751780462,-0.1161835459700143,0.8933032349632194,-0.4145593933144873,-0.22948832818221718,-0.4236472520765354,-0.24079995921766062,-0.8224485729738936,0.8198166315853544,0.3084724186328871,0.9699656697903248,0.6941086197573477,-0.037967301963870576,1.2196032806744965,-0.07551553898020001,-0.7960091917566203,0.03397300091434955,1.2723620171170547,-0.08635538161968066,0.26414001768694007,0.43323552337132093,1.0117337462500415,0.4994096415728983,-0.9700478707032776,-0.5618670178086017,-0.04186878113035813,0.9437210906060863,0.3868951775292325,0.37214385563045504,1.1158419014537067,0.7089535562314891,-0.6582705340742142,1.301698478114011,1.0124202696192686,0.570825520695515,-0.13558369866253753,0.4310449166789167,1.134865081899269,1.2636365187756495,-0.8276560571707979,0.43147090125490933,1.1241284709474515,-0.10084063256208708,-0.5337915816914502,-0.5163467652572864,1.1014895517856438,-0.8055175340776063,-0.7357805632405652,0.40119032135866334,1.9431275308866258,-0.5344536256075813,-1.42108118401921,-0.05386299807280024,1.4872591942216251,0.9945952915485218,-0.42680686614793595,0.46969549166638147,1.0909214980215813,0.6686602780997075,-0.6195737331632141,1.7091359117382796,1.7618026565832432,1.0475787218938184,-0.4116491273583963,1.4599946493286013,1.2998384431629917,0.41047902045290624,-0.49787685601559534,1,aya
-0.22377006177505013,0.3076710261311202,0.21591622148257428,0.35368520079551613,0.19554303906804302,-0.0499149025217766,0.19534676953741995,-0.16591525593342618,-0.16470695621112208,0.004590360718967047,0.10684718299587707,-0.04535500055618383,0.08596888865649453,0.1238401452674017,0.1553344417939395,0.2157986018695844,-0.0850062649854386,0.06821637424365583,-0.08187177762170839,0.14594333382082395,-0.31771097558372596,0.1960373703784794,0.23349776284705198,0.03649338106726835,0.18624817681275627,0.19024257726189056,0.13108726436978785,0.01698663118508214,-0.000498494263714184,0.34669565760383225,-0.1609700755946318,0.11850970507810023,-0.1444952629698264,-0.11059072029045121,0.2973347907270975,0.10245924322550612,0.13607906438261924,0.1220106533113369,0.3636378038479662,0.2377106228418194,0.1286806382711203,-0.06728519914321114,-0.23788090398252543,-0.13976908503644442,-0.09462170306283041,0.34656377806727356,0.21731435863350923,0.12268851401187417,0.17808272724415253,0.0803141625197012,0.08308887801123373,-0.05808341628262553,0.1502506097588165,-0.4653269153878646,-0.2512803162234725,0.25250358449682503,-0.07661967816528581,0.008454762689154852,0.18860797365927745,0.16072351664541332,-0.03766453853427698,0.0907268452508631,0.07637387572470933,-0.17145891988449669,-0.367131397674884,0.12392550031940756,0.04363835389119631,-0.14649932466247606,-0.026138350091791714,-0.20407070974238473,-0.2128559770231472,-0.17995240054920744,-0.03231631954219946,-0.053387622742651464,-0.052787856986841346,0.016815018082459568,0.06875074151200944,-0.12087302946701281,-0.08789513450923614,0.03966592747294773,-0.02067928816072969,0.10938066610407553,0.13300904349665799,-0.08234880991193125,0.07508867546284938,0.2679823000778187,0.33942492738209107,0.0714527723689779,0.10559278671699802,0.048437954012861405,-0.10589791340982005,0.06736728634977825,0.2635610135611986,0.45233450730707453,0.36849156633771246,0.08585836730033737,0.33210137975153053,0.09117261787164485,0.07913330103288843,0.03364022213914501,0.1952743288992141,0.3056505159142809,0.031845987085074,0.3188871828387614,-0.17361725548536167,0.5742368712651481,1.3802532231568574,0.5563204397896433,0.1677527228510459,-0.8483420197891259,-0.00857097393287108,-1.078503762110664,-0.016903319290673652,0.37326072673315247,0.20308535250643353,-0.14011009624860113,-0.6657356796902997,-0.16461637779929864,-0.2508698918048467,2.007159293043586,1.9949149721486956,1.7986254765158458,0.7607938005869034,0.6737181955449502,0.9051698326673602,1.0909800492595378,1.6083550035713072,1.3904509460563406,2.430751346771222,1.1108225245953913,0.9877334674610466,2.1611428511214457,1.3907008538444194,-1.3241976543883178,-1.7311163613268232,-1.037235339192238,-0.4504728327434415,1.2394739452407175,-0.44174980704613676,-0.39693183089859685,-1.0635843252888062,-0.31267090743301273,-0.717392216197236,0.048746157055180844,0.24165200275184137,0.9676477744350732,0.061387801446885014,0.06816152361108799,0.9035432281089135,-0.13119910399938356,-0.732458936268354,-0.28058575063145275,0.9252376881068577,0.21462235612009392,0.21846420064543293,-0.40285769450997544,0.9751081725456799,1.2778917441143065,-0.9061328702494894,-0.6947984111191443,-0.06812502390796922,0.8071912043477141,0.3219748219251261,-0.24777301235805568,0.8982450995557597,0.29303849999354203,-0.29935325776129074,-0.3162444895040832,0.6661178253649711,0.16814514846942827,-0.006564224610062669,-0.6984281141912442,0.6996004444196418,0.9851137317906201,-0.9091035340631398,-0.438080223695548,0.8431580533671692,0.1998285027032589,-0.3563981028128101,-0.6146927176427298,1.1677228877594976,-0.5623439700644463,-0.6735517133198391,-0.40791474405087,1.7830804608442843,-0.9919159207054666,-1.3694745947131253,-0.3482003146455841,0.8430478803432949,0.592342295458185,-0.2587344068709521,-0.48967276164466333,0.6539703958060443,0.382528883494236,-0.7086008628372696,-0.6571658530115991,1.3663954673935386,0.6615581269845064,-0.18152763103931743,-0.660899729727693,1.0464215590443866,0.5077166546766969,-0.5002686284394742,1,aya
-0.20363714125478455,0.3264393601797059,0.1475370626448016,0.3434853032129128,0.21282648533518558,-0.082721493557226,0.18687836006794978,-0.1728719534975328,-0.1858048709691173,0.009916390090079464,0.11125792308941695,-0.06602959342741054,0.09862482556266199,0.11352905012074352,0.09730808412508621,0.147530210682146,-0.07625697984200938,0.14600863100905337,-0.05743554556699501,0.035673663970554166,-0.308981318547032,0.18113788169996636,0.17643548007899787,0.05957675526230645,0.20877349827403158,0.17019817688654718,0.14966150461660893,-0.007797610293490843,-0.043007342201588014,0.3362058340660106,-0.1530099197261246,0.12451614082722086,-0.12835960793238343,-0.07645246220431069,0.3588509096334544,0.1246191109963557,0.17899560928565864,0.12380526855113151,0.29847324332330966,0.1801331119358495,0.1880316167757382,-0.04951810442530711,-0.24226460553559487,-0.09510761024924938,-0.0793611333164149,0.26873826107846654,0.19646220658167612,0.10725846720747907,0.17059843609099204,0.13020737078462247,0.16284336811220496,-0.09355311017225665,0.05332305294922464,-0.44117749407981033,-0.28564337360377395,0.2565671970910194,-0.0504997083211213,-0.006290578461248049,0.2701335328136886,0.14342283691758093,-0.03314840941316671,0.06025058650074544,0.02330492853469914,-0.21377660472899146,-0.32722227907224943,0.06322384069605287,0.02356466767814633,-0.05892244982166111,-0.07447786325307594,-0.2938434954722954,-0.12304671217971849,-0.10594006311070721,-0.048024761502373774,-0.08037080717565222,-0.032391622489599,-0.08771075659237294,0.07271116603094009,-0.1241679369160807,-0.1522280864946442,-0.029975133534634206,-0.04226844751977495,0.07721429073464463,0.09718166671043277,-0.06916190933785983,-0.03920500476176132,0.24227023337216885,0.3493804437943277,0.03753034243316602,0.14852918199560103,0.022802197894724523,-0.08622149540098027,0.18397836942186466,0.20304421090297,0.4103101627290478,0.24858681880589212,0.08335528876130709,0.3531628008617944,0.09121529191560791,0.016596123923809776,-0.005181355678827354,0.16156793618367735,0.2833552318687898,0.03232328534816965,0.2889992620279172,-0.1321365690484567,0.2725656622506888,1.0033742689755591,0.37354707269190185,0.068035095877032,0.40531792254827775,0.05698427891153548,-1.1515267261077016,0.3764005930025794,0.9528270760912086,0.31365912730996737,0.06549321181204681,-0.7615459283497867,-0.641596847413156,-0.7949420240242151,0.7986594207463593,0.6730717566321001,0.8670342988315701,-0.07835227015909142,0.01748203686678277,0.1898967580095369,-0.017896691164832817,0.6289681329052728,0.5184338587571705,-0.1069205849734206,-0.15406150200114047,0.7608474134054447,0.720898726746866,0.6828704338715472,-0.46585537892716844,-0.39365068061070785,-0.5583680550849206,0.5748839966601411,1.0618325474505756,-0.7267804196173652,-0.41520113429385586,-0.06526481392968865,-0.1741258220908884,-0.6783840054376374,0.7084632648212522,-0.3496704512369391,0.5960592881765524,0.2546148282302486,-0.638206309363412,1.1273801318263557,-0.47092487557858087,-0.566600111135912,0.29953543788981857,0.9997412294412859,-0.16066068087465252,0.3324119886829675,-0.391399590287693,0.8320622750205173,0.2082085126505576,-1.1401950105611862,1.853331235853981,-0.00041097156168713397,0.1640549626169364,-0.12832117194333673,3.277636167638732,0.11297273340796325,0.8585184515230225,-0.4918662569466434,3.5911405859265746,0.38628673720786716,0.21294858898876287,-0.17101073697785146,2.9776758897171507,0.36877860571977333,0.9502110910692636,-1.007506778171276,-0.5067618097582903,1.036360555043301,-0.09701392448664213,-0.3281588143200028,0.48229982762595786,1.017471955312851,-0.8143768806618434,-0.7689370881008786,2.5992370535305893,0.9580061656919827,-0.15781677327110244,-1.1342766589056572,0.6227406890739368,0.3715646666370974,2.523895563947747,-0.80327660299536,2.0395817217858547,-0.03791173001954071,0.5660909669032413,-0.5420791839317863,1.2634527813427645,0.9759522389262545,0.766243057422359,-0.21536326859662358,0.9907222528759628,0.7434237676030208,0.15797207294949497,-0.5850492874187756,1,aya
-0.23564625334226713,0.3048992023174206,0.16138616476628043,0.34622510059737593,0.07209715894728626,-0.2009460451790181,-0.004650333024158583,-0.09592633462235249,-0.06093299992090361,0.10077459187821183,0.06398247128390412,-0.04039276612082704,-0.028508323688842485,0.05491665696264496,0.05172425920703556,0.15692717706553005,-0.15791564844523534,0.09974845126252566,-0.028719930074649742,-0.15893232422045953,-0.26993965931865826,0.06809654558613448,0.13124268445415402,0.051879397541645736,0.17883656612639487,0.05422408405609552,0.04375914933859529,-0.03172944604863372,-0.12096548516129996,0.26115539836663765,-0.20670518997815157,-0.04076447803316124,-0.015758207355767485,0.0014749935126968342,0.23219603760395902,0.10772860565956754,0.14145194993765509,-0.0016025511281331387,0.22562542623142898,0.12243394334992454,0.12027936828854809,-0.03156460249739,-0.28679661358464487,-0.1194254821902286,-0.1684283316381158,0.15736689657257505,0.09668536535726194,0.03093987730730966,0.05163120043018849,0.013600101228022996,0.06997842175103255,-0.04940019122620968,0.05052366767727442,-0.4681917052292952,-0.4179437060298881,0.2716575400840017,-0.06397355331407276,-0.005181212042697076,0.24407055430504596,0.14899273323479553,-0.09571179278853352,-0.20104791003437703,-0.027432042292002606,-0.35965828211523915,-0.17976976525506183,0.02708338808895416,-0.10684781808621832,-0.07547397999475113,-0.018382673468142128,-0.40491772387295877,-0.0708170022647667,-0.02893407126387725,0.01713717488514306,-0.09385901440281323,-0.06237154868012716,-0.21729121938896295,-0.015401787799135782,-0.2525191362282354,-0.12142349332932528,-0.00970307767824745,-0.10699845127936783,0.06867968778594362,0.042634221496945256,-0.14119709128660854,-0.22466072735675952,0.12031911128375164,0.21350974312412346,-0.06477161172993327,0.021665890858365313,-0.09223150986030701,-0.2022934714097551,0.1311886479192175,0.14388402421894236,0.3448120641004506,0.08729648556943408,0.07191556686551369,0.2484159197819722,0.05634092972046789,0.04944354688820819,-0.08420680938201815,-0.015585487379515015,0.21475915984165111,0.11752855943954783,0.29873760649433406,-0.1184172148899694,0.3510214874144527,1.4333996161023677,0.19645338079031563,0.06152826061416313,0.39509126348733203,-0.8466677775321918,-1.0326240886290148,0.04454874703689139,0.40941559348086537,-0.14933926750982135,-0.2054873578485952,-0.6353371126349011,-0.33213198963239665,-0.2847662715142798,0.48911721948928455,0.5898672456806617,0.4575677940662337,-0.21714786125223182,-0.04524501669406577,0.1343853322158002,0.2641582871458694,0.7650226196234903,0.6787176141894913,0.565775651696451,0.10778671671348275,0.22074068959924045,1.017063567935108,0.37005873842342923,-1.448393197419413,-1.4571733073051358,-1.1733077312077422,0.11427683065919854,1.2319354413852932,-0.08044148708425866,-0.22170934618471644,-1.0841069379372854,-1.0170105828622853,-0.5086440326432027,1.2786822535156543,-0.34048206513687007,0.5687771533042864,-0.026903614877146063,1.8898410665961398,0.1301473523222983,-0.9640708214486091,-0.9918741689449267,2.320577215279126,0.05710533832536302,-1.096654779344736,-0.09375580358938927,1.6380584852500204,-0.15876642726438583,-0.04578779710950344,-1.2511912291565581,0.10571548900562057,-0.11433499848842939,0.09833180533944164,0.17440716681419183,-0.577287935610819,0.20479192997412066,1.2365878080610395,-0.5490357948181895,0.12347513910753698,-0.05586348014940845,0.3948010551239107,-0.7247809863639905,-0.9691848617767646,-0.08716363301383502,0.9978403086617977,-1.309371515537763,1.2585120518970663,0.24502017922815078,-0.24323727699769995,-0.6567770778886888,-0.2715996778858401,0.4157415124298725,-0.992108687169134,-0.6260593660953044,-0.5709566306460372,-0.20417997191129103,-0.5253540445478042,-1.0191890903782064,-0.5179090038705135,0.1964366002149553,1.5766061170467573,-0.3219533956165312,-0.3138891182504065,-0.2048971994475872,0.48548586494634755,-0.8891276564623414,-0.6983269073332661,1.0706493957059988,0.37467071650815964,-0.19552453787832993,-0.4083945445314146,0.07766436505582355,0.5822631188920698,-0.5071474502434371,1,aya
-0.2468059025569316,0.25043132631443293,0.14705307255462968,0.2347797710200767,0.0698831634131052,-0.17649301582875965,-0.11215513879343349,-0.042732492922386386,-0.07931892104183305,0.1461982516679312,-0.023930139601575296,-0.0692959362172742,-0.04219416022449477,0.05293025434628138,0.11359010271926587,0.1720529450104124,-0.16207730780363552,-0.02086973738745198,0.029143307365780455,-0.29071568577262097,-0.2436781049274891,0.019745385364567786,0.04592847874096208,0.042414506210163815,0.20472175542249102,-0.06609210832613373,-0.0094865692776149,-0.038702572892427546,-0.14701240386022582,0.2689713577082866,-0.16396537897224306,0.000386283848615521,0.01237331723854095,0.02074895193989262,0.15919724913989972,0.06724922212460736,0.17356063389574264,0.03458728273166212,0.14382431173838797,0.12184040329695948,0.06280243789774569,0.005952669020081503,-0.28450300204336776,-0.09156738466184995,-0.13802066544096647,0.07526565409462745,0.1470448859715218,0.030587538585363262,0.03956866446690019,0.014097408895050534,0.048937598989745625,0.004010162931593896,0.006658498911812983,-0.4055049175404505,-0.47871651017766803,0.32054334363021103,-0.0643125818762909,0.08445331372859789,0.23283955232489922,0.09051486100746785,-0.21864695271480153,4.3569550651547135e-05,-0.11509248477975319,-0.31492090997349476,-0.02466054862765054,0.09294337842752533,-0.23750461655673016,-0.08586563423317059,-0.04288101520700379,-0.5030611209971736,-0.11247262790557595,-0.061389844861167574,0.028293246624066466,-0.125507677990462,0.08123515342130201,-0.14641519383256935,-0.011000457989392226,-0.3084784974984019,-0.1137674848929691,-0.0413094820211584,-0.10946595092767573,0.06755358969605432,0.060528487869237244,-0.05937067445714662,-0.32079342506436936,0.15492550397652236,0.1825103952848525,-0.03902081732094454,0.08726474636539848,-0.16927486278563003,-0.18979382748847978,0.20469645181784843,0.1903436199635567,0.4479250309401003,0.042297381948377955,0.01403834706192201,0.2662142998291902,0.06059000005559354,0.0013399406162156655,-0.1520692103848536,-0.059089278081732324,0.2898551884371044,0.07329727901460013,0.3996468736822105,-0.14929375489086752,0.009552703410595626,1.0869621104398945,-0.17903176493391934,0.21276392610848463,0.5556969798937229,-0.8279368209757474,-1.0955888784701855,0.4320630555853882,0.8506710179021307,-0.8323307397075649,0.0002651978606467432,-0.9146664433665659,-0.6365964569152657,-0.5786636493399108,-0.1360086392913241,-0.004265573717749526,0.16863371146294517,-0.5573014616087296,0.809881746998495,0.5572486696376734,0.40477938654501083,0.15797408307745375,0.2907726965441603,-0.10322729808155237,0.46293118781990866,0.8954483142730777,1.031677513977378,0.7312078215103337,-1.5308270158148172,-1.2761982098430678,-1.1704386568926055,0.6806442660749953,0.11853379924722618,-0.6772510312202239,-0.6071359664760794,-1.096817045623585,-1.0235849525754572,-0.2931962656689348,1.4124118361272817,-0.5781791723670889,-0.5663790366193908,-0.6314707562980161,-0.05056586947750413,0.06711454584764753,-0.45033751852614773,-0.7092409604413277,0.13987119976224213,0.3846232907725585,-0.4208904116496693,-0.042021555411293994,-0.47470889482148676,0.03998837467428722,0.5590864063532993,-1.415630476707774,-0.746740946102675,-0.41808726059025725,-0.47822639100880787,0.2803724885633089,-0.6428055824661056,-0.006725332944309639,1.4798755395660037,-0.8598746786565227,-0.8118561995350574,-0.0372716946835143,-0.09193980765969824,-0.902052365375877,-1.1174073124496755,-0.359852458783457,0.35413781570480746,-1.2501117970133178,-0.33439032921989936,-0.0043623782853588824,-0.5498743452678758,-0.9333766639256529,-0.04791871041397622,-0.000143776200726555,-1.1489636303123736,-0.5780455237124953,-0.8526119954715977,0.5378360832779412,-0.1175307795303731,-0.8696301765981435,-0.7701358398313619,-0.377563309343253,1.350576075018004,-0.5413303418682472,0.6856205845994872,-0.2786362964789794,-0.42152153904633055,-0.611397179152116,0.0943279475172998,0.3583503821584883,0.08392355834084454,-0.2631733507489004,-0.12096732419465968,0.12311557594958009,0.2799000405412772,-0.5701079716337322,1,aya
-0.3218795356094461,0.1942684677914422,0.09493413383439742,0.16127820536057885,0.14508835103001083,-0.2320687271560478,-0.0824517837176087,0.01613046810923076,0.07874902549805864,0.08140293903228024,0.05073856838050813,-0.0336750578162221,-0.004798431812662078,-0.0976813331678654,0.05808705858345966,0.0864128292429114,-0.09410085455643062,-0.1020869566498808,-0.1155192479247998,-0.2718752274471279,-0.20736296085275951,0.026906359880845998,0.05466008640272178,0.04708776198578647,0.1619195046737699,-0.1062379524794706,-0.0570278302601267,0.0014300786663143169,-0.13338206305881756,0.16433579098525153,-0.12035913961549481,-0.07803863411040429,0.021362222730283015,-0.029923909530309958,0.3040254862589289,0.15127785587168024,0.13995064457503895,0.08451499336884545,0.1999971821275847,0.06745999284946841,-0.0065369040346432835,0.00588511661191679,-0.27689837069221895,-0.07987278339865822,-0.12782886837180651,-0.07524458819470047,0.1261324214339503,-0.03864657674013556,0.06419439764408322,0.09715180276260163,0.055085820800895274,-0.12098373471912495,0.004885859374702165,-0.37252134369724216,-0.45162268228542585,0.15835280754099967,-0.07847148404804034,0.03202190908925638,0.24958896198790206,0.09809619194655986,-0.2709070784325036,-0.12064005441646493,-0.2769166581559653,-0.26276872104366267,0.0673840347909945,0.02799087368195062,-0.2649552594810567,-0.15468864751550146,-0.09188318992256274,-0.4024377777250427,-0.1908087202182469,-0.08380560054053596,-0.07770065952925913,-0.1500767433112481,0.10477370945931319,-0.15317314522201525,0.025822149518357748,-0.4845948427177986,-0.25198059243508014,-0.03808908412303402,-0.09654362235711648,0.18824329571720194,0.061957286815321186,-0.08575920725847973,-0.3996610210770366,0.1767176361115638,0.11670772180160391,-0.08531096470003656,0.05767738430713007,-0.1376093339530319,-0.28038775415108674,0.12363552505013799,0.30880206366751173,0.5197843456264357,0.04610698323299144,0.04199367668390889,0.21288149665691192,0.08972907722818856,0.03699784591458153,-0.2324308342534342,0.02809739523727397,0.345979944737968,-0.08331199896091682,0.28399084689092097,-0.2280131386526193,-0.36806802662805915,1.5688975446705324,-0.6528726104383904,-0.12116371663705977,-0.1543331144312025,-0.9534671790644572,-0.9701404557099099,-0.08348096430114235,-0.21107497781078272,-0.6801922524976854,-0.537555924898255,-0.5242996460701775,0.7251393975933265,0.38916137984808996,-0.6205708064440287,-0.19726933395149746,-0.3827016699355114,-0.6950387805576083,-0.19605025700767928,-0.061475822479496144,0.05029325211814394,-0.4069016116158881,-0.37957163111028314,0.11387792667171517,0.24672463522242008,0.06487167466299146,0.5157985904456842,-0.4161195843371223,-0.8533160805975245,-0.6852565593157876,-0.732894434552037,-0.624271205943733,-0.7245331529886436,-0.36255450742883055,-0.5196531491440586,-1.2002495312632955,-1.1452514275510886,-0.6513007531958718,-0.029643678212795666,-0.9065128737918281,-0.6772787925329945,-0.1570437092077623,0.9965104519635929,-0.6719070551423033,-0.994867369127172,-0.6174450075918538,-0.31787737526003373,0.039910460784490946,-1.0997997831391417,-0.4693417903409468,1.1251638518393317,-0.6432234479281027,0.7422407622812027,-1.4163738175773064,-0.450616876702486,-0.31546763074476813,-0.02240017326995904,0.24577835302457288,1.0188466769252988,-0.2544615956999142,0.8213025832611976,-0.9403119462081162,-0.5754078273869864,0.05163984833181295,-0.34466674419830096,-0.9729219298962848,-0.5060421097273311,0.10661141015028161,0.031258880815913936,-1.6035458460018455,0.19903898985558513,-0.339827258845965,-0.6669380905006467,-1.6075761753366713,1.934654920026686,-0.624046556396859,-1.2226914268785762,-0.7136842381714926,-0.5349336095190131,0.0706729285221131,-0.5368201624579936,-0.5092768643854005,-0.3128514671311552,0.19000316783712787,0.9872299483135911,-0.6815947783708319,-0.5649275988634499,-0.10895415315078864,-0.5522754305809521,-0.6465354160241683,-0.3583679812069356,0.8277410175288554,-0.3883092307715006,-0.5661142040654364,-0.5427187491695079,-0.01989554807207474,-0.25427327052539217,-1.0296564164783006,1,aya
-0.3412381586192614,0.17105508099264197,-0.09435291008432864,-0.004069226017280908,0.0953810095142821,-0.27240559383167584,-0.1771940170977029,-0.027089250255601136,0.0876930157878943,0.12499449232861853,0.12464112165347185,-0.02330282067032095,-0.1043709370652716,-0.1083085683636259,-0.054630129566344526,-0.08412550872646347,-0.1663312204956805,-0.05093433192965824,-0.19767555905772555,-0.28145554578476284,-0.19242493250634238,-0.005600020740662323,-0.0603929494046244,0.06216054545454501,0.039980224700661544,-0.18043377464528315,-0.18423956707616074,-0.047702494795125644,-0.1592842379094435,0.06487528213349253,-0.11132660945803222,-0.313700535852478,0.032542178406289264,-0.0979654878011742,0.17167118013026375,0.10643680217122659,0.1625869153360896,0.07334890838135022,0.036071781812459444,0.0090169605684947,-0.08345187776768256,-0.15806469991189398,-0.3508280352107999,-0.07872071760976715,-0.23693333605655972,-0.10323350845661132,0.024567671493273754,-0.04721825419759135,0.0050384778554834996,0.03923054589738726,0.004696984524635823,-0.2022517897416741,-0.16663738756954002,-0.29735358784837507,-0.44252957186263736,0.15540216600418708,-0.030929119369625575,0.1049653257398061,0.225926023971945,0.055471597087486176,-0.3847420113820171,-0.13890455068055785,-0.36740456158292895,-0.3134658823446218,-0.04230103459429156,-0.06507270787478553,-0.31909887642678636,-0.11948179488353232,-0.14715576010182935,-0.37973839916946334,-0.2953234185149194,-0.18391314096401476,-0.12510963638068973,-0.12639237345545082,0.05367802886709305,-0.15150546248914973,-0.13443911661871485,-0.5165377215109778,-0.4030410234516715,-0.16528008798462038,-0.014229374326410485,0.2766923601995869,0.14496604935434973,-0.1175227632254732,-0.48956360657791553,0.09274235507493546,0.06366760247515368,-0.04275440334493671,0.06762264053899084,-0.09884775308634287,-0.3109147462727318,0.11511323719959513,0.4521466283736076,0.3207513982000149,-0.022531347096721336,0.028417145776968477,0.053984741184421016,0.054597755858358396,0.14346376536889346,-0.2207122484258022,-0.04007703178685743,0.3241811746100827,-0.1456953079235826,0.24484248089658958,-0.31866434664511284,-1.5232448888234567,-0.8120685777251971,-0.8068739058405365,-0.8814320956038527,-0.3558105891964368,-1.143280001501034,-1.0836241556240434,-0.7746479245165209,-0.8271831353885015,-1.095159396059583,-1.3229307105469867,-0.9557532436567802,-0.20269657117554893,-0.48141752983306774,-0.8052149639646019,-0.38207295203344865,-0.8877635067965647,-0.7455740435756595,0.07546395606416711,-0.20705297733315717,-0.041833529864258645,-0.4161181408685775,-0.5448327754911927,-0.12228361362997535,0.3823918143599684,0.074210332070015,0.32290242495823784,-0.4426186279660901,-0.3007693428982805,-0.4508699719499023,0.18333427102154257,-0.5486122328768849,-0.22065567294484748,-0.5310688270540929,-0.37679131722591624,-1.149926762676121,-0.8735127960346417,0.5069153008729742,-0.22832037908326164,-0.9456604792604355,-0.8148141408845233,-0.72220583315576,0.2767073706818976,-1.0639633883895006,-1.124573785382258,-0.8996196899403391,0.8746169596367237,-0.6876634252838282,-1.237016688139148,-0.7356178405844676,-0.41377463111194374,-0.9159355552809377,0.6565389865496374,-1.236256280104257,0.4393419614492592,-0.5766932168593975,-0.8515993547918271,0.4853241986927399,0.4498063692992193,-0.33327073830470594,0.43472234180421826,-1.3979569505608274,-0.28305493631357365,0.14012386813082509,-0.32545442080667136,-1.00792912162591,-1.0587034848627128,0.22032464599152157,-0.42622902431029147,-1.664070633459392,1.170871979713086,-0.6799833719604792,-0.9800369750833006,-1.7419336111424828,2.350113364063613,-1.0065016849972785,-1.1469899503158107,-0.8116300540313118,-1.210959180894612,-0.32917684255749785,-0.5816604245328956,-0.7712728639159723,-0.3658251486887086,0.020672465773149924,0.4516239375775047,-0.3466585785087834,-0.43694623837928487,0.32813070917751386,-0.652157439300441,-0.6270481076514558,-0.5604087603724015,-0.03831029360308398,-1.0322798546652867,-0.5358909214841292,-0.20829744979872641,-0.4299101351295578,-0.47177447886538154,-1.2045983824826425,1,aya
-0.33208985330781615,0.11176400029437306,-0.0836150776493395,-0.13341564324370586,0.19653929532983885,-0.19045740986464701,-0.15922877202924546,-0.14939316837816408,0.09770382766186139,0.05009956747991094,0.12866314778603843,-0.02165629043086811,-0.2253146306090177,-0.08013844691317376,-0.23219193703479862,-0.032509255351297464,-0.29160138050011275,-0.11120318235165624,-0.17149410599615494,-0.34620497472624673,-0.2574706223514249,0.029512512038119536,-0.0572005338814182,0.11581543726184819,0.03015856531613116,-0.2573845741220691,-0.03970934478683216,-0.10757657659092802,-0.28621831357595995,-0.07894412100673527,-0.07958910763755213,-0.37635966074372007,-0.0016665184319968101,-0.22588940652939551,0.10700094279228699,0.02114540135311039,0.18208261045941448,0.09243423534907814,0.15692385891975316,-0.04597663666511571,-0.07360192090662282,-0.21935295401120156,-0.3777815753187627,-0.1409584721834376,-0.2665409673502505,0.007445993149665422,0.09774318708731179,-0.12202628224776572,-0.12377586319817863,-0.025010184982691162,-0.03785041962000761,-0.08418233664952415,-0.10743388149264774,-0.25901989468844083,-0.3327259200217342,0.08891118347659968,-0.06785854146326412,0.06397849080108427,0.15041282667286887,0.03347212180142765,-0.30270474542856823,-0.15118348966104841,-0.711509994979937,-0.2207683359093679,-0.1622738062189886,-0.13965506050836152,-0.24448904254083353,-0.17879098657613574,-0.056890060431529096,-0.384726742354877,-0.4334155804357153,-0.16031514937104255,-0.18234486538611155,-0.14761230047236787,-0.042450837319217345,-0.2196379499373187,-0.2359433240224493,-0.48203220040680583,-0.5166606291452476,0.005652535432262758,-0.08939012246900763,0.19559690185480205,0.13053846461392452,-0.15499269321659875,-0.45406494938465003,0.08894737517769795,-0.06479046621150722,-0.18282846597471972,-0.01650394180736169,-0.15848188749894665,-0.18671360000956494,0.02650850855754992,0.3349020926724778,0.29779176432119886,-0.11507772799704691,0.008170176023693465,0.02630633641575231,0.11097950338235246,0.006456119516353782,-0.2658843114185664,-0.030896628840312246,0.23260586034175365,-0.20921430871097368,0.19402531973117243,-0.44464887953570814,-1.4665923933406468,-0.46282015419271594,-0.6608226305758651,-0.9522614266395849,0.16068341222489702,-0.630919658135237,-0.8768267236010545,-0.5736517098696446,-0.8535665366225121,-0.8190595073538744,-1.2955763814371415,-0.7403957231560702,0.5210525816461767,-0.5252781354680391,-0.9621428477047522,-0.4694366017674418,-0.9356226543155964,-0.8259770235387409,-0.08580231835298664,-0.18372039285416011,0.08881493524667888,-0.4766430102288163,-0.9432478246101281,-0.016009772903946458,0.23948367411376914,0.2254025388214168,0.27112804688138614,-0.4481151431929923,-0.49305618061506906,-0.7930159604611556,0.07652147473492395,-1.0483610096508111,-0.6634943110249538,-0.44139784889399114,-0.3379888023175517,-1.023032223337507,-1.3064733641118784,-0.38082599706612497,-0.11117859211988042,-0.6168593179715811,-1.3234652300344065,-0.711463064851625,-1.3926439436401739,-0.777217370777166,-1.1141030484341394,-0.9513797807185604,-0.897970335899499,-0.5399381461239402,-1.1605895382057145,-0.8808990483526312,-0.8768972466705208,-0.7299208118227724,0.09339113074968979,-1.0425509610983152,-1.3013481617284037,-0.8126988863611572,-1.151767723874569,0.6497199007932356,-0.9701936115011308,0.3941201747475277,-0.10387468165668255,-1.7242988598752254,-0.863997163702873,0.5522674543241746,-0.7139440852519523,-1.1696386690885145,-1.2977079220807632,0.31943875919098724,-1.0051576414010621,-1.7555543676090173,-0.9708084408948815,-0.5087714908366255,-0.818836399455642,-1.737836526098997,0.9519831186498977,-0.7778520229619237,-1.2114306677829418,-0.9073449614883098,-1.1815475748442406,0.11969272772124387,-0.39905504346739107,-0.6417816108763466,-1.0525996928225279,0.6160133469883682,0.29253087098987374,-0.6185115816318267,-0.41471417923533127,0.6974007337109625,-1.2365916415494387,-0.3923295218881079,-0.6110719750558149,0.3872497973382541,-1.4237754858243596,-0.7330615786081806,-0.15659437884256477,-0.377536924531394,-1.0217972624060425,-1.0722304837725602,1,aya
-0.23045130335272906,0.08648525426426674,0.001748082142426183,-0.18816642626972235,0.1562091751997171,-0.12278600808444091,0.011916509066217176,-0.08677407802166975,0.039536709176846645,-0.08062835771818547,0.08602028034073139,-0.08308926474176913,-0.19671828120775847,0.04207860909293224,-0.22847541600992274,0.06356267123524674,-0.2541322097958459,0.0626126771253864,-0.14856038818323425,-0.28868772254531033,-0.18114831140293813,-0.1121303632909094,-0.07233142025055837,0.02229905931343028,0.04629980355402147,-0.25950588318140744,0.05715255398190641,-0.11722997850751468,-0.2651710207551792,-0.036027833036652766,-0.10762051445061965,-0.28190624969476963,0.0808811425177293,-0.2422544415788725,0.06820330851519092,-0.016824770985936235,0.14770014679133792,0.05170890726006569,0.15276315346154037,-0.015701463220495194,-0.06175872239340266,-0.17265373604532228,-0.29245399155862667,-0.13633339329466293,-0.2553962493652459,0.05190186219072809,0.01681205515811837,-0.1616155482829485,-0.12481214010581666,0.09095785366104854,0.006985898976493966,-0.11358272518797836,-0.07109853124911676,-0.22438382496444662,-0.27902036609187003,0.08396561205465922,-0.14311182985608412,-0.0344403387443215,0.08067610233618741,0.027404211211753883,-0.23003768632943436,-0.1450706673201113,-0.6691351016519396,-0.20058147028833342,-0.13692428983465765,-0.07700342237818668,-0.14501925839037128,-0.03189785440047879,-0.09827549229517543,-0.30282883687391965,-0.46465417176820994,-0.16106264689334324,-0.14175569386292386,-0.12912677111947365,-0.026252961124579668,-0.10844031096533757,-0.2184753627291416,-0.4041249702154449,-0.3515166387103131,-0.011862019913110875,-0.10457571452568845,0.1273225950380308,0.07267638283174008,-0.33910490826323947,-0.3995365833806199,0.13154645571607892,-0.028765421322179137,-0.02522808944736076,-0.11195364910078089,-0.1362029588264593,-0.14750296527159648,0.08926205013950268,0.3752434445845876,0.13616589580685842,-0.24853356238937685,0.08758743949595943,0.004094840490516363,0.1193382123471243,-0.02737455994272676,-0.22674943978443246,0.04353433831967831,0.33424806226524767,-0.10167671638817204,0.37264313000593735,-0.4859796429322824,-1.2096535031217512,-1.1007102142764997,-0.9894409190134755,-0.9253294137925063,0.1550157025345795,-0.545132871547119,-0.5460202586825952,-0.772393955091868,-0.7624654370379661,-0.9569315573805731,-1.035275039217823,-0.851206477455109,-0.1418152708387398,-0.971229515758314,-0.8911161159841231,-0.49537611438032125,-0.46833823656398926,-0.7566299466156116,0.6847056031309589,0.48021443718185974,0.3052305390801459,-0.5055803495050792,-0.6986446432629627,0.04930872602000952,0.7311916438911451,0.9604445220747495,0.4328374429434376,0.17520420127796946,-0.3374327697219446,-1.1986596611178508,0.3140796462363131,-1.6699182125554717,-0.016010160648592484,-0.25997840379042975,-0.5252389408406883,-1.2994022819898503,-1.3508936940321938,0.29521589316555874,-0.16747838290275802,-0.3388170478641461,-0.9220070198166647,-0.7433937124163514,-0.04338827912619685,-0.4185209702737947,-0.9469493845057853,-1.0714836028950487,-1.22897663965351,-0.39139653293840854,0.3138090511829011,-0.9235695051403345,-0.007472740377064484,-0.41389446528787416,0.13483947662757442,-0.9827564058950801,-1.1019669440281488,-0.4451745914201622,-1.0716320272798523,0.6919513957664516,-0.9539370064324013,0.6742613403696339,0.377071635816335,-1.4893912644947722,-0.8103327833879709,-0.06884714832067512,-0.8021666911659566,-1.1417849228333403,-0.7694745103515434,-0.12950548663597472,-1.0858386339341959,-1.723373077134104,-0.4487631123004031,-0.3428440645188969,-0.9313285512319627,-1.68382687433706,1.4386624166991004,-0.06426873505532929,-1.4841300314187682,-0.9397559264417428,-1.2933011903085008,-0.03686752537021949,-0.39097947538266314,-0.1916491995135578,-0.6798249678545444,0.663163254807545,0.9441640391800558,0.13402221456152927,-0.5378065845846721,0.38050593476756506,-0.820459268895183,-0.6603591502284208,-0.039016109983847934,0.3556144001559469,-1.2613750231740197,-0.6481031089104979,-0.2781588774353887,-0.10135122442814468,-0.8296192172199724,-1.1130088515950036,1,aya
-0.16031995869853186,0.07939701271965927,0.056175390140911885,-0.1559764032385223,0.2514333238538334,-0.09729168512669664,-0.04128421471079189,-0.1322806071354809,-0.0006952910312147894,-0.03043979366361107,0.07831470628314592,-0.14623545884294575,-0.12142032184378718,0.028137652446054526,-0.20175317060057965,0.08880000099190137,-0.1562575121140912,-0.05408262878195496,-0.18751796243978758,-0.275734814160004,-0.22868022963065776,-0.11764922327312578,-0.0929365658733196,0.02330311927887858,0.06756489207226725,-0.24963446127771,0.04336623578740931,-0.026020327785093264,-0.19479526585283297,0.08979598355751406,-0.159093836611945,-0.31013439859819664,0.010905356633298311,-0.24848382776112704,0.045063411789263395,-0.03886598093127711,0.07119086797603916,0.13379533892255516,0.11050864174709436,-0.006392057506649645,-0.10775933344862965,-0.1765753603372275,-0.3209916996879479,-0.15778588940679966,-0.264785144284998,0.08628128567185184,-0.10471962324608612,-0.1395915047660575,-0.04242248648184159,0.012714071068239921,0.029080731805796706,-0.13020004496343549,0.007899792886567732,-0.24631058030230316,-0.20330026618042762,0.13593717506141012,-0.1769808658556936,-0.23940603990062131,0.19471147038184242,0.06150770264161957,-0.22651367349478158,-0.15863745913618046,-0.6985824394363327,-0.19339569751184194,-0.05759052956481186,-0.03791557048752762,-0.15424506814944955,0.005208618918202565,-0.11058242448651213,-0.3486796385448494,-0.4052550170496828,-0.12053086508586941,-0.16187959580486092,-0.10144233701710388,-0.014402516084286828,-0.1930260538647609,-0.17153065177588092,-0.3642026506322296,-0.3053638407814269,-0.041844322222764074,-0.04836817208077438,0.1615378822903281,0.005196160200547944,-0.3194823774020916,-0.4598219134480709,0.1552194550400679,-0.01633224511237357,0.044541764007229555,-0.20021153781594797,-0.08131376891417089,-0.08376959502991686,0.10718758285238353,0.30759919336898495,0.11911286093414444,-0.22331439538804498,0.04759515898927423,0.048646627639727776,0.0872279143041153,0.012117877648909424,-0.13965137412996845,0.05168964864550726,0.2809109598235514,-0.06907193015750436,0.33587209490716846,-0.44622381944320005,-0.5295917897202542,-0.663589653437177,-0.6640676180142565,-0.8397791342107858,-0.44318693310758067,-0.6202625218181488,-0.550061020640563,-0.6054561071828789,-0.6131542098342374,-0.5281569524632952,-0.9240475078347181,-0.592156895034279,0.8115795047906414,-0.3195844310313229,-0.3107104836511078,-0.2505722603776494,0.14249750060674454,-0.6405701107985808,-0.2377581327929632,-0.09890971831322241,-0.3909273802586847,-0.3745502410073303,0.12765627785071382,-0.41153238456764296,-0.01827186656584894,0.5626094034137954,0.12078757024284581,0.19591554625689217,-0.25005181184645237,-0.7123888287551458,-0.3862965497720423,-2.1734036714260463,1.0090743641609565,-0.14757956484389928,-0.054955789883754776,-0.8952669747686748,-1.3591107414412178,-0.14279172334835533,0.2896849249345448,0.17335141478605612,0.08260630249277796,-0.24709444481741036,-1.078694776896411,0.11232750783147792,-0.9687663937172992,-1.3293357271392345,-0.30047087434357544,-0.15863970851204967,-0.04000245010424419,-1.0984202347164793,-1.3921058453412045,0.28817565353698793,-0.03439633107963673,-1.0644337742991068,-0.9493559100463049,-0.6443920826870505,-0.5262466325904007,0.6868983068402108,-1.1439548325777262,1.4845802687852483,0.38962816368134745,-1.7576107212908718,-0.6270400628637649,-0.006573937449481972,-0.746246455578337,-0.8333484881696761,0.537193046367719,-0.03707075811225289,-1.1130661187371165,-1.629015091691386,-0.32608275077956117,-0.027558360603929147,-0.6285588167571101,-1.7358456213445943,-1.0572746595322404,-0.08420713216866474,-1.410433918482104,-1.029876521275039,-0.2457514827610569,0.024106768431323228,-0.7746646967161965,-0.08629957245844314,-0.7551212667454945,0.5302804478670557,0.9505202673853591,-0.5429676283323687,-0.980105324746897,0.8357948303303068,-0.8006257826075155,-0.5401746820895649,0.3300251483612157,0.26132373096279327,-1.147878862029409,-0.8768352070993775,-0.8187212999857294,0.08879344449566622,-0.7779068248183502,-1.1764909399445487,1,aya
-0.15327549545802802,0.12840747486032603,0.05170779990817484,-0.117960345556041,0.2521897507090993,-0.1073100968169783,-0.013103501824174437,-0.14264123564749073,-0.029544663914051354,-0.006733666005735214,-0.015703692793058367,-0.10908353548457914,-0.1242492397555853,0.04713353963455902,-0.20468289873093834,0.1263832919403749,-0.1477201895332159,-0.10768627721642879,-0.1507832953318975,-0.21910550211666416,-0.23016942273251384,-0.21287577262503038,-0.06597208882999162,-0.0986684140726967,0.08089945663755395,-0.22354784408812114,0.04993751235669891,-0.0440057114991424,-0.1759799892233116,0.10661303883214265,-0.15558003397030631,-0.3753419886674029,0.024532554913629843,-0.2638119399175425,0.02148681258291698,-0.05494214944055016,0.11209177492275753,0.10609938922783095,0.11262941538446147,0.03867504659607775,-0.12731243954684177,-0.22545769206759517,-0.33048075935320165,-0.20596549640958683,-0.3031562389788106,0.14270901933049118,-0.08403861401859258,-0.16581788076011422,0.016795876398449122,-0.017587915719606287,0.08361119284376335,-0.1852432881605123,0.04493972662825931,-0.33922252413065634,-0.37563561305088045,0.22519685637865072,-0.12776433500290652,-0.1870493860891784,0.19489897935680475,0.10838593651849832,-0.25002012497552695,-0.15720882089677005,-0.5237723232552979,-0.061741611377917116,0.022836251184877504,0.07024344117375476,-0.17130851579918258,-0.0003477200124687187,-0.04840360022283984,-0.3093653803758354,-0.4105002325788039,-0.005494252527309921,-0.13337469552933887,-0.031212845133923042,-0.026982614651123376,-0.09833534670613207,-0.10560607140914577,-0.3048983857516615,-0.20771048783238288,-0.05358015760059386,-0.05352735220657756,0.1073715429016657,0.021867938150355603,-0.38947443577085455,-0.49044058169480936,0.05771779381041439,-0.13826838512866732,-0.026931206306725047,-0.2881483651887826,-0.24738904619787241,-0.06548238250839332,0.057985714002824054,0.27585253805813886,0.21466373716687356,-0.1293524711498658,0.034712205576812184,0.034187758480301284,0.05932061245661648,0.03208401187924936,-0.11010778543242937,0.06174414982867825,0.21519629819935324,-0.046081696656853924,0.442239161568491,-0.5234465517145509,-0.7689171468850724,-1.3863341065831312,-1.1961904927637916,-1.1699003275621644,0.201695637733725,-0.3632558849231345,-0.6525034824081192,-0.703064960058965,-0.7845874108606139,-1.143377259890695,-1.192341638332893,-0.6885139163280904,-0.6406811648957927,-0.7688822001307232,0.2027255634283254,0.2939243786448737,0.8446578077480222,-0.1362171817520908,0.5311300227988308,-0.08474806959260588,-0.4075127396583508,-0.16351250845943924,0.2697043783706032,-0.3278493735669347,0.17990083145502028,0.8692304276879328,-0.0551932558192879,0.023524008079501977,0.06661166928657468,-0.5993745419316451,0.3493862604954708,-1.9279806166873386,0.37458205461935934,-0.5629183974952647,-0.4873676045188421,-0.47003350349496087,-1.0477272250001346,0.10089867947507,-0.19889924457240324,-0.27683305027086563,0.05348803140393628,-0.5712701155253676,0.06500491162185394,-0.03908443225032202,-0.8536039947476538,-1.7162932306319125,-0.46379062586589287,-0.23383506313120372,0.24463797568465157,-1.0053854113627325,-0.011295170637419262,0.11345885262109928,-0.19446267192091354,-0.9895903403822229,0.6068683887515641,-0.5972468913980412,-0.4731797209747235,0.8505994075757728,-0.5648747027294847,0.7610669400664006,0.5360823083328198,-1.5486272451662906,0.7504359117530238,-0.3295937415713584,-1.1860844295557076,-0.9539815436197009,-0.05632352158163321,-0.10803047563009624,-1.2406579831071098,-1.5823599110431767,0.6916709497792753,0.19756061323910065,-0.7509901982376826,-1.5046073747565578,1.5250378121621564,0.11606134330260982,-1.3750445029947767,-0.9660940381272985,-1.1055454300859977,0.7053760812968398,-1.4316847350759656,-0.5221353255884653,-0.7887562160172473,0.6121551520985609,-0.3009278720956298,-0.21207854622546254,0.035036078364043904,0.5239421809617041,-1.0433327044188982,-0.4228565908125593,-0.09469822097049589,0.9127672312487991,-1.2648302990632436,-0.9001713527906939,0.04972962525562814,0.4148299673901093,-1.1300953649564718,-1.02998326688773,1,aya
-0.17721010028499662,0.18546413080351304,0.0745688830205334,-0.1512905540265693,0.2893357603089868,-0.1414125990157966,0.11377994013509313,-0.25196526490493015,-0.08505447900985662,-0.09181936192448145,-0.004317669420799454,-0.038216224878195815,-0.06899778311140424,0.12628440155419238,-0.22084146461928747,0.2969471995488753,-0.023637890965388365,-0.03173225813123125,-0.19938378841013552,-0.03973184088132746,-0.28456161632138965,-0.2154956878042064,-0.17252522507848314,-0.17402610256022655,0.18442203172949045,-0.16453297106168116,0.11165322824421967,-0.0564160835044645,-0.14540460471348865,0.11565681593806205,-0.07825466822855172,-0.3322069947415915,-0.012978324100468584,-0.3282057301504143,0.012144755931143248,-0.06908269906840477,0.13194833186030105,0.16030066927294714,0.10119693704324949,0.10820632609604543,-0.08920188938391559,-0.2007963020079838,-0.19746136893633406,-0.19768239920279448,-0.295621609759258,0.0957515067641166,-0.08689335434376821,-0.06455702117233776,0.05457988061161047,0.005896070827932055,0.18950911636879736,-0.14334444722228182,-0.08887652480529912,-0.31036601273555725,-0.260163367818222,0.17395988533942766,-0.048567699905423874,-0.061112982660664,0.18548175639906314,0.13816786300696504,-0.19942204813760137,-0.049819673523096575,-0.4050518314595339,0.16765132714836617,0.027022284728425407,0.10381228406670377,-0.1267796936525566,-0.04724916092241311,-0.20413911259706838,-0.34208939202306293,-0.37515214085398474,0.009810608408366263,-0.12339252217376787,-0.07483680758075192,-0.0029088481212370476,-0.031142125475728904,-0.04902407267056121,-0.2954775538989154,-0.19797011898458866,-0.037294879701154755,0.0004907373671473691,0.07189523050840717,0.0840836610385067,-0.36829458076292415,-0.504089953878285,-0.001520683566911959,-0.2168477168790123,-0.016992442030987508,-0.24268683424265164,-0.26248759546851236,-0.057620603994710126,0.05990242144910198,0.17489430332894948,0.2335612054050179,-0.1441613486290868,-0.04572779855974845,0.009842247990889076,0.13169661482439846,0.0019189039298469419,-0.013826365957145313,0.15190834632245845,0.23641515900862317,-0.15929976955675096,0.4520615634007705,-0.5239007316959094,-0.7388560132547519,-1.3900688970578292,-0.9795479187030439,-0.9877170488644917,-0.38401472574855366,-0.5104061966129662,-0.6363222829286614,-0.7378451370555086,-0.636972602793714,-0.8779878026636672,-1.2345930470781845,-0.5380011353282543,-1.281450106404719,-1.086328764528132,0.47130116665575866,0.3387787364178347,0.7696348544523295,-0.16052316090592908,0.8661711529504444,-0.14104221113367388,-0.2642194736492689,0.5598545025118282,0.991350958979703,0.01795373636148168,-0.27963760315007763,0.5132667729828414,0.23911331088557924,0.5794228230482854,-0.5314624476035521,-0.6378233453287041,-0.6552229088139546,-0.43147788380542024,1.0268045447901875,-0.5268363804113687,-0.264226644590669,-0.3825043239039381,-1.2547605379622284,-0.12725009233960638,0.62902889451816,0.37954804922972996,0.34490738955392314,-0.8063273333546679,-0.32132141268916437,0.566168455275186,-1.083908847524961,-1.7925754224469892,0.6467043792914392,0.16708765598319955,-0.2018035745661302,-1.3382135724435065,0.8353551423800901,0.7879120032621392,-0.6599571709950954,-1.0200535043826688,-0.7983811568135627,-0.25641728790879886,0.5678038753951227,0.6871184333468572,-1.1853034009995485,0.7432924249209544,-0.45314267440176126,-1.3822327461405135,-0.8579285217442616,-0.06235756648642617,-1.2936378268016668,-0.7542283002243751,-0.7873573240281474,-0.35025940786308074,-1.46022345186744,-1.5980863362029916,-1.1087164308197408,0.2699397360683235,-1.0481874801178324,-1.6284297902114933,-0.29321246847674715,0.6861019531614219,-1.7005859500837937,-1.149879012791928,0.6603914386102161,0.2378137496127839,-1.3921538571904224,-0.770594414594204,-0.5968499106178176,0.11155429925863893,0.1244953012672231,-0.7028352003138831,-0.9157930294362718,0.9134541239729996,-1.4676328472911202,0.16167501446073085,2.4394333535396293,0.26853312507431776,-0.8260731889178733,-0.83636159997036,-0.11406237263847638,0.737697817069804,-1.2130445511158972,-0.9430556674023669,1,aya
0.25546935773408425,0.00189658546372604,-0.12529171727680516,-0.06538641498481858,0.22161874297070694,0.024034248501769235,0.18506483759244205,0.14361568424243845,-0.05683367604230282,0.06001929045819589,0.017297208433859897,-0.042823075463748646,-0.10561855809040943,0.24805592335953314,0.1269924605725993,0.05854100289840385,-0.2438159113262784,-0.11701144248635502,0.11643845780410135,0.0955314102699538,-0.3056594830724211,-0.06819125452520071,0.214362741480212,-7.383215899900643e-05,0.08541922593030156,0.039501893123782786,0.06055527597678667,0.16187967675719786,-0.3522159023336688,0.010547148724197155,0.17121818101067338,0.031575142792287965,0.02193111349629186,-0.14595721234328757,-0.10885885730367326,-0.09454617016918124,-0.026951054650825246,0.09422324547924857,-0.1401402346200148,0.10460107394084445,-0.2819112751454467,0.046604102266792985,-0.2745133530449784,-0.013994211693036874,-0.04112737759461868,0.005322866553678125,-0.06588632606247154,-0.1723602726969422,0.0499022731423495,-0.3561176607990126,0.21906064915229945,0.0028311542729836927,-0.16906557539310552,-0.07224252484725888,0.18077578886426432,-0.2781550602775491,-0.20805036691852874,-0.05290254741602097,0.07945179164811819,-0.03795803639678267,0.204916136170839,0.10268362162950993,-0.2134259107213126,-0.007090145151612966,-0.018268395581948944,0.011998214195434181,-0.17062225622678986,-0.19122583977432023,-0.0904637987558704,-0.0005390870850922648,0.3019518785134263,0.243109237699657,-0.03237868319815711,-0.025944379876706378,0.36772690472261343,-0.1627550160191604,-0.09311903408501246,0.5040523035722667,0.023268248628044445,-0.25654061065752704,-0.1053839645807163,0.34680993002116217,-0.015215979283239919,0.03447554141219144,0.4038889654173055,-0.0866735340232268,-0.06905785116409298,0.12686246823669145,0.08121467364195137,0.27394091103109014,0.2719433678777846,-0.08891567154384046,-0.06043426063327903,-0.26102182344971553,0.08976338832623945,0.02491575650311543,-0.30836290334163546,-0.0387385472703998,-0.07997112343363683,-0.02221138814276847,-0.16954700084185606,0.10695022179182605,-0.21414324117501102,0.26482872423571724,-0.04871877284388725,-0.8494439730371367,-1.4090829139867185,-0.2121904006671173,-1.2544159640785189,0.08436876766830052,0.3251602313028579,-0.08342760078298195,0.4437860133384653,0.3321695706471012,1.129553081229532,-0.6444834933632393,-0.8078524498101178,-0.6639786863461302,-0.2904420827010609,0.07504852221286169,0.27458515472653194,-0.09030558979802755,-0.7364399008827087,0.571673239125223,-0.3934080214571282,-0.70362046132538,0.4183082280276787,0.4682349721436831,0.6351249945767915,-0.6124861562905739,-0.14804446305892963,-0.9823798497183983,-0.8110834602767716,-0.7127774426386937,-0.16569079330957115,-0.4939069012906853,-0.7066934655748202,0.5646985334151327,0.4249020506532528,0.5541761827518473,0.7829452863179324,-0.2273752409143288,0.2442790926585439,0.29685693293366766,-0.03608889197278433,1.1795310780971004,0.5317920093842389,-0.6370862505309488,0.2323973009744931,0.494102725108742,1.349537483882115,-1.2977913703604802,0.5246047176047459,0.3184021351607214,2.7516509901056305,-0.6849212181257186,-0.12939150110343295,-0.8435566039009692,1.4626648948593828,-1.3321652781214928,-0.5173674826879897,0.77917784772017,1.07210448007794,-0.691685231323704,1.0136014626608445,-0.28885130199373354,0.09802300358106504,-0.5882154681182299,-0.14383399550575282,0.7858928506626989,-1.0169498859175086,-0.27141361204189474,-0.43618959868574864,0.7878642631832793,-0.4498004221502176,0.07110427277962829,0.6659116013549202,1.1940191727710403,0.8866739733276443,-0.04374576317734705,0.11135623011211786,0.2882893227659011,0.061749207275676184,1.0143298293886442,0.8389118396101436,0.8295818289699992,-1.2492677924440172,-0.6343275860008029,0.3730448654191015,-0.5016306904944066,0.8883793247906311,-1.2004545399965143,-0.001926695141023856,0.42142972639227794,0.27917134027497503,-1.14103452609691,-0.12486082375589364,0.8925477834462896,-0.5942313831992286,-0.8525491709625399,0.21547197402312263,0.8504625925091663,-0.02284894685324654,0,aya
0.20646773233948343,-0.1051117826497118,-0.16603886255543113,-0.2472649653260801,0.10981211514479386,0.06670671396489523,0.12847611093152206,0.09619441220866429,-0.02611129514191475,-0.05385134826429703,-0.02053209386397577,-0.1035878477814861,-0.17053681117382402,0.1624129864252738,0.03194456590999699,-0.08699974891464217,-0.3682376684233086,-0.2094464081381807,0.027692741235940014,-0.009000671187460275,-0.24163100288017178,-0.15474927306701725,0.12260551354181135,-0.16020322838078915,-0.05189405061334346,-0.04388850425156586,0.11029552207402904,0.1053016135791391,-0.5526582922639478,-0.03713579220855423,0.22998142863585574,0.043064805734070254,0.058106891246879476,-0.14156539476818417,-0.19716621243338775,-0.0997014516886607,-0.035402993394043715,-0.015534599992250417,-0.24034834006182676,-0.10942521492848793,-0.24747090064502694,-0.04597962705975778,-0.3098348280359424,-0.011193286603161563,-0.17699686872506107,-0.18012275945353645,-0.19675363875555538,-0.21708354606395816,-0.16516494124373204,-0.43613295177684036,0.16644673031688043,0.04876085554352052,-0.08700935915025071,-0.1554563274056746,0.17683643226260712,-0.2804912957725563,-0.1107212001264104,-0.0022422815044847726,0.16272461964716206,-0.08611840053898265,0.25223570936079853,-0.0902881056309456,-0.2603228496858168,-0.014428476986031941,0.04806505847255883,-0.05700306918711196,-0.15204729913565454,-0.11894080020105093,-0.05272347851488367,0.07658087036020704,0.10556664955956058,0.3057856151098191,0.013735089444344515,0.11496897046444578,0.3630296061065523,-0.17832088023102807,-0.08647982864062634,0.25902474429511896,0.2035703635444839,-0.23324811785593044,-0.10076039954518193,0.34033445902566556,-0.03390305983512685,0.1434552869080191,0.2378316839808305,-0.11632112778664609,-0.09456761002764316,0.08715329431719254,0.014145884540011991,0.12371641978914302,0.19748827896843346,-0.14704813065292646,-0.02821962386680167,-0.3584834735514451,-0.06538695315478098,-0.09395646833851945,-0.3624163880500915,-0.11317447535621794,-0.12712960290288852,-0.17459479549223703,-0.1820669273226334,0.025973733530864976,-0.2746500664669121,0.0622508359788383,-0.22719303347152156,-0.47051381246980906,-1.312376090796115,0.7109150026046364,-1.1828283949277079,-0.3851382234955529,-0.5872746379780355,-0.2269339472848235,1.0038656501447847,0.4191442938885838,1.4805549908910036,-1.0015092136370258,-0.8830574404503816,-0.6289551663316313,-0.7340571740265592,-0.08279179370018887,-0.32151837006935646,-0.3007235576611786,-0.8704984672878618,0.24595413099673308,-0.633351957503977,-0.9249182654068657,-0.24380886743289953,0.42435537027104314,0.3154904529535311,-0.4802438326390049,-0.23781011110399056,-1.1703159589429277,-0.7902371337612805,-0.9811876648002252,-0.7419886421212801,-1.2562541283576338,-1.011880016324792,0.3031355719567606,0.06675780445570516,-0.16549480527146734,0.5233753891059895,-0.5826693578066682,-0.6794164401334165,-1.1863168157775368,0.09948616418464362,0.10095474858902903,0.3943733019800973,-0.3882554925610771,-0.22159129320121934,0.21218990989787176,0.8398430670318486,-1.0979476882230228,-0.05387075947478075,0.7925292233971074,3.1061503138849473,1.0043018404952941,-0.7100952925484907,-0.5112807632092795,0.46501528261554653,-0.803526000393505,-0.8830086464398351,1.5297429036633303,1.03956864305951,-0.40206116259461727,0.700391425966597,-0.6706627767275688,-0.660305963427748,-0.6996396057703314,-0.20965358961798378,0.2734657853344126,-1.0438819311218372,0.1452388934754189,-0.9652881376140149,-0.15241896901440807,-0.5245346877179421,1.6032992194235878,-0.058254536199942926,0.4482246977289773,0.2556659276803947,0.19157142272901914,-0.25316543509950357,0.10886915566048934,-0.3230182169227347,0.28643428676480565,-0.0788098932749204,0.3498536873750078,-1.213235145189219,-0.8393462443058239,-0.43488247887025383,-0.9898623579868889,0.08036025116769765,-0.8208764585846469,-0.2296267357823167,-0.7196000477139525,-0.26634422874332325,-0.2189882850606742,-1.189465071224982,-0.09675171796101377,-0.6797709968382151,-0.010520717615721216,-0.931190289569367,-0.29586869586345105,-0.7640151637941849,0,aya
0.1319215855991668,-0.17033545097271496,-0.16202616171513598,-0.40382281213487636,0.06449500419868649,0.18452592907330717,0.13493054509756686,0.06630521826100529,-0.01880156719321426,-0.10773424804785096,-0.025141589254560618,-0.2092723723534109,-0.19490078490049004,0.09543693588081417,0.009507242506208697,-0.19800003771331934,-0.4920995690393567,-0.2595145692780636,0.011262711567642565,0.04181620023279379,-0.13955799960530202,-0.1314605516089916,0.001101206501752004,-0.2667532321095135,0.007441299203573592,-0.16499579627772193,0.013617896047270166,0.047176448220527634,-0.5588406873920485,-0.08384391382624674,0.26460356243629846,0.11770045261255192,0.1609786176398246,-0.15134279743077073,-0.17464309125227168,-0.15246174550091565,-0.08878048673219835,-0.059510539087188556,-0.31404015162761767,-0.22588751661359394,-0.28220581486693486,-0.1691300819680421,-0.26065167611751505,-0.02603711799644213,-0.1900162462670481,-0.1284319955662405,-0.23433670709763732,-0.20191062909736862,-0.2681455884521837,-0.5237721288550371,0.10300355852934542,-0.029980995844661292,-0.017697014257145413,-0.07386977913244916,0.20011121302443283,-0.22993234491169967,-0.18440919442782824,0.02021511468482405,0.0931098758118778,-0.15538857061509503,0.13543057108033557,-0.16880430301108099,-0.18509554779516163,0.003040219135264883,0.0832124406817096,-0.0046048796474028805,-0.10751034500840968,-0.10131523040640665,-0.08130780193336215,0.153056286860755,-0.06419329468742854,0.23806043967134283,0.061369786609320916,0.05449365703316622,0.3646353688738954,-0.04898299897816684,0.018643272385718668,0.24888502078399544,0.20227993268518302,-0.2291148792008254,-0.10113263173395762,0.3342215975910929,0.01572398898910358,0.20517586101324906,0.17006921003772035,-0.10748965766479945,-0.038959651257033476,0.04429624300310031,0.08408934945367272,0.16589793297946942,0.166268873733505,-0.23216069276075602,0.04383235187256267,-0.3750533171465517,-0.12522012990822068,-0.0924617143932682,-0.20862498079336433,-0.08329378263492686,-0.19859593969165165,-0.15890178149624645,-0.20166785594979067,0.06336577244324484,-0.24922109434846607,-0.02612224445249397,-0.24010592801479164,-0.6617460015725727,-1.5536472547008389,-0.24758679870547526,-1.227290550787803,-0.6842744313092723,-0.3776380688621585,0.19105353809422032,0.8534945921052978,0.18610039427122352,0.45263150669897856,-0.8087262694151743,-1.1550819789150066,-0.12887627884128464,-0.39451339046338485,-0.7971039656547857,-0.8375215544793085,-1.017779710430773,-0.9922030298000406,-0.2534052820940701,-0.6964595401055003,-0.9217463504776616,-0.5970534764250701,-0.6214248501605935,-0.08008273469476211,-1.0646121712887848,-0.5154728799856235,-1.3804550536861362,-1.0314884124527648,-0.8391778381128865,0.3410675052179923,-0.5748588939676977,-0.8954871968207821,-1.0543257832823976,-1.3596120126177176,-0.5379983791997828,-0.6074057072603959,-0.3325348388272794,-0.2539674507868704,-1.429557164080832,-1.9479853842300867,-0.36945652334408846,-1.0645110893417233,1.2250661619930177,-0.6135207391544032,-0.4515562222264618,0.5689788998572856,-0.5102554554483021,-0.7919217688609029,0.25865378588446414,3.6018294611760666,0.4184513132054359,-0.8806027791179392,-1.04255589505776,0.26363754059386696,-0.7887329633915093,-0.5734836237647084,0.5879600405641795,0.8984794224634955,-0.35204601223089144,0.2197548961368979,-0.544907625711886,-1.0580090113910352,-0.5417696027164187,-0.7462400691496085,-0.08354479782900262,-1.3669876892813535,-0.24169288861445173,-1.2869607419082758,-0.31726101124387535,-0.6769854174863725,1.3547039978545898,-0.22956992851810565,-0.28219664751645357,-0.3072749211450012,1.7409711299827773,-0.39019076023043886,-0.7608031535539177,-0.5156315327138197,0.6354678727743674,0.3103046912486804,-0.709984638606553,-1.3857700082320898,0.024902001614108188,-0.31319307501460175,-0.9101234560877058,-0.17738700541500435,-1.5185605405532614,-0.32236379825057493,-0.7484374139892414,-0.3277590265413633,-0.9060569012302011,-1.0579112496696272,-0.6013782711889517,-0.7034787345859043,-0.9078019831094419,-1.1273809458572268,-0.2862398333700502,-0.7549351703898719,0,aya
0.01398437789605099,-0.352632606203905,-0.2520934661360786,-0.6751344928845869,-0.12180897257723797,0.049585459006638195,0.004466283000699988,0.13796017278251418,0.16291674871494063,-0.18327780672065952,-0.02766763293449118,-0.21062568265429013,-0.25757177367052425,0.10180303336748531,-0.04946158422786317,-0.3048597253731186,-0.6897987094145336,-0.420219905775963,-0.11308201206012988,0.0019797973954830328,-0.08084194476448048,-0.03148898842842327,-0.42306646737885817,-0.35249063516306794,-0.21088891504346707,-0.2960439241925161,-0.05368776013710167,-0.1342886526243629,-0.6397234331471872,-0.30282918726106006,0.23842124459216107,0.1375510139882102,0.29398730185749583,-0.14181900756676144,-0.23062781214166628,-0.26229981588112056,-0.15405506827563228,-0.32966857624439044,-0.2769324445860749,-0.5426631402479475,-0.5021639291805914,-0.3831150028775383,-0.3284764957478772,-0.13869070921231505,-0.13826349377961142,-0.5054257233621764,-0.4382844310234836,-0.3394012423261794,-0.4349660437966966,-0.7192760079177063,-0.05866017876163118,0.008316175499342174,-0.09226219076256653,-0.07854875293218591,0.25408324307874075,-0.29286757642313743,-0.20122650587423174,-0.0008870315937267314,-0.051542406498207696,-0.13316339259616902,-0.0708710212757899,-0.22722577352611165,-0.0057519235238956586,0.07471248449877789,-0.1985441018510142,-0.10475158036048161,-0.116759261183591,-0.10088886320979454,-0.08540380836495076,0.06216817752311692,-0.052485150245325615,0.38393314497712216,-0.15234125143184382,0.14369879612285963,0.28545311383041494,0.016541880081584127,0.07326974947499428,0.000882499924934861,0.17510660554458748,-0.23851619174773023,-0.10561883961659489,0.3022624491000956,-0.004180082098125213,-0.000933009518816319,0.04748174555818065,-0.014241027018883216,-0.11642781038559337,-0.012374150675291611,0.027376111980611906,0.0465365363702549,-0.09368809005418822,-0.27030950998135744,-0.0034859043878411543,-0.4235871333091056,-0.25044741884230776,-0.1479112560241713,-0.2213111503961425,-0.2133249581700184,-0.34346680004621083,-0.20861699858089694,-0.22783336889921496,-0.12015390313327473,-0.25641101879198797,-0.18525799398396384,-0.4322469770286454,-0.3505415500085417,-1.3033312969954103,0.4063212575817153,-1.203621946400599,-0.5480629565240152,0.03276528780156986,0.12325612842316516,1.1908862298448035,-0.3342375291927772,0.5033011398719471,-1.0029211673624767,-0.9201887073647101,-0.4293558571204048,-0.5779638808690415,-0.7105841482601407,-0.9101747434594001,-1.1863182185384,-1.057534407598618,-0.379469911183751,-0.7215406902684907,-1.0161978906814597,-0.6510106953786492,-0.8096299970832984,-0.8260490000932863,-0.5848371391246724,-0.5057704785441889,-1.3433797412362602,-1.1943158575873405,-0.7266984026055427,1.4903523911748138,-1.016674074336739,-0.8134818294088533,-0.6972358876558152,-1.647277993304262,-1.1373857580551663,-1.0634887215912743,-0.44653040127871363,-0.8407025646740892,-1.3130358222642353,-1.7702899676728696,-1.0641190877490478,-1.4387176271155897,-0.528570287903841,-1.1169981241557199,-0.3696925660999968,0.9906464537271347,-1.0803100628072195,-0.999294008589458,-0.204462226391549,3.647936405104243,-0.8604285665372436,-1.1396270516377014,-0.5050658707590993,0.032362930735398796,-1.1951193532308326,-1.010528078744822,0.598810557442893,0.9300278137362021,-0.9217272072839711,-0.4114776173757147,-0.7934315623635856,-1.1008125348642852,-0.7706314025897198,-0.8827976911269474,-0.7043460256351194,-1.509048237661337,-0.39915679882054506,-1.4009009013161156,-0.6322996447843151,-0.8907398987178425,0.558479212822667,-0.8528002141468815,-0.40933362818788716,-0.3661904170764934,-0.27616628893096995,-0.8369724473121676,-0.07982149922375369,-0.5849928594029986,0.6379348190020421,-0.823279847872936,0.6171315306163487,-1.2600022503529833,-0.4994830160827812,-0.8613438404743076,-1.2861343156374754,-0.28083067168983517,-1.2232855312147364,-0.7017030533322414,-1.0894808902868676,-0.09371797775681145,-0.8841059958418095,-1.3752501813994036,-0.41546729916028474,-0.5891342268724886,-0.8598137864587915,-1.3468659619779004,-0.7362205142156717,-0.5975043910665591,0,aya
-0.058410882117157566,-0.3608605465234895,-0.3189973156648875,-0.811857549704118,0.009522111058085031,0.09566841276316118,-0.13855679525397888,0.1424051279029263,0.29778938912615804,-0.11091200047273314,0.004733212471310742,-0.2696751371373038,-0.40019102042061405,0.05569345250650468,-0.043443124199114835,-0.3729130584486551,-0.7268583229110751,-0.40297990427914854,-0.08627100926558784,0.0767773173515526,-0.08243171745280209,-0.014495325217251007,-0.44306538740121776,-0.362099590765345,-0.26074927784635155,-0.36678232144825673,-0.03029097711613174,-0.04654975488848962,-0.7267761105284145,-0.33747084805995226,0.07614738064712237,0.13906782337515455,0.2587151960179131,0.02209221826641615,-0.18151139621798626,-0.35169872456364965,-0.26909685412024753,-0.3138396411855249,-0.29453589938433367,-0.6668050712543198,-0.5027921200093494,-0.44997540894371085,-0.4147263303719117,-0.21939492146891948,-0.01576038378538394,-0.4770238439212357,-0.4612392166292574,-0.4343833821552024,-0.5205008501981424,-0.7539307528902567,-0.1432775935373347,0.1559329294352359,0.06897182361165098,0.031132036276968228,0.1894980079067479,-0.28430046932994824,-0.2022857074259417,0.033654903113132476,-0.180102228158188,-0.13867332104962216,-0.12965621129062235,-0.2545068757594951,-0.031396005018068295,-0.009928083021054149,-0.421728802975114,-0.17064324034490505,-0.0587475268873133,-0.11422147518121283,-0.16288488968770734,0.12349051648550151,-0.03737060368273641,0.389132605115796,-0.15342767907976762,0.14293780180052337,0.2636123346365271,0.08412503178319768,0.04678279822060382,-0.19076450224427105,0.2912766469423549,-0.08189674597377646,-0.18911621416242833,0.38547427872895196,0.0058448965499308305,-0.0237091133425204,-0.04866720713980849,-0.05140889570273322,0.052517745702062385,0.054404637888110396,0.0502739232441323,0.06556066789454731,-0.18293738209304164,-0.25767487576754705,0.07248977014109761,-0.18725114251917319,-0.3431135702687179,-0.1567201716175803,-0.2092481186382087,-0.2593785131572078,-0.4768600384509811,-0.23603906126244348,-0.2789761777594574,-0.06494970404601602,-0.3819483931746504,-0.18538318885820526,-0.40499865641621524,-0.49644014033270567,-0.931432332351073,-0.17369802542749438,-1.0207388983190524,-0.8411621755438042,-0.43540943983881175,0.45089892927666914,0.29403502183299557,-0.5567258067965954,0.13032543888140283,-0.6674364680261471,-1.1522800215730886,-0.27718342726221934,-0.8454769118904512,-0.9402145043964321,-1.062998662643223,-1.3556863866554534,-1.0352007930730271,-0.7402316752134596,-0.6731330569191742,-1.1273343901883988,-0.744144534786146,-0.9202146262102201,-0.889113534503104,-0.7546129213696428,-0.8660172964316694,-1.4112968788729052,-1.4029217804402476,-0.4381986139879823,1.477749211924641,-0.19132859422621193,-0.12118499752419827,-0.7031806715458998,-1.4180061924399419,-1.2861718691374304,-0.9272796056671803,-0.42953016839589947,-0.7482667772137911,-0.5012973420447434,-1.5418590500723446,-0.9362677733629189,-1.1837599443164288,-1.1121733674305208,-1.1873272789208,-0.4413283395902709,0.868830051760985,-0.8467816224507682,-1.1987425397909661,0.6472081803280911,2.431810356894196,-0.02216904720618841,-1.0977798058258434,-0.9960670691895942,0.12893929048340613,-0.9785178967067547,-0.8266719422966506,0.013835007534848657,1.1374887823709094,0.8910208537751715,-0.6213706196509118,-0.4431042706284433,-1.1179899504203215,0.39422143159772416,-0.6244371038395091,-0.5768167958978688,-1.4345100388497296,2.340842388471753,-1.0273344278676755,-0.48838017951073787,-0.8603057852554071,1.7277077506956775,-0.9726959551166372,-0.611957024431698,-0.5164779155547153,-0.3734870512212107,-1.2370647478090877,0.00394237882506966,-0.3816991264353398,2.9952329333701533,-1.2965499244713534,-0.4107613096080483,-1.2775288411421377,0.3253557271380631,-0.3920761865096145,-1.422303219566176,-0.0006638458601369261,-0.7583222636026344,-0.8877841187985056,-0.7087101770307449,-0.49754330261206287,0.29495973227932054,-1.4290459224523717,-0.575046818497171,-0.5039692665879443,-0.8390262916896053,-1.3099136470003097,-0.6266856948589375,-0.5035869032100453,0,aya
-0.09989030666536768,-0.311379186462313,-0.11786359898366551,-0.7714985651927089,0.016201536348428962,0.07536789217444034,-0.22419123998451165,0.17033695106607827,0.23215531767749928,-0.1802462571554419,-0.011235870911301352,-0.17306537629259228,-0.3250807081890843,-0.04895266724142233,0.02180669926997773,-0.24122180046704766,-0.6490894063266726,-0.34540904335320316,-0.08784125303789977,0.06012228569459361,-0.09954151483600135,0.07745702309678697,-0.549939773943061,-0.33984438797199124,-0.09090159382221365,-0.3524551248757295,-0.053370159824051425,-0.05797650946485691,-0.7112842775954015,-0.13125773433365145,0.08901707300960775,0.12901825716393078,0.10035931340313145,0.04325286792250929,0.11506304581442206,-0.24822997035845418,-0.39344804108474973,-0.2400813002143803,-0.25088726552100693,-0.5683944920580032,-0.4536426497052175,-0.40372238930811694,-0.36089594175395173,-0.25967757087455867,-0.07638904776612312,-0.4626974617953543,-0.44291372453374434,-0.41997506946623,-0.4724566945458906,-0.6541917113607011,-0.2790302148267752,0.22001560570017176,0.2143023656413529,0.07063813188636461,0.3402482737307007,-0.379958864021216,-0.1517690787056891,0.1828202423484356,-0.1100459965230369,-0.12064076827053273,0.018330319578874623,-0.1789002541914661,-0.1049288941255067,-0.11474686450615122,-0.39469626964649773,-0.19280809261412193,-0.2706331196554183,-0.12203907024283095,-0.020227560038905454,0.03893635379099043,-0.010010754358941894,0.3372339980028624,-0.11411447375434192,0.19147669815828502,0.20178581449026253,0.02993494959241588,0.05746110554364977,-0.0739009895807275,0.10378568708200726,0.11747267844224854,-0.1683782323075302,0.2547526182072954,0.09000506521267539,-0.03343976851608977,0.06567407395035983,-0.059971480689796894,0.062015069173987934,-0.07529316825948418,0.05750842919110725,-0.07674130843960138,-0.181757038880831,-0.22673513986379254,0.2087827554624427,-0.16590071489769295,-0.3860585115692082,-0.1024390575220347,-0.13020095784923405,-0.2440420158780972,-0.4915019631869808,-0.16737945949341457,-0.22722614596939308,-0.04819613926090453,-0.33887014758063805,-0.1993123070778501,-0.453173251278772,0.2622914926828351,-0.26587131825471216,0.1807296690751497,-0.7275355344662141,-0.8236031664743515,-0.10874139356958645,0.2124784490595062,0.0708926914938814,-0.3727769959666254,0.20071055791961057,-0.30709284761392897,-0.9450294862590455,-0.31739779596596146,-0.830581429710786,-0.6778746187650836,-1.0384620109061986,-1.1141320234343115,-1.0090397360143246,-0.44496796936836946,-0.17263865660558467,-0.7901256341220542,-0.7371359843557255,-0.9678576224705848,-0.30566096657085845,-0.3438852996593212,-0.4559617134799825,-1.0712265770507348,-1.0170047845469263,-1.1753170579261123,1.1954723161547944,-0.868605035346163,0.3505626008985875,-0.1703320428006544,-1.278877311209096,-1.1176072201950138,-0.9694748274625923,-0.5449149080256315,-0.9424684362984979,-1.2979017071328838,-0.5874027469856699,-0.4268533025217854,-0.7123510886358069,-0.9037015532796855,-1.0970065471643287,-0.46662115732623327,0.6457718701725382,-0.8523065973471186,-0.5606068923372115,0.6248591360039776,2.31488203678326,-0.8685793306899036,-1.0886999086944313,-0.2715399168231529,0.5161105376482007,-0.6275995395949105,-1.103158086013461,1.4846085256266475,0.6467590709032179,-0.9818031234789049,-0.37199515955735823,-0.7873291686058814,-1.246839080423399,0.24954798729321617,-0.29451553355216464,-0.5311139162706547,-1.4977460742959992,0.2102663334877149,-1.0003677879920467,-0.3113319018320416,-0.4804436569193595,-0.9389803483299469,-0.8280579966782623,-0.3551144803570072,-0.005366804983858512,-0.9951468586092875,-0.97085650039054,0.1847698945676626,-0.11516543791548829,-0.4988666426885365,0.28521712757008677,-0.1256251604069242,-0.7197546043083525,-0.538882106064492,-0.13988485030397,-0.9898927635794579,0.07056199019035318,-0.14864438232063082,-0.908646246827763,-0.8231997330276278,-0.3906200746969467,-1.008341919515331,-0.958812843237908,-0.23005975292475825,-0.29932820305905783,-1.0259887732198438,-1.4181894468766887,-0.5733791217820635,-0.03523044685925687,0,aya
-0.10244357292459554,-0.3372071987021931,-0.019130292302083022,-0.722041820056996,0.0645112602577602,0.10967148670690959,-0.18721466715119456,0.18999181310216923,0.14818556471505093,-0.1605712990003388,0.0043431741360949174,-0.1226301837484981,-0.2492216301626818,-0.00716034720735024,0.1334553338783513,-0.20161948421447012,-0.48136050155690285,-0.39327288954769357,-0.06293198607247265,0.07380143672863998,-0.2102091364625344,0.12436465677067535,-0.47355708852993167,-0.24096582263075206,-0.08717904129089764,-0.35261336385788306,-0.09231701006962578,-0.08625018337563373,-0.6427429830622086,-0.18238421812840178,0.06361923099158222,0.04995538601261061,0.09082255158491685,0.12568536219760545,0.22321185491864606,-0.11439614756317922,-0.32479058628135005,-0.16733252134079962,-0.24697584505426481,-0.49685258145460975,-0.3961571749860653,-0.3731396312078849,-0.3852765866069557,-0.2434563203574067,-0.10529268912078506,-0.3762467778582979,-0.42118232826402263,-0.3607476820751956,-0.31081797009136314,-0.4863857903704283,-0.2381397089296826,0.17759400726481356,0.2070608858135723,0.06552514962400367,0.4103479541131052,-0.3840007112883769,-0.0316380462207025,0.11524457956730369,-0.09381986036096945,-0.048034524712085615,0.10689082547955805,-0.04618599259928673,-0.053184615530390986,-0.14839299143677506,-0.3201902114069326,-0.2445781561554883,-0.2978942017839941,-0.22134492770494268,-0.022721865717536666,0.13925464068391444,0.06125881838770903,0.20494878054371105,-0.020221715394539073,0.20628693918450605,0.1812120483131337,-0.0386551866269886,0.017445354493943042,0.04583979855632638,-0.05343163095494112,0.10341884832866699,-0.09100256827381664,0.25321193151021265,0.1022055976139394,-0.06122225904926997,0.1126365033825601,-0.10702547957263134,0.06831953108110791,-0.0017824296390149623,0.04805945586598572,-0.012328487471772618,-0.08697183592942165,-0.13764180414007782,0.14905930909669793,-0.07698805542595277,-0.25808895154910194,-0.16564373396142448,-0.09268363639279768,-0.05114723467550082,-0.48339458874253205,-0.10163106949176921,-0.21880071394030923,0.031104337473482128,-0.27235234730991525,-0.08272370527666614,-0.36606256515942515,-0.1388605325122917,-0.602803143203705,-0.47315929337137175,-0.9289404658350695,-0.8026266693914932,0.7501192145444812,0.6874509630480401,-0.06804009349768332,-0.3707717104173119,0.6441077289766743,-0.043636886171705226,-0.5621995764709176,-0.19546911695821517,-0.5039478255208439,-0.9374890381641016,-0.8723524951354944,-1.2069860865594118,-0.8851516249252587,-0.17368550437085897,0.19949426941550308,-0.4016955029573622,-0.6728166987155527,-0.8299854586447095,-0.0747338149523142,-0.10207410866581126,-0.33175754642576094,-0.9106077125021547,-1.1171046309920545,-0.869080756545934,1.7310618783395628,-0.14488050198656838,1.412046373442845,-0.34734228686346913,-1.0908350208870639,-0.9845250257039574,-0.7920457876536274,-0.09291758773780075,-0.4798875868691761,-0.09280549435269854,-1.0070238735679606,-0.14086896939740307,-0.6078623340251283,-0.4887109405363167,-1.0520027688630267,-0.2228609086688212,0.7708122298929934,-0.2903491127983551,-0.5067696936705617,-0.004517869193845111,0.9949518007194212,0.18884245094561017,-1.522079479126783,-0.4039332473043252,0.4931403658890967,-1.135050098918377,-1.009063398068387,1.6949146568074456,0.4814370834342075,0.4578111270340193,-0.6661330634950589,-0.7236072358850826,-0.8304030370845323,0.8394549691896934,-0.09866490499992285,-0.32536143262873296,-0.932980421335247,1.1115716497466293,-0.6177223716867314,-0.15081619181383843,-0.03998717398785651,-0.2232261483059927,-0.6874090967208063,-0.25551635103968595,0.22184733902167098,-0.21206614626630088,-1.2111837883100705,0.16609875814966607,-0.06835623393469002,-0.6026602286786858,0.1030224199996701,-0.23466031318336203,-0.40757714297044173,-0.4120136840913073,-0.06047954729847827,-0.9572712805783028,-0.6390870205705613,0.22562642600711,-0.4559125340150901,-0.9000982206804959,-0.18048109863263878,-0.5366350503656883,-0.48183342383826044,-0.07794660371941897,-0.3806248252117666,-0.3656030117922031,-0.7589123701549825,-1.0125505350419828,-0.10899876203255913,0,aya
-0.13744932762466414,-0.29041153444391793,-0.08643604315464845,-0.599388897789275,-0.0169576561293624,0.11111264422594785,-0.16127155766608908,0.24175723851309192,0.2578058121125815,-0.12498164575494444,0.025988801462537802,-0.10228595282496188,-0.24374326858817533,0.009205753460821961,0.1842015328308164,-0.27550768870621817,-0.3607633651788291,-0.45919646193751124,-0.02220747764741266,0.09805328547758192,-0.21514384139302087,0.16616856863176208,-0.4036455463445206,-0.21955392427764192,-0.12691221834535743,-0.2795695585550195,-0.07606271347332716,0.048601625839060164,-0.6726441081677149,-0.0676363535692158,-0.017543048178574792,-0.009803587443280396,0.08701086910469952,0.007997302068828729,0.052119163366862606,-0.12515531356302811,-0.18589612362302405,-0.11693504645338534,-0.2663399979332058,-0.42425095004463687,-0.4713127691632741,-0.2833831544541255,-0.3173627112235529,-0.14416228868709635,0.031564651259134296,-0.31109192839002453,-0.4531835083435535,-0.35104232275611535,-0.34760625978549087,-0.37348186457681026,-0.049573218317884006,0.09120296615644903,0.04184732135177145,0.12599309923782254,0.4431132269616241,-0.4375994780139788,-0.02962930924129223,0.15706891294044484,-0.06785313850923172,-0.058722287484744846,0.17168179875108372,0.07234331704911014,0.006683975042634059,-0.09681092886451281,-0.2900736020612167,-0.2576639964905622,-0.3124878307880828,-0.280852690204348,-0.061962389474021766,0.2477916028404969,0.1345372032681281,0.10066271626943522,0.134210372509114,0.24440275108076365,0.009958179561469006,-0.05332334884985874,-0.03311246035114064,0.09264637793974899,-0.06277440989558622,0.17696326919985575,-0.11472649842646192,0.14053644460697753,0.09282512330406084,-0.12448508976226731,0.2351159970610919,-0.056427332002331895,0.1846728721610638,0.04808687720668819,0.03640465236423639,-0.01708186479061522,-0.0056079765799927255,-0.09297531260264631,0.08141128170432864,-0.11953491540992708,-0.27655290469851856,-0.1172892158832877,-0.009317607239649613,-0.06394047676255765,-0.38908265822744625,-0.06746317482343137,-0.1964603452968854,0.009152215876799622,-0.15591837360775412,0.0006520065623914781,-0.37094661337226287,-0.1408227318449413,0.6022939862009347,-0.4813545984867682,-0.6329155404581863,-0.7528766072890339,0.6795915288267734,-0.04336008549656184,-0.22757574745719175,-0.49832240081382106,-0.05019836396334802,-0.2319961201694208,-0.3069363341005198,-0.6513388935212698,-0.3696414909845907,-0.9629825444342848,-0.568154249059091,-1.174694204442517,-0.8453374478370828,-0.0988460887765589,0.5046166243857728,-0.2732379160278549,-0.6994743578551533,-0.8960547383330199,-0.20907146968009505,0.2990564874312703,0.44424341595280414,-0.47372714452040887,-0.6908166226402251,-1.0235182075914522,2.406178894444819,-0.3759970528443255,0.7394180583472967,-0.1582634685109071,-0.80273081165982,-0.22114518043133566,-0.21336988278486635,-0.13525273953056619,0.0725670239963337,-0.6387220597619147,-0.6457450689929476,0.568672623120644,-0.4632518582781019,0.06161463898194515,-1.1768239336124986,-0.8825138842582195,0.31251999632934735,-0.4436193625328063,-0.7683863592499915,-0.3527859754533118,1.8663032663161976,1.43118381463659,-1.4304383701454986,-0.00818660202374622,0.12727297667415577,-0.9568080435239424,-0.9452403856566051,1.566659021843231,0.2627224407562177,-0.44025017423980967,-0.4681373972899626,-0.24653891391864982,-0.11890549840413389,-0.03929091745023576,0.12785676416212036,-0.25221387670411155,-0.627264042133546,0.00435753599162534,-0.29758951511235676,0.4307058553077687,0.3325949656452439,-0.0038914989126094925,-0.8511769480980979,-0.2908651600193055,0.46288222762223313,0.48813491556474614,-0.9385215902406513,0.40805232910965544,-0.043070782702412914,-0.7756107926726191,-0.1660941841017372,0.5065200538710787,-0.31802100390887506,-0.489393014690736,0.0192067149152864,-0.46143298471705074,-0.4854046038897731,0.13752055943801406,-0.15357487997547203,-0.8437058687218683,-0.40414155906898863,-0.7508158537802053,-0.29141667608550803,0.18238802342995264,-0.35941991346419117,-0.3081832586561747,-0.6591033280470479,-0.7944082954265576,-0.15771661777423088,0,aya
-0.1299586499783804,-0.2454140654973405,-0.08185453121451357,-0.5878036193983613,0.02226540815018465,0.07704392468731226,-0.15075623155409812,0.18870977608912562,0.16410896811256967,-0.025824661802906827,0.01647912518480596,-0.03420655969887323,-0.1778985457517822,-0.11731581208010838,0.2654338015286402,-0.26831290845257755,-0.34312945121125094,-0.3815217032496829,-0.0235939813703743,0.1294571649656648,-0.1872051397248509,0.16978329627873837,-0.37460421591362836,-0.2287933781985424,-0.1302365801607302,-0.2430283112746295,-0.19246442379223896,0.11404078528608112,-0.6299057529277429,-0.07257516766949483,-0.10667268733960408,-0.10380968560356563,0.15684015284748326,0.06034780828896707,0.035520851138341254,-0.11996743970139005,-0.15276072062682625,-0.08217330746254936,-0.20858121449335804,-0.3306555763835313,-0.4340976196166898,-0.3096229629213685,-0.31835655522090006,-0.1082912835157443,0.06953228056258187,-0.29110564408899403,-0.3751888085859226,-0.3431453943271107,-0.2868459679127325,-0.3067428507844371,0.016140772931007425,0.07721094613874599,-0.016166639206513747,0.04905843847792254,0.3875155437153197,-0.26940265983795114,0.00126303973913411,0.14042466873507223,-0.042000675856244854,-0.13049674290240146,0.28192680479018856,0.1810317264592045,0.029126579984073083,-0.0935308627823408,-0.29382978882224803,-0.2303858478340431,-0.2724019476335587,-0.25815899948401116,-0.0792054261302742,0.35047096252705934,0.06404499909815932,0.09042400636667863,0.21848443964726766,0.25979614121285005,-0.007659884776871047,-0.0777580059399613,-0.07153297624136376,0.2116019942397527,-0.001022319355639271,0.11928619301208855,-0.11221130039178591,0.10398301504398892,0.09864895207095238,-0.059446026779574765,0.2868468384993083,-0.12849336909221953,0.20471401983817145,0.01986704378779126,0.05344410331503596,0.03068081084742563,0.03873802669009698,-0.11125764292367839,0.05874016165543559,-0.08728971224764073,-0.3191410803314182,-0.12047650202635281,0.0434557648942521,-0.060433066960640804,-0.3119878355366407,-0.023001461028866365,-0.21525342971789757,0.04126820303132901,-0.03886620423800515,0.01739015848753338,-0.27388623935781775,-0.4500973062742501,0.5549163654610166,-0.2637649862547704,-0.5777103438670422,-0.22497827319089236,0.9732023630187774,-0.2306784308943197,-0.10380808097351805,0.2474291568466249,0.11812068368207498,-0.4545445184996128,-0.38650487675978695,-0.4547953438562623,-0.4409117489760769,-1.0758755137667722,-0.7441235373429836,-0.8016846789829031,-0.8623850534812754,-0.02941557162736837,0.7336207370612684,0.3996143430372016,-0.6779567066426728,-0.498748631612765,-0.13323375339543642,0.41191709087099576,0.9340631010949854,-0.05254453314796959,-0.20870896354947976,-1.545346710830152,0.34992880619626154,-0.5220652949001025,0.2449153329164694,0.518844859386548,-0.2956753448628856,0.026519911132410368,0.030938993536608908,-0.18547629099494894,0.6765761832174354,1.0233391715854667,-0.7437013897381446,1.1333384862524205,-0.299412108161022,-0.666752042676128,-1.0329062956863648,0.2764127252713581,0.08419889624722811,-0.047690705272872704,-0.4022405906636354,-0.14172985597796603,1.9206256086082931,-0.773838117071665,-0.6307593142236976,0.3768522046727194,0.37491559979097583,-0.9590258717847479,-0.5864590603286761,1.2707384721264903,0.5403581272528295,-0.8612922300220361,-0.12793307282987096,0.25175427413673496,-0.0521821002981527,-0.40454125416867315,0.6304721704383389,0.20387197891586395,-0.5634505507071887,-0.009558909663094563,0.10635263165569814,0.5571070594346694,0.5830391268042819,-0.7861778275834543,-0.5439432385183285,0.10793166381658839,0.4055520210044857,-0.5607705448250744,-1.085562378374312,0.9542060084454835,0.10197387287877877,-0.303380690240004,-0.16010101929321752,0.5333341904394946,-0.17886261849468055,-0.8229704906709986,0.109967125599265,-0.4721424341211053,-0.7548848864135064,-0.6042235978367076,0.3856556785866862,-0.8770006731802454,-0.38177552602217085,-0.5758310246282858,-0.16046064681661143,0.8798082136644247,-0.012885554885944036,-0.2482591122608878,-0.2535851164261628,-0.8493779001376881,-0.20327606443427726,0,aya
-0.15810913200310914,-0.17073086841462182,-0.12571220051551416,-0.5033398484444211,0.062084961383757346,0.13638888492214496,-0.17928361312651833,0.1761619989027085,0.1886025995602281,0.14106294522605883,0.06288478812980457,-0.04870803264934714,-0.2877625797442413,-0.04528695966686388,0.2698003964510628,-0.20038900098704687,-0.2647660172949964,-0.2378387321499581,0.005973085624237927,0.18644420082724772,-0.293221499651882,0.1764521040124347,-0.29076212334569734,-0.16293354372798888,-0.07219791875493282,-0.2732459618267806,-0.1785550638420295,0.13012089611410343,-0.6418992829286955,-0.07252294335213309,-0.15874046098411285,-0.06752300670129811,0.27859117929784294,0.05832846273656048,-0.005920149287383198,-0.14952936181297172,-0.10528642749931087,0.024290932340665955,-0.16287262714548728,-0.2605605895091052,-0.46192980183732346,-0.1489430388827327,-0.40785398510633697,-0.03580531658552523,0.1521318909893697,-0.16105847112090854,-0.2970126243486188,-0.264322108948044,-0.24932086578653245,-0.3051320845828844,0.0345585693160657,-0.01964064736359659,0.0015628508495392854,0.047698293106672125,0.342996159853908,-0.19786720103765432,0.03002719918102658,0.07188544064704164,-0.1052992820853247,-0.17063917552030966,0.25433349120887805,0.25121095393514475,0.09055073314471278,0.049171789412699764,-0.18728345217050582,-0.17828060689457698,-0.281377784204356,-0.2935509057056387,-0.07852827428613451,0.29037797882415667,0.028779821048803125,-0.020832006786636336,0.21547085567542576,0.09196396583286698,-0.05326453006590336,-0.012544413948289253,-0.1103147760772332,0.4434804687307739,0.06840292072037774,0.13581866458528097,-0.0706418713064997,0.24111443539535166,0.1732157326970286,-0.08423817237712569,0.3882840799794992,-0.14110879388007344,0.14270497728978254,0.03615241647791204,-0.05925090246065409,0.039985371375929064,0.1600098107871535,0.0058403417699859255,0.0798711763898218,-0.2237086324066743,-0.3673501003725082,-0.024704027220832644,-0.02652568623837366,-0.1267502807448632,-0.25011589709048854,0.01968157656330536,-0.25921764138541203,0.05605032308306316,0.18234951015462522,-0.03873932446624705,-0.15173206642232312,-0.10620020402421057,1.9370022861104825,-0.3468199000688786,-0.2651330946816075,-0.07105144274811334,0.015532910685899086,-0.27927407760249,0.12342232670978132,0.4917302883938959,0.07254418175444462,-0.1443540886134841,0.008911315272056438,-0.47171207403202364,-0.03201327555109157,-0.9630306976655841,-0.7212491026779988,-0.233541656562788,-0.801968047020219,-0.001430677972624657,0.9703960654765061,0.7450784608943827,-0.563676970129716,-0.3629685993682498,-0.5195268224396464,0.3096710064854676,1.2842848818879917,0.39226170427029156,0.45017931369915093,-1.7221771423950354,-0.3011396001344775,-0.706270180392604,-0.23985282070925454,0.2742267159973964,-0.2644064155863943,0.03281403730273659,-0.0911473558364739,-0.2830058633835764,0.5861702966080641,-1.0615490390217286,-0.3035503266155541,1.048907946059885,0.019336579097167246,0.9665114785048114,-1.048506115748384,-0.8438636789416605,0.09444173391815451,1.5869389180456006,-0.6188371280326785,-0.11224679327324781,1.1607489732046425,-0.18692456194504825,-0.9079120867638905,0.09441003994653345,1.368075122567934,-1.0715641961284228,-0.8444175909810793,1.1551988128434558,0.24690868321638193,-0.8954879432597005,0.6103405398036998,0.42126002626200376,0.2191257106620866,-0.6472405416030966,0.5735828529461895,0.357081852950389,-0.590319876119988,-0.25084930439855707,0.1835909361375634,0.5923172875625973,0.4756518239251534,0.003259645107952582,-0.0162811492741021,0.08558320982015498,0.5526405890696432,-0.41230891033017203,-0.4214031130646313,0.3099995627690192,0.21403533281827827,0.03178964268197171,-0.004863370124112523,0.1861315717377475,0.3015530114659659,-0.5734406886208608,0.367283937810149,-0.3979328555221467,-0.07517598456019411,-0.6557951914060828,1.603598684316278,-0.5675699653165349,-0.34987740618604296,-0.09947348902918005,0.012170317923200363,1.0296900425981734,0.08289221769926462,-0.42844901294284166,0.13132948989576185,-0.10985275688128793,0.004931096371481854,0,aya
-0.05834425285143773,-0.11704961197410861,-0.040023499541052616,-0.27130988746166357,0.2114969400566867,0.1629217536583416,-0.046753017248616795,0.15527162236803513,0.1827843093110147,0.26159329760971467,0.18842110501060985,0.01413416243992435,-0.31543811089531765,0.033089231418254136,0.21466662060552685,-0.0667134755283525,-0.10720840032628356,-0.10932220749615792,0.04266004263429884,0.2743487652806681,-0.3553623731127158,0.2004550291467961,-0.15084477531504642,-0.0988321662905722,-0.04760696936792295,-0.4394462295436975,-0.04948068935071002,0.12879720820821944,-0.5891930549743034,-0.011804458691915546,-0.20346204274088048,-0.05278325294186768,0.283496956422825,0.051472568094603606,0.06286737031105942,-0.11821788027710106,-0.01707411584972768,0.04112753228856323,-0.09354370955232136,-0.13052169206092926,-0.31964704677728517,-0.029053650430804996,-0.30871361643416423,-0.010444238152109079,0.047299256799111476,-0.20732472639462993,-0.13680300178770707,-0.26153150136426534,-0.16444228171013411,-0.16332347949712026,0.0975888866177727,-0.00343716928202826,0.10148349963780225,0.0340594521940621,0.32886955396516393,-0.14872984625925778,0.16328450464640817,0.14286216872859878,-0.18795026281450544,-0.07969908494722697,0.20487441010705984,0.3617963347891997,0.14003726534178715,0.06363368939547026,-0.1341184618586434,-0.17198700653708965,-0.20568083550111563,-0.26069050445157443,-0.11198415595218947,0.3088375799720873,0.18403615237651996,-0.07659886375305026,0.13177499598778394,0.10803402644793976,-0.07421674828517721,0.05234184499362267,-0.09083797627378068,0.43274134784086715,0.09759830618624528,0.05142679904814061,-0.030620306840515095,0.3029083997994185,0.20700066515132565,-0.15344506328730956,0.44165406613724567,-0.1464127507115841,0.09957214310930275,-0.004379557324896839,-0.0600030546463127,0.031441601587239916,0.20784922344090923,0.09447186147384395,-0.024301569214867,-0.3631528006769988,-0.2168550465068032,0.05199567825789159,-0.1340088965482672,-0.36910597320965294,-0.16381218464050148,-0.04572350188057343,-0.22496799389596447,0.01842227205966916,0.5300193497760108,-0.3182925634671559,-0.009019818735995132,-0.11162426783795078,1.3659932544535318,-0.29411173564442006,-0.5153335432878118,0.5001180822823964,1.020202916326727,0.11072191938024717,-0.0369471934758,0.47590200877369127,0.3910973739883028,-0.22414722904467002,-0.13938099942997845,-0.26700029706028106,0.6715632814747915,-0.8267718046927117,-0.5623274888379367,-0.43120965810353723,-0.7467219027149835,0.1441894493701258,0.724337416718059,0.55505055389545,0.06188793151345814,0.25130450960331296,-0.39374766673446276,0.03466916307957215,1.3412231949929532,0.5806315791118144,0.1920424346846746,-1.2112135500370516,0.16398871242252794,-0.16021937373584655,-0.44473924207232796,0.1442179361230532,-0.013375047583318943,0.3033721598128096,-0.2294125402359953,-0.16095231064989982,0.9754707196038764,-0.7297991518770982,-0.8861035688866602,0.8430126556511752,-0.17864568878542011,-0.27366654114488487,-0.9581664762976538,-0.9207032757171603,0.15085947906937408,0.7285624541819297,-0.647107702881576,-0.7950275241420551,0.4767715020868467,-0.6018205587104343,-0.6623429744854428,0.4850666677893094,1.7902663803498253,-0.4497240567219861,-1.0449295381838342,1.246463665585884,0.24699702783716349,0.20107682703929802,-0.16101409850436943,-0.2670348448223908,0.6280490786214143,0.524382528477074,0.31794826853634084,-0.03751800785305407,-0.5666823204142181,0.0631888393177562,0.5182443070110202,0.4395049831466168,0.6211364271980316,-0.07531093536220496,-0.1835751042858621,0.37398377630506685,0.6711531263404927,-0.6884393545397642,-0.5091565968911629,0.6785382119156116,0.3970272794681482,-0.1548039681506839,-0.09760504763920652,0.7038949125404579,0.19069149858644838,0.4294060432201682,-0.017294848275691454,-0.466442424732834,-0.12230251659380004,-0.5520979750704027,0.49708220401273734,-0.684309356234508,-0.5818220471142526,0.651198764573789,0.10747499424829501,0.2892600540454527,0.017754518603956965,-0.07994445869164973,-0.16266558036994352,-0.2794871534820923,-0.028987516272674017,0,aya
0.02918349656685588,-0.1331948255246853,-0.08366867853809012,-0.16606713594329436,0.13492276930794697,0.11767759780384504,-0.05518876124740251,0.13314459051357966,0.2396440814098946,0.2666747271186952,0.21543289157385093,0.07705250162186163,-0.20889166828306985,-0.008812595283988462,0.23887262110263532,-0.16505373164428774,-0.17577860381290572,-0.01257435993342774,-0.005951743567203789,0.11697879568266224,-0.3862674020772285,0.17341029560333557,-0.012749534046111307,-0.00943865165070515,0.13194194952657742,-0.409624730223606,-0.037704994243017126,0.10701159854726772,-0.637823128421543,0.0056743761149032354,-0.19800698223968027,-0.09108811569656829,0.25716521949776616,0.06291689326335789,0.16881484912067654,-0.09140265004687576,-0.015634576655999,0.09621046150960016,-0.07481831652357987,-0.10311208524219156,-0.37557026914982516,-0.05196977570166738,-0.33034202369698895,-0.04359828669431051,0.05208571384425914,-0.13892293161563438,-0.09026179805709685,-0.1771500661751935,-0.14112785072362488,-0.17033646319211398,0.09720111311643476,-0.02661012147077361,0.047725815074024694,0.07763003036737563,0.22314296693269145,-0.09631235834587258,0.17104050906034018,0.15400277239738341,-0.2818645241804708,-0.06269542339952086,0.1354388550108776,0.4226562556041144,0.1558421166778309,0.004006163853925667,-0.15033645619587135,-0.1715377440598553,-0.2940604507956447,-0.2816947975850029,-0.04165259947795267,0.3839160354938392,0.2070072401636291,-0.06574993375061322,0.11645339593187963,0.03759243525537182,-0.11616557487666594,0.04347847557737086,-0.14928433732479718,0.4547628716448882,0.05885496352608004,0.040812596575614424,-0.03745703217920889,0.26181139771439327,0.1771442035380667,-0.19260334179539146,0.4815640919831876,-0.10077745176337413,0.09430204227462935,0.07182331115211013,-0.04493866229919551,0.03688492342141891,0.20214868785549342,0.08881749328392527,-0.05741318411301446,-0.3352317838514237,-0.14415220024300263,0.01758126225687337,-0.11063107978864438,-0.3487840494214847,-0.1334497227981587,0.006873792870944509,-0.20013799668762353,0.03855405086443221,0.5708745054988128,-0.2524358686179173,0.008668462324577573,0.5616885547107666,2.018293375562407,-0.48046095048287873,-0.4672572305403276,0.8569270926096948,0.8010167331949154,0.2410248513691338,0.5194423591329883,0.708990424635649,-0.5630696839003125,-0.7481949858904932,-0.3418158820521133,1.7955995228408583,0.9108369373376393,-0.36192022574402,-0.06044455796767138,-0.27409716380463917,-0.6418675429824973,0.07909459095299153,0.4373531610514781,0.5988984631705151,0.45825415289856586,0.27980837234508765,-0.9796351923484441,0.07019242328759007,1.5069290405679194,1.1215782490488035,0.41513126669833633,-1.4006365352400039,0.07507768654037233,-0.5446851217221645,-0.6556185001373009,-0.3330351004121223,-0.3545359832008923,0.11309260224593233,-0.36754931299769045,-0.4886796479170959,1.1434582459449212,-1.132442691315867,-1.170853128107417,0.2086155983959926,-0.4247683325203064,-0.28342498391086357,-0.9471773968958045,-0.7628675224642993,0.2065666175039054,0.9643606309060787,-0.3027426346679518,-0.5635940437915515,1.3145842462224047,-0.6909808365687624,-0.7086968690706358,0.04995625106486728,1.9576313266789316,0.18341128339907908,-1.0882083543598222,1.7832590689180823,0.008138314755639529,1.1679819499836475,-0.06338110647437327,-0.5210602746265355,0.9181758130442285,1.313189231466707,0.7530677859353725,0.3001704958147265,-0.16973319729530892,0.9856994581667164,1.3474202302622484,0.8756598818933373,0.7696157554156299,-0.5081591003704053,-0.006410780581467537,0.3150256437961924,0.5114523110398627,-0.5883614139725494,-0.34298358170384047,0.422729589395062,0.39311159820280456,-0.927621204428674,0.612586931238106,0.44236414217135317,0.10710158367197133,0.19548544385464586,0.24444885247530457,-0.8181754426782921,-0.014331157997542457,1.1352540685697075,1.0085223446907314,-0.5845775693430281,-0.7888243645982357,1.4588794267225509,0.6686253395473399,0.17584931611930515,0.023447602555719853,0.0832214631660013,0.7461720336787213,-0.4491921458785843,-0.16867997624339556,0,aya
-0.01438032976644031,-0.10072118330509815,0.025025363268718983,-0.1395134084472675,0.04380080203829066,0.06677351504467854,0.05224786521608883,0.07131315274313471,0.2417570633012478,0.2638543203643122,0.21864119349441397,0.049114316879708804,-0.15971396193175186,0.049763910575254734,0.2674512267131399,-0.1569390836508293,-0.13238589637878398,-0.07110973194653882,-0.03652424039327575,0.08083346380106522,-0.36489813405809307,0.1555939781628754,0.08690081953883477,0.06709395395450361,0.18599660676596722,-0.3343998485216454,0.06623406791032367,0.09812400821674001,-0.5719640805077919,-0.038133157355641885,-0.06476883454323676,-0.10100874033960112,0.24533858129669187,0.01576984495156663,0.1513710276973897,-0.005821113653078936,0.08687890830063005,0.09395257606004945,-0.1066086497362642,0.00031572714157300616,-0.3212849838531191,-0.007947773635228653,-0.2153809827064612,0.012798577673369872,0.0948121831155713,-0.12356546641392502,-0.020498953183020436,-0.11302177382221625,-0.11697952571618789,-0.0438512719521427,0.1518685378235207,-0.12607759290213308,0.04920705557664042,0.09282579652087183,0.17168026509428616,-0.1522978110241005,0.13276844964053763,0.10718736442891623,-0.3113389463719644,-0.055368998717244926,0.04560262283365206,0.4567260266322741,0.10625602293586558,-0.012575425622464389,-0.10363075119930937,-0.16000443413621254,-0.275917925730953,-0.28129246472307934,-0.12772356172918314,0.3545283214062522,0.19490589554408622,-0.13543215954460613,0.05911562855816254,-0.014076684608092088,-0.13568605706441486,-0.022600874491285807,-0.17134322611574077,0.47561175870459466,0.022428506145218283,0.03329110612046878,-0.04519066303736853,0.2347964234708109,0.1662174632985315,-0.17756631894561536,0.49284634227869095,-0.03451556102183989,0.10472696603138612,0.13758335298220856,-0.003922913031996671,0.04437074726231236,0.2291977496269081,0.22822114345538802,0.041905257396469026,-0.2212455878540611,-0.011590922806019635,0.040997439515568335,-0.04441342655043556,-0.2594759759243179,-0.017816742666559898,0.01429690690612368,-0.1441252647270485,0.10657155558148236,0.6177175317861119,-0.18309562997915102,-0.0020683518228985245,0.21427623926165099,1.9043522662367505,-0.14456897789824946,-0.43615457641722605,1.3868105967281728,-0.11870532435380483,-0.2892074037504838,-0.05462370257564732,-0.045406099457682564,-0.3400051689940418,-0.5734135133673364,-0.9038649657764541,3.0271453297038735,0.5332726789198637,-0.6286292416647786,-0.15810661130230186,-0.32756243212503156,-0.7530163802468003,-0.18372215730640407,0.3309311691807531,0.843685033498631,0.5531007415014778,0.22912065186910455,-0.33064818445121097,-0.11733121410986945,1.1277859510185286,0.6150062971651626,0.5969401461231009,-1.092433623000004,-0.9964085188011055,-0.8113546728319557,-0.8901731256831994,-0.5846993740562727,-0.1130892852118801,0.854267410197369,-0.4106340536301495,-0.5851390457665452,1.181411969491784,-1.1043532731998877,-1.4376674088381867,-0.14350403770585665,-0.8296131396625905,-0.5516326909710559,-0.9656236892760978,-0.6261430296717797,0.04981915294896336,0.272790847569221,-0.514640149763373,-0.4436080727721291,1.7528814001864437,-0.18631652721943773,-0.8970847112262128,0.414239287895325,1.5711943970669915,-0.9799338475696217,-1.041264431291811,1.605802855418487,0.17393720573376545,2.7102785233956963,0.40822476311031797,-0.7700079502822781,1.058214338706084,2.8956728650726373,1.2435546753995184,-0.0994576788105168,0.5426737657680548,3.230021223482714,1.8541552354617,0.46426189479173274,1.3137779973468142,-0.46251920191480855,-0.004168272777107731,0.32131219675771366,0.17189962376762744,-0.4111756898750559,0.10865344174119804,0.3921616216738841,0.07794049019632564,0.8182321406086551,0.9104731375144713,0.632566408972204,0.4942539132663567,1.005452085980754,1.909657890405639,-1.25384330349078,-0.4512894459189129,1.4909983347684543,1.5788886743071247,-0.9402126759884245,0.43804090850276817,2.0577205457562098,1.676162950753336,-0.10829803619858935,0.4226531423708816,-0.06674475492696043,1.2806588647951809,-0.2890483768125881,0.06825950199673475,0,aya
-0.16793833497255248,-0.001947271273125558,0.17477597681762988,0.3155036544852845,-0.2539039779514448,-0.27338766041763923,-0.07268011331897081,0.12143208508334045,-0.032040470836192735,0.08574643189208352,0.09169282755709308,0.06168557259076568,0.07086862435446777,0.026372268831711607,-0.28005570923786643,0.06875221791843883,0.9491065813987997,-0.19427302291555437,-0.025475140291030086,-0.1577106793262862,0.0001643048880814511,0.12975405354938516,-0.03275944335328298,0.1499432629072669,-0.09658302464123927,0.16471017253795348,0.12129311390857138,-0.24483388767576064,0.5207864600700354,-0.04513991026387947,0.14825649683296768,-0.36532073092335804,0.14166996340715857,-0.01629563365492018,0.1634131466097178,0.14151519343498722,0.3274124584245272,-0.12377500703864741,-0.13190443679894234,-0.3828107227503769,0.4607183064179206,0.42900080714413424,-0.08901622501553577,0.2937876233358156,0.09461542208033971,0.4159477080036195,0.25588881172496625,0.1680812035490124,0.17701377893329404,0.25690171434306425,-0.2404996782661147,0.02561768717898743,-0.24032034213487932,-0.2379969389537312,-0.008893929637189608,-0.019660092101363,0.17036398892550395,-0.11507501461863576,-0.08030275002448142,-0.17220349043332864,-0.07383792629559333,-0.33505427345032784,-0.2490130296181293,-0.1910862660404555,-0.19569733617202106,-0.0714671855590453,0.023283499934353635,-0.2206877468946738,-0.06892263900123408,-0.03871626546307219,0.301279668518399,-0.11856831958355807,-0.2974185706653992,-0.25686580096395867,-0.2540789267203374,-0.10550284509073474,-0.21025985940173517,-0.351923357124836,-0.007017364675265596,-0.09573309085742922,-0.09044817619684266,-0.12971472002596876,-0.08656332638813094,0.12645500020755707,-0.04835328474126777,-0.021092496360282136,-0.07500177889750857,0.041160807886301165,0.13883111509491305,-0.16905431918784142,-0.07596096691140962,0.1592009367088758,0.04752254770074153,-0.1454204806242376,0.044985192838189435,-0.10412233487927736,0.110292899329505,0.26893146296105847,0.187903806275265,-0.03916390340348422,0.09963772720423214,0.09709487056390426,-0.03596624032691736,-0.16685736976977972,-0.08253649700254762,-0.5665075306348132,0.0504964067631962,-0.6572937679371548,0.4114792916730152,0.4129149250796056,-0.34878010564034956,-0.7594373162784258,-0.049292446447491235,-0.7782579879531061,-0.37679192205388734,-0.7723280902838631,0.002072502503834974,0.20336860086813632,-0.38410292566981735,-0.17565367959738618,-0.22751952556437782,0.30296022444101395,0.7205626191031836,-0.12485096107190165,0.3531127735225981,1.4488563934020944,-0.06407676417179933,-0.5760363017232053,-0.05002092310090548,0.5777667499563939,0.6251426786329907,0.33989507735628033,0.5686745254520357,0.4809325171958221,0.685913406687573,-0.12643319790013724,-0.8817669473968217,-0.9439796892842882,0.2368218528200413,0.542622191231262,-0.29181819778848417,0.5817944906077763,-0.005861898746500806,0.7024770939367339,0.24381116734262123,0.06730243168939978,0.21874528542014007,0.025666068603572116,-0.6020513508000294,-0.557385314194267,-0.27970972911702585,1.6572333021424426,-0.38224075724790646,-1.6079106959672138,-1.3339639185283865,0.7734515510257045,-0.431843487109101,-0.7798040868971742,-0.32335713732532095,3.324503827841724,0.4776495418687431,-1.958703103859535,-1.7329657356009647,-0.43905340660900527,-0.3650609358982487,-0.05292738665967052,-1.4820240813446324,-0.8489875197223306,0.17284717550021533,0.3068656065519015,-0.4682803493934963,-0.9875293085561675,1.2123244155799353,-0.25345430575634376,-1.1331269377053717,-0.6408949560504197,-0.3844704604676356,0.22514602203108372,-0.8730030826023719,-1.0655757333805818,-0.677950625016947,0.5158082926651022,-0.13847160472020298,-0.2926851824442677,0.12868451897207298,0.5750925951070803,-1.316068236794201,-0.6438529344081296,-0.48796294385586453,1.58092417955548,-0.7366087135255533,-0.5932395641153615,0.10881130660596576,-0.10828151246712561,1.0584416600228803,0.06739698134982831,0.05758244961764205,-0.4129605348546609,-0.46159381297592683,-0.611267712247878,0.15634709992369378,-0.5636195578624437,0.1463673540689145,2,aya
-0.2351289240631629,-6.071282423389237e-05,0.2114383468564862,0.24653228988611806,-0.28080775961948246,-0.36719210512119316,-0.03188310709798784,0.0018471582467615346,0.02628243615933466,0.20256228341939672,0.14954590203778317,0.08486346037575167,0.030621851497383674,0.06663126911764711,-0.3675583383270101,0.07164313145165806,0.926471504608232,-0.18745624243034786,0.010467747247621742,-0.17899541500925142,0.04552832099705916,0.050755244854848926,0.002766062127346338,0.13059655106251353,-0.08848335370011319,0.23782023669047606,0.11034962459363291,-0.2679242360329824,0.5238944997067078,0.05947892332463805,0.13282050295348916,-0.34215788378167017,0.1155165711414021,0.00877748777514474,0.13591397452836856,0.14380513781415785,0.2817023423882048,-0.1532689933436892,-0.07726163904562428,-0.31127132823848713,0.3751591342906071,0.4126097953048821,0.0238496323313999,0.1671599816044152,0.15782379596430873,0.5441444797801662,0.25842249305609416,0.17597108851741244,0.17068878368738882,0.24821151169896138,-0.19048408582498716,-0.008214166536648313,-0.20590261719673345,-0.17881486882996167,-0.08658578134934317,-0.05839055197959358,0.07689554813312861,-0.10418481683213467,0.0705044498323945,-0.31806532984866687,-0.118005182215753,-0.30564166822854943,-0.2670117098557478,-0.14958118450663208,-0.1632471710916098,-0.12440106149542032,0.051964465835066274,-0.22305238751884218,-0.08133032050160692,-0.03967245163603679,0.32167686241729876,-0.07430050964894791,-0.416928717836359,-0.30133633804950277,-0.28061417108214054,-0.07033042269886096,-0.2210897464530481,-0.31422872259171375,-0.05468150448998827,-0.03789103039940506,-0.11213702058565621,-0.14585707523787436,-0.15633863876425474,0.14995271550476297,-0.051522003104350456,-0.006098127245698319,0.0016045271460130074,0.05657863622812207,0.13705999156066284,-0.19108921686818622,-0.17463692631443092,0.13103393143807937,0.07788773455680986,-0.08191462678834222,-0.0483440849779071,-0.07893840359841905,0.15678158041931414,0.2665162427787475,0.263834264963949,-0.07568986584231385,0.06013376232456162,0.17023723027098558,-0.07955014281717845,-0.08076509258855902,-0.1939494198329368,-0.5027037500603668,-0.20081099662805466,-0.4910156865904941,0.814921547271189,0.5310738488140267,0.13948034958190755,-1.0184472298058844,-0.11097048030490259,-0.5350117454462437,-0.7319897818425155,-0.9029509770253091,0.05413882745663357,-0.5699742058080214,-0.5700431014746918,-0.44010495626783425,-0.2121917383264482,0.10500686390013594,0.6725097582858472,0.45289532312499603,0.7499220677988355,1.692076682024639,-0.018947539026834763,-0.8599940329819057,0.7358575682180483,0.9120641690251706,0.9461086445312648,1.01588095858263,0.8632579731173352,0.0075887416091637416,0.6918821339821548,-0.5710721847326814,-0.7237194753325699,-0.6402028314854117,-0.3816420883568836,-0.05708250541791001,-0.18125963870821687,0.7572331014510109,-0.8216083952082913,0.8425934558938091,0.008149140834668857,-0.21260608314679744,0.033582367078437696,-0.4101017791858286,-0.6448867111694231,-0.23945188381727403,-0.514022013992074,-0.63012523743769,-0.4625385905400295,-1.2164652725638463,-1.360418100774077,-0.5272661579359388,-0.2852799750159573,-0.3250047261999104,-0.4316065701266101,0.6590407597856006,0.2809802368919337,-1.8868801948569383,-1.463784359518814,-0.569272318137353,-0.21828636075577112,0.0719267419270299,-1.518964989456936,-0.6862621539031296,0.2891221146629853,0.06340380382340668,-0.8620904397001261,-0.6105467808975764,1.3834516499305034,0.23142461525749145,-1.1160179506602372,-0.6676794555808802,-0.22725655017815324,-0.03551251936708542,-0.8156012531691511,-1.1370203413108573,-0.6909480983275974,0.15273114861201723,-0.1528341735896713,-0.616027636548807,-0.180241712681812,-0.04763646121405326,-1.778690228414585,-0.7940071106882498,-0.008787550244451176,2.290101785010777,-0.8046363449365644,-0.7885008160453438,0.4293135930587836,0.2825421288868088,0.705809413027377,-1.0155609348942245,0.3834075608293149,-0.32896980433743206,-0.1936917505801218,-0.8428385218309765,0.43339042785392484,-0.022246854973141807,0.06350547856141868,2,aya
-0.10723906058485988,0.01862706918436404,0.03655707700478551,0.3407853565634333,-0.3164972898596716,-0.2382544321072316,-0.05818614324977837,-0.025762528328757434,0.07933516932780091,0.30282774957416564,0.09688566754779894,0.14730627051847395,-0.12083636893352921,0.06348360608023627,-0.2641571352154972,0.13779971306698743,0.9738002845424448,-0.21188153742803684,-0.008182196546584015,-0.15712383873002653,-0.04334311819877658,-0.025256707095411893,0.03639174135098195,0.10782569786215376,0.009479575135505769,0.3105030915867842,0.14569404196953567,-0.1809743100826283,0.5202421856733785,0.006326299085594632,0.0826870107660346,-0.3571592360307697,0.03106507083396237,0.050501487341611744,0.06696748223389574,0.19306436739929111,0.2814677226054048,0.009122550807796202,-0.13063991815976636,-0.2715648941740468,0.314258756867169,0.45735000598878867,0.06257894767897207,0.12275545645698141,0.2089849118384427,0.44172251679855,0.2579064389464013,0.20053113440432452,0.09582119205779817,0.339406047620969,0.004621027496175062,-0.1385269071855259,-0.13170713542903767,-0.12755918505908384,-0.08714990005958746,0.1193738947578532,0.06381407915827175,-0.0765242500315325,0.17575957019400956,-0.2949422147464676,-0.001731427296421475,-0.29216271144550204,-0.2210818995292475,-0.08319327019481511,-0.16419029480180541,-0.19401668680298212,0.09104594548211896,-0.3360800986988384,-0.07629630909342049,-0.03033326727393138,0.37005770250228676,-0.03137329608237584,-0.36249691954151336,-0.254703733974327,-0.3111298357913815,-0.01150477696281691,-0.1486212900632822,-0.2393253633175291,0.09033715397228179,-0.0499871161553774,-0.1254457224748085,-0.18190246591053494,-0.16752827958133248,0.08234805567979256,-0.000628298597409984,-0.14357914027058327,-0.0025339161908498335,-0.0020145060491740495,0.06124358660885134,-0.21665874615874087,-0.14986328847280894,0.16622863736928448,0.06576140257524038,-0.00935207410921926,0.09056520859467787,-0.049781325703549935,0.21665289207364546,0.2732630681194612,0.2374035292645816,-0.009142325583000377,0.0003105110692629513,0.20336954040148403,-0.05280182163312301,-0.03882229005739613,-0.1198955236330819,-0.7161026130763674,-1.1443345166613872,-0.5944761478216781,-0.03015907927541045,0.04277699999550911,-0.38905069969448913,-0.8424817029311178,-0.27629997432040604,-0.5541168396861612,-0.41218801643808944,-1.056405037848941,-0.40757255757030264,-0.9716464018751956,-0.8213520249360128,-0.2353586728244846,-0.3525557968445981,0.18019926606583778,0.6499490724102599,-0.2997630858247395,0.5027903817584558,1.414673731823963,0.15668869708599775,-0.6906188065547585,0.3205085519106928,0.5957476678323581,0.5188662409803612,0.6167302173978284,0.6198164887292308,-0.6448748521005078,-0.5413557350354091,-0.5293819209183752,-1.3447304438440781,0.2463240747072884,-0.009312420112473605,0.10703322534238717,-0.4522549780358263,0.591334811792633,-0.6001355562667373,1.109214876295062,0.5503200590713364,0.6715761814347286,0.840454995536545,0.23596795251787883,0.0775651709132945,-0.45590095438365336,-0.6741905015494402,0.3164851578630965,0.39191664807414817,-0.3146214051893641,-1.463674074512237,-0.15171833515073133,0.19625909771590302,-0.7130911028282286,-0.6084398747851609,0.8659880447318954,0.9329586075042983,-1.57311327209334,-1.567023632214397,0.40179556600308064,-0.0602277432752806,-0.2768143721515539,-1.2394138226833327,0.2874867826867563,0.5028416671367153,0.04549134571766284,-0.8548919498626694,2.2019443638645075,1.5845598419401126,-0.11045848285533102,-1.0290413378390464,0.5629946005284181,0.5185840912674651,0.11716567336070635,-0.9968068003856942,-0.8310067120957817,-0.0650142728256227,0.16868108958908656,-0.39336028158064323,-0.005634914346910872,0.282185260197146,-0.0592184743133614,-1.873173205178182,-0.11669397764863762,-0.11022487693784545,1.876780312427215,-0.4357268142060211,0.14075079822810094,0.7867402467030423,-0.029798994954247104,1.211243804733059,0.4045504493428835,0.9203401618401017,-0.14697181839529655,-0.20867368045886725,-0.11519431909613408,1.2845880604089097,-0.13189972439641603,0.021086450926265984,2,aya
-0.08004468397239654,-0.031849078250713564,0.1445567320559923,0.3149905025441407,-0.22919692331106611,-0.14566191631568334,-0.01658598318689217,-0.045028911240070975,0.026059874681732088,0.259395326520008,0.13615043602378013,0.23176611105150574,0.06579266245589888,0.1588781154628722,-0.33659368773422527,0.07053847064154989,1.016951606605726,-0.051543655503711,0.014354841320150096,-0.12833188930809628,-0.03095835958563546,-0.1301902773044642,-0.06264860087066454,0.10528468048262628,0.09608138926087244,0.5524826979728216,0.3279294115769682,-0.04866358013966498,0.46027483199181984,0.037549472641050095,0.20560562293680879,-0.2147875966968509,-0.024410054390148168,0.07190506755863059,0.024494925470648975,0.1704856999562372,0.24409622971997727,0.10661871396097053,-0.030654158559428466,-0.21370749084973295,0.40303449190835905,0.4492115339445715,0.14528976416407902,0.05200045191118995,0.2068489148059417,0.4951018876462175,0.23846211402059772,0.21533965680516007,0.1697849163551424,0.3498669578320909,0.32652650894090224,-0.14771775791747213,-0.01679178173198254,-0.03566137787747475,-0.027678803853574414,0.24925311392543878,0.2465815926804798,0.03553978818623225,0.3431306898347134,-0.1761490593784929,-0.0017009515544629003,-0.3190127924631101,-0.10157163452371237,-0.13970776210172844,-0.15144620317407653,-0.20055486986674928,0.0426827057910247,-0.23295411534980867,-0.001808274194998399,-0.0671715388688861,0.37945379823065223,0.07123255876666552,-0.3569193908612158,-0.28972229225760154,-0.38278218883354315,-0.02962626630924012,0.013401743964073861,-0.2336403382940782,-0.12611580655425458,-0.13749515819029715,-0.2572616495697667,-0.26869783527932345,-0.258779602331296,0.0735816515126143,0.0940781185972691,-0.17202993274449235,-0.09829061282937186,-0.0802290281939811,0.023325822701339004,-0.17846950584243085,-0.05170803013824402,0.0503984629201092,-0.04038351139224366,0.04884252910338556,0.26280212781217405,-0.11585621753846093,0.18917556268851868,0.23699401196410727,0.25978342784333475,-0.04896999397427573,-0.028663643618170163,0.11881311349105451,-0.050197454835240865,-0.022216800019466756,-0.10316307903167718,0.07046651960501599,-1.155083065570053,-0.25552544796514365,0.6514671417828539,0.6609516184774534,-0.3011911524792204,-0.565882026017068,-0.27434078419332797,-0.23851020403058162,-0.40720978162543214,-0.5891419310703729,0.05354207512929262,-0.6474378151790197,-0.8742557162250423,-0.1790834876924307,0.22533779422606645,-0.09060769894190707,1.05444890506332,-0.3941971280329011,0.39172741081113227,1.051087412718448,0.46231100651361806,-0.5405138748049609,0.8662482750086423,0.2668496971872175,0.48687405445058596,0.9226786876726941,1.027784896360006,-0.682888945643658,-0.38643698836051643,-0.6192329857785299,-1.9037317083907614,0.11672670841299705,-0.2526341262376288,0.20636192963724487,-1.1615795073277615,-0.2657763593649687,-0.32751212797231316,1.1295382806459522,0.048409273665805025,0.04265623868249324,-0.12678912960287467,-0.3498951528931288,0.7644410571286124,-1.1733760162748512,-0.5514800421039295,0.20206113726132416,1.3723158633860484,-0.9168848749334991,-1.3326891980625344,-0.2663618583100374,0.7933033125391075,-0.8794155641265279,-0.39513785901936777,1.3862341631788786,1.910940142360751,-1.5735683710833885,-1.479098637318506,2.1521717192903385,0.5166920109909332,-0.5387146929686546,-1.322787767766568,0.3215509528379437,0.02607968254414869,0.14867649973888664,-0.7621478908742987,-0.4100684622427775,1.5403316462397896,0.7125188073663399,-1.0905213305114188,1.037186736627847,1.174815061943276,-0.22744199880875637,-0.17755801676730978,-0.04649287679247932,0.8427487264538249,-0.01286654365095599,0.03339526386904891,-0.8520021975957136,1.4485940386210283,1.1956508085461732,-1.7227897940607355,0.12785075525858744,-0.730640834004427,1.7579512745104133,-0.7152306641422964,0.19543211061485208,0.16442393453851376,-0.39949987033895734,1.258020177736313,-0.26139052795754786,1.4679033887260151,0.5555711120724238,-0.012372087866483625,-0.192260062481031,1.2279472904224757,-0.24882627016488648,0.10186575813313113,2,aya
0.006718165457397487,0.014575699339840749,0.10877561844981222,0.45230472125475973,-0.25149790009428713,-0.08589158171231606,-0.06594730567655556,-0.007684576972712958,0.13774744952258272,0.19059734541881435,0.05565997010696841,0.1577248109632917,0.2344201097985749,0.12063724961150224,-0.3483075500505144,0.24204908152518567,1.0003724987469975,0.01236772573011935,-0.10377733372405881,-0.0657162620979431,-0.09118070281899687,-0.18513845230633888,0.014790891254058261,0.09320306650417225,0.18270661848520225,0.5024938356846652,0.38576947911368353,-0.07170205440343722,0.4792902627309258,-0.0007867994646207206,0.08406535012143974,0.03318915524432578,0.04835881165182505,0.07725020446215865,-0.016696640279682894,0.19830102275597047,0.2985900256788472,0.08010968101952251,-0.01038294023502323,-0.20386044291908084,0.40823987263355765,0.41931435457369676,0.2961392084205076,0.09164884449474907,0.16022724908827482,0.4739924909427275,0.16841658864704692,0.17518415901013332,0.23283133202467987,0.39241277420341186,0.3062768603301673,-0.1636090952978415,0.06703915822710921,-0.030208699784931632,-0.10583552169714851,0.3373337182902733,0.30056340522746966,0.033444662587189956,0.3315408100954433,-0.1843717909251334,-0.07889167684843447,-0.17916801784529846,-0.0740984749479923,-0.20754227520274582,-0.11831414193229854,-0.15434297696706573,0.09064419154959638,-0.2154957905216256,-0.0056151888094150715,-0.10049560735061966,0.36384278318734187,-0.04853545826904892,-0.41791213812439665,-0.24527017266742396,-0.2592277973255422,-0.016178041245151452,0.02734930796772299,-0.2723261301121204,-0.20617071792657143,-0.30292567990559144,-0.173542821994419,-0.23549990183771238,-0.25971228962668297,0.07262953518692913,0.11459044246995431,-0.07844538855856072,-0.10467736145691918,-0.1255692079776409,0.05361460103897363,-0.15786172526623918,-0.0016759792355965878,-0.0021118754071287296,-0.05015194399674839,-0.053637753404452704,0.24146267666252832,-0.08031602273727026,0.27925484244443266,0.17249657804585916,0.2777926501175433,0.0769779758820167,-0.09526322958617099,0.0787381074160725,-0.04101810045929667,-0.0288627956814222,-0.12365282783380806,0.3580310441044058,-1.1838544540922011,-0.07973156310584706,-0.0834624722738779,0.09522096272035717,-0.8012333291644297,-0.13702924520407686,-0.3860589286619346,-0.6045183398269123,-0.013740190517685082,-0.7132409536604861,0.05697184916892105,-0.7655086817711845,-0.9499338014601598,0.08338127490796317,0.779376535215587,0.00921004528528701,1.7597226489224183,-0.5440677957628017,0.029428949714412702,0.8082859747816522,0.9009843868850633,0.5608082964935538,1.4662439773670053,-0.01604503548435229,-0.03744676304621765,1.1905369023355992,0.5541193347508755,-0.4214136358746944,-0.12570649222387026,0.06302359467967056,-0.6526773829158815,2.0367805914720023,0.18730865857139936,0.3729255040377079,-0.999706867212696,-0.35923040014658664,-0.17030404002416624,0.8985363371960773,0.7119647921357022,0.3911259304581759,0.7522912397533245,0.29046129400847304,0.8773310942949746,-1.1984481687458153,-0.7230521874891213,-0.09073399631339656,1.0996427493575855,-1.2282888126045293,-1.5791805366110352,0.4842760301708466,0.5647573741702544,-0.6965074094909178,-0.5724738287883373,1.3401964344685062,1.3339314596012848,-1.852134310154529,-1.4354932413921333,-0.26203226611856967,0.15924087436214873,-0.17548730910408322,-1.4634123584597725,-0.5388394709929486,0.01758075572417213,0.44876158844856157,-0.6081252134956524,-0.361685392903906,1.1991854008833276,0.2885027785337118,-1.1371747598073085,0.4773584368460681,0.9302435303517942,-0.9455971450596272,-0.42329405059917125,0.6300002466140753,0.64200021647022,0.09688768449122492,-0.18209516647484303,-1.0535855600671498,1.8331149243420768,0.4201543467871338,-1.4183894916487039,-0.3767210701257617,-0.26566837773749064,1.3828382903429879,-0.5631018220790317,0.11903036148163681,0.23995049449397599,0.02245635684682031,0.9420828766145477,-1.0801377956908171,1.5029506843817257,0.06994377784199152,-0.370336765864868,-0.8037959295649951,1.2655848760272401,-0.35886924667878367,0.0846669468064554,2,aya
0.05883735792054601,0.12089767003228125,0.007101708817197691,0.4548189228959511,-0.22446640138233936,-0.004227197801420116,-0.09317615174850988,-0.03696398569897596,0.18972412723415868,0.1452926205286546,-0.03938384933199347,0.1371222841147709,0.2654738167252565,-0.02151908301400809,-0.4027399886621265,0.19147394022218828,0.9378131930180412,0.05749107128034722,-0.10343842452375794,-0.05886316692421293,-0.19934075071397642,-0.25584919204828555,-0.04435363816104441,0.10489454438200313,0.2053300667958079,0.48629520166680085,0.461605885416143,-0.10961549331629507,0.4348255157821643,-0.018717699868880097,-0.0028691875720592967,0.0026532020929627663,0.11712100643159838,-0.018480871212236356,-0.11648446927168964,0.20627747021360618,0.19457664851952763,0.12669222197272656,-0.03582354091679871,-0.23036091531688685,0.5077397115832021,0.4551079498449733,0.37116165147838465,0.015795142772930166,0.174647565859313,0.41563254034147795,0.10466811938898415,0.22288626400729433,0.20800913287549758,0.49489740386868514,0.3007578078528268,-0.2891781051499418,0.02589360160852195,-0.06070228866064919,-0.13993830885442146,0.2923350866095041,0.3108557412022404,0.013347168127166723,0.25489626791306774,-0.05213488116789573,-0.21143595637379775,-0.18974185228093518,-0.09554635281498128,-0.27870486219341967,-0.12156418547980302,-0.21101238663212193,0.022652349095504176,-0.2265865362721804,0.09275006822173704,-0.13311164407738596,0.3567309294200247,-0.10280239915890006,-0.35242879151830525,-0.17397459605224325,-0.26802064907615125,-0.03278140940558771,0.030592904612908665,-0.24324991865418055,-0.3355325846623804,-0.1851852698062152,-0.14155357793312634,-0.13191806315242913,-0.1987617021120629,0.028285637809078168,-0.01733626414107694,-0.16225108910412306,-0.03051445415719397,-0.14904787967896305,0.05975925907908196,-0.12752863829810815,0.0521727100273316,-0.008932403343920597,-0.03616038557051008,-0.06100900948612764,0.21604954441590726,-0.0802201667244904,0.14596884647505187,0.10143355324226848,0.3019648208476291,0.009715500830908722,-0.043030517030775796,-0.010425541296586587,-0.05411989525818177,-0.09608659562315865,-0.14641301775923618,-0.21321204770824068,-1.6756063026080625,-0.16756867206122772,0.16992469338455746,-0.8653139300073224,-0.05440040438394979,0.2100928322923935,-0.6560644962836992,-0.5917050221533707,-0.13997381995824973,0.2091198466323161,0.4464490170638862,-1.0689775658439675,-0.8249479065766199,0.6250966531676622,1.5603668434310518,0.7246786942070964,2.7562681817068335,-0.006322105004828858,0.1256522989087644,0.8177188160815413,1.3253554822052074,1.506917821898927,2.2149945762629817,-0.00241921724450008,0.0457818253560704,1.1816525555520345,0.8852937918412509,-0.16654325769497366,-0.5683522531671098,0.07153241112958351,-1.3505195786741693,1.5491950167278776,-0.19312778531518798,-0.2539110356546501,-1.4230074590750752,-0.9215541177629298,-0.23327437305538962,-0.21174995512108033,-0.3069077351354568,-0.10271149626179513,0.03953279409704818,-0.3149574703848335,0.651108199099524,-1.007295162599294,-1.1480025901128519,-0.20876512177212148,1.5082663032238324,-1.346776613701819,-1.3700786351778234,-0.6655490847016164,0.15884645646247975,-1.2399960674462045,-0.8944835601535723,2.014199580428664,1.6381340059129827,-1.984285192773892,-1.4951982078123445,0.27182774212421185,0.006715092766300491,0.10811401207153101,-1.6179929588990616,-0.8322457270504283,-0.45538890610969895,0.3577198098975938,-0.7810985373871379,0.06365274001611972,0.5770432345123386,0.14997170816446223,-1.2568430006388773,0.8698847497140322,0.7588776852887033,-1.106384514623653,-0.3685898151107434,-0.12526641739640976,0.5412561562155056,-0.92718965702411,-0.46836017837338656,-0.43858109228730685,0.8399512230322681,0.3590040881382513,-1.515776508421132,-0.5049499813692706,-0.8623209894864868,0.7687287048465701,-0.2592981984025428,-0.3238928396572051,-0.17114806709182276,-0.8398115160271822,0.11088677456042498,-0.9725590198408806,0.5030496017343236,-0.38256956857460356,-0.34682760179782685,-0.9455622182461825,0.4640081728179398,-0.8463900093566358,-0.23166481421872023,2,aya
0.029324475080939105,0.15897378989804495,-0.1387469078344204,0.3760516854629261,-0.2691316622010864,0.044914302757071686,-0.016557551809391554,-0.05575884617768263,0.1657440648792415,0.0895095159612682,-0.040159611622630834,0.24853880906065182,0.2817366432655509,0.05212558315151122,-0.38821222425003044,0.3261736073586631,0.8603542329823732,0.02323654699111084,-0.11330202816093846,-0.10706947314771292,-0.1566866798349805,-0.2623585516541803,0.04327683829476748,0.0452188117345017,0.15298758603597848,0.44255610269594303,0.4330017074282743,0.029718570688406637,0.4612468713104245,-0.042717284428716584,-0.012387839621551527,-0.05540771090474462,0.175669171760631,0.005174710047483579,-0.17346552422178993,0.23457906190654423,0.13486711077123967,-0.0015587577455045338,-0.03725256803644133,-0.23233902677315105,0.5141118414522277,0.38461361799853,0.39443470389273705,0.008576069313110366,0.14690272691158904,0.4266602840031654,0.038044193624730084,0.27441483035180503,0.21022305898055374,0.6312733385796999,0.3030078598746019,-0.26411281485771265,0.020966145433959815,-0.1012019202523935,-0.12289979737702862,0.2747962988425683,0.25129170359278696,0.09480956931747307,0.2736704450385309,-0.03240082963272709,-0.18377610850546047,-0.20947034087143276,-0.12024862221943805,-0.2391176828208681,-0.14411361633485023,-0.20507275250017745,0.001954532730527285,-0.19567909314091672,0.0673948944280778,-0.1863394701647463,0.3749555133731804,-0.1395137855421028,-0.3113492916595266,-0.0979206006079535,-0.2951182154377284,-0.0008804325189001778,0.11559015510179334,-0.1856576951945747,-0.33454152561501665,-0.21757922579251385,-0.16867248836585425,-0.1364432427515288,-0.225432148683666,0.07265134407728702,-0.07489826637359717,-0.15460397330567327,0.011621883906463676,-0.13801484442684314,0.08063705702906611,-0.18251676127056127,0.1133367070395945,0.03493255430642123,-0.07511346863422048,0.029516357594189208,0.12345912434762939,-0.13892162667124208,0.2769487506146412,0.09708113587655721,0.27148805991871294,-0.07058073053937261,-0.04098870022762133,-0.03439306657173942,-0.01553393127192036,-0.16501092496639483,-0.12926948131107086,0.37499416932553103,-1.8227214143161752,-0.1741992243795666,0.140873135757321,-0.6041431594260177,-0.17434484487620477,0.584914684590676,-0.6715561793511725,-0.4058496796779433,-0.1278755274309254,0.1112609298303633,0.7110896356521195,-1.2064124426487284,-1.093698845888114,0.8770053491868062,1.7920962740503261,0.8863481153965487,2.8676864899465455,-0.12332899167488767,-0.060407078748265904,0.5050742193442503,1.2067639940917543,1.5839706956766353,1.9791673465454396,-0.3103591425374126,-0.06497839962865469,1.0185038286535129,0.5501664549692583,-0.3063556867560371,-0.42482406413230095,-0.7409795099906797,-0.8001875709767298,2.182268224802986,-0.9336363539899186,-0.981499132222999,-0.5520463357691241,-0.9196959069507477,-0.6090908931673901,-0.3603308754456298,-0.726878385815752,-0.3141620450047423,0.13105774292480563,-0.41752386335023467,0.38150384569949214,-0.37493731552014997,-1.2978681921035355,0.04650164493778168,0.9442945903802383,-0.6511027972164132,-1.5462553771624574,-0.10261490211514772,0.3251422192084461,-1.010069737928764,-0.666817735945895,1.7240182295417212,1.2100915093815183,-1.3617951584207986,-1.6848740516360143,0.7309379812546316,-0.03178380572401145,0.15981387543232542,-1.5636375712207429,-0.7756732611005216,-0.2951275581521657,0.18333110465052008,-0.9059611278229217,-0.6278973655917325,0.3021508392302716,-0.2113812321611223,-1.3148827089756843,-0.677860113000433,0.6312502864438971,-0.5724871745909285,-0.09516033132448733,0.7403800321195787,0.3708652842254983,-0.6555271085525446,-0.5515339813508565,-0.5087379055993614,1.1311001958570637,1.2250080879138445,-1.5540562264703504,-0.13088179287064577,-0.8565018102781715,0.610766663592459,-0.6596549818988695,-0.7351922007967064,-0.12081512690781165,-1.09170258018663,-0.25259989981232767,-1.02228036836408,0.46080911756077025,-0.44833173043783936,-0.39577219422922716,-0.730773226218316,0.2343605066856341,-0.6361104843009627,-0.39189486918935884,2,aya
-0.01842289703238674,0.11799583642954938,-0.15578318128138677,0.5117162277035241,-0.3477047292254405,0.11500509586476643,-0.0918075490934703,-0.08966621613724875,0.1499640442709023,0.12043475572350958,0.004415352913274079,0.24421328217078284,0.32893702183031487,0.13935017531713803,-0.321251947162384,0.29876109789352184,0.7601924096534493,-0.039081498261528715,-0.013090914345796942,-0.07158005968537963,-0.18289934865031174,-0.2102615828141426,-0.04721728321214299,0.04391661255826381,0.18724816535597194,0.3800214334164749,0.4092920117925802,0.003952075866658495,0.4188928617898299,-0.0932044523674943,-0.05182600377625602,-0.05003592146000639,0.1579660458205599,-0.01006019180433455,-0.14134641841872372,0.23166259515341517,0.10647580212798115,0.10049347448070009,-0.06705614280492606,-0.20605326909036745,0.5251724109610063,0.2977089860699397,0.38910649905158606,0.10013569179583702,0.13723882359317735,0.4065077460603411,0.08220792496396882,0.1858082077490819,0.2344657587094544,0.5859496461930788,0.32842994415330395,-0.3024554095102442,0.021038286714889668,-0.11937849002309356,-0.1676429086428878,0.24217021816553858,0.2511872245406733,0.06068321944790936,0.2917090715251427,0.029478959463806076,-0.24744644149769596,-0.11966403501765668,-0.16426479525411583,-0.2209942572334231,-0.2069159584876234,-0.24814716014960023,0.01828321421588792,-0.1412592294666007,0.012348769145174451,-0.30991200534879626,0.2646339894408469,-0.056477045472809385,-0.1668021075443747,-0.04156358603139608,-0.24957948155999773,-0.0038078446245718893,0.1352322860489136,-0.1699520006046905,-0.338272055569096,-0.19772781444245516,-0.1718012898054547,-0.16819683920163003,-0.1406385858069812,0.04444410232835981,-0.1356082793144892,-0.31289534683974346,-0.007539309432807616,-0.16533319928353282,-0.01766235585697446,-0.2201595346682314,0.19181834126412317,-0.07208326682826459,-0.07535093514577779,0.07112279649056998,0.1393832244374672,-0.09733424332716654,0.20277993880081394,0.07732594350963831,0.24838907692313655,-0.08114432825751167,0.03147533921862872,-0.1505973036540449,-0.08504291392350356,-0.21105268330779403,-0.1275360191420898,0.18690608515712367,-1.6348699876537651,0.7559555486813206,0.15477650958845623,-0.6514211592595038,0.19223649139642618,0.8528148359554935,-0.49343262255733217,-0.47870269577631275,0.5908115115729824,0.23502000824604233,0.4552831657689564,-0.42692355259949333,-1.094331716736134,0.9606612473715186,1.990190650624308,0.9463970220200109,3.425411010942479,-0.15969388396799597,-0.2607270473864303,0.25069993982329364,1.3098763304836993,1.690975875430157,1.6510988417359707,-0.3882815675542215,-0.29163544804070146,0.6184198523146903,0.7509749410878578,0.4381295247734117,0.4840808534927592,-0.5028756146605725,-1.7273734581939988,1.312566789498651,-0.8447109428742663,-0.8499484002018083,-0.7687231764365197,-1.2403397853307025,-0.18331330299444626,-0.8397592595466856,-1.3578641725777862,-0.6755029297679662,-0.2837006444815057,-1.0926377947797312,0.4318724790119426,-0.6265133992835686,-1.1903319452583656,-1.0716889858530716,0.6506270407530874,-0.6411612034142987,-1.1908198707115205,0.10125470260203155,0.16123931364216748,-1.520655845589804,-0.8295917597762799,1.8620254606801303,1.354955057436024,-1.6047924355348477,-1.621261733908855,0.6335492340348389,-0.07964553356073903,0.20113276257107046,-1.1438313659369077,1.26282314218328,-0.5711726708083037,-0.48640142205831377,-1.107963671086105,1.0574290198938923,-0.38654742941417203,-0.37665021153245243,-1.184415351924116,-0.8808279009670149,0.5087857398253608,-0.7490218650016742,-0.1716839627969757,-0.2837952265183788,0.2588935856563959,-0.8133018738980747,0.025850474495838875,-0.4618414810954698,1.1869872387079652,0.2852886842488152,-1.1356258923905473,0.1906605555580731,-1.2695043655440903,0.2647405514490117,-0.6328186109385299,0.60654265519406,-0.5120670685581704,-1.2349165730559724,-0.5665681607370516,-0.5452204781640893,-0.0718525693744411,-0.3746856814245492,-0.28903459681775173,-0.32826904977144444,-0.06314422752228312,-0.8464832138577555,-0.3942511501786735,2,aya
0.04919443577441565,0.16695583483625245,-0.21439318956590797,0.4703182548855198,-0.33801033785003154,0.1912759547953514,-0.13578703405131848,-0.13090803576253277,0.0959199532355505,0.1121280872337437,-0.07462884721788275,0.16455181991692788,0.31378884171996,0.2530957547150051,-0.2722637888652958,0.31344522315213635,0.7489839381585605,-0.00014780538748290238,-0.03339844331596843,-0.120289323890284,-0.2197357084554154,-0.2103884736425299,-0.03318033843569314,0.03962832633611253,0.14818198205986746,0.38572008688244236,0.34685695027754576,-0.06385628710698792,0.4178942597396954,-0.15157891417329303,-0.10561105596115256,0.014655631095132233,0.2092485340060884,-0.05615101623118997,-0.19208320529367756,0.2719965114615002,0.2169931490000164,0.1155134167716503,-0.04152721831624128,-0.22380879117514058,0.5198162462181475,0.313173629047881,0.37979286458066286,0.06365166400883814,0.12239982608439606,0.27966334352154154,0.09479163545018672,0.21714718924146695,0.35204654260132806,0.6585960392308141,0.3245861124997465,-0.33170332034936567,-0.006124293552619315,-0.05425096579869304,-0.128187124061263,0.20553855260523304,0.1993215848991084,0.05018520124411771,0.30200196903577514,0.1039787870176067,-0.3565808027184958,-0.2111250215012297,-0.07992615408990034,-0.1299677511889151,-0.1480676206241578,-0.18449207935789808,0.057681385477860996,-0.11878894253100784,0.05126452005507694,-0.31141774412882073,0.3155196635094063,-0.04543192655113886,-0.13366994498538332,-0.06555062856325622,-0.17355434174463102,0.019237274417372312,0.14543143976970124,-0.2342855775700107,-0.3946167647920167,-0.2631421943676473,-0.18070823458084545,-0.18397269086817417,-0.09770401914614715,0.0026867107299197324,-0.15926261976832926,-0.37666561788727526,0.0433503501411886,-0.160500810575619,-0.02934312453340495,-0.21455547728968194,0.16068932926662033,-0.08218777678653966,-0.07376134267515644,0.14858103349505827,0.20831523989723366,-0.10120800929031742,0.25936805283334263,0.0641895780369838,0.2816116853713109,-0.13107155240688348,0.04553330159624698,-0.299489858194376,-0.18048568073385748,-0.28072916815107907,-0.14602434279281196,0.047839741039554136,-1.610726721085913,0.7516232036738435,0.35065453160502486,-0.33480220359555674,0.0983983243270934,0.618046970863855,-0.460415150226524,-0.34519441892756303,0.31960826927422115,0.17202885844804444,0.6109364629805567,-0.719123934728859,-1.1657410280596487,0.7799028570605793,1.6961071975576618,0.6592804041948868,2.761955682614299,-0.3807766020372297,-0.35455229366392793,-0.1537892155389649,0.9038614473173449,1.488755997272047,1.3187714744527812,-0.6915340816682757,-0.42556897226796025,0.42578778779489074,0.17291725788324278,0.4345674559358958,0.2315951901428165,-1.0267294236258184,-0.9189270173431143,0.9249328918722357,-0.7991943220090364,-0.9331742363825357,-0.5180497289813778,-1.120452681759026,0.2522384218102755,-0.7201941020936858,-1.2639380787209762,-0.8400019509208145,-0.4197536259259753,-0.94958695941667,0.5237288047511405,-0.1687529746630125,-1.1459602543324783,-1.2528171997217432,0.9705504331447443,-0.37240177407275693,-0.7158441471553437,-0.29797404590028337,0.06693621397845038,-1.4286631728517696,-1.1665404282870153,-0.005659252081878031,1.2454520884484879,-1.3407187170091757,-1.6897863080372784,-0.3879026141146733,0.16393074867371288,-0.6735193796827046,-1.1411872658196593,-0.5481655107559368,-0.6804453493784939,-0.7805049958286849,-1.212104404005384,-0.4756440152013856,-0.31851502613420807,-0.5569024948561523,-0.9436610533788732,-0.8328621345886998,0.5930702738806152,-0.8829635751925856,0.43131972480761804,-0.4265820959873287,0.3663983701568893,-0.6827229003946426,-0.2547646070131162,-0.60599623725123,0.8993909322361145,0.573111252046143,-0.7969721663778492,-0.22463633405589062,-0.37530774216760227,-0.5516702485321056,-0.9716929802194559,-0.9425556090427332,-0.07937997125353174,-1.8417082356921937,-1.524172462961267,-0.6842078277849589,0.12965961717824578,-0.9404022823833263,-0.573594376841637,-0.8366437616397774,0.17648695153997943,-0.9730736264909706,-0.6524459444727735,2,aya
0.07537267704101469,0.22336869321578715,-0.2901747025700281,0.486715278715966,-0.350500454211547,0.15585779888617418,-0.12438765400714068,-0.1223401540236147,0.06475574253834726,0.15286771116552256,-0.0645415513098651,0.16047048876934836,0.3096324303434777,0.16463998548801184,-0.21815489102058602,0.2900007289567969,0.794708656721347,-0.07368202048309602,-0.03718931808834266,-0.15259820737563198,-0.24106149392532722,-0.1366822589514434,0.03387205294556131,0.034636855544973,0.18326596724604008,0.4171792847960828,0.3031056136905892,0.023664501185176216,0.4111098606291941,-0.08660664213622382,-0.1232487315518364,-0.010354584061243049,0.33205751391168087,-0.056922759599772464,-0.20102587278179324,0.2642737706893418,0.19957502651043765,0.062123236207598125,-0.07600159313976138,-0.22996885729637562,0.6097664479681594,0.31648320231474786,0.3223199295263347,0.12172047382506755,0.06121525104233678,0.21412490358475747,0.05296033989510647,0.28028541802485696,0.3454651067708363,0.6006312085828258,0.3496646069357189,-0.3337325284742599,-0.07179019520078009,-0.1149225259991034,-0.06593404109342807,0.26589382227848374,0.3160033910414535,0.07977129572666106,0.17157949348767143,0.1841891400391973,-0.3080595299384948,-0.19762744053493514,-0.07044872373694795,-0.10338659689217476,-0.16459897156628953,-0.1592910024758438,0.0789442185896716,-0.11022693126845366,0.07242147505105549,-0.33403686674794014,0.3437524430522685,-0.06344662068653507,-0.12667217724241306,-0.028332971544392665,-0.1328740862746228,0.08198572344071758,0.2645940894816699,-0.21105861105020998,-0.34359701672856685,-0.19793449237558472,-0.2083723415839742,-0.11793942482904861,-0.07558169832509853,-0.08842551921931044,-0.11702075118378857,-0.37967095228141956,0.027283056461179702,-0.2377515403750542,-0.027986836350525283,-0.23422883018650095,0.11319229825841468,-0.12832239705788095,-0.057445967582791954,0.19270819959016508,0.18691230079443052,-0.13685088951280108,0.22041225437845371,0.03553674997033491,0.20854528778191525,-0.12636409581650193,0.07649049364689985,-0.38846528068477276,-0.16697174161885103,-0.318076847829386,0.018645907927311488,-0.5117421298107014,-1.72501788851394,0.910841550313708,-0.09427557043387616,-0.11950005964985795,0.9350852771487378,0.22127327382011486,0.10936596600766843,-0.44583797626981486,0.6619301238406389,-0.02066112765907818,0.38178248305596574,-0.72642421504099,-0.9403165698870073,0.47481319826844626,1.31295106240978,0.17618882820914364,2.6132388711886603,0.030600404766450866,-0.7071861351192434,-0.49967153396052233,0.47273435912801526,1.0318426840941186,0.9599769507699506,-0.8284944816485286,-0.9274538433764665,-0.2964855904900818,-0.5733717556205872,0.39270202718203245,0.8126944024247982,-1.207816354829859,-1.2817044279753633,0.10672653007045285,-0.9738635018361657,-0.65604227048311,-0.6595062270175681,-1.1043260316689285,-0.2408771587272678,-0.9380286753825412,-2.020867998130463,-1.3556344308473138,-0.7363248391142867,1.0072200133811917,0.5492023857930031,-0.01237689739523122,-0.9322135152730519,0.42353612981622535,0.8913403658672693,0.6066816661888151,-0.2708381592767797,1.3067781052914238,-0.051578604541884364,-0.3618400925498555,-1.2742274171596437,0.6839106023072347,1.5146602077905422,-0.4728373711413471,-1.8315165057987335,-0.06427347718770643,-0.23342019562111477,-0.46607192669518654,-0.9300959334101232,1.0641012994768306,-0.986496742018528,-0.36434994046264546,-0.8996636055795043,1.8926162986601056,-0.8091041899329491,-0.32834205369506386,-0.6528003625425751,1.7132450699396475,0.4717657863419595,-0.5678587674782406,0.5963808832889214,1.1685132653503183,0.4959021236617856,-0.6786178651456796,-0.13650526559239917,-0.6610376433145119,0.9249475627827524,0.30859884951784766,-0.6970077995348658,-0.3287340235033356,-1.0524041789482965,-0.6976753051021368,-1.1459954787437054,0.035152273380367666,-0.48053333528668063,-1.8635441347845454,-1.2020898355461935,-0.23397997458299474,-0.06381077097213574,-0.1823395777592713,-0.8907471838570217,0.3558151365332108,0.1748779660639556,-0.5246952900715722,-0.8396767859294749,2,aya
0.04786064634246939,0.27589444959584336,-0.2891130114219049,0.3672726456610633,-0.2819558348620185,0.11799147883070431,-0.02781802812542793,-0.11332856497099705,-0.03451479356811419,0.1254536605518704,-0.04757113954679571,0.033139810112848174,0.39908356811798357,0.02283283310484975,-0.21135432206418253,0.13736691202632564,0.7619008408904706,-0.02528637159691731,-0.06907221974377598,-0.08742774007302952,-0.20616876380280358,-0.03734618015910047,0.029307906874425076,-0.0016774696067701474,0.1680764896206087,0.33951932253793915,0.28341193415293003,0.054410479753213815,0.437391653450078,-0.03912826448148991,-0.12097931313265387,-0.03643517159730688,0.41236882700872063,-0.07495797578572024,-0.13940203901938303,0.3083193067521351,0.15982438585454803,0.0824974935132604,0.03102774882932689,-0.24358230264868622,0.7047568633682829,0.19805586416208715,0.2670332169315261,0.16086234648055334,0.04470987461778901,0.262636119244118,0.12957957942518825,0.16687962966673167,0.5109596095540206,0.5874348607517726,0.31176462482938144,-0.15789926102293067,-0.1396469123811004,-0.16806876060202242,-0.12683356770674092,0.09779283070584047,0.3133327268597833,0.06260613379008959,0.07176659847740038,0.19986799398815655,-0.3650149181951062,-0.14626816653652958,-0.07552331061219002,-0.21682416959168457,-0.19538196635196856,-0.16667125952177514,0.023886997032591704,-0.02857770600269781,-0.03128374885728809,-0.2694442827186672,0.2409295818061431,-0.07130450265349467,-0.16185312206678093,-0.11609040153786289,-0.13052631507614298,-0.0482162837906279,0.15614362835343065,-0.2617381105462607,-0.44038958656720195,-0.12886153691812782,-0.1775274985012047,-0.03819341345831219,-0.07816386506361511,-0.039486648980280536,-0.04535524836825667,-0.25992885342692595,0.01333035869147075,-0.18652013287482033,0.0221831395845375,-0.20192447037631997,0.10855789866939933,-0.10683195363027612,-0.05411845923932743,0.15111716911682288,0.19187287851090817,-0.14160265801250993,0.25223804420715856,0.06045832438656789,0.22440128810883858,-0.17311904792063293,0.24270565905918545,-0.4190011587463772,-0.2589039451106353,-0.172998037919561,0.06614972411199839,-0.34360641007013293,-1.6648084486348111,0.5405233023160017,-0.034860395262994476,-0.39848744978791667,0.42891381566510867,0.06558840656084515,0.06831153766665739,-0.13698316977725125,0.27485851603026645,-0.1682872317885578,-0.26910453576451565,-0.6351665699415403,-0.30296528314248683,-0.26940876448389045,0.14378841213395369,-0.47774151790446245,0.9953970828805645,-0.30993370374051654,-0.793130282118409,-0.9086045864127945,-0.38693001134301863,-0.08579687831787036,-0.28733358337651166,-0.8393520824346875,-0.6717581071138831,-1.2154644411068631,-1.0928049060485645,-0.27435607007643065,0.45353947015374413,-1.8784271342783783,0.14642361150978586,-0.5551029893644516,-0.6538235366901175,-0.5148171984566668,-0.21273105317797675,-0.6753854210647208,7.418473951916629e-05,-0.5326969800920601,-2.1729967799573027,-1.2220650886878979,-0.932591275264358,0.4751331388408464,0.2961610034165303,-0.33403481863401036,-0.5939713042549412,-0.5532122514323061,1.0028749911759511,-0.12901498942170728,-0.3588304237997395,2.0229241628988164,0.023023447137064064,-1.4950978385300395,-1.57750795402536,1.1643354465699076,1.9071493729417843,-1.5811301857993423,-1.8618640589176187,0.17295562723398977,0.49851159893526015,-0.3319666010442423,-0.7267467677387197,-0.6857217854334284,-0.32053905019942436,-0.1777665648543801,-0.7478596492014175,-0.12422794852665049,-0.1390000198127074,0.1262661686478954,-0.3617601892625469,0.4729256316356318,0.49218364136612563,-0.9287497039906889,0.7812625635272247,3.1816863260197743,0.25616580811585815,-0.6183529790455427,-0.20092728576973345,0.08732895270415325,0.40949167305900286,0.6340471113753532,-0.33174882809154976,-0.721369907596636,0.09313195828386271,-0.5221568146829071,-1.5447246021487508,0.2505040136897541,-0.006398447042319984,-1.039606715858631,-0.6168652581474049,-1.3434247944396698,0.54908670996358,-0.33009818710104244,-0.7499576589610397,-0.849802548505378,0.08753792828647212,-0.046378563027345866,-0.8012443701998845,2,aya
-0.009438804025213608,0.26672877832667524,-0.5366274035936904,0.3569530696794864,-0.3406865710710075,-0.005543536733109401,-0.09024909195691466,-0.1563983721727421,-0.08450500894637868,0.09658020730853602,-0.18547625963705563,-0.06951588798412224,0.18083413875542007,-0.18281860058642535,-0.19964444904545542,0.14236920374891923,0.6798895414693144,-0.12313037274965485,-0.18199211291942238,-0.11414303512465615,-0.1963444963228028,0.0901659064971869,0.0032450747217572995,-0.16259732881691344,0.1221033242880563,0.08156115691374802,0.03962527636330006,-0.12698551049662754,0.4991101922908787,-0.06661727746255558,-0.3210784986366012,-0.0840605628955799,0.37409682580707454,-0.2374764183667099,-0.24342760641897337,0.2846548852374312,0.11895115490400288,-0.10218828614744999,-0.0810499702395925,-0.31430515151946264,0.6455571159775348,0.2989463521055472,0.3495057722223763,0.32296043660468976,0.16054096056180264,0.276335859108922,0.15123514172628172,0.14636716654778284,0.4623592176699931,0.6117630943024178,0.012024040820126881,-0.282198465900023,-0.28520675372232607,-0.26376473309609966,-0.2518286456486306,-0.06761174256238067,0.14427320084751755,-0.07637782963451131,-0.10631773120038582,0.07025619859941708,-0.5177456726641029,-0.17988411707674995,-0.30064058534703464,-0.1377827096362089,-0.23676706516588286,-0.35828655618737104,-0.056052530480890164,-0.3000977657771641,-0.2891728939786394,-0.3219529393448006,0.1390446387278594,-0.20321979788480868,-0.2735623099064745,-0.10228877837308546,-0.12970206978105486,-0.15202675759777112,0.10772612709435793,-0.43233162130693614,-0.42653408257609277,-0.19097861530179952,-0.29987882948363137,-0.04859285538127215,-0.09734678500937599,-0.14611872939284493,-0.1904360615221134,-0.35605912828745934,-0.038496592884891594,-0.24218171555391424,-0.08320211481046215,-0.33327837453762427,-0.06581210098460143,-0.20043574566700778,-0.052498917366570086,0.006689502504609359,0.08368144029486085,-0.19927261749160693,0.1938707184186311,-0.04220356408530855,0.15644458097757732,-0.22163446775247264,0.16333375552735738,-0.4083693348560529,-0.36911108979834306,-0.23989592825792477,0.00246412165858725,-0.5372731191553357,-1.589557060343407,1.3929316920419637,0.3532394319529762,0.03182883321113617,0.5538444624446661,-0.24258371999685518,0.2592036630145971,-0.12468415414769744,0.6362026753123732,-0.6707687425464423,-0.38082864901346797,-0.3052397076872795,-0.11792783976391007,-0.5649742393671879,-0.12052197295081273,-0.8518065426352682,1.119176536223906,-0.4206346529344206,-0.4594477285194445,-0.32546063357540816,-0.42888581757835853,-0.6863402915398613,-0.548349194614352,-0.14895146814897042,-0.5207860847358624,-0.5566756058595881,-0.7102527629258082,-0.3840568513721871,1.3478946167478036,-1.616612277813744,-0.6283526659575868,-0.07307320543908918,-0.7912866508715022,-0.3384433612356228,-0.3434024550570205,-0.4010101344411336,-0.2649662747959423,-0.13562939608342187,-2.045539913399386,-0.9658304413894923,-0.5718180669194259,-0.8101194539713636,0.003243001563661443,-0.3167524737241144,-1.0625701990320497,-1.0262456652944376,0.32068221584278045,0.3396875336642808,-0.6986740588307354,-0.32359591058759785,-0.2908460908319037,-1.179938800991989,-1.590381121436855,-0.1734051983092856,1.214947863834822,-1.429999071507383,-1.688890687866513,-0.8628515553440824,-0.60136938607355,-0.4368737441485065,-0.7625963259240603,-0.23348611708377576,-0.7391599795689955,-0.22230416825795335,-0.8091875625851229,-0.3191395779333817,-0.8996988999083075,-0.03762411237889884,-0.34912415956659276,0.21054583497156376,-0.33939991163075994,-0.8402123508968892,0.2843164964931294,-0.4849753701278163,-0.011728702405453267,-0.35987232869779634,-0.7031421071731494,0.5109665452155194,-0.8276005079498827,0.14195580315497133,0.1190896903490752,-0.19095619150326604,-0.7762203196578246,-0.10148746557908406,-1.3235810857658883,-0.7233508277335575,-0.6250286188783359,-1.4276754893240347,-0.6330826789937984,-0.9038876322836938,-1.2065453719366661,-0.10296065821150821,-0.4944830344313856,-0.29982487317786455,-0.7823413698180653,0.04084491410156246,-0.7234280186882103,2,aya
0.46551109356516956,0.2152322393845777,-0.11268919683334913,-0.1052239406581784,-0.07923452490786978,0.21703922498631117,-0.08362147512071591,0.2648528235828302,-0.03532351244681724,-0.042153986775959114,-0.26444528317010585,-0.021924431771835184,-0.14822178691442092,-0.051141514263511594,0.2434147444469969,-0.15428975111094329,-0.07812421378448929,0.23622588605917508,0.04936442038477703,0.03894891218676948,0.05232819077521473,-0.12211927523002748,-0.057572247698749426,0.006643819086029851,0.08553343826164726,-0.10511100269308292,-0.054007780042747276,0.25388542798400277,-0.19703912131788331,0.17059377734071848,0.2050013644762343,0.1388173780468922,-0.011113850338196236,-0.01815983309883491,-0.01687894877794061,0.04059390646369364,-0.009699337061684608,0.17935707016652283,0.19782433342792893,0.2102482911626623,0.02565655635184743,0.04990197627563451,0.08232588881377159,0.06266127213509713,-0.04727272350381506,-0.08127888663171932,-0.09544143113210724,-0.11585569955146949,0.11031763577529168,-0.03858781700416199,0.23458392499950487,-0.04185036232908986,-0.175784818783791,-0.019251611157333624,-0.0639305061883611,0.07040220348605804,0.07922998848141563,-0.21252260145002877,0.05564908340609869,0.09741321619615152,0.7316675423819411,0.23258653272536803,0.15353851890194395,0.1497547549417319,-0.007152657258439325,-0.1913243577613322,0.1649788307310734,0.16668696593743587,0.004898336561334913,0.34048735771532024,0.23757295396307118,0.15916258518655918,0.02339403371965093,0.17883751418896224,-0.08577165859328097,-0.17541689194729249,-0.03603432414118618,0.35867856535984544,0.2198046647329692,-0.10242053892183178,0.09094662296226609,0.20527657227828208,-0.034167032941177525,-0.0038853129138654704,0.18573499134888746,-0.04418803024881866,-0.09174107876861767,-0.04555910359119875,-0.09079396758306227,0.0032889167943544097,0.0019240156078732284,0.012384280484013072,-0.17766918982745136,-0.11871316382914646,-0.034806541086033885,0.004668753880940013,-0.1904355438472218,-0.05221149217633652,0.004843035555465403,0.11236240508503116,0.011289614285681003,-0.13937643479930525,0.4123749367725963,-0.16868316816059903,0.3287612294076866,3.1069897623063967,0.5365429680903191,-0.6755070355465631,-0.6125853538129135,0.7663396833343361,1.6298125913794446,1.306235160423932,-0.24146127965288275,-0.76114539212177,-0.49362043711277104,3.8764843488676255,0.44554648210466946,1.4880743024215641,0.7341606101244456,-0.7530777446492298,-0.5769329997812871,-0.9611306470953591,-0.6593149224835155,0.5803629859925835,0.2971504786647477,-0.08099685783639445,-0.08198990397015009,-0.13932581475199315,0.5291032539289275,0.19742643778430846,-0.11669263722277091,-0.17773795244045906,-0.3221895295714757,1.0010403753729566,1.3935541319587965,1.1756167757006295,-0.12452351016409893,0.04130225520956545,0.3714287684348167,0.7294366788071383,0.56618490305382,0.572398379843484,0.1632323747391922,-1.2989195211313678,0.6530780311457375,0.7220787859465476,1.2760288099057402,0.42632755657939114,-0.07459722321636325,1.1457776641565305,1.8908158302395737,0.9225481302455354,0.26040846706565124,-0.32485724702528296,0.7956505425982614,-0.9558470474132595,-0.32521195622321736,1.5846081624145827,1.806923192643201,-0.5170768655535034,-0.16086124769559618,0.23643984374819438,0.9009666492128933,0.9662808638583933,-0.12940999289465843,0.815518695151161,0.7650538145692732,-0.08221250405968447,0.0546640693341669,0.9780387886183682,1.3624977411395787,0.18150184515612788,-0.03907253131153991,-0.020962687033907353,0.24028253472541874,2.0256766798970784,0.314639997732609,-0.4332780834176424,-0.17612915694837414,0.6242951270674381,0.22841727255650662,0.41287291016391336,-0.2653794804183837,-0.29892094244197787,0.6662002921276011,0.2954196242908216,0.38177012014500844,0.6317076588921671,-0.18824646979123247,-1.477166754885637,0.1337317952614711,-0.1487551727574173,-0.3421640318804914,0.004251470795087426,1.6608669744928708,2.0550978883288855,0.2795868125261348,-0.40673348298896644,0.20364852216956406,-0.0758193061962697,-0.4097481912890941,0.1283906637406135,1.5717668813254302,3,aya
0.46873180948672805,0.14843606159857053,-0.18481415786564614,-0.15936684627967143,-0.08659203422025281,0.2226060673192965,-0.03215842438721426,0.2505085499618706,0.03366975383863729,-0.06905481168454819,-0.27549922323363174,-0.0578613509369206,-0.17894424814438198,-0.07722550991048505,0.12462249661468745,-0.2749577099723109,-0.24437684572098797,0.14401107816095163,0.05455513796229348,0.0700164482098827,0.013321418185060475,-0.046375907253982065,-0.11976025451026705,-0.08338699994510466,0.09124362355696408,-0.16132352160106025,-0.03460377540492476,0.203011299433452,-0.32766532923531155,0.1314767156490641,0.2062171327657071,0.30276553956829416,0.07689009409680632,-0.014254545232687332,-0.1114062132458375,0.04506099159155018,-0.03334492663442944,0.08260587176856896,0.09961305768009306,0.0411908848697757,0.04170163745608696,0.04525930585579029,0.120161179712534,0.006579581520867064,-0.12012835565357653,-0.2469783106077768,-0.15365582018055998,-0.16616398007636735,-0.002562286122783224,-0.13335209571713483,0.18693528114913702,-0.09612392989012203,-0.09665725060608549,-0.07657989665215366,-0.030096141757088624,-0.05573956490007121,0.026299060321500565,-0.2201025117684001,-0.041287430903625875,0.10441634685251354,0.7407524140043937,0.1474339492731301,0.06346985117647218,0.06983021965756418,-0.03487316216463863,-0.18292855793822524,0.12564099360438516,0.0604383714270274,-0.02502465221078464,0.32961628433201046,0.2019417166747943,0.05569075754279091,-0.006311528242277922,0.158436390309701,-0.07026638283702806,-0.07756451115660715,-0.007091576733806311,0.3655892978445505,0.09394624093640433,-0.14031519642673945,0.028909767752277403,0.1765291995515581,-0.03246928952421528,-0.026085436751447626,0.21327952707020384,-0.06633811188481864,-0.036007122397300806,-0.09669698281337394,-0.16332533798413124,-0.07470343215790487,-0.06517856160525663,-0.0172758100123073,-0.1171237601637464,-0.23687095322839172,-0.12272909763065394,-0.050470094209186564,-0.25740277329502514,-0.042559093790365266,0.01687970531914468,0.03332322482154298,-0.08075253789352631,-0.23661053321222544,0.3236280036164154,-0.19156839286627536,0.17396636483965303,3.3083600491543863,0.42653571923059597,-0.2641826284709018,-0.5503398886332903,0.8152038902776819,1.6252320686564312,0.7427028943336652,-0.477298142496119,-0.6463153218753244,-0.8375629649180902,4.264818706654738,0.6210593263699188,1.7706207666804081,0.9247560421845855,-0.6682686502166274,-0.20974226563103787,-0.7338292321374604,-0.4400499917180386,0.5105325707548221,0.05981438570584604,-0.12492283453703862,0.22021565904362245,0.2558188793811371,1.0034375101473783,0.030016741444629413,-0.2857908152758933,-0.1305653257188717,-0.6292399289548176,0.42248905007653026,0.5839403431871054,0.17903968491541297,0.13964786992712544,-0.29867958417316004,0.06724994860867285,0.11940231720064358,-0.7233861294163375,-0.08682479036472802,0.17709089717579252,-1.7277085469298787,-0.07745755804040998,-0.4012575991439028,0.020788714894869217,3.2383424089871533,-0.6961625459038453,0.6465528433958905,1.8951924056779883,0.7069916137070001,-0.19866291429914018,-0.2504117310268695,0.7253371816480821,1.398180322173118,-1.2180644878578792,0.7225166895527046,1.569664590775874,-0.9128527572738075,-0.10661062118145,-0.1274981734763926,0.5229511193495926,-0.1326020655871899,-0.017062730438129014,0.13378481198168019,1.1391037652603997,0.29210693701530216,0.048411585881207295,1.0996169649453027,1.025696408867073,1.6785202084881043,-0.16076882911686502,-0.14625329997061698,0.22969231412833754,0.288631430645361,0.2883918014359876,-0.8305531793868195,-0.15240302838669498,1.2170016606172742,0.06607053409980705,0.0906527182438744,-0.34285571322226865,-0.6650492120199238,0.2392086153291236,-0.24846890009550174,1.363034548781299,0.6587464261024929,-0.27827394583686943,-0.7589058895698569,-0.05014973775176749,-0.47791963388455916,-0.6167432971382713,-0.17868663382862512,2.06279142372445,0.47326481013047106,-0.2788180020427241,0.3983675667235145,1.1734390013328007,0.08740157172224905,-0.6971057353932083,0.03585705794827215,1.145880662347386,3,aya
0.3402359432854988,0.19100073292837277,-0.2725790987707599,-0.20484855653684453,-0.13619814634148578,0.26522961852938315,-0.032022340258883765,0.23563212693671906,-0.031149356704504385,-0.11133774313316527,-0.34641017962420106,-0.12713776522959447,-0.31118825159578667,-0.094336636092842,0.16999630344500855,-0.33984250855214654,-0.30359528281836323,0.11868835410325868,0.0053023584696603974,0.11981327837463684,0.05922259441872733,0.003551911806318132,-0.1751665567168478,-0.21089284391852234,-0.03576777120402941,-0.25152903471362587,-0.09765898127275746,0.1855469849590398,-0.42732432925581737,0.09187476216639094,0.23387857067230763,0.31557420900227146,0.08320786743119617,-0.010595834782481448,-0.10017067857199767,-0.031731562713986375,-0.04162101345180833,0.016128759916553298,0.008557232570324931,-0.10701394266466273,-0.021204642350624657,0.1007809898265888,0.11653253080279419,0.11464349827952525,-0.2705930882707364,-0.34293049056868125,-0.12558443232161434,-0.2752456524050363,-0.09268896896679646,-0.20136399391919865,0.175177110435352,0.02894553665531103,-0.03943735871130464,-0.08482079875432637,-0.021479545474839528,-0.02951162292293451,0.002230900560653965,-0.1645444886553927,-0.028134072524217898,0.07334197576659315,0.7176219605453213,0.04186796512494223,0.027416439430146877,0.03442586494601479,-0.0792577116964732,-0.14887037142900486,0.1073961250485732,0.12569498800918183,0.002011918213775825,0.3604533470170161,0.24523215789683364,0.01755167057325755,-0.051425161200511486,0.15714904483816636,-0.03029411055868857,-0.038561137585171504,0.022259167907304256,0.33038461746459535,0.00703502643575187,-0.09482418335107914,0.07433684368930787,0.25937537407366323,-0.03739131597281448,-0.030265235239059093,0.10625272324273077,-0.11080989088340965,-0.07615936442266273,-0.16297138574838466,-0.22079141718377898,-0.04044128023374435,-0.09887142848547437,-0.08074500999224123,-0.24486662313089658,-0.26524351706326327,-0.14669277111017628,-0.18684855106029663,-0.4314456121835447,-0.11769124598966846,-0.00864226743221418,-0.050957027883850356,-0.15702795827803812,-0.181484913932021,0.3433504346528304,-0.1768872544055827,0.19282200842160402,1.502068114547511,-0.10471462497466666,-0.22927436264113252,-0.7916400786809119,0.27615887982089765,1.5244427897394022,0.9038716220453714,-0.16182302209948696,-0.5824909285374996,-0.7598592350008536,2.231076016439934,-0.23644807731941198,0.7868268762790755,-0.2736561989100381,-0.8168255156351646,-0.795816214145252,-0.9578882793200038,-0.8339110988960919,-0.13489400841833812,-0.394950921492741,-0.6616536817105183,-0.4000208028299752,-0.6491678675348393,0.1686973272029502,-0.607556757070853,-0.6309168610512074,-0.7836663022550323,-0.865468148985394,0.33185671368047637,0.5935026015493852,-0.18175682803131538,-0.7802329323430064,-0.26821639126388463,0.35474273737452994,-0.2110531706514783,-0.18785962504292394,0.3892523631061346,-0.6214867461949759,-1.2921980416697145,0.4173071854897496,-0.4823414187569142,-0.17061080007125776,0.32759152362100974,-0.8921687811433945,0.6924568664371783,2.0341953494207954,0.9657258755450872,-0.3149282143914332,-0.04666457084155666,0.7210588088825307,-0.5961398194509425,-1.3997856459384606,0.8214877039180645,1.5702736710655045,-1.0356324852257959,-0.7152651003708053,-0.7767431129521092,0.4116532906935942,1.1352429223590816,0.43709253781752505,-0.4097111218275538,1.2019853732221728,0.8038658137638233,-0.22006026448958907,1.4201050852174844,1.1458852635604724,-0.18361855243509964,-0.4874929597992718,0.5684590057657167,1.2244339743444423,-0.6473702945967753,-0.05453446878087092,-0.39266535393181634,0.098318941804658,-0.7000715485650973,-0.08332576132483545,-0.3156723421923086,-0.6729983226105402,-0.8784537203819845,0.22933215603643256,0.7629418964208675,1.115056682538453,0.7936191536823246,-0.525836511153533,-1.375777850162445,-0.10806736784073356,-0.3960137117944436,-0.44616866556226364,0.28110743684266176,1.7227759690942304,1.4953595740748198,-0.4437884331371042,0.0009742237840609285,0.8422110459640625,0.16045144141592987,-1.3029418339774836,0.7222088784795424,0.9145111865709135,3,aya
0.1537394409112285,0.13065408101918916,-0.3220585784596825,-0.3341853522384801,-0.20572672319044202,0.21797858259746658,-0.18138147728465656,0.06090635687135669,-0.051565760782623156,-0.21278751106941166,-0.3158742195367536,-0.10891589789165526,-0.2403584290719933,0.0682953782315478,0.05080376996395187,-0.4667056398502344,-0.4771320332393369,-0.013984149074478891,-0.02016273862356633,-0.00900004724825774,-0.0727791666355088,-0.02385319378605308,-0.2224382309146376,-0.20563339660507882,-0.08161338450769541,-0.2679884017682754,-0.10702879272517843,0.1284314877337257,-0.5662838895554629,0.03384442246089548,0.10429614382009822,0.11669544913203599,-0.1706210834690405,-0.025428821180587976,-0.1541749929555325,-0.05429508485039686,-0.016016630440814257,0.00932682457617422,0.023084027614363,-0.24177097976740805,-0.2117943272402633,0.02298945254086796,-0.024115318415973752,-0.10175784562178421,-0.42986198653679664,-0.38414046974071614,-0.21581951596547988,-0.26169407272106543,-0.14952380136045393,-0.2137326996889025,0.05477118135259163,0.1741593660599418,-0.002207292880814348,-0.04515352199323366,-0.023812055918240378,-0.09049825786922785,-0.05973289456225799,-0.14314673048334028,-0.013038792257706532,0.06201539999261734,0.6334293067233063,-0.06629889670110209,0.1409668523092431,0.11189346950049524,-0.09998254279082715,-0.1882370577310962,0.0399441333125668,0.08599287692402716,-0.001498939071059972,0.2097546594039341,0.2487034690918599,-0.000605684053656658,-0.0703690667782767,0.038910446956841725,-0.1452616124414182,0.006714012127877212,0.10222395900707755,0.27282628456985064,-0.27614642474913076,-0.03295916774547573,-0.005078253526000677,0.15385039552904087,-0.08980598927891992,-0.015024581411964265,-0.026649708635749277,-0.15658248504249242,-0.11374446133524119,-0.15822031723895078,-0.21207564324126973,-0.03195892898714894,-0.10340297527708427,-0.06379584237621437,-0.16997708235312203,-0.3418766068896245,-0.16302661362360565,-0.2441623451556334,-0.519659290559823,-0.15872209753866887,-0.09704186017949157,-0.09244196082932309,-0.1544311343743826,-0.1752736489638325,0.30380953230393226,-0.2872141946764719,0.08618563940631975,0.9028541905227995,1.0327094004647694,0.004901499034357373,-0.7153767000371543,0.4580480692373996,1.3098435247071307,1.229409625781619,-0.5449246179423869,-0.3305995184931355,-0.4563575498132477,2.736111594170637,-0.10982700246320445,1.2369211234923634,-0.37363079751499473,-1.062068984899538,-1.0239212327164033,-0.9772092317429469,-0.981361239960683,-0.7231891161737434,-0.45797838520723577,-0.6710105200147886,-0.6535570836817959,-0.8380546062423635,0.2894624563240837,-0.7771207501274764,-0.4760858914383383,-0.5059259527390777,-0.8793051143471537,0.5515039095754652,0.6131537774886681,-0.20884957050752403,-0.31858579260691106,-0.5828512171075428,1.515477785850381,-0.289218028004072,-0.13505017192995303,-0.03943343305846502,0.029410957564665826,-1.543944968644556,0.05345747003853293,-0.3119952407135796,0.46681090263437647,1.0203991787842648,-0.8984525311299039,0.31026080196984246,2.0499339704643913,0.67974734804415,-0.818864248732997,-0.03545904223965206,1.1065217453815408,-0.30740186284483595,-0.904709396555654,-0.3389237044543235,1.9683581916324304,-0.08378588673985651,-0.49299658477319597,-0.7267167175720952,0.3759643282352479,1.033602380080987,0.24251105719308785,-0.7185714153574259,1.393614028939417,0.791060852951699,-0.25450624504226177,1.0098573473443249,1.1236233037245584,0.7092136849240913,-0.5724087188017151,0.14090140221697212,1.4860243277314544,2.811912391357723,-0.26269722999773343,-0.687175620975728,-0.21022843593207738,1.9168838728484008,-0.6492257254025215,-0.3826969999225635,-0.6297341028861589,-1.1450171611386768,0.3281855881243758,-0.4806464953951774,0.8260390983460261,0.6017793213701274,-0.5997842531610159,-1.7673065415736673,-0.029042599822545832,-0.6390916752295893,-0.24211640081010302,0.28653338085172964,1.4303935025821384,2.32523160856961,-0.9482305615881683,-0.7664118730274867,0.4533315166143072,0.1331271242724971,-1.5063841987871727,0.547889272327917,0.5112453909232393,3,aya
0.07697875749577422,0.24371816780390565,-0.18985393331357547,-0.2986370386075378,-0.155486084216314,0.08707945008481381,-0.12039544336176788,-0.015493913085877282,0.016144458992244655,-0.14342200585558282,-0.22777213451616496,-0.05079417231626134,-0.36742416834458047,0.10447103499802415,0.010943114209435922,-0.4197914640558858,-0.4119391112715185,-0.10395401484382082,-0.0514121335819723,0.06708896879783767,-0.009332709250520235,0.002550767989518783,-0.12901579122674495,-0.17631318494234102,-0.14575493613226342,-0.22528654103959428,-0.0986743485124297,0.1359443047302135,-0.5393050311577142,0.007432067510787141,0.03528968409549705,0.16855184146200464,-0.17106083073419992,0.010883578679589131,-0.09578740078723134,0.007901777806040039,0.1227051053125981,0.05832589322996229,0.021910601169122586,-0.13985604285868392,-0.1584133667315462,0.0004979070623372578,-0.019076936516111007,-0.07054944343245333,-0.3990840224848546,-0.282988154388201,-0.12835936393752,-0.09675314737982361,-0.10050602915023676,-0.19202273689658067,-0.014088119130818987,0.1135324011382916,0.024857647959463686,-0.05806622962589506,0.08691793835702222,-0.004293562696633571,-0.1257572834192233,-0.18058319287888305,-0.030137748194959638,0.04617415809103299,0.5842896032527639,0.01511593227839094,0.2493946931631781,0.2478333178074266,-0.058837145090406835,-0.13608733494199274,0.0459838063974764,-0.005458173714308105,-0.058219999248159175,0.1662661912014717,0.30114897517275613,0.015371456038046384,-0.08915955059897455,0.125935368376468,-0.10742536286289828,0.019541903933745157,0.2392603253188066,0.31806428813338655,-0.2336176084548142,-0.11879145620491319,-0.0559882861154938,0.07944404243776651,-0.1584614889362497,-0.011861430156315139,-0.05559916244989622,-0.20098597773993557,-0.08436521783951206,-0.03539133073132082,-0.11049273750786817,0.01748732014849126,0.011755846886333065,0.014952081424579012,-0.19850837800813423,-0.31311980519829097,-0.07570782406803954,-0.15999828388859888,-0.42519324070599585,-0.1306097366750161,-0.0365927776242891,-0.06784388929548786,-0.25334471934286107,0.019208243449437962,0.1346085399420378,-0.18388032990414968,0.019108837209663374,-0.3778275421919756,-0.19148338359922662,-0.5626626757623264,-0.857024524345541,-0.04481285964205377,0.6968835120337007,0.5456287400376544,-0.3408850672637922,-0.47229538829035117,-0.5625523317826717,1.0144579897434935,-0.6017768267716251,0.6004405980042985,-0.2253185320914991,-0.6787067375240652,-0.8651993719817604,-0.47309734294173433,-0.887471557318434,-0.21167950765591,-0.3214842547958761,-0.5062085189330984,-0.2224673203190329,-0.8288817092926338,0.25376509981056034,-0.5254802042107297,-0.37248325962309103,-0.5274651516361021,-0.8837890086071416,-0.12601602409793974,-0.5444024287271637,-0.7149787449940405,0.16834134639422027,0.22636764596132558,1.726624082595848,-0.34317826423827935,0.09747790211964505,-0.13967198988663027,-0.5359394469526516,-1.133239483967747,0.035968692830950194,-0.3918401504787407,0.21697270281538167,0.8243848238939837,-0.10634458047417444,-0.21011120525677485,1.4874837476754263,0.15312796083663222,-0.8213541609202425,0.56174464473335,0.12950825979311395,-0.14098584956237925,-0.06540017351990571,-0.30827307064996634,1.5551749315003005,-1.1346080192835757,-0.8935592237266998,-0.28753105453749866,0.7346425378465102,-0.7409324303901189,-0.2802869430546839,-0.29692838017151985,1.1857633617543746,-0.2569722162346449,-0.05196822362826169,1.0284148145698973,1.247956596193902,-0.5464918498371432,-0.4074979209418702,0.11947662316718086,1.8131225283259769,0.20257086092739388,0.03999437618090333,-0.37630166713669044,0.29055078162161757,-0.266751926227478,-0.7158692036764417,-0.44088757895631175,-0.7724928105091146,-0.8637937144112099,0.681911819769739,-0.6643097460640653,0.75971701485528,0.16643705442039883,-0.6938814794597207,-0.6553173313001053,-0.20416672372854772,-0.7299565468353366,0.21893708826891567,-0.007306812493981608,1.340236208964976,-0.3758760172302057,-0.388558146444751,-0.8425705973554819,0.41187549877634383,-0.3108610499919497,-0.28582968096238726,0.38405874716430444,0.2606842391827477,3,aya
0.15553467417210798,0.14925256409627935,0.034280962423268134,-0.16377328608675523,-0.10590391173066314,0.11592328051333838,-0.2334597331516107,0.011836437777152431,0.021746597828237145,-0.06281673487520562,-0.07297568195008992,-0.016798704825244433,-0.2246407758046853,0.08276281597778144,0.04767005173230276,-0.2028814135742904,-0.3073424153602861,-0.07217671988206388,-0.07641440042482066,0.06756268502214417,0.09363942391914062,0.05108490252160603,-0.02867627194296645,-0.04599666879532559,-0.11173853406927327,-0.08211710995401793,-0.04771689917520431,0.1658227247926357,-0.3346008725279307,0.010457834896055363,0.09818766549282237,0.19376562380161508,-0.05821142703387973,0.16746588959641778,0.016565430272805586,0.03120446107972531,0.1431754640759895,0.1349962272141772,0.0042173998673573345,-0.08507052402494569,-0.11780799859601772,0.07226668144231073,-0.10032737761985479,-0.03139069419054904,-0.43197482525219016,-0.21260941323049198,-0.08532781655321282,0.02848847687582913,0.01871010778299924,-0.12483458306461605,0.037080744306933464,0.21957758097616337,-0.01168973270824119,-0.12313985207731548,0.14408456384347382,-0.01219666539709462,-0.09211838567412842,-0.08634882462013717,-0.031798203176058984,0.18806349935080488,0.6617372801264756,-0.03188847987562686,0.2724155764760139,0.25795535359600374,-0.01315956690908502,-0.08264886238574974,0.08864104925762961,0.06493316164697711,-0.07137470473139779,0.2513481055710431,0.38290539522852485,0.022922993924569174,-0.11959721088442848,0.1583051066572336,0.019228608333181234,0.005021867036482342,0.2183914628250395,0.4336534350479371,-0.07702139174044619,-0.13092981124766648,-0.02836773615250373,0.10168756431922137,-0.16157885212797474,0.0050698154804931185,-0.10335852912958934,-0.2410498967450529,0.02277048873554448,0.08181833948878743,-0.09755730786031969,-0.06984376495513715,0.1019943787122443,0.09108822685598522,-0.11034586234795006,-0.26942293314712107,-9.913739848185088e-05,-0.2031312189839046,-0.37204413636658473,-0.1463035443945652,0.03592037904151886,-0.02833922228132648,-0.22076002982643753,0.01916860308887124,0.16621377087115466,-0.0629636212374709,0.06155121099255714,0.16090526970777563,-0.09672183638126476,-0.1559965025295093,-0.730467517088752,0.24956051234927415,1.3765222224627987,1.02675506784791,-0.4448760536555993,-0.4258706022750071,0.21751808970480369,0.9513946601466008,-0.073446289946039,0.3430531715387919,-0.47351316139825356,-0.4160232713912845,-0.6616180598861746,-0.09053191998292714,-0.8142570566781464,-0.6316249082765251,-0.41183064719306933,-0.2887421770097529,0.07567404535789295,-0.9117282590124621,0.12986834146645887,-0.893763948172298,-0.45292262246265086,-0.28925111521355334,-0.7793126812340764,-0.5879987688153883,-0.5059033115931555,-1.3213462885321563,0.7456736685665891,-0.5727711184902285,0.8332474190516608,-0.8202814678393568,-0.05214078521668027,0.014461020652268503,-0.9304181985835364,-1.027955453802988,-1.1635384984643142,-0.8070497400347862,-0.13948774877443706,-0.012093496118229952,-0.4429688306999529,-0.9400515813181363,1.7215746433532568,0.3398465788099825,-0.8660925544925023,-0.47930068098480216,0.38559559367965757,-0.09248688123213517,-0.644910960314888,-1.5014574377247232,1.3761521450009426,-0.745886709503722,-0.8760436089000919,-0.029945340912570787,0.531035086231132,-0.8193132249697334,-0.011154334264904794,-0.5561255268560449,0.8010586788817022,-0.5784023481985614,0.2700048260245425,1.146815262349375,1.4688840469244717,-0.05370595866577341,-0.28813897548255624,0.7161056352725951,2.311251847914471,0.6060659694064169,0.33388268756829065,0.17853614350265773,-0.06842578960097419,0.10452742981371639,-0.8244684688108349,-0.53510587636246,-0.7496362131979187,-0.6762313957608947,1.0622032370576373,-0.1294530828357844,0.7451249529795569,-0.15067063082595963,-0.595887040260164,-1.3414445726148299,-0.7302735083713487,-0.8137102232096944,-0.08967429813143121,-0.5490187557184426,0.9372052275531195,-0.01695448966213388,0.5070439351092607,-0.7137544330726157,0.6727568629480853,0.3559017193599059,-0.2783832764851885,0.3844758980975558,0.3257947162007403,3,aya
0.15159107994028664,0.1412626541569155,0.06377099040291719,-0.0978174697627015,-0.12902516227289726,0.14304524905138338,-0.17427497239645012,-0.051284964373035084,0.06573503792348294,-0.09553123996748888,-0.03674338475645314,-0.03586979693921674,-0.2011449409155758,0.0316312430369871,0.052919251413914,-0.13501357955798685,-0.28652013721823105,-0.14073532776880765,-0.005105327874963722,-0.01963764401740529,0.03435539507991205,0.06297695209579174,-0.031776567406370075,-0.08378690016696783,-0.1704443545539965,-0.17314043002005391,-0.07310350957369645,0.12285029752681204,-0.3567603193539175,0.022206575613378514,0.14082410041218132,0.09094453610130802,-0.08112254383798256,0.10463943395586905,0.003495542090782282,0.009288716477400242,0.12038986916874268,0.15158288097205294,-0.11814723285251862,-0.11673118496828871,-0.10624709857185433,0.09319831982048138,-0.06622988367936429,-0.04343122874121915,-0.41378155677831674,-0.1784275039942634,-0.15832650735178694,-0.08160855846223306,0.03743255184902313,-0.1690693459344556,0.038633617306892735,0.16136700146874675,0.023481566244789687,-0.06616938122300685,0.08256058769946903,-0.00991780980474998,-0.046973171302855214,-0.07698836728156243,0.02829700145555472,0.27939729156388565,0.5926970693003514,-0.15315206689674554,0.3487257262572309,0.22503820130077795,0.02719098112923637,-0.06952408792290984,0.18118377773376756,0.04618481024945529,-0.04050830643981856,0.2812520485121075,0.4772691653082319,0.03241602006881083,0.003303579605069681,0.100564902019628,0.12767005181942337,0.04831212735040566,0.28842847505029706,0.3625082795928437,-0.03183433749715215,-0.1517777770378095,0.023784779164757075,-0.02397311212544013,-0.15419516693071778,-0.04857018999049796,0.04547739962723646,-0.3318409726006337,-0.09881419387027866,0.03513186389623448,0.019504191566913277,-0.13412429238339582,0.01024394170189364,0.0913436403342197,-0.11059017281405001,-0.21414620561660747,-0.037011541644886695,-0.23072471285650775,-0.32040794863990724,-0.11249936872686866,0.03279888531239919,-0.07780915812872406,-0.24525981252402,0.12975877395348592,0.10425499413835013,-0.059234258392750753,-0.018666643224700536,0.8435174531954934,0.14648136144005788,1.0415698478778805,-0.6126211866647571,0.4990899233422548,3.3001160907163465,1.0785488929725306,-0.2921039630940439,-0.19269395526727312,-0.023737542546765095,0.3573247307551468,-0.0708332231114342,-0.49429858250241726,-0.08145496456515762,0.17505094815930733,-0.20895275955263187,0.055825249824439725,-0.5693229455205936,-0.36007327014693863,-0.2510800751110928,-0.10362965480070334,0.6588045043162682,-0.4605660957993027,0.4129674851091805,-0.6797057054541161,-0.3872590137567952,0.1306724217915578,-0.5263726102937591,-0.690982164586591,-0.16593559444802028,-1.2426511348806846,1.3901259614916093,-0.26933042934213547,0.5883274920763722,-0.7232810327190168,0.4444042816173873,0.11918912653032822,-1.234091730805646,-1.6520691327542778,-0.9817759176526861,-0.6241852330719071,0.16066886002353187,0.13162173887488482,-0.33341562432215627,-1.1320094859852354,1.6019380752707775,-0.03718763231154177,-0.8671577154366564,-0.3567412412773295,0.22070116745762966,-0.16882829853261477,-0.4597808278368148,-1.8777006769602824,0.33706094964753497,-0.87487753368946,-0.6848659096998513,0.4819065293821882,0.14073757748909824,0.9577274764662083,-0.388534615641877,-1.224113826837718,0.04923257555201042,0.5228966480525313,-0.1665216003768723,-0.00016641640924165628,0.49327332702878907,1.046502328284562,-0.5754103605318925,-0.2689416808538549,1.9885571078017772,-0.7869123285183045,0.34528748535749565,0.016008003643659435,0.062371400075996807,-0.5353270655512369,-0.295413424478721,-0.3976807705896319,-0.6091884619690889,-0.6629231643118195,0.056029452972501996,-0.8052494769024654,1.0641422581955584,0.47005988024295764,-1.0472718724157388,-1.510859573604973,-0.40645429616332707,0.09400148165560515,-0.6232943991615731,-0.8116266417435126,0.686153957514097,0.4021082843479189,-0.06720874380419484,-1.1920127853517524,0.42543526489410544,-0.5212535905381944,-0.6093255235732484,0.040095211632174,-0.016916031800673692,3,aya
-0.017024698836738784,0.1260168796458794,0.25019850848759007,-0.08330027283364758,-0.03344825022162313,0.12752759904865693,-0.14927124356296884,-0.08473888084458657,0.13229675271470806,-0.1400448828841967,0.015540089534803361,-0.015811868089297486,-0.06569954516700113,-0.07208594912350741,-0.00039818338991989507,-0.03370916464438108,-0.3127088019355223,-0.0421519624249829,0.03862525108039113,0.03196144404953394,0.035130979948118486,-0.00903095482983591,-0.025478607123507458,-0.16804651378645394,-0.10364304000123441,-0.12041543468788554,-0.08447447128780877,0.07702490843449196,-0.2906188174940505,0.0420257537377845,0.18705555256379583,0.11742133488873978,0.05064564470642884,-0.021419923892096408,-0.010609748857806604,-0.016527639281456397,0.06064639247396603,0.007863360368580341,-0.042987194282568614,-0.0512516403416476,-0.12257123098623217,0.09337002405135457,-0.06541946927460826,-0.0863697475870967,-0.37175215812792356,-0.17455851755249518,-0.11932765834834858,-0.15118401965331582,-0.0066328838875263476,-0.21024320188597387,-0.04767733812359223,0.26832796541988996,0.2020008268777488,-0.058995372330546976,-0.08546885539118679,0.01309638155684385,-0.09330630059175743,-0.04057319823605434,0.0797169990971696,0.32743893095847926,0.476360973148071,-0.18793822533291596,0.43780198981783164,0.21694345130015597,0.019967129839798807,-0.018972739038241617,0.15204121236659346,0.08197025819793215,0.008748743853012352,0.24488620437530628,0.6412679075909469,0.062131799133059225,0.042432306846395346,0.15256265563712776,0.11316501719007883,-0.019513165138395416,0.2646691307857846,0.33477308225383096,-0.18973307834442235,-0.19530744129928646,0.005640351226971825,0.03430577108962234,-0.10997321690186244,-0.05596360500603889,0.18418018876068043,-0.30236106890113834,-0.08060084914692447,-0.017217272169107716,0.028383728004292275,-0.14864106946221053,-0.019641462797506528,0.11628229117759066,-0.11036209719199336,-0.23956284528156216,-0.030228856214182066,-0.2746742579832823,-0.38358897932805286,-0.19857047966412314,0.009712130937132142,0.04315417371046823,-0.2373941132171996,0.11206416876236289,0.04860077253140849,-0.03259854475478304,-0.08826826444561303,0.7946839090599497,1.329721491549217,1.2304195822664243,-0.6585560193765451,-0.32709592701079004,2.8472586724839286,2.316450095197948,-0.22403602694776192,-0.2001056949467499,0.4800355008576624,0.005093478565575807,-0.6179376274872062,-0.769731576168603,-0.0652072229366017,-0.01615324000260736,-0.47438824071904645,0.2275040623235748,-0.6651158634560251,-0.5524692540558763,-0.38247437195616707,-0.20187955406723765,0.5770118456618986,-0.14306259846329475,0.6878835148939426,-0.8503995822077115,-0.18609344280160228,0.07038973802776931,-0.45587514936024975,-1.4546315156863154,-0.7899927054960082,-1.8051758611498616,0.5644974522793303,-0.7522913090344663,0.25056875544079815,-0.14319302476131004,0.5505225008182292,-0.5189161349289081,-1.2669164247322091,-1.9405145038345715,-0.7383575319740677,-0.032780437552507244,0.5477455560224342,1.266422956540922,-0.5126553099684537,-1.307363367535513,1.1891999970040101,-0.027478076226658873,-0.9257305123361105,-0.9481207579663312,0.76274127720741,0.2464804356555161,-0.556811367819745,-1.5841721073865256,0.5798163549661096,-0.7916961692655126,-0.5001286440649352,0.31434299540452504,0.57205377699413,-0.8595668010767622,-0.36823808869882796,-1.1891341679578376,-0.14436624817040797,-0.16109313491272043,-0.39323920151791164,-0.36361509020229865,0.15603587122156562,1.0496210977787277,-0.509632534795699,-0.13726618772698232,1.733497079726072,-0.5124438233828571,0.1808001560495686,-0.0005019500051327689,0.16486208857783735,-0.7756985290078945,-0.08519135443388964,-0.1519904181706675,-0.5546452568655489,-0.45305128056454,0.07174365060505741,-0.4429321676022904,0.8623999130671512,-0.17598011279828632,-1.0152256881654755,-1.1116552327467477,-0.2118133948407813,-0.42703020743026193,-0.7414198905169137,-0.6047238673161797,0.9121401244553524,-0.33712601161489164,-0.08161302450632771,-1.333473800807227,0.47290281261957723,-0.8917438223844718,-0.6860574191776078,0.08230177807342459,-0.29438365764997493,3,aya
-0.07968516523254382,0.08803259768041698,0.3977256742839729,-0.10686649783180678,-0.096067698589317,0.15496867740733758,-0.18049767821500387,-0.08721366097285997,0.1206381753239322,-0.0964227652131085,0.12781033632427785,-0.08004886895886994,0.06299683651649342,-0.172939818310527,0.031690143029481165,0.01961270242251582,-0.352108496395575,-0.061120584230478434,0.12834193225489282,0.009823475221623868,0.019353705250901587,0.013216655131981246,-0.04836016538757428,-0.2807200401920557,-0.0692913826205606,-0.14196040615691335,-0.0767534133674845,-0.03285215523361466,-0.2770016113331937,0.09810437315694934,0.09838103034949938,0.2117641610845074,0.032133994376083753,-0.14030648220876984,0.005921307270156843,0.0025871964949648256,0.02405020451171273,-0.012220651977096965,-0.025058058141491802,-0.005681256129542544,-0.0852299366904606,0.20471281479469494,-0.11416414882160822,-0.09984657240093166,-0.2502713866446967,-0.23261124330859873,-0.115889096565979,-0.19870849628983414,-0.04392115364412733,-0.18756696052571703,-0.03267994996748822,0.29651368033124975,0.18240156311814196,-0.03733354304351161,-0.030649189699625493,-0.05040479224750601,-0.12973743566012247,0.089698797658459,-0.009414785540119255,0.3303841326204163,0.3839665311104306,-0.1330102291343486,0.33937747391083195,0.06546566305644924,-0.00020765443304826314,0.005524384717937143,0.08027716314226745,0.05455807387639676,-0.061829739242304685,0.2597131278171256,0.6133014439281027,0.043596174394379156,0.04495963756776847,0.1161068883706041,0.15790421941415989,0.04164762829276609,0.24630845084942019,0.32908907639539375,-0.1681796457841405,-0.18507377961040933,0.02828963518949094,0.04565262453559609,-0.16682212193057208,-0.06316712334780095,0.17327009509930635,-0.316846097881837,-0.15409638236186748,-0.015235656294211466,-0.031049587637442866,-0.22684784571380037,-0.010246929766857666,0.08396343940926973,-0.06180448355002359,-0.13566423295279736,-0.08515814257495122,-0.26449245736848565,-0.34438094994660995,-0.23544488057664928,0.07890233508161282,0.042943264164082166,-0.19739785723671546,0.19779961845571736,0.015044956278701784,0.0034916110512174616,-0.0807682035723803,0.9882395195420313,0.5865596107266525,0.6287382265907473,-0.8539445839926357,-0.2132390130286749,3.777538991285827,2.0605356511105932,-0.23445894376013934,-0.5113781069194523,-0.143505487296398,0.10706542939623238,-0.3490170266799841,-0.49982821843516334,0.18697050380640617,0.2582379429350336,-0.3168272175372547,0.41010183542399736,-0.5594307887394487,-0.36778401564032115,-0.3370710894386565,-0.03095402022872797,0.6056552726873806,0.5604184224481081,0.9393689669734123,-0.6811622391119564,-0.11558881155581223,0.25292735238379765,-0.381592433226834,-0.9882988422479496,-0.6124646658462897,-1.1677573583552243,0.7502337097021528,-0.6475440382606887,0.12008322698784085,-0.512730111929561,0.051045242160295386,-1.01193417585115,-1.037650338570775,-1.7161410089644418,-0.7690959292068204,-1.0673500590292035,0.1515144405453534,-0.008940307512069758,-0.4381509752664798,-1.4819483049848559,2.470647809887789,0.4690793304019157,-0.8645598542647639,-0.678845708130896,0.3791439024770528,-0.2135656886133036,-0.5206254900603259,-1.63510647291121,1.8448937723722938,0.4888673876296024,-0.7866912960547068,0.44256200100013826,0.648009026012352,1.7057156160037492,-0.37757933772538094,-1.4684508934490306,0.32329107068458546,-0.4998362763676412,-0.3481027528401131,-0.38482815556953154,0.4191742014842826,-0.36064888086229585,-0.5611826397276182,-0.07586093265000923,2.025791608885197,1.0128049836915378,0.1232998005731643,0.13572133921108046,0.7619701357254386,-0.3495684662967864,0.13280245310261207,-0.33955845964540743,-0.4368740110101354,-0.5168042519108423,-0.2024733103872133,-0.07209951858016561,0.7483136963371472,-0.022698186604945977,-1.2003295306222352,-1.0669313347612173,0.3939789874129975,-0.18705624104036941,-0.4656607633280625,-0.11783427892149863,1.0458580630357925,-0.7617704332560543,0.1348499635262801,-1.1164979441500613,0.33598103879924573,-0.8337847905353706,-0.45709334138907737,0.4611943061685111,-0.14688800528185803,3,aya
-0.10305116156045353,0.07681889526523474,0.3412109037120024,-0.06774429011632854,-0.17060107069569083,0.15152652711280007,-0.09614784827776267,-0.10774810911765208,0.12341195624082789,-0.06754075992912341,0.1003536406541764,-0.024472848130626976,0.11394399243842017,-0.23662166064013693,0.0398582456981044,0.04227833153939225,-0.4005809564446793,-0.06019666504880554,0.10567213156310663,-0.0016398197479898019,0.08247908097991555,0.029269548508647845,-0.04844939004074959,-0.247409683421224,-0.15490914567947622,-0.10623211020040452,-0.05368949998853865,0.022215119549763504,-0.292234267188828,0.1741587258182024,0.10439112792756763,0.12825032917833054,0.05207303053445515,-0.14146018398079735,-0.0521895743066817,-0.04724563843874947,0.0495227066148002,-0.08006019283684639,-0.012723146672891523,0.017097157147320147,-0.18300251941178244,0.17474577299714555,-0.14923722337057965,-0.09994691103143419,-0.24032535317673417,-0.1683267502440279,-0.17387209348611243,-0.1933941534405342,-0.04398556721623267,-0.20284858499669073,-0.07387105553276621,0.31623378328976026,0.1532856843601202,-0.022375113323057604,-0.0007979656449309279,-0.0461427326896875,-0.06008404689090796,0.02999405296488323,-0.015975804481360736,0.34019639884944025,0.2830262206235685,-0.14945273327703762,0.40221922963696544,0.12805781544442382,-0.012190287104660089,0.01214401102337535,0.05776974791846505,0.1168225830056783,-0.06933732207205145,0.24593324545352194,0.5842290616687583,0.12110953188481599,0.081094867317583,0.14273611778863105,0.20181329312412244,0.04298953916450391,0.2111468471175634,0.2912807762708555,-0.19479476993956701,-0.23789010223741763,0.0360576623535515,0.10026411291810747,-0.17353112319248298,-0.1159434083025052,0.08719795775673443,-0.3255963377537209,-0.2532134272809449,-0.03017653736359389,0.05464091949129626,-0.14610245985098652,-0.08514761582701148,0.13420075452909253,-0.08768327629509738,-0.058973492769022424,-0.06652137344929983,-0.1473039706328283,-0.38236522098364134,-0.27773257358693143,0.06427321325085945,0.07281321440241072,-0.15412887732268424,0.1955855648657842,-0.09684120945806154,0.018283195574566414,-0.07971032807770992,0.6705170720694595,0.4591800550772306,1.1341540983440155,-0.7513465373560225,0.5298628703406301,3.1026753150547766,1.5417962017062918,-0.1286963524075689,-0.6287640850735065,0.41226383419359536,0.04350823948953922,-0.08752675401530942,-0.5856405915367353,0.1374276701549612,0.13720828897057488,-0.5918609864638849,0.3910014034610787,-0.6808717618107767,-0.6382238065939875,-0.46045809167024265,-0.11059634510870343,0.4495155584854636,0.432616031637673,0.7563058341085133,-0.8240102591025135,-0.34092622171121295,-0.022507638964942372,-0.48555097197295877,-1.7156321333845588,-1.6802888483548524,-1.762625713913277,1.3639159565295769,-1.2565480108989062,-0.8166839867103401,-0.23994206325758274,0.22028205019866476,-0.5282509274248809,-0.9010295598250556,-1.4627887737145504,-0.47517396745999585,-0.28856096820454735,0.21712989367915475,0.1179228456192829,-0.4536517012486695,-1.779791454745449,1.6187424891838482,0.4818926760369323,-0.9859308627974006,-0.19849527634920178,0.6514504951225878,0.33587108310768987,-0.5150654762274847,-1.3081006032035347,1.6405898487282744,-1.092079726516909,-0.9507004772072695,0.5893540751478767,1.0114127201709777,-0.7889620868482338,-0.4843052216444768,-1.955149897478904,-0.2450086916915115,-0.3955474899950481,-0.4283429015961867,-0.4156920939790797,0.03158551871536512,-0.5067267984008946,-0.6254015081722876,-0.053847006994677274,2.1167671795934493,-0.9196338018819656,0.05485426090415768,0.3963659254671324,0.6039735737833571,-0.8461493706979886,-0.2978642332196422,-0.6558295347790408,-0.6775290269664409,-0.5686636124167892,-0.21592552885834793,-0.25775993595445457,-0.19626513639106286,-0.4799671669974073,-1.0177497394271902,-0.7342620953461125,0.9728368027933946,-0.8896233252467496,-0.38346552534074374,-0.4848718665009776,0.7058271855812213,0.0016479852146990346,-0.03191694771855009,-1.5578304643698904,-0.5135074084865188,-0.8149193344853892,-0.3213094837567259,0.0902110924026922,-0.43786466782917177,3,aya
-0.0018798416799316179,-0.07784947392493674,0.3033388986985715,-0.05543393024351242,-0.23183081427199012,0.2660546642201585,0.016230502428613347,-0.0857088869212328,0.1561370882336083,-0.07885678146979469,0.045306913497371676,0.021137680918860487,0.1405344875420045,-0.1704158788804395,-0.02610432095714604,0.06938625331672434,-0.41217172841892924,-0.03267458319840778,0.012112181650699494,-0.0978468238435231,0.11991197519796011,-0.033647631183151755,-0.01908571118318741,-0.27440519048764106,-0.045877482462143473,0.03391806297389789,-0.03354549933138426,0.07423670893298087,-0.31235740388622696,0.23802898653679375,0.08603005354002666,0.02529401289644206,0.1426892958371459,-0.1792570745562583,-0.09440581743492962,-0.07977838183936257,-0.04048340278494957,-0.01067660236388837,-0.019009285341441574,-0.008150377139827395,-0.20260016002659637,0.1906930702202201,-0.13425721005510366,-0.16024499119195817,-0.21376099567203757,-0.11701693336688718,-0.1583660472303928,-0.20325793691390284,-0.032846491579801185,-0.19716252878460255,-0.02709744466630533,0.2401653971438343,0.005652432136940235,-0.10981221045164495,-0.02594128585050737,-0.05953466016770982,0.057833561948499396,0.0772094811323848,-0.08486191878047279,0.2763211392180264,0.2534771359920537,-0.12265221216309528,0.3775884964154783,0.21703771503560396,0.0836376317705678,0.0741694132157564,0.03863668216849617,0.040106224236147,-0.022057356404594917,0.30021731298955256,0.5771621335550883,0.2345870334057239,0.1229016379343234,0.11360970269241571,0.20466092357668747,0.13457657980103857,0.26146768007514215,0.2769471001057133,-0.20153853680710468,-0.20321355182602163,-0.05295170491364801,0.022201193043578708,-0.10224248050837442,-0.05172344252760647,0.12472188945644481,-0.34478914480464123,-0.25178769690923175,-0.0368417131448233,0.06824464475424029,-0.1410156999361926,-0.10047006520886476,0.14692214627586286,-0.1218680110953586,-0.1561269787758886,-0.06528621142957944,-0.10172790401438131,-0.39180356346496253,-0.29623313117966144,-0.030505300660325675,0.10893289164435785,-0.22195266452535675,0.2344198989003146,-0.05758901101819341,-0.08092083143551107,-0.04795725331007695,1.027249691913614,0.5943828694881842,1.1534108130292855,-0.8239567784800462,1.440729754967999,4.35680075088967,1.6121383482715508,-0.32349208613104596,-0.8005564056442706,0.35396176378195315,0.4107050291033845,0.3491908717919053,-0.39201876003773267,-0.05291045296356287,-0.04644875192434105,-0.6127663239789515,-0.22733686177782528,-0.6960568360905988,-0.6063531549240369,-0.6116429317051477,-0.4392369383719017,0.23285253114094182,0.5164683045166212,0.25630028157268314,-1.0787486587454587,-0.5227860458292839,-0.29605965273735874,-0.578505040328141,-1.2516307534852493,-0.8734628028254655,-1.3784390233268184,0.30420618569614255,-1.7359702271714348,-1.3344115023528216,-0.9455701345020764,-0.02442703024163131,-0.4952557712719425,-1.0158926510136101,-1.1295272128504965,-0.5990669256596152,-1.0313399282742968,-0.22506109536202137,-0.03182482887372654,-0.3296724175365987,-1.6050273701972333,1.6906325436739773,0.6022648117913847,-0.9490538135371511,-0.05746383373469945,0.8206171197258681,0.31123210991576705,-0.05100643521674643,-1.0624893818754675,1.9697665811965086,-1.018741730277943,-1.0885188984792906,0.5110525670662869,1.0986799901451703,-0.5625543332335865,-0.8159256912096992,-0.927403688276856,-0.33549238197413944,0.03497891970192515,-0.8322414137142532,0.16534910140499154,0.33850277040523175,0.10111788093870047,-0.8238618490166966,0.2979702649244274,1.5872436432935026,-0.5727354025935122,-0.0644478089904034,0.3616725840992638,0.043076606491543046,-0.9756000691117158,-0.14765801585170701,-0.4612097982050753,-0.9769858947124201,-0.5708153754109707,-0.316707362837424,-0.5188267976682772,0.30439383119179503,-0.8221204736330213,-1.2111641383163845,-0.4602983766544768,0.8091673241188877,-0.8489969329435351,-0.6076120139543352,0.21979079082670988,1.8173871505854309,-0.963088262193366,-0.4186238456991868,-1.7795892638373814,-0.26771861875227027,-0.8555548583805515,-0.7134756145539857,0.1890209824825669,0.2352112550916188,3,aya
0.03220289054625537,-0.07376082137733037,0.28145971122639446,-0.13206538325597272,-0.2251736179316008,0.26455709140084427,0.06357000879287711,-0.07401287025856089,0.09682203810449443,-0.08687970978359078,0.021698735807565026,0.02523188383560214,0.09245001509965659,-0.11972977363261678,0.05053956659729414,0.06363668762444365,-0.37862047793627884,-0.09838106614076242,-0.059806496364696315,-0.13088155518313124,0.12093121173278783,-0.10269186020812829,0.05377095428930027,-0.29082332596274924,-0.011062827850280515,0.027878709855249113,-0.1376449881860058,-0.018048075750325913,-0.29830539883253,0.28620222570343223,0.11880452886018997,-0.017310519567805004,0.2879921770106096,-0.2963754407016581,-0.04594069190861181,-0.11358612831506794,-0.1686910934915857,-0.004694754812440404,-0.02255990302780144,-0.015597415505144001,-0.1751101785035353,0.1613129474908466,-0.11533065317391487,-0.0978302604586915,-0.11378083582898647,-0.005141748589461675,-0.11872914879368746,-0.14890011142751206,-0.01533278513651947,-0.2572580725227052,-0.008363499771727598,0.19649916815693488,-0.005363940548357491,-0.1540305303000972,0.03937316437338158,-0.06956774876550749,0.14730356304802558,0.1468276490092584,-0.10624609185743072,0.2876409913574403,0.39646512296367337,-0.17695207973981888,0.22022609350771413,0.26195320082166984,-0.022198496801521934,0.0663088746624103,0.020267135468005175,-0.007011489578047093,0.04284465078131778,0.2927440429802919,0.6070196656008181,0.2822510027892518,0.07634274005286559,0.16380301420389157,0.25421648643821776,0.05924939205767379,0.2850007939801497,0.1741764978666527,-0.07977170548503751,-0.20591050516349194,-0.005425500207792236,0.06460210442055069,-0.04829675229032182,-0.04220211737014177,0.12878954304789567,-0.2564707533203556,-0.2843558253527208,-0.11204042666600898,0.08158747792452119,-0.1272594662448862,-0.12398235658011954,0.19246539308263322,-0.1291356206840818,-0.0341286674562828,-0.042669452186692894,-0.11005688745808583,-0.4214775177349355,-0.32242349349240873,-0.05242517266607576,0.09274289042171834,-0.1707021599662932,0.24712068947539892,-0.11418526852165642,-0.13331658930877305,-0.08257883053536275,1.2272277494079924,0.46889162192150247,1.1129855300581972,-0.8500599606320361,0.304724156456355,2.0599813235401196,1.1644940920342493,-0.3221627604997521,-0.7201755392992856,-0.23811571405063273,-0.1503294267966757,-0.37802894431553574,-0.23559692760496442,-0.7500525839528086,-0.6326129979894797,-1.0365813149717504,-0.551523455389877,-0.916989154727629,-0.8372447384064595,-0.8891578003636178,-0.7442667039055102,-0.2961188576532557,0.34656090250053184,-0.3100385055426685,-1.1080467960452618,-0.94623156898952,-0.5256718813034778,-0.8335733845669592,-1.2567154389679231,-0.6758536967841298,-1.273428331247424,0.7866578852058544,-1.5379864952524163,-0.5242111179535217,0.12214843820254996,0.3121489757341418,-0.637852121265987,-0.49697300638573366,-1.4472526927812914,-0.008336580452618841,-0.27589800806491627,0.3602653762416911,-0.3044577828747679,-0.5975861596187669,-0.8652353741501807,1.7461627056877573,0.24618630844556214,-0.8325300324966146,0.4318403676012088,0.5227195553328239,0.5095236232393624,-0.739240979368975,-0.7545418851802806,2.1582527348508633,-0.23702667363174704,-1.1839498957828989,0.2447348329834098,0.8804321331530943,-1.0828922925412687,-0.9987365476025974,0.173517429435283,-0.3628359216705341,-0.01615326570154415,-0.7937556105429721,0.8568325656805615,0.7456870050023785,3.2631717642621516,-1.1923784922802698,0.37917777259908353,1.5717593103771101,1.5128125684376093,-0.38798539302952856,0.9176962988986035,0.11310287474914765,-0.9172276111663243,-0.3325139154561415,-0.14560370066657222,-0.9229307961557683,3.0219752454161637,-0.5214575237443912,-0.38855959125470557,-0.35505969224353284,-0.31541412790125567,-1.5966001470757343,-0.7848727631017277,0.679628664992862,-0.7859070937727531,-0.9931005538916424,0.20524833891356484,1.296676518687736,0.5893096753657655,-0.7374691879698716,-1.3442164809501562,-0.24953616194754613,-1.0528485527496292,-0.903920134188291,0.5307504988270108,0.0784938667194632,3,aya
-0.1999634903577333,0.12764111876752027,0.11683587743925666,-0.09744509173627593,0.2779247198227455,-0.03351982225235527,0.12209631056422915,-0.256002749722353,-0.029843768814618893,-0.1240554070495508,-0.01366438697978794,0.04653133838021923,-0.10668212875243138,0.1231132816772541,-0.25470584873115354,0.27625579871734063,-0.10658158899345753,0.03379426341169378,-0.181909653209501,0.09268130688757394,-0.28418008476703155,-0.2037616434371199,-0.12300592976515559,-0.08018299898776071,0.15482617392592188,0.02108633059615441,0.13747718585029936,-0.136330348459142,-0.0900592676638503,0.07164958023925,-0.08576390721387345,-0.3852782324767874,0.022362396405791223,-0.34657979651102533,0.05922479116140374,-0.05531919407778512,0.10767575310018818,0.11219576041687254,0.14262805559061278,0.12577946930191766,-0.13565831368349635,-0.2645484388699001,-0.20618131528994335,-0.219647405929429,-0.2923933372126457,0.16061004786768496,-0.13538364203286649,-0.0722270154053197,0.05345010787382591,-0.06148650223292084,0.18362874659453524,-0.14516326086919437,-0.13429120149202275,-0.346915196032597,-0.23145704806924897,0.10131527147534698,0.014408836459174896,-0.0665821500754508,0.1851209182617997,0.1593542471473837,-0.2907040939855093,-0.17601853699612163,-0.44351769951505743,0.1949534759220624,-0.07666023814575644,-0.026114720757990238,-0.13440965619425616,-0.11432758411237288,-0.13717855239971044,-0.428689484461007,-0.4021437102634132,-0.010846786899910456,-0.1702590247096122,-0.04016777665710158,-0.05734982871338029,-0.05227401718009752,-0.06071431422707252,-0.31924563174529424,-0.17129568681804225,-0.036453113088769064,-0.04466040789218334,0.055661956480281334,0.08254921274143888,-0.356253721994941,-0.4980130398196513,-0.06394803787046001,-0.20015064315902126,-0.01217335017386296,-0.3484925802014632,-0.2774591478545277,-0.10405749600832553,-0.032092041610220494,0.11780248951813037,0.18446567258541277,-0.03687610635680191,0.011379861157994423,-0.08139177257896882,0.20656115783832757,-0.06674314471666605,-0.05509971855181349,0.15628305978398116,0.23066138884215828,-0.16055239924775203,0.35478611282163114,-0.4472435306227173,-0.5610180758550415,-1.533105492224905,-1.08140995901907,-1.2074983781301112,-0.2746601605145005,-0.31841413890491344,-0.39939601096964766,-0.654761832706913,-0.7446012501288909,-0.610983190097283,-0.9606620142618978,-0.7175558080233857,-0.37860655064851173,-0.8751146552553853,1.5821662906321265,1.5911127906573543,2.2561543149405767,0.5357296460950266,0.9736042882519453,0.25220723725032146,-0.11389742170659327,0.7946720475753383,1.8718591689596178,-0.04961563405329647,-0.22532523214869804,0.9826444741369209,0.6051098222195328,1.370229759378108,-1.132160755735544,-1.0466353257475052,-1.3323135628788325,-0.3860982433675851,0.07308156870979024,-1.0380903796406649,-1.3659011745597414,-0.5300679983824789,-1.2993466053442015,-0.7689879979245341,0.20517277235362424,-0.4366614055279519,-0.4405372249594694,-0.8740711397211487,-0.8041527073308271,0.4599108194993752,-1.5297667478491488,-1.7185171132741437,-1.0647419956507567,-0.028001515619387178,-0.26776213693466666,-1.1881275741247508,-1.061083797421725,0.7811647703798361,-1.3496289914462338,-0.8686686024293903,-0.9613415723462951,-0.3308735030615209,0.27991938802386696,0.697351367317474,-0.9282439006815343,0.7973626088673664,-1.024410163215109,-1.4167372959304974,-0.5666415122091406,-0.2227650443410995,-1.452857233756891,-0.700130299255216,-0.779460096290308,-0.47202221617076046,-1.6382471000994543,-1.7825184246222814,-0.8714801123131002,0.2553765160466479,-1.0760680866766903,-1.7072818634230882,-0.39137662669735857,0.4765015059586203,-1.7012967801588885,-1.386279260044873,-0.16004914790442942,0.07305137909500074,-2.146703241936443,-1.099076621631053,-0.8711940169294533,0.049974248703039154,0.23313725663682655,-0.6063507301051544,-0.13854589375400206,0.47376172365434566,-1.7769392194367757,-0.28327770449701484,0.09693894917960917,0.24978228581185252,-1.2284723018494133,-0.7843597668878881,0.0818291000396759,0.36057648069636233,-1.5852837673251141,-0.9009704504257411,1,aya
-0.2314157414741592,0.14240548512427273,0.1110987192468946,-0.12570635926810242,0.23219360424905053,-0.02634474165707184,0.1666801495187088,-0.26079037047102616,-0.03151194428862297,-0.0687193233589598,-0.08127416358771482,0.04948778941546851,-0.10067214805787658,0.1902392600280054,-0.25213959944535136,0.3454447709553759,-0.05902052879211013,0.09930228828338176,-0.13695553322890064,0.14587040595042683,-0.28551292931149364,-0.2717127759612784,-0.22007332620715228,-0.03190749292235847,0.189029646093564,0.07509093783204264,0.17119414192719212,-0.26079642231414957,-0.07163756630825069,0.19942962708151968,-0.19537925906132317,-0.3853629413613849,0.0592440920310195,-0.20757659635617315,0.07640904141419323,-0.0657614170162205,0.12566063313226886,0.15178572656383407,0.09738740171663121,0.16304329422439268,-0.05604350436306811,-0.3118523627882263,-0.1791251133662568,-0.17529487904598395,-0.32693259377110934,0.13827474721378422,-0.13632841991546843,-0.01406980556333287,0.11611549602975235,-0.08046995934174989,0.12732415561438137,-0.09297239913973228,-0.11167163950836027,-0.3332857356476549,-0.2786758866996873,0.12323336505934909,0.10237964089767018,-0.0069795860308939535,0.20771270777846482,0.18472714830926884,-0.28566273271876835,-0.07401986994019215,-0.3630645481082661,0.1811479268686852,-0.2170790887764568,-0.02427576429543063,-0.1283696224195398,-0.12479879327617757,-0.16461555968715258,-0.5179743228087168,-0.3015187984696564,-0.047569524937131846,-0.103755621904027,0.016835038555908864,-0.026042774732776844,-0.03368622394219029,-0.10353188137464214,-0.39475314979862614,-0.15466394255053864,-0.031152541210244706,-0.08225789573857474,0.04988048997441699,0.10768531739836432,-0.3968588408972016,-0.3837089386489582,-0.09398622846630279,-0.21136813861994688,-0.004634762057394224,-0.3665347788231797,-0.2647945427519662,-0.10786958755574926,-0.00789182237138486,0.12277833198520455,0.13176641711787435,0.043267512050461365,0.06084489353273359,-0.0636631705657768,0.22902202013428563,-0.035821690546537326,-0.07814054131437083,0.1883953893532288,0.23091765757073518,-0.16776264565390017,0.37573068436624346,-0.4425208120188114,0.018775137457304185,-1.144306830207015,-0.994784965510011,-0.9748272449506507,-1.1882116117380128,-0.35950733886671,-0.0781123811315963,-0.4754578318001891,-0.5964522842003259,-0.2769040432991488,-0.5593417642412923,-0.39452155757716556,0.3726999588706142,-0.5004741497366988,1.1023070766866137,1.0895541074225554,1.506564924068339,0.16977352383790134,0.3515653347818275,-0.3914983034102414,-0.6728142060645557,0.7069864089974524,1.6984876013045145,0.11793879733801736,-0.6890029100819548,-0.2256862780674144,0.393528411160402,0.7508221899456939,-1.2436007573446006,-0.46337816088275585,-1.851900082921312,0.3669760198506991,1.2080243054297455,-0.8104736930861675,-1.0693036957280098,-0.9548149407005776,-1.414818620974529,-0.7655846167742304,1.3944082248637384,-0.2738141049522191,-0.0017068487754498907,-0.8941972714811501,-0.16774253266480385,0.5338419230409258,-1.652407406590906,-1.7884252371012803,-0.5261359085735168,0.3082797368595395,-0.4014302798581038,-1.4063171767423266,0.5373801114737558,0.7317171294761146,-2.377374702589639,-1.0920126982928853,-0.9410512385706422,-0.376509367727454,0.7788996039112376,0.84843824926066,-1.2099346877087023,0.435643957958052,-1.2202956921218273,-1.5069736103811826,0.5167752530613078,0.006558417592747079,-1.1779276014282285,-0.7766868425050808,1.3089666786084033,-0.516479099108699,-1.4944313376051195,-1.6865845691267503,0.7018179123355124,0.42257843251648636,-1.186237741236635,-1.5621797328898568,0.38277481612863673,1.0087284895241544,-1.6323724969288003,-1.3025154205848506,-0.38441829553852486,0.38266944801294056,-1.5189443887828171,-1.432497822767732,-0.24339527438401595,-0.07265127183112367,-0.08927500287403813,-0.12719900010630886,1.2912279596387202,0.4245538637120785,-1.6999482981680953,-0.3288680694960432,0.5212698967283423,0.8358622687882689,-1.214253439980969,-0.7532137459788095,0.7970716911142668,0.8222428814883393,-1.448265929470646,-0.9155947749857187,1,aya
-0.17126699137410917,0.1398483432489107,0.1728192032871454,-0.06350396252114864,0.2808572321127941,-0.040196772127364465,0.05722596665700184,-0.29760308245206335,0.03589735235611266,-0.13977821627826933,-0.10134761180551868,-0.10101924744408008,0.06510640348243646,0.1658257394461169,-0.21236096846182947,0.44501653471545305,-0.026538542183685395,0.1420761596156683,-0.1674856687922542,0.09753081211419275,-0.2159299535496713,-0.2491854600548935,-0.1547940193705812,-0.0300561453369915,0.1909482922697657,0.15838208304080362,0.2054222617886454,-0.1235275187274293,-0.06508079251733213,0.015869515568503696,-0.2500155869756469,-0.22365457913754797,0.18603790275513857,-0.24280806534398805,0.10406354871564832,0.1211323470431521,-0.18547759741346195,0.0937150205005869,0.2296500873513681,0.24479884430312202,-0.015674051472415823,-0.218942051182158,-0.19191758213049787,-0.09717586536314023,-0.24983573876263648,0.1612745418656357,-0.010814110812979885,0.027147574078262935,0.12505515647168994,0.04117177572878216,0.20143353734612815,-0.0842132401658744,-0.18901976209637,-0.5435682881580434,-0.14409734283565076,0.16780998960819166,0.07396828655141506,0.08040612375234801,0.2813668277223805,0.181958949198278,-0.20577573831736148,0.002165397518830168,-0.2515891442477277,0.15492423357879997,-0.19765375143389818,0.012232059140217568,0.05287389636902426,-0.2537447710700296,-0.22657890764754496,-0.5294832428044896,0.011472581160882855,-0.09034228971822288,-0.16860205281458807,0.08889374976078208,0.11414524039665366,-0.13536473280288708,-0.09494329246318249,-0.40060725472500863,-0.15903475440571826,0.14222681039686902,-0.053711820050125335,-0.16533978042129782,0.0814270276667883,-0.32472751664348615,-0.3056733399407156,-0.0652208841776162,-0.16316075467180013,-0.06913249533095032,-0.3264901790196052,-0.19495225063954835,-0.09228847299916494,0.14912334761097906,0.02339293740124104,0.19047856863297669,0.21525170936566346,0.07223023541518092,-0.16483766901910235,0.18492970602873995,0.07143598040893735,0.15644110638431238,0.07869092567622886,0.01809481842962958,-0.12587823640235468,0.3944497235656465,-0.2279527239973864,-0.8190052639431752,-1.420620432813636,-1.003308996367362,-1.2343909806854478,-1.4359940384228844,-0.331951461601914,-0.29794933798273504,-0.3514056687777036,-0.8695232446982011,-0.5825377294122575,-1.1542468654717482,-0.6171817873414622,-0.07096591586217454,-0.08027828387938488,1.4291639256042195,1.6152516987582093,1.536293593851981,0.48495695882625306,0.3266153587827052,-0.40915150698821606,-0.6576810517749287,0.7287630322037537,1.8963766316288264,0.003155792189726586,-0.50543374459779,0.06920030554120586,0.7893035586283315,1.144003967335164,-1.8236205455785826,-0.8240208627292193,-2.00984370984257,0.3036527412683091,-0.5007083666134665,-1.1220460672052808,-1.2695220959641873,-0.9849286512780521,-1.2468026311684366,-0.8428178581896536,0.07747847469221833,-1.1419206880242054,-0.47557968475714685,-0.9891158320081629,0.014878197089627914,0.8263728278577823,-0.8340808410193795,-1.7165640196143739,-0.5355973283385033,0.6478669752293154,-0.21981714892956736,-1.1058072740176113,0.4956993331368005,1.0726841186902474,-2.3096357815364756,-1.3771374562550849,-1.0682225929208378,-0.29468028464642265,0.5438526302659175,0.9228454647220367,-0.2691185202995362,0.9249882058025394,-0.8447836491618566,-1.5508185829082688,-0.654004019819147,0.5273864323753907,-0.475083372002053,-0.47767008286089785,-0.7599863176730453,0.24425905617520327,-0.958245875574172,-1.6373792862636505,-0.4703860125432995,0.7364076268931059,-0.5669223157403046,-1.509305960133181,-0.38123944821076505,0.8660773220394639,-1.5594304644953223,-1.4076985474677828,-0.2182813094339555,0.5666971822320531,-0.776016721420962,-1.2679721804455546,-0.27783018060624515,0.43306414587860637,0.166726621179476,-0.777726800581877,0.12451313641130733,0.25000992689864043,-2.134743860256156,-0.6959187293360234,-0.2179036255503205,1.3970149310675097,-0.6891267644104531,-0.8021037583224748,-0.682810011321804,1.6937061986395388,-0.7970535277059053,-0.9819430931027069,1,aya
-0.14919985380019143,0.10563041881546731,0.18322526727303465,-0.035697628146240605,0.25755417010630216,-0.09619524606377722,0.004434369549384906,-0.292140927652564,0.052072057887188626,0.036928606479900525,-0.020070063293831864,-0.11528911875227665,0.14565474135842088,0.15074350262835798,-0.15353442950527932,0.40740539549456367,0.060137037605958,0.22147563194418848,-0.24838765714446548,0.01676066439385969,-0.2113004423183601,-0.17108227436914913,-0.041194394138156266,0.03226988631253341,0.24424737049418685,0.20091010995649786,0.15380680996238782,-0.04799635777497027,-0.014301943100487585,0.10254898020431119,-0.25446427074966804,0.007020642146486189,0.16113813689245246,-0.09461232307245034,0.08935323563055145,0.06669657991288531,-0.4816735058731964,0.10821145404010395,0.12325108863993905,0.24249386213402677,0.0019319176875055963,-0.15078742853487684,-0.19602653154251626,-0.10165384188221031,-0.22069722774853476,0.1122555717526327,-0.0968922225359811,-0.011289609701230488,0.19068178418641954,0.10325418477570034,0.2625934167440113,-0.034458843482577,-0.2955342371238411,-0.49559868713509947,-0.0823395869234984,0.15082750544955814,0.15581011905616635,0.204895801411884,0.3229150208898481,0.20184215590385113,-0.457068357749402,-0.0967300458496786,0.2573521348024576,0.24920119832447332,-0.1460902602203531,0.11207450765724361,0.06254974571759475,-0.132607557400302,-0.3504095098742155,-0.5366594181457172,0.2047183129559863,-0.18034510344022314,-0.24331584201534023,0.03501562953342285,0.215526737835062,-0.1258146203501171,-0.10965197853529028,-0.5007374170059028,-0.11943196878343684,-0.02543603362589197,-0.12552229105522109,-0.3810453329404915,-0.04153386909338746,-0.2522114227149831,-0.22152005525005522,-0.06194654198121112,-0.0833303469951868,-0.09711023261174043,-0.2822316280638921,-0.11497348594355333,-0.10723852480199178,0.29386593904090375,0.05321747923933823,0.22663310058816177,0.26669573154008935,0.0976104297131828,-0.14217475095150892,0.1113552946611835,0.14605685165019308,0.3920890406010364,0.0033287394888416406,-0.19089885205460302,-0.1120486468639975,0.3855136184964022,-0.18792503492890816,-0.7323079043658844,-1.0817128409791852,-0.08590393940275068,-1.105505781313931,-1.5358647089781703,-0.4224923856215154,-0.19114438863394484,-0.44586338859296054,-0.8977233042753012,0.12591944646287537,-0.8082000373008421,-0.030238729905373626,0.13039959498267906,-0.45314756156976194,1.0131052661152702,1.4795043976908786,0.9485636104093862,0.1994307264810807,0.19282951481446067,-0.02489322153878558,0.07853918661312792,0.9541898305438603,1.0065437236665653,0.8170547895819369,-0.32730813514486673,-0.2071741148523546,1.5237728577932546,1.3740490469654627,-1.7814635461595005,-1.1595067814247557,-1.952958375811424,1.400434198595799,-0.20295859436682168,-1.2473475262452838,-1.4776670573002808,-1.1283770219218157,-1.4108656951574778,-1.0372241983874038,-0.00031940366219780116,-1.7096118757260927,-1.2236114597230703,-1.6923127306108972,0.001463692951301867,1.0639910469863416,-1.2563279938051775,-1.7595867388265989,0.3737441524167427,0.9370078335787635,0.1315327800491725,-1.0644091226234589,0.26410729812086564,0.8226761156397064,-2.0154825223896182,-1.2951420071589976,-0.6542398864605178,0.13908708287024898,1.135248141513108,0.686205840660082,0.5272542261682439,0.05484471444423046,-0.8496721624263301,-1.5349694526515718,-0.8971751707843435,-0.14524974075371472,-1.1710028446215879,-0.6433330270399044,-0.06683916953455979,-0.06205939056359635,-1.2136745367366266,-1.6471152984206239,0.05974244345602128,1.0220310454881985,-0.8060276112267516,-1.5303495081905416,1.33626131145302,0.9689456893276839,-1.3817168326843705,-1.3846952854132133,0.22673099921736606,0.7336027622982684,-1.523336784490926,-1.273521704207987,-0.31752822779921014,-0.1704098397344407,0.16358785501444395,-0.2844022900256589,0.42993371629721383,-0.1135623543135409,-1.9295425144644853,-1.2040371430659844,-0.0983726372044066,1.4382176595933516,-0.6247223164640475,-0.877705571710911,-0.5427467085294465,1.7952868542387306,-0.9870267745105691,-1.1391479415972157,1,aya
-0.33580597075760393,0.1856834722041509,0.20840007026300603,0.02542355003997748,0.20833265104361176,-0.14443945453069748,-0.06406321693924466,-0.37462046779987596,0.1520388179011499,0.08581816552015192,-0.028105559124361613,-0.07882436380029727,0.16246837389677934,0.15620863784476902,-0.1887692569675736,0.39942648508113243,0.09159686045493484,0.0833956629051051,-0.25333476267625193,0.0022718036721474525,-0.35808856477907736,-0.16120926302329733,-0.077780041851096,0.1425566789889945,0.2606653908614543,0.28149161136328865,0.14514683743337323,-0.0064142286385133526,0.05263519080049662,-0.042970940832605116,-0.27369083889215867,-0.03784265712068669,0.08502944727431806,-0.06218595737874307,0.04316169884200233,0.06156762095809863,-0.424252456466582,0.24457650748565865,0.16564184334506843,0.26901279354147173,-0.0030439219404067917,-0.14036188443454115,-0.1436760447342723,-0.09690077830959314,-0.10493338635756799,0.07746595103696759,0.03182446934246566,0.0942258381622939,0.20898909866852983,0.12802789052616956,0.27133233919560695,0.19946161925889427,-0.26385306475785963,-0.4106510532388969,-0.013490542884711644,0.14172523572071763,0.258264625675987,0.21139114022118471,0.35260389621470717,0.25114437098650766,-0.43593261428890173,-0.12854968511663584,0.49353307260673,0.468822153782538,-0.08871182904084134,0.09241142002557311,-0.04718843165073455,-0.375174308118499,-0.4941096452940374,-0.5964859181844124,0.36676268715740423,0.048725059143628575,-0.2585142282182459,0.08715053348779675,0.22694128665670302,-0.12299478695078014,-0.1799771812125223,-0.5079223364723245,-0.07540532270350357,0.003966668132029089,-0.06389743503083453,-0.32930540420174337,-0.01240292083053258,-0.07764302133581126,-0.17967663711379087,-0.13290806995402948,-0.07121268672742465,-0.12226309328292616,-0.1359348747128787,-0.04763290035616329,-0.12649503058692146,0.2926059621835917,0.08098137697251487,0.3234178083411417,0.36833094289885343,0.13192582919172216,-0.06450943412541929,0.0474463975238337,0.23891561636682218,0.4321642448535726,-0.012571151639494987,-0.1785991545946145,-0.1532551506646716,0.1665474385438156,-0.2444153976784585,-0.45598235207523363,-1.0541042544070793,0.45853336710215853,-0.9574575465067208,-1.3678515604619121,-0.585017329346333,-0.3279810360871836,-0.3436311263791326,-0.6563385023217099,-0.11168970170113197,-0.988487285924654,1.4947694125301345,-0.3344192281695754,-0.3930460471207599,1.1416944942326412,1.6074773243638976,0.9237608572139545,0.10993486953636485,-0.14348179793141919,0.5125259963952522,0.779546149587979,1.2438595852264518,1.0225811634648816,1.5998727377974633,0.43120292014031325,-0.02965060502632006,2.408218007878861,2.6425860110851644,-2.452882106391709,-0.8269404196784509,-2.2896852505250926,0.5194657457861457,-0.5429297350554183,-0.9647981432959224,-1.4206450024974309,-1.492615490554339,-1.6832603084476152,-1.0484198462028524,-0.46637903392084085,-1.8438304291165553,-1.3168871067236274,-1.5170290739234114,2.445337065954997,1.2793037033387198,-1.5083301415520596,-1.712373095791621,0.7051876333726383,1.4772091790859596,-0.10054297127788651,-1.3360566245125696,3.792071661046316,1.3413282906146762,-1.948147263809611,-1.2162076674487776,-0.11880195003962343,0.40340674194165443,0.8031851918056869,0.5917017270727191,0.10313796132718833,0.6606745230961616,-1.0533207195838055,-1.8405243744507787,-0.10379495644793174,1.1629197360557622,-0.9981715013065581,-0.6921251337138353,-0.36796387274791476,0.7768500721324226,-1.1161340785145222,-1.8718497080813423,1.5069221592159507,1.2331335225323838,-0.5718941177629018,-1.6311131211643453,0.7081294474899635,0.9757067986956083,-1.1344123958979047,-1.3708476614438077,-0.6617478254848687,1.2212411350980619,-1.6099959777664379,-1.7355478636665487,-0.9005596136836245,0.789763879794951,0.5239612985306782,-0.6375868220250699,0.9705131124848166,1.0926332768503464,-2.305136935999072,-1.2307050147761476,-0.8159759791984936,2.7797580961602084,-1.0380181917425384,-0.7996008420710002,-0.6364943484638158,2.820687840981258,-0.9370275265966658,-1.1602236721917873,1,aya
-0.2935815454669329,0.1801991979663931,0.13955843808369595,0.027732680788662502,0.0486413815550052,-0.16069794353138372,-0.10621133349223713,-0.34574650776104693,0.24576902855509447,0.05667409280197342,-0.041349771695988434,-0.012059701797886832,0.13271508746577046,0.21516239967523842,-0.10847656372515824,0.3842114496877169,-0.015499425530725275,0.04368019641069203,-0.1630407679878527,-0.029112483648844507,-0.3458590854185918,-0.1736370053052041,-0.06071572404508188,0.1257134368287953,0.1780387927953903,0.45019409647547814,0.08267884754442655,-0.09775780979164211,-0.00265163314592073,-0.21029088038325502,-0.25715279678680625,-0.048967107903999066,0.18718828466559947,-0.04271365466581699,0.04838071603531011,0.13447751601317512,-0.3099635734036682,0.19638858868217643,0.26303027259505485,0.3357641610434278,0.05781814679391307,-0.1767794963735092,-0.11104205479933311,-0.08704527874599932,-0.08919046004015806,0.04564719825507719,0.13589311459884626,0.04202489546786851,0.13032442394350752,0.15122838407959543,0.2710151539582901,-0.050713712046241734,-0.18153280474794534,-0.2754850621512366,0.04577134173985302,0.2133388926515217,0.33931348102205094,0.31984636760603724,0.1951524361556386,0.17041716051344608,-0.3044603263232597,-0.265200459877987,0.520205875480655,0.44161065482443185,-0.21620788385682796,0.07031628895651197,0.05027116187661354,-0.27633515262908426,-0.3588174801618205,-0.5483212807966186,0.3651894015141195,0.06874933180311352,-0.17946854437758866,0.07498397484671765,0.21673745894148705,-0.17208015713153477,-0.2858903213264991,-0.6180834346830006,-0.07798387777567442,0.12389637860719188,-0.13460383656468905,-0.45292271690656916,-0.008011706311536328,-0.10812306449371176,-0.22934283432687205,-0.15628373882002775,-0.031662987368968214,-0.17498388603435874,-0.12795999372754288,-0.11482886846796558,-0.15283301499598217,0.24861559726113996,0.04995977797225624,0.23014166682140672,0.36623755457106,0.10021848482319566,-0.07924635667172586,0.12095276126646377,0.18211384882560958,0.44228052325456824,0.004716626666895554,-0.1325721224668496,-0.09979515354361336,0.22214528648065768,-0.22309728225096265,-0.04820475345410846,-0.8498177483844938,0.22058661692846343,-1.0787431770451696,-0.9671915070162871,-0.559775023656686,-0.23842305567455394,-0.26550122097949724,-0.7928749364754515,0.07884579119667065,-0.8237846169098904,0.7898445130207762,-0.00541675134164003,-0.4217228991002604,1.3883867634789766,1.6631323020225153,1.7467700739423597,0.2241095723368178,-0.5370538709370511,1.14478300421073,1.0326284469130032,1.0090463158856477,1.0134446584152386,1.7090518875188918,1.0723360280639964,0.7709871922820055,3.035360598952437,2.974631215005037,-2.4634260257280847,-1.5335867354175339,-2.5057341777719855,0.35278751601267117,-0.6029784305765981,-1.5108096101862745,-1.9645278641374764,-1.5655493031862566,-1.4023006602880395,-1.458984631274971,-0.5755544541842361,-2.39295213597635,-1.579552656561615,-1.6693423427328213,-0.019022770527947607,0.590073254798984,-1.7425591225909243,-1.6388792745115595,-0.05096733310770883,0.7712209961147475,-0.0722470727477721,-1.4341135203994642,-0.013112802077393338,0.5200414937339607,-2.4823368317900423,-1.1493216985245696,-0.5892108785524933,0.20274760218533772,0.41710123244421143,1.3136115286214316,0.08611741859993342,-0.17593885640083684,-1.2448143607617772,-1.5541707152133821,-0.9858225623957677,0.5488044349623799,-1.1368090497740375,-1.0577838655299616,-0.7431879959528972,0.37972424903724933,-1.0626956570297423,-1.9518769381502505,1.1929017428494377,0.5657624574308903,-1.0934721102867295,-1.6705783818583027,-0.18015014828067352,0.5299972075430202,-1.6515324503396485,-1.389701377485617,-0.417680393499093,0.8186196696673463,-1.4807573862038323,-1.5507601104578574,-1.0568165501643085,0.030467913234985496,-0.0877499127688395,-0.06789416554459315,0.8939787129725842,0.03260965815000912,-1.9319062388439838,-1.1802457428354785,-0.7783043889009178,1.9031554177848689,-0.748855198148139,-0.7326774351746097,-0.7705089178849024,1.9092791611043924,-0.9546926869741964,-1.160935534417031,1,aya
-0.18834171636442598,0.09460647826106833,0.19160308127780545,0.01573433992986598,0.11234439036379665,-0.32564832830636253,-0.11200946275311262,-0.1568454717200055,0.10464134386723349,0.006728726413748727,0.07168605370404108,0.024277416670633323,0.1390949478391651,0.21321519860650168,-0.06278646482028058,0.3329174070461741,-0.06301579505196607,0.054176343810368864,-0.07027395898515384,0.00926962653350806,-0.4742826803464963,-0.177116259960066,-0.029309561691734876,0.17268912972347855,0.06338177267313132,0.40608010553614227,0.07163574413708072,-0.1673107719145714,-0.004132252892944543,-0.28349301732447973,-0.25480644148826437,0.04977022901918365,0.23219947324230603,-0.03993342446428822,-0.05366037769054687,0.1262174287889948,-0.33792789351741886,0.2583078651917619,0.3554418834954358,0.3296024287086453,0.020636006539749226,-0.18494487947577973,-0.0701283330980842,-0.07132499125491286,-0.04924169242857124,0.07581810034414907,0.06511976879491252,0.12157471593199058,0.12591266463277936,0.1726806559992225,0.22456902745790885,-0.11421168384879103,-0.1328424709191364,-0.20976815586236522,0.16852204189992506,0.1477889879394089,0.26802458325131606,0.2494135824802417,0.12944293478083102,0.16825727799052018,-0.18895944660222103,-0.3138258165214641,0.22715827723584048,0.5939785383495799,-0.24974713053883976,0.0002523820861540697,-0.07192000074732578,-0.29198181216638575,-0.48118490177269424,-0.7314491507790734,0.48068094113185494,0.022078028411789626,-0.23147920906967887,0.02651526097667265,0.2838515641425964,-0.24799106350502537,-0.2978504119318334,-0.4294964305194958,-0.3244631639700129,0.13548384320021387,-0.042712096576032636,-0.2776884437512205,-0.02387889461998144,0.060744328687099745,-0.2277268324887913,-0.07306515661655538,-0.07123544719809986,-0.2624294851846623,-0.10622951804621118,-0.11972789447199092,-0.09753029017233392,0.1047267641986421,0.005770281717494512,0.08748321362596732,0.28365205199994115,0.14648992901581165,-0.07871817485383424,0.11856249793246879,0.16414473476670446,0.5059173504713634,0.004416131972670299,-0.0466798609782305,-0.14455417587892755,0.11630652105197227,-0.1604241656508623,-0.6685920125665757,-0.7322283760162829,0.3134918032124109,-0.8699653554641453,-0.8223785496180628,-0.7747375265488066,-0.33494355294408823,-0.2274693907630063,-0.6866865622923914,-0.6922858513247478,-1.3359185411278827,1.8325274459207028,-0.8616765834878839,-0.47461960567510786,0.859831446717447,0.9073819427771024,0.9694359509543288,-0.1103706868176601,0.15635668422088408,1.0467814432287699,1.1955763004478057,0.7713631911721155,-0.018863462134795023,1.397619757150586,1.1147473086480182,0.7135716028160419,2.6849603323363804,2.606885664798021,-2.55174707068604,-1.4322714648492705,-2.31430340557075,-0.9153851650744567,-0.9071786721891587,-1.3568075707612135,-1.860719275729898,-1.5401192846057392,-1.237212844692908,-1.1458048600373825,-0.7662089133771629,-2.3116966751866483,-1.5477651299693378,-1.8431633912535073,3.007501938294194,0.41463092984981725,-1.683315024173226,-1.3890506089999153,0.2707963312329396,0.7900519256705429,-0.14435701201446113,-1.6904209785867954,2.5254176576578393,0.5634748125650954,-2.2597890008331967,-1.1902493957904103,1.2508325621791623,-0.38742929941413345,0.5500353921195582,0.9085623848603845,-0.9523876966373498,1.0174809882788427,-2.0193867154886243,-1.9557411448371667,2.3682559067976627,0.7544075835548457,-0.9071499503153435,-1.2979608306932355,-0.2414828944409624,0.12315054319077423,-1.3176103100230943,-1.928267631445271,0.9575544662760944,0.3419827431379554,-1.1999021621573434,-1.8572309166606573,2.5122024804492127,0.3807300111499744,-1.5188085484360552,-1.4683641665340568,-0.7796137533061133,0.3424992960935045,-0.7677907633871738,-1.376888279180676,-0.9703950438845345,0.29679463094999126,-0.10762208511708397,-0.40812405332893054,2.0555276150735615,1.206044114697609,-2.0990819015643787,-1.502280919685422,-0.6748427886797764,1.4258170290990222,-0.9246294284878928,-0.5994353493236279,0.8976800414481074,2.3463437776648246,-0.5706843453466003,-1.2477360797365615,1,aya
-0.13026065802602954,-0.02145339435383671,0.11221144202416117,0.020855737170792688,0.06826342420276814,-0.25365009404908495,-0.23399912937816728,-0.1330455386898103,0.012040446103537834,0.0538002541609282,0.06691861769025224,0.013782309050296399,0.15580176385561445,0.22554924348569988,-0.106127362198408,0.16541074316008694,-0.06332283882955214,0.06774095331093101,-0.1069574649387539,-0.06780140593896504,-0.5340415484750458,-0.14185517046455914,0.15452335920910532,0.22190743627194076,-0.03315091175445184,0.46423992504485856,0.07382361539191926,-0.18265297053687532,-0.02965308017133076,-0.32403130970364497,-0.27081079198817376,-0.0011164553833635004,0.1954306245365138,-0.057815447735644857,0.09359682460943904,0.16636235491544568,-0.3517523214696769,0.43618934965423195,0.3736512256527061,0.2842865367546181,-0.026353944161213363,-0.20577253858896727,-0.20598463945507706,-0.08538524938041919,-0.07003759463587482,0.0856522153059438,0.11395012718421803,0.07580311481902044,0.17016745504177688,0.22201861209471085,0.18930882095983467,-0.15961136260377842,-0.02645459744955892,-0.25819631426180906,0.28023238576152476,0.3243120911115759,0.24004638535022982,0.16163176084846415,0.1637317093441447,0.14366731619576406,-0.23724197197417035,-0.2669390618807718,0.16200764854971428,0.5734919847648324,-0.26674893994594273,-0.05308859540214093,-0.043767738434571754,-0.2402214614156914,-0.3546372154130078,-0.823514126791674,0.4495507345965512,-0.10167175087499047,-0.21399748144406044,0.11374087611423497,0.22307598090503505,-0.3064133834379992,-0.31397770098208383,-0.29404188351431393,-0.32975790752556583,-0.022051985732217255,-0.050998463776120856,-0.2181213117884556,-0.011546643545846337,0.13706654312707806,-0.23715102718294465,-0.049145399022432444,-0.04982956329663197,-0.3135803413057236,-0.08565229431142951,-0.16717524702244976,-0.06390140922592648,0.06132564275639727,0.07568885528811072,0.04640849236646625,0.3781075619167832,0.14809547700057707,-0.04905412603728341,0.10548677888149438,0.15668283094616278,0.481567103563102,0.02647671280066058,-0.07670064620264827,-0.1774484825788283,0.03435807240247374,-0.22858911509041505,-0.7121958249716168,-0.7910951169319651,-0.04001894877585869,-0.9812541155145657,-0.6361793567383701,-1.1304523737158159,-0.6514087812689965,-0.1533273727835001,-0.7893035992363151,-0.5743321863157965,-1.5241701641510728,0.42272535608261486,-1.4874995555090609,-1.1323692224712605,1.4047690126183323,1.2661081710273066,1.479252475727743,0.06023386993684923,0.6920414164216323,1.5170457427184973,1.118056719084045,0.9343494870078881,0.8695445531159406,1.3387124103122343,1.3252095886556516,2.1655835230022933,2.7338067894002696,3.2050981049765594,-2.3902934272543943,-1.8449791818271544,-2.2655318635363324,-0.17092829892280645,-0.7079165361318333,-1.631507849029157,-2.1344904983723723,-1.5243410433300728,-1.2661249403886228,-0.921411281297025,-0.8970661720682486,-1.9435735433711268,-1.7276262635419353,-1.7917425077491516,-0.33449905437350774,0.5858551350481382,-1.4294056311605412,-1.4339261852141076,-0.47685221953555057,0.3542347262629684,1.140616071069859,-1.6266405687436392,-0.524960695070581,0.7024136157038714,-1.9528263062855287,-1.2061548392483832,-0.9007698824763933,-0.410242270049862,0.8910609365982306,0.7712926031613259,-1.1825001647892999,0.35366526273734117,-2.2792389069729566,-1.8454010105869105,-0.3398794899755311,0.6723323634555998,-0.674079957566435,-1.326838628800518,-0.2597798042038278,0.2614467698126688,-0.8449467969668778,-1.743509684284608,-0.13606782484898103,0.44272490895290684,-0.12176800777942812,-1.632329987799825,-0.5292429616312214,0.36610021490481937,-1.2790358494738276,-1.3764501163349137,0.29825653020617116,0.45116162945779464,-0.645731213795247,-0.9958002845940988,-0.6890893138576375,0.12985561998984066,-0.3469421831934287,-0.2634400815022843,0.5638450927072889,0.7733307248857815,-2.0177266022271465,-2.022721855892046,-0.0012735473228672268,2.0455142969938755,-0.9461019846316329,-0.5250897990513493,-0.8054934953746424,1.9108188121976928,-0.3161202901915437,-1.3306731013703021,1,aya
-0.1034455187792398,0.054381699627221954,0.10331313285855394,0.0009258882616849334,0.11959569587596108,-0.32680003456505724,-0.16104722758648563,-0.11420932423324376,-0.031085000402957155,0.12040902882483097,0.12201898704922573,-0.01355724261016849,0.2938818268837101,0.16814362317481396,-0.10792815584086378,0.20960909443062467,-0.02376318682083337,0.089081372822008,-0.10762862801471675,-0.1207597276086969,-0.5581612616992508,-0.07453529792643487,0.17305263446962843,0.21968915311328727,0.04720514262815645,0.47369601151528756,0.03368285074857389,-0.09182384882149518,0.029225360209743395,-0.22703504036434685,-0.30707402222206237,-0.03274512100423721,0.17242203388813854,0.00167076383800346,0.0943769516858606,0.1705130618155464,-0.3069669123775523,0.4850926805779874,0.361430464810067,0.28817047146949426,0.06590579945408499,-0.2008978684997672,-0.19251772161868894,-0.12455177709980136,0.058398581336292936,0.1102973496765842,0.10390937652882425,0.09814230753169562,0.24225402530618437,0.2988918145923224,0.20360367324732642,-0.19835376673725727,-0.02753183467756992,-0.2680881078876133,0.3043500421312904,0.39307228567276004,0.1881744517766364,0.18119754603592647,0.14767663057923042,0.0974402812140781,-0.21267665656969945,-0.20525802869883983,0.15501894028007593,0.4664963408531421,-0.2677078108784258,-0.03457004454952291,-0.039773216462182626,-0.19998456222571329,-0.3374585776597913,-0.6827170750771213,0.4670536463358703,-0.2422266308648347,-0.2656659597799746,0.005848735103833599,0.21306098875236137,-0.30547728859791606,-0.2395489007183364,-0.2127647366843572,-0.45588468160128226,-0.11348627948011908,-0.09136494827353528,-0.28350437422701913,-0.04706354533151905,0.02386642990797085,-0.005265071538802708,0.16115353853835626,0.05017056420945021,-0.2338350922996704,-0.008305214109288412,-0.1875411012931042,-0.053894346840205214,0.19532752885702612,0.15053460894708443,0.0772485865559157,0.35454885300646977,0.12697040753043373,0.04773473859105517,-0.0063434683385869585,0.2259506685813377,0.5334392747287778,0.048670985927158454,-0.12331218211879964,-0.2763183069160047,0.02257461799993322,-0.18855211825339938,-0.34969478735181586,-0.7139560617753962,0.16128441959608225,-0.7695781170354942,-0.9644764556282555,-1.4449829373577998,-0.9070154948193861,-0.44227307703124386,-0.8051245484665919,-0.7953162982242148,-1.313525189294312,1.5294988167852734,-1.4534216940993328,-1.2227212283554603,1.9764141314763255,1.63599492823055,1.8153374831375557,0.3169723693287174,1.6408797397350174,1.552675908873272,1.3804993159592422,1.4132123763960531,0.5329022737355542,1.8214457334806038,1.1410488096615952,1.95257012580792,2.5507518048285807,3.164601260000075,-2.092722404880725,-1.4580353602646718,-1.344996472903323,-0.6161653399954943,-0.5396951703150464,-1.5602175141294428,-2.132807885712443,-1.244610833392193,-0.8538886279496664,-0.719304240600237,-1.1209553834059818,-1.9434554337809793,-1.6818994545203376,-1.3334509587757861,-0.4409758347999885,0.7923919638148322,-1.4308890237391676,-1.3341810642631602,-0.5848629034768744,0.7460979309080504,0.7461274375078379,-2.033778412545292,-0.3363876659015977,0.5737187353416814,-1.4796831480295385,-1.0890066081946495,-0.9276277277879638,-0.014565485541972083,-0.05250092941017334,0.8940275226426087,-1.2030081834286115,0.455327453503614,-2.4288445570170514,-1.8356622066070596,-0.7991556233886549,1.1972169343959498,-0.9696411139665938,-1.3851090791775578,-0.35230412588970106,1.5387793487921613,-1.1071089665402571,-1.649208243952896,-0.39376635587843856,1.086124777356481,-0.30513204727382004,-1.530899053926572,-0.5865608083917152,0.44297941246431854,-1.0030595190805072,-1.294070109136621,-0.41559386501504625,2.635176112255316,-1.0949457460000003,-1.0238251096994515,-1.2328695655679918,1.026870045371609,-0.2297095353495514,-0.2256696124131243,0.6439111343903482,0.7783769888376691,-1.9573502607959923,-1.6261240435532367,-1.7354007362377544,2.600417797678982,-1.1142313351109845,-0.6473552511260126,-1.0065088145201124,2.341167673498561,-0.46830063208324746,-1.2746171446067707,1,aya
-0.04809269301583385,0.07044559452132969,0.1625032757348229,0.09230392372969885,0.1125025211284468,-0.2408501127865061,0.020204517137141515,-0.0889025706475335,-0.0850507017935775,0.03446251096831423,0.18788241673336936,0.036132909303051394,0.3030594028283725,0.2504545868989401,-0.044949745037066544,0.20969439455165378,-0.10688522152854162,0.055641935435025616,-0.16187306683536298,-0.1669789627429184,-0.5097894625151863,0.052670510303809294,0.16379836116952096,0.24703573969384449,-0.0047212713801043004,0.3626197746326138,-0.027306822769194567,-0.05952383302810991,0.07362106241579658,-0.24414877745124602,-0.2292045336857169,0.11190990516655805,0.10284247330422254,-0.14466485429348355,0.11806899973666776,0.16653116447885438,-0.3711683118328258,0.45710282226278565,0.3215259166146636,0.3323699568125913,-0.012523407798027863,-0.08778376467616524,-0.15986061482943606,-0.07697583848629375,0.07095110152992898,0.15933319176338723,0.11056360443895492,0.1071931938042717,0.17922577507675133,0.3577708175795348,0.19828858017364004,-0.1641156089917245,-0.08012698588518653,-0.2817965597518903,0.37896024794074357,0.4046932254135802,0.08952065242921431,0.18355336634666042,0.10309713348685755,0.11273271870011035,-0.17825781269731233,-0.10999001369621254,0.26067845733319667,0.3342272833307066,-0.26823546820028843,-0.03760750387949608,-0.010377222522282539,-0.2103194021184285,-0.3164651242530489,-0.27520734847017775,0.34929680984715916,-0.3318100353254162,-0.28939714832197694,0.04263844847244911,0.28176484916025946,-0.27228904635463425,-0.08420606918584335,-0.0560171199586551,-0.554611436349189,-0.2574799463169389,-0.08563334634121307,-0.27787227599174313,-0.11692718916815709,0.025334673566721425,0.125484378300212,0.20603933444745498,0.163902709643344,-0.26199912791905133,0.09047803895572083,-0.1403477469027737,-0.06382307902839028,0.21107922059808945,0.0875753219698125,0.09852864224026253,0.3141541374108982,0.13118381719125405,0.025275292032443324,-0.07115868841646193,0.17882379175845386,0.5452261570794237,0.045130715556806644,-0.06128608254891363,-0.27628016915607656,0.032986593713476224,-0.12592635819695733,-0.30294078532371255,-0.26724789036391045,-0.8866546292934124,-1.0437829903295144,-0.971463545856979,-1.286487426718021,-0.747314334977931,-0.30786331774396075,-0.7469682453208474,-1.176862035425815,-1.5412766243930138,0.013025838757547115,-1.4105504493780106,-0.8562783667042423,1.7497302565488528,1.5854311319378207,1.7238120378570498,0.42217656983808066,0.7005225438122409,1.3767620520400088,1.5415844402860595,1.4735897970356686,0.9091538307307554,2.986788930308237,1.3771950744225832,1.974165319736657,2.164718398081721,2.419522599234494,-2.0997346044329754,-1.2605294520085777,-1.4516923273885796,0.09739682717159853,-1.3566467663692505,-1.9704006081079568,-2.403397790172286,-1.5410832304786692,-0.9107129981636609,-1.5748083525249117,-1.6454176021604012,-1.7660422006534864,-2.0438451022034885,-1.602860442576183,1.3093225130958677,0.7868463426633381,-1.5846258825119204,-1.4491451620576739,-0.07215737847783771,0.5701014261491247,0.8792550743557235,-1.918403731051765,0.3884526926836194,1.1126612938072724,-1.4762106517156703,-0.46868275436273826,-0.8433833224667776,0.1610785720130628,0.5894101213808803,0.8241342528456325,-0.8749194644686509,0.17272288041482986,-1.3887734480299025,-1.4735474895407648,-0.0967157380342983,1.103910353140382,-0.9169278348444876,-1.2377873685407097,0.09951714851402231,1.5060673726796305,-0.6676736097337319,-1.5500769046626832,0.9172805875422584,1.0023367091577062,0.017644059672625282,-1.4803366271068656,0.40621646895548724,0.9548521338066873,-0.964065194187268,-1.2430752088006454,-0.6091367276133872,3.8719245920648877,-1.465366597129981,-0.8894065083482067,-1.182800522814294,0.5672548696947226,-0.4007170582071999,0.0892472002331523,0.8137908944714067,0.77488970074575,-1.4197990497309307,-1.3362725850868264,-1.1171121469983718,2.140487797274808,-0.8835876276429009,-0.6882670520023033,-0.03356235849020661,1.923756132342959,-0.4206450881407008,-1.0904746940801038,1,aya
-0.08259182153834813,0.14620230733848116,0.20824198278103057,0.13621621324818942,0.1071586276041885,-0.07288470383475082,0.28690095223105216,-0.004735815474012695,-0.23542063129638782,0.04589280258111315,0.12976732087013026,0.05984345189382534,0.2752867352186033,0.2567552626696016,-0.044524435568765404,0.22898246293969762,-0.06757891295088297,0.045203043238558345,-0.04830361122592478,0.0019647606686171316,-0.5628288646454054,0.05166337030881763,0.17400252161238006,0.2012290243578978,0.03627383254350382,0.3089744176174462,-0.09262209686996385,-0.09202639171533074,0.03443982008775618,-0.167260202586477,-0.2497615585096314,0.13346964262536049,0.06769952256960526,-0.05939394533791822,0.1950989309790497,0.06264048854413042,-0.16707161384599087,0.36246393272374766,0.22573273382970888,0.26946991645845103,-0.006503303773989306,-0.05418083786416309,-0.03604443695664693,-0.09016035606059614,0.11233517275197384,0.2008127516897647,0.03620436874295023,0.10513832148622665,0.21603993100486688,0.3269280759623981,0.13794081131917807,0.05524794703300086,0.08591362371885183,-0.2318565338743646,0.1930038986674072,0.4084791607503635,0.08881547552019689,0.04240802960369312,-0.001211105674810498,0.0901994770101318,-0.024619655850839875,-0.08003753940843777,0.2945624117963019,0.11419502580671996,-0.2898932412385423,-0.11989551856680586,-0.22358652941840176,-0.1768497640943315,-0.13158649962945065,0.043529322123020416,0.21476079019816405,-0.4778187152644497,-0.2532816009732644,-0.016507748925759187,0.20624666633059427,-0.11899658684311092,-0.04955510333206067,-0.04030019307363079,-0.40366011796083956,-0.21188707908559934,-0.14435524770846736,-0.07563902194920225,-0.13503555663320707,0.057941851650080145,0.3238090018188561,0.26513862022287543,0.24735532739033894,-0.12801824450354587,0.1523555924725603,-0.11986136299287968,-0.0498936655692781,0.0691792659598394,0.17746111406896106,0.10143688904163353,0.31997167908152324,0.06993123816982459,0.13976992234042265,-0.0041937389268245735,0.07857531961554994,0.41845232865240006,0.13466596674309028,0.02818129582580439,-0.2903884990219819,-0.03361528328970381,-0.15115956681797416,-1.1922792416874115,-0.5910658780341692,-1.3683174774104974,-1.0976446546079983,-1.2808338106127226,-1.2136891287341998,-0.7456097002411901,-0.6317315145219464,-0.8943958219842519,-1.3146996132289783,-1.3808000920426853,-0.4193252152069806,-1.4602851743314955,-0.5758879473828316,1.6337697313994415,0.9898083790580771,1.6090847464701459,0.09532760410003087,1.0765744576740244,1.1501076490930229,1.458410011205577,1.029601887712253,1.3685786113831926,3.455409265723675,0.6874731231519572,1.5453487815445113,1.6078663578600707,1.6457013151075137,-2.2146669593246457,-1.5494660017506192,-1.3465227879215815,-0.601559986756073,-1.3023424850856409,-1.8903478601999888,-2.0791156570593405,-1.4781890920422491,-0.8352895330974078,-0.7959725586881679,-1.7001398482793082,-1.3010693980190269,-1.599452227602269,-1.076587936985163,0.00964528948580266,1.5252595554788277,-2.3361119265496355,-1.5730409665301106,-0.32465216762993054,0.4468280155600923,0.586460186080224,-1.8749173173460585,-0.41942188673075614,0.9224121211153269,-0.9508444533938294,-0.29209371395928185,-0.7262679815959614,0.028533256378250136,0.22686184682061492,0.3111061415569982,-0.2729314306442463,1.1984130683603575,-0.5664197645756899,-0.9697687983689842,0.4321772674545248,1.4361300542661175,-0.6284770461491572,-1.623080673762411,1.5168131937198808,1.9807946466243627,-0.8012316686426206,-1.6757208351393853,0.0777211915130233,0.7863601495907256,-0.5582837495391393,-1.242428915802996,0.9899298464688554,1.727616380784844,-0.8577374194846104,-0.9136995111834122,-0.7126220502836371,3.723325600814618,-1.3607833159646363,-0.8066333251157346,0.2760591546773578,1.7452360193967251,-0.811403396886539,0.05417385331718077,3.4416152001353337,1.2743183462390324,-0.8576632093513,-1.1975690771962775,-0.5664455569372673,2.111246725828988,-1.3790293074005266,-0.7218200097249716,0.11200953809555317,1.2474863659890365,-0.7152067626871053,-1.1379647843158558,1,aya
-0.08487830881669134,0.1398167130445149,0.1444439430352437,0.13249730119727027,0.03693652451364649,-0.049886525397803395,0.33026141198834696,0.003981998375834009,-0.24262641454162634,-0.028279627258367534,0.029549796473834662,0.14582293553583087,0.1754564820745883,0.14908784573043582,0.027443176600744898,0.17912549033901065,-0.07770436601446729,-0.10548180555022608,-0.14418949665456793,0.07159220657106756,-0.4827075446464895,0.06964725492976924,0.13303103201748548,0.21599420867108876,-0.021595502653691503,0.23600806613883193,-0.06019917346041675,-0.11646797589703602,0.07472618852407636,-0.15801184821151584,-0.3398248188957607,0.0883382528938096,0.07005453488144586,-0.07342932937399442,0.14688779739786598,-0.010432082674833034,0.09854744210102964,0.42438683598249116,0.21385546993209215,0.253312502317593,-0.025291711968903317,-0.1288052911311408,-0.00898104518403973,-0.025300316160344054,0.12511477384682493,0.2008889068301513,0.13352981924063767,0.05903345277445703,0.20634964480066662,0.35012327517246383,0.04921883608064071,0.08562685614675584,0.05679213074257642,-0.17856472156072195,0.1745191734765437,0.3345910556997114,0.04029180957963096,-0.11117389408980018,-0.005581231383662693,0.16895575311674735,0.12386006360683995,-0.05401705916480462,0.05331728901637915,-0.008657035568549302,-0.23536908858024957,-0.11040411485688474,-0.26813425846926275,-0.1869527886908429,-0.1301626310821539,0.14442794117823854,-0.00550228508135926,-0.597335217922956,-0.10209780909323343,0.029690143401959194,0.09630781035552839,-0.04291616327380473,-0.003992630890066058,0.012447492231148055,-0.34074562984091983,-0.3268482378553262,-0.15377307662700768,0.16412356122164834,-0.0860504031009426,0.11872126387616423,0.29023437578820377,0.20344752801545402,0.20412358063621253,0.022542649211858765,0.21547107637384333,-0.10321622545472466,0.03530786652631529,0.011355039117234787,0.18896766851574384,0.006825302339427066,0.12891777355180345,0.05737926882077281,0.17948543233942954,-0.004147414993695069,0.04173994275698359,0.15377949358009083,0.19285245797576747,0.2557611992583099,-0.2879746602724224,-0.05162060058989205,-0.16153325369028942,-1.0946243768047705,-0.16377003134219656,-1.4420681605846821,-1.1652412049744028,-1.4943724287280198,-1.2394073366647773,-0.8705734087848424,-0.5029519657070717,-0.7968751054416687,-1.3435631471091112,-1.3021607869787193,-0.7086831248670676,-1.413750774699384,-0.0937450656177374,1.3272133224633658,0.5708476131039445,0.8101694556512513,-0.056626885600362324,1.300142257149874,1.3338397587553046,2.0231132817103035,0.6490023524290351,2.0521770053610164,4.17363667209275,1.4758705435821244,1.6059887305026828,0.9802141210647276,0.6854019991492184,-1.6939997561047462,-1.2700377318105627,-0.6739215012466758,-0.03381555142245121,-1.0997632408827587,-1.8735716936791713,-2.2703017250489497,-1.2751280650340469,-1.1160806638363492,-1.2989047809821315,-1.5344834331431523,-1.5550955985223953,-1.7687604842178497,-1.5416643344108085,-0.7009687769489397,0.7871396474594838,-1.6213654732461573,-1.5074691133112925,-0.6329772627776595,-0.1968807470301204,1.220556386430141,-1.5679635704358392,-0.8371892744309577,0.9835651691392551,-0.9388073964957204,0.20736972243178584,-0.4272178734728599,-0.32278124820313425,0.024747017817976207,0.10009665339079446,1.7367791521329294,1.0358087197618304,-0.8311500843347057,-0.8091142770152555,3.523046818348957,1.4335309420704707,-0.7358465020149333,-1.5496685036161186,0.9209586516021594,1.5763306554920742,-0.6896464561592623,-1.524270952163809,-0.279076550914383,0.22048067278959607,-0.4075030110148849,-1.1041124095414616,0.11556221008867934,1.3931168800238127,-0.8389691970724216,-0.9634016092770642,-0.45665614122306947,2.363327054799955,-0.7816784765860394,-0.48292391239208443,0.5959553241228197,0.9048557606100517,-0.9745044046902598,0.38151389110262973,3.677968048900629,1.8192769049857318,-0.5330671284775285,-1.243671212714731,0.8218119086286556,0.8414808116307965,-1.3630505848117531,-0.47472156531657406,1.6022884185205273,0.4601513832876236,-0.39260727966982933,-1.181783636779777,1,aya
