feat_0,feat_1,feat_2,feat_3,feat_4,feat_5,feat_6,feat_7,feat_8,feat_9,feat_10,feat_11,feat_12,feat_13,feat_14,feat_15,feat_16,feat_17,feat_18,feat_19,feat_20,feat_21,feat_22,feat_23,feat_24,feat_25,feat_26,feat_27,feat_28,feat_29,feat_30,feat_31,feat_32,feat_33,feat_34,feat_35,feat_36,feat_37,feat_38,feat_39,feat_40,feat_41,feat_42,feat_43,feat_44,feat_45,feat_46,feat_47,feat_48,feat_49,feat_50,feat_51,feat_52,feat_53,feat_54,feat_55,feat_56,feat_57,feat_58,feat_59,feat_60,feat_61,feat_62,feat_63,feat_64,feat_65,feat_66,feat_67,feat_68,feat_69,feat_70,feat_71,feat_72,feat_73,feat_74,feat_75,feat_76,feat_77,feat_78,feat_79,feat_80,feat_81,feat_82,feat_83,feat_84,feat_85,feat_86,feat_87,feat_88,feat_89,feat_90,feat_91,feat_92,feat_93,feat_94,feat_95,feat_96,feat_97,feat_98,feat_99,feat_100,feat_101,feat_102,feat_103,feat_104,feat_105,feat_106,feat_107,feat_108,feat_109,feat_110,feat_111,feat_112,feat_113,feat_114,feat_115,feat_116,feat_117,feat_118,feat_119,feat_120,feat_121,feat_122,feat_123,feat_124,feat_125,feat_126,feat_127,feat_128,feat_129,feat_130,feat_131,feat_132,feat_133,feat_134,feat_135,feat_136,feat_137,feat_138,feat_139,feat_140,feat_141,feat_142,feat_143,feat_144,feat_145,feat_146,feat_147,feat_148,feat_149,feat_150,feat_151,feat_152,feat_153,feat_154,feat_155,feat_156,feat_157,feat_158,feat_159,feat_160,feat_161,feat_162,feat_163,feat_164,feat_165,feat_166,feat_167,feat_168,feat_169,feat_170,feat_171,feat_172,feat_173,feat_174,feat_175,feat_176,feat_177,feat_178,feat_179,feat_180,feat_181,feat_182,feat_183,feat_184,feat_185,feat_186,feat_187,feat_188,feat_189,feat_190,feat_191,feat_192,feat_193,feat_194,feat_195,feat_196,feat_197,feat_198,feat_199,feat_200,feat_201,feat_202,label,subject_id
0.7948798624273629,0.22861440380917172,-0.12625549971466912,-0.1859591446650111,0.2855114113982598,0.48867592595977927,0.6040043655084593,0.8976331611136135,0.8869280740513669,0.4644358365710326,0.085088732424653,-0.12208947517616833,0.007780191574064899,-0.1456755757580763,0.3758015515593311,0.06879075061901929,-0.16885223614869568,0.25459514856629584,0.3212959458028127,0.5427115868601868,0.528241692613674,0.47022788098969825,0.4968317746747424,-0.11143991844293391,0.08281838199572884,0.005629720394964951,-0.3295161534624683,0.15034324353472522,-0.38614691805100554,0.13716123297796734,-0.4325682623254629,0.1582252227279869,0.1764078655876642,0.13902642124924605,-0.22089189395201572,0.151303763449099,-0.03796432781846285,0.45723060197717363,0.011133742576793738,0.7852229330722612,-0.1260541341064229,0.16253133472008044,0.21934577290826848,0.36920558279456756,0.1432044217882832,0.17227424039314623,0.0740858792572913,-0.0876713213963724,-0.020977602131900447,-0.1168412222596669,0.38905993531801036,-0.21891147940982186,0.2988208857900547,0.47291073414501483,0.09145264703647285,0.2704326501645707,0.2152503153575693,0.23255323929870975,0.08172949866694841,0.08402291970750263,0.9997705266919241,-0.4892881015180245,0.059248178646236715,0.6271505173139202,0.3048778330771766,0.19525178078506658,0.42129562823744454,0.12808953315883945,0.3301403028132949,0.8181832106365641,0.1566466161016047,-0.19908515729855678,0.4864782866430589,0.38483814635019487,-0.06600194779774719,0.3958976190775382,0.1255383155140223,0.8806943798798729,-0.2221607055835091,0.5339469415386129,0.356931245064273,0.30425017780861224,0.49505853939243744,0.44285050321307884,0.7907357273363296,-0.008053182400230029,-0.1811049441479088,0.33815496927777544,0.3337231541896805,0.3628964164359685,0.37240779900041426,0.032700772465494056,-0.1155887135062189,-0.32807928298954403,-0.3577309331433414,0.49380160344305385,-0.05086154294987814,-0.6467522935438599,0.020099728955959163,0.25645362747790973,-0.10607601578514683,0.07873654289949081,0.5688532744750849,-0.3560095079581589,0.34197219506173654,0.049096981692490944,0.3159399705264748,-1.0196081886796353,-1.377858229197942,-1.1234187919235814,-0.8164365099077399,1.041380537423705,-0.6075896235780225,-1.0385909202241874,-1.1701222626830368,0.23437719417096858,-0.5910976109003468,-0.17210683686570039,1.5859329670377775,-1.6097148613466632,-0.7123670425346624,-0.9056354525584368,-0.7839283994861123,-0.43260537902269663,-1.4829833300721469,-1.049851037962058,-1.3832238631840204,-1.2663879414083459,-1.4547126194163766,-1.179476961006512,-0.22095596406629103,-1.6727871214009318,-1.6365563746631777,1.7832556322655324,0.45314849400467655,1.899518533059782,3.6490018916460722,0.9968876460895394,2.551415705301078,0.9175730775857281,1.672423844033219,3.507551214022535,2.7605516508117005,2.300532884320474,1.672761821947162,3.2562611097986625,1.3224926142074338,1.7125985798694847,-1.2044184216797964,0.37382284864334864,1.9012262708963559,1.1995416102791845,0.2378970389474699,1.777962242466175,0.7168484759502056,-0.5192688848751164,0.18477182448415863,1.8542381893707567,2.0192519572196184,-0.9790992349051216,-0.6078045655822141,4.412409049297757,3.5678453878503076,0.09637137752668803,0.0010108793823220006,2.8990559279191896,2.6755137393073785,1.1458949236310614,-0.9569882304345478,3.6001685996012514,4.313536505094998,2.41234034489826,-0.691023209311297,0.6545211600586089,2.740729643700636,0.6900323790599701,-0.9058788234990116,2.5309858881554685,0.979661181987304,0.5413072142481343,-0.7334500879006678,3.4915289235784566,3.35875460851355,0.3224455835737047,-1.0151310888340705,3.18412307583233,0.6287993446319469,2.3961901995311314,-0.47214246411277433,3.3009815720549627,0.09750107798808542,1.8128096411528132,-0.08269503286446399,2.0267811620445957,2.2446085959477697,1.0218307732060354,-1.1991075044861,2.622917598415712,2.2585801248318265,2.630699529764989,-1.1416364946596809,1.325445570311124,1.9919678553303037,0,مريان
0.36779603524436777,-0.17249391346311704,0.13190382802990572,-0.42680546679468406,-0.0002421117828572711,0.13881454923114284,0.27196124174211805,0.4420274482860991,0.4030295622963882,-0.12173290516405592,-0.04263106785056144,-0.04280690869952003,0.027028575173418536,-0.06512810343004576,0.2249673755090992,0.11350646349275709,-0.2665304574183547,0.07790314954242832,0.07636731889051114,0.38461603025430624,0.1594584893280348,0.10139047662913235,0.03330379294405727,-0.22464534879486447,0.18926353851978714,0.03344085565425298,-0.2648622846208326,0.09347329137278085,-0.2771511131133594,0.08244220171203882,-0.43774850244026275,0.24447473661743632,0.2621177418735285,0.32336126369516344,-0.056685896428268066,0.15830063747574002,-0.1037696262394306,0.424156904640944,-0.04072249703966311,0.7054123724214735,-0.24125858564199473,-0.024194958278941067,0.1382585983671309,0.24441385499976978,-0.0646509955700432,-0.12771477513523988,-0.03446816247928399,-0.06492020071623804,-0.08189216824631453,-0.14200151642456407,0.261114891592945,-0.4464601748569652,0.1103370602509653,0.20562750315829134,-0.19303644789739108,-0.07794608702407792,-0.02660344344102875,0.17589247253217352,0.012546562138856767,0.08894045192802684,0.8667079065357465,-0.7332032604726407,-0.3376633556439857,0.3298846777324618,-0.026026669617336094,0.022825376314528203,0.3755751795800963,0.0715283425671709,0.31694939726684307,0.6679824219612795,-0.03977829444246988,-0.4625652747997167,0.07456076622387296,0.23795053233338676,-0.11760055897899209,0.32070935037072107,0.21714803669005167,0.741525140718262,-0.4294731448663395,0.10835854245973145,0.2377964967305567,0.3005339931007447,0.4707968214513868,0.38534114055125995,0.6149910406594392,-0.4433715332861657,-0.3600660295008316,0.33065713410482295,0.20607589328895534,0.2452263788036408,-0.01664975829335748,-0.26580710496843446,-0.11625594121963964,-0.4452721485821725,-0.4354052567072929,0.4648065431805878,-0.08203351478027568,-0.7320917572889114,-0.05499208015497789,0.26699497236318587,-0.10906320464314324,0.08405329691152844,0.573322246669225,-0.33700659478334516,0.4394331141010286,-0.1367733036673451,-0.7311802648614474,-1.5075428391747165,-1.4684818849535608,-1.5744918332525524,-0.8527892285800424,1.1262355502346366,-1.2015036007284348,-1.328110082339693,-1.4590320434490498,-0.8238452482846108,-0.9205040213817182,-0.8844344842916262,0.5802522512880649,-1.5225646801072166,-0.10762918591131143,-0.3284975205543699,-0.2661072497218743,-0.7550896195454008,-1.4209027799793228,-1.4623738262547425,-0.6907792138226665,-1.2451769319973078,-1.555476444141619,-1.1396215489287447,-0.36337890582157867,-1.6498364545294597,-1.7022926128082496,1.532434125904962,0.965904798394756,2.1453455876800898,3.690753430039387,0.40372573619161933,3.221067748739661,1.1089338860283147,0.8555303585197157,3.8071075813538955,2.088832597511755,2.0482167838008696,1.593894624435436,2.8669288199608687,1.0813833122738716,0.41129411259143595,-1.6610047644766919,2.307532303996168,1.9831455519506207,-0.18708456540213933,-0.26354556216366937,1.288924789181967,1.2693379442986572,-1.2986617659020692,-0.8249183185180092,2.170947291209582,3.211625716345856,-2.01698747076304,-0.38815444668873617,4.753898023320442,3.3496668414392605,0.05099038350391294,-1.3752717237571135,2.647229899406011,2.677709324167695,-0.8954468832498288,-1.5222838394149079,4.268048924164924,4.53639186595998,1.2242061943003353,-1.7850886150961485,0.5808145021430089,2.6152641432114785,-0.6266753129402244,-1.121765019145925,2.6178928492801936,1.0595640160746644,0.995154141756402,-1.1862131546198864,4.18589590002874,3.8967833482223955,-0.20307740404449662,-1.8464749447324351,3.525297368860743,1.4555069112986232,1.4229533411427584,-1.3524599713444492,3.191932942595784,0.5817003178973138,1.854417585562852,-0.7476338585147584,2.1698438187731135,2.2454992708586605,-0.6610689999022386,-2.0568929704536845,2.8491328027042893,2.4972269977032235,-0.12214115599863865,-1.4056347092523864,1.7617058652488777,2.232103502724643,0,مريان
0.2919439811967923,-0.25484814398961236,0.11618646543225604,-0.30365766540937233,0.12884411395172646,0.13174169114456558,0.16635107311839883,0.46036768905772607,0.3686434972726521,-0.11782175064057895,-0.05028529322501229,-0.017851287894471102,0.08639444112002337,-0.12089121268647449,0.22682125557992897,0.19885370419780926,-0.3267722578527455,0.07419546892896409,-0.01822432418521363,0.3854558321196897,0.08588030225837168,0.17803188006526005,-0.021540663039673082,-0.19788335173798838,0.18117041510119333,-0.053405121776838475,-0.27385297082796145,0.013495061530327085,-0.2577285752238641,-0.015375209141334,-0.4744143640219857,0.24561515126918762,0.29916421448123665,0.19576520876120937,-0.18826140589305101,0.14262324792626838,-0.05177174682172221,0.35849620658673315,-0.07800557189651028,0.5872166164559602,-0.23442961465806808,-0.03054033375849956,0.10562352771928862,0.17732304054971768,-0.008508497427172195,-0.18851335678884487,-0.10368820513133553,-0.1102910983775128,-0.10395004482674432,-0.08644205950956453,0.2284907807284374,-0.47686737743829666,0.0362757224438134,0.21048561801335017,-0.2772904978253793,-0.18965959723079956,-0.1180927381131928,0.18602402712811375,0.02970537623184071,0.10679159437293413,0.7219715424615566,-0.8097721585034778,-0.3578753289532016,0.3073386818935822,-0.1286531235739843,-0.018687262261842915,0.33662672286746426,0.044286161310658906,0.3341698329631392,0.5993587605569772,-0.13711190282528463,-0.3546721192528137,-0.047461532828773544,0.28504351637083636,-0.08161491328493413,0.28022643852702195,0.2577881050225068,0.7075016945591355,-0.40614641812713426,0.05039467307499582,0.22659656233939904,0.4364496770935593,0.39896994551594434,0.38697713024637537,0.5504483112537756,-0.5565775584936227,-0.282237515788858,0.341502786042478,0.18186170474469784,0.21235135132277003,-0.14404417199843456,-0.3245071766243303,-0.08491353004262583,-0.43446121415380023,-0.4101952417396976,0.399720674183079,-0.12100298490782764,-0.7686237399199679,0.026000119559142203,0.21975097092373577,-0.1719821459925006,0.052217331041100136,0.5562056381039263,-0.3194077333076895,0.37791197088672684,-0.3966830006668558,-0.22745524376832207,-1.5055531309939096,-1.2309040520092756,-1.9315963942926906,-0.6537917322833758,0.85745725600699,-0.831240828223176,-1.231458417810189,-1.4878953752769062,-0.7962428968339867,-0.6532256723314864,-0.947202030079082,0.9210292404628267,-1.5290869457099234,-0.14687770602352965,-0.958673893602535,-0.41777394587939676,-0.41104395433324886,-1.2147510901501157,-1.2676571644457997,-0.5499503024099068,-1.3565926094431189,-1.7483868604712731,-1.1925177274599532,-0.1560428090477033,-1.6470849363344926,-1.7676834086292086,1.0155490567445267,0.2534403439635717,1.5422726951265755,4.022359349605661,2.45276890891322,2.783776092761896,1.5247555082752078,1.6517944399501427,3.9229476628048228,2.2897190959023432,2.501596067589831,1.0028047249958576,2.379550714204901,2.15883420713826,-1.2381571385613181,-1.734953892149399,1.5162790131828545,2.2002642055274397,0.40184240462786475,-0.39328817142501293,1.7636687652360026,1.4549837039109341,-2.233787098000456,-0.5751353715508674,2.8319751280715666,2.6138933100176334,-1.9417052254947311,-0.5851191144961877,3.583903234833891,2.3673617216625997,-1.4302557418813033,-1.5273097141528387,1.9218566263542851,3.223647544753188,-1.1600397593504863,-1.6085813077972109,3.5295775573862733,3.846890592250626,-0.14171819277109818,-1.8303490804103675,0.8155569259409211,2.095264234184192,-0.7282750455634384,-0.6638432097914234,2.6965329069881436,0.7141036529616687,-1.5297918147604683,-1.2652850676818634,4.294669966067709,3.1890660974014677,-1.2775063717710449,-1.6184003461675738,3.4448977055448236,1.281797270301867,-0.8066815857130661,-1.3008241527320201,2.854669946681592,0.9379550389916375,-0.2741473085601634,-1.1028429291064432,1.9712416885976356,3.3395405667010896,-0.04874950421050267,-1.8640644231030798,3.381919211449332,2.535844407552784,-0.15317729901840305,-1.7895801896258041,1.3879595776945557,1.9710210532919061,0,مريان
0.38569936533560856,-0.2627836354875529,0.1052819474947558,-0.27410009358364223,0.15224931965195448,0.1782743785613463,0.19964594700796193,0.5852608142521107,0.31455444542938904,-0.08751584897233242,0.005406375025964502,-0.045292115273422695,0.01555340332860313,-0.17937832502837536,0.2935358917385566,0.2679829164880221,-0.2828838999102459,0.05059409151001291,0.037338767738225774,0.4507964471686617,0.2398354802891046,0.20395558452955098,-0.09514762084389812,-0.12988556064956946,0.18713911858201873,-0.10757916587282255,-0.32204193245695883,-0.010569110841984808,-0.2311200594273641,-0.03683755965172975,-0.426558589016322,0.25287685671720334,0.3286153036386778,0.20219922889079686,-0.2020691118087011,0.005142837989255212,-0.06348603178868441,0.3270164360281654,-0.10974556983388782,0.530378898113881,-0.19845488755986285,0.049986455345928445,0.11334057970122159,0.179695974691235,-0.03274962582075087,-0.18639399826827335,-0.15236582747586427,-0.0649447860345036,-0.0929187957484422,-0.10757875361323614,0.2106920316279251,-0.38525277322113965,0.04174741930355064,0.18728665980701414,-0.21333871668792354,-0.1581301262282989,-0.2005725391420414,0.223451369201472,0.023848537122658272,0.10242284895937469,0.6677622481335784,-0.7392498423264648,-0.2506176185812755,0.282507216375772,-0.1160997102724565,0.012467101856822607,0.29096632941784545,-0.03823508731757538,0.31444912153673515,0.6095610602141519,-0.10178812540683813,-0.316382967645516,0.007364520767880612,0.2539748925770773,-0.024512776132643185,0.2117711497571644,0.23323737014986695,0.7581297606735602,-0.3775405625071178,0.047301122358339054,0.15266556193270128,0.4419244929347583,0.3650149156590986,0.27244571792517114,0.49384195305304834,-0.5397262497646005,-0.24160055475532527,0.289645612350997,0.19428316699161396,0.2014709622775784,-0.11679300884275101,-0.30660300781974187,-0.07754412281925772,-0.45166595603107607,-0.39058650426427854,0.33924830302914316,-0.11722757605214888,-0.8415787281648406,0.003372716267070741,0.20174618360923494,-0.19459605385329065,0.07024189805346173,0.49483614090047756,-0.2721540010262381,0.4021360454831441,-0.6535629561546175,-0.3774163294788807,-1.5862409880129655,-1.1856176882079124,-1.574280001497035,-0.3456124831900953,1.468940918477339,-1.2046733255623847,-1.0549135893192423,-1.2957988958958626,-0.6173712148827651,-0.3603313715422322,-0.5590910618895764,0.4070636512199265,-1.6139386479524385,-0.3659180667430212,-0.3310330129032998,-0.1360789254805817,-1.2165499384887881,-1.500390595261316,-1.614202563953092,-0.4347381123874932,-1.2600654715272703,-1.6087341593761832,-1.045570507404734,-0.36035916787819133,-1.611284636287669,-1.871160946354211,0.8494356543016014,1.585925613272665,1.3008796057052163,1.6056446993547144,1.736302123096868,2.9275320834891745,1.3188227107807704,0.24759518322269433,3.2997521653701636,1.9552039253569624,2.408087641115035,2.204620673855419,2.1064523464632194,1.6703620951448728,-0.6180312768128682,-1.572148741635826,2.846749908026145,2.254122507420192,-0.16529020887209236,-0.6451513790728712,0.9818219242714389,1.1592371749313757,-1.905590620395681,-0.5582863717248623,1.725552283235246,2.389831084265744,-1.9266291250854706,-0.5385331918513427,2.7660611887625484,2.4587026680710045,-1.5026167747794477,-1.6025662529906264,2.4596510592632437,2.9218478746108794,-1.233806499865466,-1.4740783176180376,2.0379132887042166,3.594457713546807,-0.24533618306242916,-1.784816500889536,1.0405512355374953,1.85317069708975,-0.13670985653017528,-0.6308161639170716,2.2324864862844866,0.7191437781082092,-1.1150750631034143,-1.3275887747648727,3.1649131004453226,2.641469031538885,-1.3522103909904446,-1.2226263592603022,3.199903719979701,1.189956187960242,-0.5603729418876391,-1.1494782281310874,2.347319596684035,1.888351736282794,-0.6697899902873442,-1.181347403519779,2.0705631348278235,2.901707772778058,-0.08345850599308517,-1.8591209085195772,2.442067098101165,2.5394362434820956,1.04615778124029,-2.0009730478669967,1.7515176105513952,1.647739907398599,0,مريان
0.30784860275036385,-0.31749718449807407,0.1451656872298929,-0.18075972743381546,0.02668331796699952,0.22679846841313137,0.16058990018518468,0.5927722262330767,0.28458969551060176,-0.029763293200284098,0.02531448915702506,0.03050346311455076,-0.07289329110134017,-0.17761867313374782,0.32288896187243127,0.22895458603008903,-0.1676704038131547,-0.04177359796476932,0.08892730390154678,0.3661510257685188,0.3255630442186875,0.18717643474699758,-0.09032615423956487,-0.09800735096384129,0.13752132584097485,-0.1796356810121676,-0.32442767318276095,0.0038463530656831675,-0.27934441185207726,-0.09861527729430479,-0.33525920354681416,0.17506990632686997,0.3183023994469284,0.12988087475100438,-0.19264788511505357,-0.0030960988055533764,0.06076960380949015,0.23709694694255035,-0.0885893465023581,0.3912987734317308,-0.12112982018283089,0.1318087008383864,0.09766538040702714,0.21775763267051645,-0.008445117808451592,-0.22448074058183046,-0.14618492480003917,-0.06883079044094505,-0.007535039543602553,-0.11621369181882284,0.2683761098842474,-0.42493045547217995,-0.00940802010237665,0.1645304530500085,-0.17214300753866235,-0.13672881252752364,-0.21624736900706498,0.19466324155115514,0.04412531347314497,0.12389190377259257,0.5061022754829749,-0.5831060106379772,-0.2646683920127723,0.34040691572539167,-0.06578718202960551,-0.07710228436127613,0.2894449137708064,0.08667853141888704,0.2534157341002593,0.6598141531286309,-0.11375618970826136,-0.31260431514604115,0.058128503105114276,0.19367639854925645,0.07332903902955629,0.19178672894759574,0.333536474822612,0.6786600801683602,-0.3746307678460136,0.016918724491698144,0.21231490876883127,0.40819909350537875,0.38825616889632697,0.26411412287611286,0.37973211124415585,-0.4869508599907245,-0.21573462611533936,0.2874692122192391,0.17492231255838583,0.2753438297916184,-0.15036833899835622,-0.3489015705497104,-0.059016076079359554,-0.5318098412366078,-0.3270096016803334,0.3285606761505104,-0.16769165749019974,-0.8201808379655025,0.001123183831544437,0.2921821149524858,-0.22930413459208415,0.03568427885371349,0.4526468511543068,-0.3387834638938727,0.3937452019396431,-0.9500519397804881,1.2385992091435862,-1.4238293269926185,-0.8016337379855175,-1.6909816279222365,-0.4637182773387352,1.2515442552220917,-0.8393726257967371,-1.0261378565400903,-0.9032673145951168,-0.5040168237385662,-0.5044262590866527,0.3134437098684311,0.962032378250197,-1.651336645556949,-0.7630469265626375,-0.6196786562634998,-0.8141509531055727,-1.3720462800590334,-1.381351076268419,-1.5211829488137483,-0.25202320125007766,-1.5713011654545475,-1.2826675195816244,-0.9213252479654436,-0.7199935613710081,-1.40724720649029,-1.7506420628483885,1.6044776406132892,1.7150344816082985,0.5644435869286933,1.1949506618071997,1.6683289248544755,1.948329911489729,1.7576326882939115,0.7010032904047937,2.848589583907277,0.3996868765367735,1.5664104523457114,0.8732466314580509,2.172761622916594,2.82621910801084,-0.8371682740292429,-1.8066785909704615,1.2792284055670455,1.9127363196909044,-0.07969805007348515,-0.8765704198267137,1.4483326830185244,0.39436723873038926,-1.1001158151207382,-0.6062405153500768,1.072993930113897,1.1262350670639913,-1.700905712716315,-0.8087195216496821,1.5580858147746253,2.511463229808493,-0.06497346004328303,-1.7848457140895415,2.4267314627314605,2.964733120084765,-0.9761066262427768,-1.5314979478760935,1.5996749336807101,2.2545778791727007,0.5389762435982342,-1.6083558970988086,1.0909799607668171,0.8171301434923051,-0.668904730542938,-1.1707987970084974,0.8585570193485202,1.846698604804901,-1.1471978404155065,-1.6289870735426368,2.178810072260934,2.9782980194851763,-1.7042305057447777,-1.2780911843298641,2.728445457947115,1.2103169224458894,-0.8733758748255074,-1.2926250517496611,2.483382053980924,1.8779939817540092,0.43430946988555313,-1.0191547065607809,2.4919489969743096,2.6952338988127402,-0.6967069541275308,-1.9615299780355981,3.0462918163207435,1.687985436590617,0.26592112966289,-2.2526184243118745,2.5577112967601696,0.7649216784332764,0,مريان
0.311543209785015,-0.3109868976564508,0.12308126611500704,-0.1638730154554352,-0.05081711600623736,0.18421796604300336,0.17558626835222982,0.6938857809968303,0.31054190229856754,-0.03047721989458818,-0.003177403792884881,0.09457799674647233,-0.032037278567511124,-0.20925628411211278,0.39225241269361805,0.12738787984557112,-0.20168448023518099,-0.10691518800295732,0.11928611381900166,0.23188935732100868,0.3365513196300209,0.15566340403680332,-0.18012691035541736,-0.11848715391962972,0.07045515028109223,-0.17826205451373084,-0.29712683670400997,0.00843190690498826,-0.2521070304321468,-0.07114912709714699,-0.270878337302208,0.2568168369795191,0.31441249617587325,0.13764487757480545,-0.15826953594547213,0.00572169868307466,0.06415246008485329,0.11682230402858745,-0.04884825145741946,0.3154392626535743,-0.16629882650774952,0.06316676235442985,0.11259645380913084,0.2294670969057391,0.0034862732608837857,-0.24262853375725502,-0.10293662847787939,0.01967110803272343,-0.03651836282093039,-0.12796384214420842,0.270915914205055,-0.413651592026002,-0.058726574468688904,0.14893726629581694,-0.17165562626874345,-0.024098676837531766,-0.15139138243685485,0.1291029129858815,-0.030808567185734118,0.10475818010076823,0.38109494426610013,-0.3498087952260044,-0.29813106974484427,0.30109550833674403,-0.1573793594898335,-0.08021911599575417,0.3967825634272118,0.14519533523912756,0.27277687613408635,0.6622856797443875,-0.09492732832783647,-0.41319113510192546,0.0400237392731179,0.18014718835915747,0.21732253202497803,0.09656264435346656,0.3723946839869838,0.6343244267460982,-0.38293046570854233,0.031130804118627394,0.2141209732854405,0.41335262976227605,0.35910124236075247,0.2716734540248295,0.3433688395217783,-0.43369401835908267,-0.28145776478625356,0.17244383115772177,0.10925463786876782,0.31028057713822516,-0.2504198305231059,-0.33723610493072875,-0.003414226493833945,-0.631881683251123,-0.254577822829189,0.22545033074627116,-0.22055178107367102,-0.7909498516214121,-0.019501154220249818,0.3198558879575053,-0.2167491313776254,-0.016268894170917376,0.4041798315586628,-0.26536829105868887,0.3216563922851912,-0.7947346358005168,0.7445614201294738,-1.3192563914760644,-0.6764329158193874,-1.655463288415604,-0.6961732479245434,0.42381671666489673,-0.8090507885585627,-1.1642002210385047,-1.0628206756930172,-0.6660748818840428,-0.501629857593076,-0.09323890156696359,-0.03883709455731435,-1.887353345514305,-0.8338299301420042,-0.31048629434122255,-0.9151662094613814,-1.245312111485237,-1.563878578512124,-1.9002462329498844,-1.0946138750792593,-1.8080498689952111,-1.4772852094816644,-0.985127979230559,-0.4533379690505479,-1.4534873764395164,-1.873209253225818,1.9504933414163061,1.7829348801682388,-0.008205716256229147,0.01622686662406297,1.6255947591779685,1.9688274879503167,1.6417144269059953,0.19414114758185413,2.8895003309264515,-0.1987283222074492,1.5078990792009759,-0.047682901987878834,1.1687355577010938,1.1989381208687602,-0.6967567726125923,-1.9059297224887508,2.5178070258226897,1.6216386924724866,0.2852576243633039,-0.9221636862017862,1.416370224346584,-0.10190459194035423,-0.8571150303464667,-1.0547729790969005,1.7665983141567947,0.822698547174143,1.3673850029438366,-1.1764094331108998,0.5114378021657211,2.2973920311716145,-1.223763072974135,-1.3931964685077673,2.432427892192427,2.436576459469402,-1.2429819947599512,-1.316489879074088,1.8837057645112016,1.0280161412418267,-0.42650535939357087,-1.0493206788591949,1.725010662825936,0.9821634056838675,0.3764461800237712,-1.5892274492613636,0.3052616351483145,1.787339126964549,-0.29263474219460306,-1.6508287782079836,2.320568085849742,2.6720358559911985,-1.6028834729249286,-1.0866269183020019,1.8544150662323002,1.5087192049044658,-0.9079187512206669,-1.1960759461856776,1.181339256623918,2.231223238081449,0.29101892078169445,-1.1459191757221892,0.8198392107101382,1.8113169708704187,-0.7878920397038328,-1.7667300567138724,2.491509118730381,2.128097781465743,-0.6232441805297786,-2.1450334951530885,0.8157095964567327,1.387000334556548,0,مريان
0.33269720742098824,-0.30091267634707075,0.14368460748960657,-0.08700081264994051,-0.09133531089839927,0.22962354580984284,0.1857870669986421,0.5999645594077285,0.2663028640958558,0.014601022083085939,-0.0677346000984129,0.10393594349001904,-0.016012376629247708,-0.20794923138031518,0.33081510820734183,0.04559116679701254,-0.14205969551151498,-0.1101784665825448,0.07974197353492557,0.3281054386295001,0.3693936358965046,0.20025836783750173,-0.29858878338646294,-0.12750053599662894,0.06348633472064723,-0.08391842871456885,-0.24138847312928732,-0.02625979110592851,-0.09400308188372275,-0.09044119428206276,-0.23478133618954983,0.27337099868530373,0.3351681262328888,0.13947344809786003,-0.13679434609491137,0.001726756736447097,0.06205634776113223,0.10079281318166282,-0.033148981413863084,0.14911691617505227,-0.07716642696071122,-0.058618704799069894,0.183673193115527,0.13158394939785037,0.06535929295032689,-0.23455070601243758,-0.16268360547464117,-0.037658540893390526,-0.06358662999692709,-0.19003244052208199,0.1718100617107098,-0.31020659233965603,0.044871394471049236,0.14960653009826097,-0.1888347590311173,0.006529827604625487,-0.17462896165676983,0.01719260680196153,-0.08275620974842708,-0.013342488673914726,0.35787630369014584,-0.2951241284103516,-0.26511954062936005,0.30610509598598407,-0.12122740556040865,-0.13013415333616984,0.3586171661324833,0.02198783994100023,0.1836832368296043,0.5323228912847894,0.0958707042867061,-0.32298535449297583,0.02045720360414732,0.18438747959004248,0.19470994928147922,0.055694493647501515,0.35178103294926694,0.6010092772518629,-0.39627991309346433,0.048011476801407056,0.1713804812795763,0.37894072184528016,0.3263447629345452,0.16916079498298214,0.27243574052771324,-0.40764339092734503,-0.3522460332941625,0.10679964131406953,0.037582035992347926,0.2570911541640813,-0.23644806904853924,-0.39900594948804874,-0.02538715322111995,-0.5942266820535304,-0.25333957407596086,0.18513941578379398,-0.3047528998826451,-0.7692310393348777,-0.10764928693257549,0.3188970863621598,-0.23786342202954922,0.05325276033037507,0.34357270167351645,-0.3356362354236209,0.2263939275182318,-0.8476330785750188,1.3677711521535922,-1.2272374401854134,-0.3592104048526778,-1.1406457048327103,-0.5949294374987811,0.21001232917407864,-0.3783065755200206,-1.1028020721482052,-0.8747314883053865,-0.7276921412662667,0.49648374401384104,0.34933163136749895,-0.899240666880806,-1.941674696035879,-0.9971739345577425,-0.8493795893029579,-1.3180491803675105,-0.5968488886350062,-1.280082745598454,-1.2932470959695967,-0.6724260145302913,-1.6817257316679324,-0.953939616163246,-0.9967101141280756,-0.5647379707298278,-1.5828380937951545,-1.6868982898275156,2.4745340814031622,1.701482395580326,0.0003333551981519153,-0.037459533157659125,2.163745127252927,1.6892372546766103,0.6901699446602958,0.4844195772797315,1.9343955584234451,-0.5994305228865632,0.8578529081237207,-0.27457784430975607,1.6990622477063295,1.800873619750059,-0.7823689205899681,-1.6283093102054196,1.51135393775513,2.006098267046382,0.13405026496671502,-1.139614164436063,1.7341909177927917,-0.40974991843478703,-1.1668198543342412,-1.1637649811633248,1.5726015295341482,0.9144736695619968,-0.8764245427574818,-1.3109059970046435,0.5535670695394153,1.1410334261780972,-0.2203497096700197,-1.0235379671620934,1.0975451296836007,1.860496490626444,-0.8631546573640704,-1.1286209215717231,1.395982545724051,0.828108823649385,-0.07336553512466684,-0.9805794462101212,1.373794564721657,0.7765753820440052,0.05775084688748881,-1.220032497334313,0.5742754511164921,1.6801405798616489,-1.4429838341821135,-1.5623147838197011,1.7603614520341495,2.0571448203721974,-1.2337433841129006,-1.1509881923465952,1.733165842241956,1.1111096614941025,-0.8325606527649774,-1.0325959474518172,1.1873830528811926,2.6336529536105426,2.237438871452029,-1.497845413979585,0.6423217993862024,1.6114143003237786,-0.3232171495334255,-1.2781005713520899,1.471515233557399,2.3884538206140222,-0.13957069922811433,-1.7268009850328025,0.7380545493914371,0.7049130506332111,0,مريان
0.305773606038908,-0.3009468717354669,0.15388773420056395,-0.16481498531366828,-0.055558207048051374,0.24070760972247884,0.2030766775109919,0.5723094774925706,0.22454690945925396,0.061796599755264824,-0.1487772840588569,0.05172714749047145,-0.05113095161807597,-0.1347097692295025,0.3261654576184135,0.055193196561028036,-0.20172073024620535,-0.14613447226149429,0.17210067877362936,0.30534813639700464,0.3515904491277673,0.1392094102777285,-0.3302408786588134,-0.2005162588363706,-0.031149628365050627,-0.07559804860241852,-0.11572247167159667,-0.10185156576697511,-0.16961559057270578,-0.16362992114081237,-0.30520849265721045,0.23178326087804593,0.3244195591606938,0.09381257577888075,-0.08548993191762747,-0.041402836380291165,0.08918698051569303,0.12371994969019644,-0.002032592516950146,0.08541834667297814,-0.0580352622959831,0.017324979784432874,0.18408663799858718,0.03379062302224625,0.1367315993039481,-0.3070896457200537,-0.17400660964877757,-0.06599010522982879,-0.10457108372487493,-0.23195464131161816,0.12772182124177547,-0.35519224817348843,0.13066308469177115,0.14122482164229366,-0.27037174901958094,0.04292432080570582,-0.28052918091772666,-0.0913785296648491,-0.05372511209663262,0.015927066190131157,0.1660615701857629,-0.17584152474692855,-0.23730173071625094,0.24157790488510347,-0.03507928642653878,-0.12051354607214289,0.3545223556761988,-0.07628619814858718,0.07452175031754614,0.4527593435923152,0.14967134960191839,-0.3144810484045726,-0.012260387092752154,0.2740195649013975,0.3014157031214843,0.06846979654274622,0.29237859839056923,0.6230814613519461,-0.2905115556969559,0.045999367982432815,0.203153914832024,0.4335117675169401,0.30065058674233486,0.11312850241163788,0.1039847650870973,-0.32866985829301826,-0.3055349614475435,0.05649806361912114,-0.006650380696947671,0.2879773104016109,-0.32108310116230465,-0.6163135863899235,-0.13994700095312712,-0.5773319141364089,-0.1513009945367669,0.13002245278050922,-0.4042611458995754,-0.787789854699832,0.025409017577508165,0.1876615430750786,-0.283378078651828,0.2756591476055975,0.26383335209236763,-0.34372097463555157,0.067326944159921,-0.5032416508046902,1.257877169059078,-1.1877150217788863,-0.012651295422282492,0.12690743303095797,-0.13907264486071122,0.8472851273670131,0.057947477470305334,-0.9798701234545164,-0.8617588493063519,-0.8619580839393725,1.453194540382114,0.44622697703789405,-0.23474367442069957,-1.7431940818679603,-1.5868897745720523,-0.6593131608027875,-1.4214172637932319,-0.9156735581815402,-1.3604297813258255,-1.4458114093760026,-1.2556337318522737,-1.4808032939810851,-0.8344149900881627,-1.0762861938993293,-0.6040082721727269,-1.4753227138974017,-1.512680989223717,3.0234551867844552,2.11912454194628,-0.2985671662809633,0.06385522281939422,1.09981505764571,0.5574892452852288,0.9063288183182932,0.5201423349600134,0.8021640933610314,-0.3435913262374441,1.700079751905647,-0.3433574078840785,0.9639357444539168,0.9653362403954645,-0.48191301179743884,-1.9312082668318484,2.1833850739635525,1.2893108876221555,0.17193680548038515,-0.9099659247367129,0.7387141130388939,-0.31931086203654585,-1.2974303658261435,-1.587835006166163,1.4039366807557663,1.0388106081577908,0.4029248977420455,-1.2015903858004955,0.2202481155941757,0.6581643598021959,-0.6157112502638296,-1.087590898665683,2.2477499838717043,1.787037349103035,-1.19638568131004,-1.1507519764840204,0.7359187897685333,0.23185797350020695,-0.29536020721500866,-1.1638291521679682,0.6549281401363034,0.7824725215347973,-0.105896726553672,-1.111859022521659,1.4793532940571894,1.642355526575027,-1.3781524013417563,-1.6689769877643275,0.9273815151785842,1.1860849910771631,-1.279735427463242,-0.8207979058514762,0.9165496090168944,1.3635010513682755,-1.0014066210338641,-1.176805004625848,1.7537382883803654,2.9098056753040407,0.7504883992031405,-1.2214488394866367,1.118062687424101,2.1289202348802285,-0.29078471974202763,-1.6224974145004012,1.404793372787372,1.802905379517067,-1.1259707165627977,-1.612093377418813,0.7315586143974971,1.4578063790759943,0,مريان
0.266244516694006,-0.2173533014027114,0.1820985365662587,-0.14578671228247234,0.03258594652786173,0.27123530666662593,0.14593426770998433,0.5278038354029128,0.25274701524255977,-0.019403841343444923,-0.23842486275261807,0.0736360402870183,-0.04342340680527871,-0.05629844601272384,0.29426090371676883,-0.05917828347465541,-0.13988864864644152,-0.1780168220113643,0.14270838208150186,0.22874604841915486,0.2900476225375092,0.22450348534960873,-0.3323142483978636,-0.1793222703615604,0.0837013252944591,-0.07520730051454083,-0.17261950324686562,-0.09021485258168221,-0.17582953114964023,-0.2203701789552677,-0.36023153137313146,0.16291698038913577,0.34822856791632695,0.2750067678289931,0.07486391659354187,0.08811772555102713,0.04194982053856606,0.14466717104256438,-0.03467308608719411,0.03798433150516198,-0.0015476846512085974,-0.15881678522219211,0.2562069313910871,0.05979520942819451,0.09197033023216811,-0.23494550346536444,-0.2122785244083516,-0.1221060370184157,-0.16029082393026292,-0.04979163888172158,0.12686969873382528,-0.29848193370498827,0.09449017920972766,0.15771831511687207,-0.28468604931865893,-0.1007944437676814,-0.2803804792637544,-0.10624245707234366,-0.050808921206977616,-0.03518696667882495,0.11354653418098853,0.022752069813547104,-0.16229825025943342,0.07275811765410661,0.03845110983119071,-0.05545719976775244,0.301976901841961,-0.07780165725261286,0.04342632857143444,0.4901615734562482,0.018254127227776657,-0.3416011408544688,-0.0649974836509247,0.2587347694542124,0.3087104930940188,0.06240762673261891,0.23447789536186509,0.6105534711379134,-0.22626088326732197,0.0545500441711204,0.23129475528561966,0.4246749542873872,0.27266718276960217,0.07563878737493193,0.10444330928318996,-0.16751906305905984,-0.13456997184453567,0.012368252283886959,0.018424373182324788,0.29618460448197886,-0.28125861521040346,-0.6200589435089644,-0.11460180856233218,-0.49444859260765567,-0.16173287937722824,0.13457181414448874,-0.37460727237053343,-0.6837063754942255,0.004587872208360808,0.10472557934312783,-0.2820289628366997,0.3366608794767916,0.19197503873846625,-0.2858882862344672,0.15974204696420968,-0.8822151744824716,1.5381810790869648,-1.2459410029764106,0.13962002544521893,-0.23702516991482456,-0.7252408620604618,0.6579513735395601,0.23170032083890243,-1.1825516376110414,-0.45762255475140434,-1.0146201397691836,1.1037573403875258,0.5254749990476695,-0.09789335627080971,-1.6790975782453512,-1.5543069708131547,-0.7902799760082844,-1.3634791669070732,-0.7606301073849631,-1.3374492822875723,-1.1583048553792958,-1.1095688341088252,-1.425772215276438,-0.7690412108321363,-1.063884053354184,-0.702870212854441,-1.2803426511726133,-1.3629438474633475,2.97641371756418,2.051496077673966,0.07919008453694806,-0.4770620238114444,1.8434261086428063,0.469170977115887,1.122652874622794,1.3884359394806227,0.003438547937280256,0.2651295104943908,1.5159406443403474,0.3426639657951422,1.5601029698092383,1.0211647993699124,-0.0909691809711886,-1.9236671863215988,1.8975840126642778,0.990652811380243,1.0433410577600526,-1.2255607173950998,0.7732128482141796,-0.49148848098626957,0.029174098160490745,-1.7202399192676636,0.5075579141550071,0.8072444520831935,0.636203867876876,-1.1072316858241171,-0.3264224594809895,1.219868756543668,0.3034469602874715,-0.38219462175348323,1.3843763641319005,1.4862431125519888,-0.6086473166859192,-0.8597900347291477,0.5797433871577042,-0.03937808362776662,-0.4336377507707274,-0.9731937623806587,1.4894443960155241,0.8602725649612735,2.604543202337616,-1.380232202272294,0.9074115659696175,1.164618139525693,-1.5062759230160407,-1.2532586796477694,0.41711391183658136,1.132225773638616,-1.3062034542117251,-0.05380284495422297,0.3330730100749173,1.4740064154588466,-0.9608303475520307,-0.8647238491995145,0.8441713230822921,3.024908395433728,0.5017913548901077,-1.1583166755745495,-0.12625071110666916,2.1662723434047493,-0.6894533018407285,-1.0307956536808218,0.7741142232530732,1.3255465141936251,-0.2966491212903561,-1.0937678569383487,0.8543894115528317,1.8534676311763796,0,مريان
0.19912047230426833,-0.3257109793122429,0.1004939288782032,-0.12452323994671595,-0.030870814307501014,0.1731020378842152,0.1274871747440268,0.5566136244975816,0.20992940116235126,-0.030889022068104698,-0.30864375404501626,0.12160097983919302,-0.07797844760276146,-0.07190723913031367,0.3010680223420487,-0.005991651144624551,-0.26167567260016444,-0.358812871555677,0.0804671557478291,0.21027473648708653,0.3732329911494871,0.27669555925074474,-0.2980884340544073,-0.21935129517962332,0.011078949274615368,-0.10403614688377032,-0.2669987043528502,-0.09883945773248808,-0.1913527605900932,-0.14877118774237685,-0.19164354574317974,0.16690739672145222,0.30727125214118867,0.3584180103198439,0.10768983405532642,0.055523305591510204,0.040158636925425276,0.05366853569168255,-0.055268829641121245,-0.13481182433903863,-0.07990112877434155,-0.09384436699588158,0.16551795746574582,0.05644708258515301,-0.006028531184834732,-0.24600732128000058,-0.3129551872691891,-0.1944272571206267,-0.21428656103820143,-0.04044123545186509,0.16307922167124161,-0.35265770361171483,-0.06895980708843283,0.1949656635714841,-0.3147780709187218,-0.1791451409217025,-0.31208612818849857,-0.11252318795327934,-0.14743910398842028,-0.038244475197137445,-0.01610621873639804,0.15988543494586707,0.031342596210285,0.0363746032367597,-0.038983217308378344,-0.062314191294975826,0.25095894194916746,0.02693782475393998,0.07714810172797598,0.49410150886188425,-0.013358127296505111,-0.26026442868157507,0.05225946583434779,0.3150178477392448,0.32104710085465915,0.025379366114221494,0.06755931279811675,0.4695848522088473,-0.21594879312405985,0.10632890097992224,0.20173840484955954,0.44504030578869674,0.19900987105191498,0.0158502801172387,-0.03815386652079837,-0.204125778339291,-0.13085247351771412,0.04773517468920033,0.09692693059327566,0.39695745685813033,-0.2857058446294976,-0.5327937356464264,-0.1572087840710906,-0.4782260073700999,-0.12342177624749445,0.08117374484596035,-0.4477620129694059,-0.6609892338621556,-0.029850908288180444,0.04891094490766597,-0.3404520312220957,0.4336296680386204,0.09909344704318436,-0.3742928386603772,-0.018165359813068518,-0.5209980759661769,1.5918834821231511,-1.1235021808449954,0.08842808925657289,0.4477313400717055,-0.6102485991844068,0.5549945094762613,2.1948629618401343,-1.2896126175439409,-0.8282915570630766,-1.2180252020901585,1.0947863129002338,-0.22191244275621072,0.028797393640547574,-1.5150044810505126,-1.612466514500481,-0.9444814038905466,-1.3941533487305093,-0.42056135336197553,-0.9843295778711643,-0.86041110930429,-1.4036656279417772,-1.5621835934113508,-0.6202421896561567,-1.1043321695217576,-0.5772297975042755,-1.3237391044988547,-1.1758992016969874,2.656600252280267,1.1514506802286628,-0.7220954321613331,0.06543950274278579,1.5127029452470073,0.39850434073951324,1.3450462916580137,1.1634580584090886,0.3176337295028989,-0.002278918945083415,1.7002361282502538,-0.07844529982886664,1.0619972761949532,1.0747191710256647,-0.5297298841718935,-1.6315338646702913,1.683403609610732,0.40804437166471835,0.5655879532371759,-1.5333362860103312,1.2643199582154647,-0.6755726105341787,-1.242875291102342,-1.7573766479046915,-0.02786944416155681,0.34636077447675656,-0.6502604417083273,-1.671717734170841,-0.6557124554388343,0.7009474506203186,-0.45555965631515993,-0.30562757505701954,0.968879559801086,1.588893425406168,-1.4123296383529733,-1.0923483835293992,0.10184453310784145,-0.3341024016162256,-0.8041066308300924,-0.746708391638076,0.4242256939657335,1.5092892827709197,-0.05563049769496269,-1.9066229172088405,0.9340161954827709,0.7773766199941894,-1.376154473446562,-1.7179989049211577,-0.11771238774703564,0.5359337780608209,-1.247896726154743,-0.667552049593828,0.31339867116181197,0.29005373568008014,-1.0383404054398389,-0.9514920011279929,0.5572768203371082,2.363020841194271,0.27400525356915273,-1.025784228085467,-0.30241191276958845,1.5478234466611331,-0.9008960527996129,-1.571576115510162,0.5353274024391,1.2388335287396368,-0.9645964698205762,-1.1028457606599185,-0.6260758854984316,0.8560525017166777,0,مريان
0.19184648801369808,-0.18042954490202548,0.0920641254115838,-0.14923320356192413,-0.2304814655761279,0.18060649563994746,0.072426092003615,0.42408805269535416,0.08202064578890729,-0.07471463231950333,-0.22437053203014326,0.19490031301860297,-0.1262000434081373,-0.03986277377582934,0.2630827514671507,0.06540419323504709,-0.33244024288842067,-0.34578215409047774,0.03489881180407003,0.1383117143954009,0.3637907085960251,0.07097389804480941,-0.31414490634609704,-0.1996775739784316,0.03396047926856494,-0.07764603939300978,-0.23063943727371827,-0.04513747307904119,-0.24247443012861455,-0.19311785275851284,-0.03111924755804865,0.1382605794088341,0.2284591318480519,0.4548277989552622,0.09405770666761779,-0.074426826505894,-0.06679862496995424,-0.048224178402307145,-0.08335856593563695,-0.09462986773381664,-0.1337984809812709,-0.13016564003367548,0.22113611956200838,0.07832501398862944,0.005057454752761554,-0.2708697951502035,-0.25887986997790824,-0.10926931547967345,-0.137221429043133,-0.07212314726469368,0.15439288410017635,-0.34970152266008847,-0.04624881188798451,0.16059501821766412,-0.2756757937424781,-0.12684203762024238,-0.26541863006672295,-0.03593959979135734,-0.18549304660356958,-0.05170041511142094,-0.04767592510284302,0.20862212380862347,0.10570759678493784,-0.03766206694389881,-0.05465024583704389,-0.06692449627893751,0.20298659077525227,-0.001057524045379855,0.012425409187728635,0.5020602406524389,0.06973546392100187,-0.1641760607234623,0.1569892769202642,0.17529657969566773,0.23704832788716984,0.05647066946809223,0.07013253907538577,0.40501513684647855,0.027342768918489163,0.09165123362045537,0.21686247111098186,0.30144479210463826,0.2914695919164365,0.06542132386373847,-0.1279012243098807,-0.0959467527382463,-0.1742717434650517,0.06193880901651017,0.23925815912246975,0.4106813513593284,-0.33763410636070734,-0.4230217466025554,-0.10275598952233331,-0.48754897381982065,-0.14305643886273192,0.0417189688474216,-0.4450125661991043,-0.6004710549623767,-0.0968062388862324,0.0785579615181788,-0.2828342850081537,0.31112685757723074,0.09546166416734611,-0.4194339537413853,0.09439900887228798,-0.9161902730303833,0.27207784241440486,-0.9866409116253614,-0.18357353146041772,1.14129514400691,-0.7032108017372245,0.5666303619299834,0.5261183168122912,-1.2607325700036278,-0.779055654346149,-1.3708075848354497,0.7425511514576703,-0.8567603455919086,-0.19152620509667656,-1.163610460192676,-1.6178548682523015,-1.3290798026834196,-1.0450660632975637,0.3292244001291189,-0.6754612034285006,-0.6515660913441172,-1.4412972431960578,-1.5682282302594477,-0.9681866082693013,-1.1480163195598199,-0.329299977669266,-1.4313150978830993,-1.0130160890707371,1.2504963713026274,1.7629704300042337,0.04108471529921623,0.20434445415421335,1.5004996257066106,0.7162645257714608,1.5097605156051062,1.3067586672457394,0.07603533879993414,-0.08151007374647101,1.3279574115308783,0.3530748948103064,0.6536077096193215,0.6480301108418773,-0.5459510438254658,-1.0007697377276628,0.8608877150062247,-0.03179709726839771,1.2296440778935471,-1.042327391025442,0.0882666011717947,-0.8485736220912833,1.5347715338815877,-1.9341844582074246,-0.6066643570051815,0.7808185628849016,-0.06482679268850082,-1.73627901087352,-0.3787204471494129,0.8809487218139462,0.27901978428550644,-0.45924811320203507,0.7066747752612283,1.6159090712839788,-0.6342459222085793,-0.8646329201782954,0.0918333225186686,-0.1112758329822304,1.3604722422409272,-0.3009327627565219,0.09657421901591379,1.8217838950744913,1.6574703053334805,-1.810372106701208,0.2838831511257684,0.9624764638301531,-1.3633899613072595,-1.3441415023547896,-0.46976067385526726,0.41405085451652324,0.9556840718964871,-1.0777530153624277,-0.4461610155217291,0.09329909414147027,-0.2908846183123251,-0.9348841296028139,0.5305430126252468,1.8332361918372204,-0.05907755433731919,-0.6778762150336989,0.08958364834617602,0.7654174323789328,1.7849635115390323,-1.5106155209061545,0.1264986455257741,1.237124439540615,0.25547747902924384,-0.351826450469989,0.29785911045757757,1.3729495287476454,0,مريان
0.03610078470346303,-0.135294980296926,0.13606661152375296,-0.11949081030278876,-0.3505367334291938,0.08544523226473495,0.07866865690327596,0.30255383537180713,0.07476675315813734,-0.0930476695380002,-0.3002628953825023,0.265815944531653,-0.061227421294599425,0.07688904989874588,0.13962646320439065,-0.03101207455352755,-0.3981712685634754,-0.40362784027431464,-0.01405957445437937,0.003033343502801685,0.27830634000332105,0.015326692702257448,-0.35093337250339535,-0.25033124431467035,-0.012378611832602606,-0.005890900886321359,-0.15362841955191783,-0.05055974669908174,-0.3036752498934176,-0.11100088929754139,-0.03803589089303136,0.1761967549102097,0.11630082800262447,0.45811247785200404,0.11431051859527995,0.07288652878478259,-0.015661757765363528,0.02635211560440593,-0.10714301896068681,-0.047284005493334745,-0.23849541522151185,-0.07663861817889968,0.14431036338075978,0.059083626161261484,-0.01817981818875146,-0.26788678336163485,-0.20845651661339873,-0.0525629269926144,-0.15923137919510544,-0.11244548969884557,0.1533414294833584,-0.2931727888605963,-0.06589311431740046,0.05746984015193014,-0.2456270632853477,-0.2536943023375388,-0.25578356533128277,-0.014027541900555275,-0.16115312426301684,-0.04366770899464442,0.18433091722730713,0.11839269219163229,0.004831494522004667,0.033697737261110715,-0.11955159059821625,-0.027138571317014797,0.2959971176310351,0.08836027450666273,-0.030112531950087312,0.5214978441794436,0.0754849746843966,-0.16410647272450848,0.14698038487236262,0.13842823140987062,0.16792636908479686,0.08919618459640324,0.05634791619286744,0.25135389320138884,0.09550703219376591,0.12752450675422286,0.17557335661884152,0.25178570212586815,0.23939320044768767,0.22064954315242905,-0.1590898734149903,-0.1083294906419511,-0.1555357741013834,0.014613984155659173,0.3212694053531912,0.3363474012615727,-0.30470791522163604,-0.5235762178180817,-0.16514187049934342,-0.5240641314091494,-0.16651487205363413,-0.012088142237449414,-0.3296918626380063,-0.44370333433590703,-0.06813949276537336,0.19632493765317727,-0.200093541888334,0.2629870201344171,0.06741830855497878,-0.4764963137206361,0.11897351750667386,-0.9053063759017498,0.29979277139657867,-0.996391310400507,-0.31487687694078736,1.1399441352246342,-0.5369586622056786,0.5632338193600955,1.5768439983153602,-1.1566368402111082,-1.0277144709093118,-1.1216211257082165,1.0363300094554089,-0.38425198155833973,0.1542537278716443,-0.46148551510118024,-0.9881996739350619,-1.2838765546201343,-1.1736281986653296,-0.49556307107402625,-0.8810283480051904,-0.5067563780591647,-1.3781489776590627,-1.1662360090570998,-0.39217350321464167,-1.09895088395577,-0.686403483786908,-1.3835549280002282,-0.7167057842459992,1.064667271074149,0.8724543379620652,0.08880943261427816,0.7209431796135998,0.6729624312505619,0.6822737325083555,1.0866256452286316,1.2866917540606906,0.06535173177936741,-0.3785740219944095,1.0514803487962654,0.4257924363237574,0.4418297715473674,0.7729511164201279,-0.30002731422444723,-1.2344188661977866,0.8088025289559021,-0.21069814084773086,0.9752985398923196,-1.1101182646809458,0.5558807554259787,-1.074480426308733,-0.45803181623865485,-1.5828734068356725,-0.5291258740135667,0.890780576589511,0.29930684079147873,-1.7455552372620842,-0.2876589342830747,0.6513394733014617,0.40360103315416535,-0.5249426830195859,1.1441102808546098,1.2775489625632477,-1.0683985293806604,-0.9735296280832687,1.4941940653939978,0.1151129083624486,-0.7576169970510215,-0.3265566566904433,-0.16758207254088195,2.164234525733964,-0.5363685194190473,-2.097280653400662,0.05881218585584405,0.9860977454758872,-0.9958194039813035,-1.3772023950254748,-0.474921964256772,0.2889342913310874,-0.21889308916591524,-1.0710317750716776,-0.007354214472467263,0.6860627806287214,-1.1285068393141788,-0.6614497454626903,0.2668587008476837,0.8795034345089192,0.5495506875993159,-0.7930899799487484,0.3143270344033002,1.1984276129461608,-0.8740220066724089,-1.5274236377555537,-0.12051454360161702,1.2651571759878546,-0.8508417682396742,-0.48685777652690443,-1.0050698258956436,1.5665253778608375,0,مريان
0.03728584435744865,-0.08816092105817601,0.07142335602905313,-0.06980675389414648,-0.3021260256580172,0.13386768206713143,0.12260335033433013,0.210040097345666,0.09980191289704604,-0.1702183917088984,-0.24895513547169124,0.1979135029061136,-0.034914152729453286,0.16101921606274036,0.11267810569904063,-0.07341677481892239,-0.4165150102165394,-0.3184964553341873,-0.057403582335421956,-0.012552260457397553,0.23452144589031235,0.15396294447884518,-0.3277594463773873,-0.23662958118745955,-0.030654029286901047,-0.07309351292453674,-0.19206906010836525,0.006728266078194728,-0.2546353652899426,-0.13126308594479336,0.0821081171020096,0.2222232848116831,0.09198562765256911,0.3248132546356932,0.17546720495985862,0.05442867321162386,-0.07899879361816181,0.1099998058751771,0.07024297288138791,-0.0954528101514402,-0.2295759060157723,-0.07143440362688148,0.18141543528498802,0.05601818312670728,0.058622162848632677,-0.2564744355289081,-0.17607799959853523,-0.033717346797810764,-0.2386245877826782,-0.15659695249747324,0.09214816345551827,-0.29723376556886605,-0.06297950087685292,0.09089530328214221,-0.17738495765250342,-0.24072779314286635,-0.21482208504730543,0.0397871903344483,-0.24610473651404394,-0.10681334988378026,0.2642168718074465,0.0609113081657786,-0.02369722000272639,0.05672517516243118,-0.17914875627168123,0.08452572149569884,0.21474592077535246,0.09115487614925968,-0.0733553178216516,0.49743889790509255,0.14356672698551073,-0.1740848581490328,0.15052816551679174,0.24449017034295256,0.20301399611123103,0.018256273739796804,-0.07420456393928263,0.19359775426902673,0.16407886160775936,0.1928116109801754,0.16706092550825385,0.3165833894260626,0.11230903257938257,0.19934565447151495,-0.01090552661113722,-0.1474495755177645,-0.062261634388720385,-0.04423595048382466,0.20698666984713857,0.15686122163032948,-0.2740143184189314,-0.4487650227890107,-0.27167762369819665,-0.5382969359812986,-0.28473145354926876,-0.11419270705497878,-0.22960530871327978,-0.411216616278633,-0.07291973019123665,0.12638118152411812,-0.10256684327546096,0.3276829323784089,0.05995550610574871,-0.2649793712372687,0.125813627233748,-0.725024755672858,-0.26605001811312934,-0.9680135754815854,-0.1679776203810693,1.246505560757968,-0.2307686788674443,1.1886410843715405,-0.1198637987394308,-1.1256379193891923,-0.7460634139025596,-0.7298499681327492,-0.38684771818941466,-0.0811332225926293,1.0111415281826226,-0.5739874463794213,-0.8316200725840939,-0.993549773393487,-0.8994615894333668,-0.3787563358370854,-0.8930365794752011,-0.9577909146758485,-1.131302444613436,-1.0370109355294583,-1.090737065385105,-0.9782818458316679,-0.47500003749947595,-1.4477809366909258,-0.4435465005394519,0.12557507042067823,1.1755393932361302,0.4190783195504372,0.4643814849502866,0.5539912969842212,1.0628469549886883,1.8722227739558988,1.8778064269004697,-0.35881630216352584,0.21938166303879994,0.8621660270856666,1.1561196624452568,0.06834368754788366,0.7571357952870514,-0.8479139807945651,-0.6468616269953229,0.2836926921694753,-0.10348807118463609,0.4752276316583305,-0.9096863162781019,0.21845115528034953,-1.2622693267455762,-0.7442608905735532,-0.9810988869729285,-0.6496877260598649,0.8012086370783144,-0.6528748054137915,-1.5887072791952659,-0.3530896617917663,0.39259961700839113,0.6178843060237205,-0.5872886025263334,-0.31023327829376834,1.1934890016336275,0.45040365513834124,-1.113511994646818,0.8654733234299918,0.30756512570982186,1.8745124057079572,-0.6829785450510959,-0.3598043616672977,2.5511433425872023,-0.38792637660964335,-1.7900876692425645,0.6473474244089383,0.4816533976439407,-0.76385950029826,-1.1895515484572152,-0.2787549463097272,-0.25655928980103804,-1.3734453365983441,0.02459989195976426,0.006545119553788105,1.1208792580771487,-0.8600343088233744,-0.9101305870849262,-0.4344637003481839,0.4806494492926553,0.41036996802127734,-0.9349265251371806,0.4908689538391712,1.0767669976778875,0.6479821281272253,-1.342924541296505,-0.5804346929240706,1.0368114626111196,1.0406083702075304,-0.2158385520872077,-1.240394278936049,1.0704938164250128,0,مريان
-0.011819890559080538,-0.003549370065947558,0.03253482888990203,0.03434136400976295,-0.21824739551463476,0.11586776814944359,0.053521898091704864,0.03860040196359354,0.007108379189245653,-0.0029925555378774262,-0.15516050113221275,0.08746023000706875,0.019581565545504165,0.27836947316582084,0.04663751205973959,-0.034734546929252645,-0.36575229719964447,-0.22010093730849536,-0.10629335316209408,0.03211327796886259,0.22083850557091733,0.18822097290372625,-0.2140720145486469,-0.19681938966443918,0.08428327649526056,-0.139583765386871,-0.2442403789073545,0.06252638894695382,-0.20457146218051098,-0.16618987439701277,0.03850038391228198,0.31563349855610684,0.09321847047230257,0.33228861929735803,0.22141162260159755,-0.02367042277943592,-0.028248134655289022,0.20214932306224906,0.023076244622368763,-0.1250688998421798,-0.259113826129155,-0.050711226530646615,0.1503504369593399,0.06071846096269759,0.10864256030929613,-0.20818798321062343,-0.1115247480888605,-0.04298822720355368,-0.1975215429670413,-0.15956630287714177,0.058226037474180065,-0.18120128343092876,0.00021039779805974426,0.07416099371215877,-0.019114875304939962,-0.2635241637626858,-0.257408547970691,0.10784247036259395,-0.23891467040326617,-0.07734973652202413,0.22895557780194997,-0.008645763427207603,0.05850228138649176,0.044213466220033096,-0.13269662576883728,0.03306310583627198,0.10905689241721926,0.08419599654320019,-0.09016271485583863,0.39888874366893906,0.22629885329734759,0.01912254812561272,0.12786006479456785,0.24520137354349836,0.047374138333206306,-0.0069372729208594,-0.0926498605791653,0.2026426181534535,0.22138352590435884,0.12954815016520485,0.16568686057154525,0.2545222310204809,0.078399010169079,0.12926549942486937,-0.007629222117185702,-0.26094860273384124,-0.15217968409770183,-0.0009003762152047553,0.14182127362784702,0.1524714321667791,-0.2252875542925917,-0.3178657483325435,-0.3349226115592774,-0.36699297755897375,-0.22418618495238138,-0.09357253150692744,-0.18819846254233982,-0.2621078929718462,-0.0753836524037043,0.047989538781049314,0.028620623791702285,0.35176603877457135,0.04111975135323523,-0.1626668632672803,0.16539073192490564,-0.5435130828989498,-0.17523869471153444,-0.4868704638575074,-0.6725067392462115,-0.14176636912080465,-0.5851648944059471,0.03135536150857684,1.0572757256880772,-0.40195547903387435,-0.9812115330429053,-0.9154241019043832,-0.48127865178565665,-0.019545480042882733,1.067493726136921,-0.4883456860790662,-0.38445646555799584,-0.9476674416654689,-1.3992754551576632,-0.694104491242959,-1.0534360142156527,-0.7787017567277699,-1.7548615518257182,-0.9111352240830867,-0.8319317337154459,-0.8708335003593866,-0.5635676159553422,-1.3809114416883288,-0.6529308875857402,-0.291343244473004,-0.21743128078889237,-0.7043247175320001,-0.4066308743922873,0.9582682874668706,1.5443608020489537,1.106464045777154,1.0613058788202734,0.05516366604293368,0.00922815389248139,-0.2577896376966178,1.3983567239861863,-0.13951637601815967,1.9755471242175378,-0.212755027628158,-0.13083982260452523,0.6915198963994448,-0.024774907718664228,-0.4829583358242608,-0.9707265356844053,-0.42035281501735766,-1.5859784456155042,-0.3161884640131791,-1.3428751912158379,0.1502012000292871,1.104624465145196,-0.1950969765289545,-1.3497766412202663,-0.4485557458155653,-0.011567251322429367,1.2064210338691452,0.3011279317492799,-0.43047051089649135,1.1701710134673409,-0.5920727739325347,0.08456016999567809,0.44429404450872345,0.36847111453708087,0.1032782347853408,0.49758618162840584,0.12800716692535824,2.1156161428448454,-0.082575599093834,-0.9790733061386026,0.6166032806423677,0.5046925173447514,-0.7861143034626813,-0.7799774992977041,-0.38067133999876307,-0.276194662470096,-1.309040834753643,-0.6091089512912486,-0.04774087656308679,0.5719673689212335,-0.5660090089213085,-0.030033433378841054,-0.48673981909334,0.1586217616525618,1.031266775270204,-0.31916135817499436,0.7406422501021209,1.2471402345611222,0.046362280684841065,0.16426085479362293,-0.873509476026059,0.1145322620059623,0.26362933078493206,1.3556268514960776,-0.6249712561060502,0.6879824891851832,0,مريان
0.04014264851974581,0.14161718141082913,0.09439442461118669,0.1918705050934131,-0.1861053104546492,0.18947024493843964,0.06671893960789256,0.10826661690880678,0.1295547471616185,-0.18919844367201089,-0.17699131069770133,0.02552749492523463,0.06266034586746329,0.25900208811075637,-0.005125153898683989,0.036570774078809425,-0.37140533712544466,-0.19184755971152245,-0.011046173326157574,0.02489786886767078,0.10267382591023902,0.12339396071990949,-0.13723999190467592,-0.08314883968592546,-0.0027744733519545427,-0.35223374502909144,-0.2939765136941635,0.14308334241418047,-0.13319621372488671,-0.1486752903500848,0.16633636111875524,0.31200063474223927,0.21747493534741422,0.2935777754820841,0.17634860053556128,-0.02538197477850582,0.034437310755871586,0.18933234314915837,0.0413461495670822,-0.13337556457938204,-0.18646396917509683,0.027334377701510672,0.10799386596320332,0.15413002254449704,0.148320687252397,-0.15154571606480263,0.009108761024584206,-0.10429059935904174,-0.24684334484211085,-0.16858608487196203,0.0370170027511471,-0.16920021306436087,-0.03376268629323143,0.05690487320596975,0.06374366692760432,-0.21347749757569492,-0.2284864460800237,0.1619054964670706,-0.26586199626171847,-0.128865877937629,0.22549084555290153,0.07052041311653347,-0.0044515974794081484,-0.023008468990415164,-0.21040229458957235,-0.03685816858234129,0.01543188403970059,0.16492343446389873,-0.12736518282163892,0.4089317955399958,0.20688505015886255,-0.0659101085188618,0.12060752165335624,0.257529064439517,0.0758431297977708,-0.055350982421327646,-0.05480849186083442,0.22803489217647227,0.1752099104821059,0.13479635087380087,0.12327299739819482,0.20806070185300668,0.14267746754987845,0.09075871078952338,0.06414889158420671,-0.30846381014508006,-0.03229937181404898,-0.03625729833518551,0.11310349234987196,0.13213627955616689,-0.24086111302363183,-0.2666542983086131,-0.2587574303284425,-0.3829566534071298,-0.1621090855305324,-0.2758728852695182,-0.10014626970740947,-0.12560224918230942,-0.05023127009976603,0.04557746729325601,0.08156554672703852,0.3205264904442493,-0.021059539289867084,-0.15829223995006184,0.24094946206628087,-0.47759709594890104,-0.29736460401979586,-0.317292946985786,-0.8539284674634321,0.8684461428073906,-0.114126228909392,0.7260859027479103,-0.9243468633901882,-0.1948933708363055,-1.0407346054079976,-0.27673138195489805,-0.0554256116508305,1.4346304437727748,2.2271369897133018,0.020860622002485292,-0.5692871818151783,-0.4375013337772023,-1.0652187573644187,-0.20367299200675532,-0.30469150449751836,-0.05011402968063172,-1.0528173824296465,-0.6802704896645378,-0.8181799629431434,-0.4892954005456805,-0.35176374011135764,-0.7286659757499467,0.24116029575551098,-0.5027090095856919,0.17703004399085487,0.7123448564311708,-0.1577917140450996,-0.8391637368642914,1.523642951702101,1.096802190215156,1.1384627328178734,0.2523916842252349,-0.5979790428489394,-0.9668600794789786,1.3487510959247728,-0.8057258904526501,0.862802896973197,-0.2384877114056536,-0.3006190014429684,-0.010447097692646418,0.46434109185354666,-0.2606994146403456,0.10773334704661522,-0.6978336927943358,-1.3535248704520857,-0.5370512524916345,-0.1886763180977117,-0.47634554703378795,1.1919599532105314,0.41264854638367676,-1.3615880660782198,-0.26575549645273044,-0.01642637453813621,-0.8930636547089772,-0.22992510774154323,0.8949068795113151,0.7328008205013053,-0.9355529198907264,-0.32979083384569813,1.055409657597637,0.30714780991827445,-0.6651064542518806,-0.032863889680928154,1.297550818557266,2.016593205531721,-1.0917172648013946,-0.5208905562044968,0.6434415711856053,0.870643049731102,-1.0494640855733137,-0.9201184591021427,-0.2981757808753777,-0.3096276916172804,-0.7729142786260791,-0.548624063317902,0.14214294294739177,0.6745006478839446,-0.7089226017155659,-0.3801520473442242,-0.9424034834790705,-0.41250156959896445,0.18646320740225863,-0.0012877991603471685,0.39982497926127564,1.284659826873869,-0.5103801823977605,0.07516635201680864,-0.6007224205842898,-0.23464571554161273,-0.13131437979597418,0.5111417794290632,0.7435818006331549,1.207898837332709,0,مريان
-0.00862385741411578,0.17912262373178314,0.07317827402766501,0.30508279186576737,-0.21404951769432787,0.15878001292892674,0.08687094845767096,0.0707943488310187,0.08812765024771273,-0.2067829786910813,-0.06791817266744746,0.035121831559824374,-0.0023194052696682427,0.2732648453239237,0.019560565008527233,0.050094947867276814,-0.2907478878339593,-0.15142219281105626,0.041982688320754885,0.1689244064737061,0.03952967549370992,0.15923452713373973,-0.13337830299185566,-0.09157967965218199,-0.08031126269387931,-0.3285493330621291,-0.2705896513315776,0.17768404018929732,-0.03257027683964425,-0.08175798582681874,0.19450945345539036,0.3249876802037732,0.2816246077394521,0.2292605837209272,0.21723154079351137,0.039310581312475536,0.01487833810941114,0.18022658975101397,0.0076480020469029035,-0.16947904253518212,-0.22026148324930833,0.06068469442392719,0.16692578377033734,0.2682185747278443,0.21080412210452174,-0.06605128376725182,0.006025132581595152,-0.032979933095906605,-0.24229622281086552,-0.07963593248168514,0.035446400810711355,-0.19759280792091763,-0.009392567324311978,0.06491934668644038,0.10751257612526992,-0.19260208824028147,-0.15620390900129483,0.12924073706479292,-0.32050435126142945,-0.02941523931785194,0.29403149316724364,0.18258791469689578,-0.09201528059113358,-0.05225627353227295,-0.24517454235821787,-0.0072245329337316715,-0.03381635440784829,0.13127233704474248,-0.1169302844659591,0.5100675921897933,0.05139666972872608,-0.11188353121282452,0.1691772267452118,0.13262768817255333,-0.02895774170942479,-0.08112354331384287,0.06987566325679878,0.1688850410221351,0.283516532396846,0.19887056793384655,0.09394708784248042,0.20155275010263654,0.18031389422316596,0.020422299218099484,0.11810234699444098,-0.29964898781785665,-0.014815163556782966,-0.06217040698332164,0.16012049673859857,0.14638849397196033,-0.22018456061505162,-0.07786258258629464,-0.2196488749858643,-0.3977082686323823,-0.13899794557397252,-0.36617925516709365,-0.07206931357369066,0.0017067574066301717,-0.16264444029292482,0.058607115606639434,0.20591779846204794,0.22592218983618492,-0.03842293855045187,-0.06973854045073836,0.3845829492374686,-0.0630028206556578,-0.7163973197228127,-0.1784708451512799,-0.9066050144891642,-0.2971002710269853,-0.00732648655165304,0.5018834332170593,-1.1788223053374631,-0.10945036886836983,-0.6917876064757991,-0.31804749258862947,0.11287904435971452,0.8445808232589802,1.8834908876799248,0.16634938764787194,-0.40596158670117066,1.033883656211586,-1.0682422330474346,-0.48053768241236944,-0.34616385729220495,0.1881026657119601,-1.4063560810113023,-0.4672279280888863,-0.12099631372400556,-0.019584994774036687,-0.22253763482409264,-0.6111434445873313,0.30853208796541626,0.6130371122901992,0.2396738097461527,1.1495954833983593,-0.020007514799935025,-0.7121452568816786,1.9499344216117669,0.5475994257254122,1.2960782753180666,0.48984630437517757,-0.5199723797989635,-1.3872516266443566,1.843430340233395,-0.7542313801171646,1.5361966476959517,-0.404545899858014,-0.44176017222570985,-0.7923606789744078,0.36961082476058765,0.6739495653610962,-0.21181021571804184,-0.5822955680038652,-1.0279838415192888,-0.7499044601912112,0.1055627065033402,0.16914796259048126,0.7703302788874278,-0.17882658492775919,-1.6721015807578044,-0.16486032873354103,-0.11364292869435762,0.6660391321579282,0.12533330019532066,-0.5253407837591559,0.5121433221686152,0.8012379356930729,-0.508548901090189,0.9194428555374384,0.25612229263428404,0.893154190517654,-0.07271218875404682,1.134854644640036,1.519983852291791,-0.640200171245118,-0.7064719555393032,-0.018004120245281606,1.7332244887250816,-0.7047885580668243,-0.7260422691137995,-0.0631533027683063,-0.32722323671765874,-0.929660482387758,-0.3466039991682754,-0.1611019024033934,0.22942200086752973,-0.33317511482730533,-0.5360298999099491,-1.273798018931226,-0.6819367277800632,0.2692156361129052,-0.2736054475671578,0.38487831157579133,0.5703783209274417,0.012028098090610322,-0.44566842446624194,-0.44537380153386863,-0.5129997361101727,0.8377168548709201,0.43322768522156874,0.8918202142593817,0.923118780657036,0,مريان
0.07921969988854621,0.17818626212163544,0.15129222295291836,0.069191869753754,-0.23383263555161496,0.19575610994163814,0.1667317782008987,0.1624095578635508,0.05173242335290469,-0.11049012080959046,-0.016081680013353087,0.01222468699657671,-0.042000560934555925,0.29425641737555863,0.09983261485229339,0.046158432857363846,-0.21833494378973997,-0.11331633356979794,0.025305286023875256,0.15556185602346895,0.16934070605385826,0.11711858097102253,-0.14334515393890215,-0.11456250986382849,-0.023033859837171926,-0.4868011674591072,-0.2366355197632619,0.19921423436809127,-0.1549761448975433,0.04861728811999356,0.28543532601268634,0.39154704418168795,0.3177332026638274,0.06458305290143833,0.13453500863805834,0.06629356828831234,0.06374684051478728,0.11804028700357276,0.026031394504925434,0.04635358587575858,-0.26807951486066517,0.017929926166610842,0.10143859686008022,0.15537648445366137,0.24330849670862187,-0.12638933183457055,-0.1415796833403836,-0.036400244688272014,-0.081562583897645,-0.280234980207638,0.0186844587319388,-0.21133561729415482,0.0048472064554474946,0.12504929501300668,0.1395841319821489,-0.037242137636422416,-0.12013782906684418,0.18467598626707354,-0.35121086916172306,-0.025655366930072605,0.27438696885727876,0.15088944801394427,-0.14351866253565002,0.04232834794859027,-0.19300037991400312,0.043072337053977616,-0.045476998508851056,0.14419846075227685,-0.1056256954312221,0.47022463993102814,0.1399622677686346,0.01613749439074575,0.2582016705127882,0.18370340969921975,-0.033302418856256524,-0.0929818781014628,0.06583305746559183,0.11918439494724477,0.22644303729220452,0.267813848652562,0.04165575969323065,0.09000307795127419,0.2189514770152438,-0.011590471025582647,0.10863282614682696,-0.27981862675792585,-0.05939303660499545,-0.08153379244375449,0.076541520348149,0.17928304330469705,-0.13144949718528598,-0.15691038971171178,-0.2938954118612574,-0.35291199502881354,-0.197212355526704,-0.31595156465894214,-0.08492644068042847,-0.1323820900954234,-0.17070340992334276,0.10083390554112626,0.11679805118805882,0.21640125008222394,0.10801143145525963,-0.10016279119003858,0.3377309798877118,0.5067363349165503,0.47523551530176605,-0.18647080446585368,0.14028021874200786,0.07421250670853335,2.6391150265006145,3.1857217400678306,-0.44824761163215027,0.14526356932889656,-0.25870231936696425,1.364943015678733,1.93043669150014,3.2526473321863154,3.8179108221283036,-0.026199904196096996,-0.16325932365873186,0.6337241152021912,-1.2320374548643158,-1.1039159537505674,-0.6324984552537259,-0.18737565409697043,-1.086448019353783,-0.2640363506900826,-0.7210259305563615,-0.4269151696495241,-0.6062678491826999,-0.5955415270066915,0.013300448651697315,-0.07092848539779059,-0.23829994374121446,0.7818561042198899,-0.12179725189891155,-0.5715104353460295,1.3511851953433462,0.4552691305020241,2.16852718473126,0.12637856171702047,-0.04057945522765951,-1.5939601506309344,1.8055200618506133,-0.6586087928321191,1.1352068232094543,-0.46808386684426473,-0.3977426733983037,-0.47729441096782155,0.7657117722412612,-0.41080793148847,-0.17818621629528192,0.07747074322794133,0.401135263204524,-0.6283773593787082,0.15444642478846138,0.3671289876876618,1.435831355066223,0.028908194723598644,-1.4903522256168737,0.267350332304415,0.5867864050846505,1.691819504842209,-0.6393781828556062,-0.2050097996990026,0.7858405419146552,0.17997857477754908,-0.6181355296382389,1.035370830556612,0.3888502177923939,0.6983749192215362,0.12145911065967521,0.7295165474446274,2.0752621605419725,-0.8589282560390044,-1.1647583602466025,0.4018386577324317,2.036541044337292,-0.6005092435361734,-0.5484901354402342,0.025991971109694124,-0.4180255676330952,-1.0396891061004216,0.04173190298698888,0.28198175599724296,0.4423783875220764,-0.36992945398655513,-0.41538328982584294,-0.662428322662652,-0.15132201392676092,0.0762225565592457,-0.0881781885060707,0.4001347310097156,0.6209010959640245,1.4326513746181617,0.12588429373868515,-0.5917539575087911,0.16773676387998904,0.4492287621559985,0.5088010535318359,1.453523296628541,0.889037657158146,0,مريان
0.19650865208562196,0.19112711639232355,0.17179843822409327,0.15479570467973044,-0.11487400429598033,0.18845685279414215,0.1510046526152121,0.1910725839888493,-0.011354623070298888,-0.16940745552868738,0.04993707280926301,-0.08469920635215768,-0.06663012217948026,0.2544379676675267,0.011883310034665766,0.05589188677123684,-0.16018015083922013,0.03626391057268026,-0.04737771530718365,0.06239532026487386,0.05060256091300682,0.05653984976479832,-0.13694656029274674,-0.08379171722116008,-0.029968356744695154,-0.594967277707652,-0.23598499780801804,0.13416257364021272,-0.17572997832958942,0.03623758912170594,0.24682342895016762,0.459140511892379,0.2892831738516091,0.020246506028877724,0.09218605216633868,0.05234367507163902,0.08267629130535369,0.15192836778480254,-0.011235474008941876,0.031131438165335618,-0.30167365998062545,0.0737496384582582,0.08423774039560152,0.08189290150038703,0.17781506704587347,-0.07809271834939677,-0.06786135883543037,0.03361469256874719,-0.09919436837878827,-0.3462246151557437,-0.08006126842886369,-0.12268945278013285,0.09943432982146103,0.027341241672899592,0.2506863496700306,0.03633806778813855,-0.04402885048229093,0.19875340746199677,-0.29276627370076824,-0.08547324701900914,0.3306322300955399,0.09537777986167466,-0.14925351835550793,0.15722456239574759,-0.2121498543581651,0.06518179574359625,0.04114137932166805,0.076612869937605,-0.010111262219337613,0.42988377392350663,0.16128052670576465,0.022828436538151548,0.18549971400880824,0.1492900609215962,-0.1234123887724473,-0.10972651502433135,0.06038425096317756,0.26544216883802646,0.24053405546520068,0.2697737632950903,0.09647544507260702,0.007805226281217084,0.2298473617451206,0.019537532252369334,0.16721615165754622,-0.30194372779626305,-0.07936095907385204,-0.13128437356253078,0.029929946226497518,0.31462418899923666,-0.1349521807179203,-0.2484972827052945,-0.2911567230839195,-0.3109109979441593,-0.18392780185654617,-0.3294792733668347,-0.03407618898210309,-0.14907777634034633,-0.11341145345882937,0.14314406000449872,-0.007154477870009116,0.19161451278663305,0.23258494264821744,-0.1845976353932343,0.42130179277600693,0.278291154103834,0.6027436271797583,-0.10711856251741639,0.2009961186814665,-0.03721167316902011,2.2078225841235066,2.5686064630794214,-0.7870415143214208,-0.07089338967402363,-0.05373860399292952,0.8187017661033885,1.5388009138849914,2.9820490533189465,2.9227513071750115,-0.5856285355721507,-0.8084905143508953,1.3416508648126808,-1.0025163124384937,-0.3243842539186086,-0.4486990434623417,-0.06276643482501615,-1.6118707608756828,-0.44713285397975333,-0.06858731486874844,-0.07190956534835313,-0.07908277671211515,-0.5134011313628941,0.18447298260063305,0.28487580385692507,0.3960500030366504,0.38470455022462874,0.11791004226205573,-0.2743006700419717,1.6357352845199407,0.3549124877849663,2.312588485350496,0.47524270481281417,0.15894353411180917,-1.3531374569338717,1.321391468219713,-0.20897866398949966,1.686461598227068,-0.47429382460909336,0.20090682783188493,1.6186347136803252,1.541778601752237,-0.48753806325695537,0.8076144223315801,-0.3682935059245516,0.4838186356798645,0.4412154378641544,0.2030068979142252,0.6978550190472227,0.8429781709665503,-0.4127080423486331,-1.2099579709065582,0.6124712368719909,0.6839670046715292,-0.8875412459232471,-0.016669469250308412,-0.9124642373425608,0.5231473895926798,0.0770433741720885,-0.8772300311492836,1.0985189569822003,0.45740606379349363,0.9533931838011629,-0.27733650848737507,1.9961250371385502,1.7030011138509034,-1.0310242860648378,-0.036921446262317095,1.07839150048468,2.425488745889698,-0.6800417701966037,-0.008379554543145097,0.16338218330583798,-0.1559472585648481,-0.9966532677091621,0.06340338819371863,0.23828518198598464,0.489298912512996,-0.2174552314563956,-0.6404191255777761,-1.246558099634373,-0.22892224457033422,0.14716954583888137,-0.32984434771963284,1.7619256778129453,0.6864223479860558,1.200163046594885,-0.06463419081803123,0.22849662342274932,0.16440986000955854,0.9623584427128019,0.4298963007910152,1.977150395483677,1.3510396280711385,0,مريان
0.20371574155230893,0.11523885427917865,0.18836491930147195,0.14787166062970208,-0.11477134486743511,0.1841561914224581,0.20828419608829135,0.23569442881722588,0.048592052929707086,-0.08951943291782198,0.07420404898023406,-0.058754847183889576,-0.09025835947629446,0.3051421553015896,0.034272660476526225,0.07056518456882724,-0.01954779849857451,0.0920155181972296,-0.0922184339625966,0.17098596543181094,0.09529763318703992,0.11660422231052195,-0.18824516635078828,-0.06434583443828244,-0.07328267919707239,-0.5056183806960404,-0.17823328684891837,0.05692275511132457,-0.06794090359097503,0.09880445253716584,0.2070927378965595,0.4118094941883848,0.31361863455620786,-0.015668019198892744,0.11076735640029915,0.1739742462281393,0.09851392074423158,0.280936691124443,0.06839240614491617,-0.0013556946277074875,-0.2367664701373508,0.09242886721337372,-0.054475378635764765,-0.021514596110434894,0.16806322058521309,-0.09016879713444147,0.027320800951667633,-0.045135229453619176,-0.1499344349367183,-0.30619286163691023,-0.06331892702569836,-0.10739423935394922,0.043836728696487394,-0.009495455626498398,0.1899219215885661,-0.0643644571013214,-0.009335451086640065,0.1733239247816399,-0.28437004681532363,-0.04742535800937866,0.39097242344545335,0.14447639948632865,-0.19008402563026444,0.09427847854121311,-0.19214686013362053,0.036579209069014136,0.07552033897801522,0.0738452553818224,-0.0031195009946273573,0.523049835919832,0.08519743693475927,-0.11599535263767186,0.20333422736419318,0.17647317367899765,-0.07703284468212887,-0.15193265462753974,0.0017341561663739063,0.3979204792797992,0.18324616580970832,0.1747270021390497,0.049515265854537256,0.057611639483998986,0.06341321079916735,-0.07843811956031116,0.2107959601424919,-0.28672962210550257,-0.11759220631455193,-0.1807094590104663,-0.03428783027205053,0.2656480031939953,-0.054142220647282024,-0.3271235815961444,-0.2926474620358218,-0.2924918161813578,-0.1924706452351011,-0.16952848152223868,-0.14263684851885353,-0.2184904095545248,-0.06526269994810438,0.12241308613237585,-0.013271661532842058,0.19531209600583196,0.3040305885791216,-0.10921054674466206,0.388466436349398,0.6038895947279967,0.7672883922537527,-0.20833453864374724,0.07014839104346271,-0.14733652897773844,2.7477208073753085,3.0721016837310193,-0.14514493032694278,0.5031227566869041,-0.006220395905370085,1.4239257067892688,2.3834453977552914,3.666162607944046,3.008458461265132,-0.6738901107972206,-0.08282117330230962,0.050501254988527165,-0.42593272703075746,-0.7328116010148455,-0.6155861489169836,0.05221364042499839,-0.6141605532174583,-0.2542120250794569,-0.6200784962047108,-0.4498353393833249,-0.6594017764233443,-0.24921780985623876,-0.3327567754982422,0.9218998117977493,-0.26786124548962015,0.03169120315979799,-0.36818432648963867,-0.6096040951077822,1.3993812499904559,0.605048526664387,2.6589308367165256,0.5140628763082005,0.173455616548048,-0.8869624459176149,1.8725416192195117,0.4282305181173124,2.2627917368177273,0.21565817505892748,-0.6661706752154918,1.322812612956611,1.4343405766332518,0.8070214946217783,0.13575874459724002,-0.03088960721468903,0.30332058099974,-0.09063409010764105,-0.1525488904027877,0.7084325256642627,0.5808740975909656,0.2800084816349789,-0.8605412879670838,0.15670516765465162,0.39446093170242547,-0.2487061278664575,-0.5277067205790448,-0.6526119075794605,0.513452291650057,1.0275713790450178,-0.7676894395128596,1.6912242805791817,0.3818003790594667,0.8669058808975109,-0.19686056430210805,3.3278625491352622,1.250142505632838,0.15038073769587024,0.22914252631331875,0.9874076192004206,2.637464108956287,-0.10589058395067076,-0.06954227181571532,0.24385064235260603,-0.07610785750413372,-0.9022563101809724,-0.3466675929706785,0.8519771264478753,1.0812245924555817,-0.265501503572063,-0.5525200086975264,-0.6640420290530066,-0.4457685831654563,0.15370408789166684,-0.34966087100556353,1.2763866524122378,0.25905322939928616,2.9496823075294554,0.37301178874295493,0.10512272682189784,0.17894571766014686,2.269169098048786,0.14561392411138027,1.955523831482829,0.5574887333474635,0,مريان
0.237916170007257,0.13213632366570363,0.2352219491101034,0.11125498791740993,-0.03284287480794098,0.2447105346438955,0.09444535459205386,0.20168905061085443,0.02891926011231823,-0.11239649687205722,0.028637192897047085,-0.08892951477438718,-0.04693980585104508,0.3279579212020302,0.1265224330512508,0.15927007997440185,-0.037857760973279926,0.07909489480432648,-0.14411516235209562,0.1609859690347579,0.07526533723053544,0.21128858759161476,-0.20284602929888268,-0.013345613874381093,-0.107794829881461,-0.520034885462166,-0.24963260334475074,0.1330867596684948,-0.04959426120113883,-0.0213305903999847,0.1090789443027354,0.347322545541155,0.27499194453282755,0.04339649846498481,0.11165268418960067,0.16637244556474629,0.06103399371959143,0.2083648737418742,0.0879855018530095,-0.041025142011441015,-0.11785003825802157,0.04470647216893611,-0.06785253902368485,-0.03153695126827427,0.1758148056315725,-0.12105322203202679,-0.006433184557022683,-0.17887799470158972,-0.10965387314589956,-0.23504529286489037,-0.11250413163605526,-0.07736876004281903,0.02845771230836844,0.06584294087879339,0.09615660572562823,0.0016347913974132581,-0.038684069744200224,0.1606194005501448,-0.24695262782154798,0.042383945017751286,0.27491691503175053,0.19244809126038115,-0.20935916251842862,-0.05010294078696659,-0.10607753998996525,0.03561066090959202,0.05112382492355145,0.058787915809011576,0.046837124666471004,0.555747061581408,0.1499483661301289,-0.08933458159775329,0.16421138866358811,0.1486892974312869,-0.060872751987043484,-0.1286744981225328,-0.022106820154947453,0.5177209609078532,0.20618757030137308,0.07583525718234986,0.0479365529759999,0.048042706421667455,0.12724930535790588,-0.1865491263354919,0.23819871337629675,-0.31758186107855685,-0.11733317669489297,-0.19259609091694355,-0.132528488405532,0.21688266575527715,-0.05032889016518434,-0.3527353834895855,-0.2621852511513177,-0.22902520027067405,-0.138316054725651,-0.04130526259450032,-0.2382104800933955,-0.31708346958381023,-0.13768210012261436,0.029595730344321575,0.009173604477804574,0.1891195013391724,0.31060216519830264,-0.05542520149047902,0.3940680343007403,0.7004755057171447,0.9163349948638608,-0.30132727706516055,0.0667831164081652,-0.29853078115523113,1.6900995802659826,2.4019693130805697,-1.0478677853682186,0.32918907384664364,0.046421020161553944,1.1464343020913845,0.8563960841178068,3.332412690945267,1.5302415154663354,-0.497840593299638,-0.5423708198038247,0.7092614355640902,-0.06336815668796672,-0.06565332608682976,-0.4216269996163627,0.5175268775252577,0.2640491916292374,-0.49802728519506295,-0.15376259165230088,-0.18996318294384185,-0.19880863608788876,-0.08121045261878995,0.4718280762561012,1.4935561513405395,0.7564742822713236,0.6497569224827835,0.3647921896543322,-0.4280806553035396,0.9585148276610416,1.249422517697546,2.4866987735679276,0.37960438938643665,-0.0469613876472565,-0.41889974158424464,1.3757219637990161,1.1040026466593833,1.1738104479899452,0.6502165869546973,0.016275841759600507,1.3736239595110515,1.7714753163045358,-0.17060454098019032,0.08789169471479184,0.628254574888334,0.3844567628278824,-0.9507766811133446,-0.035049003549921555,1.0779163241890146,0.8127726742314,-0.6946022160427611,-0.9214604288504475,0.028810028874101935,0.2918868570914862,-0.2552436118416329,-0.5183751407767766,-1.4767107001268969,0.36271859968617787,0.02390884232637258,-0.46785778287491797,0.4109819029635342,0.3661066158756698,0.4278931091269507,0.3010887627649093,2.0791400323132887,0.8107802778425311,-0.13582307033893107,1.1966595549471357,1.074343657139533,2.5246548976185728,-0.7127309124344621,0.37203723663790184,0.4822447622823274,-0.1373717771546713,0.0743546570833177,-0.5336386723683506,0.5329553131125314,1.7736631554046678,-0.3685516655876453,-0.6495905098931369,-0.34241930210484917,-0.36679021592020034,-0.16481520766060942,-0.26339055347388474,0.7846107962232877,0.012798193126095063,1.3876981271139248,0.5269795258747808,0.13887158281859274,-0.043751973482081735,1.4505173215447476,1.0902752816739787,1.6863897333984923,0.8089123868280049,0,مريان
0.24408671857358066,0.047085015273507905,0.2373933961035706,0.08579852800334316,-0.031180329787313738,0.1554724087866989,0.1134800035858669,0.1897674704783651,0.04924571237944564,-0.022535680038682688,0.054603408825441006,-0.1383428925015362,-0.12177362383569318,0.24687212973374975,0.1308548280836578,0.23207657393359146,-0.0625395987621091,0.0541596666144084,-0.11041206284729498,0.22893511103622532,0.07281234334413372,0.16051334719479426,-0.16441268658457509,-0.04912551340072126,-0.023137530244943926,-0.4390191328522021,-0.24262226274850188,0.16457846853467858,-0.013979068608247219,0.11845530476865691,-0.06339904260447621,0.3599217234215464,0.1480470067097963,0.11047764137198135,0.046135662726273084,0.09876149333999255,0.002887726001469013,0.22359547275340205,-0.006535572898076275,0.061611125996651396,-0.15606072515837494,0.07566915679021552,-0.1029784552846615,-0.0505459848039092,0.15624099685050977,-0.17142126771708954,-0.07391081496566133,-0.2117740807135354,-0.058804799111775524,-0.2160362971911827,-0.06354494354082647,-0.07584964656464978,0.05419419029849593,-0.013130062410241006,0.07260709867089572,-0.00432028129489502,-0.031144535799190628,0.16180956286571083,-0.22685480266159197,0.09037078552142729,0.24069049565614686,0.30532869848061045,-0.16562228264277803,-0.1513015385580752,-0.0625261200404903,-0.060953549702968714,0.10886146688609097,0.07336683524283699,0.11241576291889387,0.5092979039590328,0.0720829777865713,-0.11750327693702597,0.15762532420639966,0.08857660106972946,-0.18241554996779016,-0.10914723600894559,0.027688622925146653,0.6204252660292658,0.24647667764465403,0.07143835341583812,0.06876589403741569,0.14644173985902526,0.1727611614106189,-0.13230290771687384,0.22016567011213636,-0.38057153003767524,-0.17540046576910728,-0.09181059699154467,-0.11094994018558701,0.21906286669951247,-0.042475777874420334,-0.28917408477913864,-0.2694913487324531,-0.15433956239879795,-0.08040159219489121,0.09140431860117747,-0.28795546429603974,-0.41489020578224894,-0.08682733247470176,0.061423442351773445,-0.02334290556959446,0.2714301934960027,0.31697022818780907,-0.1516564216424115,0.401742776042786,0.9819831284581576,1.325920481844215,-0.24847784627265215,0.26118744068972594,-0.7269551998065242,2.284405144425321,2.9744928791366783,0.29612158001318617,-0.01567553770002138,-0.15078342108371798,1.1774881798273096,0.9974254191793257,2.9404486614561955,1.3166748009427485,-0.18163991796482098,-0.16101859866573137,-0.562079201666835,-0.023979331230145926,-0.6501461940423003,-0.7832789928648615,0.174483731059758,0.6709250296680095,-0.10824795572746279,-1.003547482735642,-0.8540571489271537,-0.6436334754435614,-0.46068798149081386,0.3765814020731812,0.6482252708889412,1.5260203924292264,0.054642615397173584,-0.06885632567772586,-0.5922560380243962,0.7371094475994946,1.4215182117082497,2.3777314292062623,-0.025349020224963558,1.31007720128292,-0.03530845861685704,1.0217101991981545,1.2810148930554865,1.4976213343992224,0.45414470906221976,-0.2579658616049148,1.5672905014456282,1.6970468146551612,-0.39775615504221307,-0.04210658730930762,0.9285310066116809,0.6121631873117912,-0.5284299362001592,1.0675831065695933,1.2151672927314523,0.8105073180204182,-0.3581702258315726,-0.6355238766915234,0.35272060857997156,0.8004063558556183,-0.4697013575262696,-0.33964632067521283,-1.1340727643625204,0.5603474695453301,0.7073559172596968,-0.43929116644913635,0.667623025630274,0.6122109838647716,1.0078752683202692,0.14569181246731677,1.8379802359180533,0.7738260151956917,2.057482054369609,0.7498291725341264,1.1104672048038868,2.3118723366603637,0.7789071472738798,-0.07291917242020417,0.5211664440353168,-0.10986732302695959,-1.1600432564446692,-0.7643332371122314,0.40526072989998996,2.1762009402102773,0.34848737105885147,-0.8472801735194435,0.29121169103064587,0.3061459820725293,-0.03144964440515924,0.2292007369431754,0.7213710423452435,0.4926067355757049,2.7434415184826695,-0.38666475879149725,0.40744698540762136,0.21549972817540136,1.0976094308881321,-0.08691427240411552,2.236951599704055,1.5667015909184776,0,مريان
0.23859528934191102,-0.0246812090634009,0.21788252607487707,-0.012516812575468233,-0.0031818208138367863,0.18851872811468437,0.11476648392672768,0.2547606874976997,0.11543358341729075,-0.03810361092523684,0.021234131730127826,-0.22403078879483007,-0.16443927852406398,0.19659985760048435,0.10505337011204963,0.25069601831329297,-0.07798163660333757,0.058992834811734444,-0.0595277525649831,0.2590613140757216,0.05732112750376132,0.164371653773579,-0.14016087864882945,-0.11456307644195722,-0.07470479344834079,-0.4993144655124035,-0.21353318418820869,0.16339212501559078,0.02545732183211278,0.09637392089978086,-0.026607519476948113,0.270197541656423,0.12459667447927902,0.031329726874493105,-0.03918426494684707,0.10984054455487234,-0.050352542856538604,0.18726880014654249,0.046945633797489915,0.08989302233470345,-0.1539370138625004,0.09524983593654679,-0.13518893029716236,-0.01904780617414438,0.07688310639159515,-0.22659785749954298,-0.10335787066200618,-0.11401922978389802,-0.06521232066903522,-0.25980271530483406,-0.10638517951358561,-0.12301742818525128,0.0017595650396773155,-0.04994300453571297,0.030740220061668235,0.06720744811772313,-0.06252756021107103,0.20761375253481656,-0.21142635098030707,0.060594109557305494,0.18795912016912553,0.31146040226805843,-0.1521341236422437,-0.20119232356501973,-0.02235713095495811,0.00013644713547315994,0.17750694764381805,0.11759784150371094,0.11608302492908451,0.5036819648157594,-0.013571195363079087,-0.13321740506607738,0.09614349599496214,0.09081810071350299,-0.1291848768816892,-0.04099479974206244,0.11842361438575365,0.6000472481502992,0.20144881657116284,0.13839150092756045,0.05182224622999203,0.2185345714547632,0.14681616875347245,-0.11670951656260521,0.1391202684279,-0.31217086225387725,-0.08934162816095362,-0.15991621004878712,-0.0528396572884533,0.2487253345419788,-0.0858957385203628,-0.3905324547034105,-0.2770165386862825,-0.18379461723354462,-0.18038884411675554,0.07561619465258299,-0.35193695393399016,-0.4809469245693508,-0.07753361679437153,0.1776964239442807,-0.10735161637081668,0.2016162107663034,0.234082526361402,-0.1738078396180613,0.429878215029413,0.36104060637184043,1.536701395124145,-0.2933934720538842,0.02682630424683249,-0.46363855474877447,1.0935617787179523,2.1707404809954305,-0.14570928761281615,0.39039409796449903,-0.47717545218730084,0.8693648711906542,0.8721946563349198,2.94546180725103,1.1527753820131676,-0.6431925181267741,-0.7417188569344154,-0.7734845716776194,-0.24738525186502563,-0.29453361096949615,-0.9902683559467881,-0.3088244669048721,0.7988945686573206,-0.22269190920511125,-1.1234822411288568,-0.9630470173595534,-0.44477608835142207,-0.9045947658857102,-0.2242771157828604,0.2800593844907851,1.6215342240955126,0.03739877067354336,0.07435884731351025,-0.6632074471111793,-0.03355646660684695,1.2754794735555177,1.546081413578491,-0.31540248077024247,0.21306708140432173,0.06675013023554584,0.901310752270035,1.0732216537278227,1.5794777958691857,0.03904668726711237,-0.7601125370526944,0.9103417651818533,1.5841443783459865,-0.28040038222078645,0.4821466143633174,0.7550026310142559,0.72982962676421,-1.2902204296194184,1.970003378996553,0.4876483457912369,0.9199220006435737,-1.017918922072014,-0.11816864540076308,0.733713867158133,0.7994557196121214,-1.3548434678022583,-0.5018676502252839,-0.927472238969652,0.5126417656954023,0.7734229726177807,-1.158677665897657,0.0954277559230803,0.5288648694408734,0.7640566149360685,-0.13100273278933378,1.1350237580765534,0.7220087258688378,0.721104628207771,0.2459466663408426,1.1027390783965938,1.940434395568398,-0.7361975960491534,-0.3224090154313295,0.14116303528913537,-0.338708452461309,-0.7753410400801863,-0.2995294882544359,0.36774665663383277,2.1088103925744073,-0.04437961276462617,-0.935144300328156,0.4139894640543863,0.30932671766081293,0.4741851752806724,-0.0992827857428467,0.9752700413492715,0.17727636077178296,0.697074158096773,-0.7142694023755114,0.504875058847329,0.3513488271863175,1.5029137206154197,-0.7075001082978738,2.5669669540927096,1.4051933905770055,0,مريان
0.1767375220281159,-0.05287572418534315,0.145858096943778,-0.11399073639702369,-0.05970811270203668,0.14295863313164292,0.09847935750547067,0.2545388630923338,-0.014196723746947682,0.0646531658040769,0.008785230311695848,-0.0747045011890283,-0.2541037101434354,0.29680742387849113,0.1773320973510299,0.2174796159370987,-0.13141669974500456,-0.0250171015960264,-0.1328024190876166,0.1521899884596924,0.09147670613974265,0.14450035244242943,-0.14116156682149092,-0.16576655812191235,-0.037984662801405895,-0.4632350628614374,-0.22567462612115982,0.09848941768890157,-0.05771433512341678,0.0362675263167569,-0.12074440531115864,0.2729738218208371,0.05874903632662296,0.0032735424396677483,0.005210410401084643,0.17050903892938674,-0.08912683539876257,0.1374839589141746,0.07365823099583742,0.05793648526167429,-0.2580730283278064,0.101110026484728,-0.13037042886683656,-0.05186471107459546,-0.002681469909181233,-0.2573997681039355,-0.12685151494766114,-0.055235696552886654,-0.14063838744671597,-0.21240937222935669,0.009489136894399076,-0.13474402196091204,0.05274169451780809,-0.14737845303986974,-0.03319502144558754,-0.07480688234448715,-0.011544244948145243,0.1630391481678534,-0.1308971916139304,0.07618224726420901,0.20624855423397986,0.1605129798188547,-0.2252627914119734,-0.19483043986819767,0.0011617994695237311,0.015295339381337796,0.20427089778804758,0.029058134835353175,0.17706265251362208,0.5645243874700752,-0.01245877848343282,-0.1563064136866552,0.025267212334604494,0.11881281638849996,-0.11532683098252385,0.012704196518720843,0.22926467042285714,0.5258527578790358,0.11062650752902767,0.1488921460115522,0.09144617052532547,0.2374597976738719,0.05512745355781904,-0.08727875799678769,0.14771074018013924,-0.3088066752638223,-0.19237679641495428,-0.17956611776341133,-0.14749396552721122,0.24045299008655718,-0.1039711746582028,-0.5043160363816026,-0.33704107013725265,-0.1794071903010494,-0.2632173838782952,0.09111019733482595,-0.41268063979732145,-0.5465120475476893,-0.05891541182835587,0.12639932738438425,-0.22673330218008717,0.2061985408893978,0.23584420662503264,-0.22538459618852968,0.4081514982418276,0.1598570039072718,0.5287947301655568,-0.431553367275054,-0.7520142583135362,-1.4661519369749816,-0.4559661068900662,0.24901374063319368,0.9733202899358143,-0.41184123678397266,-0.9820673914842728,-0.3997790919674494,-0.38897431120082016,1.1813760943108231,-0.1145064291989499,-0.349682744154946,-0.37500439067459973,0.042817801232728436,0.19155678906048765,-0.47877774248258936,-0.7105149529343194,-0.12155798392824634,1.2164137706584124,0.12986169224372784,-0.9139558228557076,-0.9297464803852096,-0.3368252645122628,-0.785934608138212,-0.00020731434187253704,0.5223690953775645,1.2805334519294567,0.19676345040079024,-0.6189453415904524,-1.2266151698807524,0.03997873522660745,0.8402040965324259,0.7721385256894577,-0.33745155708847296,0.6458640391765418,0.654377276662002,0.37084827961044936,0.7651069121960669,1.6036330878112643,-0.14991872257139155,-0.4229321589497711,1.4213489788279916,1.0603037052359263,1.0222156132050284,-0.3820279430591895,0.2907579287093015,1.0856210652691454,-0.439086829468352,0.8994538111540276,0.8870483166108364,0.13971219659675443,-0.7574184521421824,-0.6121847854228764,0.6559386907673498,0.6005646758502823,-0.9260077487543111,-0.2916281359842228,-0.5394333962801818,0.6112949908557429,3.0349437170425335,-1.5835348563363973,-0.18374847371467282,0.6515624720929287,4.256653588709258,-0.9078244676541988,-0.14654446930634527,0.6264105223287633,1.189856087288705,0.10391702726430124,0.6270812361450735,1.6095157023062725,0.8637275087885188,0.1387105064131901,0.33899690715950426,-0.29121230836542583,0.08884253388737033,-0.6187640685256988,0.43367934112891093,3.0619991269759743,0.29471512894825036,-1.3939843080219265,0.16866011852784996,1.0455870584769706,1.0214134492013456,-0.3114050442219289,-0.14605423029182818,0.5726583153753351,0.917877243877612,-1.3823532413306243,0.7625855579008465,0.2511474565242149,0.3255937733167572,-0.8251125285939698,1.5010105525461321,2.0446674050999905,0,مريان
0.22636456718964634,-0.09236788352535823,0.1410769031191188,-0.13715418166222862,-0.1050489338383371,0.15467980236486154,0.045436775401262994,0.21243353657226752,-0.04438690644546638,0.01661338459715211,0.007281464295906617,-0.08159117671402134,-0.2643454958441072,0.2457373157065756,0.12408190533935509,0.18579712711382074,-0.21845793667816768,0.00676134913665351,-0.21174340548193393,0.041089651016924925,0.14557787096055366,0.17293561268035387,-0.2042962249579499,-0.17615442212392218,0.03476834808602947,-0.4087129238193621,-0.2601482973700143,0.06392739851486383,-0.18680070382619265,0.017798710714402154,-0.1637812524278878,0.2779860783672495,-0.004912888728693043,-0.04935333751902782,-0.06325379475383065,0.1269441161011856,-0.14572309436700173,0.10127916681823536,0.1102207553005417,0.06419361631353197,-0.27140261898142015,-0.03431892631744353,-0.12301915139896359,-0.04392386740777326,-0.042418271414156716,-0.3915476041742602,-0.1738457191537343,-0.036177456888305363,-0.13123024416642212,-0.23617538579864458,0.003964026577468257,-0.030115914490931574,0.04262307401865578,-0.13312278321926255,-0.057082162943270814,-0.2097542111364544,-0.009342129639666345,0.27304487263511695,-0.0757179310814291,0.06909117896658683,0.18495857979058838,0.00908012089812812,-0.17813544754472901,-0.19001603192379898,0.034677751820207145,0.0022000705335318105,0.24592724978947683,0.05502940723506475,0.25411312368786493,0.46362792205303854,0.06358771289681246,-0.09577757879220733,0.008818815341356109,0.17556804642603374,0.03382799934511206,0.13439552199379126,0.14070941740243817,0.4893150978527063,0.017726390913587173,0.08439999441971657,0.05759610870070639,0.17437664039351647,0.003195694514359284,-0.006685993625932028,0.09691875272948919,-0.32729907924877627,-0.24258028628096567,-0.2128064227528195,-0.25952825367243093,0.16141668843274415,-0.21279085176211837,-0.5717582543178361,-0.4129224662549635,-0.23910341410358216,-0.30351073317953753,0.060204343708278624,-0.49436300385768855,-0.641579528099156,-0.0815340835377588,0.14123669445865208,-0.29240139001250115,0.2141213577001103,0.10487136538129493,-0.27726819473789255,0.2846318375522856,0.5468474475460302,0.2838526906073036,-0.7530657746224627,-1.0579732224128466,-0.8281916557158318,-0.5572979600787166,0.36868054710261483,0.49582228530502764,0.22589749636138476,-0.842802250537777,-0.4759738511668012,0.030925684951541667,0.4947343689163182,0.0036219841186828673,-0.7123559672574521,-0.730965636401595,0.11530867102883954,-0.34048982796068233,-0.5330816816213495,-1.097103148515179,-0.4429236809654851,0.9141516383624059,0.03720103462689947,-0.8684793828298717,-1.0281898267979912,-0.43583507927513765,-1.0585199351881494,-0.46426995387867265,1.2015277708390455,1.7131660071302093,0.2577543942877151,0.18290954944887425,0.13168677309529306,-0.2700345144860621,1.1226767596368854,0.7620378660428474,-0.4069579780794532,0.8129227476158939,0.0753194959317392,1.2931840648037585,0.7589999818524477,2.0561853278912383,0.7090449661058441,-0.9241123231035593,1.6699511584587898,1.521247655062806,0.552675128544203,-0.8161630964334842,0.7138376694417911,0.06316359029946236,0.04891476286951724,0.12253821407056888,0.7411800470656164,0.5031841771318007,-0.35882979470576964,-0.4521446191809481,0.6031033213519078,0.5035607814885822,-1.187978305195437,-0.6212369138244489,-0.041849833131226574,0.7689420202268729,-0.7079557787956114,-1.5990720805134317,0.5671324619676281,0.724808026352631,-0.19608782437891767,-1.056606590199187,0.5959414237286307,0.7926976929090552,-0.5625460481336232,-0.0339732798365274,0.3501437066900993,0.7565564555114846,-0.32834580796503576,-0.38482536117439015,-0.041546706517554134,-0.24983805967406147,-0.49961949892874413,-0.8488811658252111,0.1984136284833049,3.152462779491104,-0.886615917756105,-1.3108720780917236,0.7011401673925639,0.6840415724742037,-0.317128934726612,-0.40202517061749243,-0.4174195790502785,1.0244100272455117,1.8325627117542675,-1.533332281374315,0.3071047220864709,0.2838551648260969,0.13804875831000088,-0.9182413278038076,1.280487370293025,1.9994509072398885,0,مريان
0.22472609417854408,-0.05139869523930228,0.014984413704150754,0.012458438052160658,-0.08617308689869407,0.08930948704371654,0.09537942182756826,0.07803469203718906,-0.008037430092921903,0.038471570423815965,-0.03746720739758368,-0.10129456765364588,-0.22509593646783943,0.21529414434518881,0.08464468756869088,0.1444960228598777,-0.23302665318597754,0.02392115346365441,-0.1800669723873709,0.11289919727531256,0.010759798883073653,0.22786443102844323,-0.1588744697361299,-0.14242033681739208,-0.044064530329255086,-0.1772751789443531,-0.2825511237121666,-0.026828933071397738,-0.04324205090895116,-0.08731502025257272,-0.07402556792418219,0.24173776264349736,-0.04534447334336671,0.06866539231574188,-0.14984089449783744,0.057581192988564484,-0.18882570558601558,0.1365418362210541,0.058295811982862336,-0.19101017060629868,-0.30152249353828514,-0.006419463528218904,-0.11499352236266473,0.02662221828309044,-0.13356043652218946,-0.36096234686075074,0.01862387973795154,-0.0017142889451035198,-0.15993325032821543,-0.16587739358894815,-0.03631317514619292,-0.030335339088365526,0.030350430061797835,-0.22727609713784083,0.02435248414974677,-0.29725631780875805,-0.044460664437846194,0.2522460343767713,-0.06579865529484717,0.020640967319150504,0.20582915155345605,-0.05909495300480217,-0.11849671679359078,-0.03970731247288611,0.057712984318496315,-0.04450126209270947,0.2940839142712853,0.04346788284173143,0.254340757477917,0.42963963834630514,-0.04521303395617449,-0.15573523235500794,-0.08260160957657393,0.1492829029362554,0.06861136169419205,0.20709937229375197,0.16280073156398897,0.4971232948007971,0.05657125489284571,-0.009877847338658773,0.05080467439924404,0.2993097742142656,0.010441720304059807,0.05622841214278425,0.19237089053753115,-0.4594565564570918,-0.3409312133494439,-0.1574725092760277,-0.16221003669099257,0.06181467775576795,-0.32920534674816926,-0.5539618981369052,-0.4137963071578754,-0.21899812291863494,-0.2617294393070715,0.045772718991741186,-0.5262605176469306,-0.6159132479058301,-0.048564803449274996,0.16349509571607365,-0.172756757337859,0.16768539122724835,0.06573394223200528,-0.24509621035928833,0.326723598750281,0.37797543451837223,0.27506292456324505,-0.7952447335689978,-0.9653219403911268,-1.3215061881134125,-0.3358560862002868,0.09657299974028559,3.024602542049401,-0.6327049325684707,-1.0593617730608256,-0.8754941943770108,-0.6147922852782555,-0.07126463793893958,-0.23979404394292947,-0.16432325176818796,-1.1490188448058445,0.8108606497369251,-0.7379307977995887,-0.7301862697772843,-0.9453524000411975,-0.726473521470057,0.2824875384092095,0.23602483185140755,-1.2247805754101988,-1.0776036431715346,-0.4524303343798986,-1.0801205809556007,-0.08178485908806496,-0.3984851675719419,1.512047545242368,0.21826864593516018,-0.25913668975198645,-0.3240603012130166,-0.5539987328172388,0.8843111870035689,-0.10061900343744486,-0.5824919101964492,0.9885438920527516,0.007517628375630674,-0.05047743089145832,-0.4055694908856975,0.87016199305632,-0.35113791437532005,-0.47912999828163716,2.2255534619083526,1.018564592815773,0.714771174487149,0.32610710995367925,0.4425409066902629,-0.7930232938630126,-1.559028773311756,-0.018806209792995788,-0.10355969841144788,0.19905982475588876,-0.30958544326110343,-0.5304296785106621,-0.05813668499909097,-0.7011559338963997,-0.5270312793961662,-0.25049100457378126,0.32586538790831615,0.20553286100277446,0.3746822929158054,-1.573187325786111,0.29193913645977765,0.65100880055082,0.5326886405071797,-1.1354394172206443,0.6149458183173988,0.3395762478683849,-0.35074214346009797,0.9056241513771409,-0.17735222453099245,0.5734151148037157,-0.13512412366086102,-0.4457031471103676,0.49122569836743574,0.048204581187656574,-1.369411680642421,-0.8663707927129479,0.4595826947295393,3.0038485759138065,0.3149999291101132,-1.277406699374188,0.9508923557690704,0.34198440391207724,-0.24237281799473948,0.24474814030702066,0.0927892150101571,0.8942660728279743,0.6426607453878311,-1.8443392807978691,0.22646742189972238,-0.30993281068598894,-0.15277574973268823,-1.157320191052911,1.4734986842730107,2.368656244915361,0,مريان
0.2073830155437668,0.35311366799296634,0.15695689538080596,0.26299059638645533,0.52759125265675,-0.18333227392588827,0.33113861660239197,0.49485523376956786,0.5654729252484508,0.23087435520943647,-0.04252399629093515,-0.22362237328704568,0.19833819259101654,-0.043182320353008,0.15143202665453687,0.3184548966381246,0.30012066519720476,0.35848427432697705,-0.22776408956836408,0.13121554824501241,0.5093224451727978,0.3917083679151321,0.37243017158169206,0.0691249160070003,-0.2841421742711849,0.020095771003842935,-0.04930324953416582,0.15977068302994435,-0.028187980488066512,0.24901051416188627,-0.3061467947239073,0.12765622486990325,0.4301898794780512,0.15536257258017777,0.39192242783093606,0.14738311011358818,-0.11657502213635947,0.11897338349757887,0.022902696118707485,0.16427967494667162,0.3445096226641558,0.04023256761205855,0.1490630628832061,0.08079578408718845,0.13346256470960166,0.027224558975166933,0.08095396923519999,0.026104873824202728,0.20523924524440038,0.12455269310043528,0.04492047925868511,-0.28546325388841615,0.22590693226000227,0.30064793082931496,0.4025973981046634,0.30513035281766043,0.05231855031526501,-0.10939502685487508,0.16300636552704453,0.036119454097020005,0.4884184112303479,-0.18825369787774007,-0.15217176618680836,-0.000409693718400848,-0.04120779209199498,0.24912920882032455,0.2006296838315947,0.17131319282561963,0.19690436879707138,0.2533759182217802,0.48871711958781255,0.3490649788701339,0.26829664559925903,0.18804463465181395,0.30239474776375846,0.07126285336791412,0.12171270388208258,0.3807855332908013,0.6686983691534825,0.38408645107456785,0.13410820557383696,-0.032403388516604674,0.027034333324852652,-0.09756281960526059,0.4236545747312697,0.6498625502126315,0.1913043770784354,-0.07921941187468277,0.13774553756486657,-0.2044007534278011,0.4306154303254025,0.03280272593084853,-0.10041545523610447,0.2431660486793399,0.23494225096247184,0.08451720759302371,0.2332152666189554,0.3122676287756065,0.18303239033034044,0.25610942930491354,0.02950096976439865,-0.149284972235291,0.09076878035747656,-0.03198961437670142,-0.014879742701987693,0.16739180523873745,-0.45870902231065,0.19405671671532607,-0.30794825950989196,-1.029800523995343,-0.16519787653173856,-0.5705795691037403,1.668708006614602,0.7070198188120266,0.14428717646771413,1.1162769825529162,0.6872492075805724,-0.8333606833582076,0.44539102190615204,-0.10399314232428129,0.38101081757673383,-0.3513825834027792,0.4778759173122799,-0.6043067945276114,-0.4175204791856253,-0.6933759988764125,0.502382548193281,0.6634120436085309,-0.3702311547990754,-0.6119301197847699,-0.43527073480347467,-0.043463915695638906,-0.008071125664945429,-0.06742889258703064,0.9476829999559543,-0.154723316272612,1.2423550308360671,1.7390078737942576,1.1823873171217723,1.8666516714916368,-0.5802287286019979,0.31881319406522135,2.4068511411495463,0.29535265278041367,2.153043124504511,0.23909414570259757,-0.7322602439895978,0.6995517153534,0.008529836820145876,-0.33281752283017935,-0.19978036742488625,0.6641361360276545,1.2196404322914367,3.3131374498995023,0.32190150392593575,1.4473964645632893,-0.5141947360283653,-0.4322963615311976,0.04178569390219499,1.0497457212698278,1.4857828745761583,0.5695783254145801,-0.08896505725478204,1.8224637929503498,0.06115677821746404,0.40754999109241186,-0.6047083382790202,0.8538214193538198,-0.20649894528206314,0.463952056353178,-0.11303889555726805,-0.11702443667627685,-0.3506917002507181,0.1700422127588851,0.3775754551942796,1.1367482621397267,0.8183287965167371,-0.008488163534638056,-1.2063010971872128,1.845534630956191,0.8241590266529017,0.46307252434363516,-0.4989953483286112,2.3047945725999623,1.8359128651435022,0.25832955528080426,0.07337508578533604,3.1247473833117243,-0.2888884783162555,-0.06546378186504617,-0.7078976169943484,2.3060284364358523,-0.0031085023205974535,0.9021520084763598,0.2372511309612002,0.4395717023226797,-0.21551270185468532,0.30421073319297504,1.1129462949772528,2.1708383255864914,-0.15967397660298227,-0.5378062706129916,-0.07914066759808223,2,مريان
-0.01161576400362756,-0.1751238672188009,-0.18877352098669284,-0.0523875611309906,0.066779275618127,-0.0820162737250344,-0.024922761392636064,-0.13851772240018514,-0.044012856616628834,-0.3046779171291305,-0.20217296873632357,-0.24751821772374197,-0.05894609350416713,-0.06695123828145404,-0.0014387444354083687,0.0544205575789384,-0.02457953113926811,0.15921923971174476,-0.056808310450443496,-0.07688269498026157,-0.13668617383179316,-0.07947101299199417,-0.021193901076185226,-0.08591011191966853,-0.3155164438904162,-0.11742176148867267,-0.028536231420018435,-0.011960905121641843,-0.2361151211654643,0.10592897549188526,-0.1795177213992384,-0.1636632767171427,-0.03126922358723899,-0.2646130727788214,0.08593537716021642,-0.03077521042007685,-0.13169421581656723,0.0237771575594058,-0.01649614980453018,-0.0011065826083705588,0.19606611546285488,0.06544700088219119,-0.1385668881576152,-0.3211084007385425,-0.24227607677613264,-0.24112703910883818,-0.10774574035863278,-0.06807197893891365,0.10416012812106037,0.02051689235144973,-0.005407230359318325,-0.08221043586064307,0.10665547625412365,-0.11157863678075965,0.09214074278821054,-0.03866018300773597,-0.05496069925308487,-0.07762517603685207,0.10579187064539168,0.048054009167138693,0.39949459730887377,-0.0891949319394716,0.0014354207955646024,0.23082762158824832,0.047042059404858526,0.20379919954787176,0.16508934126051553,0.06658571676502133,0.21705081768876655,0.060240798706046886,-0.0358995082040091,-0.04496697663582715,-0.11206507083613844,-0.06293583306017646,0.22489786826264827,-0.10989088211163922,0.03531386446117871,-0.1667815126701755,-0.009671271432977063,-0.21352931487875298,-0.12266501115743662,-0.1628976222015849,-0.13094145671037263,-0.21627861249969413,0.02441038722555335,0.17457468937704007,0.027738061446325707,-0.1519288554795646,-0.003366981769749239,-0.21422594903129477,0.1633617554036323,-0.09625101625772417,-0.10340488208801446,0.06710961746128175,0.20682439781796524,0.03783093522503919,0.06359183810989134,0.2566790520836756,0.10837582071265861,0.1939781669147766,-0.07478518048563183,-0.2324410812941032,0.04822663377610073,0.025332280190847517,-0.020790266732759903,-0.03179245054170858,-1.0922906380741306,0.557052640393113,-0.825284367759265,-1.452947749584266,-0.5864315657573773,-0.8208591507721912,0.3862815701577608,0.4800879389872249,0.2925159023390215,-0.4681915080109387,-0.02722317778134581,-0.9839954588547019,0.007950813460014803,0.10029112245254367,0.30167258354811866,-0.3979438769095829,0.7839326011182738,-1.027432020718187,0.05505271002832147,-0.19538490286500756,0.4148179196181398,0.66137380623126,-0.13683652733579812,-0.5560848544287477,-0.4676599303700339,-0.033739826961173856,-0.1709417804250746,-0.0712273749657132,0.5709790859326223,-0.39418557849204455,1.026987769361564,1.4844329672216956,0.6229818943412954,1.393331693642847,-0.7165782441694118,-0.41079104928687443,3.3233062918161065,-0.05577161720938334,1.5111215433584155,-0.029978235962728687,-0.5300089000258075,1.2293748576516161,-0.02338091604396587,-0.8171734159434463,-0.6306593947261825,0.6685417441734145,0.17576612736107655,2.831347279849736,0.5384691636923864,0.6248492050283211,-0.5581826785604603,-0.3769261521484563,-0.006615168633576834,1.037554290097106,0.7700345207564414,0.3006290226154834,0.008760504635608983,2.2774203491766043,-0.7368070257209841,0.6463653195063194,-0.6993487405502208,-0.5873015615188989,-0.08965589141744171,0.04448610017735517,-0.027689932675426916,-0.9795213131139138,-0.6538976660748336,-0.0634081181378514,0.6286204125530849,0.5928651681022074,0.20301951592782072,0.4166527705883428,-1.0785716440712008,-0.4806808394495375,0.6990941960158197,0.15157940475004683,-0.5649475041130069,0.6883179151498514,0.8182790471665704,0.04941463941698383,0.26627663912921967,3.649789796367023,-1.1488793121933072,0.144144432567313,-0.6279561083827967,2.2891869154653977,-0.6505942802475748,0.5375071079327477,0.024966591908714038,-1.0966071440622616,-0.18857378075456824,0.3233677059967463,1.0740604153310669,-0.1297407144545394,-0.572317743239151,-0.44005298228439915,0.3567698147880541,2,مريان
-0.09842374106524476,-0.2363242664246202,-0.21648266882132816,-0.0612019555588563,-0.07679816595939687,-0.05555293696330565,-0.06527393102869668,-0.17790786521119498,-0.08972328377467892,-0.3727496082343677,-0.12574295906304106,-0.09974871922294948,0.012653604387549219,0.15091683570186745,-0.009973513077964565,-0.033948436179790646,-0.02594614743711679,0.12991171569122023,-0.05737544646243813,-0.122356017207103,-0.1344789640146031,-0.1152886918930724,-0.051275814614892105,-0.004665015101737293,-0.12019398230126745,-0.1062622239665419,0.04121586837011938,-0.09184002421125709,-0.3090662475598407,0.027784172935578687,-0.17120804911017376,-0.10280504872136652,-0.16239194355599965,-0.4099092348047617,0.008752471427742416,0.02916646013709504,-0.029484343415427633,0.05900682307276194,0.04564381799648232,0.16717196068703968,0.06573908876561838,-0.05204465693560392,-0.12409139818919945,-0.15569040044216137,-0.2633335126266119,-0.11778606499624097,0.04382338446181394,0.002612026557837472,0.1522210937457833,0.08187210023415939,-0.03783964314696335,0.021025255711388923,0.13563420111846822,-0.15292678533290377,0.14160623157061628,-0.21253360661974505,-0.10288425197860808,-0.11848809080176681,0.12284831771493246,0.13155262287943434,0.36358516428270216,-0.025877976341026666,0.01723859628741646,0.26087197790319516,-0.0032064769457292035,0.12492652961199371,0.06132794955278986,0.05618843601527623,0.13496871724952406,0.040185875877181275,-0.027875500277457842,0.011529636185013912,-0.13975562759728882,-0.12642190161925412,0.17905378472016237,-0.16267001267570158,0.05046614206981443,-0.22612463263861254,-0.1102725175795202,-0.22591839024220436,-0.09811015493587087,0.06500793773225146,-0.09695776667237083,-0.09474944289937011,-0.1273264158033659,0.08907649400533217,0.07659958978645968,-0.13311315599283016,0.06350727235132515,-0.2558109648741316,0.13821809102441934,-0.001423310287483188,0.03665071681662822,0.09864733775053221,0.2989828594571566,0.09209061847736853,-0.024017248933686258,0.27320698091570217,0.06042007135849943,0.171713342897349,-0.004334826353045065,-0.3343909813890129,0.06689675349917189,0.13422843458133601,-0.055670184905651766,0.6357255004235335,-0.985696411279629,0.03507100365532195,-1.0757796247434066,0.02966488052057019,-0.0016653850754025203,0.05105714960189294,0.1839843390744704,0.4424362015869214,-0.29603366381076845,0.47207271326914063,-0.20554983299821994,-0.07070779891156719,-0.05911589711768058,1.1754739708650022,0.7489137413211567,0.09422975251237366,1.6216970077996242,-1.586229309290874,0.2698538207285197,-0.41266016280107654,1.3221438264461811,1.4933732839115936,-0.40887440586646967,-0.6272533334162456,-1.0324322008543811,0.06253126116319038,0.32251353963148555,0.02708108561957213,0.7868369205907708,-0.8837255208546316,1.0558796428233757,2.091760303804652,0.3912829842678243,1.7534528597736747,-0.7074447844639303,-0.41183758858071523,2.965795518216599,0.02147274041596172,1.4839735955743638,-0.12342109435088927,-0.8718434292845462,-0.4737632608847539,0.2583303064318576,-1.3279272204061585,-0.45585297006471986,-0.3213052917098913,-0.09402360911441954,1.9417510968954779,0.7443518043805797,0.05997130441805325,-0.7584423918895551,-0.1730431505265816,0.19502957437481938,-0.24379509532148297,0.9309550537485063,0.9366875174720569,0.30916841842610154,1.675102547202798,-0.697933856068672,0.5361016929482973,-0.8879835273251127,1.4580835516856452,0.3830932199040748,0.14735962240833772,-0.27860838940478994,-0.7577675349790958,-0.05945069486623441,0.8646650903449402,0.07840973314106962,0.20141829352395635,0.05238403156278831,0.6726086559428718,-1.1434725209815175,-0.7986291554894398,0.7332471562232148,0.004719651318838829,-0.6801488213972405,-0.08585897101665552,0.5869020089380073,0.2578933000701828,0.28536602904661534,-0.026533056018927893,-0.4941932131930385,0.167654985793983,0.0526852391271904,1.751412352059304,-0.5079458728598438,0.08030034432068983,-0.35122901233587744,-1.3229483528851933,0.3515180153758963,0.6161531018304371,0.6651095897326729,-0.8330773779812387,-0.07603530907990004,-0.672160052113791,0.842794418828065,2,مريان
-0.004641129639620229,-0.19476908788709277,-0.10961291489120373,0.01772942167454173,-0.07227542889629081,-0.051414708262298554,-0.07661859638755247,-0.07990170467123915,-0.12472298791378045,-0.29320374651428244,-0.13200098890937048,-0.0903976107433402,-0.048971024383279424,0.15914660735044087,0.021599645954325175,-0.019229987793015935,0.007694752291478981,0.12695122946642595,-0.047378474111667124,-0.15555095460766552,-0.10043163161665664,-0.14296399966277995,-0.048747799021130994,0.06708844565580989,-0.05857868175942879,-0.16462333045809885,0.08359956235728791,-0.10063153451269484,-0.3110086760508295,0.04375765528158192,-0.11326492879751213,-0.11058994456828375,-0.17632859026652312,-0.4393078993149776,0.05687859929547544,-0.004947398136392625,-0.09337053582809565,0.0872337438440778,0.06775848002653764,0.21126601148419671,0.023497447688269134,-0.11360044248653473,-0.07648604703358179,-0.19112161080877024,-0.13438825273093527,-0.11380775058275316,0.050137910761625444,0.007365511770742276,0.186501461686053,0.0546153257879326,-0.014908787186983189,0.004555115058455329,0.04420705092694049,-0.12937611512783603,0.11093391949874369,-0.21871411676591548,-0.1282448820109924,-0.08792634856347384,0.1495958184215266,0.16672951856853446,0.2508425749317165,0.04476198148622151,0.09984656915001265,0.21425002455067038,0.004317017646340126,0.047936425720141396,0.05481439242602403,0.00408764848221415,0.23623101552218967,0.1233982319586492,0.022682651188605144,0.06312933392753708,-0.22204363316430065,-0.13946885604847914,0.14930563724855944,-0.19163790075804898,-0.009034886543163508,-0.17083363120168044,-0.08018588188605567,-0.13741384295783776,-0.09155286141696584,-0.037229344337136476,-0.058530204970390735,-0.25102663663842656,-0.1719268411177974,0.09611428391694181,0.08557632438743568,-0.06253627097875626,-0.07845771664841332,-0.19135716870587374,0.1391527161222247,0.0674650499036615,0.059907397491309196,0.03469562988201636,0.2779894903012451,0.08049307981127145,-0.0032351522548002077,0.2646530803568151,0.1116809057881923,0.24125180773277763,0.077515424075919,-0.30698727754234634,0.0023882857700480977,0.2654805865744848,-0.04068112258720431,1.0886393828950098,-0.9009173842035176,0.34243409013461584,-1.181894059080189,1.013158438211351,1.316553963434706,0.30997786781775455,0.022872517879036203,0.596543539876851,-0.1525693096319707,0.5944962164947054,1.0351103357298568,-0.13858192463997165,0.328698973483326,0.6880897064277532,0.4295574853421333,-0.5470200545060746,1.2758413029535793,-0.6940632559268402,0.8005320286771052,0.1858676178865176,0.9896800673554582,1.1648524078070763,0.004691780170162322,-0.19327713354719028,-0.7534661419894896,0.5375741785618474,0.35466912790687194,-0.8153173072405482,1.017786287960214,-0.44532994860362884,0.8921149876449749,0.10920019595120957,-0.16584456747929777,0.9665553714428543,-0.7945804234122693,-0.5651250193059381,1.0309516662592033,-0.05099077982471978,0.7777222162478727,-0.34902409066158935,-0.8680377719263708,-0.2123520420630437,1.7368621157582926,-1.0563766088958806,-0.4934298266619592,-0.940940922814535,0.9809175376671385,2.0728677947008127,0.7989623272229777,-0.215177869654468,-0.0736741965068959,-0.5241036082072417,0.36845636758169636,-0.8221947700719349,2.0533282413042606,0.8764426117565665,0.2949199604996208,0.2937313813436008,-0.5088736902595848,0.38022264442351417,-0.3239638036340583,0.007363717887965937,0.6167952896628507,-0.09014831130368553,-0.25335727163205773,-0.38919582909319284,0.6529687234306769,0.5068404450462537,0.19650448947606527,-0.6124560771812295,1.3445743352957271,0.3083000301074184,-0.5957552511491789,-0.3931890452374874,1.1389729234039034,-0.2890599879606364,-0.7723782056603615,-0.39165084298010133,1.9003681141863698,0.13164876786729846,0.5758389058347725,0.01609420544663701,-0.5457530611706699,0.35597278648570563,0.14545485859862586,-0.042377312906766204,-0.5268992725437356,0.19134862595292815,-0.32012634147998265,-1.2745716963952616,0.8566582431517802,0.39314299655577745,0.0795864863065173,-0.4718786854586976,0.7691118332139872,-0.7006311164375594,0.892179995210821,2,مريان
0.08600001805019442,0.02426671629052116,0.03914121737128437,-0.1110761616639935,-0.12789341213785937,-0.016022418695256446,-0.15933536348691524,0.009687728581437668,-0.10026224290956161,-0.2720150236301735,-0.14732549302269174,-0.04261303293759054,-0.09452185160211046,0.20577187731621524,0.06419073681316985,0.15997733296671068,-0.164558315743769,0.07432183546218557,0.07000474399070687,-0.16355426575198484,0.02146351977298194,-0.19575485429392855,-0.05991038856927772,-0.01878884630484692,-0.028125247279731164,-0.1587896308219686,0.1851473649814324,-0.13347809029900717,-0.29408551736745175,0.021656451341485486,0.04792799465917394,-0.2605072984993029,-0.12284624906758654,-0.4210503811936332,-0.036424169132910786,-0.12255665451222424,-0.15893034636609457,0.06410229449750868,0.17128560745592233,0.2882510967798682,0.03127205122543521,-0.23364450469959475,0.1867816734656248,-0.19669815375544875,-0.05811406018450345,0.1391756751151167,0.10166600690818002,0.14897079084844236,0.29759138637618976,0.025058908266931204,-0.036962302195884485,-0.08992465486347523,0.18210011214891547,-0.10488091866180002,0.17923136586906324,-0.018762719913709758,0.10140384761067468,0.06577352420411514,0.2046076355589957,0.0047896137012818215,0.20933317872546567,0.016521442251235682,0.0911189290470852,0.21127162283577605,-0.005416487376471284,0.0013712230294986797,0.1132741831706444,-0.022021889560686823,0.307026492089182,0.27750303676942184,0.03755282312361155,0.21021134621413512,-0.08362054161161232,0.04331770140390363,0.3165785074397088,0.10242970972630232,-0.020116846119786074,-0.05988950570429751,0.06809651702007383,-0.022692944883117183,0.074812801203809,0.06969342814498107,-0.05310102020512219,-0.2866393185717647,-0.15786343991609034,0.24564821679516977,0.19937013592542788,0.07954395041931799,0.04579683197781058,-0.13842764494860457,0.03919770709793459,0.15684743907030194,0.04885806194219271,0.16181309096654858,0.29456014691769233,0.20337846384430475,0.03953922920332501,0.3983632189184458,0.08377567019390486,0.23205368481130953,0.23843467262500626,-0.25896270307627306,0.10333451786040074,0.24231512275009826,-0.12247168527150627,0.7759627536621699,-1.0619050959698142,-0.7546564686026744,-1.3434491877038417,1.3723175371183765,1.2331163561799334,0.16624155220791262,-0.2560220602113525,0.3402136315831262,-0.9754017628202285,0.8923171564507888,1.5112533074083996,0.20327995049316142,0.2850625035378374,1.1157531213798293,0.467823361449515,-0.252463194195167,1.3189726946200226,-1.1814569652518343,0.9740514236482607,0.41194039803105315,1.0515679925790926,1.0872842551161912,0.06086760800442142,0.13235527066090944,-1.2729918389319452,0.9348896060541839,0.473767591210914,-0.7882778729392783,0.7898390867444384,-0.8125473998048586,0.3737149236672894,-0.8221536838147628,-0.4738458947379691,0.8979358774830609,-0.0660066073687171,-0.7291774172572161,0.5258798723730178,-0.10407496796478577,0.7531949451905947,-0.5767366780424256,-0.6561712120747509,0.6291890744744281,1.5550511738155337,-1.6034847309410714,-0.8101895623313515,-0.7004808753818429,0.2547505397247999,1.7134541507235732,0.658778151673552,1.5094482318643876,-0.263482344759322,-0.7381545568155659,-0.3382461950773252,-1.6877428326417883,1.71221260648332,0.4151353027653378,0.07276246189576926,0.009025734348443863,-1.2550297705119948,-1.2203150166681949,-0.4107481189711527,-0.16196056409385418,0.058967259195268094,-0.8058569396141272,-0.15378120121074945,-0.3576839315452153,-0.2201590759027964,0.7189683467553535,-0.07663201816437037,-0.9476022388502704,1.2968564672925291,0.13055114586659172,-0.7362080833481168,0.04322934910524397,1.0310207871386217,-0.36247669030413826,-0.995737394634543,0.4175179379587372,0.1328051239602089,-0.6452001704608279,-0.017784833123250975,0.18676088285674372,-0.5927796577240849,-0.014723545363956807,0.13098589103069605,-0.06780198171217573,-1.2373148272272014,-0.3374074404413129,-0.3840215876416689,-1.132441334654196,1.0158582880538924,-0.18129521104160817,0.08808342745572433,-1.0662301535055252,0.5159992562443851,-0.6163642985510034,0.24690254162134384,2,مريان
0.119255913453818,0.0038613581309992788,0.11060841173660205,-0.20156059693266543,-0.18857957980572923,-0.07192589186384701,-0.15458147479143722,-0.03911289958329672,-0.04842672457105306,-0.21870453000323187,-0.0651358541094885,-0.07101408207705226,-0.14223919256858247,0.05822569909883061,0.00931796600400031,0.14889305641380762,-0.2865306048125338,0.07859140923499251,-0.06947697069665837,-0.15547661399767918,-0.008183818349894123,-0.14098718168486687,-0.07906591413211339,0.0197459588300873,0.007244646762365404,-0.15059120627063727,0.18598983695255814,-0.20371918927988727,-0.2765542843232309,-0.053292821780875924,0.052574185120895955,-0.29874966000439296,-0.18908857213454772,-0.3888332673658709,0.036140890336971335,-0.05265989082043768,-0.2586848661441902,-0.012414282161380887,0.08451006714866117,0.2192782361947864,-0.035158409762949296,-0.3529945164145571,0.1533934549886856,-0.28833227442555925,0.039888706766025794,0.22616627047687196,0.08655090972229428,0.22545624882463355,0.24784957567734617,0.0005717448490201425,-0.19212394921389614,0.023929040922595457,0.0883743831326615,-0.19094589049750452,0.25772050748875147,0.07971873772224043,0.09668927627557808,0.034976899681199325,0.3119908645177527,-0.0036856419046459904,0.1586926304590349,-0.03742162010946954,0.12088130701904527,0.21184388165406473,-0.050536104761226046,-0.018043990897013012,0.21804523576714135,-0.061439301217668996,0.20477475349774715,0.2837720094336121,0.054161946868153676,0.24737672051051457,0.012999615835643746,0.054933319716291826,0.25082739007099736,0.03904657925508378,-0.06427849894584016,-0.10189751013333553,0.08726073555542319,0.023438607891121926,0.03156546662801289,0.044617203254948,-0.015217980557926447,-0.19102728352047513,-0.2770214602755171,0.20413797467023112,0.19326254453553846,0.07284438748610862,-0.06045897240856696,-0.1074974260018229,-0.07113945754180782,0.08115921792747005,0.057695727368740554,0.18428032524131174,0.19976977447077532,0.2541176725209157,0.02914878584860454,0.3999248270612945,-0.01462729210952397,0.09317363713908981,0.29977390859755265,-0.2423613706097585,-0.022217290009384563,0.18166525888172677,-0.08318485772850276,1.811764322972633,-0.3503781331872462,-0.4605631804401789,-1.4869341175059543,1.6150732995909594,1.6811125602479486,0.5099581590488864,0.16917113282732735,-0.016016475338595907,-0.4240576619416641,1.0279248965656853,0.2326991078099617,-0.025924587481057332,0.2621917088696542,1.2618775540110996,0.5309438337285742,0.3927990936488499,0.9333291950839581,-0.6303918070334632,0.5208810540435449,0.3042232108109447,0.790144811801698,0.48983419534274986,0.3812254440984817,0.2265480594641823,-0.8823548991186846,0.878367924988952,0.2278248976447035,-0.403898037738787,-0.30733456843480234,-0.3126570209786814,0.7155113978819855,-1.1528340659390208,-0.5706511630917908,1.2773826579670235,0.6672766114511333,-0.9246256156672141,-0.5068564390799197,-0.04258472377045746,0.18016621012113201,-0.6714036719148496,0.11238411709565319,0.9653882227975593,1.1576674886674423,-1.5050210474639905,-1.0126497520582824,-0.40077391848518606,-0.17105249704355763,-0.18036609456061148,1.081981706147354,-0.07896887166354574,-0.10332624758547741,-0.8189943930411338,-1.0241733396913044,-0.7530089632758415,1.238369028953253,0.17115497400139124,-0.0680840813031168,0.10523148460926313,-1.7840428700136202,-1.0938595775860516,-0.9343521490232236,1.0294219257112294,-0.1107969415146908,-0.13845190605560695,-0.21386407863765683,0.4690961825643992,-0.21077062389446227,0.7901054236549513,-0.411341537052384,-0.3640793582493918,0.6136420314762423,0.34626055248986143,-0.536013946412852,0.9216639399472953,0.4355965648622459,-0.5759420109172345,-0.9647448714357957,-0.5949848414077723,-0.7322768842876208,-0.487009472325716,-0.30568862288531584,0.05382729339154686,-0.4296387138444068,0.25854451154071845,-0.05463702431269183,0.20537454068652283,-1.5126189346683234,-0.5385531103651253,-0.6543898022247217,-0.6981992702738774,0.8410549807201029,-0.6920026891188065,-0.2191060618857787,-0.5724547213982377,0.08850426727868171,-0.022338118301423786,0.29800039109818927,2,مريان
0.11344541133515061,-0.014591500690430588,0.18519733905871966,-0.20953434821066536,-0.21758751037032664,-0.11158080323637522,-0.128176922793433,-0.05960002832138824,-0.07593850352780818,-0.23796781161910208,-0.06609642656472187,-0.10492105036203847,-0.14168191868956373,0.04216139165693578,-0.027102242497623497,0.1269812565260793,-0.3216644079215679,-0.04297315592275307,0.014187308514798795,-0.18956477202185684,0.000536272894460377,-0.03140362459557736,-0.028371502801414195,0.010779741724627607,-0.028675364170059985,-0.11763611880048969,0.21857792396381864,-0.17967410716526588,-0.3771944278949413,-0.040846923196875606,-0.04205342259702909,-0.37251190693379466,-0.1901500047793663,-0.38340517624077797,-0.006892020404728177,-0.19997329021186114,-0.09315678356271821,0.05721499089403077,0.017061515542375155,0.1970040552745205,-0.03850131425009622,-0.383299353291833,0.12569512605286234,-0.26070317993530456,0.15337078529798798,0.12204495295600773,0.06909743202029507,0.3411742514817865,0.16462231923358797,-0.02269779476659206,-0.15924800785740933,0.03086257825020009,0.10714188672461324,-0.16477073828926903,0.3308811650865986,-0.01714296832732246,0.1301217161057374,0.11503380557397948,0.2616120882674676,0.09633655868307411,0.16071952994476268,-0.06582484462381158,0.07972668598548596,0.12732850426892517,0.016191323497244232,-0.011081577513919456,0.1888300735568905,-0.029964038988490947,0.104402816005553,0.375550755183166,0.02562610625578941,0.14176684097110784,-0.0295711369359769,0.01867174158511856,0.25514935612078277,0.06244286549845129,-0.037988506313252374,-0.0975146052893421,0.09381404998192962,0.0024630129259095375,0.01477545620657442,0.027525114909839204,-0.21479699521054188,-0.21367543961868535,-0.4466428933234977,0.18403195433052272,0.2707339259261672,-0.04210524962549512,0.13080098779807509,-0.24600566129371568,-0.08104504076999591,0.06314771669137956,0.06899791682264722,0.3987004413194367,0.07565857571193331,0.24356236245356438,0.069978622205361,0.3466903557341665,0.0021990311410158662,0.015038609502098505,0.2905349865412283,-0.13323938177848926,-0.1430350707571195,0.16100674902723094,-0.12473555319253438,3.4721627760274836,0.03476444852749911,0.9378875255060688,-1.1986108176081909,1.600948027391929,1.7548169808873588,0.6415891991520498,0.9836876166023188,0.2695861253754885,-0.25858631758593453,2.7151460830206955,0.8184281471106855,0.13903333079483576,0.4657300489331777,0.18846054716806526,-0.8171274549564866,-0.08253337009241268,0.20533159107997673,-1.101173142019938,-0.08923208483211337,-0.11040681817411209,-0.4365335119148155,-0.20356754614529296,0.03478599996408127,0.08262631218260452,-1.0427964305483246,0.4114601721469662,-0.4086920664113879,-0.5683397265179386,-0.3069074476366486,-1.1196368483446628,0.08994861403904411,-1.534957250969868,-0.9220331495818886,0.37989253933265765,1.0133793731233662,-0.849292599645354,-0.8149661503626062,-0.524482510141372,-0.5663681450491799,-0.6441283151799421,-0.3996779050738582,2.494986181778933,0.43194229366382425,-0.7435714538752859,-1.1096732818353312,-0.17987041173735005,-0.8170804300247962,-0.28579770194101917,0.15684568390584178,0.24833324038030538,-0.11728314751416721,-0.4911528739880664,-0.8187945038470414,-0.9501539081220811,0.3292761571294953,0.6870333794722234,-0.2778763459247951,-0.14002800127424622,-1.6018927461859687,-1.6467384467149426,-0.5277803524217585,1.7099357594640794,-0.23045723835010426,-0.20632458331508846,-0.36569055763398794,0.8331530940948102,-0.15324282288934465,1.5033826819799607,-0.7452481117328021,-0.025907338951957314,0.7232978843357156,0.8153431731183448,-0.6667940983314796,-0.07815207050969464,0.11668793815514207,-0.5157672466600933,-0.8281750733519668,-0.0422998951747638,-0.7487254658361788,-0.36531737108853835,-0.4709430420034025,-0.05621784546640261,-0.22097552479375437,0.0011598776937819975,-0.29795565603972457,0.021665228050666337,-1.4855689604126767,-0.7625894047577568,-0.827228122839857,-0.6155702031848937,1.0731237684233361,-1.286843924304918,-0.8963131555720921,0.8365924367898367,-0.3163802926783719,-0.11688255400889355,0.7802374350967907,2,مريان
0.023884990443962417,0.07720472744059016,0.2991812525338534,-0.17789801842771447,-0.28791656013085454,-0.03037480756087443,-0.09566618405073764,-0.04366749739059543,-0.11207719486823088,-0.30385640135781994,-0.03805995850352584,-0.030359639112704572,-0.14232932073360915,0.05593485210791357,-0.03405276504898591,0.002930251688258774,-0.29240813149180256,-0.06254540036372847,0.1293052325986124,-0.18746867274508724,-0.01763908790360282,-0.07571135187488864,0.020132562113984738,0.03395729280942082,-0.06915230644243033,-0.11575072075591085,0.13172503783364767,-0.1868884316591614,-0.4250114740006541,0.010997600459234657,-0.03460376480163889,-0.3722408303425037,-0.2776871353821671,-0.2868528196843703,0.1077036968656398,-0.09734611463829099,-0.050404112233522376,-0.09758060794857143,0.06607849715774165,0.15920651538183714,-0.026882992788450133,-0.38032741833597106,0.13087219743490383,-0.19602875812079112,0.17306145684414775,0.08899663077642178,0.0389826527557281,0.353797785639807,0.1830725569488683,-0.10039522439523481,-0.0829441904511268,0.08914768686843681,0.11637853432732825,-0.14387355954582526,0.23500943430214555,-0.09980073209177974,0.19290347436308486,0.0713616576281609,0.27793256797929333,-0.044509415948672484,0.04496733365445318,-0.0772570183647073,0.09288028438386173,0.19856531986651926,-0.02569074185480417,-0.033220017522239464,0.12518216430955795,-0.052649674471075165,0.10571923244984997,0.40555500771746805,0.014265172233749433,0.2066763820470402,0.03423351954510916,0.05081750015144909,0.20392763636528552,-0.005819361017143063,0.05544940191035008,-0.13376329117641472,0.08096424754683734,0.047342971165618065,0.039641172474741755,-0.01771512561419315,-0.17584881119925616,-0.17801149959271942,-0.4927269878299419,0.31123775780284,0.22258802381561205,-0.0017521744129521447,0.07119246975628914,-0.12072155804890265,-0.174864307293878,0.0425891612315843,0.05198777398041413,0.36806930778565583,0.05856372577360761,0.2543069241553372,-0.053121909551215284,0.3679063129253103,-0.017296047019560532,0.05431226912117767,0.22836015948349628,-0.0631306183936995,-0.07945043988528878,0.12895102483265572,-0.12997183188416733,2.6629071820713066,-0.23254750914210096,0.9784798110916475,-1.293043572620033,1.765732723854724,2.3602183858720367,1.1151459264841561,1.1952129768545854,-0.282173828040426,-0.5113128438304683,1.648035770489155,0.5414043973045121,0.08027365373733474,0.3812536595222116,0.34950858005946384,-0.4531654789484353,0.8996595765710546,-0.23805520951253017,-0.48109449222661993,-0.28237889182528686,0.13046986650267176,-0.0998298205879422,-0.1750926701751716,0.35361128098513145,0.45559695343210055,-0.8369711819678282,0.5090843587922517,-0.4132033948085338,-0.09669561923649818,-0.1725564809942828,-1.3014775236847589,0.8571134746927433,-0.5652218135635441,-0.5104506336678284,0.039450799874920256,1.2214112428972788,-0.9602308441327148,-1.1541893720438727,-0.34777172857766,-0.7853058650654076,-0.4350286467973951,-0.3975749775679912,0.9724810048535159,1.0739711711620632,-0.41077185406574945,-1.119927819323055,-0.6615716389619759,-0.4509894652562423,1.6361148055445074,-0.06365923117196468,0.6208293155726043,-0.07270819230179569,-1.0255991721903581,-0.5525557102389717,-1.132846358355372,0.532757115541557,0.8591087418107981,-0.29496489132382037,0.8398040749767458,-1.5543920184094258,-0.7025358592522374,-0.5840790069065744,1.3909032012679572,-0.5216151372474298,-0.4584921906670238,-0.28506085566070954,1.240496845373213,-0.28933990516962343,0.21686117439935354,-0.6563709895169684,-0.01421334034216978,0.19615001097582888,-0.03032611496747077,-0.7659359941637391,0.31318396113393066,-0.1777183942961152,-0.84757945052667,-0.8742969852311143,0.3917648637101688,-0.5239176184305491,-0.2448005409394128,-0.8960184929343585,0.33961026461808747,-0.002483063740022631,-0.3932790569118302,-0.604877500048651,0.06917323696328727,-1.155267877790069,0.08850254894129882,-1.0507189705109476,1.1350899176601734,0.18027200949330846,-1.287441524293397,-1.0284038501367434,-0.15347880695725774,-0.20258048100585188,-0.17448545613840508,0.9781981840966274,2,مريان
0.04462956813216424,0.006745684559087572,0.2958295353376994,-0.2591057688061252,-0.362900606822876,0.11597721529625091,-0.09859133737683001,-0.047220175916351595,-0.12157365136451842,-0.2222121128316618,-0.06055206079287638,0.04771913436650017,-0.16874259390249355,0.11109809655569129,-0.05682143567247743,0.012863224315068958,-0.2948948407535928,-0.16620968074489398,0.12846440097016862,-0.13857323435170177,-0.02824290023018541,-0.12526933808521862,-0.01397039187427826,0.05079193048808568,-0.022845289834803138,-0.04824544667823236,0.10332024296120261,-0.17019915451242812,-0.434415550575572,-0.012520500142129343,0.006170290092666875,-0.34042520720508507,-0.20017405863891483,-0.2828926406457336,0.013741602896875486,-0.08451366258397335,-0.04664010704455596,-0.12658067373606982,0.04173742486108631,0.17326203439583973,-0.00131290749096501,-0.2686975636045312,0.15211716642484188,-0.07400290666049282,0.14860278959898085,0.11439120429999432,0.0585565792157609,0.23180026427934,0.21569830376320565,-0.15289769950313656,-0.04527116172023797,0.19840583283413177,0.10501697285615436,-0.08345525945290007,0.15769845557727477,-0.12772158032070455,0.21156842431271353,0.10545725796354481,0.30053617476603456,-0.10773214525589893,0.022906446211705105,-0.06907347075116019,-0.0422412137652966,0.09914004819168755,0.015768479985701606,-0.09598996454709964,0.07048697912303417,-0.10037634132991252,0.13524368010759028,0.3644412177362314,-0.030047170237579225,0.2315113037866959,0.021287722182527065,-0.000409080629387767,0.23825442489045306,-0.019336003388840974,0.10317596507172234,-0.19297236473320992,0.15504461400360467,0.025837308849263402,0.01247006256702088,-0.11866730113553586,-0.11163779621431423,-0.20933213999567143,-0.5866330041211222,0.2525694007199854,0.2875157581492068,0.08193738555371674,0.029225162379437584,-0.08909877943682755,-0.12442224952898774,0.07420560685402858,0.11915883569358161,0.19538540620247255,0.033754835616373095,0.2329957013935134,-0.08245684152390506,0.3491190527370597,-0.12089890237477313,0.11642960304879686,0.13189933527682005,-0.08078393911052878,0.018088090850719617,0.1633442332111606,-0.13312318165622927,2.5504373705368253,-0.05288796846586166,2.309003996508041,-1.0941350083974122,0.7103460900470525,1.1176474920994741,-0.05880659775745842,1.4789999961026121,0.20546166986698738,-0.25634572388093163,1.8789548158254397,1.216802857262103,-0.4573936705978141,0.1568164716436421,-0.27237810760956355,-0.9539439989680267,-0.06567420169470368,-0.9727606185959974,-0.6728854481240513,-0.26648344450766137,0.5799213130305197,-0.6808195640619368,-0.2558197988435281,-0.11938157213871903,0.3471645810911629,-0.6100306165958385,1.089597537891148,-0.16905235564285148,-0.1078035509835437,-0.6267966740119185,-1.4050996076323548,0.48174761633652263,-1.414396864998574,-0.5311079010577673,-0.5891518590615121,0.9207786477670453,-1.12767974865168,-1.2554121818297166,-0.677772336522695,-0.18789194823124417,-0.6097864265215339,-0.2895774323956476,2.6015998094433135,0.10813510979370876,-0.5722838559111445,-1.1144142150369682,-0.7644025091929344,-0.952308998861827,-0.15009548118423796,0.21745709128116392,0.9407477285120219,-0.37270474222592787,-1.197412537021304,-0.19891512160702265,-1.8311275716701185,0.19632134821116118,0.2765803296209231,-0.45617893123574943,0.7499378647739666,-1.0368440291937835,-1.2887758139369063,-0.35056521649667405,0.7985861082693992,-0.8702304984412768,-0.4381828329427358,-0.3550308489061676,0.29305457692578735,-0.4094272004073623,-0.17549572292516674,-0.6823134338510948,-0.8187387736892527,-0.14070604146616994,0.011276925596328698,-0.8712020915151302,-0.3359630441610913,-0.5880661951404025,-0.9561414020482415,-0.8557453160043532,-0.2979063907616747,-0.3658922880649426,-0.7968201677647656,-0.7940873308601168,0.1497437942923435,-0.30645012755943646,-0.3357368853987153,-0.4546441802750305,-0.21403559957364415,-1.1107057520822647,-0.884109821090154,-0.9268133780670655,0.08147896533479941,0.7534715202576079,-0.7837227127749433,-1.2413847525528026,0.21653022330611607,-0.30183336043285686,-0.8348301997403473,0.15551910027182803,2,مريان
-0.07143076569670763,-0.011185929656231766,0.35455686194105734,-0.22279042970200114,-0.23195198537868383,0.21769059210455238,-0.06500578851064431,-0.1105265907107594,-0.06118553100557076,-0.18574521506858566,-0.005774495054860117,0.06964098178504875,-0.16096506307184924,0.13526850592982703,-0.03387608690068939,-0.13504129599336268,-0.3200783543606182,-0.2547141910609236,0.03285284273435379,-0.301857247155111,0.14128702316574465,-0.2891231701001532,-0.03964920451801556,0.08629479961164313,-0.05029112132221629,-0.06616926730444052,0.08965331309635986,-0.13274761571621616,-0.53632492037461,-0.1933129207676768,0.08253203548303487,-0.3255481273732239,-0.2142424661107331,-0.1650400254274051,0.04502737030101886,-0.032566476801091565,-0.018780338739330073,-0.10070787842955427,0.017872044027302546,0.13295181361927688,0.0025703144962335527,-0.28505129229752624,0.10174620009741293,-0.04404364795498013,0.1990916851771028,0.11832029356944092,0.05496397193944002,0.25332453136645006,0.17452161340386715,-0.16150721495066936,-0.09546834299704464,0.18294327404469907,-0.014751349206028505,-0.08693915621172928,0.08187744522950995,-0.08176631812129234,0.29329969985052895,0.04586771024409026,0.26974693894433593,-0.10699706830034324,-0.05258213313290579,-0.02439666764262706,-0.09651960672509619,-0.056407640502136196,0.017663780428732435,-0.06812885268320862,0.06789866362102158,0.0343998643447868,0.048071126636884245,0.3559317297666097,-0.00979124572701916,0.21031232593308766,0.04278990964900324,0.062022274081792755,0.22666568452610872,0.08939920333875916,0.09376200546364594,-0.25646778067430376,0.1806190494828077,0.013830435135271768,-0.017039578343272098,-0.1400051546006422,-0.19381177023781143,-0.20260713127651855,-0.5215242438420891,0.17083369697127024,0.22572752373093452,0.09497346902320138,-0.04219484330755952,-0.11815723316942407,-0.09968889987212147,0.09706836775684487,0.026763852921913557,0.27177614806098077,0.095189714523021,0.19737368652874157,-0.04992565899392227,0.378221983928004,-0.12532747580502596,0.09570085187493338,0.21711869119644694,-0.0928829138612575,0.0023158714537307125,0.14836523885352623,-0.1521651713386555,1.2125868733208236,-0.5178650588554572,1.5282759162612123,-1.2318038855913098,0.32795245261534317,0.6875157297486827,0.07589156971026977,1.0538370761506157,-0.514055270048934,-0.46468085667231684,0.6835919918520065,-0.2027847003193582,-0.17480230195803018,-0.2916254426296206,0.6172202171975729,-0.22970673650535303,0.7330872758941128,-0.6561858502272824,-1.1508490376037877,-1.004736944365771,-0.21081537902403483,-0.48271048170976927,-0.3061056690442801,-0.4608427949188314,-0.09535836972496774,-0.9918458843704413,0.5506722689818042,-0.7963677844877115,0.925035486428998,-0.3973143703453597,-1.4856789973589035,1.5606212261026458,-0.3291815543329271,-0.3273516707705099,-0.1256112410610396,0.9152217789537408,-0.8863775208664157,-0.31869466757573295,-0.38369048281850365,0.21782746423687094,-0.135860243662493,0.715815188852689,1.575971603393945,-0.30917733238324774,-0.6933961141860941,-1.0757727338187952,-0.5068776307089398,-1.0029100670019522,-0.8181857987934059,0.265026872365569,1.0232445768274545,-0.40557231987490977,-1.5448609588174174,0.24012314480294364,-1.3584684752238323,-0.3078432510151823,0.4117902315653101,-0.4531369851989934,1.0801768527545494,-1.29208903273265,-1.1038218418111536,-0.4575756609869978,2.5399937515095723,-1.160154090218941,-0.33033698906913733,-0.5834455688598104,1.4179023517984708,-0.428850824016955,-0.02666194659508723,-1.117382792241831,-1.0307747016914417,0.13368593728445038,-0.6065663602222575,-1.2527058510281603,0.30400528178706127,-0.7268292210044192,-0.6645325009511754,-0.8594748825696303,0.117034967432331,-0.8014826638408091,-0.5590869387966145,-1.0134477483219977,0.721357977287724,-0.04590127393221501,-0.39152241132253407,-0.6975390679334762,0.558132436090963,-1.1104148224156238,-0.4492389647106268,-1.2125836421639384,0.16184578182032108,0.5942671255009369,-0.8925482556956498,-1.496319750712362,0.18373978428334162,-0.45733922618547584,-0.5195597550343602,-0.420694228567859,2,مريان
-0.057243987156274,0.07642282368908342,0.3304218770506532,-0.22099517971761226,-0.18923410691066364,0.3879690466873842,0.01536181588126653,-0.21048808631490154,-0.10375451794556029,-0.20395399269735637,-0.04042006459863853,0.08486534387631288,-0.18355557964927344,-0.027607253606359253,-0.03806600335902659,-0.1359336985882459,-0.3543677380728233,-0.1794370271063821,-0.07535324434422727,-0.3040506733226028,-0.000820200249503819,-0.3045833080943266,-0.021769067983492086,0.09233428875979637,-0.0857852804206112,0.01866753126602846,0.10553143515358922,-0.047653728697813494,-0.4840894851383706,-0.1321310828869268,0.16513008868754125,-0.3121019791798381,-0.21587074964798061,-0.21046857673542216,0.047949077249851674,-0.08471288234744268,-0.01694677087582883,-0.15046770504198126,0.06953734406895895,0.011725192804242092,0.2304036777714632,-0.1829297143447591,0.13780244545218173,-0.21259233253719234,0.24298918842131392,-0.009713569934992877,0.013119872443842247,0.12042527415309724,0.13330237274541729,-0.22150047639715295,-0.08769784913441356,0.23336090402941473,-0.08051738578409129,-0.07393901675867988,-0.15429099072636193,-0.015734933353163092,0.4109534470491983,0.14347919664555145,0.25146926686350285,-0.1047472033768705,-0.01647921099421861,-0.08336948809668022,-0.13007021808351846,-0.16653708855480098,0.06391502077671925,-0.051554034183674956,0.016202299038103114,0.17532333721674329,0.15907614344168147,0.48137467818146884,0.004692467314747759,0.2145712143593923,0.034557602541898116,0.0160205271507725,0.14490663701031942,0.1756616498788521,0.13158272950503863,-0.2701050903446973,0.14344643250905634,-0.05082672410871844,0.04829927088418099,-0.27951691560141,-0.2607332573248677,-0.20792193341749174,-0.5366783633153217,0.251494016848946,0.2997057999230697,0.18453708390414747,-0.10809706653505663,-0.1993052496736638,-0.06470736668107764,0.07676413980139252,0.018381709057303262,0.26048869811539255,0.03947152522345893,0.13042821203374216,-0.11770209038497834,0.38611393418738166,-0.08501577608393657,0.022511376669264158,0.2480605621583371,-0.0973068342981017,-0.007209182580861618,-0.005225575838607965,-0.2262309155272756,2.3041261402964475,0.5425663240043278,2.857575922022308,-1.185958028336444,0.2721379914987799,0.3022538352593033,-0.32779115679085025,1.3478424147309134,-0.04246031886720937,0.01143563497632567,1.4614464327352994,-0.8602997006850607,-0.18593291097370238,-0.3243481822897145,-0.7884411608981723,-1.0804219050730515,-0.767749078479803,-1.2384207962227896,-1.014903858389501,-1.3474546607703257,-0.7933239973297281,-0.8923780940858702,-0.5015665211256645,-0.7645533844553275,-0.7043914085509804,-1.0856715089505944,-0.027064010489325198,-1.1002106323471388,0.7452935712576548,-1.2709726567322372,-1.3108659788257953,0.6495302031815093,-0.8550468823026132,-0.39258078026907545,-0.6176779922090992,0.39598522136903014,-0.5274536332905531,-0.2422240936781915,-0.8146356397921916,-0.3489929896061047,-0.4940351936736255,-0.37054948773418217,0.46799160119926553,0.14329339037344843,-0.6436445692281044,-0.9940998475910914,-0.4602687540022028,-0.5622161033282145,0.03127124355622643,0.48631831577602214,1.9034858981184979,-0.6383137380779977,-0.8530055411492526,0.6618984279189769,-1.9510576778973476,-0.3489012672697913,-0.37031136116362684,-0.16831251147350598,0.5203232403363507,-1.3301511278164442,-1.5260561397708474,-0.3013045686020469,1.2730283316235347,-1.777703047977463,-0.44929910139505347,-0.529864558308271,2.5037657002635023,-0.9121348467829403,-0.09547641533016123,-0.7310009668766566,0.27118570482245546,0.4256572235278803,-0.8151070644093827,-1.0938915036221735,-0.18454704147904497,-0.7338213802736185,-0.7101024674215127,-0.7780075621792213,0.9859559655060358,-1.0002355702343706,-0.16637441058623534,-0.8815241165876497,0.9371957434137143,-0.4834546890639201,-0.5313116679532506,-1.3666661599846008,0.1129936773151607,-0.9759920670994087,-0.010063249935574305,-0.5506400567866758,0.5907811584867546,0.11175497735719031,-1.1876194169806111,-1.3332357246515898,0.20155980223151024,-1.2313483049610674,-0.64580348851237,-0.6642808317024441,2,مريان
-0.07934818657622464,-0.010141684438878458,0.2875079253914978,-0.3138150478990873,-0.10795614781629483,0.36604508744873615,-0.04557777864258847,-0.23115388763821318,-0.16076245764739283,-0.22628399552994113,-0.04111141629381557,0.1658784127760041,-0.20539926839793293,-0.047419668515861324,-0.04568439984814406,-0.09980424730576598,-0.4213575083656262,-0.1982692743162232,-0.054667597769553516,-0.295140161875956,0.039835068014771935,-0.28835444071685173,-0.043985677220321255,0.10475796930848219,-0.12465317082284243,0.13104600630771185,0.07343895038049016,-0.008428972097595995,-0.44649477460206766,-0.12442883661324791,0.08089319878212779,-0.24486737449721907,-0.1389083020720081,-0.09275370427423844,0.02520728487362811,-0.17039806159678783,0.001841657320036958,-0.17592957432626363,-0.027312018676523987,0.05317748484712176,0.13456605057191826,-0.09390791611692297,0.05407268057777348,-0.12033038102473119,0.07185862166618337,-0.06852063920025697,0.02909126300004506,0.14743456665266386,0.12618618493153372,-0.30691275977974625,0.041259472881436596,0.1750127309314834,-0.024423147871710744,-0.038286842446789704,-0.0069524858161108686,-0.03189312065427935,0.4164762722205688,0.1634204452130617,0.14677751747957643,-0.08409487276624224,0.06415312590697016,-0.16213507459100351,-0.17814465623163875,-0.1526659657895845,0.07930579919403737,0.0616852023533892,0.06895321368435235,0.19717724356306537,0.23224575062097885,0.552237441254928,0.00013554162664639494,0.27410232095695425,0.1302720070399862,0.032518643815557496,0.10998643707720906,0.23830457106696595,0.201618380868831,-0.305761340932707,0.10942832946133318,-0.05716384680487267,0.08882936849943651,-0.29305853346525784,-0.1973513453231758,-0.15808030873381163,-0.3647503487746656,0.23979517498748365,0.2560193616350871,0.21056703521055123,-0.07332655999638808,-0.24158797624803832,-0.07656447013601732,0.07679119295845946,-0.04766089017699998,0.35352945755256693,-0.029588493543240276,0.20136627160330406,-0.07804325118967723,0.30446697993381994,-0.07457181516207201,0.023868447809377743,0.17987442419869368,-0.10756839157678713,0.05292572652186359,-0.0893649742310511,-0.22282430492955277,0.31815019594662347,-0.46962842048952075,1.9554724487816022,-1.2456177565775883,0.667031820500085,1.3952237511910888,0.9156838361660935,-0.7262753380164234,-0.4951669096078124,-0.3846896266330057,1.4445212440373127,-0.09110593288165779,-0.22612772457861083,-0.43217061828007713,-0.10475758733957366,-0.25614288858550516,-0.7626167800244328,-0.8444040187491487,-0.7533241556599808,-1.3267913944647634,-0.4120588131945709,0.06277045868380227,-0.01631126834561401,-0.6750558023976011,-0.472266840677094,-1.200138547737342,0.26932533373363576,-1.081811932973254,0.17550351344499274,-0.5144547386865089,-1.1621351549182797,0.23106269617273414,-0.034767102751448634,0.0992596458829537,-1.090144923483459,-0.7567708983214062,-0.431356089708774,0.7102778774504773,-0.7236745715893858,0.6928184141120646,-0.7742142925544744,-0.42850707317823467,1.1153253944863164,0.027481514807133244,-0.03695927029943298,-0.8038209353374138,0.21131962674086321,-0.5071966905536271,-0.9207853184817636,0.661436433963343,1.2087452767758657,-0.23054626844962225,-0.3268614134300771,1.2559523763628724,-0.05053345603821439,-0.6633794456251686,-0.10528196949642792,0.05929892620021216,0.28785570976388125,-1.2710134401343318,0.5927496480750558,-0.5169789568932371,-0.21568430139741732,-1.7226594188009798,0.04198796367117336,-0.5156664377594679,1.1924588139007208,-0.5436667775947487,-0.504277456465241,-0.29495369653981945,-0.8244464579488066,0.045247118683687235,-1.358413639805867,-1.4436758157598193,0.8126269545613978,-0.6454896501066709,-0.6830492115744067,-0.7065288639299412,-0.37885114654430635,-0.2624464309385977,0.16014859080336,-1.2003621498719805,-0.12549581647519525,-0.19140552843466038,-0.9073928227117529,-0.6667788554349056,-1.0519550974087404,-1.068261473253482,1.324055458356538,-0.5329062007865661,-0.6606075745884036,0.4739444198128464,-1.1317335042120853,-0.9409204851098707,-0.6568096718999562,-1.093092265136474,-0.29846767044234984,-0.7350880923836272,2,مريان
-0.23134337100567598,-0.28419028268950874,0.1378938168577891,-0.27334567142333355,-0.08760564079574511,0.22556081561002037,-0.06658231302516279,-0.433445237977644,-0.2591309528562632,-0.20878319441986312,-0.05421999093336878,0.12799790299100963,-0.1792818799449469,-0.1270736837323501,-0.13243900887126223,-0.20340944912354847,-0.36582987671177203,-0.16714111538575266,-0.18911409162715687,-0.24370703325859344,-0.16321470280758626,-0.307034216995213,-0.017554632663206508,0.12340173908239835,-0.15278877360420648,0.19982884528264175,-0.005732573610280058,-0.017624070665322768,-0.4981909634709528,-0.06133874281521398,-0.03154000095906331,-0.22915700024427554,-0.3451271747138352,-0.0822434536562071,0.05121372298829574,-0.1345850547736001,-0.01663295726842039,-0.15894934364225174,-0.03269047028091237,-0.09053255242473059,0.1195736705780771,0.013625414889428472,-0.26884980402437886,-0.28764379418465186,-0.15517131638657056,-0.19412137810015606,-0.14943884971924942,-0.17391738842267315,-0.10836817869643868,-0.38724244043571604,0.0653289785814518,0.25126295418222433,-0.2694269233356647,-0.1544917853690081,-0.07998294045718743,-0.13310724670000862,0.3540645510730462,-0.014887783004783012,0.09597971622944895,-0.12002704298437433,0.08866035313586562,-0.18640778891962434,-0.20057084110960907,-0.08708434584577321,0.12357850474730508,0.16314739846517953,-0.09811120557414917,0.2059978099577207,0.1372974371965627,0.49770107115920414,-0.13725793551163618,0.08914801001901779,-0.0014572819797414086,-0.16137749569228177,0.06942803521695014,0.008569748528420556,0.2765262107409033,-0.5772049211456861,-0.16881847864388827,-0.2366226426134216,-0.1186102979213035,-0.5000536191595303,-0.3110961509911768,-0.29073073447618153,-0.2925671588451464,0.16787978190368863,0.0706341249606585,-0.06882753470381986,-0.2629246764140521,-0.32829995624964803,-0.0712564292221966,-0.034609576596320565,-0.25639762723942094,0.22735245642764934,-0.1537812582084547,0.1252357317217168,-0.28302380587345977,0.17433610364210142,-0.10027427035533173,0.03678188712025114,-0.08733769229830331,-0.10332799391982628,-0.027408637825462625,-0.08907999884736863,-0.14108645098700104,-0.4493794308395337,-0.560298484497807,1.3067854055007297,-1.0977799305333502,0.36564267412899304,0.3623247190251275,0.07975016441256448,-0.6256760231924687,-0.6100264744612127,-0.2884134272674273,0.5215922044457855,-0.2388468109923395,-0.4926766355662163,-0.5660988663602304,-0.17701769152111713,-0.6559536058560171,-1.0769882009476603,-1.2023453514153608,-0.06332315310815365,-1.0882083974008097,0.0659629597374748,-0.07692918079842398,-0.04534245950520309,-0.5192416355341866,-0.3468715701579285,-0.42704559019845645,0.1069933828028758,-0.7609364367187326,0.46343902934222975,-0.7983931298406511,-0.3145029147367347,1.0012562068757134,0.5571991393412659,0.3060402498428065,-0.6475557543561876,-1.1276390159104246,-0.11778370684126878,0.9234699749134799,-0.6869507424380804,0.3290822995558688,-0.4160287073917778,-0.6714235697517199,-0.4567331789709,-0.2151768741361542,-0.2625069707595096,-0.6998567325007308,-1.1191194392886048,-1.0260079942098848,-0.7141157864741451,1.25573482105546,-0.032249566521371176,-0.3620598640471854,-0.8366163311760982,1.6539822392853096,0.34176769617637653,-0.9266464969224094,-0.3019894597895792,0.4200344563027304,-0.48204029800587805,-0.6734352508946305,0.21060543209797608,-0.49546190620819885,-0.3218791661522885,-1.1959278194785474,0.5606786638234358,-0.7033765813733405,0.09296149497689353,-0.7306084614605115,-0.032882700247175656,-0.43301440214510545,-0.9130210923546459,-0.2753531669980328,-1.3857122346789081,-1.1856317957505027,0.6446768539029785,-0.114707594439113,-0.7681333871241967,-0.5974226105891735,-0.7975817518837365,-0.2018236346920148,0.056645005328869596,-1.0468999634220253,0.51674602204157,-0.5239035607861122,-0.553687103781293,-0.4708363581985477,-0.7315146329676765,-0.24579183582688188,1.2244642577885791,-0.4232077059394553,-0.564086720062379,-0.21153512154371337,-0.07165764717931646,-1.0867218947357928,-1.1699460683409755,-0.16748693902900785,-0.5152336745586105,-0.14597277412818163,2,مريان
-0.2362452032173754,-0.28588390830037413,0.035721721323328,-0.2125442376899581,-0.0834920752700337,0.29763508507711817,-0.07654288343445476,-0.3875699581935224,-0.19607951479610544,-0.10985716522691263,-0.024780911324522592,0.19042924694779786,-0.14773924657109244,-0.09539997803067421,-0.15330253721169249,-0.22300137123119745,-0.4080466778075749,-0.1535050825306712,-0.10983891412652695,-0.21309358167339118,-0.17817298588315136,-0.2681964353787561,0.01151413976409794,0.12312902598336169,-0.1322330063084654,0.27413297427799116,-0.0996261456079882,0.010195715520218024,-0.5311780613727809,-0.010635919825074067,-0.0040862797140628964,-0.21971100368075516,-0.25826353175857475,-0.10782151066958967,0.0944017572329034,-0.17176965312072714,-0.0009726962374523484,-0.11926331490053191,0.05108834317465304,-0.0015688780092748488,0.1220683677438395,0.10970902270952138,-0.22768736456576702,-0.26988723326030223,-0.2371211578905629,-0.13332957177600255,-0.11121759792801741,-0.14472699623343074,-0.09148040878683843,-0.25495516940594315,0.10418712654236291,0.27438791971134374,-0.30920788428883295,-0.23216586801784161,-0.04994099426119246,-0.0652665632654315,0.2797495297950546,-0.02299777148579388,0.061608417311113765,-0.07719503807196844,0.07324353301679618,-0.16938872538693264,-0.34389658116966787,0.054403055644946484,0.13547453343667995,0.20274353748836785,-0.2096460518236856,0.08765122992187788,0.11683589462368284,0.5233443104168704,-0.13259252049670503,-0.023595926957089987,-0.04052244097777516,-0.1321351354852804,0.23713628392171143,0.022426859418228563,0.24574598059835603,-0.5401056400600935,-0.2619112635098339,-0.2664646385784543,-0.022226381956649905,-0.4275806470295423,-0.25527711640152867,-0.3150720329183633,-0.09314123184021585,0.1627867669429415,0.08563490725991006,-0.2417654236168883,-0.274474984182973,-0.4026287374370392,0.021033981254024815,0.04191814843657264,-0.265287028474887,0.18752654017445933,-0.07798943550148418,0.1282842640881261,-0.21924531888032822,0.24954310128513685,-0.16038581583229197,0.1475219733256126,-0.13398633184362252,-0.0886740893424752,-0.012567914704943799,-0.021718333498298645,-0.025157066497807058,-0.7073270947545574,-0.6110366884397355,0.9464232188180918,0.0008485401436624968,0.9133304168842541,0.6832076221659196,0.6965524489381621,-0.9768870717607778,-0.12487596190199687,0.6614107961287388,1.2949930583154106,-0.008652393630278327,-0.27561383791103644,-0.3203536905120209,0.5606880799950643,0.11805527876768247,-0.7281610085962241,-0.5808725162427282,-0.060125950792043865,-1.1053753124440506,-0.09326936351517633,0.029262096363782745,0.4418216744274618,-0.7148991204479966,-0.5274873356611516,-0.2677010345750503,0.4204935388108271,-0.37916847724431585,0.015672612891328656,-0.2959817433450343,-0.385701196641868,0.31140394797764004,0.12363271771961754,0.1882680063575963,-0.33476060053198664,-0.7253571536591332,-0.1643944606595502,0.6998170563206747,-0.5573696615518723,1.5158872148943878,-0.31194556211184415,-0.14962698491532508,-0.8189966593681941,-0.09827267943423665,0.3443880600798536,-0.2995037694405332,-0.9804368805861198,-0.6851183886288308,-0.7954176710146118,0.7734196543219349,-0.14710740890700383,-0.22547010506476134,-0.10180508634790454,1.640396365749461,-0.25086524152472506,-0.9682518849866139,0.16713394271251608,0.5927021922714641,0.0028704071205254856,-0.8208100791113901,0.4025003458042574,-0.36192984997951,-0.2928925985681249,-0.8757869321152671,0.06479890287323999,-0.4630507765913511,-0.08519872517083567,-0.47857115658919813,-0.15966602090559442,-0.29700368864915055,-0.34426056468747673,0.10582500602068895,0.1980055729489997,-1.1570941773968517,0.959056271171461,0.475112866526062,-0.6081677337214968,-0.5984562467213147,-0.2288967903924938,-0.690062919414773,0.37409290245682025,-0.42440091354841525,-0.44421782488040107,-0.4351806823860095,-0.7199838591250118,0.05635604515668967,-0.17974118123486635,-0.26944781318031163,1.804121704900423,-0.1401667350380968,-0.49427315758676177,0.27188658857927034,-0.5460979770460727,-1.029044967678326,-1.1874320866980295,0.356975692869467,0.5319187577447617,-0.30673855993614085,2,مريان
-0.25741538097813343,-0.2391942107767105,-0.043364444546433505,-0.21344464823576698,-0.010193544361168589,0.3454058181535952,-0.05215720195354713,-0.41730885900845194,-0.1571849548655376,-0.06340411204209864,0.020713351575831936,0.2721841476471654,-0.10430147031634751,-0.05986815506515077,-0.14021278132822176,-0.1582801654374858,-0.3471634908708829,-0.05076418932511822,-0.15816594163450198,-0.14314576929214293,-0.18550612329585353,-0.14835847323866025,0.01847176834539465,0.0848628562856282,-0.13948630332182135,0.3014382053124196,-0.0967040632468342,0.011049654871467689,-0.43971104721819576,-0.010410173779690515,0.016717220929631422,-0.1823853230311644,-0.1914510285507658,-0.09923564101117394,0.06288443742059097,-0.1046682809411312,0.09322700178581657,-0.18470454381621748,0.1434200312621343,0.03253284280202387,0.08522592811096187,0.05425189418079229,-0.21615379991098663,-0.25165341955294185,-0.24538565411138621,-0.13423004188867618,-0.06743012060435766,-0.13068404562694033,-0.060498232904697385,-0.1500810190490315,0.060817712282678356,0.31978531500959173,-0.3519092914353019,-0.23501536832136888,0.03142273294231989,0.06405901011333592,0.19348522385650785,-0.13906321996026721,0.07865838896389396,-0.15236675889004825,0.0958303450563572,-0.15972054967256766,-0.35100770836180045,0.08357700340077333,0.11671296297703097,0.14855244281562202,-0.27216242659295337,0.05422284210102328,0.043699209832641986,0.4682576265538144,-0.10883749530515538,0.051116444918283384,0.035901065427240454,-0.16854556577407231,0.1986461483259095,0.008607532771097179,0.1854450918151538,-0.543038666528153,-0.30228556775064175,-0.2898933347184602,0.008060509380094312,-0.2994194405249945,-0.1588506661639454,-0.25633884524866724,0.029408197411618056,0.18627125733066616,-0.0016741530283559424,-0.3320584700672815,-0.31467738151221947,-0.34573015936667073,0.020501905144219085,0.06642666063169893,-0.26504159729934723,0.21312826933803095,-0.11487737527079138,0.15040137002150863,-0.18739976143655096,0.33672373377239134,-0.2072239659340152,0.181010170035511,-0.13123311110327776,-0.08194055939723383,-0.005309525868420196,-0.02123961795795444,-0.01291416457591792,-0.6668861547009681,-0.5421041793011668,0.496307749186632,-0.08824584722302407,2.0908685852512545,0.933565445821864,0.44219481886940715,0.6067025783602462,1.4602229440750052,0.5794673034789264,0.750319701222424,1.8236934263153577,-0.5572167949094378,0.18626313551747908,-0.5345467587983252,-0.899392774497054,-1.5615262561069958,-0.956096945244791,0.10152677690777402,-1.074184747550056,-0.5911109911152124,-0.5100282529643906,-0.09441101708745649,-0.7094977746701576,-0.4539828762750562,-0.21789908611646588,-0.11154175353938962,-0.4872634136835548,0.7601885990710645,-1.1037517453214478,0.747776022009927,1.0984378379893667,-0.2123730131837743,0.6194338896928677,1.0087914070870334,0.1021687529517353,0.28991149995724486,0.9510950296584461,-0.47582513869786136,0.44860439549695436,0.5555456187812292,-0.2472588006752012,-0.7086225396423755,-0.15654567091087074,-0.3507955619348722,-0.44210484479557116,-1.2586419487999592,-1.0098055405201634,-0.9824874649922037,1.2803286442882478,0.452784978145542,-0.2894642995415182,0.5735022822122359,1.546293072753419,-0.7595061392116271,-0.6666555323189187,-0.3123479854761968,0.601294715270417,0.9930123374321309,-0.5738288262908093,0.10902491362184794,-0.39891226766539695,0.744638580572969,-0.727742826827437,0.1034450405502772,-0.3454513594864546,1.728915818962363,-0.908982475699423,0.692109556872683,-0.34999140197868356,0.7214004943357163,-0.528819605282702,-0.8934866873280447,-0.9554651314984571,0.8728240041757738,1.0004815937860043,-0.7117125946017456,-0.7536353481174255,-0.28482080661200293,-0.1561687750315376,-0.2674504020079953,-0.40482378783480616,0.2782911804566818,-0.28072192383739314,-0.48428054975879026,0.31530196959742784,1.9522480137823208,0.48671786487250757,1.643492853207857,0.067906150195549,-0.41688826647283955,0.09647841424492455,0.12115744005475529,-1.010819557788765,0.0830152777844486,0.07568855752235283,0.2623352154746006,-0.44048353465012846,2,مريان
-0.28520365955019816,-0.3733050049812267,-0.015187261562421263,-0.2313669845492957,0.11415615565101617,0.29394800784714875,-0.05114752067624229,-0.44756641560463856,-0.11215091705718709,-0.06514951522628527,-0.04122202012849356,0.29112586851777855,-0.04067327277376225,-0.13793293931941325,-0.13935723644985606,-0.19473797078667723,-0.3973092208398386,-0.05616837805770783,-0.13179752137499087,-0.1967385158428013,-0.24773144727747903,-0.18821434811884744,0.051693915846259965,0.14525700380313775,-0.10331265198245042,0.280219837555489,-0.0797919884172341,-0.001306639137766547,-0.3920181813065746,-0.08411984551322507,-0.01789558884104432,-0.2070797012796842,-0.17839055184795008,-0.07691321881749255,-0.006777264370893005,-0.12611540393630882,0.05896120152432521,-0.14831081962847667,0.15947505444658883,0.014989864477248272,0.051818673317372034,0.07526421830090263,-0.1836175089137251,-0.2763060692505337,-0.27929490770081244,-0.08624031938360534,-0.005438158391430042,-0.15365501983711466,-0.12212965475793244,-0.13521994013929003,0.02562014693326068,0.3667824286994041,-0.38666442878974977,-0.16569756129466515,0.09081567645081841,0.04574799474597224,0.14186708986525381,-0.0664385737480684,0.05017873018861136,-0.07825450535871808,0.07513145624214329,-0.11060280021691743,-0.2866256300787292,0.03631218585854297,0.17518037353295088,0.05372242725321543,-0.29071291181761616,0.15973392966498737,-0.011702754623259091,0.4222940095438038,-0.08781342853574611,0.02450902946037677,0.032797248642808134,-0.2002582205030319,0.22350857290555176,0.041908803503960916,0.20286069775097937,-0.4630776428254315,-0.28995127289347156,-0.30605093092502605,-0.031363809377963014,-0.24828851979526004,-0.186575480970391,-0.30149201070457027,0.06049903686804226,0.11807517719048881,-0.005515760927310713,-0.321799158695456,-0.25835862847600605,-0.3927407414590367,0.0561447545042745,7.653997341972272e-05,-0.2459588478820612,0.25448884326505034,-0.1178632775318446,0.23099698504692626,-0.19751360142226151,0.3319236450318959,-0.16827499158824347,0.11514287580692005,-0.1320226454652545,-0.08075935674166222,-0.03820407454169452,-0.05420081631173587,0.006415972809822892,-0.18200274354163484,-0.6934154536882658,1.791082183269675,0.4447626391716114,2.866143825065258,2.5478620295298904,1.3995308968123568,0.19938354695461938,2.645195507161478,1.3754361475702273,2.5466256667474156,2.983116537006658,-0.25487747297610835,1.251428515559913,0.1819804201005466,-0.23548553516409776,-0.28191164430273724,-0.3001195446076684,-0.4499691351813571,-0.7828791721251721,-0.11052809195086695,0.3040030678754784,0.9523492716190307,-0.06918630451952812,-0.14219285862618952,0.17574869774069507,0.24425955100292798,-0.018178367870607465,-0.4393762406706984,-1.6960068549584177,0.7735330407029715,-0.24180640511687182,-0.6349427478072375,0.14562884540715876,0.34693464146380176,-0.2940131319825909,-0.07459908007232116,-0.01284551248448907,-0.5519905196286564,0.9248151360780379,-0.1786073784045925,-0.9146462631660247,-0.7068084383172645,0.3580149267495105,-0.7926355057906713,-0.4996289412273917,-0.8240521735570397,-0.7203742770491438,-1.3775594494286967,1.6449960493183717,-0.11939303812472049,-0.5093183929180491,-0.013629206841176177,1.2145394276809454,-0.6034993361940193,-0.47549680440135805,-0.40627448029421664,0.4623896940841786,1.552654508461902,-1.155251949097231,-0.3826637408113814,-0.4522066399237836,0.1803960062752161,-0.2870387005172828,0.06371520610433738,-0.4381306910762711,0.09546739882369738,-0.29323302001511775,0.6954348889930794,-0.3470123682036195,-0.09285102772448506,0.4686411201512332,-1.222235746875886,-0.7290440118344161,0.33354538318345855,1.1523771526199704,-0.5814615295476072,-0.6929534466799838,-0.5074890344880666,0.13908476746445633,-0.15337530201976537,-0.07177283941549883,-0.34555265612074787,1.1113001375540117,-0.4300707983499952,0.2703622548790332,0.6817333691800749,-0.052154536233071584,0.4771153205064957,-0.12889310724738345,-0.434919365912452,1.2500548477337659,-0.03694307433755977,-0.9192663911859297,-0.9692204981989357,0.4843314990011953,-0.5863101541086762,-0.6115020868938839,2,مريان
-0.2860006825003892,-0.327103282149715,0.009619768310482125,-0.16711229992882054,0.15445839147155957,0.18296224951135073,-0.11949284758661467,-0.4830287800097449,-0.1320263363547314,-0.04705770972213176,-0.05005011573038113,0.24642919230554072,0.052991419025411594,-0.24155306472339094,-0.1095889581057973,-0.18432832722228631,-0.3451648612815571,0.04564005863470332,-0.1219112729747888,-0.2916431554643635,-0.21201419934475946,-0.20580841020299626,0.1093039360146041,0.12482833804532109,-0.11415943423672313,0.2845483166092632,-0.0598045669414331,-0.06719856140479158,-0.4017401845803049,-0.07206181959334208,-0.026448247178931704,-0.13975961274634835,-0.16506513781309243,-0.06657659642770496,-0.052219017494990784,-0.13401140688122395,0.08372977403711683,-0.14828155918754682,0.1849272745598445,-0.03650554054812914,0.05015312938830797,0.08678983621281883,-0.17433509449265303,-0.25727796928288166,-0.2940584411167998,-0.0868948537746924,0.0021422060751477004,-0.08839983671823912,-0.1415155500430845,-0.051513934623650295,-0.038234697436658506,0.3873422297193947,-0.3440435846724766,-0.18203544469824956,0.1207924654675478,0.0752461874513233,0.08260105225089716,-0.05756442712230492,-0.01018938511870001,-0.005739340216851444,0.0990876079804137,-0.0010682754492243112,-0.1908631062297946,0.10869187769074914,0.13625251681754383,0.15741351179380833,-0.306175296190597,0.16258673527598608,-0.04344797924772978,0.40977254745606323,0.019126153722688173,0.051712826690088386,0.09049028423397824,-0.1926827829886771,0.2152857163898964,0.01967311813966899,0.06767364337342222,-0.4300001991149093,-0.25034741284809614,-0.27879274581986657,-0.05935121425505502,-0.223983673337487,-0.27660071845814005,-0.3056101156379047,0.054128022914918444,0.13649874735920567,-0.05114027769129356,-0.335671030131996,-0.2722728058637074,-0.4487290067752116,0.04504737204533223,0.08188618855497852,-0.3354014925601698,0.2703316992622281,-0.127671174124678,0.21052802420163616,-0.15135237835663698,0.32798608461171963,-0.19030528712545516,0.06296493213319505,-0.05039623249069277,-0.024362214171311635,-0.11631747636916864,-0.02065766930501225,-0.008112547263543013,-0.35049404319973265,-1.3138312067810725,1.2361659830138514,-0.13924093187769554,3.376718437304547,2.464095363676819,0.9988143469476254,0.6560227318362624,1.9753700539792811,0.759166538640047,1.090210559317593,4.197713393682071,-0.830915661594903,1.531912412247714,-0.1399880432654189,-0.3905453005352909,-1.226097774141991,-0.6510931041634865,-0.22100571187073081,-0.3888266610613272,-0.012519715121854513,0.15201508857287538,0.561891700353815,-0.3475870941490042,0.1265304525292134,0.23989619883224705,0.5255628299775545,0.11530538523888086,-0.13359238479330415,-1.1861991222572292,1.1294815894822048,0.19405591777810346,-0.346793322124669,0.4580394235165632,1.3164264661505367,-0.21625915850116767,-0.011638622568030261,-0.14148994958884967,0.48912360545423567,0.328337116877403,0.23139634109787,-0.2330622757309443,-0.2943976405996488,0.7736813656443092,-0.734353389888775,-0.5586331987673928,0.9752650341684204,-0.2657511864319191,-0.5346476818168877,0.7943020514523803,-0.2726906684434324,-0.532705101805217,0.316984376757649,0.7672129942834464,-0.6503478265983329,-0.32289865153695924,-0.5158377709196157,0.49950855355022794,1.5686371361667288,-1.0111416185964424,-0.41831336240573136,-0.740607943396776,0.027347234308507933,0.3885002519606626,0.049691943136464876,-0.48135249111137013,0.2016742549148958,0.2527057108364857,-0.041152704598035446,-0.43132544584892263,0.5109179380409136,0.7963896783904997,-1.2140908394799579,-0.8648647441037548,1.8058404332437445,1.564467006938073,-0.6416817236150653,-0.48769806084200673,-0.22215741925012672,0.25389974669019066,-0.3464015364700549,0.08190987373822801,-0.27892319828151296,0.6725317523467031,-0.7670781031878467,-0.10423897225476936,0.3933907576583434,0.25371180440610897,1.0469060414165807,-0.32814693367799797,-0.7474424058116578,0.7119844986459414,-0.6155396139081888,-0.6237727489356317,-0.110699051617143,1.1284599589945903,-0.8315766190827106,-0.5884805959948041,2,مريان
-0.3214270519157739,-0.1395896516732582,0.010054767786538708,-0.07749881908942859,0.14642310847190287,0.12035758606914268,-0.1314719292923167,-0.48446374752544763,-0.15871983025656733,-0.010980914996908389,-0.08901382938269266,0.25634781824753095,-0.023674647059957872,-0.15985388079264054,-0.14626258035774148,-0.17377676967520791,-0.23479581532316218,0.09095342821509589,-0.08401573888800025,-0.1830105377728885,-0.2610792674311382,-0.12292412431717209,0.055752849286836895,0.10821370047607061,-0.10912027784524263,0.2332973209150781,-0.1598378361830304,-0.06722833691622908,-0.354424606793479,-0.01325849637977553,-0.047098566974801366,-0.11738650846092694,-0.08808269450583046,-0.03298887351137509,-0.017199300755644024,-0.0888347493058284,0.12437449838902133,-0.09937437062286417,0.2644873426631693,0.017463152459321313,0.0394078417148395,0.11989004809595603,-0.13793270998709634,-0.20801414739650687,-0.2896311005270161,-0.1282818560384249,0.04894081002714773,-0.08238895780777133,-0.1764036528409768,-0.05499644247248821,-0.027094916990601802,0.3943449714021756,-0.2762646781779727,-0.09459330591032114,0.14027593496059615,0.039835542685800064,0.12447421084820186,-0.08567472614925506,0.008182408902794425,0.0012705761835515763,0.055282089250720555,-0.02492604007330549,-0.07121505819870984,0.2569641259472045,0.17061019748263254,0.20965516173794196,-0.32802269215633284,0.15892484028338455,-0.06480780975415862,0.40246198226443386,0.17845435471770474,0.12499156851415776,0.11967898163855176,-0.17960734071044887,0.19550838967587475,-0.01825531354534574,0.13119447069270918,-0.32841886913689006,-0.1105313346530538,-0.10302722574200694,0.08518695759505374,-0.1759290885541004,-0.05423967407354134,-0.19821802555832188,0.08570220468639676,0.2890010421782551,0.02513961079127773,-0.29862651660699796,-0.18857865004262708,-0.35799529542248265,0.06781354005952564,0.1305776314151239,-0.23668026609567855,0.30066161805459934,-0.08910014505465098,0.30293326643249296,-0.09004045547954205,0.3853819705158165,-0.13529277455388874,0.10640739218756627,-0.08752372976784605,0.07207061790922228,0.029990619885196912,0.010764358237571464,0.0690083442842092,-0.16834200145318196,-1.177672280278603,0.9561166893336396,0.9709943123571897,2.3240296613950604,1.6102248120591263,0.20659835169771176,0.31647009833055806,2.391379014812852,1.0309020420225365,1.3476904325714822,2.744609501797777,-0.44389755573404555,1.4790196981926669,1.0146328509065035,0.2208659354282678,-0.1012410492497148,-0.12913888210334648,-0.8575953830151466,0.33616564589613507,0.684406647298228,0.478453598323707,1.0700917737031055,-0.12768952993054375,0.29100538612958143,0.5984139730846706,0.8894495603367597,0.8640873586806458,-0.4955559849817933,-0.6585592593348119,0.26211289537156107,-0.19566082806181784,-0.8456331574688821,-0.01834012799699674,0.4517635715061148,-0.4868969833275006,-0.20508527494333767,-0.152587041135825,0.21253576424693146,0.7685874371226156,0.18655562529997824,0.11184433993816605,0.09338747438900839,1.1652189555050882,-1.4052873916896877,-0.6304020674426952,0.25625682307313574,-0.0785420330725314,-1.121119111529779,0.2655860255129868,0.20568159216084445,0.7347607859478572,0.1900649632095751,0.4762991243372396,1.8168899056402894,-0.19291543419839172,-0.5252818466244471,0.18683949044372178,1.560055656172181,-0.5375892261908446,-0.813306664494513,-0.5208483197906945,1.8167628056837843,-0.02357447728268372,0.03919398135896712,-0.49719016075701566,1.2578808787517213,0.10265222626520855,0.3728338870706353,-0.23573773546289298,-0.30250287909460755,0.6477385581793803,-0.9003729661935972,-0.9056733472641403,1.3527671768291425,1.822193941939921,-0.5065781004273666,-0.548921985057528,2.5132452992248675,-0.1336256867734763,-0.6703943171297294,0.21449926049322862,1.1821086161965182,0.835023226875504,-0.24010229480931253,-0.14943412287502192,0.5550198778508562,1.3763374736316836,0.6618884656169469,-0.43509091925659465,1.32715215937291,0.4032062695093047,-0.7456342932233707,-0.3711694588313407,-0.3992047243308395,1.6057579879768518,-0.04992160731259671,-0.6051696333332257,2,مريان
0.5127814017824426,0.508308373927522,0.12294200776865653,0.12954430528765334,0.2741746045521482,0.5040878850769174,0.08787899022170223,0.6132177704544077,0.41694205313186256,0.5329987064785345,0.19776718835558876,-0.12575132743418582,0.10303312572660538,-0.17728326648634182,0.1077159898162179,0.30049820766054175,0.5531712735977846,0.307796218063882,0.31765825517913093,0.1446114782579581,0.39385061438047875,0.4850923603822563,0.49257807310184754,0.10856700292107865,0.04640102942699495,0.1204387493057582,0.05682314809160044,0.13579124627794903,0.06632949833697295,0.3649758809381225,0.14346117620157478,0.10358372105567176,0.214093605009688,0.07897167954640952,0.08162570616563479,-0.01073808619351446,-0.11665517540847894,0.07189681098715518,0.008077612124331945,0.022864831059012852,0.1557213726020938,0.05642015089804433,0.24375594866607378,-0.04173350883588162,0.34794059260959204,0.2410588827584818,0.36535297909607745,0.12780629312018593,-0.13841819286103685,0.22852711381875232,-0.0020739321884214214,0.34417493007346833,0.40666280531158755,0.25211943578678436,0.389699984524043,0.2379197383784187,-0.023664496382361937,0.1448003101879884,0.2063747079903017,0.059657699147060594,-0.19177446520999689,0.31583276461017923,0.6435866254202629,0.24252625563202318,0.5352917184381454,0.23032185972831176,-0.1250490898569287,0.006868711838828162,0.1305832199755972,-0.12812647373377983,0.31140268164551876,0.18784454366320125,0.08906078392070346,0.32606330411507295,0.24610311639851049,0.03621761734772873,0.1812028292327773,0.6844618376244207,0.5159780246195648,0.5036159781374443,0.12846816031068412,0.03541646682023405,0.030300349960389262,0.17793820475534164,0.2957700114558638,0.48432146339586507,0.24998759145494315,-0.054012710020749824,0.14670148667402688,0.10361197565962235,0.3434696241453584,0.18450818983416103,-0.013020724828541332,0.4971148635598391,0.037832272933609024,-0.24784189569486997,0.4909209613808076,0.6339977555134461,0.3443617976218425,-0.17114381606475154,0.09171252290977772,0.257113469994096,-0.1074564679401965,0.14912434399495708,-0.1228264016037368,0.4945411948912384,-0.5688389471445584,-0.8624042064148382,0.22074545601465215,-0.19025466121351706,-0.6238800876472484,-0.7234574391832764,0.2147945800964911,0.33283907444641986,0.3818809683320391,0.6548035091528595,-1.0351032586980269,0.21512619205489236,-0.16860972092605586,0.096050643191119,1.3793788190828717,0.6282231714997535,0.8811779641126889,0.18223466894996615,-0.3467858987745419,-0.08390682400303738,1.407639158577396,-0.1782312494355673,1.044916340654338,0.19955672533160126,-0.3382072136877337,0.48810666521534246,-0.4767145233616138,-0.3123382472255775,0.8105535237870045,-0.3763792816127574,-0.39079511933713046,-0.5058262817418756,-0.10805062521827315,-1.1121654173868838,-1.0868953357336397,-0.5274397780241712,-0.41131161325706733,-0.8324304331182494,-0.047934426888143526,-0.16369017610452125,-0.5623375807719151,0.8614388332450276,0.2020873695495052,-0.4753857901792452,0.43077916498842106,0.47791300261842645,2.03856857664315,0.407880378385157,0.207383874155556,-0.9691913049367962,1.6140629204403003,-0.39397429701778586,-0.831403849623558,0.00978559527009519,1.1251273741665684,-0.0258896007705036,-0.003229768864649602,0.7184277131370278,1.696444153752856,-0.08584478917926834,-0.8203972403231293,0.3792534046265792,0.20777558352136652,-0.41935076181305925,-0.5178905659666403,-0.06095033112325836,0.27969515436680065,-0.6562616557923626,-0.6357084688231036,0.5502478227065596,0.9399130554831113,-1.0658626074825484,0.5828739593944435,0.959139750562695,0.45171163030204614,0.2068081020312111,-0.37081966147405504,2.458088759459462,1.1105397966883337,-0.7831867503558535,0.6595157429750648,2.611871969579411,0.9860400174978886,-0.8278581731435858,-1.3551008057852716,1.4279504732617663,0.7044765720174326,-0.1555873537679717,-0.8508816407108578,0.7929752403439837,0.48409957247286217,-0.12090163708528269,-0.14375844643932695,1.8479586774226686,-0.06441549365064908,-0.4309758803935127,-0.981520289902144,3,مريان
0.0983162754599803,0.07152256423443126,-0.1505173160492857,-0.020142165551061957,0.022444362287053734,0.08409081554334624,-0.025402212901873656,-0.12852602486902298,-0.11546250126045057,0.042650048270874076,0.1365580221445129,-0.04640968431296621,0.037235786790089695,-0.19618625121281322,-0.11825398268567947,0.13719968604680394,0.4852220975172278,0.06252083227045513,-0.039091393959459014,-0.05898154874239154,-0.10621448268938485,0.21093891113809304,0.08940156248497322,0.01283967219626223,0.08403552297656974,0.13636184186059702,-0.029689300249034645,-0.06191309900861399,-0.11214240187837614,0.20545780181971154,-0.08726508843953967,0.17508835934884903,-0.1682780678115358,-0.016378042908407723,-0.17145228157276204,-0.14151412627494292,-0.012790656801725676,-0.012982356456302099,0.06104718535488965,-0.07038435938688248,-0.026408639319823797,-0.035569130194867175,0.034599696914934794,-0.259285974126291,0.15820319688946854,0.09897272221179725,0.16700638883820054,0.11630151346317469,-0.16021741428341982,0.16692450562365016,-0.05849525591001251,-0.00603731887429464,0.22114190980991197,-0.14678051804795356,0.038506522814370295,-0.03496581018555054,-0.043587720387452296,0.10165016679618649,0.18002262339302663,-0.06897578996252061,-0.3150737956462335,-0.3339044781350602,0.23833639135039944,-0.19103418877378822,0.25308719142174196,-0.08036572647805945,-0.27301020375293467,-0.0027285525382146313,0.016449026709553883,-0.6381452793639953,0.07661124138147656,-0.06554962041789696,-0.10458783142212198,-0.06775628542559473,-0.06014085267378781,0.009892624191923287,-0.023295564673616796,-0.014606625827501517,-0.20743164696380406,-0.16075421989050453,-0.030196598957409882,0.012866533888623405,0.04004750294195943,-0.018806226227041565,0.14581170720362266,0.0725894182141864,-0.053950691586283406,-0.21156080390363532,0.07632792315339353,-0.010523107546723188,0.07097694441369848,0.061052608786279515,0.018477110687001575,0.5043897749723174,-0.042591521580016334,-0.2621881969512408,0.3166204993077865,0.6343907669263377,0.1271326738528375,-0.25240278157185725,0.11398954898732858,0.0967475963884941,-0.15048283605402857,0.16625302576570908,-0.16671896760893215,-0.19790374491018253,-0.9385964791353297,-1.1589868168932944,0.4750682528213881,-0.7832387595872248,-1.3237270990690384,-1.1207661624761522,-0.7084981928846686,-0.32783348533986884,0.22414154715639878,-0.5240713836508231,-1.4686401012977721,0.027707514339618065,-0.3877374494217359,-0.1593671730625689,1.1093423015398856,0.3934117269361566,0.5211234995591568,0.33394698038919185,-0.5918503977088551,-0.34584570784955604,1.6505368435809984,-0.43894134545222235,0.5780598595897669,0.2931797104827396,-0.3781529583114742,0.38725974319508055,-0.3745088557291357,0.3587897183622323,-0.020557937240481914,0.35153919767130243,-0.5071155119007116,-0.534521655412514,-0.5323590851406889,-1.0483501548437406,-0.46792317792282956,-0.3952879852392971,-0.3980854590737562,-0.9841788447197523,-0.35419322869037856,-0.7629159812451666,-0.622620455070845,0.41043834695502035,-0.5095918417380716,-0.4733973034845636,0.5265263462453336,-0.7560938828196768,1.0931029850166973,0.5189849452655175,0.22404918915147057,-1.543838854854192,0.7767765199584815,0.26042949427810463,-0.5286860534427797,-0.7417521119022287,0.6401914474332016,-0.2601255715364265,0.06621241045226407,-1.134661249803897,1.2115143429884736,-0.5163535711112184,-0.7081458259383142,0.7548121639408589,-0.2779632556862929,-0.32000971602919837,-0.4993080280085614,-0.7509896456670243,-0.37030292270309,-1.2259773865006145,-0.22364591546639495,-0.6120465764077906,0.7298130634232842,-1.1200763636900535,-0.029641689061013228,0.6811774226512212,-0.047048792363476186,-0.19988598048408798,0.79946448488314,1.5732631166125572,1.0748000836154303,-0.6640390729945911,0.0028036985801622332,2.524625413255482,0.364290943179168,-0.41190133739230916,-1.093136608764684,2.2627831155828426,-0.04504859235960079,-0.7544949873448106,-0.9314980307311292,0.08387349246791766,-0.1932307833675943,-0.21783218930493922,-0.10988291461338738,2.3714898430677054,-0.7466706074847909,-0.695829927795134,-1.0129842893153114,3,مريان
-0.07361948022608121,-0.14375384046183745,-0.22296446205771192,-0.04856166507375486,-0.09034385971216381,-0.2824803916186278,-0.23564986935712454,-0.2808783153834611,-0.2558047060504159,0.03194433666273276,0.26987793083309064,-0.04899881959364648,0.06597476416736793,-0.16187861703273948,-0.27974473595043403,0.06616514619324969,0.35767490930157436,-0.06683907363478611,-0.3066597438169817,-0.20412181338263902,-0.27015818455000146,0.24471853793252857,0.07993226539995765,0.10005414564539422,0.116829456845024,0.13006542202935356,0.0003275462973024581,-0.12024289746064168,-0.1814043325029905,0.020081435142572653,-0.29618075951887135,-0.021308383335087805,-0.4188144311235244,-0.12265746757891953,-0.2046834991698561,-0.22000291611202522,-0.06565981796353823,-0.09320277886736267,-0.13402389152693955,-0.1372673685073926,-0.09857801728837458,-0.09387373417277713,-0.12298902264883174,-0.3229444599841076,0.16727516070120863,0.06258681714331303,0.1460766591153452,-0.0029280977991494356,-0.0820872507138002,0.20215463397646838,-0.12941230005842913,-0.21152500703324398,-0.04167769027319149,-0.18605533832484297,0.050920890955124615,-0.010702848955048604,-0.02031831631445142,-0.026971834417736668,0.1390626402052093,-0.11228381128118188,-0.5521863650018061,-0.6679248372111568,0.09567358318503479,-0.2839746923107831,0.11882920210896576,-0.05590608773680181,-0.22270415257308318,0.02616174213647681,0.06692105613183424,-0.9991635894673869,-0.12570080152575028,0.007362537453885173,-0.20459831255117486,-0.06359779795818439,-0.15670049474721542,-0.1129563392736147,-0.0905791270450282,-0.23108236011638206,-0.35288118760366743,-0.3194977073969683,-0.14010250726176574,-0.025788931332342186,-0.08357197160219766,-0.11792208869588709,-0.07790472074173256,-0.06716276002110444,-0.15589027703750682,-0.1619557474292675,0.050147713185454725,0.01474493973105203,0.02586665518091792,-0.024734126756258728,0.1134361341673611,0.44185587913668695,0.015887914983426857,-0.30880079246036946,0.26634229195805903,0.582864104679689,0.013722221348682935,-0.2837300093364281,0.04971859811887061,-0.08283201715822197,-0.27412552916148164,0.1292021137660986,-0.23938946363065913,-0.3979131034574701,-1.2701730929317596,-1.2029981975752173,-0.5823923478236512,-0.8227484321826755,-1.3803551896304738,-1.148542503898278,-0.7430986220738393,-0.8584172666589573,-0.6009966639610937,-0.7923154924520927,-1.37494528565395,-0.38209305015270983,-0.54929454815046,0.06964540201150815,1.1366285094232893,0.2753945857863956,0.7280736758348014,0.007765532178841776,-0.4070725535351654,-0.1815603815931644,1.4404565918745467,-0.5725186575283171,0.38263810344370613,0.47819964711157315,-0.14068413196568438,0.4044536140747352,-0.33002543606656826,0.14171597226136357,0.5295066113747116,0.7397092728910132,-0.5177425531333619,-1.0864493510465578,-0.43724934217762573,-0.6948806963197289,-0.9475193365760786,-0.09529891236406128,-0.6563515551852068,-0.86544579114481,-0.566014783320147,-0.7395014763882711,-1.1445155346676805,-0.5158793531262064,-0.15937357788260484,-0.3530544606945495,0.5518450562102233,-1.1668223878716937,0.022143469992051242,0.3530210539826917,-0.9413809991815125,0.04419784250127249,0.6780130006173443,0.3675132092010957,-0.7074779516898351,0.5510542320325857,0.4506469514391358,-0.46326268999044895,-0.5484407997536622,-0.30883532434177713,-0.09447892622561212,-0.7157612262828524,-0.6039951887264459,-1.2155888987318337,-0.3081433691042222,-0.7757066937417193,-0.5440997688577695,-1.0979071095255224,-0.5919822814059252,-0.9789334968158817,-0.3508912069147575,0.2992401230641659,0.5653557749644333,-1.3334698400425575,0.07601501089524718,-1.1474179246136014,-0.19999231866974446,-0.6791487034594312,0.7389165660365301,-0.07074074555095254,0.920290303077247,-0.656531344755352,0.09235411826858163,-0.6210941825867994,0.3090499598451517,-0.6554736403053747,-1.0451777325052807,-1.2335598245709964,-0.29852886722803196,-0.7776357376581905,-0.9462099391428127,-0.014296985898979729,-0.2342088148774846,-0.45354023101774077,-0.6959981382706046,-1.2030136528547462,-0.6449002718447802,-0.9926006557300915,-0.9789942172088635,3,مريان
-0.08250431576341245,-0.17247251757160081,-0.18365942780797626,-0.020488345506424595,-0.01939689750508596,-0.3653307247039004,-0.25947268028047177,-0.22861561812681347,-0.15390729087508168,-0.01561386144219249,0.23944520986367723,-0.04226705502258057,0.11447945222981089,-0.18171981251746144,-0.2943037766213461,-0.03848894231057945,0.293769766076973,-0.09996498277399551,-0.33001819055480425,-0.14081247028450647,-0.37902099476212614,0.18532919143711216,0.10539444644620279,0.13682699015724875,0.05236773004700877,0.17191893914714035,-0.001033394350053247,-0.06473683058238035,-0.06460988160514151,-0.03250056986794918,-0.32362303672190695,-0.0004853220295627188,-0.3565511596669131,-0.16206303930830415,-0.08286174080805515,-0.17371604511553365,-0.08776124623361549,-0.09391541761053046,-0.1132244171507546,-0.10917517089011426,-0.13044107225071225,-0.07650825811227123,-0.11830493086440291,-0.2947663088883127,0.14156402850585756,0.15110154275664664,0.16386530579639863,-0.06498066624502126,-0.03725057389787388,0.2476379857355168,-0.10468954821444043,-0.2361677263211601,-0.16244373569469872,-0.1368540071664354,-0.0009781457586148375,-0.02563405051511055,-0.014616668063697139,0.004859891666011556,0.17230578050878623,-0.16974884250016598,-0.578337129203757,-0.6239933785605936,-0.026408493401437066,-0.3001226190913845,0.0859393289144761,-0.10161782657327986,-0.21011958967587396,0.12434855421207583,0.00412589249633927,-0.9930814047490537,-0.15528829032076014,-0.04853880083861046,-0.3008342790506765,0.0016802555011705498,-0.1851767477835084,-0.10252260910320542,-0.09267683284193196,-0.257750569800338,-0.2489678793620339,-0.24043300360018896,-0.13875693021691382,0.034852697778698885,-0.031794297127209735,-0.03329776084335329,-0.08872713032150419,0.07704993928192715,-0.1899542323907543,-0.11566942361424022,0.019683716866495872,0.08405448809098122,0.04479115945314872,0.09911372033147595,0.17948783811855334,0.2951373576461599,0.011494793722697813,-0.22874375640427108,0.30155152431111076,0.4939820935129558,0.03643338234010996,-0.26976920845083124,0.13550051671646432,-0.07861673902169326,-0.2709126625787292,0.23937598460407264,-0.28894971633465494,-0.4518412898573274,-1.2423023095976422,-1.2361385988156217,-0.11723263594720884,-0.5519121155281701,-1.2870030073338494,-1.1363082023339275,-0.32427255584900655,0.04456121041473376,-0.04678062252940582,-0.7381164432073455,-1.2967001114880112,-0.2276050739086213,-0.36865781048890084,-0.3121130182736654,0.2443788654609409,1.216627179278944,0.6441302636397925,-0.30632772253321555,-0.9538512363383436,-1.2623523829320955,0.4111253989943712,-0.45391856722629353,0.6451482623687139,-0.20823681153728701,-0.9384060306887911,-0.6125012414582995,-1.152894401653406,0.3800075845335106,-0.34819618369449445,-0.04895339709600367,-0.32839955235866636,-0.7877705472012589,-0.4004040016738646,-0.5707759713972417,-0.6789918975549732,-0.1557499621622292,-0.7072673689316649,-0.26984510329812655,-0.646430799025637,-0.6834678305467973,-0.31153779658137254,0.27129463846453494,-0.5105743865583926,0.3878394491471024,0.4601608658553208,-0.930481367899063,0.08087297395786495,0.8678715940226508,-0.9625285326826267,-0.956611050489668,1.0046535858196952,0.9360814161788786,-0.6094784291746668,-0.969271850066891,-0.25462563483176465,0.8564826747292349,-0.644127142073066,-1.2400384509345768,0.15914637549318567,-0.961067092248083,-0.5330539622282374,-1.576573546365894,0.44076328946675863,-0.5092407951114307,-0.4798355704507969,-1.3867007241640659,0.34108317887636913,-0.7627181154029103,-0.6803147806919689,1.7004585164562906,0.06467591310646958,0.18780617698624447,0.08927081694686899,-1.179628413164555,-0.006645520332372174,-0.430469456595515,0.5438657918040523,-0.8347300936353055,1.5147667388999013,-0.7878652229899652,-0.23593215666124748,-1.1312140152584713,0.9589992794401981,-0.3159818302702257,-0.9249653464840717,-1.6767017777819264,0.4134177056056635,-0.40016261752405136,-0.6428042545817472,-1.0948901206101627,0.4348538788906748,-0.46286963457767166,-0.6575615598324981,-0.8856115432542881,-0.23168863272769621,-1.5474655716062165,-0.8462173614050508,3,مريان
-0.12393252906868324,-0.09656780710657872,-0.07337227284366753,-0.04286665158829768,-0.026874551856657013,-0.3241230700002905,-0.24681694209216246,-0.0910051916363719,-0.17277921926820347,0.03178039300415457,0.20608823854863534,0.09009633602773402,0.08505175201421489,-0.23089616452813522,-0.43313086036597764,-0.032762971710504116,0.31468577266975567,-0.030350659276901983,-0.21566743181906922,0.057780331276257466,-0.23787301333963665,0.13511468995574868,0.10631357868946462,0.09225539303167117,0.10271588493422612,0.04786505292659751,-0.06786475585763754,-0.030136768693696712,0.04420320672686059,-0.029247245469861318,-0.26233140678206085,0.01711952080395054,-0.3462543764351922,-0.10366507307319987,-0.09168051890490789,-0.17296781845251838,-0.168480869065954,-0.07989694392229907,-0.03726076377050073,-0.08787880172339492,-0.09362251241581301,0.031705203846804135,-0.019254739369470107,-0.29835776925878993,0.057337760183189125,0.06659995367112892,0.13557065802714346,-0.08405879751744723,-0.09058482268968567,0.18425881284497866,-0.0886908845015306,-0.04632462986036693,-0.06267014483775231,-0.055049925817407565,-0.026020240798811888,0.03466181749985346,0.0004260781752747384,-0.05034991660573244,0.1076081153535104,-0.27350703991216496,-0.44491971001851316,-0.3568289218379416,0.05068873907903528,-0.24605206231147486,0.09242522705891952,-0.16509148922548184,-0.24032110193412895,0.04258017033384575,-0.07616722965070638,-0.8346704902810328,-0.16328227094930198,0.01228793380456688,-0.22602201379678083,-0.0006444709438966576,-0.2257530607373934,-0.1361238428874936,-0.10502018711780438,-0.21748790924321007,-0.15485787212191957,-0.20500611996408938,-0.07891185776226642,0.04777293183738783,-0.007141041252166205,0.05109025775576975,-0.018594388653970746,0.15591288771407363,-0.11734075287566079,-0.15711822041023585,-0.010381036732470929,0.05071410103899698,0.07124276700493826,0.11437482164729887,0.15762120216449513,0.27775660590180956,0.06091516839291387,-0.18204744071937928,0.3048384300506303,0.5390092786213723,0.04642313618052075,-0.1500243562975408,0.16296338109139138,-0.06579981709680995,-0.2675292140722491,0.3072354851261089,-0.3186443314142192,-0.33981723183377915,-1.3787606628988356,-1.0568545230943913,-1.0435305844105767,-0.6700821390751133,-1.222921586130322,-1.136375664531066,-0.4479628733925325,-0.011030629945349995,-0.4902511983090147,-0.7421130445783192,-1.104855084861697,-0.44772665128664735,-0.4298248261692283,-0.482923085548001,0.010523341755812217,0.833602003611261,0.6567166870387062,-0.4091484031468748,-0.7134748957504691,-1.1494310986578915,-0.26668162378512367,-0.40610586373618396,1.7230079911939808,0.06742814965324558,-0.4949301516796582,-0.6030788752277902,-1.010356339953733,-0.21426249868102948,-0.3256635853579289,-0.09937094762797147,0.03757684646384501,-1.1864058779464635,-0.25662510098036084,-0.5872700512114263,-0.5499553847707229,-0.23458108676354492,-0.6521285618567074,-0.6820037653515856,-0.6173710656818246,-1.110864788024075,-0.7144853653630833,1.8716884605432507,-0.5156272070890386,-0.3400495009464616,0.0960337648372769,-1.0117263095619462,-0.6033352635170787,-0.3689652326554231,-1.2678749164565422,0.9013998798007319,0.56865201563022,0.1324339770006168,-0.7659309978492029,1.0843886206209536,-0.35287629668875015,-0.0038550209170599868,-0.5073148695007791,0.3124429428758959,1.5115268500434298,-0.4914375681444317,-0.6397220468429736,-0.31572636207677285,0.8775965319931597,-0.04939662925543507,-0.4925242310647217,0.5141130615604886,0.23428346418436402,-0.40146269596415635,-0.725388283273046,3.695831489133582,-0.668203688112438,-0.8374897150255539,0.11087949392607599,1.8836646307039506,-0.2199326427571405,-0.5068804222183965,0.517682881473216,0.9303628257259143,1.0396398007050578,-1.268185623391956,-0.5532439494682998,1.1880215448929667,1.1507499750766406,-0.4017133205045274,-0.5577098399082971,-0.6962787265208137,1.3923801750257665,0.34283611057419117,-0.5113684946374288,1.7013577431174494,0.4923442858169852,-0.6720313540900826,-0.582867094936684,0.6140143293040133,0.4216903801869813,-1.155548840034757,-0.9602942042016979,3,مريان
-0.11918315191495576,-0.05526586741982807,0.0001794848646798406,-0.07876512159623265,-0.04408860577359655,-0.2747442360718818,-0.1550652927474017,-0.08840787179734155,-0.1765477809387534,-0.022064126640698876,0.16135323123985104,0.021323150761562194,0.07179763760441328,-0.2600147580282204,-0.3995096495194085,-0.04675992409007011,0.3729626612544493,-0.0021176988796865227,-0.23828720816153884,0.03664856777907886,-0.21168724291738278,0.09809832169387483,0.00572177247709893,0.04408968528175416,0.07629377167061939,-0.019021414038777072,0.0065886786608860826,-0.05942271893300207,0.2084495879393123,0.0659739116571678,-0.15276064619136198,0.1106718331973129,-0.3640396947866709,-0.07797143277813089,-0.12671042768076657,-0.19937272793149904,-0.23136169547748384,-0.14398073916305598,0.003311103477925054,-0.10597876650195537,-0.06748516764851371,0.025453167530905586,0.07134691416593504,-0.2480551827445926,-0.03796630507368171,-0.012956639720091265,0.11916656222800551,-0.0818135875193988,-0.0009249871637924694,0.10894788553608317,-0.07097669717104536,-0.037870210089284914,-0.0430669164784345,-0.028856436037230353,-0.04989763411360398,0.001542125425892361,-0.03205174686013031,0.06695090272216668,0.18198392449197523,-0.28572359751436155,-0.46247994933466124,-0.1998323818323643,0.08623671100506673,-0.2393214865701125,-0.0037195604216607543,-0.12403743745504925,-0.2099932382341416,0.10813501453513573,-0.11139834040684138,-0.7988258664213252,-0.16388216029272354,-0.03385750087545555,-0.13531139032818143,-0.0034633898567542217,-0.17614566804244058,-0.12090065343526647,-0.20010624207426428,-0.24670138477301132,-0.17056297905037923,-0.12851510503365543,-0.04763287655424553,0.08475062962331265,0.09654478721957427,0.1622742500296589,-0.0004568721130514205,0.14502274049164007,-0.1271865434360187,-0.18291609450927626,-0.02253672889970423,0.07496461685331057,0.05910308506336356,0.11639780952433575,0.14471924480237053,0.263221464519577,0.04353341229653542,-0.21832671046050303,0.3151178298134735,0.4335307051298367,0.14781093987256733,-0.16617444926243716,0.16985224341970223,-0.09035500267365322,-0.3655320684795339,0.3487213305219982,-0.2903354374429113,-0.8254623653308576,-1.3257217105661945,-0.886595373165528,-0.9861360322576942,-0.46138481240697016,-0.8202681824647993,-0.884061288723981,-0.1527232366195468,0.2601928385317928,-0.21475277011832733,-0.42995010714922893,-0.9385937055420902,-0.19299821209360923,-0.2369057464770359,-0.2471701446332096,0.031188813717917943,0.7207240194188581,0.35577587480906775,0.6261491821049281,0.24806152965177264,-0.18450059012114364,-0.6678138646973488,0.025077518900849066,1.7936940781592883,0.6566399766261661,0.5722039352301412,0.007798940910541916,-0.25397107519599427,0.3650149301747399,-0.566238966050692,0.5999436634333143,0.670472176022488,-1.3127321645194685,-0.19806786935630524,-0.5023264656718576,0.3384688997132607,-0.32253486612135207,-0.7374265280358978,-0.35509932157684426,0.31942906692176354,-1.2202552191604907,-0.7298880400126081,-0.25825029594467014,-0.9316206466402036,-0.5017654184988213,0.09075436504372093,-0.6818364438450857,-0.2438443391933763,-0.25355016896120997,-1.2208481720124225,0.2461354516028844,1.406205554633067,-0.24706312885722895,-1.067577521366242,0.9132716394464327,0.7835631909732066,0.08348266762765102,-0.6614035713909404,-1.251813381616857,1.4905017639370093,-0.8652363073942793,-0.37887724917887083,-1.795119951887254,0.2784164386524187,-0.46714239774348043,-0.5741288364639483,-1.5963964037435099,-0.04364521848180225,-1.0519433232356157,-0.8175066248679259,-0.19753195257869308,-0.8545590402560836,-1.4814700919630532,0.23235445868232102,-0.6059591330147082,-0.01861109267002129,-0.52490340497335,0.6586043995507778,-0.584540945446645,1.4894776272501586,-1.2963698839575701,-0.6100866591282234,-0.8921653061345486,1.0744757588939031,-0.2528327791898603,-0.3114335964957602,-1.6495317450117333,0.5880725844395025,0.07323094442288948,-0.5363204307026228,-0.8693022344834239,-0.20984635749640607,-1.2420152814294572,-0.6560342462109733,-1.2137979722391186,-0.0066899517427152265,0.010061227343374446,-0.979409444319352,3,مريان
-0.16928480774829102,0.03189435789657941,0.04736389920015662,0.03010413151491554,-0.11470534078466364,-0.2264072592032728,-0.18105734018765895,-0.08945597454360377,-0.1868656054544104,0.09509633227446239,0.2207625506402624,0.09039443186233403,0.15471780656915737,-0.20853105510095254,-0.3221636722184404,-0.04047610669340235,0.19828098536431404,0.07306845601477453,-0.21582552708615624,-0.06610579202819689,-0.15054054466603628,0.1067376100364932,-0.045274140362233053,0.02084141902769478,0.10448746839126569,0.09173256346517354,0.026236988548642724,-0.03724147791109484,0.34979995616328285,-0.061530655558057736,-0.24035675619480895,0.08305367500726223,-0.3762415269440361,-0.11837740059840085,-0.14717026111615786,-0.2249887597711499,-0.24600166527892023,-0.1854611353352678,-0.09232104182419798,-0.07795253875922957,-0.01695170075040214,-0.07028159388490116,0.10775833916382781,-0.09750839240432377,-0.08177564596122729,-0.016090455526906865,0.1290409608257065,-0.08166633758124806,-0.10726595121608781,0.02476446712652996,-0.21098524777303881,-0.11636497670729712,-0.10851475803284429,-0.057713829438059305,-0.14927030379474934,-0.013625075183251824,-0.0517952587345423,-0.08775456673922766,0.10319607605137732,-0.3336359359381495,-0.37451010800955575,-0.3109918885672738,0.023746764245972326,-0.22426813787760935,-0.03982331209316273,-0.05815644725500917,-0.23898663119726252,0.08545465435002647,-0.18207028235292758,-0.703545143541198,-0.13212987847908506,-0.1601139663237738,-0.11427182987186493,-0.12838400152953228,-0.2449143584261534,-0.22613563130147846,-0.2913955713083329,-0.28447352754226535,-0.2678083198097975,0.0007584456911824538,-0.022447860835748616,0.0451987373126227,0.02181484352748845,0.10699981967854438,-0.07984409008215704,0.1046335038189633,-0.1822346545329417,-0.245733151226919,-0.11122524905947638,0.050163659619043004,0.06181669331610864,0.20303754086811387,0.2105750104036244,0.2832401716114719,0.1299769488316232,-0.24430093618182516,0.36141495798891254,0.40835581849149927,0.10240859661549725,-0.1881514252717502,0.1750466605829398,-0.05873887918967688,-0.4876301018829374,0.30271314817902767,-0.307016495347827,-0.755112723405399,-0.934955343557416,-0.4048305002786994,-0.3091898999609401,-0.21563999540091341,-0.5068427861279183,-0.5114131659922218,-0.0884247827879713,-0.1219082339113527,-0.054218583333009295,-0.2725095942238899,-0.6717564117252289,-0.4921210762893181,-0.5153139809470173,-0.22575076628044277,-0.8297666315450157,2.0738705282237238,0.519586071532247,1.3817289461096882,0.3941350208082943,0.12668564399535015,-1.170926883262085,0.12167625800060614,2.298334743466145,1.3005805520052083,0.9270474350411112,0.10045976812036106,0.15916825078680177,0.09857979683150933,-1.7446004147518406,0.8580550544057098,-0.061010894240214844,-0.8084387869589276,-0.3084221027659611,-0.3493068878730275,-0.6052869907424294,0.11400423307373801,-0.23662484942122167,-0.7833269169071043,-0.27211028172827073,-1.595688531116006,-0.9555388307882433,-0.7560656745626085,0.5575485870700396,-0.8944090494884649,0.4227155901473621,-1.53169992357122,0.29917601859271103,-0.2902230288459127,-1.0532624808536362,0.38448026117681205,2.278576721518616,0.07069483044474792,-0.9759725721892216,0.022702112740525547,1.1510413853711146,0.026007122400865546,-0.9431026790510312,-1.2024650078672074,1.3482660062808385,-0.9004527055739631,-0.7554609427983413,-1.2625754703192318,1.0866038665148319,-0.19707294684932825,-0.6170199729340164,-1.0466974870320418,0.6282343603577512,-0.5183004843165633,-0.9121670536897877,1.2239464768074706,-0.6749853404802846,-1.4728017021581223,-0.30227787719823185,-0.7840553360339374,0.29064787889085114,-0.6243562143222083,0.6382724034367585,-0.07345326342555947,1.3801740010868746,-1.3559089409300717,-0.7519492455374124,-0.5680715459851992,0.8119297078036735,-0.35681218755596283,-0.546779241641105,-1.2220901675360212,0.8639373962742184,0.5717447419412603,-0.16103890671049348,-0.27988898709190685,-0.037825588755249655,-1.3141129394716187,-0.8664646339164576,-0.6729151661623224,0.22922127322898767,-1.1705309454191173,-1.3837621394805268,3,مريان
-0.20379618820246087,0.10949690434558414,0.12012236815666527,0.07250384754483157,-0.06662054799157871,-0.22913436217559577,-0.1691169641986815,-0.012748029455744693,-0.17847960863728798,0.1544928508094354,0.29391369787409494,0.12280150564438737,0.19771250593266243,-0.08982698522874201,-0.26646439589591947,-0.014438889743323087,0.10779182585520687,0.03607103085428465,-0.19979800314489277,0.07678024583074226,-0.06837595703633526,0.10849025407162464,-0.064143421295304,0.10889475016473071,0.17739139992225306,0.15923983567107708,0.053195039125698014,0.0032661721948975615,0.3888001848284129,-0.10902555584025267,-0.21940509196767355,0.018148680217429967,-0.23933912077393668,-0.11952978180454565,-0.05049913753152027,-0.13915339127023438,-0.2992828675744901,-0.1892786218235292,-0.10090653597927901,-0.10560517015280087,-0.09208734674697214,-0.02868595398635147,0.16430943053374125,-0.017036666856384438,-0.03633305992778031,-0.08938384905566986,0.19179664644838462,0.038859322049734156,-0.19963900243166968,0.06314028501858332,-0.11443434851359446,-0.10668296124541886,-0.13684329056365005,-0.044766121643038774,-0.1942704873488797,-0.0940551013153181,-0.03490019868592509,-0.11806134895877425,0.1095207991098261,-0.34030944816008407,-0.23798434334216945,-0.2191137289056901,0.085605231182827,-0.16758140963267812,0.05683546764904519,-0.029849487831830505,-0.20066916811368687,0.059007077410744076,-0.19977869448240979,-0.5443370204910915,-0.0536324034762097,-0.21101458051761154,-0.027864410192029163,-0.15238765153451092,-0.330700068896262,-0.1893539000114441,-0.30695716296997927,-0.24269391673234644,-0.34151062847566094,0.1822855659628677,0.05619011245838884,0.031600287341369326,0.10339440510146893,0.12148553707491999,0.05941366582757639,-0.01101934149429454,-0.1860377215817723,-0.10121503564467635,-0.054868824882518985,0.09714623938877406,0.1656926526287099,0.3632405993237705,0.2709515664887927,0.19727464188657126,0.15995734827458355,-0.23930661075303888,0.3699362298263712,0.5581675511246281,0.1805210247922108,-0.17187164204347571,0.2684771711582381,0.06982041132851577,-0.49208232294995874,0.3207178323404991,-0.3255085063833381,-0.7633821201392178,-0.9626173491593594,0.418914145270459,0.8476266208762767,-1.058399565094629,-0.9151344962585982,-0.8176003793200015,-0.6360428943478744,-0.15032743165337104,-0.26836981456984577,-0.22511296070304987,-1.3038442474301823,-0.29732710521524447,-0.9906681093633586,-0.14171613444020376,-0.6373026251401404,1.7050793515455003,-0.03877874450054953,0.8072747429941799,1.0294787762080881,0.962079574223634,-1.5432613847886316,-0.1932301903920336,2.143141857808548,1.5142533747002114,0.8821050474834844,0.5531189071820232,0.6661170451719822,0.03413764000824423,-0.6927941791827004,0.6200121064718398,0.8576113992294998,-1.0503676032432616,-0.4145384927136401,-0.7597285085723214,0.18504503660538663,-0.02191905614510989,-0.49351472693339216,-0.48155967559261137,-0.01266431504994496,-1.4637982528493187,-0.8304539639375833,-0.8947682459012064,0.3599792291237554,-0.6474509013682518,0.5713048813928521,-1.1035463377824148,-0.4225559108789782,-0.5731649470670187,-0.7170341143224347,0.2738410879726726,1.5363877795055565,0.2887929709358993,-1.1072855148636453,-0.48772994670361913,0.5651441995609136,0.1520227218625758,-0.7246726929335141,-1.0479052301810334,1.9353279651616817,0.7806100001136531,-0.6003624179262719,-1.580409129760398,2.1708449922136714,-0.13472530125294088,-0.5416412545734379,-1.1467061068240403,1.776125606210807,-0.29883474599217114,-0.709235617213303,0.4730756114330822,-0.9678770221642798,-0.96831993510055,-0.11797519495256728,0.1679171979238471,0.6644115060979541,-0.5748250960245271,1.042566856561948,-0.38072892349533205,2.3558790193218915,-1.0852988466729572,-0.6232357440292762,-0.3766135110252858,2.321771474607258,-0.5615115153007806,-0.6562042678070777,-1.4174304049181325,1.7287109840735673,1.2832723701143065,-0.14901806699255638,-0.11314192745227472,1.3512880472273099,-1.5072070896075527,-0.7818071287072393,-0.791004894306493,1.9082463847545437,-1.2589527200698927,-1.2421104971047816,3,مريان
-0.19007763422430748,0.06789192266910718,0.1313895911448656,0.09288863213880229,-0.04009995518718675,-0.22006886978472595,-0.18433780480291342,-0.008470714448667949,-0.17096967961838416,0.19319704157714607,0.23529136032661058,0.08842795521245826,0.20781050234685647,-0.14065283266281317,-0.18094851325588765,-0.1235514565060285,0.06221396792293693,-5.417922971336731e-05,-0.18374722638080845,0.09876935829573319,-0.04598159737871828,0.03491096732256888,-0.004632329718662164,0.11958252697840582,0.1399584481493704,0.15746755308344423,0.016563232165829216,-0.028401940547514742,0.3311307439771519,-0.1417497451484101,-0.2349962682446616,0.05265895558944902,-0.16634277698859848,-0.04055866619461302,-0.03240818369806662,-0.0663100315623025,-0.29336264003458745,-0.21324426629920756,-0.14295122174456457,-0.09173588598434819,-0.12772954136694875,-0.0033978496617984265,0.1529695936320402,0.034875280224468376,-0.06353388391542653,0.03004584910031637,0.13287951537492698,-0.009110703056043697,-0.19157253073013772,0.10683672572891707,-0.17567209422163862,-0.11243360750576925,-0.10305829093368502,0.06659017563405356,-0.16266727651341256,-0.10522602675327178,0.0067145130539447715,-0.05844491961847756,0.08021574853832313,-0.3325745304159963,-0.22528625367520264,-0.22053888306911337,0.03459555322315207,-0.19232468548613108,0.0654806994394718,-0.003701469488407757,-0.2140063020600125,0.05405520470921474,-0.1794662616629587,-0.5513930595396673,-0.06455611156076102,-0.19855256171533897,-0.1372353537859992,-0.1610163650527016,-0.3212483777129993,-0.20553232218584006,-0.3832501368329734,-0.21179404148123174,-0.39356887799845736,0.09552443202124153,0.015701420131678145,-0.05749746392364843,-0.0024143682417130607,0.01859853187236264,0.039018037053491744,-0.02508865541917703,-0.18921024639372702,-0.09208701564599335,-0.01653173952127998,0.1334760273242805,0.1607784702112131,0.4202581276101689,0.29158156599072516,0.241309282234806,0.22736497346398202,-0.2525525742310842,0.34535037731416796,0.6003152985349047,0.2698450075426151,-0.23188342721047123,0.3850516975799456,0.035138604846983376,-0.5335739583695738,0.3881627511278923,-0.40106471465255383,-0.7500784546889034,-0.7409231011148382,-0.029853393521733912,0.7236848111007511,-0.5970783338605896,-0.7046505003377238,-0.41845958358981655,0.05643405739131753,0.021894753488732405,-0.38006629219014487,-0.25283350627912415,-0.8205656060375992,-0.6495792140511725,-0.8925617961475606,0.6662958909019068,-0.4141525929810061,2.1825364096097086,0.40941888734600923,2.155908936740085,1.8519276173976496,1.370853757200051,-0.7484386052499161,0.16145204992821424,2.980797851326664,1.933990476321123,1.1656510036774757,1.2408293862048962,1.1807699937507163,0.06108273963318393,-1.5028330954326992,0.17833537212070688,0.5613386605533902,-0.045318949368615184,-0.5848893937526106,-0.792315380273571,-0.24754374054914827,0.23046682145724676,-0.23475602433748566,-0.9815792843307536,-0.20278502014647581,-1.4640900810259108,-0.9923963726535386,-1.057765183006559,-0.2739766448283152,-0.6284206535561656,0.906284151370821,-1.3823482696369935,-0.9826107729849786,-0.40854879974120456,-0.1393846749177579,-0.7776321266995232,0.7257303784445293,0.40011844909775407,-0.9011006051211214,-0.49307032586966076,-0.543910264958559,0.23712745072488395,-0.7002720990931232,-1.3677158685504698,0.9390770491148089,0.12645653628370274,-0.33901587724367865,-0.6928867689824976,1.6701677576151832,0.006802023697214997,-0.5124966699229223,-0.24246339553989563,1.494370920985323,0.9891758322738669,-0.7175433611403853,-0.190112851179115,-1.1904130221887996,-1.0687827547756523,-0.13725540408379613,-0.7709395785986569,0.018109596829418265,-0.4351200462921461,1.025582468736378,-0.516189500959095,2.78465775361116,-1.04492159779121,-0.8478836482724069,0.04079541768692431,1.7345369318175339,-0.3667330378154165,-0.6597853643041274,-0.9171738718534044,0.9165715204010838,0.3500479719730253,-0.19510310645849277,-0.49179374640016776,1.3885734702670705,-0.8499677758600295,-0.8175527142576436,-1.0533494565362305,1.1011364598822684,-0.08777310372270979,-1.0644012011812418,3,مريان
-0.11546006442938692,0.06831599850721058,0.02617440862406642,0.06274669489785134,-0.11308302426942406,-0.27352175438279386,-0.19314534201478198,0.027768531074446767,-0.0796132970907538,0.18420201004140635,0.16186608663854918,0.08000282632704928,0.20640152253723792,-0.17983789427081504,-0.10649241649346933,-0.0331021658381681,0.0646135803608902,-0.042208701708913325,-0.17985818805512052,0.09948813428145872,-0.050635239150598185,-0.0014178267015702252,-0.04325936790552052,0.1711358646647668,0.12093226151151011,0.15132849947976523,0.042969798588379696,-0.024976621541195752,0.33243407303870776,-0.13160114723199093,-0.06194845196559622,-0.04292890230132465,-0.12746918724763995,-0.12778633337766915,-0.08128329319105775,-0.04219177350995028,-0.2268365859337277,-0.19677892567443397,-0.22204656524494887,0.0007141066950621483,-0.056348682898710034,-0.0784992320697526,0.1645742835560918,-0.0128423678336485,-0.07195163349402466,0.056085428158810374,0.17627739880644042,-0.06890016554427521,-0.13493626372071693,0.06151268472212852,-0.10669858787033693,0.042275562777987497,-0.23292893154683672,0.028074322807580664,-0.2235877340777755,-0.06325839701954296,-0.12120225189336473,-0.0614470855134952,0.0572028108960203,-0.2521704242282733,-0.250524464467542,-0.06685885042886047,-0.04809076237001338,-0.157333021712741,-0.024054835859565367,0.03459698414508112,-0.12020063468867662,0.05719544128522394,-0.18237241822054207,-0.5781181985854458,0.01472291613350569,-0.18177435375657203,-0.14295256366057474,-0.11677984243477268,-0.3227784782798623,-0.1811231828643815,-0.36612833674518247,-0.2119979857807646,-0.3000033762948146,0.1097931940873518,0.025108258168903556,-0.07089859226240726,-0.02068436698773115,0.028856003101190023,-0.10194107920050002,-0.07475916672313757,-0.09307580898756297,-0.028720176282443794,0.07559610096343655,0.08982175277404199,0.1648235562382241,0.41583261307533137,0.28099314909655543,0.17761600543830244,0.3190930919063544,-0.30432609312323455,0.3659499331851969,0.6163274320173392,0.2848040451276754,-0.1683556680954147,0.2154568049838869,0.04492544631154584,-0.3872476207271135,0.3292501856867098,-0.3807730401191478,-0.7859589655431835,-0.3944102220347391,0.4779040896336049,1.2314711942949954,-0.8934110005733863,-0.7417541483162164,-0.4802846082351857,-0.22580724919946793,-0.3334602907876713,-0.5092524697206797,-0.21257872353817234,-0.7752947575038451,-0.40517663395633735,-0.9221567124871727,-0.22036227955843601,-0.5571165340511467,0.5863873662906085,-0.42118136064971073,2.397419039819382,1.983237029078681,2.5831072179460906,-0.6683095670486292,-0.20588491711741866,2.6346629383306035,3.0999271088118774,1.8683932030001296,2.871269676937455,2.4061632711708785,0.49963762946919604,0.2585354168574583,0.2355996435334587,0.9581928930045435,-0.2808674264839419,-0.5119197999057512,-0.7587674604627004,0.2915067762476746,0.37380617934564325,-0.17418231672005033,-1.0249464946249904,0.2025242236748158,-1.7641542398808139,-0.9306720710515235,-0.43874389805616315,-0.24271456261871469,-1.1538210821206758,1.270436960083266,-0.9904850327561189,-0.9805345411323979,-0.26582688007504696,0.9615931717917339,0.28217355324866356,1.129214747330373,-0.3195081743298905,-1.1669863551671011,1.2007958385299726,-0.5378456445748667,0.35730931531888627,-0.2041914859664245,-1.470394162851148,1.4691642618436263,1.0334676212351988,-0.34008120683090587,-1.6722789240862224,1.7295895480485333,-0.043442500255424045,-0.43028452963276886,-1.1213993303104157,1.4591908918868064,0.11638953842290531,-1.1399258086956323,0.2087514037178149,-1.3153023886891344,-0.8685473946675271,0.22926444907822677,0.29375958515042133,-0.32468520884823127,-0.5222408432847645,-0.06640994778391243,-0.6989644613260746,2.19641843142638,-0.4053687946679727,-0.8604052705915667,-0.5520162077175852,1.5818450551491212,-0.6443175678542606,-1.056973064872692,-1.6122826967394024,0.9537868502767637,0.11793172654043955,-0.44643986506489697,-0.4749693737673037,1.0068607680825974,-1.131461867430859,-1.0229198168807496,-0.7685966541155109,0.8957597539065882,-0.5691709518898327,-1.2852164882505541,3,مريان
-0.14401547632475672,0.05784015324692336,-0.045641768602429585,0.035155247602737014,-0.06330371375242184,-0.2587221887345791,-0.14528817396161559,0.028386190495508296,-0.03450084632319273,0.17443228484928924,0.11833650195377393,0.12188175046935049,0.13399987824336812,-0.07655928358773106,-0.07735987989432332,-0.07916442742262766,0.09471680516862553,-0.06756085218264939,-0.08029756058598575,0.03411659587758905,-0.01857649328348525,-0.02226250980447352,-0.04604408448366575,0.11351805559974232,0.05112708161503457,0.15505717242220882,0.08720668058604673,-0.05571073620826015,0.3289823485573827,-0.13384553084490886,0.0002667694817525449,-0.09719390479928995,-0.04304736414218894,-0.07317087785545974,-0.09025835975199638,-0.02220229369709572,-0.2738592941181986,-0.1776707132256955,-0.2198867109641452,-0.0013929670680307338,-0.06589709490708169,-0.09859499520955904,0.15869808469507463,0.052381897322592665,-0.1418087317190471,0.05705009779556181,0.15711932122958602,-0.009677593859690421,-0.13277591424639848,-0.03833666145561675,-0.12009439247345358,0.050033855294232404,-0.2295578079409276,0.05684856049894007,-0.28177766242841173,-0.05587580042439651,-0.1527855806421764,-0.10318466548868963,-0.0212380955477709,-0.1511366803250577,-0.23994474328987483,-0.06141828835555489,-0.10944376476037071,-0.15534129376232395,0.01562984881249152,0.03235379875869903,-0.021639603083955936,0.005728037535537397,-0.3299982352075074,-0.557458398385971,0.019216206470994753,-0.16609753665845728,-0.1816038383927229,-0.06418460723721815,-0.4055914919152786,-0.14005212952113696,-0.32497610894091444,-0.24050791847533623,-0.2784065977564705,0.1321800779238525,-0.02682526334105342,-0.08777130873026569,0.004940136307118036,0.08277143736942648,-0.13980305522363307,-0.10305277418676098,-0.0644608552486312,0.027820234418428853,0.08643736080146894,0.08125520872240932,0.13071271788468028,0.5222205129144238,0.2584609954022804,0.1226841645881004,0.31981332695354936,-0.39894611387073947,0.4429606665086537,0.6357699868781139,0.2736946308618992,-0.15996072187850238,0.16806831556057364,0.020800265599659477,-0.24007828672635895,0.2562737647431656,-0.32779346710730345,-0.8007090699796281,-0.32727435068500543,0.22354817622458142,0.956755359111425,-0.35114341771702695,-0.6546885036540975,-0.3518920676043689,0.5510405056684735,-0.4326249891425517,-0.41040203421513033,-0.2748575978161114,-0.5593282880227117,-0.49967597734337416,-0.9855836965161701,0.35087314286018506,-0.5864167385714637,1.436006983060394,0.12746362356078164,2.578243569645034,2.1479812278990353,1.895561131638286,-0.6305546519486365,-0.34208068232047206,2.2822992119530263,2.1827133747702603,1.4306992455128118,1.8802224520719673,1.5840859954372852,0.04246422662217903,-0.6083344558487488,-0.5286486173820246,-0.026186542601755982,0.019200265833824115,-0.6486622258723902,-0.8192137931119471,-0.23722222988185718,0.1937822350004853,-0.34723721037354327,-1.0822861042848169,-0.5875137676125126,-1.572550600992757,-0.797935789901883,-1.2290572897893686,-0.5336799556270392,-1.3311705498101278,1.073268774395915,-1.2245488655576173,-0.9648990181836236,-0.8257810964767016,1.408182179412463,-0.7456284990054401,1.1856249254628466,-0.4869642835725479,-1.229139793943593,0.24229534520372023,-0.3874410178665398,0.1608827034730351,-0.03870584799794438,-0.5204316099210019,1.6950819640057226,0.19514783686120307,-0.4731233256687267,-1.4152265974296074,1.6148273093833203,-0.018319574540093368,-0.43805199591442817,-1.1925744099215725,1.5258377951644668,-0.10678636414060184,-0.8581936535597767,-0.8127009767767885,-1.4964001070293147,-0.5715347497219027,0.3324024639870368,-0.4199807161227547,-0.581089546698567,-0.5595546551078416,0.06055662022477293,1.0794783583725842,1.8059214797288494,-0.5658774280606428,-1.0322879093255393,-0.7416804624122607,1.6189660124456962,-0.7769343844564437,-0.8928761014878099,-1.4605983723971643,1.3060892679834586,-0.5505092470543311,-0.251772497972224,-0.8952943413864906,1.1968861609711667,-0.15911161361800832,-0.6609686222748578,-0.966671665815925,1.165523836965535,-0.6950762827682364,-1.4546674930436685,3,مريان
-0.13298068167351426,0.047278609219206034,-0.0661629475252015,0.008744706839736029,-0.12261707262530074,-0.24913353566324642,-0.04079034320730248,-0.08709089144715389,-0.0828087311469299,0.15555007440035856,0.18400604077518928,0.056038202980086174,0.14402283340826022,-0.020610166662337146,-0.008801720167193966,-0.09444398529184873,0.20669669385644446,-0.07091862102199836,-0.0962894632543731,-0.01338033590412576,0.016367515934654204,-0.01112123088586784,-0.06628740025407273,0.056229154124540985,0.08374311518863516,0.1693385623540491,0.086414736993625,-0.021132319262930434,0.2515226068369454,-0.12597142233645361,0.11278501153357905,-0.12300424367492852,-0.01815883813502301,0.0012103661552111487,-0.10905568001645176,0.024547780421918207,-0.2197815452246347,-0.19848770795481516,-0.22917385574802415,0.005311528285750741,-0.01770649845744739,-0.18524618626173528,0.10355606101522798,0.08787749402772663,-0.13823083974020886,0.005503684199540628,0.1149919113123054,0.03345608320686761,-0.1712743606714825,-0.10631541746104681,-0.1290981358079142,0.09464049583403891,-0.20189160312085389,0.04966635317472062,-0.2586953413081233,0.00343588293126798,-0.1543157436230879,-0.12298612401921548,-0.058392234384042854,-0.09985914299907127,-0.3194787420010717,0.024676028446584494,-0.017617314625327434,-0.12644182495343437,0.10061015687669063,0.09524204758946211,0.021137053139222015,-0.03469008002511554,-0.22868632224106225,-0.5440798247583851,0.03532665983118066,-0.15682966601483786,-0.1545970533715727,-0.12680775521529725,-0.34949036049667437,-0.06257908668914043,-0.3214180717960851,-0.26436521010430236,-0.1950413036328824,0.1533487050635739,0.04762146495006846,-0.14877014008952652,-0.06644935559625169,0.025811675125982772,-0.12472367540216485,-0.12836599926828332,0.007313859809036147,0.06044307779325984,0.06296314603500226,0.12207901197999103,0.06390470924170828,0.4324064892109958,0.2824545306845224,0.2371608682653363,0.36000216375269306,-0.45318619933242416,0.3938069160465036,0.6504000968878254,0.3336259848765597,-0.21340174443078486,0.12088667095688285,-0.08289627818431247,-0.2335102030294371,0.2712896743854339,-0.23736017714068702,-0.8407335486980216,-0.04254918377010165,0.4910418641993179,2.1328934568469826,-0.6314932801440397,-0.9880861728530147,-0.6414171671879747,-0.3702058824442747,0.02287874804764438,-0.30415517376625567,-0.27949276037420434,-0.5667290186066253,-0.3122764019791753,-1.0688849554280906,-0.7972524777770938,-1.0467394475076883,0.8278644379609145,-0.6256110522305077,1.4694718861319587,0.8179535461600665,1.3734000309426764,-0.8808601978266921,-1.0092062202791021,1.5781910518803954,1.8941174735919495,0.3087316673458256,1.6509718318691193,1.4604946122515547,0.03899303014640408,-0.4090320752707325,-1.2450080373765187,-0.4964087525895738,-0.011989714296982736,-0.7782905543015013,-1.0509582928000825,-0.4938234465671438,0.12757642595813423,-0.3843787095592994,-1.2146681796908356,-1.3589185708510902,-1.0060680052093525,-0.8605117144508054,-1.2552119960222132,-0.24805823488462114,-0.6004501516327931,1.1013821192507398,-0.5646312221542559,-0.7539179714487314,-0.7873036254701584,2.1138255205773984,-0.3474590265060675,1.1045029265679136,-1.0198163511988183,-1.1245137714956388,0.21640116257121286,-0.24873155868664976,-0.160147159261277,0.29088078221577895,-0.9742809717459848,1.230436110775357,0.4389324888613578,-0.34169454333709026,-1.13245766987884,1.453355565453426,-0.09501034603450509,-0.5333462948321552,-1.0893929843071521,1.6132242124029756,-0.37680184080740714,-0.845017863965467,-0.4186849762287678,-1.1519927118801332,-0.8784489398522569,0.3276378797346103,-0.9953939926027442,-0.3108728733906531,-0.4575061233863981,0.26179476310787897,-0.3204277175670235,1.2796200803881541,-0.42215871551456396,-0.8439940089119857,-0.6602352091190222,2.1335024540530165,-1.0744085033584478,-0.8777070636567217,-1.3731898527509985,1.07593108845436,-0.7332612397971949,-0.5740961927491592,-0.4333825909112578,1.9449288527533373,-0.45313446319096296,-0.8092360215473274,-0.9267225656851978,1.4350670555409692,-0.052483607229755744,-1.1603944374310748,3,مريان
-0.18978295699566036,0.01792748352970904,-0.03297601413845625,0.005454246720478758,-0.14573149232650426,-0.32061709148751144,-0.011306906436396078,-0.1822929544911721,-0.14326060130692744,0.11481423347544073,0.13788119397885987,0.019998903963939062,0.11874202999477078,0.03779303905693312,0.00667623051812702,-0.07933945207298183,0.24924377699507524,-0.15966377732850892,-0.08267945773019798,-0.009838150817305836,-0.07143228238945831,0.018878855967905,-0.1577593658384287,0.09411924399372763,0.028624368475330758,0.13866843033581763,0.09782741066880384,-0.1387446619657739,0.19839690590049572,-0.1061356070372743,0.04517564809692575,-0.0989943147241673,0.0044095365120977404,-0.00033012600193494323,-0.0845557974975209,0.07257136620971456,-0.1452899463774391,-0.23516223474850154,-0.28981684083999465,0.010570463158448323,-0.08350821755623365,-0.23287683378688462,-0.006039996075993991,0.08809638542417852,-0.10346301688769206,0.08316914535494044,0.13067689627329493,0.0689105994431176,-0.14893282046614412,-0.09308040719451063,-0.11605234793960627,0.024574959757151807,-0.27667719465511037,-0.03091706248033837,-0.2275547428899207,0.001976015702346049,-0.19250844861842936,-0.05729698829162789,-0.08521715361744588,-0.08196156116651568,-0.35674829729412944,-0.04570077305187351,-0.07673411574187325,-0.1311046089969977,0.09713632061691084,0.05711614900434787,0.02839720702524318,-0.07529180155783302,-0.1782849162755078,-0.6232409606475666,-0.018879840306955744,-0.21186739254802553,-0.18413762943344728,-0.15115605469121024,-0.29929588075744273,-0.0842045274335542,-0.28590290409685426,-0.19618853221205892,-0.2739202032819044,0.1147192496947206,0.017875233438523278,-0.17131972191671246,0.12047400770597465,-0.01860029810714327,-0.21645955940912448,-0.19408417405788503,-0.08323078926961705,0.15363271659242875,0.031586068259857915,0.10166091567014593,0.11230355363243018,0.41388194455655036,0.2721397791011547,0.19232155668563355,0.35211115789049424,-0.48803905059718805,0.42049505220468747,0.6703643069092405,0.36586355900974554,-0.2650724495377631,0.11532872412443455,-0.1549793745501489,-0.18519182126449651,0.17219973433649144,-0.20820642909204407,-1.200102374714138,-0.3167238550772505,-0.36598647255537586,1.1187916922085308,-0.7689978962563058,-1.032623828871837,-1.0114270676415147,-0.5792030801210829,-0.5216049249750448,-0.8342059361155013,-0.5927862925070939,-0.6528643199789832,-0.6590983754061139,-1.058181621871992,0.033148687993507245,-1.005474583521146,-0.6232923333693764,-0.9311969616639378,0.8878518516961919,1.2300647707439767,0.7768320277996582,-0.7857241731542091,-0.8307542647036849,1.0982133073551439,1.0931300334288971,0.17161760149135555,1.100935694152874,0.9679363729981821,-0.3917320895547594,-0.018044414401552474,-1.3424978758423907,0.34958958662500295,0.09775915691397734,-0.9651947151271774,-0.9660073319223889,-0.23538006069008524,0.022213191921538977,-0.47084196583455673,-1.4007795346271317,-1.3383582403223004,-0.8273936872403671,-1.0036635070015238,-1.2174592377062565,0.17386565286868483,-0.5852374175271039,0.7826809437995429,-0.2968568213863395,-0.9840751854089022,0.20836553382136444,2.383643568950811,0.2823302353398953,0.500786101562978,-1.1693604423720918,-1.0938767771772209,0.8565904520843086,-0.574023220722583,-0.20125671765430417,0.6174719180962175,2.9071916300070555,0.022785877215081473,0.30880413864507716,-0.11183743427265566,0.11578231254453074,1.115698816201602,-0.5028848664933174,-0.539547801605575,0.0261680383884603,1.0651084628837721,-0.9812573214283723,-0.8174511622406961,-0.2265934080517747,-0.8808031374609829,-0.3817246158192031,0.1426078484066342,-0.3264015770956391,-0.6738411168081748,-0.055458503227455096,0.3139330071581037,1.0690416462727086,0.7334489867399238,0.4822264316944,-0.7381508699674082,0.6200937667622335,1.3669252058378227,-1.080366773860907,-1.5080582668371803,-1.0052089407480833,0.8693371352536774,-1.3714445412106768,-0.7882050028349605,0.6299979573368358,1.021339461563836,-0.9353942292966348,-1.0516647438007638,-0.649216752798839,0.6952962140668972,0.14094489447609113,-1.0765441562426112,3,مريان
-0.221149248961976,0.008125991029051656,-0.12932418154980801,-0.08098164363247817,-0.1136758288750248,-0.3875606518072065,-0.08861388043043189,-0.17471732022236106,-0.089864019717075,0.11422218934948215,0.19739335309910697,0.09210553367453748,0.08079925646840365,0.025502754189652973,0.02263158820137214,-0.13518250034747276,0.23034515346791665,-0.14653765503676403,-0.07387385959425778,0.013207533673000281,-0.03095320998911167,0.05240328442005749,-0.17659967349768785,0.06142472864701869,0.1094184403409445,0.14427220945508482,0.11462343177911527,-0.13927799770244603,0.1671590793760552,-0.19062790359336904,0.008793289061901396,-0.17887003104384974,0.08813850299285046,-0.1115403563393081,-0.057741013456680194,0.06447115855771782,0.029026744125494084,-0.27385753141278596,-0.22072211020407254,-0.04914923859125376,-0.038746669316195546,-0.2694937617927524,-0.09493650480789287,0.07590087855949063,-0.04272341770864098,0.14364809161170988,0.2219376006806381,0.005368778036294874,-0.17371636010044397,-0.08019556713679134,-0.12253161390455139,0.039835121428183226,-0.2579057133605855,-0.08084866479182576,-0.22912738457972182,-0.06939965466295756,-0.15809508474797432,-0.10781188435684191,-0.1295681720434142,-0.029578186664570322,-0.36890299585463715,-0.10632028708895162,-0.059917375192181384,-0.13421494553942942,0.09498886471101009,0.05776158610692953,0.04370150550293596,-0.12522751896306578,-0.19197098982874455,-0.6998561423561624,-0.029382281458844802,-0.2900431276099308,-0.1786577391140754,-0.1512539810241926,-0.3513559226499987,-0.06463637397783537,-0.269682426387231,-0.2011366726126615,-0.3059432682447095,0.010096660254125646,0.06405384211926583,-0.1831153616958015,0.1294796976132046,-0.10748848016711042,-0.12474169748210176,-0.11408934326303383,0.026591918192114827,0.15514010825533875,-0.09530152390381519,0.04159866024085611,0.22225518888946155,0.4265654193795366,0.13379289530822402,0.11938796240281005,0.32567812359032894,-0.4976908066872694,0.3742969249537717,0.6943542388718109,0.32159093788133514,-0.19307505818625834,0.10285522915060412,-0.10774658760690986,-0.14004792242735364,0.25215362082607495,-0.27205220451922674,-0.9054616159576905,0.11083872034940102,-0.06107013534236366,1.368500722202801,-0.646101604944956,-0.8291814865657677,-0.8571289667616158,-0.0759355751294378,0.2764227966330085,-0.29060452420366933,-0.45831809875884105,-0.3646256974176498,-0.22897081199718197,-0.8940319334647995,-0.501772857268169,-1.4714907682387932,-0.859435843577652,-1.3868480436566495,1.4080126222084108,0.9017886681592034,0.8197668533178183,-0.5753332918656858,-0.7658135913342196,1.1695102351560729,1.658036179337825,0.3601957013775173,2.0226143360129254,1.2026006514683822,-0.1122938201140798,0.6483975934813162,-1.9174795289622195,-0.4285758899799393,-0.5572717064539412,-1.0383851375193325,-1.1564974456373904,-0.5066303727627535,0.04274572101738593,-0.2689234459927514,-1.4222724847034758,-1.8580988670753427,-0.9606745908044195,-1.196416843750525,-1.3243375108713833,-0.07448996487231238,-1.4656025496872616,0.7774155569276135,-0.6017704772944361,-1.2392904684243868,0.5748637058434591,2.395483120235327,3.2939079526630155,0.28437433100609605,-1.3116353072999747,-1.0199162581728554,0.6929873404050272,-0.881869106407651,-0.311988384545419,0.9928675718389567,-0.9328070245008594,0.6333906455196315,1.1406045050300013,-0.02455741531347975,-0.23259887976204338,0.8871833631350518,-0.48074533425650845,-0.5291628934073005,1.321044950979795,0.6668458810931417,-0.6742188184303741,-0.9342823768657849,-0.3652821798993398,-0.9889917029707036,-0.9140879941904729,0.35845700878713366,-0.7328154501134427,-0.6986420779778384,-0.5168954042060618,0.23538998786076815,0.9258565726043788,0.6468539337305692,0.6375901019967186,-0.3292845085303406,1.0729938902085505,1.0327515268946645,-1.3452841299747027,-1.4578400219270315,-1.2377055968486121,0.8872190245564832,-1.33958166280893,-0.9426065467877952,2.7133877731626534,0.6164520290922377,-0.44082497237582413,-1.0261711427115046,-0.03861900379557772,0.49626539269337927,-0.35485932203749726,-0.9456922351046261,3,مريان
-0.11755197089716367,-0.16672717174253862,-0.17346450675924582,-0.16685464814969864,-0.043949194691959625,-0.41648242523576956,-0.10780194863298043,-0.14764600595575592,-0.1589745538660193,-0.04222525945733741,0.1404612262035796,-0.10046619066506002,0.12606008681579814,0.009416004889799823,0.03768108471418676,-0.16062357636362468,0.2951839912593477,-0.09227395039529164,-0.10981511875064151,0.04333325594382489,0.009478749339246206,0.08213292926513022,-0.10841938333767959,0.1333358166730467,0.2574892047129859,0.015164596114026622,0.11502324654000126,-0.19008943646634957,0.0789677759873389,-0.16957026372115797,0.17338132584052868,-0.10735936163452853,0.09790903071128151,-0.08156062161653795,-0.03107617153523647,0.07912084932342847,0.05614339182904366,-0.12547780753127366,-0.16563936054333186,-0.08954067679909258,-0.0637202473831704,-0.17964893588976125,-0.174540646719076,0.05197663501955037,0.027354403130733607,0.16488121414175827,0.17270897177594363,0.01956957319562396,-0.04974893369936489,-0.04260990041767372,-0.12925436826778497,0.14304192912318375,-0.26057850719990205,-0.12829972949848242,-0.17804082080791822,-0.07649915148103219,-0.08240001948040895,-0.07298071445119494,-0.1338490685122445,-0.1128176521847125,-0.3023753871789846,0.18734339519243356,0.02320838121532626,-0.007619834165573043,0.10008218436597269,0.041165356696244694,0.11003567028506481,-0.1534219002586515,-0.16714877532514252,-0.6894503201623564,0.04934872932294158,-0.07209468820278303,-0.0855714531789296,-0.10336360605671918,-0.35171443696753696,-0.0402385630033512,-0.14972652612206297,-0.12294506493796822,-0.1058876717458609,-0.03407983878002764,0.09498860497592539,-0.11614808477411456,0.03937383130057703,-0.06245174689716466,0.04772881264819653,-0.01736138422051351,0.10843818914334989,0.2551820493436636,-0.1681262908598416,0.034319004686272685,0.24686270206190034,0.33640053822437355,0.14156904730995407,0.024905416896178176,0.3038164563584219,-0.480995340812758,0.3438125825862582,0.6923113006754563,0.32240348466275376,-0.11887275022733643,0.05271371508723657,-0.018448740835903046,-0.10899814917723227,0.20520025959825824,-0.186875542316569,-0.9276069292396603,-0.35758600026882936,0.11856498914303769,0.4088774832560283,-0.4395864766832599,-0.4277284466043024,-1.1436953765890032,0.07319871159300957,0.7223124323439231,0.3038420133313713,-0.18772246103480808,0.056894635803362584,0.5071077048256687,-0.7003963980935579,-0.8639862536964963,-1.6566667154569097,-1.7038840519246425,-1.4675784231492575,0.6811283574123608,0.31696673384286045,0.13111593388608048,-1.0369978134255677,-1.2853368567051988,0.6177331859758867,0.6662916661109161,0.1798845375032376,0.42556993917213626,0.02088269995611011,-0.731423542803282,1.2279465220172974,-2.196035623658407,-0.2733901601879484,0.13029683362932654,-0.964852608201345,-1.306323648258297,-0.47950635295971045,-0.3544907079475032,0.21011441376072829,-1.30289703680989,-2.0247035676988365,-0.34035814917186585,-0.7820380348414817,-0.7126225943820935,-0.017495305408137603,-1.232976573619999,0.4216067172161772,-0.42471953215363184,-0.9933984154672928,-0.061563259538587586,2.3170548517014793,0.5835630053056061,-0.9012863767283521,-1.4928096376074484,-1.1548270554374207,-0.2976490067541885,-0.9529623604905594,-0.3702984108847839,0.8667235435443028,0.32901809966256934,1.1199935423123313,0.37146224569254355,-0.06643366948760285,0.8525801425283236,1.7852592574482375,-0.7495386317114945,-0.4894610808998727,0.5645791208024237,1.103019345885554,-0.8840123128797756,-0.9913084052825217,0.35955294438391944,-0.6048162462078859,-0.5996455257936691,0.22169572846198923,0.5448908853377653,-0.1523366018763765,-0.6785451481151737,0.1970330364011333,-0.2582560356257878,1.2631583874383636,0.24049800402200736,-0.06522144750231279,-0.03760814699540416,1.384079929713595,-1.309301814770471,-1.3316041541483368,0.3930735489482514,0.8433949968402831,-1.712018578490361,-1.1253645202026497,0.07750502034808297,1.522810996809002,-0.7020931915408273,-0.7774353650220733,0.6909215586656335,1.2270467663319742,-0.23156234055709538,-0.5446468755031194,3,مريان
-0.10150391797872309,-0.22081518137094505,-0.22740747181819912,-0.20469478600202518,-0.12333386946789848,-0.3945336797247238,-0.12185957600694522,-0.24710517935745144,-0.13861550043730206,-0.17052917608479065,0.007916768872237752,-0.12481611319293977,0.0941423404829723,0.023103394564082065,-0.0016387611007205524,-0.1638398184348953,0.2610828022043799,-0.09479456073403832,-0.08318956395162591,0.008665277256234517,-0.028865044307132666,0.08143687029177406,-0.10083784337765311,0.0546454789064184,0.22740954184875078,-0.019500997169306113,0.09726260994942346,-0.26036037504035486,-0.045306735075482656,-0.09603284706451942,0.11362382358815083,-0.11151555032737594,-0.07941078679412714,-0.037807923366272,-0.14425604105174736,0.07173819368445888,0.09855726778512902,-0.1066371270715042,-0.1912261536670821,-0.10074852612510678,-0.0930521212319652,-0.169941909190156,-0.21762120938650975,-0.013504009081901091,-0.023248532768582124,0.1451614206238002,0.1064987307456175,0.006648457890091514,-0.038833856439512565,-0.07376337882230412,-0.28599785168122693,0.1705341120065934,-0.18911763411339347,-0.13508395597978048,-0.08541459451269706,-0.072375834563352,-0.12941913544656947,-0.07713947551162607,-0.27260675766372544,-0.17459954440675993,-0.37292615517387534,0.12613528341228203,-0.028939853926008185,0.009561759414090088,0.04663431570575063,0.011188934053366744,-0.0088092104346549,-0.13187805232538358,-0.11442176486319777,-0.7492086659180218,-0.037906094408508256,0.10993000577942823,-0.0850952447032009,-0.22581625264404898,-0.321443287896236,0.012104277387828028,-0.08738233847076739,-0.18182604401341038,0.010678755308617385,-0.21209338419783882,-0.041298385310192746,-0.14570538935213087,-0.020477851414488026,-0.0891931306352157,-0.09811023096010014,0.1269506712938386,0.14098431560575606,0.22840600560808194,-0.184161332238596,-0.04245038885760052,0.1523811870767121,0.21577324012148374,0.09866816452505026,0.05193708106309571,0.28833078867903456,-0.487958632209017,0.30320384154926705,0.6663631637493278,0.3138755674619151,-0.1361599516677021,-0.0043421881005380756,-0.10414257872521945,-0.20537715080624508,0.16931323772368542,-0.22354139220035257,-0.08479981223848322,-0.3309759001244349,1.7548687783939134,0.9951574341457097,-0.5482424328256069,-0.7371514987678088,-1.0056368955113255,-0.17329517622996957,1.3887745512974103,1.3504175927112074,0.012580794982446434,-0.2781689179146608,0.3838923518874125,-0.6887000927766764,0.050314004196959895,-1.0738538649533855,-0.7895844869464614,-1.1717909047456592,0.25573726637150884,0.48692931892578417,-0.0017900435495258012,-0.8913716952825744,-0.5856018310968685,-0.10233104843310384,0.43136756505716023,0.001983713829917407,0.3684563427352158,-0.06953225026118698,-1.1214439189205345,1.3328048432414608,-2.6090538463532407,-0.7979644543884455,0.11839701779687516,-0.6986806994484912,-1.3399883663940928,-0.5122411552815893,-0.6592630248093204,-0.005468433282191896,-1.4329713266084225,-2.089327515263337,-0.28553014080401407,-0.8281052459906649,-0.0013446501821090266,0.18592030186424685,-0.9727120331955338,0.3420387817235916,-0.6483785948313738,-1.0519909012605126,0.2924133917562505,1.89863589314156,-0.09723187482314816,-0.9556706936963556,-1.3945030060183308,-1.202048596656916,0.25414153616676566,-0.8508039293995616,-0.5068235242894963,0.8535076243349803,-0.9142312877578211,0.874149537128255,-0.2378540074463241,-0.25078531824877054,-1.100134183704331,0.9684159007494625,-0.370476115225767,-0.5116737824172006,-1.2188354023145558,0.9328647021271974,-0.2592989203905343,-0.9772713869587247,-0.3497086824303156,0.09638133708254375,-0.41482938256633833,0.03181301307614146,1.3620015330705468,-0.5231486050859236,-0.5931726482763179,-0.2562356684018245,-0.1335682450040908,0.35973526872109496,0.7098346803212344,-0.27764184629258626,-0.717515088829468,1.4098207479318194,-0.8919554691121997,-1.4423305969206992,-0.9805322144167845,0.5402572978070345,-1.8576693830898257,-1.1799903101492366,-0.5228026942990278,1.5558741009166008,-0.39413144031018565,-0.9112966412271584,-1.019858283925185,1.0513880487825775,0.8354081039404878,-0.7153774255638765,3,مريان
0.014803351194247704,-0.13529278369484393,-0.22260617930661572,-0.11267710967092795,0.023646868024115874,-0.3513841668205822,-0.05584822341036226,-0.17823309135854862,-0.17369048545393703,-0.1530620985846053,0.023842303150405263,-0.0028385707146457596,0.13128569129269216,0.18284171749590458,-0.01941663244784044,-0.02870182881757605,0.29338452258145786,0.015483450291203522,-0.05205083791555357,0.06670354312453734,-0.06859103146943249,0.059334316476686175,-0.03723883803040632,0.04462711344171115,0.3240454211686784,0.0565228671588478,0.2333482559223317,-0.20738449330754108,0.0309426727555365,-0.032175661100427515,0.23671581797052554,-0.11898569483804414,0.008449015702404004,-0.18624931442890735,-0.16156159573269072,0.014621340499134092,0.11245675135245692,-0.1109952889223739,-0.13330151846337565,-0.11707503746611742,-0.0441204202572481,-0.06844892927455004,-0.18243006234541406,0.00426719212746704,-0.05654487297846215,0.1894926569533566,0.009473025239818583,0.031598351109065656,0.0018155263266345701,0.05730912399602163,-0.16225555508935985,0.2028099412699681,-0.18056357629617825,-0.17292271816310162,-0.15176382616975248,0.004558324406275814,-0.1894526251083139,-0.04555864786942396,-0.1742203802639318,-0.03083583090387237,-0.2788064150903865,0.32638791195585926,0.010416267087782222,-0.12423804036688287,0.0335405101077212,-0.04140341570433017,0.007864482532721238,-0.23303477794749647,-0.1063344922953306,-0.6613603990557209,-0.19423574561035895,0.046250281349636733,0.01736757819336623,-0.3093632293424306,-0.24094785519279927,0.12665667758775048,-0.016342214417186852,-0.10103169644738862,0.05400728394155076,-0.09262179663141817,0.01141497859941619,-0.16064917166786752,0.0639228349523376,-0.008381491119798613,-0.0016525104588085383,0.16735713501239782,0.1737561667474191,0.2795501938199043,-0.14652583664653168,-0.033592313997950485,0.20043142689495394,0.19491947019724498,0.08882048998856068,-0.031243379896843212,0.3477839913448325,-0.445477270199977,0.21863734757424336,0.5976185094482572,0.19881721405436922,-0.12159845015190976,0.017003701866893744,-0.08551023525047287,-0.19223936867420507,0.19245801324202785,-0.11952353013152177,0.17204915100293772,-0.6279572643125512,0.04200879263630365,-0.0972521520699654,-0.5955359416669108,-0.27086456102151585,-1.0871718191814301,-0.21334156414430894,0.9661171900713165,1.0862602401379424,-0.11436833353171809,0.2992902837557004,0.24602718207084937,-0.6054560702645354,0.5703229367458829,-1.144374745530307,-1.4049710358452863,-1.13637518366063,1.1666833794344118,1.2132838698673356,0.6052769123887609,-0.02249575255134565,0.0184706640621997,-0.3408278166310443,1.118150797608849,0.9381723688352237,0.8818709024368059,0.8752743124234349,-0.8760941335659688,1.1181808288586244,-2.014291015930963,-0.10413496887580108,0.06993416211950249,-0.8805403318785116,-1.2984413429527997,-0.45395265243654126,-0.43302173252086607,0.0373255756380793,-1.411871181044778,-1.9883789473528608,-0.28696655984437386,-0.573366264982867,-0.6521366837632343,0.8549428879322515,-0.18772112789649617,-0.4655989307106758,-0.15671669230326304,-0.022360541915266843,0.05122316343733042,0.9899231474381628,-0.4362092739059696,-0.1778329152571141,-1.6711909470540625,-1.3366437648322167,0.5621824483614845,-0.7273294024608475,-0.6668248414198487,0.5377448105213303,0.20889144732131518,0.6522817214634631,-0.1753625480560392,-0.29957445560947626,-0.265975076871364,1.1444574663647893,-0.274364046024633,-0.5981605205946362,-0.8649692680847377,0.23849705823170128,-0.8842321944102416,-0.9685554743000641,-0.5240645677865954,0.09777949505689869,0.4318135062137702,-0.41324518444801567,0.16157989104831294,0.12730367262635697,-0.12512706391851666,-0.5182647266319487,0.42820544887835615,-0.9696490872734819,0.8147585106793415,0.3380868360853636,-0.4379216519183617,0.9303008564177018,-1.0994079897018685,-1.5130952261641804,-0.001417860682752147,0.15709036273139748,-1.949133506077246,-1.3351724739626314,-0.3962595178583285,0.4179601614716994,-0.7362159459622676,-0.8171386029836092,-0.5535547352026623,0.7461282895005094,0.26483469889016875,-0.6808899451270745,3,مريان
-0.04072357643751604,-0.09574083917725397,-0.18548483293319176,-0.060506498274507804,0.07963298550960365,-0.22889195135444043,-0.029505202937093782,-0.21470770069250977,-0.2252738842878197,-0.15605248694345855,0.033725433622530394,-0.012678479270124169,0.15252900894372085,0.23829127443388823,-0.14017380229736512,-0.09699778667545828,0.30852143346618777,0.08540889195659725,0.05461732764130492,0.03676079895903834,-0.06944258532458597,-0.032050658897725764,0.03857301956928258,0.020452284094041987,0.3256894193291021,0.0559582444972624,0.270075711786786,-0.2069058955430913,0.0202409263386024,0.012214605146829146,0.272800786643932,-0.08459829940845383,-0.011705602163480754,-0.237827386369599,-0.09197282731121798,-0.014971868941514371,0.16147463585923408,-0.10620149095311851,-0.06388184467343157,-0.16338710533515957,0.001055016790146434,-0.02582932709788043,-0.18241069149639347,0.05445702177676362,-0.07092601845034917,0.12942553559153439,-0.06408560779135382,0.039274518307343916,-0.05742630674320693,0.16868598777429686,-0.22505380925214244,0.18109465693283824,-0.13113252715192453,-0.09661406903048804,-0.07260716069418541,0.0014949540018966763,-0.1715590657628248,-0.09175675552266863,-0.17054534064527097,-0.04017481092501162,-0.32680185408053586,0.34989916514505903,-0.007591214977726773,-0.11439175970084775,0.03827634495633342,-0.01805103399115116,0.032106360211937766,-0.22243356864190728,-0.08131955982742871,-0.6545428964495864,-0.16964368011454647,0.02233746549385006,0.02959329712047679,-0.3657763699065615,-0.30734522563544386,0.12508414369629983,-0.028909076475202893,-0.03573563794747493,0.15023657458002493,-0.06773010686233175,0.018478712389306415,-0.2603248993332181,0.09252279306062175,-0.039547825440841754,-0.009145096972250506,0.24242552609952875,0.1523996763028661,0.328377140999128,-0.2509608621401446,0.014014291287848975,0.1644096650988227,0.21476783772866187,0.061644878263155366,0.009985992916182292,0.25485469823585066,-0.39314907268626026,0.15957299773202038,0.6796692211857087,0.11843790027735573,-0.054922169597250305,0.0991816876568025,-0.13430216567719747,-0.21466350329244585,0.17974468343267327,-0.06498965748977878,0.34906476302060474,-0.25757977329411297,2.135922908063996,0.934425387891114,-0.6579999478604889,-0.047219921218643914,-0.6002035366997243,-0.011813557921520869,2.228952736418546,2.590716440274345,0.3042849288028887,-0.22886364992811345,0.3490881031176622,-0.6599760223551033,1.366622212908815,-0.24877082087768165,-1.545393403493836,-0.7929665726160217,0.41227639930324084,1.4460152711763694,1.047765068752853,0.6417119903343009,0.39129665705557237,-0.4340059646334117,1.4342220471752631,0.5108918944600092,1.548920032194201,1.2810483465526183,-0.351654224906999,1.230058186203273,-1.7694723288248138,-0.7776236533625689,0.7371513230349259,-0.7739997239257301,-1.4137805381899098,-0.2269536706520921,-0.5559695414053513,0.5249951769786623,-1.1771837738935715,-1.3082106892331027,-1.1438105809587513,-0.7579594819540095,-0.8122407218885657,0.9164871140120735,0.0733531003431119,-1.0752330399997423,-1.1114652849560125,0.10809859210453748,-0.02533389493687993,-0.2649961762883746,0.4739488277415896,-0.26913706747775984,-1.2423157491681587,-1.1315811809139054,-0.3091464418796059,-0.14064606274039454,-0.8757193868552695,0.34775061254259104,-0.6882085344474772,0.8482084091796317,-1.1382154419387625,-0.3337688871323119,0.07604805168887845,0.7197911889282792,-0.9740707827230761,-0.680141804521849,-0.1449429280027254,0.48698458709915127,-1.7027300883005276,-0.8489104296724964,-1.5357015227750008,0.7233895467179026,0.3667710567556911,-0.8036299690644273,-0.2867243290686822,0.6940815998886122,-0.46957499304363637,-0.5094678249963563,1.2554388659878446,-0.9092564997090412,0.0876434452381653,0.2361248582609994,0.1194866089545156,1.3268643269448608,-1.4096056541925421,-0.8241770789232856,-0.421620779714104,0.49463594034983366,-0.839124205142873,-1.0748211228108098,-0.3910416135643272,0.6925178574233427,-0.5726857268219394,-0.19952211423562946,-0.5467138067809761,0.8228436854273712,-0.3373632786303928,-0.2896350789842561,3,مريان
-0.0014670699635711277,0.06625833268106045,-0.14724151326914517,0.08245579580844445,0.08781195414071494,-0.17377314245994957,-0.06869876659378528,-0.21997490213378348,-0.1830440849296157,-0.15603370894228683,0.034914610787144126,-0.02151236273887804,0.3192569489033018,0.21805006942261154,-0.09541132049813678,-0.10206505248259268,0.45017365097178264,0.16813716039200902,0.10512080206540553,0.00974652329768971,-0.12275939830690463,-0.029986247867135378,0.06805549853332026,0.1395490149990053,0.3962972920713173,0.14321066496866916,0.21652251398143474,-0.16667995448973105,0.07236038714232762,0.07601548140298225,0.3557190903447755,-0.08096252194509942,-0.0795776836372163,-0.1904013320714017,-0.04373619699473133,0.007842069206394678,0.15825496055242327,-0.07307187549195132,-0.07022765551430381,-0.13954771525797294,0.0288993006267718,0.05741861340730513,-0.21048126963128935,-0.023312277833851116,-0.03887366207914011,0.20190735129474602,-0.03986413926751567,0.02186110895564255,0.059817785984554936,0.16521374119344084,-0.21350906105045692,0.2854207236785543,-0.11720637605846529,-0.169873494561058,-0.023839905168990844,0.021984825224528298,-0.17085016074267811,-0.026366102502854347,-0.08222568493927968,-0.05935800218262056,-0.32938272880807096,0.28140892049884514,0.02579820018017685,-0.05637224863165888,0.07857065105094228,0.011178949335661211,-0.09411434737316425,-0.2198069943636273,0.06312321420996479,-0.48127679457575595,-0.2840747160454451,0.06495568804622429,-0.030783440549925642,-0.44232865159380436,-0.27042687738323673,0.09182288918671189,-0.1337120536640787,0.15344132823376996,0.04833722837229276,0.04878057323730174,0.13673637440235775,-0.07742863250168294,0.16363547980606793,0.08630569550585097,-0.03249037609678003,0.2794333095581621,0.14653238235931904,0.2190190277274394,-0.2887612446128577,-0.07321498829702021,0.1561306883003208,0.20389658871988822,0.1245292153548795,0.09416273894602076,0.2957787846217705,-0.32291247752601115,0.19262750167845738,0.7642206135993994,0.11435239034376554,0.034840893345906065,0.22239882979640074,0.0011487457522481519,-0.26278033421453945,0.23500369644570077,-0.040487773346736616,0.7629517253235013,-0.29885190797247113,1.2024951776162893,0.8080968287629666,0.2692126087212614,0.0860263122503282,-0.5609975927521593,1.1537970304564649,3.36222473089288,2.3649986786979444,0.5123257242922328,0.1559298760126978,0.2740350586568026,-0.7113208741287971,1.291839554588036,0.027878316018272273,-0.9612669512208948,-0.08941990071866075,1.711467685581077,1.7876188345074948,1.2498505720283828,1.128201069367632,0.5581672540339138,-0.30667520432525164,1.7118142012787996,1.3268084377575813,1.083355897568594,1.5081617039688917,-0.5202584371272225,0.4854839555016438,-0.8351771182947286,-1.0857496880474409,0.131275874648607,-0.7075133170817914,-1.463383289802802,-0.19653889337943684,-0.684042530320625,0.2361667483967384,-0.9697476077979477,-0.6718159709524872,-0.7767799283891474,-0.3447082329866895,0.14122007229723899,2.003314886814877,0.4478712840659494,-1.2411635299781878,-0.8543530305153841,2.6040916596760537,-0.18378034033362317,-0.7339831173954777,-0.009064319689397136,-0.32202471626208207,-1.1100619743308662,-1.1695901125877248,-0.24837078971951015,1.574228232558899,-0.8859682000231139,-0.013673514434031041,0.027703144509894355,1.417706588332336,-0.9986234642488223,-0.32811623887792873,0.27975919718631176,0.8648832070072207,-0.7894939142628515,-0.6892886677156342,0.35276482979972373,0.6457036853738665,-1.155442981517605,-1.0904838020721193,0.49726145159221924,2.0840713474676624,-0.19715996686466242,-0.784935887133879,-0.01114056909891868,1.1790101425346082,-0.4959648355090398,-0.7612714808158871,0.703911389595748,-1.2437568306558737,-0.0869752050693471,0.06602627797804946,0.7904850522717473,1.4184778459705827,-1.3692731135374299,-1.164198302797112,0.014084305140113001,1.0207262592366853,-1.2867743007145822,-1.4697418539407099,-0.136804431552042,1.1725484799381538,-1.0267583659429613,-0.7324914532084644,0.46264273098739095,0.8125040560899669,0.15006240138077023,-0.29965197046115927,3,مريان
0.07107717046079493,0.1274091697335945,-0.13549328158393276,0.14449542161780282,0.03663813005433804,-0.19252364864170254,-0.16848721448335752,-0.19059003882121178,-0.18330186689045927,-0.09416754910806902,0.054698340489559835,0.011747398549320597,0.30477177836634484,0.0722750095025327,-0.10397532896503034,-0.1041715211474873,0.39868311785320065,0.20803708558504821,0.13402475147167006,0.006959073782506481,-0.15931237730162903,-0.032939252571811906,0.11394551215206951,0.09693578260501665,0.33835961741874426,0.20953938295949895,0.23111700123601173,-0.19643143529424842,0.07547873550799708,0.09840351248497937,0.3351981277726435,-0.07584094665013172,-0.14423571700306584,-0.19835052084132884,0.04474840598655333,-0.14432906311663157,0.15264231964174368,0.021883869933735742,-0.1347212988999641,-0.22258987466845023,0.04394015026668564,0.1669086597734075,-0.2009616881034342,-0.10603864138921082,-0.06003163290840727,0.27583480851411424,0.03858467735906235,-0.020632302940631765,0.16464349318753646,0.21574715399459052,-0.21458156523251376,0.28734547493139717,0.023823959374316448,-0.22439414615201675,-0.044514485569298115,0.043239180679084145,-0.16963396355269708,-0.08798356847633079,-0.0461372318692247,-0.05318887248356378,-0.35294080328640964,0.2720664162858984,0.0650585327148035,-0.09381712692158328,0.03744935553479033,-0.0035517570795981714,-0.10928361711949469,-0.23515793551679404,-0.006087496756144105,-0.42739942435197004,-0.3079339143986886,0.07151421381821656,-0.024659909370023762,-0.404049151015391,-0.2617615299263693,0.052570094213619696,-0.19324934511295355,0.20734971087075,-0.0452207248396951,-0.014922230319322563,0.14566071189810575,-0.09362241052657079,0.13342519605112962,0.15173833866540445,-0.02540672650931145,0.3322594167186621,0.09126321585159956,0.24308222422269718,-0.2842281093723672,-0.07981248212331095,0.1933678337297606,0.16787340267544976,0.12681418772447411,0.049509655129716765,0.1857210433531917,-0.24184660370039843,0.22488339308688,0.7177251091208071,0.07398416428787995,0.17209390487315043,0.18721981514373548,0.08959581780913439,-0.2585511396786351,0.09273200811961076,-0.032400144928787615,0.28036805509752943,-0.7189573158051455,1.5129293630198763,-0.14975661116139957,-0.6705966833838478,-0.1260400891504793,-0.38141936036837126,0.5998817228446472,2.5445250320142643,2.515570490216268,-0.06875384835643839,-0.626379674025184,-0.33029903157655693,-0.908848379579667,1.6904559175493843,1.5156545840697824,-1.109077727319759,0.9898160906214847,0.937396251840633,1.5357915615784707,1.7838567253058073,1.5157216784238865,0.9488453554308978,-0.674310307089824,2.0293096055718163,1.920443762937005,1.4523907696680562,1.530505129467229,-0.20843335721296072,0.40764438366237526,-0.4063289053531618,-0.9773166081179455,1.2386088667675688,-0.49234282983491134,-1.271588094074988,-0.24036561517073476,-0.9499604797688638,-0.19869053218705096,-0.9228696257906968,-0.3853059233466333,-0.6226029581290149,-0.58922668071378,0.05313127602163666,2.1552512607917427,-0.05428017821143165,-0.9693473242470663,-0.14128328037582522,1.5970051065078925,-0.2547031596420799,-1.1839569562339451,1.915920036363727,-0.2030927934050062,-1.0194141828037806,-1.334041011762523,0.23166350512691866,0.8995750405971259,-1.3237421967383898,-0.22079931928800006,0.6007301036085164,1.3611253373059076,-1.008527168654851,-0.5041313110105798,0.368001164853541,1.3213957693017144,-0.48140721200852477,-0.6894145622147743,0.8242569681548505,0.9785617183222057,-0.8385629655931077,-0.9579362904627294,-0.3945483186381203,2.2495513770313518,-1.2253500815526623,-0.6726317352648137,0.27113183867522384,1.196479838391589,-0.9343214619854774,-0.8842286858968001,2.296843133875526,-1.0179676069374168,-0.0015122874645894888,-0.17128471176567042,1.1454841197807166,1.8757770112553984,-1.3577928408669948,-0.8588545355449174,0.17609808504246302,1.629767834205647,-0.40380405731267427,-1.3778262590439476,1.5139795343585196,0.97555974947666,-1.1894401091487763,-0.855674553373273,-0.07608825490438678,1.0010182404855654,-0.22066878333896595,-0.7990551588925408,3,مريان
0.21343731624409532,0.08725768325400715,-0.07009632913152503,0.30882216555923375,0.2908901657185121,0.020222928954528718,0.11433787087118324,0.1909079973220141,0.07411433179926043,0.0971495414173908,0.30501769907616066,0.027726584265525076,0.503971568079958,0.1378847140469936,-0.07683144790931615,-0.14665495243839322,0.20494190698587902,0.15181240688669598,0.1511137264239161,-0.10358722114381055,-0.21956387808661856,-0.161052793059387,0.16512826785412496,0.079543714911487,0.3545533806400433,0.2569450003345643,0.1882100052041843,0.012643552203450346,0.23156081372622853,0.2934793180726771,0.4832402638630457,0.007436737012179187,0.05181119785636516,0.1337877711571749,0.13544043471718237,-0.045422059231955865,0.3422771213953328,0.08649329307975051,-0.09078004897728569,0.06471312160342096,0.4134338678755464,0.23080929476691553,-0.00832397186428094,0.25180568232505024,0.28718742910676615,0.4418960723102596,0.2181616716577297,0.19389513605352363,0.4261126106402688,0.3564603099156727,0.03677302010451155,0.4262745428010288,0.4428193155619419,0.30207390049641025,0.33754725982897105,0.24577913563950823,0.14148651990925876,0.027960893534383857,0.2439846033418621,0.3229242365298681,-0.2890215048227258,0.45529658331626033,0.314986070781848,0.09722956444531229,0.17985556005312983,0.2110864158046267,0.026540367747731674,-0.07329956494405598,0.07343263953592205,-0.021171764109609595,0.1706954536836694,0.4570564639816526,0.188490116100458,-0.058255917784044785,-0.15531442991894054,0.3774681085526399,0.1322105993804743,0.5071477001563666,0.49389111984027634,0.28110832686425463,0.5079237516392774,0.13946298375159674,0.32906487107427274,0.4973629389179431,0.2997273200095299,0.5784364717910009,0.39987265641074826,0.46839999930241427,0.016903819115583925,0.20508625509522796,0.23039454065616452,0.3691102242088772,0.21603788166745808,0.2406197015008602,0.29391843645450094,-0.045672891346419664,0.36116623847563856,0.8863222590381965,0.21558272619307015,0.1912979487928314,0.23324550670329333,0.15882428245660116,-0.15836298664521306,0.3662003089877062,0.15141635063241526,0.5488177717978606,-0.015265251398700176,0.3061536940004142,1.1353661424405506,0.16437296786772151,-0.3520902819821159,-0.45916874434437804,1.5731076395488395,2.1684579206536823,1.6679196801815523,-0.14616904254975793,-0.4397420646918402,-0.9985000872692277,-1.2388409976479304,2.3842035917965685,2.4502907550684005,-0.2832790062908057,1.7044274368902885,2.641303089405896,2.1377286837098812,1.906727301125018,2.3470863339319403,1.4811309568183095,-0.4443893554442913,2.723905124113604,2.4683567851019217,1.8662290437986446,2.3682514193400914,0.10473585943657915,-0.28234542965053,-0.123915628357562,-1.2453931190191678,-0.5967209230057676,-0.938207670469115,-1.3828818036038215,-0.3441817341810716,-0.7308176883330054,-0.952956471124959,-1.0546897167435483,-0.3758609342327045,-1.160817283230015,-0.3994396707975839,-0.3515622897832759,1.1480991086255856,0.16451075132767393,-0.8274625620125532,1.0808546665577117,1.8667665825583948,-0.7929908913554048,-0.9153066351646314,-0.12088144495871271,0.6487717605968661,-0.9364914450084899,-1.4022729796673736,1.1039629499581103,0.5218458887122548,-1.1122075736842905,-0.500143048342319,2.228562363687372,1.3538001304837044,-0.7491340054346485,-0.8014535979983267,0.7605990591835697,0.7889230371101582,-0.7919664832129659,-0.6806118420355042,0.6768158829981529,0.9767109608437449,-1.22073251879674,-0.6458903897902476,0.6836772629048219,1.4719707641173694,-0.8924891971813249,-0.5863412572437182,2.3724108453647266,1.4960629868113775,-0.892485396608375,-0.902963514226912,1.9664886876395828,-0.18975560820327725,-0.5160773714790917,-0.25277545175299154,0.4082067731017159,1.5811439603823478,-1.1238172754785545,-0.4974975164267697,0.24739554543872383,1.3523479004912682,-0.6947460045833977,-1.1048316419684308,0.7863507633852257,1.259797347899062,-0.9105540273034535,-0.8690380102754627,0.31612019505676,0.7940289001486619,-0.9419641642606911,-0.44514824220894156,3,مريان
0.22568024332271033,-0.030667545786836958,0.1328607062613611,0.4954431284816618,0.4769212527045407,0.05675715626313987,0.210310021548219,0.296833809662199,0.09004129176413066,0.16792559892778489,0.478418522684004,0.11574647399337307,0.5959068617345822,0.21994068446850715,0.16674544178305192,-0.2947984732006104,0.10500129652536563,-0.02626413412817152,0.2887005185301927,-0.15587823914894902,-0.10408243234633054,-0.08214581287387593,0.2520671892896714,0.01650006900008575,0.1875805645461017,0.2467919230548399,0.03162407416015668,0.04561920140536149,0.3835003457242602,0.5128133928631441,0.5049924171861856,0.07664118187173691,0.05914618021213585,0.2906982621594158,0.2476152653817297,0.09035318816415928,0.4342757443912746,0.196243164985808,-0.028428900212608518,0.1480987419874343,0.45229961038857325,0.19931616507912578,0.05601958717840493,0.28059355102138406,0.33975884926663424,0.49294461383172666,0.3223401273356988,0.34241851401527557,0.4513546446267181,0.42381056745728485,0.06609935380841056,0.47353728455891364,0.5277561507591787,0.43627782197399617,0.47236556045175826,0.46023220404101317,0.3214158193140221,0.11897985230620023,0.3333471696622008,0.4472427489452255,-0.2127162541944333,0.48423700386941326,0.4690554375442215,0.21161286578786306,0.2587983065539814,0.27445040275305305,0.026530658935531186,0.08497354223741653,0.14168218745986083,0.07442706625630718,0.215103545439385,0.6430117976631894,0.23218116870719546,0.01412927499196983,-0.06418738850671939,0.41528247855078637,0.19973399533422806,0.5954834043259534,0.7830303033124802,0.43947860056395094,0.6224061039191048,0.15498156081821884,0.39524447852222777,0.5959866545308717,0.26773869239846526,0.6680788999884417,0.5136464080438692,0.5224188023304228,0.21442435797483853,0.264513812462765,0.12746192928776923,0.5007829615400271,0.38727899365051993,0.3936681121144639,0.42008719586229654,0.056116494468482284,0.5536787465609153,0.9864794195933421,0.2328005027308567,0.2330018171805925,0.27774853710961983,0.18360430288923266,-0.13243889119026508,0.46423890779562127,0.2636684735868633,-0.15891334955537864,0.18793463260406784,0.4422809326702545,2.2901702359158995,-0.19973684618620066,-0.46556020546445936,-0.5485664193021783,1.2396289047098854,1.2518723208647695,2.0495658210842462,0.18606448766318795,-0.9640423853817247,-0.23416118890166632,-0.6524099509921041,1.1168171653572954,1.9924703707425047,0.04046750922203894,1.423331202795533,2.3482300040413,1.5590949241343932,1.9281038612906287,1.5213352059759093,1.1819234049299527,-0.39891226838329263,2.276841032788186,2.9913047235249004,1.5755910411124954,1.5581220436621621,0.9518582735522672,-1.016619900774387,0.031150077840592687,-1.1849179814751187,-0.2428616204350682,-0.9508391202057591,-1.0792989972426688,-0.10651312259631024,-0.8131034217150044,-0.7579901842107681,-0.8022832445283594,-0.608950729962859,-0.8754810448616287,-0.8973252921131901,1.2100726397006172,1.5225300533764186,-0.09455028266542562,-0.977592895949658,2.7962368333731438,2.7315428725403708,-1.8704081788694609,-1.4953122621457346,1.1788333353316036,1.6730445367941358,-1.1040232233251646,-1.4292606506142767,1.4387667266433588,1.388668023839668,-1.234390098448747,-0.47777388170764434,0.1581821042558374,1.5091498890771944,-1.7362380669158175,-0.8146562491943835,0.5814584779094618,1.0981211767070305,-0.8556490912428663,-0.6506957587193226,-0.01356748186070233,1.3379163125864668,-1.0881829219409758,-0.5796368422283197,0.7176955098211729,1.7462457154045605,-0.6050470493281809,-0.9185186519754863,1.4901159093664746,1.300190739643822,-0.8816083402871407,-0.9854751786589389,1.3318961214506915,-0.6358253130829681,-1.1464379069848167,-0.5713510328172097,1.1698857532375293,1.7193809505537807,-1.2569736805154679,-0.7315925972190601,0.5526220605506512,1.6914913668032934,-0.7802125187282272,-0.8277142358046364,1.4788087979058175,0.5150805119310976,-1.0465761523005674,-0.85338417703382,0.7193381011363674,0.7937663253611327,-0.45184563169555664,-0.46570195492715444,3,مريان
0.06701777794111696,0.05982763650971478,0.18539933614435453,0.5528838375798694,0.3277072172163682,0.10863614543072175,0.24417752200545834,0.25774471099461926,0.1832981005059452,0.29444324807075584,0.47821680780841685,0.2547644076109405,0.5343600578770894,0.2918846641963452,0.30573041167818327,-0.07854412196027974,0.033128009962807875,-0.05423796837614797,0.24520660852529966,-0.003106158778825206,-0.08800352859680222,-0.22874197856251194,0.102456994496522,0.014003266211567599,0.20043446498003892,0.27076223026339863,0.001323276640857977,0.043515917390157734,0.3815638054820891,0.4902897683875067,0.43827022082315353,0.06932622279248371,0.07915811816117893,0.3284233050680825,0.2226228148963276,0.07254960579224709,0.5330953950353882,0.09701915271855201,-0.03169472947190912,0.1359723526693252,0.46519963733898395,0.23242032132784188,-0.0022039502395602897,0.21082128472082964,0.32036729353590937,0.5018445204564138,0.36563015152448797,0.32004141422154925,0.4882075302646939,0.49083874103281816,0.08970001361903168,0.47297626095263196,0.5368162210516984,0.5050883674908679,0.4740117718824832,0.3835611912070786,0.34665542668400506,0.0989241180302396,0.38188460538474994,0.5308996677081338,-0.3027343094596126,0.45406290158438917,0.48322720317178447,0.15535406643711344,0.2969618902548745,0.2615505735242939,-0.07275763202644725,0.16320876302736878,0.17338634775599027,0.0692283392852033,0.19144550186103665,0.6287323413082394,0.24374531094186164,0.07370740814730442,0.01200825394350783,0.3520382656651115,0.1431681566731778,0.5955552767573457,0.8360241956767092,0.42809694564604145,0.6100144822971374,0.10272795748726248,0.38515362963204314,0.5665411401187009,0.19437793172570483,0.6608112296183059,0.45430984016017667,0.44912618551865385,0.28123891542534046,0.2601010584052492,0.1601766057010178,0.48589918597662624,0.35043942836097847,0.43831575323949934,0.3639356020845146,0.08470594361732846,0.5987009350860133,0.9629139779739281,0.17194261573091188,0.1968536289910357,0.30381007064071136,0.17078406418859496,-0.21032384368699147,0.5535624373456638,0.2163530486326196,0.605837952116206,4.049590707084448,1.2074830527724532,3.814725633858088,1.8649371397871883,0.09698866674165608,-0.4246183239572001,2.424749441765374,2.384438491417751,3.6860721200789093,3.302024573803103,0.5736115256403872,1.4827229423434343,1.2099034982596912,1.4058360266134133,2.7737324921970377,2.383680528443979,2.281882362613922,2.4920608358836995,1.042141510484495,1.389479945228986,1.6965270636121819,1.3101467812657777,-0.48280054748738077,1.6957121563599034,2.0704094395253456,0.640447504321596,1.002513578878175,-0.025026216489456334,-0.6157136276626831,-0.6147467215139789,-1.8643359428415063,-1.4289571255391575,-1.1971566263960671,-0.9793544530794093,-0.4802211084804684,-0.7402373018566568,-1.1144022342006914,-0.912006689910943,-0.49310671798510824,-1.0870332925624262,-1.0633319022622425,1.1378525007582732,2.034790756258091,-0.006811207039176299,-1.1580191792788839,3.3889537023180174,3.1205962581481224,-1.1401679709843986,-1.7365362290673685,0.014325555920218452,2.616041809877342,-1.0479974468161515,-1.48434362212776,1.3825519910084447,2.2549250399729144,-0.959198932740895,-0.6282377116610581,0.99712974329177,1.5943420172892817,-1.5810142754555279,-0.9469866348586774,0.5946844483636428,1.4750990904958687,-1.056737099050845,-0.6767381932075949,0.12249812648227909,1.6848808632202321,-1.5001174463196416,-0.5631079039343845,1.6327296760275876,2.6370885417909884,0.35051377483201046,-0.5074797688717279,1.1524372626426502,2.1245311615236395,-0.7877896036230667,-0.992593577256068,1.3540572066269945,-0.8381341497928165,-0.8823497741596553,-0.6154495980354718,0.8725888176873458,2.1190047882115692,-1.3315742935728903,-0.8252133535630832,1.143461740946795,2.386163220246856,-0.4893646522171287,-0.8354212395366492,0.779263956504865,1.2957740303670608,-1.3618101300642607,-1.1343676114393886,1.1147819205652951,2.0182782743723493,-0.891000459020772,-0.7776198250111017,3,مريان
0.034097969791441994,0.11173109599969339,0.2676665862157787,0.5559669332818992,0.30206845816430644,0.06886958544622439,0.2089482263416162,0.25225920409882824,0.23033946389104118,0.290912228801867,0.4656146581403627,0.2611234828353273,0.4816182077734659,0.35610997054774945,0.2975111295036571,-0.07030409151154793,0.015768803359107703,-0.06596352658401305,0.250837957169058,-0.07193572746153265,-0.1269880412029118,-0.17943028617368817,0.028555170743120487,0.022622060272905455,0.18829803515872062,0.29406614358764505,0.04144973600405214,0.040687750901298246,0.47774069552006515,0.4663304700629659,0.4501682270296888,0.06811867093972215,0.11185108269448146,0.2638368741988689,0.1995462699268862,0.03388817453397464,0.49011208950816293,0.07138290315154933,-0.01020459655662844,0.06995952253328017,0.4861198706083164,0.18322881481531308,-0.06512134131603176,0.1571586507229529,0.2815215547653362,0.5334601072010176,0.46823039717279175,0.32880792656036084,0.5136437471887941,0.5423750041219928,0.09813639527507788,0.4558264009608713,0.5330880098653723,0.5036802220270944,0.44647158223628863,0.36504565379946435,0.3471522073150627,0.17674957370892203,0.4263184762531,0.5039590076706645,-0.31192466806965785,0.48559600070102776,0.5222308385710793,0.16256051661285076,0.3144285014498275,0.22870191739494414,0.0210095094544889,0.14307467538760293,0.15171182769534453,0.11871603073419608,0.21634943896048126,0.5403482116453105,0.25476981612067,0.1225466702036127,-0.003860400715806089,0.399879146463988,0.11127845615564169,0.5319392048545227,0.7480290502219515,0.4709321867640105,0.6927305884077308,0.09277348003758924,0.46274261972792835,0.596286014604101,0.27360987367430684,0.768990605759036,0.45030071480624423,0.38343516802907074,0.31216965346414427,0.284339416772166,0.050061831953138576,0.49333098476106213,0.3466459971937192,0.3979458689563231,0.3492360209263959,0.11083870033121666,0.5197418723553527,0.8686749962137162,0.10331365915231173,0.2322292373020784,0.307319490527852,0.19026484841095964,-0.19392431761468015,0.4712650905159435,0.2393046800796399,0.10612516527382652,3.1524353054830705,0.06783242406827915,1.5153464396648837,0.22771449218526665,-1.0030771238401945,-0.965706415613682,1.2556661234373754,0.19226512944312882,1.4240081565285159,1.322220509920081,-0.6159558299519148,0.8464749877812142,0.6671417057531177,1.6668502252916224,2.26743550040526,2.97727098590995,2.933651888310437,2.340879480777967,1.4573277042937147,1.687205542667521,1.7910590045289037,1.9179820078113008,-0.45208726389252957,1.71239678869202,3.45972646126966,0.8126881502779992,0.9222413091941727,-0.262773340997042,-1.239464278866032,-0.9219646211436572,-1.5943236222591675,-1.3742253974689953,-0.9768107580211629,-0.9624128681249642,-0.6253324486599637,-0.8968301659787407,-0.9593630283021893,-0.9179148888837032,-0.6406880334387796,-0.8879714314906451,-0.7877255804026281,0.3362717457308098,2.2113868005669555,0.2644699826750742,-0.9182546139778239,2.942567365505026,2.504781436543712,-1.4253230723050112,-1.8590592773638615,0.2831034222337739,2.7910242893890778,-1.0793246960210026,-1.5961943781567904,1.7529039339259278,2.04176625083939,-1.287382485937792,-0.8743179934434182,0.03581872852305324,1.2773826061246283,-1.1094948376434657,-1.0342933507287224,0.8029395694760515,0.9489616012835694,-0.9667659850893899,-0.6956903830334832,1.4572656933266608,1.3345829947133871,-1.6385459886649012,-0.5590788922185881,1.0295303396654925,1.285086207949155,-0.43025565435895113,-0.9205779438682337,1.520112598840917,1.5247202875852557,-0.8196617514047444,-0.7498374211003854,1.61935118620674,-0.7260671671301602,-1.3274649764354358,-0.9019332263318063,0.8181010036313648,1.427643797144942,-1.2695035559421761,-0.7692461963607702,-0.054994195701115106,1.8389014912672819,-0.3015370368942063,-1.0095123501844725,0.9145047080578246,-0.017109134971531652,-1.3431302785270993,-1.1415658041761048,1.8319978271407422,1.0067000451953827,-1.456258079366178,-0.902125740900167,3,مريان
0.005356563149224844,0.060198015827023305,0.1877906153541437,0.5555667387463862,0.2641560682014394,0.11633574275796599,0.2804813852289365,0.177085709514043,0.2911116475889951,0.2909955509823863,0.4916510829416819,0.2524850702031335,0.5572290867527877,0.27504563989626346,0.2506209472712406,-0.09523213006678352,0.03034397188639786,-0.10435151861147536,0.2437342902797321,-0.1051065549853162,-0.11454773738698606,-0.07089516654992814,-0.05330168327278548,0.10148586192107262,0.1667717622400902,0.2921937652834118,-0.007044918019160518,0.00753832709401654,0.5201272413615774,0.4151756747275437,0.4417297477540182,0.07505694652957504,0.042285492240049447,0.3579907947943989,0.2280449707395472,0.04981857050012096,0.5510872866469468,0.0021377300244598495,0.07201769909920307,0.13906642189798332,0.4499199103295829,0.09952792611354797,-0.13844013625377014,0.09369636328952695,0.37143766620332375,0.5103116266945238,0.4762312730273437,0.32883962462530225,0.5489261830085339,0.5195414511796705,0.05763937594404917,0.5061274753935185,0.505155238249283,0.5255371001230917,0.5363827026806004,0.35421769264475345,0.41593958596447,0.15432576928484965,0.37713255641109755,0.5053115092347276,-0.43791946096846895,0.3474174063434785,0.5248554679422925,0.36434447634545386,0.21629616216898137,0.22962309262603428,-0.020432213594760065,0.20257006774214903,0.20130174461349035,0.08943945258688803,0.2944612263633475,0.606146889376484,0.26409027934612134,0.1220827624235967,-0.0665377295676084,0.42138977784128206,0.10568149834646927,0.4465015090599347,0.7915683812700793,0.5368804120163484,0.6546590652299313,0.2182734924792867,0.4501314612719848,0.674759074801367,0.12360199311924507,0.7289495459024402,0.3786014118329648,0.3261760763321184,0.22145009538698318,0.267939055326872,-0.040738265788338696,0.5197070816920024,0.39247801386986275,0.49494096251509584,0.29573160735930837,0.09744061057753702,0.5013933757740741,0.8774607505989357,0.16087368917889364,0.23867086329761666,0.3043991070984229,0.1266987685524282,-0.18678809680562256,0.43723121838060947,0.1824239438726645,0.47158485918363224,3.757034443978715,0.22753391101306086,1.8923573462874381,1.0246605350207734,-0.5931554938893717,-0.9636264773096532,1.2302010302599728,-0.00908435486803639,2.483515493067222,2.4915921154790963,0.3752390375721697,1.2975108973383722,1.3966032899883727,2.1638441083979587,3.0180191424539116,2.968462181319335,3.079168279624536,2.0536165990910322,1.3991811618140721,1.695875348267569,1.9672870836954515,2.127504029251379,-0.8072075842413717,1.5431864764163092,2.528958827549999,0.7790261971291645,1.6338432150862483,-0.28283288176015636,-0.27222170570243065,-1.2899043906201841,-2.0337231410877536,-1.782491463843899,-1.0991657907469594,-0.6635888422410898,-0.7114749950257366,-0.45557466219435594,-1.089786734940079,-1.0553696859394046,-1.1271240145984374,-1.334485934338148,-1.302587535873773,1.6378533461174885,1.5397925237159689,-1.0453863829456895,-0.7679714274750739,3.423845508839717,1.8081680768508346,-1.7473321331587375,-1.8580686904908907,1.5200362221797057,2.618715254704738,-1.3243156816696475,-1.6121384103899161,3.5765858141919846,2.6953155598485194,-1.2601751442201878,-0.9329230148311515,0.873094030357676,0.546952857304173,-0.2428354406443712,-0.8551254944299505,0.14456131898688063,0.8029919877750185,-0.3766113858094191,-0.5871387886838124,-0.29341278332103476,1.415957167975896,-0.36437408089398865,-0.4241277938635855,3.1805851831261625,1.3001945189656106,-1.4226723848329217,-0.8800042330146216,4.043735432116077,0.9905249253886821,-1.0426407436705671,-0.7429414243722146,2.081546961003787,-0.5503712236954906,-1.1852454628166815,-1.0641397910972377,1.2609047855880835,1.2241023119683947,-1.3383666940930918,-0.9000060644203981,-0.6346093319980172,1.8814054017452124,1.3756541309445995,-0.7572542682312072,1.2938449440282878,0.3501308974973268,-1.202340530466295,-1.0359867824991171,1.1935969040386194,0.7252119505164975,-1.2085241711513852,-1.305052760003708,3,مريان
0.7472399719274377,0.6213025088168198,-0.17309283425067362,-0.011189022961797288,0.4769509398823946,0.3873066708247123,0.1328321832548597,0.45929270811662865,0.7281204426505332,0.5932421363748461,0.05884530963220819,-0.10386025646361818,-0.20863038772595466,-0.30495140444863483,0.10674674191815256,0.2843680567174402,0.5349736949996857,0.17863190319707448,0.2010901176710744,0.08513060256454826,0.5333831693536293,0.427530442384656,0.5471055217953331,0.20914234155105801,-0.31843498592457997,0.32759438326604384,0.06311676523951792,0.011953361388298672,0.21011595901432872,-0.14987925780989808,0.3628369174732855,0.18288133631028683,0.6288692443008259,0.3339314914751361,0.21799994879844475,0.23174338851606255,0.10782684925380207,0.19639990050234635,0.2882980059973894,-0.021233177708526514,0.3337915119686184,0.23115616759876179,0.018571868885629946,0.5050544528821869,0.3765547792550262,0.33941047001700586,0.16107599750961385,0.15410049293474434,0.09228171039277111,0.27783755669297,0.0405255782496681,0.18323521151028344,0.25523795133336946,0.4921228529760986,0.36183271926859084,0.35463658178209684,0.24936926534930348,-0.13425450145886406,0.10531206808126656,0.27259714786614375,0.3450942003222588,0.43722108520886377,0.6020905472113349,0.18084992293063396,0.21916634245397132,0.08842886365841561,-0.0026764643416852876,0.16186543023046068,-0.018420673469624654,0.1423662337188193,0.4568079806481309,-0.007144867287569162,0.3171938302892355,0.3109905746720867,0.052412129049721576,0.13831455020505562,-0.018085162242058455,0.6553160565886599,0.4025644153156159,0.5154086022665896,0.12593835899419822,0.292829050738943,-0.0231399130039396,0.03824330879968186,0.39737169072860634,0.4644048446589067,0.5205846023897174,0.19890458059505076,0.4001944225134905,0.21972362499708978,0.4724344273821526,0.22531963119676043,0.035269434101384826,0.2324112776946245,0.04383828102553383,0.1392322820837463,0.19854141561798397,0.120927888093189,0.3289170939471737,-0.1558830888384944,0.12792130671896973,0.16664057731755355,0.003921222332807032,0.3943112168424472,0.05246219511750798,2.5032639807423704,0.2666281694620235,-1.0326057096534438,0.26418044907673643,-0.18590324328296245,-0.28558018374708916,-0.24576646327306967,0.22703105146718122,-0.3975902310256997,-0.4950236765451334,0.42038424728803664,-0.026678102305529257,-0.16950650490438948,0.687934683649433,-0.41461324094062646,0.10771912934363051,0.4522790832999492,-0.7156972279439271,0.6401101230936855,1.6482118919882416,1.4613292115129952,0.9162882281188379,-0.4860480449509094,2.326675207281665,0.1772770449968015,0.5044830947378336,0.775748180105285,0.3074874542719821,0.8705292021067653,-0.1882495933955164,-1.0629383646674546,-0.4754224185643138,-1.3701072549339866,-0.5167371917118281,-0.9701195137397002,-0.6251579844240172,-0.4409547425082815,0.06913100178535309,0.11538544040733578,-0.7438577983495055,-0.21516551644723228,-0.39338032579657245,1.4016701322860132,0.5445471591458465,-0.11750837673918667,-0.35100835065951297,2.104413561733086,0.4224043734865528,-0.09496601646461635,-0.3193406196520293,-0.4945980537962987,-0.12122952289367393,-1.2249264202258794,-0.30920553419312163,1.0988238741453609,-0.016191150737827686,-0.6846071571965389,-0.22788280450310508,1.006358083882772,1.17436424328244,-0.6209497996880105,-0.1667397379508156,0.999255377730986,1.3752560562852247,-0.7499493069743269,0.07912663870818674,0.14852955820055427,0.9540601713969141,0.9293887406778173,-0.21696780281076014,-0.5637520867223605,0.699523390276194,1.1638459411701692,-0.6799156323722217,0.8294934849541572,-0.8958236797345476,-0.15207753153520248,0.1413382778041609,1.2960952293170014,1.696870937962622,0.27040266946476726,0.06418657737665022,2.484857630235306,0.40534417917176085,-0.24690316708580637,0.5203409085228914,1.6759353637184355,0.6572754562070966,-0.8026014537926183,0.3059060397143469,1.8644928295567857,0.7283836844435301,-0.5510027386768395,0.5500390227587919,2.557246698865218,0.14998981527599634,0.5411926681526948,-0.18890688388844623,1,مريان
0.4040280337099316,0.14359615976988735,-0.3233623039046239,-0.16814954654353007,0.19579229249846272,-0.15473791310578508,-0.1369817846259267,-0.20484093507124154,0.24581916662950665,0.14935521001278662,-0.11430957520630386,-0.21292330473224325,-0.357497642175078,-0.37097102822579725,0.08818905698189677,0.004267410324336437,0.3026131213552336,-0.07901205753439441,-0.05415775057583617,0.046456147573766274,0.09431317645551303,0.1899408679982405,0.25225281966457547,0.1156257664063704,-0.18976798815761584,0.15522668146773458,0.11815025014337148,0.016172660938537562,0.26178375594246645,-0.13080996354812385,0.12116739622343414,0.0916549181264648,0.18950741825670073,0.12231946816298658,-0.12253860966270205,0.056466017004103156,-0.016866660385735057,0.15358725391236552,0.1601429993542799,-0.04492605599940843,0.24308689744844283,0.05686150047023155,-0.1515208037857665,0.32041054309480965,0.16284648795145015,0.18074412654180003,0.07544339192905752,-0.04210154431137193,0.09201777918660692,0.11927337274861224,0.013356245653593777,-0.080584925962549,0.05863818024235884,0.20214548787628733,0.10357929340912433,0.08517655940831494,-0.018687585642939066,-0.2445626432224348,0.06558133252193882,0.13056090256380523,0.0720356207318765,0.27687933321760094,0.10048301275508192,-0.14975202728038706,-0.13086867540979008,-0.01681932959010112,-0.04714181980390633,-0.0028331992754493194,-0.12971397617522615,0.02725411604607667,0.12500998799943924,-0.18768808406376392,0.06518975599824156,0.12878074542477838,-0.06521015631157732,0.011696446025485353,-0.12965988999045233,0.1281546376312451,-0.05862048153400705,0.005932806631994585,-0.15630564970200583,0.28776337821814135,-0.18205274901707247,-0.06395834227283069,0.17479117221046572,0.12299116254557214,0.32571508584053266,0.1769030103756211,0.21845354300712622,0.02086319406049693,0.23490428760100343,0.08691996645504652,0.12499320195121436,0.08013342219116015,-0.06703797314407504,0.12778827412909174,0.08896452284785429,-0.11237517455500476,0.21497184152215654,-0.1240711175964837,0.01674696313699626,0.12980541063842752,0.061950574833269344,0.22636517630178016,0.10651256625339661,1.851134328470465,0.42768708563952007,-1.2249403681051099,0.1339067010368787,-0.17112525049332517,-0.5430056675384816,-0.17351915335486232,-0.07615043179599557,-1.0589581256519056,-0.7401349775159543,-0.7792838638549447,-0.7107279213517119,-0.7375591448000721,-0.35515788649138075,-0.11145891103616205,0.6587519486621041,-0.08707942920763634,-0.287519698651209,0.4842501629944733,1.617234309626706,1.066132120219516,0.5719092765843358,-0.391242495309555,1.2119201605085739,-0.1215390098268486,0.7151156846359368,0.24711899648237887,0.5688679098786248,-0.1763490192998428,-0.393914974949836,-1.005710670211206,-1.0688133489437837,-1.559723617539835,-0.49954280511127985,-0.4187022395908819,-0.8280225200288714,-0.47942423609471957,0.782281643120349,0.48677230510740815,-0.7277676888395276,-0.02581289457895142,0.9436096618640715,2.782992192137386,0.11559525235005827,-0.02640031032903018,-0.4380686538222836,1.3751742599953576,-0.3011650447705535,-0.0004388416256598029,0.02691746998178493,-0.9818169451043741,0.3366013725891095,-0.08677175467399381,-0.32880618253266813,1.9385655230236003,0.1098360599277959,-0.5639767616037105,-0.5410336583993731,2.6855616676127103,0.5129475282556049,-0.689550358741522,-0.04011354689828395,0.9988976618890423,0.9363382355758537,-0.6950311052591004,-0.12476841493330626,-0.23702773505670027,0.8603706497833663,1.0657109078086473,-0.16117061884390377,-1.6547009391379686,0.7064246110028817,1.674189388497825,-0.0990779954962157,0.07063184576939525,-1.2752582358066076,-0.15049692228485742,-0.2551477855321885,-0.21470568757738626,1.5728463207820493,0.31874201893548465,0.24703473659812608,1.852020109927433,-0.04463076160690971,-0.005499777749563671,0.21509090051058227,1.909407353878383,0.7113149464154681,-0.9424052496981205,-0.2213877168106791,0.5822164316446545,-0.0003228410945933629,-0.06364254947721316,0.21349051101193744,2.3746086462068745,0.010807244256112779,0.5452163820413211,-0.25029831167590344,1,مريان
0.3276934925360727,0.09581965725820472,-0.2227544350586781,-0.1902028700283477,0.12595290348437593,-0.25893960301922947,-0.12498652540328302,-0.2465717172331469,0.13093529130304388,0.03760742610525242,-0.08534952366893836,-0.12341021049836559,-0.3438872989120753,-0.31685010239893985,0.10843645413451164,0.082435270321927,0.21560656928979985,-0.08978985260575703,-0.07548241464244246,0.05158068872813981,0.07357133189238942,0.12731436351448636,0.21432524731008112,0.11969657849955845,-0.11212905854137015,0.19625769200821616,0.16587085891177963,-0.02161048403078755,0.3182139763019781,0.003801406082499397,-0.019050631339055983,0.015201693133491873,0.19245462434657387,0.07809618930007052,-0.1445615419020051,0.1636876834982269,0.02472023475772968,0.12299755242883172,0.19931292344071766,-0.08047380457015395,0.10615801526355588,0.014515459440317851,-0.2170730898443564,0.34322123855775566,0.10689749886398174,0.09781205084925083,0.0826988168998238,0.050673452278110334,0.1401947394787177,0.24721902162228432,-0.02336994731636695,-0.092557044051504,0.021579258917336155,0.1421214574332707,0.07520110380810387,-0.025696682104727617,0.0733734904620767,-0.15185293737522287,0.027409016430733058,0.14936114178664586,0.05263941368632047,0.07830647694748152,0.04719260324722039,-0.01934818461778143,-0.0484072513990866,-0.14334745524500833,-0.21431653372462714,-0.03501746097648339,-0.12885481862394335,0.128077612599124,0.2082838064954428,-0.19366792628260157,-0.01569234634478356,0.11228877440476703,-0.036834230911073226,0.0792003364555647,-0.15690601823813705,0.04554455177560333,-0.0925773963611332,-0.012268200377061512,-0.12923946242349352,0.27574763956643605,-0.06534774267767117,-0.05771374722754819,0.10797177215013896,0.03527390810813108,0.22880247925232125,0.1405900306525713,0.19796670756655738,0.027193800371007708,0.1899263115510936,0.09062221545227858,0.17927765801269688,0.13101323348229552,-0.019253630517433177,0.1676785100524504,0.0917668472870079,-0.17309865929318669,0.09681800708722732,-0.13834685989916587,0.005813807721258865,0.1215552218286705,0.06920099515212806,0.14703932948115292,0.07537867411245108,2.482593186162374,0.5775587926291458,-1.4776622146355192,-0.06363900004396422,-0.5498823202780567,0.23796984193562679,0.08130977079217212,-0.43947614276087676,-0.8848991795657936,-0.5079465724415679,-0.4783100133424419,-0.5180265526263661,-0.5834847908717836,0.09927308428812323,-0.44321704363598224,-0.5161346356103067,0.2740857331696736,-0.5916185476241241,0.3502258909323373,0.4040987888781749,0.1612461589558039,0.05675168659586317,-0.7258134798637119,1.4829821779576173,-0.45079738393773816,0.17504878766922344,0.189280964420271,-0.020421871637991217,-0.22841739713036371,-0.22204720140446246,-0.9839677787071073,-0.5172325378486009,-0.9715299041022627,-0.6849625834066757,-0.09278858230559442,-0.5685131420543249,-0.3783039717954258,1.000389924189096,0.33583436540203826,-0.9280288087865054,0.25444951581291675,0.809959811574448,0.7925823743837401,0.7336109745530299,0.3909557496276563,-0.8626859975422592,0.056981232271691364,-0.3767924013385187,0.08400313607905006,-0.20481198332062509,-1.6631777561708272,0.8886161388541921,-0.14759338018272278,0.008268036106927706,-1.0598861404226554,-0.13262684282940926,-0.05768799135462022,-0.7851260651409945,-1.224008825715898,0.20815832907788598,-0.3478182332905812,-0.5121968370296305,1.3298910713968168,1.2680780212030724,-0.7542807651878093,0.2849314386637516,-0.36644437695983106,1.144674546241931,1.4280230893616679,0.13439412305801762,0.013643066802214514,0.546289121051029,1.3322305975060065,-0.05679769583249627,-0.31148815488365256,-0.31725516491844313,-0.14309956460260637,-0.2295066043551082,-0.7461688105114994,1.0762617836770842,0.43815504201001554,0.40708022367619606,-0.11856064190444264,-0.2566546166200711,0.4753174293181875,0.32385424910715,-0.8333912254144438,0.492913060498683,-0.5878602560815256,0.019959805631536626,-0.5754691370656931,-0.02490173363858022,0.1533149204691454,0.27352010763525325,0.08987071987259128,0.5737154581437353,0.8016548682731631,-0.5547385588967068,1,مريان
0.27012184094869035,0.021087140511478492,-0.19860482453177483,-0.1391231966768019,0.10350421770424088,-0.30377121604517354,-0.052886913513427086,-0.31696206653883235,0.04289107282452635,0.056166199448481696,-0.1210754891261661,-0.11419196547437326,-0.2769414578741082,-0.2859781631128378,0.18364129027134377,0.0448244063749859,0.19234805004885078,-0.1410221544623282,-0.06796372375749368,-0.04966595280412715,0.03241502643030757,0.1646611095744071,0.11928712711754313,0.07209414329953613,-0.08780985637852558,0.11347156289409793,0.22042233124582744,0.004064919125915976,0.32048273047556913,-0.005209037101176638,-0.12125536968621797,-0.10844762828662487,0.1807520368122683,0.11239392522376189,-0.10467801076806199,0.24684804212364944,0.05183945653988841,0.08330117960857808,0.25613511604013317,-0.07925987474732428,0.10982123345996582,-0.0034899549172190147,-0.13470929551227795,0.2886719332666557,0.08124685134968902,0.07487571280219732,0.07381956089381109,0.061970512465063486,0.15689738302107986,0.2568419790919289,0.016085381033787014,-0.037313298153879286,0.020394841094224164,0.22208569196244687,0.0592163353942753,0.02505531932335013,0.06951063169201359,-0.10352657316054613,0.0717204160768307,0.0887507943564257,0.041186348927421595,-0.007287953663713858,0.061954300914924064,0.06780574172903271,0.02312228332003697,-0.13069429685502723,-0.20797823285278833,-0.04225542020377392,-0.1807061026087586,0.03691463059022582,0.239506958817467,-0.10759263667212467,0.01729750226655749,0.09388268145366944,0.07587092930793464,0.10089257705275748,-0.12707322770958557,0.02616921561072535,-0.05704160977492526,-0.01619615135529006,-0.12421081688618917,0.22026936016431287,-0.049954038380733326,-0.05567322143796283,0.13109101382345567,0.048507515822263515,0.2458300300916679,-0.011152125822478712,0.17223766459554946,-0.01911757748742952,0.1938571855667217,0.10586284417951251,0.1346615503201392,0.11171877695374154,-0.01026195924836075,0.1222799760710826,0.09638967814688983,-0.19271660486668207,0.05293817024379807,-0.16564247471337176,0.08802685356385334,0.12099869173098171,0.10460585493632094,0.09791764979982498,0.0812397030484776,2.408508294762729,0.7503978836050178,-1.3774559880645074,0.14371529993115606,0.31978091697408095,-0.22960487145307285,-0.46786357687653995,-0.4546930996686544,-0.8786846346455874,-0.8697703000891237,-0.6900668855438403,-0.22646011448530906,-0.8518820590149183,-0.17796114633803403,0.5436149543198889,0.41213959875280964,1.6710205113812377,0.40543531197782234,0.07381293049930268,0.942137973684207,0.21206669162961878,0.07339590272808953,0.14294452038198283,1.0515981461273887,-0.15823434816144358,0.6673694107753685,-0.3746411650495704,0.47592145382883044,-1.137517934414529,-0.5615915914179139,-0.5723127481357774,-0.722504141198927,-0.9494603879806716,-0.4602704187962707,-0.6283556810256188,-0.6567587831302836,-0.18505814957289063,0.7714370479777901,-0.6484718296471725,-1.0329862707309796,0.26299350613982875,0.9574434991755526,1.3271420763502568,0.7869877965028352,-0.6483754365944052,-1.2649435762793901,1.456317723238419,-0.5835373491091767,0.288481443267336,-0.8174314123023853,-1.5466430618609956,0.5691588281182052,-0.34502945326780105,-0.027674566900747346,-0.413547629493303,0.19199403007835486,-0.44914971169681034,-0.95303505223445,0.7661768835494436,-0.341552298647986,-0.16968478692988964,-0.6583869982096807,1.7197073097751523,0.5010926562204692,-0.6691193078330605,0.27228757987353225,-0.020089596655251778,0.15432884584364234,0.29451226861623153,-0.13802585210573243,-0.6532531723926482,0.18380019131253308,1.525231143538743,0.009189140824044232,0.055222089198693494,-0.2361815264590263,0.08110005368302454,-0.13273320620123102,-1.0614845581566534,1.352447202453935,-0.11576231116328772,0.39042644430022044,-0.14219479536920787,-0.8387079920866982,0.07121768034619433,0.4238708676460595,0.3517282689855881,-0.08312916623147162,-0.9125425438340625,-0.28357181032920686,-1.0324346554608421,-0.3546146820016229,0.7926526682811128,-0.053427027425404686,0.5139014408692101,0.20085833087194532,0.6678820571933026,-0.9944135808345116,1,مريان
0.20284093053293145,0.09352262191136947,-0.13596562293573325,-0.06364646406548141,0.1797669397639919,-0.2796957975722102,-0.006427708854436176,-0.3511124183901907,0.06930662824887353,0.08409872359354023,-0.10089040892507355,-0.14983544093674547,-0.3132956168676447,-0.26153497452177704,0.2013531595166677,0.0755023845676558,0.24137771560042637,-0.10780922941956156,-0.06307496628953356,-0.02030584658432247,-0.06254851937754416,0.06738952854697675,0.09908355232581627,0.005222275584736484,-0.03763006635104775,0.05324193564971912,0.13633301976063397,0.02239959398211905,0.277832759568056,-0.04279764452485542,-0.18142324209393315,-0.08283434893488344,0.10618416356356351,-0.045885830663411106,-0.06364562489867012,0.1209869820077839,-0.017588043704606416,0.026289762882551755,0.2307313466749036,-0.09793439212923476,0.12070364897462763,0.07116306945737377,-0.10805693368710675,0.329816880861575,-0.014787958681991113,-0.07375272158349071,-0.07968997283941581,-0.02202297773368851,0.04334098697927096,0.11344186728504686,0.004344319498280556,-0.050628235754250156,0.024499708746616573,0.10725832248075882,0.09627653202060589,-0.07799199343712933,-0.01570660760124834,-0.10726989590602855,0.08695319421653602,0.08539285176559246,0.07830351979783816,0.020365537825815613,-0.052648302023621196,0.12598971146420662,0.014116598682081894,-0.03319001530082439,-0.09571725775884408,-0.04057278041652745,-0.14620608104749325,-0.02762498616390372,0.22374846451705022,-0.065937553254079,0.02167206604439514,0.15237414527147689,0.09996320789726398,0.15427998893735909,-0.09235862586757138,-0.05833690676830301,-0.12802849970945357,-0.17223345473389565,-0.2730881273321335,0.1058430096046468,-0.1965845131519141,-0.12150876724508797,0.029277945716165887,-0.08973573029599594,0.03558690242742736,-0.13651502353562642,0.15365646785854611,-0.15742527921432342,0.12379472913706988,0.12057567774347437,0.09724456705182365,0.03481460655466346,-0.03598103125827381,-0.0025190924714357005,0.017454038919816856,-0.25552843289973665,0.11140426026148031,-0.15393635197486966,-0.006582188614831155,0.029455514396421616,0.11185275721216792,0.046311985666925654,0.05214235568143063,-0.3294187607291126,1.0193833239535708,-1.6066997587411918,-0.11589056593664254,-0.9082193528512165,-0.1433636625724231,-0.5425648285191724,-1.4282700274565845,-0.972712419928047,-0.8784978659911785,-0.3393922897339204,-0.9084967231299692,-0.7876817716612929,0.004022410483244323,0.4324710663756111,0.3284746801087066,1.469352085506414,0.1900493250920606,-0.20610851782970788,0.3294669430252131,-0.3827514515113937,0.16643749840768055,-0.1899035548686482,1.5371959780134679,-0.4360036451239462,-0.36794345794142347,-0.601381875765069,-0.1112031054124163,-1.6125064361837123,-0.913388137520721,-0.23310744131231115,-0.20342686903449292,-0.8325766730896398,-0.6214440616656058,-0.801236518850964,-0.867600382719041,-0.043032369124171216,0.4128029148482432,0.11000175786187473,-0.9506369104186019,0.532967565662687,0.32984389602957553,4.038854636078701,0.5508631905800614,-0.915046422627023,-1.1726532141893038,0.7160692302072486,0.14857327419730554,0.1589962327413468,-0.6281566410528521,-1.173090229324277,0.4507115959509813,-0.024036234436558935,-0.4162415990894822,0.31903099027472964,-0.11327459279497752,-0.19028169620629268,-1.210490082124803,-0.5803108031156293,-0.19981204381835996,-0.5655226327861471,-0.4990410630481751,0.27993680983061425,0.09048344248477075,-0.931522272519794,0.24979985428870505,-0.651667228828253,-0.26182026201135217,-0.11475032951114604,-0.1268188221294138,-0.020585576373470377,0.6249453245734888,1.520619634011778,0.3157669307208081,-1.1441545449057455,0.16179341193380864,0.6840118950187933,0.40369225110210966,0.6242430157167838,0.8581169228590793,-0.3208307624929995,0.03896354601684549,-0.5025161521364474,-0.3395519798772675,-0.30221150248219186,0.5563714002246242,-0.8125375836293205,0.015196144137083287,-1.3158857664886758,-0.1618033050278029,-0.9120398916432115,-0.5725224347844541,0.3324628842453804,-0.21689974431111556,-0.4943538873736521,0.04735935039083256,0.41002106887313094,-0.19053957467934898,1,مريان
-0.36764266446243,0.1517279783614337,0.0466695000438538,0.12737215497147789,0.1221745008843981,-0.3041999739343066,0.11997176997997137,-0.29341385206531867,-0.18523884020247447,0.10852928924065068,-0.026254524729953547,-0.12935459972906718,-0.2232964005848893,-0.09757901349476182,0.1502853302829903,0.028539409024554683,0.11084990174477384,-0.14236005385384468,-0.08423099804264339,-0.12675092382212363,-0.19255149814979652,0.000979351955541105,0.11141501910357887,-0.10504349293767057,-0.06464428047486105,-0.0729129663992428,-0.013222526527207661,0.040288413631395334,0.24712563937547172,-0.11546228749064535,-0.23148471912165372,-0.14056809737863346,0.07435773362695523,-0.15208711849038148,-0.11376552419727233,0.06192119802451906,0.004373346042214482,-0.025199112264648705,0.09689151950826448,-0.13350440740408978,0.04684648659741411,0.024292284597111743,-0.23330226129798143,0.1873777345676877,0.012927555661509233,-0.09774001124069635,-0.19267009980803734,-0.058177581066805734,-0.045810063418522395,-0.04493682944218997,0.008267428035110002,-0.1177260905754047,-0.06412739532235748,0.01763973105314327,0.07318797062016762,-0.0022916337238216393,-0.08191777411613901,-0.18629173264720814,-0.037863544744638926,0.054495896891777675,0.057267192877421116,-0.06438058137236885,-0.11481184078521282,0.0533551330409994,-0.0732036081436163,-0.09069916151690915,-0.04757976942912489,-0.025809604080390836,-0.20184673315083265,-0.2500694443212616,0.025651270344901816,-0.11441367349519083,-0.1336935442885849,0.03558109281950726,0.11065812367996139,0.0750499883099393,-0.2601031786320776,-0.3309844899416561,-0.21330871882378485,-0.26332984323861436,-0.3803802583694483,0.051953230637514065,-0.27923739851406904,-0.2859128677185789,-0.020587344906209795,-0.10370881266055054,0.03997230837809324,-0.20611093405984823,0.046023200615924416,-0.17524247336621843,0.09230806646450913,0.09088703075529815,-0.027432468423794244,-0.06573065214375273,0.03217123382501151,-0.0842033438891992,-0.03016493910839822,-0.3811600612985801,-0.01271928934121342,-0.28774687814308136,-0.1270780321813264,-0.07616194626555474,0.06855644419149123,-0.045344085574958365,-0.05606855415345748,-0.013788563715934914,1.5469195941946785,-1.0385384443280874,1.4279492224488923,0.2406821144852956,0.3380905296379635,-0.49075261152145994,-1.8311625622084295,-0.7749441767930302,-0.29524200442400816,-0.1301192012223602,-0.1897979368718607,-0.160315676556731,-0.1575422792503848,1.1512946128679564,1.3242159229531656,0.968837529870194,0.4567993327204694,-0.3591877778328406,0.33820491867454044,-0.2296426169602729,0.7448544216669636,0.4830115080133807,0.44981960644003144,-0.2611956562147881,-0.44912301032074436,-0.44125324754567924,0.3180087136841786,-0.8298188859092496,-0.33578700752139723,-0.006193656530445725,-0.6750903194605213,-0.6456714764979558,-0.1095220017347494,-0.5007367376278747,-1.2858111050010192,-0.12433944302944197,-0.5217743758716757,0.024958413102640156,-0.4248206143633224,0.2736437414067859,0.6288422797617119,-0.9869954234226467,0.6645066908814957,-0.822689786488546,-1.1554773751511114,0.3780600162463742,-0.062112695769877574,-0.12114218423646833,-0.6730061553956755,2.371319562397347,0.348476239192602,0.46616117570939264,-0.5258585855223801,-0.18776243425630856,0.3922776587136606,-0.03970559778173226,-1.2453136509014173,1.6153945095481606,-0.7257696714591234,-0.3470829681094183,-0.2950391194689455,0.65944187391139,0.4952973420165211,-0.9141798875641305,0.19864539086161773,0.1308889503650102,-0.5749141242805884,-0.6000507983842477,-0.24533481837293894,-0.5197734423069212,0.0749249051825225,0.5908352357289867,-0.5066723388821706,-0.8109022346329182,0.4864562327535732,0.3764394487548437,-0.06865287266225464,-0.030074488702443867,1.7763906769147697,-0.7406001023863699,-0.5130962166440378,-0.3258146791749987,-0.9416450704875505,0.014056132586446604,0.03800401782491418,1.9663558182191365,-0.7784911588287347,-1.981631156959117,-0.18827539813485777,-0.40066026659190723,-0.6923918091543392,0.9638117183797983,-0.35148971282793084,1.5087788290281556,-0.13503915170647385,0.2267875748831663,-0.12432290492354245,1,مريان
-0.2309566631754377,0.14215025479739224,-0.020279304647610772,0.14705071909459452,0.07375341703398614,-0.34175298463040443,0.12366283378928128,-0.3414037553901375,-0.1277127400563916,0.077584031104599,0.02085268341907077,-0.11029345569999846,-0.1349771593386065,0.014679530537062972,0.19828225776053868,0.06525977705295473,0.1436220874280331,-0.13407941054991543,-0.13266759351352317,-0.12200234399015354,-0.21226276432207009,0.004614009083556359,0.070934757435924,-0.07166195614908953,-0.11135554888728356,-0.05528377797253255,0.017041568880195687,0.03846577897056539,0.23850583626438182,0.025634549008991873,-0.061120494151383695,-0.06727123131305,0.08619309742358075,-0.23691551406077851,-0.08258158254874692,0.020888552067603865,-0.12461859702525493,-0.11388442880506915,0.049151001746923634,-0.17075745138497975,0.10207601270089435,0.016536189958519767,-0.21881605499867743,0.1188413398964532,-0.019054649448060908,-0.12595204023012468,-0.14504570896313568,-0.07365979672320283,0.03809943089988042,-0.013444428467461923,-0.003274760365631721,-0.12736914025214452,-0.07473082912744726,-0.046818622436888606,0.13899334604297123,-0.07390332438090633,-0.0978588294263194,-0.1011186538732129,-0.03372356297226142,0.06835149589645559,0.00021379895377125372,-0.02954946013347284,0.009651939256958625,0.058169115760634355,-0.10307958274357422,-0.08780815309630405,-0.07722178415772886,-0.10544066319794573,-0.17278648487588358,-0.22464055721247878,0.0832554015491994,-0.12297431414554318,-0.170743488758336,0.04763906271382053,0.17748304121069725,0.05692329399395017,-0.24596775932844095,-0.47730829173030404,-0.005032218107491577,-0.2692654314969712,-0.30910667443152506,0.06586486329229573,-0.21241568767056987,-0.20397567697085411,-0.12853656482126358,-0.083926868052213,-0.05296501273374,-0.15480881477577146,-0.0005137617694021469,-0.19437690704452779,0.03983540286210686,0.09718268434644349,0.10844447082666397,-0.022292889174619922,0.04792957716089313,-0.05804684556869266,-0.035088765128999416,-0.38908658583133743,0.02353802572863037,-0.3105799804967917,-0.076462238175334,-0.19232730664149758,0.04059972231474492,-0.04150322070870289,-0.0880447217550256,-0.5345376071229768,0.9041821652184765,-0.31662598984187484,1.315668488998216,-0.14295527808660893,0.3571072332134549,-0.43643723432488146,-1.8519727128525096,-0.7316329442553856,0.17873949202043327,-0.036065114490615495,-0.09690037643781739,-0.19359810063129868,0.013909394819518662,1.0102497351627597,0.8064877854423133,0.39624632554897327,0.7461189507092492,-0.7118306784030688,0.007845152861051736,-0.7476818307782498,0.3750111274372539,0.7517561042266468,-0.15805706447277912,-0.4757470340224727,-0.8061585368993618,-0.6910333542193987,-0.0010311235606010505,-1.3234811858737998,-1.2146440034858939,0.738135756172146,-0.5458890064132812,-0.5618670801951008,-0.24872965886912649,0.15285147894191373,-1.3739459901286166,0.4361373463635614,-0.26746449976156156,0.2285889349525483,-1.103898845620499,0.20612292991154127,0.0998171446308899,-0.6961535744875708,1.2519257941092266,-0.7462174041328222,-1.0796046122046723,0.3987211632222638,1.7099418158328297,0.2149660036719989,-0.501242483871569,-0.4860398193552588,-0.29069241001280566,0.7368107240595759,-0.3686210971858569,0.6254254648795841,0.8664863654257902,-0.45068286842947713,-1.2108034682331248,0.33313706781468294,-1.097203982190888,0.22112841206297226,-0.5146644121236779,1.2786479445244336,0.045798242117853646,-1.191779442891304,0.1058034494811886,0.21403114586920294,-0.3471609405615234,-0.7387090464657371,-0.24601291082671675,-0.7869342720261242,0.7289334826672003,0.4397453710816298,-0.1732029541477034,-1.1781869525789503,0.387122560649267,0.3027512222522459,-0.11171973401360237,0.7715249417138754,0.7322204686605306,-0.47415575416724,-0.7092641795519394,-0.18079979791479203,-0.8582161658805075,0.0324122288472643,-0.01511613037734526,-0.4941622236424219,-1.0996759538427872,-1.53909956386233,-0.34464768928491724,0.8837637650351181,-0.5968394522043857,0.511088167314656,-0.6789933544794423,0.22166109901803252,-0.005833258430362462,-0.21872312262201174,-0.12795576471123477,1,مريان
-0.19598616416442596,0.1377089413091172,-0.049611582668884636,0.1821323308273429,0.04841029047297323,-0.2902001174292524,0.04095190658287552,-0.24072835815782379,-0.16295264927466574,0.06609070685597634,0.055223108314714775,-0.23229972684091194,-0.12881495119721276,-0.01726653309115988,0.13852794502566712,-0.03424591744148679,0.0928142621390101,0.011497689815865731,-0.10633438205197701,-0.08328262660502439,-0.1649985852814219,-0.06994675651868387,0.05898936707149592,-0.07621448297847817,-0.12068586174686695,-0.09072209198338328,-0.032064790162024306,0.04399619651339981,0.30434893454155426,0.048757829314164905,-0.12232051192930128,-0.009455685844802634,-0.018221157728545524,-0.1648687676343278,-0.017754039299056865,0.04012884062072707,-0.13547971703743952,-0.10511213577278318,0.01451064811669015,-0.13563383607585824,-0.012178019959352073,-0.11261491616005234,-0.17984074177814502,0.015060942912155649,-0.010387692496727554,-0.04868325733646316,-0.13097649390448152,-0.004101545908808128,0.032571781778837704,0.07943223260791275,0.044856058475121495,-0.08772623487583497,-0.13252027506237252,-0.06781769919934057,0.09956511369022285,-0.08758191289537262,-0.11968488116699223,-0.15530715634239914,0.04029702096385515,0.05959100813131455,0.042861702320175325,-0.06550053243379433,0.01150315887818647,-0.026460237391353846,-0.06703801337463841,-0.09818347540809426,-0.12908216288524138,-0.14363983654571827,-0.19675356896892227,-0.2766867653488156,-0.0372016125196976,-0.0935372545787845,-0.13957189202649878,0.026419222898007626,0.10008795226823358,0.06736995992599297,-0.18430579955731347,-0.40318729620647153,-0.04773689669669064,-0.23292592398538303,-0.31956839800229025,-0.05517607258153443,-0.17263484206242752,-0.1422742976543589,-0.07782236815219927,-0.05960875466181987,-0.051751155223368796,-0.06539475835000239,-0.006787574118243993,-0.21209448527724434,-0.01701478185104448,0.1757109086801951,0.22679279643418324,-0.01930925415832951,0.017486067706405168,-0.0738630948933162,0.022261869803601415,-0.4603816725570041,0.0023352518439131954,-0.256164109402464,0.008922931617250725,-0.09122662623655478,0.020788626861494578,-0.07305836197010512,-0.09230164859222215,0.1444767358058175,0.5045561152912084,0.7519513388812192,0.806897642827617,0.03298946016939243,0.4330946498814244,-0.5503725143929087,-2.015169810789998,-0.14222190603222554,0.625159861229657,-0.28163367949073687,-0.04796671149225833,-0.33356737793942176,-0.21927573129863864,1.2979412335430154,1.313047403148047,0.6862235180323201,1.136065869486532,-0.40240964983815125,0.48985788322230756,-0.3372122674927405,0.6387617574446642,1.1474849832895526,0.45318715973997525,-0.33418332345746893,-0.24773103495714283,-0.381558996614647,0.28156204335400203,-1.2331400233251393,-0.8703456047385498,0.7590342598211661,-0.7759500833565304,-0.04661775311181071,-0.13453474985268202,-0.5056917535426375,-1.5921643920876272,-0.26924870029801706,-1.1887433091328075,-0.30929752639021013,-0.6174541160190805,1.03928853895572,-0.6215723324566528,0.3806219665343407,0.45605935725258323,-0.8197078220323702,-0.9981667136646805,0.799688523837644,1.0381003080910534,-1.184415119082118,-0.677523915729491,0.38505006133716985,-0.6458058528618884,0.815644394167994,-0.3922888710542806,0.5937454580971516,0.5430342729652649,-0.49845428935705677,-1.224369906806783,0.15940633357617873,-0.6005642186944739,1.1464856311270988,-0.4141563394321425,0.41254012918488303,-0.15655944033888144,-0.6567788736804852,0.15237621115113387,-0.6580533514680669,-0.7783505731496004,-0.06766875691355624,-0.3593555984925779,-0.36058077563107244,0.15877842369084866,-0.3857558431880128,-0.08128731644092267,-0.7225369811135169,0.08688935036710208,0.44103513865373317,-0.0854728111620429,-0.30387896845702783,-0.0920579888709083,-0.7511560120617019,-0.914153290289301,-0.380372029287003,-0.46782890361997553,0.029901514760925903,-0.5327907542203734,-0.690695306842997,-0.9742440769396161,0.2006531525344392,-0.6920592624917045,-0.6268107027347262,-0.8882404197972904,0.6106050010107885,-0.8957342645870711,-0.6289924947063323,-0.02969247482299748,0.28162265690419874,-0.2189199032449757,1,مريان
-0.1508636011036409,0.13159414322055826,-0.05807071159872289,0.19268058570137359,0.021468848920789877,-0.2147685033041773,0.00938800336478895,-0.21471730376134548,-0.19914214769477867,0.031803752219752,-0.004106723449202647,-0.25133722581628437,-0.02862731902019549,0.0016893786203197295,0.049180650531524046,0.011212557681019161,0.03106660167313019,-0.014007666081292548,0.005796420092883486,-0.04074859014531761,-0.14864163442296352,-0.13032375936528776,0.08335813185230276,-0.07954485707372967,-0.08428644183016605,-0.0980590643304862,0.05054916766072983,0.1420259880190234,0.2838504069866675,0.03210210026136492,-0.1923351904415756,0.020264473432119182,-0.10767134867424599,-0.09789935891833902,-0.027395875639525984,0.02118356904843097,-0.19629591636795715,-0.09764367137015201,0.04565069179194596,-0.12068373683367567,0.0756327250080446,-0.15468910338841868,-0.11299204488437956,-0.04134642045003167,-0.009065016752987041,-0.05049585693015481,-0.14698512714587653,-0.014349033265619648,0.05897898806674284,0.1181362016408362,-0.036568771743238616,-0.10247022950559342,-0.05892747011683086,-0.039179501057946715,0.10268062953368555,0.05008138574528844,-0.10563762364752777,-0.15087982614029768,0.09105396287151395,-0.10654583285217314,-0.018738696882018225,-0.08408588870109979,-0.04128769103680277,0.01835684864764125,-0.060238446141370826,-0.12849263183845558,-0.2135602402493233,-0.08568047886356395,-0.09561005672863652,-0.31188767428296166,-0.11069875202763567,-0.09743840693758576,-0.17823971486353,0.003996105294475924,0.07171369705227808,0.14026803315944175,-0.08927476977890549,-0.36261496595231063,-0.0026829007334900623,-0.20171874579734564,-0.27557625927945895,-0.10200226429037088,-0.16743768351837274,-0.08999484248454148,-0.1151678632643869,-0.09543912586141426,-0.08268036566705843,-0.026007180080659074,-0.032903901870678,-0.24974185779923058,-0.07222700667688514,0.1680747188328979,0.15681201160502467,0.006864395428185438,0.08956480384967086,-0.03601641705176966,0.07175694745033136,-0.5073861178163234,-0.04429458740375379,-0.21829506732207235,-0.04219849939351114,-0.11481030241667836,-0.03935178676678877,-0.03414875529378142,-0.1456892041311007,0.05691484188879876,0.7082858821528142,0.3948339214961497,0.9885424883128117,-0.32233825860786774,0.3823767298890967,-0.7402777072270821,-1.789505025292551,-0.6564555103318139,0.8407776629622236,0.08865134340434154,0.12449210869965077,0.032478828930106514,-0.5356128832349152,1.02084785434045,1.6246795273611778,-0.018911839075178193,1.1639912994223658,-0.8672604792647804,0.2885979126012047,-0.6737740848960602,0.7755244330227582,0.947822465221948,-0.17787970372392026,-0.4165304961522941,-0.9629060060194109,-0.5920951079257271,0.14534055567306942,-0.9442285555810492,-0.8413387889808701,1.4060866288315255,-1.100043740805931,0.0955490863313471,0.09224751309526853,0.5761482660132221,-1.3058024634154943,0.06043970363615924,-1.3684210485317485,-0.020695899417493047,0.007478873488950218,0.07590566818666304,-0.6338814823862745,-0.44754516000934774,0.5724413895666344,-0.3703159995514903,-1.0476606047432875,-0.1751688831795863,0.7031518230986423,-0.7981467982715231,-0.5724086353555541,-0.561043651355061,-0.46929238825237685,2.4519853454926306,-0.23096956641861793,0.09385484843675305,1.0816485794751267,-0.20520963958972147,-1.2173678238033667,-0.7592702624241942,-0.6592341127932413,0.503901549919941,-0.5053489974899067,0.05244905875191865,-0.3705819483539935,-0.9639625849636947,0.38513666392699936,-0.649822251118575,-0.9773547288668841,-0.7102423268099612,-0.3029276787082062,-1.8682755433556084,0.5472900909646014,-0.0764734376626614,-0.4627987052880062,-0.8657057511516064,0.3477989829229214,0.3779211872188686,-0.19018163185840914,-0.4386635686150537,0.04563991628793513,-0.8623481888328591,-1.1360054941052218,-0.5524308219020675,-0.7957834997678138,0.4105217865999515,-0.4554698754556625,-0.6862847909749396,-1.0065470868202238,0.10883579515277714,-0.4093261404846652,-0.5022238534132594,-1.5255969584852485,0.1161626960191429,-0.8640364388377186,-0.6318569968789791,-0.3479153158823383,-1.5681545547049298,-0.2829085382665783,1,مريان
-0.2970098873429794,0.2361794137683681,-0.09259351612186283,0.20053545131160191,-0.02933387474216265,-0.15901585512879282,0.06497109844899535,-0.22460740750281766,-0.11972596402954637,0.06751809417806004,-0.015443199233674402,-0.18121000923940617,0.06396646718195419,-0.0710946403240019,-0.06015052742579179,0.03823913775748449,0.03633095226264693,0.05943076276981678,-0.028299764318509505,-0.1612583681904605,-0.11426139610401861,-0.2596596760007589,0.08727300552687851,-0.11097228237011122,-0.20365264207066996,-0.05335459957451037,-0.02823065346800821,0.16461241968568474,0.20681864681836043,-0.08015657964911369,-0.23288606243853335,-0.04896229180169656,-0.0730523291831027,-0.08472308385227952,5.721627882229357e-05,0.0233642529283063,-0.06290019627820176,-0.1468015239880173,0.0782750520551496,-0.14662300621321156,-0.002175216362422527,-0.12725205352341287,-0.07957569105176335,-0.08432991526367946,-0.02595784685030327,-0.049878162852878445,-0.19418642914344308,0.048479747122981344,0.04117959466596535,0.20209950991176806,-0.051630528901725786,-0.046326451125556174,-0.016536723366553634,-0.13356734861427655,0.08850133144453778,0.1443807181750219,-0.05192398266022454,-0.12871391663700507,-0.07033854607237569,0.018005011237286195,-0.041001087003610485,-0.027606989312501464,-0.09031657337134447,-0.07081718559036478,-0.07869950867387349,-0.21583490506170544,-0.23047442470546475,-0.11235551303174479,-0.14747476383971425,-0.37955866262644633,-0.1863220787844658,-0.1558843674015582,-0.05627643669659077,-0.018678346619304627,0.05814344655037213,0.08475941337417943,-0.05286490105221342,-0.3792218338964145,-0.05687285680370599,-0.2160368045592307,-0.30932625053935425,-0.1882912112576294,-0.16912483798893177,-0.12837357077187708,-0.16150452543586427,-0.18271838447355837,-0.15646205192526444,-0.09908784896767579,0.04518691655450632,-0.3093613344975379,-0.11392183319306716,0.12882356360781513,0.09103105927006583,-0.04670997315308009,0.07004441811065758,-0.11606036680937507,0.06137318339655733,-0.45031842666517,-0.09541405353735802,-0.26053215534438734,-0.0379915740404973,-0.18898739494440636,-0.06969789694983641,-0.11820596627670646,-0.16688663557526467,-0.11222696979066848,0.3618270269416395,0.799188359687674,0.8113033733683649,-0.25430559059043134,0.31754068104043576,-0.5967563020411859,-1.7447832199367708,-0.21279574776690166,1.0166660423977212,-0.38505425328539394,-0.47399153446063735,-0.22255143726326068,-0.7500055680901434,0.22584108182460338,1.2789187313000272,-0.24246833226045847,0.9106736115362725,-0.9555660170853729,-0.2953096992664247,-1.0299496108276602,0.65732241319955,0.43032286632633865,-0.006171961262597409,-0.8136603662427873,-1.1959304983004468,-0.5080437385138773,-0.2664240004391152,-0.866381553791087,-0.6422607957875569,1.8806204228208097,-1.4569063868412244,0.08788876089318184,-0.04733654262628178,0.41040303103670095,-1.5651244447493236,-0.749417439543029,-1.842287925355247,0.568522388358921,0.9188325094023221,0.4226167926354164,-0.4803644399439447,-0.2107684485234406,-0.16133764474965562,-0.18594407919426603,-0.8605992524709535,0.28123932810879665,0.3204031801444622,-0.8318006294725334,-0.4722545538060228,1.226040947763156,-1.3730509739524002,2.364780131818557,-0.3243548589787526,1.6870232119571031,0.32627309328946064,-0.11204185320704493,-1.168767790115895,-1.049665058039615,-0.5724619123443095,0.19211378353013228,-0.6015089938534534,1.5557122318892085,-0.22506949390312098,-1.137838011624066,0.3148867189428449,-0.8560685371754669,-1.120704154231613,-1.4871526551526155,-0.5523507712154854,-1.3403268378115873,0.14121202568676094,-0.7404959133521611,-0.5466270919453731,1.6992516096905712,-0.4094919342625443,0.5430697103186526,-0.13958118104857928,-0.0024686783707071227,-0.3398733641011215,-1.25619839675813,-1.1985052906543852,-0.5418496905785233,-1.0662319848773587,-0.1373081503725624,-0.14224881271464024,0.7889474494966962,-1.0241331925644748,-0.12500565672382002,0.1489074722969656,0.1360913136305732,-1.500541647267513,0.005934122453560145,-0.8702511736930802,0.5490897210001591,-1.050152022192759,-1.8170772798016686,0.194468536139008,1,مريان
-0.4290200715235851,0.16348406211703717,-0.12981619765385394,0.19659930903919745,-0.048029715767451485,-0.15311732784328325,0.11407276811156665,-0.19792382632604963,-0.2613989738055314,0.06318089360686126,-0.11933351575967725,-0.10812707454054803,0.09385280686246471,-0.053947272781571604,-0.06942341392871487,-0.03855275108596795,0.0014067265146429058,0.0631984324756816,0.04021793954975589,-0.2185597359162621,-0.20063230399784165,-0.2716004452617798,0.047352101371552706,-0.10796406017147565,-0.3055624599625428,-0.01590752313068381,-0.03138459025073559,0.1382286922163902,0.15395161420560077,-0.13324252677407805,-0.13604812107685343,-0.025260946665242666,-0.11447541862666825,-0.04609264069680364,0.018927104168444883,-0.1289878975320762,-0.03256299399853924,-0.12499731039328042,0.03896326963492528,-0.15988445454430802,-0.005832278417498773,-0.08213797443407171,0.0556692419804392,-0.049403463358839515,0.041822799732876816,-0.01271352143852554,-0.25616544812633535,-0.07370016495484692,-0.04869261201642339,0.12035801047669901,0.050258044108520875,0.016111992309094804,-0.06577522624595378,-0.1275796692977488,0.038062130697680226,0.09687949210635317,-0.03923912456521633,-0.19958966993803415,-0.06060776526955411,-0.051281609127647336,-0.06998463875532455,0.14334948886924487,0.06091677975769193,-0.16786846947300169,-0.17294083481301215,-0.14364274941655533,-0.17993276085586457,-0.10027053735851481,-0.13500875346962948,-0.6678228400186592,-0.30596059723443214,0.013083022798971323,0.03201833224330771,-0.052452199750844086,0.0181023817268284,-0.03708254400808387,-0.0768102609112262,-0.4713577848402652,-0.07938383575837975,-0.21757524236244252,-0.3809567734393544,-0.24301473277459318,-0.30345663432019465,-0.10349001972062266,-0.2595009051703408,-0.11419749527518296,-0.11676582395865144,-0.023976731562735512,0.14451481794689686,-0.25727209500284826,-0.12964256198803129,0.13462078529933277,0.15068576534295092,-0.11730813386032998,0.08820130308573416,-0.15269495020727503,-0.006220422272412845,-0.47945203401288655,-0.07833939595325143,-0.31366831435554104,-0.07307381906648819,-0.3106831344027933,-0.014028494428755882,-0.16144183398984124,-0.24656842687145464,0.2342089189891837,-0.07504345009405922,0.6895052135781602,0.4533930944623725,-0.44704294661014476,0.45279776191873305,-0.6258964940045146,-1.3862756357606383,-0.5367155430135894,1.115805048809303,-0.5287890579599986,-0.518059783994374,-0.11019657003235783,-1.0224386745051448,-0.41433556281374867,0.9656387098707242,-0.7404555228004587,0.5931863894523163,-0.45468468198607465,-0.6137071319459275,-1.2991834714462724,-0.31192931339022106,-0.0828869395761693,-0.33856887654058293,-0.7014049309942646,-0.7835850453153721,-0.8779971698868371,-0.6773716397922648,-1.1179093778850198,-1.568764402856301,2.2697049277619854,-1.2160514506391842,0.8522118551464034,-0.09576202761991805,0.8869905197911337,-0.9564653638036503,-0.15680327548763418,-1.6796116110995352,0.08095727787069233,0.11509488077820167,-0.5533041529783206,-0.6021191082842176,-0.48652304299362753,-0.45259221635728997,-0.6402102684575637,-0.9633904666396433,0.07034963075522578,0.20964694156922573,0.2888765137753962,-0.45952387126812727,0.21446503537696082,-1.3625896065007514,1.53862350402108,-0.752065333326546,0.10984373365788182,0.401532149958778,-0.5713081056856043,-1.0783755906420438,-0.9186310813990248,0.1432468483291023,0.7439585328828258,-0.31565316678165256,-0.28725211933964806,-0.11561207444582779,-1.1156573207621807,-0.11379219378830668,-1.0549519119754882,-1.2738066167065711,-1.7039890674862281,-0.7050966761931461,-1.731838535577339,-0.14194927147694344,-1.1894841543576802,-0.7790035922562347,-0.461276348954659,-0.7742313637258886,0.026323592275142964,0.023353484577305707,-0.25856602852974647,0.3608528366670501,-1.5251652491148562,-1.3610297520252723,-0.5991128936244585,-0.9768815680466324,0.327304752189404,-0.22170923574245846,-0.7474888338875048,-1.1496126170521885,-0.09974975320456954,-0.3183734614953003,-0.801968887482486,-0.876389117280967,0.12204943886615625,-0.7890444675730737,-0.868722984165243,-1.07455480088302,-2.0639601616414494,0.1501252838498402,1,مريان
-0.377550150045307,0.18646667534723158,-0.16029002654792524,0.06258576195901776,-0.0009880136102451802,-0.1202240183012551,0.1003059172585398,-0.13276729801679216,-0.14484335718228594,0.01107052734886218,-0.21730079200412872,-0.14672888026585418,-0.03740100911137551,-0.03640853914577752,-0.18332173533363574,-0.020320131491981093,0.06257189141120963,0.1350722521955532,0.0499040890492108,-0.04437959333998094,-0.17326892749933073,-0.2417545566669211,0.0285452181016424,-0.032515567971832866,-0.29894960060221754,-0.01927864817400224,0.008245373808602045,0.1142930697186151,0.23963663071739402,-0.12523996434138562,-0.0990527229240909,0.005012196672437027,-0.11095049008371453,-0.11395953577810977,-0.03959445982116431,-0.11250213452023868,0.001938684136977114,-0.1784412887538789,-0.037084577242254474,-0.13446228515493389,0.056833709947734005,-0.06720150277265975,0.05901050347160964,-0.06287677984224647,0.003530516732556137,-0.06744080849008302,-0.1576305643757088,-0.10386982527918502,-0.04996240504390958,0.07652786806364907,0.06429637507713654,-0.003558641974376794,-0.12926101638921556,-0.2529153201551466,-0.011700786927981943,0.03203295197527613,-0.042153421043811964,-0.2723719505236106,-0.17564899876757917,-0.01866845318137188,-0.10416583957679247,0.1507721314407812,0.09517302816212511,-0.22846320075905158,-0.18131890558283392,-0.05289117532992864,-0.14678199973283673,-0.07585827854072004,-0.11482953827846439,-0.7521608858474077,-0.40580728190737103,0.07354106232977746,-0.08259629382707168,-0.12017606633825641,0.14722389034809696,-0.14263214988003406,0.06882482564945974,-0.4668632960360603,-0.08360369526796566,-0.18103833107425632,-0.3781398873733084,-0.21060241298382515,-0.3610735942897877,-0.07329625384938682,-0.28646670585477624,-0.10983842135396225,-0.08451198062074544,0.034556297684879896,0.24104344607274358,-0.141977489611959,-0.07469170517392373,0.17117007690444577,0.13492341719217368,0.004943000316022766,-0.008499655209408458,-0.1102027084754666,-0.04925920305205174,-0.45767782577167976,-0.1299171775427562,-0.2885416193157435,-0.1446319126741953,-0.2886117497751791,-0.07074466935380645,-0.22067551948806466,-0.1756934007747387,-0.4182174396400874,-0.6708399231734254,0.9647408236961958,-0.8573422269522041,-0.33547109624022825,0.1882749880275812,-0.5669268821354645,-1.7847137071358183,-0.35894963217526304,1.0672361365478125,-0.8260977209216664,-1.019478684417891,-0.628408114579703,-1.096841153849998,-0.7917093112726031,0.14349690212198016,-0.45635966249375237,0.4840707737939878,-0.6922148448681135,-0.1721717831675212,-1.2435191334144984,-0.7901765581301587,-0.6729944704964037,0.18807912367706922,-0.9626227085462269,-0.6779596650974049,-1.0232695364649023,-0.9400813643330185,-1.5655655047403252,-1.0785173578794771,2.0713227017518174,-0.9139874668137646,0.7902883027927678,-0.5720265002058759,0.3201033637057018,-1.0746795339335584,-0.7520352277169556,-1.9028371310178263,0.5706489983678449,0.22250073643582244,0.24753656986572165,-0.9125367145721184,-0.7362287718557026,-1.2696834824118104,0.6847443781643114,-0.902164724364537,-0.29298572317828814,0.07975242632805542,0.059646625573735575,-0.49219765879579613,1.9416641121925207,-1.4872845534310217,1.36554434983871,-0.4910046753725564,2.0952904713753866,-0.07345622747633333,-0.5288736494154973,-1.1811120963818753,-0.6041562636494863,0.6021019238280597,0.37315920202316893,-0.4682410767980332,-0.5852245614737909,-0.18876638535162907,-1.2188629831276172,-0.16713632820558602,-1.2313365682945547,-1.551579005471141,-1.49131532665797,-0.7021803685058103,0.4664425733657512,-0.8260027629053077,-0.8774882227586326,-0.8008063880616801,-0.3188322757580383,-0.931092891936071,-0.15136734374216837,-0.1639042609488006,1.0578857447845709,0.035225716477813716,-1.1005670592424301,-1.337208360720856,-0.07415728608236219,-1.2191171015614957,0.2608285246042341,-0.20124392962135892,-1.0108409790637118,-0.7569362424427077,-0.2526698115169974,-0.38070854775808927,0.20090227618173695,-0.9138491620805539,-0.1506056002820218,-0.37766397966035403,-1.1294244117707926,-1.2599966575703017,-1.013493161274874,-0.014572276357820737,1,مريان
-0.2537167416208476,0.1271730545076403,-0.23491701653891323,0.06226815275915716,-0.045190512393473485,-0.120772061251779,0.026839153188766028,-0.09777687077935415,-0.0882148977554897,-0.07748106188252654,-0.21296857503182018,-0.23884775812922046,-0.03262251298709728,-0.11214707034200477,-0.24767128082264062,0.005889573978746955,0.01249424477093111,0.12951593966257863,0.10699330128867436,-0.08503135419077947,-0.17609630238739296,-0.22488720799814824,0.04748680246351233,-0.018093870582103513,-0.32344615462027704,0.039757231744574614,0.1658443124867215,0.14669087082907892,0.1997380164208996,-0.07979536200415269,0.003452795207918213,-0.06845009261297486,-0.14383671918596186,-0.005011934408869699,-0.17450977954681235,-0.03774725499177609,0.071352716409926,-0.20269998096138875,-0.03554865980495778,-0.16921571890004433,0.0038799152862982506,0.003955154991280928,0.03090657358673658,-0.20988767977328332,-0.06018966624413086,0.01924115881370667,-0.15724781115510864,-0.12479591235950133,0.0002929192970024236,0.1318271098956753,0.07379549005358316,-0.04541517344381331,-0.1347534679407657,-0.2704457771885285,-0.04167004344252004,-0.009972720115865724,-0.003634125945687453,-0.19617843197612647,-0.2466144638328097,-0.003974777463433192,-0.28554130302066405,0.15178574518409282,0.27259293264881984,-0.23451670182390513,-0.20161338888979582,-0.18988894679285126,-0.22476536314304044,-0.20734521155559693,-0.12274562335134297,-0.6908934681560959,-0.37101050638526506,-0.018071317423657023,0.012385860238238637,-0.1900567455892209,0.23757758205570212,-0.15047029806688306,0.02720859740036612,-0.6629326164379011,-0.24745127164890865,-0.19470535445494755,-0.309358209859634,-0.20159517028060148,-0.19091437016052676,-0.022043775712489905,-0.33464224518531877,-0.06327231226391627,-0.0014184315911700592,-0.012985295298258571,0.13482792979164757,-0.06322857368866956,-0.032139091208105916,0.027423750982338325,0.1126176390090748,-0.12144112367721784,-0.1409406931278415,-0.07001830571788022,-0.08667343273103288,-0.48740029048979705,-0.29890417720100404,-0.29945289871811387,-0.20461642041758646,-0.259737415731167,-0.06311358316991135,-0.31670760646791757,-0.20131857148996093,0.010532378953896082,-0.4225570857833907,0.28241810462629785,-0.9949546533942948,-0.20741225525590545,0.1701044221336317,-0.518889465633397,-1.0869519432986832,-0.648606110291644,0.860212553005124,-0.6458586234568281,-0.6666043479284169,-0.30937240790510323,-1.0489264458172425,-1.1360251240709467,0.5907812807087397,-0.9373207333621587,0.5750079192755365,0.22388711114852658,-0.44595195538863175,-1.447133667564463,-1.054800811245498,-1.0430502672363655,-0.48319044161037344,-0.790759081381346,-0.5456903658872736,-1.122752552591127,-1.1579501127813727,-1.0260150422450203,-1.0176012243920223,1.714495831941829,-0.5169494136296398,1.8100159731754037,-0.4992315326796686,0.34931387804593983,-0.5858198572295166,-0.6653768724499769,-1.6032790052264045,0.6633581321772837,0.016158029275281417,-0.13387262077055567,-0.9329190624035966,-0.6791277581399424,-1.3216491621333548,-0.5554937566573058,-0.20948314518054317,-0.25676005237738575,-0.4047534324610833,-0.3285771810495674,-0.13518210282721319,0.17594857854214974,-1.5850122623179115,1.6054178177979421,-0.10557940338280539,-0.7150853037856283,-0.08543551410585051,-0.31130361065767986,-0.5408320150323042,-0.6828183854184714,0.22763244185814888,0.667226386553901,-0.15166649021399517,-1.0747937025539145,-0.5312006096595245,-1.207046336456941,-0.3409561282507438,-1.252332417587228,-1.6524637965058193,-1.1814454922499664,-0.7508741214346034,0.028142898744088762,-1.3971806805949338,-1.3517415615324997,-1.0752868119764154,-0.5717708067652109,-1.2080794350510167,-0.4568271857848446,-0.4883720813967047,0.06383419297907252,-0.3053212742693656,-0.5222854642722976,-0.9021886426152419,-0.8295372700527295,-1.3552025871548068,0.45932047374302426,0.046972148507082534,-0.8381270120613069,-1.0547946427924941,-0.3669037282425132,-0.2416672829072779,-0.2628370784923974,-1.2600018504542378,-0.15317631765130657,0.5319849955864541,-0.7814945561748614,-1.8201620333141186,-1.0534357325522996,-0.6692926918457587,1,مريان
-0.21238323818846128,0.13981188594444224,-0.30117761470299265,0.094525877925642,-0.05757033109862203,-0.07269727349432002,-0.040079751473479586,-0.04492357459498253,0.021054133149720232,-0.024240665531178953,-0.20048390241199265,-0.26115256228624917,-0.04835384977586674,-0.09472080045379218,-0.2402010196696798,0.059068342744178215,-0.020902417025293076,0.18359359987999954,0.11312679210077232,-0.14512955081835047,-0.20313523378794698,-0.2890575913501533,0.044831734873576966,-0.05911631543679447,-0.24869459921792253,0.1254738660442196,0.13918105490262037,0.10301475922409678,0.24773493098815633,0.01834989398894076,0.0871965482068234,-0.11518330471650161,-0.15090654334496295,0.1148388291019149,-0.1429175555546832,0.03127957668933391,0.03672039253129287,-0.19866138383920598,-0.05754302594911049,-0.18932926295714625,-0.011082141325967802,0.07138524515347987,0.14440216170626924,-0.18002441014058182,0.017616437016060495,0.0022346927289563683,-0.17271258882366392,-0.12246160246038139,0.015456919688190393,0.10930143599793071,0.11983742213796436,0.03519735908558047,-0.044558107713825665,-0.31692667363097876,-0.13079592442018226,-0.10534295797985808,-0.036195417096602914,-0.12872806904431933,-0.16756726802672925,-0.15607809473656112,-0.3294410147512902,0.2185757990292718,0.26236824863949176,-0.22358857365055793,-0.16882615166078727,-0.24194108687598462,-0.15057115484161765,-0.28319201226634944,-0.1409095803167964,-0.6290983073372728,-0.3669131630536039,-0.0071740262774259034,0.0020350206681916554,-0.20986524989159672,0.2482015544360126,-0.16025154084750676,0.007971152050527768,-0.5882277413724702,-0.16031714871381655,-0.23014255765431585,-0.31561150537206056,-0.3028520587844099,-0.19156859018071307,0.08656726124045715,-0.4111800518434547,-0.05816060871304808,-0.06786756353405671,0.012921333995083108,0.12747906715239565,-0.07269469306451637,-0.09807120868538614,0.12239280015195658,0.11933614649934589,-0.004950743472346463,-0.27126854229734615,-0.03951567558688805,-0.1404912324287803,-0.48102819107792133,-0.21891945980454855,-0.18782263380799938,-0.18621036301480673,-0.2604652908690326,-0.04502127579349271,-0.3791450989204198,-0.21288456457280666,-0.43435475951746466,-0.7227238022092742,0.24612409717039715,-1.0050745234535399,0.03130100474977111,-0.40096190208492816,-0.7539576950182352,-1.2460861707850737,-0.9030054276678823,1.0273289588586405,-0.7833916355589239,-0.6960734467946855,-0.20217265778234184,-0.9270857503641641,-1.6377091282627099,-0.4757700277287915,-0.136609132030703,0.5146035477303323,0.15875611678978196,-0.7611372139654136,-1.7208647881233399,-1.3276837320964456,-1.0171946558113472,-0.75542330284373,-0.898657286214396,-0.6269157539262015,-1.4027429065199506,-1.4153110419063788,-1.0425747992187937,0.07468591100779273,1.6472977787442458,-0.2762868153984179,0.6647225962581161,-0.7145836832067548,-0.08607927764129773,-0.7721661402731905,-0.5886562191333597,-1.2860059610831145,1.3359527778085825,-0.0303236374374753,0.3835815755612053,-0.47460123686269867,-0.8676997823192258,-1.3953560828886875,-0.2222918614214204,-0.22658204697139753,-1.1148487803221112,0.03329185116005664,-0.6937624909014212,0.2628587930774558,0.5454724555975691,-1.3515773296274745,0.7523980428308518,-0.11735065288608562,-0.5889135347830994,-0.263765206970589,-0.6795042122932793,-0.5081386169526361,-0.8712169799968013,1.7131151131068605,0.9959179708028953,-0.1368077165439562,-0.3376881604896285,-0.3302760473600539,-0.8081966340240886,-0.31431336060925646,-0.6662596428349761,-1.180108972217806,-1.0920507796051775,-0.9197691174724713,-1.3641732957627553,-0.984644360251078,-1.422520232147381,-0.9156966701308518,-0.9402566811283235,-1.3228320034086625,-0.7223343814726308,-0.46352746300193365,1.4649800936688055,0.0059322764082935285,-0.87695907051735,-1.2936433395043658,-0.8550063616790278,-0.8579887864694968,0.28101020148963546,0.7412514266216572,-1.0523795624673578,-0.9316558230173881,-0.21243234691140062,-0.22946906569765457,-0.9406308947943517,-0.2604901918244397,-0.4373573215985049,0.5027331696472874,-1.20415907836667,-1.6796922874850768,-0.4972268357503161,-0.7935273133206896,1,مريان
-0.28438715463750397,0.1959513366380716,-0.17456167919141205,0.12572394900935943,-0.007706230677308528,0.0012833704549164164,-0.11574569238038618,-0.04851555062463501,-0.07255938397208343,0.036548037141772675,-0.27239774324618654,-0.2545859337184028,-0.11101467064303741,-0.12559828841599252,-0.27470520666438825,0.05182603053510029,-0.014152413872530153,0.11324468200341574,0.2555670128276842,-0.07748662922418462,-0.19954277746967908,-0.28229819089133634,0.0654279513118254,-0.07405848898015364,-0.186235323753511,0.06213754966980926,0.19622224653657078,0.05044938298976782,0.30536944557885765,0.03579640339010552,0.05028539041222397,-0.21334765556800947,-0.14056373067756028,0.04110862362399606,-0.031993002296426584,-0.04839819288817136,0.10334155194430732,-0.12625300986100255,-0.03661420156058051,-0.18427966016253033,0.03233234429462489,0.0939720622129643,0.10528710498114578,-0.17391656219702167,-0.14608679906797928,0.07047019382723649,-0.19507214515592472,-0.11999127957048877,0.015230543998067328,0.1243601413811002,0.1217893551912812,0.029608064544042953,-0.06170120492047741,-0.3179555046174333,-0.20055751747269174,-0.1086315670422428,0.10072299919181611,-0.1805280329390931,-0.1987850187286953,-0.09640382373366749,-0.24278133113204992,0.0687843305581713,0.1272188840905728,-0.29308326414691427,-0.12326842024889424,-0.29585651132256763,-0.12779779269876695,-0.16454962810331988,-0.07771184161654349,-0.5967900655395241,-0.3508906805182867,0.14123897989153328,0.024533251015175738,-0.19585122598978388,0.12807026231282026,-0.2059665293582351,-0.041953454500600645,-0.5547643910625948,-0.1941552956918969,-0.21552551862073846,-0.34599316466157576,-0.32852308313588735,-0.2266515535362003,0.012163775345239157,-0.3203285385060573,-0.10897187274759254,-0.019957593756948,-0.14338434393025137,0.028339082489656383,-0.08438361965191946,-0.12693942302149527,0.05614225434705814,0.018617971574848066,-0.06541994085712452,-0.19792610445585382,0.06702115202731512,-0.2219740738297344,-0.5232978414045736,-0.2781366056994471,-0.15698291588840654,-0.2646100431576093,-0.2919217428817012,0.005674631790092232,-0.3413048102112605,-0.11401239851725957,-0.6492678221150486,-0.9779013122814735,0.3764043817900567,-0.962209412652046,-0.2755339400146782,-0.6245819639591109,-0.7226635713558676,-0.18050593670852635,-0.3869954968282625,0.5975220464196798,-1.0006351895497374,-0.3809960306672573,-0.4904235520758396,-0.8892560161128027,-1.4455921506345388,-0.2991279446192207,-1.4684509123647882,-0.3129174261089684,0.7835829611865331,-0.6806996785486661,-1.2382204286088563,-1.441215128871412,-1.0406349585925805,0.22234556408944905,-0.8056179628032651,-0.7098306815320183,-0.9167513883691591,-1.0683343989019003,-1.3167994690748686,-0.8344356589992341,0.9502719964207386,0.1529218062292192,1.9694685524442956,-0.7051296492605396,-0.4757459999579976,-0.6608357907125116,-0.30805204286689036,-1.406040283526495,1.153534641616042,-0.8424663609652068,0.46730906474273454,-1.0814234918120706,0.09876859502677582,-0.8168799643407679,-0.6959391558277489,-0.12213335993743582,-1.0183594733017678,0.3967055482480186,-0.6180056241437587,0.7380288413152443,-0.02224651027355422,-1.0609961555157137,0.6029569326738599,-0.1918508285688753,-0.2381529618934605,0.4527095398037356,-0.7781896669288932,-0.5243972136319838,-0.45379047350370266,1.039548198390842,-0.20396829330189753,-0.022584623920733155,-0.6878231172728078,-0.16372181183501255,-0.6214169981743989,-0.2614647954012806,-1.4248628535347234,-0.9621967866880372,-1.0649604403733643,-0.92534202676405,-0.40495807758018154,-0.7793756323623761,-1.330426949973049,-1.0869041464746911,-0.08499126690921949,-0.7223306520798176,-0.44418617829605256,-0.409089121418795,-0.14530322408021204,-0.7460344912320618,-0.8865105849002651,-1.2365101799641405,-1.0553544800584007,-0.6447305153692515,1.1696120286791098,0.9683280267125361,-1.054208042916136,-0.3278159971291561,-0.35175154831150557,0.1662679974881825,-1.143678773854756,-0.31227968148649055,0.3557337734261828,0.6495924357752555,-1.2905806552386028,-1.0523348994764805,-0.677586581334288,-0.8501163810485229,1,مريان
-0.2998327443995738,0.0715836874775401,-0.20611617810348698,0.11627514840475019,-0.07413869740972717,-0.020075842493875985,-0.09075579688164076,-0.11958412722325146,-0.09817548949724376,0.026021077711726293,-0.2587838966913019,-0.1742414681469013,-0.0790062583193216,-0.07424817335327953,-0.19997450878116255,0.010850693786096816,0.10648475712343616,0.17608504032329272,0.11319017376223908,-0.15993217523053907,-0.060606167569374036,-0.17914151284367577,0.24128494243639784,-0.06852163594801228,-0.1011860720428727,-0.026780369214915997,0.19108078199904582,0.007104595699332364,0.330653971206046,0.04548073419595786,0.1718131060647471,-0.20900999748181515,-0.17382890718017618,-0.12852935980761251,-0.06008673659470516,0.024133058961295133,0.10644121314059034,-0.11339772198554127,-0.003945368068568847,-0.20226782988493655,0.1225041621503915,0.22602532009191334,0.15113778051414245,-0.15690822560460602,-0.23165578818286192,-0.010798838859117801,-0.1659826479223325,-0.1863562343433194,-0.008509378533433202,0.06136866412119156,0.1170847986042982,0.009360967662781952,-0.05385907738788977,-0.2563106211229686,-0.18026105076930407,-0.10730273408520158,0.161923508581985,-0.13099470084582288,-0.2691650397189386,-0.10227349886330182,-0.11898312625493707,0.07224637442508997,0.12728451896291443,-0.2747627869956011,-0.1823862052408672,-0.20456695618671208,-0.07928538655374133,-0.13611355430330377,-0.1012363721134572,-0.5231158378372299,-0.31871710688612087,0.09314760360141537,-0.035089812910958924,-0.18085152432782964,0.27933047116459875,-0.16669198967570137,-0.004598786455616323,-0.5473619763623347,0.05521685030673524,-0.14888049252749747,-0.3559510650201065,-0.22023199004861516,-0.3094084727944236,-0.06158455419774746,-0.22008822203275383,-0.06969568675792734,-0.10999877100252459,-0.21146872197923045,-0.13107925899863146,-0.1738066755233717,-0.04602283712583506,-0.13372659274052062,-0.12610048547501201,-0.15437597137820763,-0.15211619806629684,0.1280935340080884,-0.2933487827743859,-0.49128150250094343,-0.281137163551621,-0.16901553844771952,-0.3130466505381761,-0.3773624727769855,0.05821760462466567,-0.3556906255409811,-0.11005509825357891,-0.901368332803903,-0.8463598130047855,1.4724009357865255,-0.006564785277952223,0.6465886495878226,-0.5248382365232923,-0.831857574792223,0.5912139722586199,-0.05357054032344219,0.7886011937978094,-0.8657641022565232,0.04646009913117695,-0.19764052432169235,-0.7959584610348748,-0.8070445113324156,0.15338891668442714,-0.8516585167330434,0.4923086254384945,0.5734163784754815,-0.26041048561479474,-0.889718681979738,-1.0310521675803246,-0.12813543774319017,-0.06884828786296818,-0.6717663759547193,-0.6375144868346594,-0.5275990638616977,-0.6801953303423663,-1.3367822980992214,-0.41985196669970803,0.2410619788630343,-0.023097397500645933,0.7749134630928755,-0.800478912884436,-1.269553374883346,-0.41861699754124543,-0.423677847667421,-0.9551993745546162,0.9406089656656716,-1.361284142386813,0.8853249121547414,-0.8490018376768911,-0.8773975881350513,-0.707290934025368,-0.17228423685740069,-0.2051894816929486,-1.13683634997902,0.363909741814864,-0.8091215786183956,0.6244208605490217,0.6693671015641273,0.21439792813064257,0.016362726909475028,-0.22991675198661676,0.45727756280561627,0.7196224890215981,-0.675738814350883,-0.6100296651833425,-0.7553336310720684,0.751740465752575,0.14218244839715546,-0.20340090492442947,-0.3477159848533564,-0.2995108258288738,-0.7384188478605697,-0.3678613871124289,-0.49778491806236264,-1.2355936524505986,-1.5106512519577515,-0.7577307196578518,0.5854730098238409,-0.35837238255368,-1.4734419579740767,-1.031286070142796,0.03245756181775646,0.277139352461685,-0.28891608586833156,-0.43286193553629904,-0.06431480633478504,-0.7758909025774577,0.09978761311071857,-0.743002538179653,-0.6880472902254461,-0.12513929714474137,0.5947827147543844,1.5837149994000668,-1.0030596936608693,-0.23169199104074553,-1.3952910816218203,0.15095830129937676,-0.8096824831739782,-0.17939778793032113,0.07727484225156277,1.2172411275270867,-0.319240758774955,-0.6029149338565775,-1.30075406484387,-0.8625977184689857,1,مريان
-0.27117820137011517,0.0464314936434626,-0.2443835278743482,0.07203513260492295,-0.03562221130202779,-0.07058893636672765,-0.12637389146677927,-0.06337434261260295,-0.11524356693104819,0.07865579888067786,-0.17434856378374405,-0.036370946439774184,-0.09224402208664903,-0.09937121960443539,-0.14288130028397597,-0.11228959187112618,0.1749876245181584,0.22057736092728755,0.1246682980656437,-0.17561606723545223,-0.023901787303576276,-0.21242872156264553,0.1899706294299482,-0.04175745910977053,-0.07684297844891912,-0.04634228191798641,0.23281753862980417,0.07950804577144506,0.37642543282868146,0.023188568397907526,0.20901055745399796,-0.23337514013574118,-0.07569278978800681,0.003941641222152516,-0.0055881419001377695,0.08523752878927957,0.19668889888686736,-0.1185368309238035,-0.011700301574421017,-0.18238399944243658,0.10185269255147239,0.26353457645221423,0.15235331838741492,-0.033325987070226507,-0.16891629447377737,-0.04672827750883102,-0.14732993769580474,-0.1522005246646578,-0.015055278440769579,0.08179521894185358,0.13638336550224023,0.0719692588180314,-0.04742862945678556,-0.16432406441594594,-0.2504496963117731,-0.04886795136282032,0.10536948888651405,-0.08304407340817202,-0.21774607090435985,-0.07865587795842782,-0.1216047613732537,0.11565548141354447,0.10637181691513703,-0.21709644063691858,-0.20353221206281605,-0.20188723205456996,-0.1567485802493917,-0.221343719555031,-0.15233133376164046,-0.43136571536674334,-0.11972851210048446,0.10242056864784395,-0.1370425242432183,-0.1500559520143496,0.17054405735018774,-0.2569970393416486,-0.128558845330497,-0.44262531760798507,0.081887301550127,-0.189617821098798,-0.30837714962340007,-0.22703592919442875,-0.265869120154118,-0.00874364658588515,-0.13847739277072746,-0.03931003029352551,-0.010429103162391597,-0.20488555050325594,-0.20308399780909062,-0.2183726190040947,-0.005285443301530531,-0.2051180637599929,-0.042080365048806544,-0.10200095065774765,-0.10745569926250487,0.120844287319305,-0.30666534951099944,-0.4323814759633835,-0.22771357261056566,-0.15601106675021315,-0.2564172441201076,-0.32959478803146863,0.10842504902280944,-0.28683482250956915,-0.09417734681701376,-1.132244461148003,-0.37376477762734195,0.4713773808263444,0.5696280202284553,0.786231002464395,-0.22836469053939237,-0.8424245038156012,0.9832889668398878,0.13607100344261647,0.5250449416788773,-0.9738797882314623,0.16690841993867,-0.5460512174391109,-0.7503257266204173,-0.31823841316835333,0.8227132233173644,-0.8754450527359381,0.4154361521633885,0.3625404874852136,-0.24817016274469608,-0.7314183827719516,-0.15632858186569046,0.35305365510917686,0.40302591360387585,-0.7196032044287188,-1.059070876143333,-0.21542327935889508,-0.5513617403617551,-0.4417344955663163,-0.7650514828369046,0.04514692343225602,0.09685563778322177,1.2543988121969274,-0.6201479090743552,-0.9578473399252806,-0.20393939207540868,-0.050358165996073866,-0.02480879345442747,1.4238322345150174,-1.1364380747400658,1.8772844688303778,-0.7478252211736326,-1.0793334770479759,-0.7515456766548412,-0.3323758383965697,-0.05955855657896848,0.21694676682623135,-0.3683079862863845,-1.3410599260387104,0.8018822591600726,0.8608431602586655,-0.42148452518915963,-0.7437874498499956,-0.12064904721481211,-0.10607168098060112,0.13735684182589572,-0.6718310030266248,-0.4342887243369587,0.5017143705764654,1.1904296578802036,-0.09693128918830653,-0.2763500351241325,-0.7012152352275718,0.6471483323087301,-0.6119348324574554,-0.5838257607628067,-1.0480913928664584,-0.2664276841272978,-1.1123079887303557,-0.647741204932916,-0.6265562309272534,-0.7464452691132758,-0.24379398854853743,-0.743410001168596,0.6777416306199389,-0.1731876813409309,-0.3015136914244471,-0.42503490518368847,0.38239833124424966,-0.5177800172996162,-0.056075592064429275,-0.46614079550033544,-0.7368643944253844,-0.35061625743197994,0.4148975231299153,1.4183525531450782,-0.43875541427122217,-0.2456432312262214,-1.411819947189837,-0.06367177094757832,-1.0262487395410247,0.3530584465169054,0.7609351775165604,1.3185196639312649,-0.5712320119393057,-0.4447858697094717,-0.18645695951518326,-0.4815841208211234,1,مريان
-0.22957155770172244,0.034102415456438336,-0.2732468093119929,0.13256500260248108,-0.031219193297246213,-0.06272053807512623,-0.20454335597511542,-0.11316311217129638,-0.10800487124027762,0.08909500896050064,-0.15464048524978424,-0.010442595832882725,-0.055250109661235586,-0.0013334924931360486,-0.20497849991166042,-0.12546714358791236,0.2756901150254929,0.2219629029594188,0.13408294432318513,-0.15022994550181676,-0.09406547428111131,-0.15731667215612877,0.1560405077871871,-0.06864179178186046,-0.04204116742454848,-0.0016397270713527335,0.2849329649740844,0.0072516578625945695,0.3963672879051692,0.06698463117135084,0.17125903699249928,-0.1817007175268203,-0.007678050195791824,-0.007757688137547096,0.047836338045826696,0.08436707497451122,0.13371363363336936,-0.10001787122200732,-0.0282793802055367,-0.2465450438392405,0.09421647189281454,0.27527878491225577,0.0551535332205188,-0.021590671739213127,-0.1672813213407587,-0.05580502513928695,-0.07539473847719269,-0.06898850563266762,-0.02720302680370802,0.02202862510118959,0.08179574821650601,0.06590361384108359,-0.045960540112397044,-0.16275245757216514,-0.27965018140312614,0.0004554654054149542,0.1609017339092924,-0.08517904959842303,-0.2012832954033028,-0.12384085643392823,-0.15087511334063067,0.027987608850447047,0.14018106162483887,-0.21671257588111748,-0.21730361993036243,-0.16069359834293814,-0.0665273358739182,-0.20110587246727116,-0.1292903388022447,-0.3141962454330257,-0.03847501766137702,0.10957760732380246,-0.21702767558527913,-0.2612096213621711,0.10786628179938802,-0.27327698022013674,-0.07177569170888799,-0.4627527564102032,0.04239367058335705,-0.22125290742687315,-0.35939595949135295,-0.2983852636937571,-0.35673655917166364,-0.04322083897459588,-0.1569725699978879,-0.01817635981627724,-0.021234015865429532,-0.1704638992979794,-0.21540179710357954,-0.15323225888807485,0.003175381953437475,-0.14825397295123818,-0.046108121978336886,-0.07825070718950157,-0.0998642421937026,0.18721029244141005,-0.2863084008943202,-0.4396526483509233,-0.21556871526514862,-0.14170499850286786,-0.23457513510839656,-0.37982723587647044,0.08496975405338196,-0.19937537732376193,-0.1473450676163663,-0.91378897170493,-0.009130857264555724,0.9174128847529547,1.610761321779247,1.0014338287054119,-0.8650606546961777,-1.0453649503474032,1.3422348727292106,1.1235637911978535,0.27590954545762303,-0.9465690762240463,0.1727546781912112,-0.4670228000230402,-0.7643120991430951,0.14307354846417722,0.4812762040889053,0.6787174441636714,0.7864454480507034,0.28533317665222163,0.5859815266350702,0.28182617095246787,-0.2781706591813663,0.8686811806072351,0.7187380467675889,-0.1522437593524744,-0.5679327365400985,0.5244490388215162,0.09856403491135565,-0.9847983946483063,-0.6951876287477528,-0.3133270459456839,-0.7562019886913256,0.43967393039051994,-0.7738374801547541,-1.3052840136807307,-0.17564629855235792,-0.14567055175341606,0.546874681896276,1.0150876076841047,-1.3679407370231729,1.0818248107885393,-0.4833399803471891,-0.8955297129528775,-0.09586326368656452,-0.42316298317335244,-0.22258133973685895,-0.4323073799672635,0.08638738357150756,-1.2208560074204102,0.09349410948616321,-0.15613305292074392,-0.6636887710041831,-0.6578637821607236,0.001361035452999283,0.01824900187377771,0.13575109132132362,-0.9411268219471424,-0.5442160528005529,-0.27178229548066946,0.8240355422042418,-0.3885772086120794,-0.3959677260079599,0.6789587766452585,0.07176427337989147,-0.38651065582911787,-0.5472210208357016,-0.8893342497328633,0.26487597282076236,-0.9697375570801415,-0.30740431236781224,-0.8661044308628439,0.3212664053441494,-0.27778539895778204,-0.9686618569423784,-0.15229220756016526,0.02188512204676721,-0.2948115310065906,-0.4594613203610856,0.3121657140422961,-0.3800684231309007,0.23956739021484916,-0.541785892247464,-0.9810715861418536,0.28561260998157895,0.6869538181061591,1.115255602830313,-0.718424917064131,-0.5619419096874614,-1.4496978767339355,-0.5097115280168609,-1.16096553395819,1.058164976854634,0.4120480830446715,1.0334543168969967,-0.733107456624692,-0.3134784051011252,-0.3778644349107902,-1.1649969523952697,1,مريان
-0.14213984631239576,-0.0011926603653692005,-0.2924696517445263,0.09227091543882418,0.018598899374202272,-0.07741922167338335,-0.2341769427212245,-0.1549252494619251,-0.12071502291139471,0.11460675853119533,-0.13081199279933675,-0.04446259714825801,-0.12447631166600065,-0.0053541133780681165,-0.2777430074115439,-0.029631014285490254,0.2708296092857401,0.1517926950264783,0.15736053298388103,-0.10443682135865993,-0.09613735348319517,-0.14019458464065387,0.17109817421515833,-0.0073051077976966534,-0.03649933387820771,-0.06415848044595898,0.2889870463387207,0.036234667299629195,0.4220321021461493,0.02132625778125528,0.15993770034602578,-0.2833973950944724,-0.07117553032679265,-0.0643726736487514,0.0095285778536,0.12905240770647525,0.0948013316423204,-0.15241603612293717,-0.023508840986009465,-0.20688800034006694,0.09486667174294834,0.19231908939205564,-0.026721003394336897,-0.03631774365067581,-0.25487197495586683,-0.03177535857419226,-0.14102281105772274,-0.02678031074257812,0.015661206539686126,0.03706614911704905,0.04800235150458681,0.0255275687876143,0.013619050477903594,-0.12628322464079222,-0.18930036454735621,0.017132447504976958,0.11362388657070056,-0.046010059451146154,-0.1550165435860182,-0.04424921959561453,-0.22623442945893946,0.029721883491553566,0.046285993668158595,-0.10200183486614549,-0.12089227541532274,-0.11297926733633679,-0.019837165539490397,-0.1310187775404787,-0.1444474664700683,-0.25880241454895603,-0.047371485382077354,0.1130818070973089,-0.24960884825365867,-0.24534684134184623,0.05264908612558381,-0.22961220864446694,-0.000989709767295514,-0.45416341794853665,0.12408392646153849,-0.2469701587243202,-0.3958719976588539,-0.353800219609516,-0.3183808997051246,-0.06579904589683289,-0.12775153748401613,-0.09195473270127019,-0.05229324138189257,-0.2568075024858531,-0.26956071904372936,-0.13699417225651464,-0.013906198482311699,-0.18410319998490546,-0.03670367458020232,-0.056037742538735204,-0.1733250170899444,0.1934830379928774,-0.29507736140739155,-0.43588595474463615,-0.26929304741713156,-0.11247155760054713,-0.3095140325938935,-0.31997311431234693,0.02439246565575881,-0.11995693595669288,-0.1137703020634319,-1.113920773151078,-0.12378504386781077,0.05033485939023657,0.41036180591892757,0.1385902911076109,-0.5035942713556466,-0.894290369156258,0.1585669121337113,0.6444697365795714,-0.3230515894866177,-1.1769630828503328,-0.06968117815720344,-0.972898185304329,-0.8487247043053759,0.5788476342132232,0.8507579240834654,-0.5922490479828478,0.07693539941371459,-0.37436340277119745,0.12219607041666077,0.35062517326116566,0.44603436100094357,0.8469133622277258,0.5936539244466695,-0.3278645757488615,-0.9315982065379625,0.550341489317406,0.2972513846082297,-1.3549685743058177,-1.9676822793053546,0.12881407019646485,-0.8907770213543096,0.8399607761008925,-0.5897523954223926,-1.072402169410192,-0.16739809135277786,-0.0960111858885244,0.21874697346880834,1.447132745730437,-0.8622934984220589,1.077645804901614,-0.6992586958321745,-1.0433506858724448,0.16808013191993262,0.5222623307865222,-0.16040580391152423,-0.4549497067488193,-0.24609571457922516,-1.8665251713595439,-0.13988810140346794,-0.05979104731451628,0.11161983105054453,-0.22009719669085223,0.20327226721946418,0.37147714139194316,0.2942025552498556,-0.23841980049300465,-0.7223205413905288,-1.0534266117721198,0.4116662407093143,-0.14450634578238972,-0.6969796940076218,-1.2242925699975689,0.024258446469307127,-0.5294722227966466,-0.5727417063326196,-1.3630999225180371,0.07258815013971341,-0.9289641030012991,-0.34803942796134973,-0.21516525436643835,-0.08997230327929369,-0.5297393028815008,-0.7741912214066081,0.6990771573617253,0.5536224465422793,-0.2741432076219482,-0.6528655015560941,-0.2113044476464612,-0.894336285684672,0.4255195378911425,-0.6169310686310729,-0.9635647398674244,-0.19993501986573234,0.6738573049283775,1.1838459910757633,-1.1719599953929154,-0.17911251884855248,-1.4849083528452667,-0.18924227275063712,-0.6363506776780968,0.015685999764245884,0.27665599133956836,1.1653763115963467,-1.345071524066602,-0.21240906072659976,-0.41295066404838643,-1.0620262359591248,1,مريان
-0.15492023458055187,0.019415373544374507,-0.24196547348973554,0.09708980136218616,-0.04158092314820449,-0.022905696579223922,-0.19750968756464288,-0.17740099022687913,-0.12190900212750386,0.10833608394206629,-0.02004481609033003,-0.07326646944100809,-0.055859092174567124,-0.05125487080112167,-0.2324809300658169,-0.14535248463764183,0.21037153747289347,0.153947637994401,0.13817044853528535,-0.09882940900729206,-0.02767833001743314,-0.22625708527917351,0.15261158451026396,-0.0213409824359352,-0.09224013619283271,-0.02311992520572914,0.19334153361472436,0.05688717503344381,0.39111888759312674,0.05411627600483845,0.22000239618412065,-0.26643135663007633,-0.12352985706120248,0.03771457643626563,0.13020151570379634,0.0500177739023003,0.06327931503573263,-0.03247036887487102,-0.018040884910989298,-0.22908222544422643,0.07782820190383942,0.23395629957311195,-0.04129659562963785,0.07039768869726612,-0.2652219580396215,0.06667001834493648,-0.1460183003155532,0.010674972240778199,0.022293798023356716,0.00537958020349511,0.006329151839955051,0.03516568161630258,0.030515549673729506,-0.08954067346483591,-0.09190129148994018,0.06659240247727702,0.18906052290267925,0.0013129219547180124,-0.09393919492797648,-0.04877289142457278,-0.24911884631705497,0.08904003513733706,-0.008966967039312117,-0.06917867265147122,-0.1621910977749075,-0.13272138954412507,-0.045376090553997786,-0.19830747079935002,-0.1875283655202767,-0.211779748324736,0.020943185697095856,0.16612306909567104,-0.18378622976095477,-0.16959247230015612,-0.07737211751400598,-0.30439780707942626,-0.10998248829752356,-0.48284250822198815,0.1478780735130028,-0.25519616234224196,-0.41457072245771637,-0.3467449538674642,-0.38688507194861776,0.004429448086724207,-0.07949266896359003,-0.10984203579941967,-0.05700930983052759,-0.2921616213874838,-0.3141479783914859,-0.2005016155616571,-0.01693354480212187,-0.26197545825331126,0.01600463747770476,-0.18001568038652163,-0.0293977757359075,0.20939931848120807,-0.25126777956156277,-0.559022511931115,-0.1997109655846167,-0.06891967588122415,-0.31388796897646815,-0.25370924534540723,0.006352962568714203,-0.062350905975305085,-0.11938066571723066,-1.1319598064707228,-0.0929968127657901,0.036944369280802004,1.5589881471169615,0.3324808129683106,-0.6786800710781669,-0.7511279544138567,1.4420405277203432,1.1080376173636433,-0.8649454710740463,-1.1054566213130392,-0.3511427463062438,-1.1108036430803978,-0.9682769069449935,1.0277988673486278,-0.18067097578536623,0.8542396864875674,0.12122229774867442,-0.47502697138713795,0.6689505285510771,0.7902954380994541,0.37200145293855935,1.1720911378798942,0.7095732935104063,-0.026732830575419187,0.12715257892594561,0.7252258435469565,0.6228216574682058,-1.299039105112061,-1.7429945464769863,-0.24941716743609813,-0.40207972618835175,0.4763618532895213,-0.7649441502704415,-1.021061695575371,-0.2430053768951574,-0.3794791170500851,0.262369930777646,0.7927847335326218,-0.9966647635105625,0.18667350136542535,-1.1799978434196225,-0.8617225137179715,0.20442116383972414,0.28616621351836447,-0.39691757273480793,-0.6936477243165602,-0.6128669868926743,-0.4205796685672334,-0.1334456735169946,-0.6856463756853707,0.8012608238746198,-0.6240685951136187,0.22995234667106376,-0.8680557065170987,0.19424537053759022,-0.43844768974150583,-0.7459305694044442,0.4533573565195638,-0.26838044626076796,-0.6214469733966044,-0.6084263773141668,0.48335714783455525,-0.12035535071349993,-0.4990623607363322,-0.6084287124603984,0.06379525944832365,0.182602443910101,-0.7276464818854812,-0.45539497013845504,-1.0927630114324995,0.10298752803090877,-0.2659952339844608,-0.48065345219880434,0.7079202310152342,1.02238754595666,0.048855213829744476,-0.5036777179056152,-0.720546382876874,-0.13197553867984974,0.17234410582799778,-0.5674865496131494,-0.27740915798467874,-0.10435073908126781,0.855697997706491,0.7535501605124878,-0.18708146027568442,-0.20834467522099273,-0.14706449068878097,-0.013343961678345421,-0.04841423219326029,0.6024900417782169,0.7883533592626873,0.8866073033558751,0.2774614235080487,-0.09068511744536316,-0.5806688694362796,-0.6107503747295887,1,مريان
-0.2588809168225302,0.045599555214683916,-0.14555130450219808,0.03877048370466115,0.034785428448155985,-0.003924371832254892,-0.18809474953963287,-0.22293588149687205,-0.12428249387094364,0.1535528198603241,-0.04610678015861804,0.028841909743338345,-0.016953799917041018,0.0013066154555048564,-0.20269320214269287,-0.11411840200964118,0.11129791360502411,0.21220564643743967,0.181772210303053,-0.09160484168187479,-0.10327132066220972,-0.21114164511744915,0.19471547760546518,0.11066735058714819,-0.03746936079296436,0.10281862929451918,0.23786353709975655,0.03434931201092026,0.3065821824009997,0.03318470393120524,0.2617448024163325,-0.19112528016039326,-0.15589289280202687,0.01978890005038356,0.18540503374613035,-0.008144894610589478,0.05082108381218299,0.0204202500351365,-0.018148176034563892,-0.181741662867536,0.011075353824897065,0.17257830267801041,-0.0813938356061393,0.10699067963365799,-0.3115850816249524,0.06423007862473329,-0.06933452519769384,0.020533392834940847,0.02433346476887267,-0.09056497067807714,0.009480041760476577,0.12419454366117062,0.031937490366360025,-0.04934356421573773,-0.17528015983237127,0.1531815498523337,0.16266887596188884,0.02108500238576029,-0.0177278190159004,0.013666535047727425,-0.14918187590883944,0.07697585236543664,-0.03060174985739898,-0.030572945878673093,-0.07040102803563274,-0.04005882881134621,-0.03996760738523403,-0.11046995342817961,-0.1494337421885598,-0.23707146162887704,-0.0148994055504976,0.27282379218842534,-0.3090253974478612,-0.16702429521497691,-0.1521080837707815,-0.3120322132818192,-0.10711604986012316,-0.439330095209464,0.20247402779194382,-0.23093371385999711,-0.41899035508820576,-0.3621880728894541,-0.42985076383532433,-0.036918897207705324,-0.1526508458418304,-0.11888648324028338,-0.10644601155188618,-0.24373403505977714,-0.28422045961192666,-0.24693071757588386,-0.08883275910266328,-0.12399307126915539,-0.023937704902916586,-0.005714076479594788,0.03381837170282399,0.23581191570796767,-0.2353789952594425,-0.5351153094382625,-0.17548547645866158,-0.07802433379109508,-0.15797271448682165,-0.2047665092890128,-0.03671359566273854,0.006812607938398249,-0.09882706490811706,-1.1257063612173261,-0.1555339638435653,-0.13231274640239046,0.40040504185519016,0.3973361302916672,-0.3794953209699601,-0.7887094239941287,0.2969525693470421,0.014564792294544436,-0.8458739174535758,-1.1297114345567687,-0.8527852586588087,-1.107533463707572,-0.9986741712888393,1.0043129027335025,0.518027731139722,0.1751447951884073,0.4467913223062965,-0.6284428515186183,0.43308492603746,0.41458091548433323,0.862078460565584,1.6671300767478423,-0.46131293420163566,-0.39128906974189653,0.07184528251330022,0.6285355790685913,0.6429814717034338,-0.39546142072047025,-0.6786401602603727,0.8764936518307148,-0.14968172773268265,-0.29563879042344315,-0.8250596030468111,-1.203321367354175,-0.3724535062340432,-0.10454070233302404,0.5179987634764075,1.5267706129328558,-0.4580821813692987,0.22309520948905964,-0.8619300336382592,-0.6852407351869585,0.20210730106263525,0.5273998602405857,-0.8969578331196904,-0.13975842592298998,-0.44963105501748407,-0.5470111039485893,-0.8951697931771588,-1.0427890475800004,0.49806635257524523,-0.5567876628269053,-0.3236402147136229,-0.3864349072241984,0.45832697510862264,-0.4870208582563816,-1.3521619023771343,-0.6349836615841828,0.3735079344718883,-0.3960635024123286,-1.1048612038072754,-0.19096461070652915,0.26837078502066697,-0.11997990496417173,-0.6096499595883366,-0.4272542869541363,0.9417067104749579,-0.2996421271900418,-0.542276449450645,1.4651162041047232,0.4596028195137141,0.708416530247659,-0.4660894867550934,0.7313551710764019,1.129964922591295,0.35686874038004013,-0.7106367687299547,0.9838438627055808,-0.6032472922900245,-0.3838171172189725,-1.036038000250596,-0.9417557974761542,0.21484916833647671,0.8843041461286998,0.33296252385020003,-1.259749606054656,-0.08591776738396362,-0.3181958245044163,-0.16427504562543543,0.17868485760926528,1.04804355087966,0.19003520579545707,0.22866932717626495,-0.7656395426094006,0.5990925575271331,0.6656123580316139,-0.3918669905041807,1,مريان
-0.31384475158974245,0.07037242089254907,-0.07150953613415749,0.07778240397794288,0.17115575177840306,-0.01485953885188839,-0.15924023508475307,-0.30857327366245685,-0.14309005500174288,0.11656896608926882,-0.0371199025422569,0.11137620505324144,-0.05286000203139726,0.0012704708156592395,-0.1381533899383201,-0.09709868383631827,0.11321437273664008,0.21105526396022195,0.15304696490183764,-0.04974413453949892,-0.02521914434783937,-0.10928183489892307,0.17838498538512457,0.14562370003665365,0.016896362961153672,0.15178193810911975,0.278261851545931,0.07365363416610193,0.30527411556261547,0.046839083755516944,0.2019027273529881,-0.1436689414576529,-0.18286216421381518,0.02923738764716118,0.10431836351559794,-0.03783260363150884,0.010806169405389986,0.021093632463169375,0.04365786317729488,-0.176989701782239,0.004369048578111672,0.09680689893832509,-0.18247025711106665,0.07403686605814631,-0.3918803466552909,0.0783754840042708,0.044620415681002265,0.06361860090742587,0.018402856374154744,0.024725058756149644,-0.05215540615438123,0.06420972064365041,-0.00670150455580294,0.028755954111526802,-0.06014185322784982,0.23704928966480043,0.13634586764468926,0.06055310987302805,0.014393740984816404,0.12739489002850116,-0.15177054107971186,0.04797882430203579,0.02550404197417965,-0.023733947292737635,0.007050898786886539,0.044049152981066556,-0.11483770831089711,-0.06025480361222123,-0.19111105538014403,-0.23908969186138257,0.033912244531401306,0.31740633604610397,-0.16565106323879752,-0.15910857841710419,-0.28533269912780795,-0.33259803920936565,-0.06543788424415543,-0.4886516382103262,0.23529799945300545,-0.16126000622223996,-0.39022149150900165,-0.24799064408904145,-0.35573727536817845,-0.19021330900201777,-0.1679856544568437,-0.07895884973735799,-0.09091522166761262,-0.1750754676325456,-0.2911649393318818,-0.29680779732029405,-0.015737762382036505,-0.17054824495449247,0.036349227529642,-0.05217248811842075,0.04112902077117259,0.2500162479256766,-0.11373905153124846,-0.5088514297947252,-0.212934001283894,-0.04765677521785082,-0.044115579469123464,-0.12402316240336128,-0.047276883333413636,0.0556181218031373,-0.11905767348544627,-1.0575095745872778,-0.20054013872480764,-0.7008025813718874,0.6934359114678164,1.4738055009982975,-0.41267288254273105,-0.5326090024628085,0.3420377106252468,-0.09822658585925668,-0.8964073492161402,-0.9035537536714697,-0.6922345891898015,-1.0140874711676682,-0.7869818790252844,0.6989029081685969,-0.30454735701071695,0.8269299788122014,-0.41591796087112237,-0.9881058189617361,0.951983583785528,1.0492502841915927,0.81831201749806,1.4973281013879565,0.36477410480757355,0.02656333156279756,0.7632984174684596,1.0675791048750598,0.9829466913053818,-0.8339305848033808,-0.982014433363482,0.6207809650854706,-0.4570435554921395,-0.7162241660054797,-1.0719795639081746,-0.7816403105419238,-0.5343663479179134,-0.38007909603412,0.4509303180348514,0.6927308900013824,-0.6641261803979499,-0.28051726582291897,-0.45827694865297963,0.18308076861838846,0.9353610690550694,-0.10031748859853074,-0.8259114534946012,0.20360996324128527,0.02437830835379914,-0.9708715156930855,-0.871370818120984,0.9096870792182086,0.4090296551594898,-0.895021467122727,-0.3869559473989207,1.0288271926450094,1.1916546829268848,-0.5670748064662258,-1.4248120621826164,-0.6560492060187966,-0.8595479036542987,-0.3668773029895072,-1.0421051405437491,-0.568723240698382,0.7720913805428791,-0.1868863048359377,-0.745136352539956,-0.3197730289080387,1.7106881333097737,-0.4957565967786456,-0.5333851541571027,-0.2228781093780367,1.3116009963512347,0.3241299670221867,-0.46497177515194255,0.668547264498995,2.2761417109070483,-0.0705357003632306,-0.7282060037911947,-1.0951199217692924,-0.9516806676520765,0.3299733969072027,-0.3820049825604493,-0.9235882614357066,0.5089716124033912,0.9791902655919273,-0.15307084250647143,0.03209730715882509,1.1129913191930674,-0.5871917107192395,-0.21301549537092945,-1.612016343169927,1.3315938311283315,0.6301374420352398,0.15549659099605312,-0.29064540077825834,1.663217527348012,0.18222138063298435,-0.4324342540401909,1,مريان
-0.3498171909806702,0.04315037124041771,-0.13867999523788047,0.0770262221607797,0.13960250196499935,-0.05400462579482843,-0.1834130473330882,-0.3320363557666559,-0.03856599151305078,0.05387984760100928,-0.030462135358376663,0.22769914277214431,0.05558372270537151,0.00612748428674427,-0.18509463831242465,-0.12611394658693104,0.14956251712287794,0.2723169145375147,0.07167121655320699,-0.04759205715787612,0.01310944295128226,-0.13224825960091358,0.12172380130202942,0.20024974918191157,0.054420672853576026,0.1989106214778789,0.20606022751064687,0.15246596778558696,0.09873967547959184,0.010064397315228178,0.09924463619465075,-0.09675152246127672,-0.2153729868052373,0.06044819204892438,0.031556372606190375,-0.009313095551641034,-0.046063967847645056,-0.022983848727910487,-0.012954701337899159,-0.079442616308132,0.020701113236706824,0.07789657088993329,-0.07430706909785467,0.09518362404069837,-0.2989181919740104,0.13643829606846788,0.13486571710572878,0.02806096051230118,0.09420142733755626,-0.050105207513566334,-0.0366100998445607,0.04321893343727635,-0.0131746561825387,0.14626090519741455,-0.09048942584819417,0.2644849670150058,0.04287226134247938,0.10028482800924038,0.04533971793788809,0.12959506954871713,-0.2368173242981257,0.20634178165248676,0.10006455074899663,-0.0967645982896788,-0.015288701183650994,0.1858409228882976,-0.05648434705487098,-0.0894341266428815,-0.2639918881493044,-0.1782804035489625,0.12363670984605189,0.09811036140590858,-0.1534961478794772,-0.17787447406712753,-0.2935821404911721,-0.3342446365391419,-0.08781529950356146,-0.36093873392997544,0.14207333953498913,-0.07554130240416441,-0.24326202646358694,-0.4391934111280646,-0.27281846555705247,-0.19034967097622063,0.02977410159434379,-0.07292222127581216,-0.11567043826637459,-0.05606050471201081,-0.22824065312340097,-0.26689930432846243,0.02581816963377161,-0.09646445555760486,-0.049606402519276935,-0.031544974069356094,-0.05377257042435883,0.18782569481680791,-0.07471277747534219,-0.46014467309221074,-0.177147316566481,0.045139691783346224,0.023411399671435462,0.08905553365023415,-0.05058147984511011,0.006495160398916575,-0.1518410769807094,-1.0386941486902244,-0.6357616961911424,0.005022200972163928,-0.9420768367322745,-0.30584008353307834,-0.9640055832618206,-0.7942899334348041,-0.40397314300126524,-0.7210728684773222,-0.9893434063638838,-1.0510626578870679,-1.063320846188578,-1.0688087923414284,-1.1404959845632765,1.0363316633109974,0.15551112684127408,-0.021034168378398718,0.31050531385059305,-0.5373209689079202,0.894250320202576,1.3269320748829752,0.9958458834246109,1.8908645946375957,0.25074569286171233,0.10704896983118614,0.9632410816862709,1.0960846995124833,1.582292301767836,-1.3704366657618767,-0.29306213465626696,0.40748565059159253,-0.09799685862518599,-0.3664105992773852,-1.1280775043415543,-0.9228873349550759,-1.2553207977631522,-0.6451426989035983,-0.41912345200869316,0.9269384664366688,-0.7291491173475376,-0.8020007991205448,-0.3472266528137748,-0.5186559333989981,1.1724996743726048,-0.4414339500536204,-1.0232584869356602,0.11076798225511571,0.07151714632919873,-1.3222476600803708,-1.3820975626646037,1.0806532506943807,-0.08689851276299936,-0.8312020657432831,-0.3626437469413683,1.1135333204691582,0.7690499420573628,-0.5238121671689481,-1.4389914459326594,-0.5303566875622099,-0.5915203588129029,-0.2984634489579961,-1.1352253058521233,-0.8253244081121026,1.3089258024652461,-0.34867825202599323,-0.7938762932533483,-0.45490965597922245,1.984398273768472,-0.581607639192002,-0.5704218446458404,2.2966312461386287,1.2143575733074876,-0.08658648532150803,-0.37935452235621914,0.9666955831778502,2.0224686305946036,-0.07346376358745711,-0.5872868857763639,0.36339587808214807,-0.7372213633137935,0.2089493433842775,-0.44418702574502045,-0.9035143320832839,0.14000104213187436,0.5771989902788955,-0.43266191319446035,-0.7075842074890538,1.7746363336713638,-0.5464660819265424,-0.6392336771564094,-0.7809372728648049,1.2287878364408313,0.5042069033135613,0.2762056856517684,-0.9978770177305699,2.096996015678206,0.060415287615570606,-0.5398194836603393,1,مريان
-0.29199564489163493,0.16439058853558536,-0.07281530203618854,0.2144347828624007,0.32266023841178143,0.11851447202532207,-0.13374115660504543,-0.4396033946007639,-0.08091187948375157,-0.01138440035658141,-0.05188397570888153,0.1897261363792072,0.07447198882640427,0.09974835099120087,-0.2789114379367898,-0.04379366793277092,0.18441958940596653,0.1621978499153442,0.2637471381715085,0.07874025293284008,-0.09261971727730257,-0.3156267536625367,-0.05682415805198785,0.20447130795223575,0.0452882988357465,0.3433986168809354,0.252112437157791,0.21844105341314748,0.05877088428959282,0.08818674259887599,0.13112456431284567,-0.17115126801750777,-0.09551561267154923,0.07488966881901507,-0.039370313793971524,-0.06564232939855683,-0.10618073452217794,-0.064027057166792,0.05861986068971378,-0.08498506550395933,0.05317850905584697,0.15985843772122416,-0.052485579889981024,0.07094411300827505,-0.26793395768926087,0.21435211143365165,0.03420031612644848,0.006274080470785907,0.09603279015472178,0.02158283308719281,-0.08908783331186938,0.17629003276980512,0.08772102717829068,0.02299260308598307,-0.11463353495670323,0.27302303055314253,-0.08137704734520383,-0.03496978503691407,0.06592917528743243,0.19913809219716283,-0.2947391942377603,0.3383139886990932,-0.014237468702674299,-0.14952843895450807,-0.00464256139901173,0.10359706651712304,-0.21270467187120237,-0.09901879563228845,-0.11913408627903178,-0.08024601569481017,0.005587966627954894,0.19357517317647369,-0.026400554014357286,-0.15216872333315917,-0.46180682445263077,-0.30436670130152454,-0.14386830920121865,-0.29051279754875986,0.09843637670461844,-0.03677775193519583,-0.11363006422863497,-0.36629950236957365,-0.13121000254317708,-0.11897793917200487,0.01352992526681174,-0.0323251903391523,0.024969561600515076,0.06284823061762582,-0.11494305327891109,-0.21603602950687464,-0.012586686029888794,0.1120390587661611,0.10896078157511667,0.11501084745979315,-0.08651196133909786,0.1891104481376797,0.02940489454446424,-0.3581428218740238,-0.21723885435813672,-0.0044926540158099285,0.08948424445811003,0.14351158349403423,-0.05942039954956427,0.0003746290293566519,-0.08479515491018157,-1.00950194551176,-0.9899132730183462,0.6085331707280498,-0.23044999882378722,0.26012902496189455,-0.9204471372298656,-0.6374450304825445,-0.35512216107299005,-1.2387707889252717,-0.550264208908783,-1.0733460156024575,-0.6479206278655258,-1.0042314949906406,-0.9001529285326063,1.691806473300133,1.0607434989488993,-0.3080488699865428,1.2354016776319237,-0.5889122805817684,0.7541639710398427,1.5305526767580593,1.5486447555646308,2.374079426662546,-0.5238091789624876,0.11476649252129945,2.090215160985642,0.7620651231236995,1.979749298255533,-1.208402080156557,-1.268757535150904,0.1054802844412709,-0.8298711982207315,-0.7150934075431444,-1.0153220439957538,-0.7345502301824388,-1.2220584351470325,-0.7827778577730633,-0.46614955297318816,0.27846556354135565,-0.5075850374031153,-0.7966163967590575,-0.3722168423692445,0.08991463732000643,1.992241622186535,-0.3448644306885711,-1.116706929844133,-0.6698370400285669,2.4578194969721205,-0.9962902164532517,-1.0742602481215184,1.6289798737638077,0.6730678869962251,-0.38147546500914575,-0.2439764918998129,0.30912907454900707,2.4339735652696914,-0.7072385478116963,-1.2529271362426673,-0.37022878883755095,1.744500472350094,0.15415174944266846,-1.0050790038199182,-1.4401334942715283,2.599312370024005,-0.029749011257923137,-0.6656061228512419,-1.3273979602402195,3.14294850073741,0.9824512644236004,-0.5536453463594642,0.03590817141168238,1.8873103400783542,0.6269971464839569,-0.45058089004878826,-0.48654877610969993,2.666178399222049,-0.1419711159709009,-0.580209874169402,-0.9434295762203276,1.0083964073415317,-0.40726617169859924,-0.8234329786259603,-0.5808269014876285,1.1893958887912561,1.1910423786473927,-0.853778278043187,-1.0148622911242817,2.888530928698544,0.5053007229688199,-0.6531005819897698,-1.5249270664827332,1.6122280294967073,0.8894048868306876,-0.10504415960183404,-1.175999278176998,1.639736157782643,0.5190280310486317,-0.6233723223646621,1,مريان
-0.3863711746133754,0.16354207488298844,0.00135590828462933,0.23811492708077692,0.19962003796054856,0.18114075141952202,-0.14050521754667136,-0.4216154369045826,-0.03440330351968297,0.00470471853822959,-0.08394289522732305,0.16139207985378162,0.06498874505514665,0.1569899896815797,-0.29482789568227263,0.0010247938471675676,0.2635120220994647,0.23811929058767078,0.17166410371307872,0.08763354621838272,-0.15759692006763173,-0.16306125522043502,-0.11075022976979523,0.24997695157476213,0.04511136606310874,0.3138635502479385,0.22922042278964314,0.05622433876170926,-0.051848350466493234,0.11048668775622765,0.08758292757737458,-0.191641457489724,-0.11966309226398077,-0.03817541008662056,-0.028256630426100788,-0.07222219580258486,-0.17796984594287774,-0.06798697171364962,0.04405789811152246,-0.08729571515912489,0.08166283109587791,0.10229198202557303,-0.04052697894632543,-0.07539565817680871,-0.30883819122152223,0.20479107139888225,0.01949905672628192,-0.04864333229393651,0.07270779857956396,-0.02299052259706257,-0.06922560910875145,0.172580482700074,0.12994730866503465,-0.12235077898987723,-0.06052214656896956,0.18080457657608726,-0.03963586594844832,-0.03895099678182362,0.033152568398861305,0.16390762937157535,-0.254940639644302,0.2947007654690595,-0.06025738057781768,-0.1724439870543419,0.07941571635579533,0.1014308270491298,-0.2278908001517712,0.02269514733020306,-0.11589308447364786,-0.099281260038973,-0.13570956249030736,0.2265584193215833,0.06363745470182788,-0.17054635065406965,-0.5003380734964457,-0.27446293109198405,-0.12743705843055828,-0.2942143148836176,-0.03307476390992073,-0.01203466771573367,-0.12591076912464205,-0.2584890243073019,-0.13489080452183058,-0.1313772072902343,0.04586820971840925,0.01384166380585637,-0.04265250977356801,-0.0694316827499713,-0.05657234805944222,-0.24315066550739406,-0.029913873163487054,0.17363688360579155,0.028130721144814037,0.12595052806429216,-0.049598549919850674,0.1815605856165252,0.03156220709088789,-0.3844746157216827,-0.22469956807172858,0.06557981428520715,0.0755215388201394,0.2310253210375173,-0.042648120293525785,-0.050616830573555364,-0.12410925472375686,-1.0739656623304306,-1.0810510887169846,0.6688089673658316,-0.623087161203129,-0.5697314021564448,-1.2365902324860807,-1.0868994968367593,-0.38057950008960983,-1.0162764399585589,0.22245323857196372,-1.1915425115022327,-1.0759300247167534,-0.9233668040129455,-0.8629437866412865,2.580988467148063,1.9002816540472474,0.6838129647809673,2.5844181705337173,1.1560732599862498,1.5704489803815271,1.9105515441641754,2.001216841825506,3.1197326207190548,0.29564682619060817,0.35443628541384736,2.417680714915728,0.7852265571267288,2.035030530849692,-1.0248938912620025,0.16725163754185893,1.042448121324822,-0.1644214139568465,-0.41063344160593596,-1.08977225092296,-0.6738146965294038,-1.6635037720663906,-0.3785739401619706,-0.27731199156664915,0.32667430982688617,-0.32017441108774203,-0.8539325484542617,-0.37701069696090744,-0.5745382367217693,1.2226350258023733,-0.771226389575391,-1.337127721917074,-1.2997874320900682,1.8066803175608122,-0.37502281802053006,-1.6451914139291464,-0.3312750746955902,-0.02351429266278914,-0.7042835049536177,-0.40856976056319505,0.6224468746423281,1.6507094181586424,-0.5578322387017394,-1.52289639650064,-0.21696303322609037,0.5388175823268824,-0.2549406814732468,-0.723128799444012,-0.9504548449125537,1.0164692503803288,-0.16027128638679353,-0.690329810827012,-0.2686594753744814,1.8587437778504368,1.0610845798957622,-0.8797214681953405,0.1268500967935685,0.9007506172630965,-0.6294670704975422,-0.49986737710708634,-1.099415523451543,2.191654492843507,-0.19285627269494357,-0.4374425419973338,-0.759573363157494,-0.40884232613121085,-0.789943388801095,-1.12303407901275,-0.7251636426800256,0.47286416406959986,1.0667149662349622,-0.47776616876893735,0.04858690661626546,2.202388303473467,0.5477560197799537,-0.4895839125040684,-1.4275491500918667,0.3039090891757781,0.3953579787502367,0.018985822020319128,-0.6088197340768619,1.5843889724921614,0.4917071343135328,-0.9576807961015937,1,مريان
0.1289476821905346,-0.0630972898013512,0.07325969165722682,-0.08463928148681474,-0.20281518086355882,0.05799365026836593,0.0692785635089125,-0.0052240467672187,0.011121869184800402,0.10647768464470907,-0.06451260462920806,-0.06357950064675275,-0.17877374703584226,0.27151931282881486,0.08674740265063538,0.1689331928741226,-0.309839342718675,-0.0029124978990237665,-0.14487392388251466,0.12137979662157625,0.11166495813545325,0.24577032506097674,-0.2511644290527633,-0.14898467289819098,-0.08720717194189181,-0.10656974684854219,-0.3270395677920198,0.028362791030353558,-0.02849062464890433,-0.10658236440896779,-0.1517681796543183,0.2548349676084099,-0.06630800571515431,0.0254390697415174,-0.14478850584359146,0.13854174980927583,-0.18836690711890874,0.18017125169822487,0.032078413128350775,-0.17006929333308005,-0.3477012152997932,-0.030516381984156675,-0.03164806717345802,0.05031808147139262,-0.05245703992760516,-0.24237887876489705,-0.09774862578825529,-0.051603108337472024,-0.15814077128933335,0.005414217464118041,-0.055671640401858104,-0.03063546154834042,0.013872499946901711,-0.2128217106955573,-0.0019228228902404773,-0.28383848558036545,-0.023280767144721635,0.2283591124098759,-0.031929687805295474,0.036827580070804423,0.18786108889615125,-0.07814473736806767,-0.07718459370039649,-0.21812919367922398,0.023725618648461403,-0.08302448051961384,0.3052773069370024,0.051622712408950666,0.15571210816576264,0.40412565756739416,-0.13056021945197063,-0.20545510671231343,-0.010638001716104399,0.17211313155266836,0.1019885000090342,0.1555783899569516,0.21333600659804985,0.4335082389147561,0.026637086982682936,-0.013343916730975434,-0.017692831723236716,0.4129462427022956,-0.009745274878012319,-0.05845632374219575,0.02708244166646334,-0.45598899419353733,-0.38854162525273866,-0.16588349018420526,-0.13838672341130728,-0.11511384404004311,-0.3154631127559103,-0.6537380498090405,-0.41745962165129386,-0.31492073553409516,-0.2231540115030228,0.10129767779417348,-0.5984125346701139,-0.6896860409418578,-0.09694942030063931,0.15886017470952365,-0.08632743673856386,0.12450145375507984,-0.05240166281915503,-0.2878741641285306,0.31369055072883045,0.230327321558855,0.13542326530358714,-1.2005635424716803,-1.0622587713214091,-1.2029080507626997,-0.2425193221273745,0.1722235636456714,2.0490510358542644,-0.2911017877524503,-1.2442967495225206,-0.7661382470405683,-0.23995628313549483,-0.6618593347193311,0.20274938729486205,-0.8292408777355089,-0.9627612978432614,0.19329965938758614,-1.1501321222090344,-0.5297828177138343,-1.3674671960548386,-1.3258841643596873,-0.4408578275436884,-0.203126153213394,-0.9863266905979411,-1.1366977311991475,-0.35494553676562557,-1.6194254274022002,-1.1607264947575575,0.40939606372105036,2.000054129013094,-0.206691456580063,0.04935798122025733,0.8721376992607384,-0.0315681222289879,0.7706224977966852,0.1428387744137888,-0.0011162136022314076,0.6153819179921227,0.09864890667335201,1.0572580979243895,-0.8263268964034303,2.778530242593184,0.3611986308519291,-0.44247213200987284,2.2185437262694174,0.35828617111408473,-0.6242239649830253,-0.761352415054385,1.1529630959452677,-1.1014016041789711,-0.8995167267761403,-0.07754893723494378,0.7620670224148797,0.45806946261180836,-1.641620387496255,-0.8529755404217145,0.5337544786560076,-0.6500672838636588,-1.2783628882938092,-0.8836169499638777,0.27754993417389945,0.4939039456910616,-0.5767325652463865,-1.294249624956779,0.07171508949000145,0.7369010686356229,-0.3313893398141118,-0.8472117617118768,0.028299380621524976,0.5425568900753535,0.3771973232465684,0.6639568975943995,0.038743237055952645,-0.19133095734609812,1.336640638715045,-0.5693679122210382,0.30052956290738325,-0.24377078748332587,-1.3005011967142197,-0.9227157120789192,0.2411462140837263,2.876406514510198,-0.8946557536445653,-0.9525788958476982,1.3304776780569392,-0.006456493501122123,1.1668930925627137,-0.5314838353981339,-0.34435407703715015,1.0913125081824513,-0.2757162925454182,-1.5409195333356045,-0.006706209837616368,-0.2972486907283762,0.6958391510869212,-0.9066589601895875,2.8835481555447564,3.114688386708205,0,مريان
0.12545614648101447,0.009856680334033864,0.13176290871422358,-0.011599691641545982,-0.1760461494527071,0.04765677180495837,-0.0267461002200959,0.04091741792926331,-0.02110558846189929,0.17047339886130009,-0.022543911508862507,0.03849835298182887,-0.06766638967462592,0.3150155372261178,0.07343745750712136,0.17073932925987617,-0.3162967206714524,-0.041764133926001305,-0.13898523857092315,0.05592696601104906,0.0751689992438153,0.2483953471584514,-0.08835864194573227,-0.10096604646781655,0.05903504936506787,-0.030338887861371833,-0.2900964101582297,0.10012932897161357,0.04872485467091701,-0.041927790022529235,-0.189992584253106,0.2668614200059807,0.06475771810933954,0.03351616355537769,-0.10261811414063929,0.22983506655000685,-0.0824793974424886,0.16560915620240757,0.03567726794591013,-0.14908984179113519,-0.3871383101067839,-0.10141093261672231,0.08763998098454978,0.23920408752741953,-0.11315639585055853,-0.09480997965713338,-0.056316356447069914,0.10111744932762494,-0.08750538824917918,0.05752037405703935,-0.056841793733369735,-0.015258516810810242,0.06801431359566863,-0.0810423984483978,-0.040624461657216955,-0.1886948656185223,-0.006842683218144825,0.17064192821759475,0.08550084225129222,0.0483828509438834,0.2507308429684081,-0.07533856498717624,0.03125810083972121,-0.1401422736902338,0.026823292039182413,-0.12170760280082442,0.2129732187360263,-0.028292235039544544,0.11082226478088414,0.40106980112559526,-0.019141514205301285,-0.0632163447558327,-0.014162505704905069,0.14671826272038896,0.07683515495701178,0.12641690528573168,0.24406050962024994,0.5300808065223948,-0.06451542546805179,0.13249751608217247,0.14029406375056108,0.4135497123809354,0.12499474442749685,0.021418856054897635,0.12092760782402581,-0.48872119728975794,-0.35851113771454934,-0.0955872942489521,-0.125558916641389,-0.1389650640946986,-0.2453473216925027,-0.42344210810710986,-0.2629835957371535,-0.24459487908060998,-0.08853162947544653,0.15750317798482036,-0.4416336130353554,-0.5267491586759446,0.025041562173403007,0.30910517779389024,-0.024115520055885298,0.24627251868318298,-0.11026845708487762,-0.2576541106107373,0.3321349066912799,-0.2637619997559939,-0.5683472345162133,-1.3562743049352255,-1.3657578150279703,-1.0588682776757907,-0.1254976795720457,-0.10917355593556176,2.3376193096242335,-0.8211810817356492,-0.9680953947218599,-1.0466811820859188,-1.0147631412526315,-1.03314411356045,-0.42002910950027517,-0.6742392779824791,-0.8691391184447972,1.0213012113742688,-1.1164068496096815,-0.24219352612520434,-1.3234199951718504,-1.6843515352669274,-0.3858052138433119,-0.16261189110373275,-1.1269927642326791,-1.0322196277175857,0.36869401845021527,-1.847965432003754,-1.3349723832597462,0.9734425731864249,0.7305631096474863,-0.24731583971257992,0.12766523737169821,0.23835709269348945,-0.025939372163736766,0.1726493091492949,-0.5312674909349827,0.02993200075385514,-0.5495992812731927,0.565920070581862,0.4018545894009374,-0.8418324107694423,2.495224783704094,1.2458011109031444,0.44777389591478406,0.897592637962236,0.29677739306635376,0.6259333198870423,-1.0105328627684127,0.9000326879450794,-1.2767441072155183,0.45222840140021076,1.2652660344831357,0.13927659019302996,0.30036515364768646,0.15497180372303665,-0.8790479434323764,0.30589975668413855,-0.6983211737742544,-0.19911059172460724,-0.6666612840108568,0.5458412142376439,0.07505452237181433,0.9422868099818384,-0.26528495730567514,0.028379450516512302,0.8573391166543421,0.7818843701117819,-0.4248381318359955,-0.15687741645263237,0.6920285948751206,0.8668195274628812,-0.06830382840127584,2.1587198704689534,-0.6775206969174897,0.9117222649383327,0.23610989946559097,0.6955191358893751,-0.07382890787001563,-1.3738644846557535,-0.6668055167713783,-0.31128504340416124,2.405470622007132,-0.86510186734818,-0.3587220169171639,0.7000968963706578,0.3817433252030366,0.6142184742298362,0.7441765816976644,-0.31770499782959105,1.0802461368778944,-0.36132227370946324,-1.1449834087682866,0.17370393483557034,-0.34697643868253947,0.8085092402646382,0.1846785708022439,2.3278795272878874,3.1429543648012968,0,مريان
0.2162892938890034,0.10199379810333851,0.07666048797397264,0.09574504901311474,0.011364603274574845,-0.004700905361090374,0.20365913536930635,0.21107688586126486,-0.019908637928827688,0.22822914446092152,0.1075599191477015,0.1267023797812044,0.05909610385219425,0.31366393455611385,-9.864513155656001e-05,0.14068092033576285,-0.25836998740461437,0.16839565543683485,-0.08356575950981204,0.24869050282736455,0.24069192480338486,0.12755404334323667,0.13838795320143668,0.01171580767873118,0.14473879963681843,0.23636887610874863,-0.22159995505125746,0.19477227980782505,0.04832846645634326,-0.062017960030358026,-0.15706796682149968,0.3458401014387861,0.18639853134285628,-0.02156967330581851,0.05370085149615081,0.2891007174715327,0.11295652970381492,0.20308612778323598,0.05904687912263841,-0.1007180952277118,-0.2216555694341762,-0.11768197016479104,0.24616784222910898,0.301408375152944,-0.08277624982205559,-0.02456873748565185,0.06215380229662175,0.217764401919695,0.06544333599258516,0.07034115474860889,0.19248018371528003,-0.09742652555978566,0.3081493186099669,0.14927797252972333,0.006046769103101369,-0.013417964336058607,0.19109276596725808,0.28507073853856785,0.3317513850482114,0.14169446908543581,0.4425880598608399,-0.20254433690973045,0.06727573542101892,0.05537680491456387,0.13195145266888691,0.08498480177304604,0.23918019894281028,-0.07278089474457589,0.12709602400572126,0.5027832301437642,0.15894092808417146,-0.19935056690145087,0.1833862718767841,0.19332211731387733,0.08016339571772434,0.3450708753526597,0.3983824306894591,0.6669479596233335,-0.23305226111440597,0.4272908948919451,0.372109381047912,0.5500815120854265,0.3288892312021761,0.19696090222803808,0.3293983161344903,-0.3400162625736612,-0.31882835176295576,0.008594299903712181,0.008163679539012196,-0.056340462859571776,-0.04221126079841047,-0.09327894928661781,-0.13738983318569478,-0.037161601271341535,0.025201522560520603,0.34202721058817076,-0.3296278200220734,-0.3560661291002622,0.2066994656538696,0.38994403846051146,0.010705848593539525,0.3459310502308996,0.035951180523026906,-0.14763584511033873,0.3926927456157755,0.39787203360399,-0.7289291685898512,-1.075900593153409,-1.21345920404836,-1.242242476400289,0.1925491878274259,-0.033445170640410395,1.8663055645303208,-0.264296101189447,-1.113224756415671,-1.071834771104937,-0.6437316496298031,-1.099797774939023,-0.39154944538617464,0.19233091690603202,-0.7690030841918035,1.2688711993451767,-1.232606293330676,-0.2845813801121601,-0.7227310747071477,-0.6881326400432398,-0.6121249351597163,-0.13439463412150374,-0.7255307474655524,-0.73181465270559,0.5938949068939937,-1.1102998848548782,-0.3240394212290939,1.1346846682908414,0.8891758035922207,-0.43637649657408273,0.30600804983784846,0.9177334217704729,0.4743110067762541,0.37468631535058095,0.9576193706749824,0.8402645074650474,-0.22966083189069494,0.5988558824940333,1.0325583218049414,-0.26173591743373037,3.07574024531709,0.38012723610594873,-0.44415413753114463,1.5875509191180344,0.3743302683705292,-1.1058938462915284,-0.5619747637545829,0.4461139758338932,-0.9731260029699946,1.095181924104904,0.7364814071036737,0.24650208352267358,0.1316775258342159,-1.877088080208933,-0.8638351150708808,0.6183877622355513,-0.38939416543510597,-0.8231227953340454,-0.47906906237255564,1.1518864618141942,0.5966986397574733,0.09456114274590119,-0.6663013187979236,1.1443336378445519,0.6439329144244945,-0.015036390160352735,-1.3312614436507861,0.43901303275707204,1.0144453086536267,0.12004719720066466,-0.7294354363170855,3.0269410245640476,-0.5044645485040218,0.9476246457310692,0.006436406451698834,2.4427518848052943,0.7796490422381195,-1.3230293172374512,-0.8600037052830349,0.10207072893186564,1.2909487433595461,-0.14890432127061462,-0.9118945554698057,1.4536770242658892,0.4111542443113119,0.8099262177126386,0.8123857567938156,-0.6291360871548802,0.9597150160368153,-0.9600602079232822,-1.854272039088348,0.5555719837126867,-0.1739336980193264,0.09440726943580491,-0.6878415266715898,2.452436111134868,3.032588974710248,0,مريان
0.27615396179422186,0.13481996059821147,0.14801108162359333,0.22574535543324706,0.024315165059858472,0.15114198005916432,0.12953902146289942,0.13580718898469804,0.12079253823439463,0.15396269589372366,0.048530302743962,0.18828449037548253,0.16875708313448778,0.4218863132194075,0.03163095938299349,0.01348706307952642,-0.2696893120983882,0.15899036165177463,-0.03521115362054156,0.25039317370204855,0.23971717857926111,0.08829795070864085,0.07260312610975334,0.061813631989691496,0.16099920216698976,0.11856590706966091,-0.13087387888002602,0.13261482045374473,0.12985743484936266,-0.048951134666018935,-0.2051962031766,0.31800392811276895,0.3854138051418081,-0.03070680206677477,0.08470902811081453,0.3753423290224773,0.12388391035911714,0.23787125018170055,0.04708847473558944,-0.1320540170645157,-0.0896295063190486,-0.2544681261604399,0.2624141282118366,0.4445675550725751,-0.053530058402954855,0.05085525445488871,0.14790006748066958,0.2974313351933107,0.024966480401424563,0.1267459905707443,0.2549058873780368,-0.23045471465543038,0.3281846723275469,0.31595334659496577,-0.049096677531099406,0.14395083717013502,0.24764438769879335,0.37496633995727136,0.2954608547163049,0.15728969402181717,0.5262802124926911,-0.3916575552429347,-0.052576932849303044,0.3040551633271796,-0.03449122309912058,0.17406361359138267,0.24709385366914707,-0.005367043612779635,0.15466558687655563,0.6235176398056202,0.3308977945041194,-0.09355845053355326,0.21911569363491476,0.32676688671189125,0.1832465434747574,0.3157895485050527,0.4071885431984941,0.7327061352534157,-0.44111528854095333,0.6335760785917778,0.38068549530316526,0.4473355748583004,0.2803309357889295,0.13671944566367075,0.49305265616288046,-0.355885383648375,-0.24490749152539554,-0.038470530069528414,0.07549595174432434,0.0026918323038507114,0.09124610065951085,0.01116567098748142,3.9860907066939044e-05,-0.11080493235975394,0.07206162401451893,0.4503462852298013,-0.33049182495968293,-0.28690189398885785,0.24623579704013224,0.4496535476189264,-0.008344431933559235,0.3528048259463387,0.10904110492896406,-0.16242686962565883,0.35701698328664816,0.6072546831215896,-0.7658328965485817,0.5430719323476538,-1.2370125924525988,0.08198726449841938,1.6869649796491286,0.9293341724522041,2.646670651901754,0.3069972074768254,-1.0508520392128997,-0.8702472028698528,2.0600983900633008,-1.0452666088820979,0.57564201469818,0.5360737858663384,-0.6888043123038339,0.19327842857741304,-1.1626134336473728,-0.32766892105896117,-0.8292047093441777,-1.084943853035561,-0.7220136612016211,-0.013782322903003703,-1.0684460606129187,-0.8663076654094853,0.2891906969621784,-1.1036707003472996,-0.36272115705123437,1.286396384133748,0.6866089272022344,0.1393205078522638,0.020554788001549598,1.8208482770647256,1.2522921995134713,1.1932132718592363,1.6812967688942726,3.1108686715500444,-0.5161099173553034,0.5494587080458144,0.43931016217527574,0.26908898527379393,2.185524238857714,1.5503255053674563,-0.3061850237450236,2.3609030642646953,0.4743975735266271,-1.1776687539985926,-1.0489482412543867,0.5940474558752852,-0.4765413459686411,0.2398265146194124,0.49504958126521814,0.5259543499759761,1.9344427172413474,-0.7810802865994791,-0.7433447532493046,0.4693520431902405,-0.5820033063599573,-0.6875266353445585,-1.3892317131586391,1.0831097798072906,0.9123096135833698,1.2542420111809647,-1.1825071816474282,1.534092999440134,2.566404232353018,1.077089973428904,-1.0511845471393153,0.1772966442117445,1.5614997532455268,0.8965727595332699,-0.7188326375308465,3.525654597801982,3.024309378364737,0.19209111117017558,-0.35746647470857695,2.7206986504403656,4.859429343517926,-0.8231339892152113,-0.9763730610366496,0.4995224301949812,1.5851291100217786,-0.8647069716085091,-0.8393815663477187,1.6015350576893554,0.4649941521858786,0.46616766896452694,0.24392352576425722,0.2653581621261693,1.6204675752810935,-0.7750900209739567,-1.8058693726804647,0.6071485062249955,-0.1993398285388385,0.07570550302197965,-0.3178637275386354,2.136532087528636,2.1368686699123183,0,مريان
0.2446442203712185,0.2326089986549483,0.2784389795763059,0.2976611916947058,0.06788450542748779,0.1595236915320823,0.09491291109292553,0.06469419918716555,0.12225358698916086,0.10988346280357715,0.051443891999072594,0.26948976711211964,0.18469230212431273,0.4606196040658701,0.06482842827919322,0.04595203114715002,-0.2669001088828251,0.17889723884167105,-0.026447755730595025,0.1506078352192517,0.24801710759298712,0.056182065615835525,0.03192317738058197,0.07690712190226084,0.2572847599115909,0.16065272178580936,-0.06813728270657138,0.12972147423253505,0.08514952007907532,-0.012575541660651498,-0.23514181767949113,0.24710621608738667,0.4179654331438582,0.03246428999095184,0.10809085024886889,0.35974044268943756,0.18930829472871305,0.2146053630338781,0.06064547848750265,-0.05792838637924506,0.03302096100489663,-0.29605070576907166,0.17922667389079797,0.4288781997723317,0.10196223172030743,0.09457388724151854,0.11387517403408971,0.22085157954831852,0.002115108059277376,0.20489270431584292,0.30953378057328956,-0.27683789759384864,0.21610337274285654,0.26280373594988765,-0.07882304608930511,0.13419716541986992,0.3038480954212382,0.37390655218909347,0.2655843012662972,0.2303677246775393,0.628525162780842,-0.36329004106647633,-0.09552882964498952,0.24590241167644128,-0.03972390044365821,0.13274681055539445,0.27006230397746367,0.1510114440996381,0.13894613073330542,0.7404789240800251,0.4733734630539627,-0.15674431372729145,0.2982839021482294,0.27853665169191205,0.12366448822162433,0.3735863776565578,0.21608380510158964,0.8337292398450121,-0.3971665849093958,0.5189017020817256,0.36792544740377275,0.38505701224127287,0.2715866365276732,0.12417646243599097,0.6893351993124465,-0.3456819770611664,-0.2185088352888172,-0.05336390515717935,0.0008519220144896188,-0.05157041261295786,0.13620190236461258,0.05646228007287852,-0.03100284584850881,-0.07843966430743307,0.184306944236347,0.48983645450435725,-0.29889451692675295,-0.38078261468117297,0.28935228375162625,0.42125404397589516,-0.04806728184891524,0.434895099121648,0.30910209048602927,-0.22580848610838092,0.32793534518552536,0.8708324099423408,-0.9327905022133579,0.8010928480042074,-0.9664860396751478,-1.1330755593872182,0.5100275769349948,0.08991274626798515,5.719329530076643,1.0193708122948892,-1.1742361625914313,-0.9598770757626128,0.8597718529667095,-0.9606217429961404,1.0429588593615058,1.0033516191899832,-0.556295999084575,0.2996393540843466,-0.8254213083705315,-0.43410965576646643,-0.4925457277972784,-0.4052732135800546,-0.1929279130302382,-0.1563202567459518,-0.9603538314177611,-0.7288281179002504,0.4079979544030968,-0.966826827112895,0.19237509826909327,1.8397419335001515,1.1105033166482243,0.9474020726480972,0.380233252865038,0.6151964294112989,2.3401443642840785,1.0314696654591171,2.188819663287131,3.0116758627251157,-0.3562848059128686,2.007811017590957,1.4686869536436618,0.7372444067097278,1.6179990415012604,0.4316201459408769,1.8117596482985274,1.6017278193001014,0.705715731705525,-1.2925444383125606,-0.0735281696572374,0.267804961900226,-0.020308967823669668,-0.3433853177705084,1.510061449017257,0.5583679727914892,2.0653318672137413,-1.7142994946510572,-0.034837592796428306,0.37155261339056983,-0.2882060850005171,-0.2041453081814541,-0.8271832426535033,0.7559451994646593,0.9864132707086541,0.0691785295077463,-0.8597279474121907,1.9343049239334515,3.3822626755794167,0.032291367371861855,-0.08203843587351231,2.087064480516728,1.761686369062789,0.8824667033154443,0.41643784668231104,3.900787839654493,3.5524812015481224,0.7092475620585844,0.6322220896593402,3.9080824344494087,5.353401101342218,-1.1489120167572415,-0.4897300205552946,0.5256291096683073,1.7484744072905696,-1.0098158383953164,-1.081796782583228,1.9869326902442546,0.44552647011773533,1.15382860689373,0.4504416456803195,0.819996128750368,1.698154724908293,-1.0145981791480996,-1.3325822730737924,0.9142218406946221,0.10580057342724863,0.02335237612446157,0.7952495393117808,2.763957662814349,1.7411553858109976,0,مريان
0.24105834475498042,0.23995569851972437,0.27982033298109354,0.3226759386927241,0.04166190033882238,0.08983753926324996,0.08402160683983854,0.026335110033759903,0.17607944604333572,0.06314839942443227,0.07145315842733964,0.19083295916479434,0.30439229063812684,0.47879289527201924,-0.006119045883394369,0.05611875950534731,-0.27617201892080945,0.27275826681010007,-0.021187123655133932,0.2056700745614954,0.25785649130744076,-0.009065200373937732,0.006404436865952447,0.078625623024144,0.1680439791441049,0.20258914582818133,-0.02293514164025768,0.14646065881268786,0.06926011992459144,-0.041252101033458353,-0.3131072263510129,0.24587241989862257,0.36999745621440244,0.04404952682811099,0.10782179690048609,0.3537864499428395,0.19872058649139548,0.2541302611423214,0.12749245739929724,-0.055572030077295866,0.04744851960793133,-0.3283276273748824,0.11149401650473122,0.49112818011463355,0.13710144559107312,0.10444573823733222,0.09761266452063481,0.16532703195112425,-0.04434666400725545,0.20966891036183563,0.22210861132922546,-0.2622217279926269,0.19867311288493578,0.2996765483216281,-0.11208488213725841,0.2642191460309816,0.2541774208178639,0.4148123182070692,0.1692043463767472,0.19764756797622468,0.6031785576834742,-0.4132401798810375,-0.028617126981688935,0.29448531914907783,-0.017775884214783162,0.13658558836134577,0.2988427705808361,0.14046177863420195,0.10752132848773371,0.7153507702222648,0.45231271375654825,-0.12648357172628225,0.4630214272263479,0.24071734491358596,0.17757117627189695,0.35318739824415435,0.12646204024799967,0.9078728371072747,-0.41208184712794144,0.4680937638830397,0.3437472401843945,0.3219945014207495,0.2932785524677985,0.08947335014956087,0.6729620764598603,-0.3650955447821844,-0.1923795703695711,-0.058870378120032686,0.0244339559419748,-0.026841980922681963,0.038673775987218585,0.1516969373891989,-0.013084619644939,-0.11442045194983004,0.20024293333233353,0.47282250219817695,-0.2531570450372583,-0.40041441871714334,0.25455906000346407,0.4361551574543587,0.019192601310137034,0.4007792879039738,0.2505179331738855,-0.10953296145050471,0.34582176690465427,0.4865238817660966,-1.2283729040250027,0.7173168328302952,-1.3626202980637392,-0.44274349209927205,1.273743439920478,0.6925793477709388,3.800885020544003,0.35800756842130455,-0.6380549174591843,-1.0439168768302014,2.7323123908494806,-0.8989301398970666,0.8741443808480279,2.128313507729053,-0.1334831202063443,0.6932720388954161,-0.4818434471480109,-0.5450038302659176,-0.4395766450533964,-0.08081082032000357,1.2264679413522082,-0.053143869795503874,-0.985862352626054,-0.8515309993535334,0.7283969711754782,-0.9312795050086791,0.735118893884691,1.8866718538195666,-0.12648949983058877,1.9092413581579504,0.6278469088303683,0.37128824982880665,2.534223125929287,2.988189835585112,2.755036778989596,4.039958166154596,-1.2391489141772651,2.491101576659754,1.4365676609168518,1.778766701902477,2.4215512248440714,0.447134980843662,0.798241838450693,1.3001886190825447,1.2049356544768517,-1.3753282540615912,-0.750966385359796,0.9412750773760149,-0.2110885167880841,-0.012800984942875463,1.0190449140624587,0.45910529650418724,2.4986092438331884,-1.2117346454772762,-0.5583872154031086,0.22877679055788622,-0.1174275476515574,-1.4245922593659663,-0.8011016673375109,-0.0028432299565061547,1.5166747252773627,-0.402126593960023,-0.7155735928245948,1.7531870162686196,3.348830303218917,-0.4586726677171371,-0.5900149397755088,2.2250906243342876,2.3503197572200456,0.7262853496542852,0.2807370196029753,3.274194805645968,3.7208804589559685,1.2172407305073851,-0.27330196316563754,3.6900611377316226,5.536587744378227,-0.9384881306898661,-1.34520077469018,-0.16789418374846854,1.277693933252542,-0.9879506207359576,-1.1173195325653584,2.091129696184962,-0.047509032539805686,0.38400667971036656,0.13393421853430512,0.8477993715906015,2.095976254599647,-1.0683188536310997,-1.1979268059257324,0.5633903950435447,0.34016801352648063,0.30403398849774704,0.5755290077663412,2.271719578194707,1.9120571796701569,0,مريان
0.17491234473933487,0.28965689722063354,0.2698715067893715,0.3356040031188979,0.07985897560953888,0.07573447875234793,0.12520701851178426,0.06631988008458715,0.20567586009188607,0.018456089715167167,0.04855650444203105,0.2226838752822958,0.2926275943917596,0.5529166772260317,0.08234706557897291,0.0609705856924582,-0.18940091957024105,0.18911428691053392,-0.005642973308734398,0.18690105601026777,0.2733542808547992,0.04111396125357406,-0.014731240500471315,0.07767523405368089,0.1549075322886607,0.12293187016564604,-0.002483150047542442,0.14507279774773524,0.1928907980677172,-0.053010227874978576,-0.338816958062515,0.2168109041385588,0.3842914855552288,0.10826400670157643,0.10040089914616222,0.3559614310848571,0.1535932243161501,0.3191071485611616,0.10410655104572882,-0.09548821595464257,0.08844368356368844,-0.19277071173507615,0.09311980966579855,0.4198755960715578,0.15107738457734649,0.18638397039330226,0.009856473449385596,0.10404223107132594,-0.11818904416836036,0.20729070289033405,0.2423309822295469,-0.3761066068691016,0.28160558794657387,0.25878424085389246,-0.11723272822378578,0.2590247596371808,0.24267661244071054,0.34869412046395487,0.2165693489785707,0.19283315487361916,0.6081029112641237,-0.4310048691145563,-0.035340956781418555,0.3822335940244213,0.007302118791478734,0.1365379784277257,0.31359037380141996,0.17799349492737412,0.06522358481765288,0.7529524461900609,0.43820289702960896,-0.12006215809792245,0.4459433682668563,0.21605808534024937,0.1465067935305635,0.32361281436828493,0.17158750220220115,0.9155507897289701,-0.40213845117543257,0.4544122085484706,0.3791215904751814,0.3828358243129364,0.26870986098223726,0.051327057288147494,0.7104596408556488,-0.4414314987341183,-0.2316857783096409,-0.04019896987284545,-0.03451185180364299,0.005299804737284881,0.03990980345063933,0.14015064224861185,0.0798714375309365,-0.05330021825062562,0.16856085565883522,0.49876772233927286,-0.30736123169874974,-0.3967982329407022,0.2981869565976468,0.42746637542710514,-0.05888537993665593,0.44912052644580414,0.3197405612728396,-0.12606198467874666,0.2958121434339719,0.603074261874495,-1.2062438699653877,0.8608712296667732,-1.122969612827577,-1.0829720475337463,0.5249314166710317,0.7416054403515336,4.383510521802386,0.3963174448651798,-0.7985591736092984,-1.2257537432166807,1.8710949671673776,-1.0334685176314677,0.8429304741833368,2.302182901418641,-0.4824587102555128,1.70595116845698,-0.04777737784167229,-0.2620653342253167,-0.09230200807363445,0.46314223850189645,1.3196302748047974,0.09250433780905275,-0.8429345760907563,-0.652014276037291,0.48841101812392734,-0.6227224574848353,1.7066102520957085,1.777081392326086,0.6096686019726937,1.7156019045005684,0.5657757049610076,-0.1984180746467039,2.6988764931017144,1.7194133158735347,2.5446469341692155,3.911876914575993,-0.823101466479542,1.7278485737263547,1.379140435580395,1.9093719009454804,1.0043999833790522,0.009852664126169842,0.6092600289455311,2.2875700004010353,0.9439126258573031,-1.565846029803738,-0.6117252600960188,3.4248416418197403,0.08648494842681383,0.7262612181700966,0.489288590995907,0.5974495424289016,2.4152609739070168,-1.3891402390228982,-0.7026690286159386,0.44057661072581206,0.09558708888764167,-0.3736061226105964,-0.9427020391875771,0.2904724694305269,1.8930961942363385,-0.17691691489809108,-0.4913268973024217,1.8531942814805906,3.380478037687209,-0.1580349389408723,-0.49040488636035384,3.064498420931899,3.320197248986728,0.5348898674980304,0.07072980644541989,4.2487859692271535,4.003128701780161,-0.057471945516259185,-0.25624418898389545,4.8316028370925785,5.554568958255556,-0.5288990953352837,-0.7912427518650244,0.12364452587421437,0.777531835475584,-0.8370310875208598,-1.074091159864567,3.0080163629836973,0.45368297595153856,0.08423276389847412,0.1170809444242211,1.2969112958894211,2.241231482459419,-1.2041206772856645,-1.0087831320253418,1.1183613800130408,0.8903323936686629,-0.22774869173676757,0.27977309700012576,2.546699005886413,2.0861623248942,0,مريان
0.29888730088626747,0.2609400263262588,0.30300565312330213,0.4134228154813617,0.003555821941293181,0.1106581630374812,0.18707273705384025,0.018709977978723064,0.15921926206715056,-0.02292302653496959,0.11743971089077293,0.2027207978567034,0.20010085325297455,0.43328742251589797,0.0673412744642034,0.11944172588555511,-0.09470243118726086,0.16137166026699792,0.029347277273987032,0.16231743438510463,0.34168100619282654,-0.02635449250344218,-0.13406190599298773,0.11562023849738126,0.2041580217872548,0.01747156824554897,0.0037430324314872004,0.09255398900135098,0.2748719512357426,-0.05572520498548831,-0.38765910693353944,0.29363117895562907,0.3128265201744622,-0.004983189005387038,0.06758901739535315,0.37916340460200687,0.21403005572126718,0.23263754587347543,0.13571041780465765,0.002308694030013508,0.10320071060665395,-0.08036787432023085,0.17548092258125178,0.3378108615823656,0.20002112412150574,0.1802481669378641,-0.11972691188223729,0.1327356613767418,-0.17619790003280567,0.20298631980947798,0.21037891196124284,-0.3788391628166024,0.23953622646178868,0.2922744497995048,-0.26452328339738146,0.2253367578801087,0.33884236710340065,0.3379355115745426,0.2581384385996772,0.23871536647938968,0.6362250896412622,-0.384016924584449,-0.1254264499153747,0.2844536158255386,-0.09627912973434026,0.16141556462592085,0.314739890307878,0.2083269515812406,0.10321113850706384,0.7895525416289554,0.41553259699402767,-0.13422220758254577,0.4009529440796677,0.18426083304436996,0.16438204721369945,0.20148314707936507,0.20700839608358432,0.9196149084682552,-0.4002138908410322,0.4695772310616056,0.420425086989197,0.30175346182205837,0.3722261288243034,0.02168179950670389,0.6948061338373461,-0.44033862065361246,-0.13834324953802613,-0.009511029594172812,-0.02388697888543695,0.05127109752090625,0.043567726551605214,0.20319494333597804,0.13673517507994787,-0.02553900823005651,0.1496052878556672,0.4661461773212084,-0.27881879155807276,-0.4459053473172045,0.2938779506565267,0.3879484330249116,-0.11838661837873267,0.4879132616863977,0.4113078142641875,-0.06639159933613344,0.32497547242252484,1.0696292225903068,-1.201417719424762,1.2169175179154885,-0.8366700457136214,-0.44931531775731065,1.1349454096269436,1.041687549191387,3.8526694048113628,0.11146868110362945,-0.35505049055710425,-1.0812099914231117,3.2955191310374548,-1.0134368574569044,0.8908155782215432,1.4958874204193573,-0.9971160382341864,1.146173775809582,-0.6912156398687228,-1.1291703053516575,-0.4046109468053382,-0.2683097724830219,0.2788583829596625,-0.19669176018290666,-1.0833250765135138,-0.8951238414000974,-0.25924655392001444,-0.6016822187253598,0.6726268777062062,1.3794451365526308,0.8070646113780384,1.3521153591912694,0.47741324750728825,0.47385736418627183,2.707617464035685,3.3933543634050864,3.638633148016708,5.155726815914213,-0.3330353081156803,1.4024510947622135,0.7313480733274006,2.2308613991266344,1.0618554998968872,2.431912984068356,0.7068421356003255,2.5595580421287556,1.3292639289138959,-1.6311364405446307,-0.08676854813955745,2.4798519662695657,0.46440288389994194,0.32682287931660736,0.9421452784984212,1.1100017615013118,2.1257094404076966,-0.4189560005232,-0.23707644644775186,1.0360288846405938,0.1283840725817493,-0.4334048793099112,-0.9432524542279233,-0.9528524656815762,2.3874024747373217,-0.6193474924830059,-0.5852043927392856,2.1598206023407163,3.2216973143780203,-0.3779739236551938,-0.4646545539704673,0.923376135018677,3.11882310977247,2.4091277651368865,-0.3186823457644038,5.625819021296515,3.8395761076851764,-0.021009152743712033,0.17244929308096535,4.683459954344693,5.338135009406096,-0.8130656743623071,-0.8557809161182612,0.17972729865636564,0.9564592237330058,-1.0031307695899492,-1.2197837581167037,2.4527121225137756,0.022158473216673663,0.5338070143367274,-0.32301839762257784,0.8359980592241377,2.3642673976744106,-1.1252804967579162,-0.9760898898534259,2.2234913550162245,0.7437492646380748,0.4549467236078003,0.22728655771006462,1.6155126900114423,3.6840368409362902,0,مريان
0.46426891327744035,0.18832509752413293,0.13951118836300627,0.2768696357801777,0.022589843032060394,0.04027089004619374,0.20731714747614544,0.23398211124251223,0.2207128511396201,-0.058864882644300724,0.15274749912065055,0.19231987908548032,0.17808731822672502,0.30395415804311166,0.04964703078571231,0.1394125729305568,0.05869188328101308,0.1923643482440638,0.10122728822127056,0.17668550543572753,0.322224271440421,-0.07918297941561267,-0.10483509823635936,0.016483527159419413,0.23971199641520435,-0.02422457662388536,0.0598614896200713,0.10538274490879405,0.3544017997465551,0.0067794821172926616,-0.3072477494399663,0.30798295693632716,0.25206671029790595,-0.032046107945625686,0.13831661606564827,0.27853914712729533,0.16207032259071028,0.19029266700542238,0.2678604356452778,0.004256613847180869,0.09421940512392997,-0.10387023845663904,0.13314375694820227,0.3066854805122075,0.13898499588536953,0.1343513567388072,-0.07704079589335282,0.17024667270151878,-0.1368495835270692,0.12296080724395725,0.19983693690167897,-0.404771388846813,0.2571874974581444,0.30109948776586865,-0.24891612968395985,0.2778252633038185,0.3184612982944182,0.3139382250328895,0.21470818611425108,0.18807988189830727,0.6413139534624671,-0.4358913303717734,-0.2073326038823461,0.3159185898611701,-0.05791089694842917,0.1707772202205207,0.26415043307070496,0.20910215272404542,0.2070810057653622,0.8462004705196287,0.37184891675239273,-0.15976169191986034,0.41148039912641204,0.18933454735265554,0.15764905247961372,0.26294731418451145,0.1348160823370649,1.0298228492475276,-0.36595742045580254,0.4048800913370088,0.40492539148619544,0.2640293077675636,0.228144636748819,0.12121944497278503,0.7631988108748804,-0.45192685489497353,-0.1266977944112017,0.04009125656713542,-0.10406122872683486,0.11427553863680441,0.040270181667377454,0.26852833357234485,0.09321241696941544,0.03854464371483552,0.08014697347226334,0.4102536155794979,-0.16785363406604797,-0.3746470552541599,0.25804282685970076,0.37802409961372135,-0.14851001846912004,0.5353708567048372,0.4882917921170441,-0.08573869033439396,0.3860724950283669,0.7207055422126173,-1.0705426811449934,1.3265860984745468,-0.003943401781854715,-0.9357368950983044,0.06713619842376045,0.9448363767015223,4.194844922969742,0.2148131326112341,-0.01177792432019956,-1.0432208814270143,2.026822379840588,-0.8817920463675742,0.6504351248536258,1.5477474220561431,-0.2604372186624146,0.9464893373158165,0.5318667222831079,-0.9894008632984655,-1.267587010608506,-0.7752136263738652,0.5553990001894179,-0.1800706833777656,-1.0895927127009786,-1.1638951340328139,-0.9621213639073217,-1.1364444529021676,0.17605254900391867,1.5873303625069013,1.791332659473711,1.3815955855276285,0.39293664813339907,0.5443480709919291,3.4911268357339633,2.650197715458882,2.3183434332177524,4.446364636547462,0.8405116909192891,0.8722552320811557,1.0703949527381527,2.7731259532565,0.14192187558449568,0.7030720556846748,0.5886880252487094,2.0346766040136868,1.5096622443282235,-1.518737434154408,-0.7717760415792088,3.0953056537062493,0.6212611739313282,0.7580641199795879,0.6671999108673162,0.10404639161243047,2.880888350904699,-0.46668992136987336,-0.18174713678188162,0.45484585148978385,0.030003573974253673,-1.3612145763707464,0.51086243995286,-0.2009948229887892,2.2081174951838185,-0.3831793557921127,-0.7618450526923018,2.8056565984747754,3.247534112814354,1.1729689248354307,-0.4665174802409019,1.8557960299073923,4.130910149947632,2.371183505181147,-0.28729300012308756,5.069109027925775,4.7156455178423355,0.2391554072346036,0.04536606470678345,4.754947850738359,5.871643138554949,-0.9428335187766452,-1.2390840422500187,0.1835375235910704,1.254735115361354,-0.557468332134705,-1.0836382092377286,2.1419454316126485,0.07148017057004992,0.6855738050768146,0.34550963534151496,1.3614818938946214,3.0704378044676393,0.443911789002073,-0.47326771808034673,1.546101896998712,1.0029215610182645,0.5753214846581142,0.555775201062629,1.8702987934870061,4.81505321383435,0,مريان
0.5352264024414468,0.01287217192388899,0.15665005304654858,0.18123941389040926,0.030080662307227973,0.056941318972012676,0.2686517870532521,0.18208414799353165,0.23974470420813615,-0.04665465353336035,0.13621089683057452,0.09084639965834065,0.03814066704307014,0.31693030554136464,0.3130260836404772,0.09712517028424611,-0.10213688778914372,0.2837546344340759,0.14084815062862382,0.25843448199910957,0.41050244308763906,0.05124039752217492,-0.0830917782647616,0.05569746565729143,0.2253110283089781,0.03628006854659477,-0.08939718394821426,0.1649874118745592,0.14803747894370264,-0.01167933220267504,-0.33738399596693947,0.30206967134698265,0.2170612836749351,0.02410531033339507,0.19904638356478915,0.2595237454795786,0.15053860606836117,0.1438996542587576,0.26628397495152634,0.22137176819825974,0.11396383392408631,-0.026471341990765142,0.1870688751767847,0.25476821250673287,0.051986692268174435,0.04657165477972185,-0.12897991948726542,0.13888692431835692,-0.03194098237237471,0.1422840299702484,0.16567983656969257,-0.47857831034777204,0.25267019586964723,0.28410762789646166,-0.19634824388994557,0.35243255612380325,0.332131112591591,0.39471852739415136,0.23201591060378762,0.261079255660685,0.5606730824205688,-0.5144343711278048,-0.27865428761075656,0.323548242348975,-0.06791361515547652,0.18822564729480454,0.4045380349239345,0.2936785727817021,0.2645320699832027,0.7808110325558608,0.3248875519924325,-0.22441168586539917,0.4224308198090653,0.20239423228421086,0.1449323012764642,0.3874401481488493,0.19090297949362728,0.9818089369914101,-0.28101372738999536,0.40058486506238244,0.3828746042973694,0.37823755607651194,0.3156750522150922,0.06175545923577094,0.8118316721316888,-0.3271067968095563,-0.16532383022792962,0.08997499598432937,-0.002858305558221118,0.09501020229720639,0.12171329066436126,0.22489837108359148,0.040369696881136584,0.024372897080966738,0.0769415969309573,0.3999786156026828,-0.22221550868327475,-0.43767628016559385,0.13638470189117738,0.33900854423736176,-0.20563793905656358,0.3972237054002484,0.5935700725301262,-0.22324445055593192,0.4434468122740595,0.8777524258201703,-0.9725611645101819,-0.7937199731782516,-0.3760974702317562,-1.5123669932434238,-0.9742210507771175,-0.2742849695029164,2.4490130156841823,-0.7104659430228142,-0.19137282622090226,-1.326167055543715,0.0080912137050869,-0.8981297589154029,-0.4568891138734705,0.9506966606591322,-0.648622847983465,0.7522728764794516,0.3514798227264617,-1.2920451710007756,-1.366699735022149,-1.1007289779817464,1.0926365508916174,-0.321374104069065,-1.4141835793896318,-1.1641156700709556,-0.9054117509480334,-0.6862387837316963,-0.39107169733541514,1.440546573769578,2.122785202865337,1.6625623943853016,1.100185786753846,0.30934382615562267,2.318001133494025,4.2442775632428615,2.252803990756986,3.1761038714462124,0.2813642462463564,1.099770299627347,1.4909967082781943,2.559783684900255,1.5495320770325738,0.2640030901824626,0.6201175218447402,3.130596426753917,2.3530384442798535,-1.4162555786087292,-0.8921153771404086,3.3102511091401605,2.734931137158477,-0.013306237106514468,0.9122647424477699,0.9283756108100167,3.6651369720988787,-0.4946933558200328,0.378059763854366,0.4725346741560009,0.6759109950711285,-0.7197806794734577,-0.1475227673540285,-0.7954539617083672,2.341468812472161,-1.2186571136885256,-1.1325304757976473,2.663142890397863,3.1049471413183776,-0.21491773286495186,-0.7464076969826592,1.6798158620931531,3.9396083384792444,1.6354628648775007,0.28092375885743714,3.4142665566806785,5.149503255692573,-0.4725449971493487,0.7598171343270834,5.031719752018335,6.1256512724226235,-0.983427562224138,-1.2117012113173178,0.6116030648905252,1.366533435701583,-1.0439208445196309,-1.3316639149997447,2.2105878819724225,-0.25495523512945056,0.10388358108632648,-0.008724809795811318,1.130352882603223,4.350713245172299,-0.9505514774071281,-0.3539032021540116,2.3093733976457327,1.1409024111486972,-0.03638806741751108,0.15918588906694892,0.9131606447874747,6.072090636203653,0,مريان
0.46786505763012676,-0.0886058675202485,0.1548988374718043,0.12707342476057243,-0.10996959486861886,0.007497068322126663,0.14998586268773711,0.07920649512168158,0.2821292469995771,-0.004752718950384405,0.09812708144108755,0.005515676028374213,-0.11229154597366575,0.30322318968370454,0.36223732870661024,0.09039276901060295,-0.14865197161243757,0.24049148141722929,0.10323642486090788,0.2220353571391269,0.24105560336022588,0.08003416553228698,-0.12733841162023637,-0.009038644281474148,0.18212324649690614,-0.006985779441155968,-0.13611333441676515,0.12028205181823712,0.04515599829374329,0.09305622310616359,-0.24623355462021332,0.3228283021797165,0.1779210962107585,0.03569533634276253,0.06762559532179722,0.244710558977488,-0.017638352369528574,0.1853959210137288,0.15234511824034266,0.2989588077081137,0.01653173536467002,-0.06295350480371595,0.12632552563264168,0.2564637151747969,0.009715160978047685,0.11633702106645079,-0.2505322853102024,0.1190694594866513,-0.1185753195876368,0.1129225205010129,0.07568660517136246,-0.5596115159112971,0.1619182817090698,0.13738407427912244,-0.14740006049345164,0.3070106826195434,0.27633387895525846,0.36738861758454733,0.10595156141513598,0.18398826898152934,0.4548638763772771,-0.4156644684102841,-0.38740024503331927,0.349036133049008,-0.18586437166990483,0.006317205456916815,0.34386263731626854,0.28200150761118997,0.14369909863864785,0.8169736286593159,0.19741141186980432,-0.13704478333886103,0.3185419419351952,0.09829967936165931,0.08383772396487732,0.20909055212311198,0.11243673948207958,0.8652590562382475,-0.17773911608740234,0.34640284801695176,0.1596165995904121,0.28526803726495076,0.17958664198935084,0.010641508676469378,0.7652228547895022,-0.38071559474682376,-0.18304846336472394,0.02233002629061994,-0.0017694106611397997,0.1743939172087627,-0.0060212684589237755,0.12664915284122358,-0.041737567199547757,-0.0443158289633956,0.020960509349325553,0.31501412853082883,-0.2479523664686334,-0.48295946786586885,-0.004813905702825302,0.290129570135036,-0.3117052071380283,0.32392440780605797,0.5389863921520454,-0.37340430951369763,0.39404515525971046,0.014817598207298123,-0.8323538322840154,-0.50467986388674,0.24122726008026604,-1.5078387902828245,-0.7882165064720825,0.5630731024747585,0.910016516813395,-0.47266978499808004,-0.18876794722520396,-1.1555617610836786,0.3830387783073227,-0.7855715294156588,-0.7428098246980276,0.7796501453164834,-0.48802355919868695,0.6124984904789844,0.38958614643492756,-0.8940032920449864,-1.407615320790421,-0.9911779466815603,1.0389687184109586,-0.48858155352695226,-1.3771287641043717,-0.9707023390658842,-1.1798429518638407,-0.34217867331312984,-0.07219162154083868,1.887485301415096,2.5619315666910225,0.9820850068469172,0.16353841407358713,0.6022674017214451,2.247762035188517,4.196551212182369,0.8204286122961153,2.8231945112631593,0.4910088728214811,-0.006788440594073782,1.596598649327977,2.220782980281403,1.5791136934106147,1.0571711922028364,0.33452325918431036,2.903833216778748,2.64245283879713,-0.8488558009322736,0.04388219890347342,2.83107618672934,2.383902779879276,0.13883536185726253,0.36502457930463666,0.7252710438139514,3.6544350143308355,0.6291996482617763,0.18348026018920235,0.9544802298775857,0.5826084922015706,-1.1866154730175527,-0.7910096004899022,-1.4543098664162188,2.2628433963456462,-0.9457525811462739,-0.4820503913363181,1.8231844997830937,3.2471993453353263,0.41478072428751467,0.6417429893122171,0.6958406126860697,3.7977770109981637,2.6914557903713456,0.03420597039962043,2.987908352329577,5.170455552569232,1.298564122619065,0.10511721334164546,3.5951186108919284,5.638650668935699,-0.795954243509765,-1.0888139311674159,-0.0277375611243198,1.6047428038116585,-0.927498281119528,-0.12025709925693752,1.9629564100883286,0.2266407000376992,-0.6440626576945475,0.2952796776722626,1.5258896008676757,5.49490421437429,-0.8703652715084884,-0.4146478458619398,2.1994053894338843,1.2573080868142703,-0.5159672562961927,0.3011478471112337,1.1438679609097147,6.384616220254548,0,مريان
-0.33991329488898686,-0.16568807807567523,0.014252397714012464,-0.07703748602039337,0.05213899734248604,0.07245376746896029,-0.23970388715920724,-0.41672736207664934,-0.13983495514338332,-0.03259323676535344,-0.052156887943906535,0.24814647830042616,-0.08340294155872836,-0.1792113928595921,-0.18873134707689304,-0.13481484242821834,-0.18366330943360273,0.07586022213159421,-0.1419743846852629,-0.1110445999601922,-0.2120889879049896,-0.12320866221894022,-0.02273617264133552,0.10394202677973872,-0.18819714563519505,0.17523182340780952,-0.1253262041060387,-0.12184023016525829,-0.30771862544300416,-0.0741915432888839,-0.19419399560002526,-0.14046182976485322,-0.1178676610898129,0.02654856840525298,-0.08690462272943326,0.00394174676568466,0.07945490433923257,-0.07033951814380446,0.22751223587701178,0.032908385678476794,-0.07372741770218634,0.050501548763442476,-0.1823142286715006,-0.10030451839332817,-0.3060919585779265,-0.17944079600222418,-0.027793151386970694,-0.09637134697433021,-0.1418418888991967,-0.05964399946661615,0.007535455055319679,0.3097432421750435,-0.19397694401082036,-0.09817611274211005,0.2742903656931025,0.049338360218944825,0.10086958888795555,-0.04208476586135937,-0.06914386717067274,-0.10912206559888456,-0.02021450030818824,-0.021630072721945493,0.009287432820443234,0.36387273947463933,0.26987027557736254,0.21709678587479436,-0.36361334900233766,0.039115179967839135,-0.14868752642305444,0.23696538755582733,0.26904882489425624,0.21723071643446337,0.15612047912777022,-0.14137404843675375,0.2894588029483148,-0.07147490950919722,0.11235521752519403,-0.386926059780646,-0.04855399596088445,-0.12237782949407253,-0.013648900008752084,-0.2355928859567828,-0.03631169106866666,-0.24779102014893614,0.004791828195117197,0.317786175144358,-0.0012727686932752626,-0.3402349498770005,-0.23632569170820755,-0.36880312267360765,0.039967252959093286,0.060090316822383236,-0.24237658103494755,0.19419029842841978,-0.10990380204677369,0.2578643610259047,-0.07301147957443742,0.41340998895985004,-0.16640949102429048,0.10158210780975718,-0.13949340370308347,0.0829197896733587,0.03876437422420643,0.09097942714906108,0.06829389045182772,-0.13435819200236174,-0.6210297373068404,0.4429940416759873,0.809477837825336,3.046372393081548,1.9238179333648715,0.3001998289347177,-0.16910184590780172,1.6079397065530352,0.9706742555378977,1.2647701655967147,3.476037877801121,0.46854661362296884,1.6655311696754738,0.6363930078309246,0.9217929693644638,-0.7328728620909903,-0.18928948762200803,-0.0013472693066230459,0.16830551574511554,-0.20757523221235488,0.6279030627501243,1.479682875727438,-0.5386506730866899,0.30063853158372206,0.5908426984853955,0.5346796003926364,1.013584883948058,-0.6158442037281878,-1.003042220183028,0.8917997400106475,0.028486702841056467,-1.5960660782612257,0.09494385005581747,1.400889451519745,-0.13426426605197045,-0.05031361175593647,0.3876970782645639,0.39500343061034626,0.520967516581863,0.5525961233997462,0.3195931055612122,-0.7233898837832832,1.0128207130471854,-0.5139969499746682,-0.5363904288875747,-0.6972742668032083,-0.5080915035309077,-0.9277531217151196,-0.13908691231230344,-0.7437906172343413,0.37115269984833404,-0.022633408119173463,0.06845316812984988,1.196877250971344,-0.007834060171822843,-0.2986724746334305,-0.20396394564535575,2.4116128932582095,-0.6545356255360701,-0.8174445335310108,-0.5372303774833392,0.8688423268958679,0.6036351604324597,-0.10201140055633334,-0.1926518455174189,0.14464188634753056,0.3410786880671276,-0.25433505934876705,-0.5174241423156287,-0.8772732044326272,0.28226444588800353,-0.8157259087742644,-0.9931584608621519,-0.025446937095888925,2.188234597895873,-0.5608030129811014,-0.634956459926791,-0.3482922715386087,-0.23362750413719877,-0.158211136142002,-0.05314593530669337,-0.02587292818276688,0.839707593211793,-0.30545731103157064,-0.1085053880137125,0.16399059469875704,2.1793391788322487,0.26977308517305404,-0.6352585881322389,0.7932950204633558,0.5804673035959889,-0.4564226317292551,-0.4787902867591187,0.8045900310624896,1.8989413076279522,-0.1857738918014069,-0.8361050362234806,2,مريان
-0.398693098175648,-0.20017434620175412,-0.016441633986297232,-0.04088337702350969,-0.12251697556854683,0.049874574960742206,-0.11092385749054097,-0.461207635680005,-0.1229351667816622,-0.04420848961991598,0.008498556415741307,0.19313796243347744,-0.1259575269929902,-0.19754619496242523,-0.14198981898747523,-0.15391350249028019,-0.20635057713050925,0.16033059313581854,-0.15965815757494728,-0.08842486015819262,-0.22683462336743873,-0.1874321702353251,0.03259265538799218,0.06134875641561489,-0.27132350329621785,0.10921550541748015,-0.13054978078976673,-0.20673967056333936,-0.3304527001585799,-0.13490184553034926,-0.12755170981604974,-0.23179422350011547,-0.1596001681185497,0.014728832504075633,-0.05184189861635806,0.06322505703334984,0.029333061519328803,-0.06593665391080404,0.31094774720311946,0.04575307661166042,-0.00910074786895676,0.0781693224950962,-0.18103585269098668,-0.19084620668408114,-0.21785945760515205,-0.14963639652992647,-0.09044408782261995,-0.1520936059535174,-0.07019613015516896,-0.06772248204018169,-0.11498241767546402,0.4075016179590633,-0.2372823695907038,-0.15274005292164006,0.14978236229871308,0.029864993695417157,0.04966308170782614,0.04231821911405446,0.002308800964819943,-0.17849950619502072,-0.06403383499841271,0.07944085753837647,0.03375135135204206,0.21043135273098162,0.3577248112851242,0.0841704138611912,-0.4455865673273836,0.057080159793604174,-0.23775427775715471,0.05464842311320898,0.2461621153320277,0.14156665664642354,0.10724356912580259,-0.14788256867425556,0.3833802332156359,-0.12148544031869378,0.11982935690878038,-0.45702115774587276,-0.0010748837036239941,-0.1448976566579798,-0.011282096042169525,-0.19641126379917356,-0.08752008917076283,-0.22676777260601444,4.408713001840768e-05,0.3210212379040809,-0.06843989010294481,-0.4628300383866328,-0.2238751320408766,-0.3892420043767292,0.008710539462506502,0.0932032138387267,-0.24069590865284074,0.08683047739486478,-0.08821384326977343,0.1803690436362286,-0.2288957135538728,0.4025765512867193,-0.18831565161191927,0.08203988943334839,-0.06621811722845648,0.07925068613091465,-0.030796485200296247,0.1075400454885413,0.03409176697878159,0.22330145092443968,-0.23323602375282346,0.4282990045079681,1.6346431968443866,2.2113331348792453,1.680613937649392,-0.06662941677111578,-0.32371102643285404,1.7173020106408083,0.5986860366134178,1.412988373401795,2.129648499580414,0.9912854426694466,1.3729174311820627,1.4136114407813047,0.49729339880583334,-0.06661222570638671,-0.2777246004125553,0.5847904413728805,1.2719659831969128,0.8091528506741702,0.6721338854895073,2.034524461494233,-0.4646096516690003,0.8750774670045814,1.5599047101382142,0.9983301298610717,1.94092707026714,-0.9488940922496367,-1.0831633384415775,0.32834655280448605,0.3620586356397543,-1.7008238008636267,-0.2344415561336915,0.05646250985441141,-0.8157014330897632,-0.20803848996299934,0.23722925785403648,0.32067146269513636,0.31198662802218213,-0.08313860484305811,-0.2052345217238232,-0.0009709348371428073,0.6333181201525322,-0.7384793221055078,-0.3566546322393675,-0.5312331686941782,-0.08005247990617771,0.1577664608937271,-0.3633152034793548,1.3023818948493588,-0.46446969951655964,-0.4128634284966792,-0.5971549217524783,-0.12639492749363007,0.18033158468246804,0.35910675082510685,-0.4719853106554943,1.8961259521857674,-0.7580841427673142,-1.2734714959527842,-0.8868203396100295,0.6819870340002321,0.370905108852349,-0.18766799973081338,-0.23416862841045116,0.04624624684913787,-0.18076176434398897,0.7542932285248909,-1.0127848415083973,-0.07549284789283454,0.1760997645249185,-0.7123208383300731,-0.9738116288104725,-0.4632557598838405,2.5169490922766053,-0.7243018460781323,-0.6051762281468188,0.4174798145134461,-0.10005535738054337,-0.6404043618270516,-0.22046786479639205,0.44046540542250906,0.37366158590855536,-0.22498528071951657,-0.8318400955740834,1.5826736341935985,1.846455244544419,-0.034526850677766945,-0.6096507228431471,0.15785403623441283,0.3400881982429606,-0.5090672025356852,-0.789907933430724,1.8089142961642646,1.5621591971649282,1.4354656982676535,-1.0166844857422002,2,مريان
-0.38447420392407866,-0.13504814865804005,0.037440687505780224,-0.14263751325405374,-0.09167393890536533,0.023026997017365974,-0.049493793002623854,-0.4938714539079056,-0.0902907905505458,-0.09986184860005276,0.003016817045848573,0.1794921353481502,-0.093452041421411,-0.26403767804774814,-0.10276104033044843,-0.17930865447121042,-0.19368311107706004,0.21215924641771902,-0.21511765417177264,-0.22442619412471732,-0.19981141819004386,-0.2062516654736167,-0.019926898295846054,0.018162252964405663,-0.31502075138482716,-0.06677259339107898,-0.1999494475194332,-0.1937298726958779,-0.26593821718032046,-0.11295089716719409,-0.08152842887332039,-0.17347328421486483,-0.11016887219309184,-0.04698450134397646,-0.1201738217848249,0.09755548468993822,0.02757382072922121,-0.03402288945184536,0.26945690044916343,0.0471851865519515,-0.07880706908270282,0.05885724422444683,-0.03737282611077701,-0.17199437858704808,-0.15619244016595016,-0.14058099107126254,-0.053957477877268005,-0.07791890134167234,-0.10523982756203953,0.024969764645773784,-0.11138295973751416,0.34179424943946723,0.015474158028150931,-0.223562337663336,0.11073104999537814,-0.024116463563291377,-0.13426865243719235,0.034307582650983395,-0.0183173524774352,-0.07028714378574574,-0.14012227872743951,0.1850083713187655,-0.022183632545542415,0.2046697476997682,0.41434161509227996,0.09230104560707654,-0.3229920311411049,0.07624398651535899,-0.2244733284408631,-0.16823940944605636,0.3002326457561152,0.04490383623182337,0.09725774229080349,-0.11349426499202296,0.1979647049637957,-0.09640630434814239,0.007607058029184339,-0.4822181175398531,0.1909711532364674,-0.06298265181637121,0.03837734884313204,-0.24480919069275153,-0.11298620386712473,-0.2001860349717865,-0.06818592528704309,0.32266371584457276,-0.0026959626280623735,-0.5018800835515479,-0.18368489825369855,-0.4405966197945808,0.008411723276511419,0.18136137736414312,-0.1863029449007991,0.016940961584273214,0.0158889266128615,0.16104393076978168,-0.15718935917698898,0.38584597485383265,-0.12669387276649272,-0.0038252787613325605,0.008189988757542092,0.14557887530963715,0.04099915029209925,0.04237063144137623,-0.04492281817198047,0.005760561504101178,-0.4251275992587056,-0.17048049246583014,0.7186614704074642,1.2719457548783775,1.4105988948223194,-0.06986418235772557,-1.1221340287369939,-0.059244528354061785,-0.07825409637434029,1.2596987180778956,1.2928095489823148,0.8806128325411658,1.7063130406650506,1.0273445394923617,1.429605126940083,-0.44386246855094047,-0.06030839736352169,0.9835842961594319,0.6613509649023447,0.2906435766629073,0.7973558797221868,1.9502547463088802,-0.40901095007797494,0.4764863390887601,1.323776887291297,0.47928769342118965,1.2718119233617164,-1.5375654977101407,-0.8234169782289998,-0.22547802881480372,0.47959938010397263,-0.9982427649157384,-0.3022292100568931,0.21918204496123414,-1.4626735827359472,-0.3096396822146029,0.25795042079181985,0.4329340893532634,0.6410464553852088,-0.22771027240111605,-0.16224974208533835,0.012130463137140524,0.3318974345838699,-0.5255816876104047,-0.17968863986022837,-0.5522562663874852,0.23912078907970277,0.04061932925012109,0.11449073656766379,0.1387008492587319,-0.3701337352335168,-0.2528115800837315,-0.8600125737961718,0.6013426093794778,-0.03232265284186744,0.1415722341462838,-0.5274910868158064,2.7255612384394166,-0.4918226536383295,-1.0425966367877695,-0.8845958164380926,1.9989346548577098,0.219839261833294,-0.7520704782521395,-0.2613540432940132,-0.5016812366797833,0.01981631795680459,-0.2954442966872084,-0.836835652307038,0.1628917406788018,0.13915949976055822,-1.3405766665994165,-1.1013197624515123,2.4855517418998527,2.09221378212021,-0.7204622699397952,-0.7025438030004443,-0.5542078727309774,0.5031439698586034,-0.6281447820672172,-0.23886385041655323,0.887261191491372,0.5458533748347307,-0.3629746701697768,-0.6517740184059962,2.684612308007787,1.413898569221165,-0.8985974068631025,-0.49321860667528533,0.7480166076633995,0.973137090913531,-0.8030543103258929,-0.6902652934752643,1.1887108992151403,1.48298606311883,0.5197089677533172,-1.7463684352491402,2,مريان
-0.32058608730047106,-0.07566988162147525,-0.0028386674224498746,-0.12676138979504764,-0.04488338839530173,-0.053097713391099206,-0.061611817093976,-0.3290349430957752,-0.07167029737468775,-0.025986405626723684,-0.12104814136829226,0.2504827800015319,0.04129573101506556,-0.13277040457142827,-0.06131114499295924,-0.2224889777726142,-0.08860678317729788,0.22766265657665652,-0.2175818384590865,-0.28748655542940715,-0.11110470703610917,-0.18545872487672016,-0.004079270720722425,0.03180162909515898,-0.20563607323372513,-0.0466908688341358,-0.17187309251384028,-0.2189933713270958,-0.13418345728870978,-0.06065030623922081,-0.13936867366214836,-0.2514822932259764,-0.08369707224896239,-0.08890994625599648,-0.15600276315936878,0.08786612449846275,0.007696014115370207,-0.06473018189894393,0.25924666503597715,-0.03447990018084556,-0.022543547442718654,-0.060236788034331294,-0.1020651595691017,-0.07868110203131427,-0.1660491274286152,-0.22165447742636413,0.05538827787621489,-0.09033182180519518,-0.12726300825484774,0.0150049426494782,-0.04208577824657368,0.2582258195473834,-0.10494395942180504,-0.09564971516820962,0.06606656996224486,-0.0924750383005133,-0.09712811020953664,0.0988191355755905,0.03829337742598681,-0.1389385368107979,0.009737462884394005,0.002876718974733904,0.2147247713312206,0.004712108907237561,0.40014648112678636,0.08843998130393224,-0.16916981592227337,0.054904249642736776,-0.25597252677784915,0.09337026911872105,-0.005988417156612741,0.30036911432251484,0.12563125470029912,-0.1764039665768004,-0.10164909525386427,0.03481780366041585,0.13435613853989348,-0.3902525840113413,0.35442679967683816,0.04550161965019411,0.11525505522236354,-0.10312170011219633,-0.09484162325908879,-0.2156389302964267,-0.18017068599527322,0.29762535916756677,0.013607444898969225,-0.36519932384889503,-0.1462199136136382,-0.4095027300092626,-0.030034445898795375,0.15243714949552445,-0.14497504387159946,0.002153480940880336,-0.002762215925614773,0.1750124094851574,-0.08296219983009742,0.3597984390356744,0.02287823111959215,0.0027784262819247813,0.061804453476121124,0.11186125613303312,0.14494999287833113,0.018582788523712226,-0.05859907602026974,-0.1682375011243923,0.31434850992312735,-0.7024125341655348,1.7909069467860794,-0.554755614719269,-1.0139527781615483,-1.046693765716118,-0.9762207277657429,-0.777448131084089,-0.37682872220811786,0.3520327934174221,-0.924444278689702,1.081616868834209,0.2417047874120611,1.1098296384959114,0.6989891521242233,-0.12970141455835163,-0.32303802872790416,1.6283122767396414,1.036136033026285,0.5232949783903972,0.4556234472368527,1.8903081287050039,-0.7200646610764553,0.48594306448225455,1.8663308776683214,0.4895606039512997,1.7664958265821231,-1.0595958578021862,0.4011536488305535,-0.8785685232162119,0.32936647159045596,-0.7210991280317242,-0.26970542626308697,0.26049061780123234,-1.3100609296052557,-0.2492260308169218,0.32303911633202814,0.24863301966235102,0.15678304476550486,0.1983175286582015,-0.0921397526769072,0.08228693262750157,0.8937688134796117,-0.979193727579606,-0.07194764356270741,-0.5592731003829386,0.33405660956075534,0.01644290163000128,0.3001902631151638,-0.3211492856540873,0.8963506507339257,-0.6547939408093784,-0.5667893930353661,-0.2528808316220538,0.9108504792336647,-0.33794552968388825,-0.7637140714894171,2.5999507580426537,-0.48202290504412104,-0.6585153492765382,-0.9842263960519427,2.9363580701958756,0.32038387985102806,-0.6160104236228771,-0.09661933371033192,1.042332680494432,1.3441237395401529,-0.820227525124218,-0.2392437322650453,-0.604795090213679,0.36385476724506927,-1.5332171943131054,-1.1793637929010488,1.1508380533355385,2.26011851663504,-0.5753086144425088,-0.7267189234648973,-0.6294707735822741,0.032500928551011644,-0.5026398527094531,-0.5314028336215876,2.1609669030576875,0.6432765770013626,0.026724030229924135,-0.9138233883349055,0.9216638855755713,1.9033942966150887,-1.164798159419037,-0.15814764732144232,3.26029124934057,0.1796761634369116,-1.1664513342955247,-0.43232231734889176,1.0956818066986653,1.829992497831916,-0.23281472939379233,-1.7223305835608669,2,مريان
-0.24546946546473247,-0.002528725218769908,-0.20774238128065745,-0.040699949084801124,-0.015458345684010307,-0.0357421680166867,-0.00453703275892075,-0.2710858340994768,-0.07149215491295893,0.0011723988953574625,-0.12317130271790545,0.3956000642626647,0.042915072369405415,-0.09531711399963672,0.00883060780965174,-0.4248115677931661,0.00942425126211112,0.2053669893007592,-0.25926300349697406,-0.33221872005023395,-0.06288296621673471,-0.14582780179327803,0.019097333802395578,0.04730969340969962,-0.0691737945121875,-0.05708634451900328,-0.08525911182689956,-0.04886606147472176,-0.29259379112951867,-0.14842263916384874,-0.27967416021886904,-0.4648462774326072,-0.02740658973895756,-0.13006806585693187,-0.22148612406920667,0.05107676434302573,-0.3313087522267067,-0.057240606036585255,0.1674209503633495,-0.022430726879757147,-0.024291237233064106,0.02748809266890165,0.004149369936296506,-0.056042087604710286,-0.12355191724735105,-0.11911715718958266,0.03706387445376196,-0.04892170247486972,-0.014657432453424367,0.07101354597949511,-0.0063801279061714055,0.2117015783834229,-0.049160878687746816,0.09091362596545674,0.07207075700949876,-0.12431525706648734,-0.07237164583591331,0.15158097360444825,0.06172935113271287,-0.18958872038055027,0.007636866521952797,0.19391955692338836,0.23966896329237145,-0.13180353560437486,0.2571221619524202,0.10642607713173488,0.0014083453146061225,-0.013095739688693141,-0.26180976402521866,0.23988219743624173,-0.03860565818339722,0.22556118765036476,0.030706156853805993,-0.0916268875342032,0.021980784332639194,0.01950700720634547,0.06334127199388763,-0.4249106750843993,0.574184168560171,0.24325833105528255,0.14203130066753358,-0.2665513382956407,0.02519143030162385,-0.2575716612439483,-0.15605054756192815,0.33556056154633385,0.01021947822807867,-0.24920715583838013,-0.0009714123364231797,-0.34307046164431154,-0.06544665848389421,0.18674438989025763,-0.09062506033561803,0.053447252922151016,0.10700740708860061,0.17491529127989178,-0.09838987877614853,0.30152397757130317,0.09081664576428561,0.03624962167393094,0.009069418110144748,0.18402406727512993,0.2113466248724132,0.10216322163477828,-0.011497711599311263,-0.2975992965367454,0.04906442263016621,-1.492354960348161,1.1722409883631966,-0.26820537528485827,-0.7467241035098642,-0.8274695916643723,0.36485161631365265,-0.49105899909245104,-0.6255987884991989,0.8247872012822032,-1.1758534051423448,1.7442911271782757,0.7689845780697944,1.2005785433534797,1.3877217233380856,1.3960831395655755,0.7877515091921754,1.427497579633261,0.5376312883841844,0.2743248764365731,0.44244926229108333,2.6346974110612122,-0.6458676419577752,0.1192480765592056,1.567402013584514,-0.16651517656962553,1.5250249053948262,-0.7392379379390654,-0.9680815298176979,-0.5988403381095635,0.7672847284055276,-0.7018420853901601,0.1693786199809616,0.28348625703764097,-0.6960090726292427,-0.5398684249351415,0.512718620348249,-0.18068336637289595,0.2437044155082597,0.2144184206769861,-0.12904706095921614,1.162754412523687,0.19249465657085846,-0.42419522758385625,0.3508733584651884,-0.2965533908980431,0.3272515344884079,1.666452486051471,0.6574375701995963,2.176337471683527,0.18874287043356114,-1.2112542607063563,-0.3692808403365286,0.4080885165942543,-0.029315807349792264,-0.3352076274385848,-1.0456929928900507,2.92833350622971,0.28833289944434853,-0.718765258717754,-1.1926566136958612,3.314390413183268,1.2707502511100124,-0.46761109850881455,-0.17949614429252536,2.084975808374163,1.5809049184785493,-0.6347321695001741,-0.26878503567969264,2.398807963754694,-0.30136118100375486,-1.1601875755679434,-1.3096950467362292,2.1606082635548605,1.2554804073712829,-0.6886896336142899,-0.7073750475413033,-1.1596065716774653,0.4612423588534782,-0.4675212177246358,-1.0104090944970874,1.5706680721550985,0.4619601961878767,-0.08890324254716063,-0.6663030419620762,1.6322890917256838,1.1277853633229677,-1.6008130190392456,0.07244020280143489,1.188564397834368,0.9305201692270003,-0.8935568956645475,-0.04568279859480376,4.302430727305039,1.706451676010339,-0.5086546892869616,-2.0123886524136334,2,مريان
-0.20535625159203175,0.1259560653720117,-0.31180020365741606,-0.09081808537795863,-0.08690861826649383,-0.06731832057200517,-0.05410305515640132,-0.2830747797438398,-0.09001391388757267,0.06537475856386717,-0.008827060910429398,0.3604061120748638,0.07058336845983026,0.012084699353749296,0.03449185209728256,-0.30711908827111706,-0.07849195678804881,0.2296704901211071,-0.25153458124953704,-0.36765721097636817,-0.018479035437234365,-0.06739480665056619,0.035030355423365744,0.03733270330128659,-0.05758235614736193,-0.017894735788711195,-0.0038694828677397616,0.20926787263318924,-0.3572804681789892,-0.13615449622203207,-0.08853002703820968,-0.42192011505817145,-0.07426679899709503,-0.05962486692972396,-0.11494725046556703,0.07853095936939744,-0.30724812750495023,-0.06755366780775736,0.008397245501888195,0.09990460850007205,-0.020763413000382917,0.006349095584411664,-0.012928672872108032,-0.06663637717006476,-0.09200173871432323,-0.13515448443455524,-0.03258612781506682,-0.022609649468308114,-0.03576099591930734,0.026215969487829026,-0.027182233844395914,0.20976566948878536,0.03192289378168747,0.1148168852444456,0.08657751293923109,-0.10696561770489135,-0.03846024387225068,0.09193525956618363,0.03471294962406098,-0.1400402617726723,0.06353848446651016,0.17642957969049022,0.20326739695501425,-0.08292398020639202,0.2165450226288017,0.12939710079804967,0.02708714472931198,-0.06564211668519844,-0.2736686759431758,0.28076681328368275,-0.024932816651831377,0.23207084468389202,-0.05196355935067781,-0.05671490979354726,0.03429242272262472,-0.027403034397277128,0.028936949853916705,-0.4509383013097029,0.48781382964157466,0.18078330117344496,0.18367162806502355,-0.3999754065505336,0.0572215140826038,-0.22880597934718627,-0.19645524563452874,0.4682799753328718,0.05696597421535889,-0.2782972478452016,0.026504195470947588,-0.36227967413153445,-0.038742164197816537,0.37265033452473,-0.04867982780846247,0.11439507309627689,0.0693399938206453,0.058418585633733276,-0.00881082182584412,0.3101506631698905,0.11165758283127533,0.05442886613527233,0.0484432870537805,0.11461125279428545,0.21137442011636262,0.20516315029132048,0.002236751844574973,-0.14860028131981837,0.25834039155980026,0.2732419783737983,1.7955396970109923,-0.2447299206575003,-1.0090485455445934,-0.8485049617787782,1.3328137625419751,0.3792788891693404,-0.4132341341941123,-0.005644360007152287,-1.1197724250466061,1.7762961279096214,0.3505718362233565,0.5560268787408149,0.07301076999790733,0.9053313790999763,0.03626943787435882,2.536550698317812,1.7190249360188399,1.3610052635081404,-0.44385330180124044,2.016497396736099,-0.3965292101699326,0.5624984428016067,2.404222960230178,0.5478645530693081,2.4236054305918686,-0.5847614014064486,-0.9068992684687948,-0.6152089834012809,0.44565968638588527,-0.29912772394274684,0.17636609571525833,0.8753168933649247,-0.3559648202151924,-0.548564299885065,-0.21892697864893668,0.12312726918995232,-0.09643936901342003,-0.09669338958010784,-0.6451809439788607,0.5702931558566342,1.0629781617694005,-0.7170631028199685,0.7432317518219975,0.483023987145212,1.2133293471253497,0.057103231481121695,0.5115403148497714,0.6544838754434998,0.7765166009484726,-1.2091806364768858,-0.2934681624163162,0.45976278051754027,-0.16602337594201527,0.3721429770359986,-0.8228165681166781,0.40127018531906467,0.3612481252741498,-0.8645545680307786,-1.1249263422308122,0.16697656026682672,2.225487537854831,-0.692050722082246,-0.12421739665078192,0.39733734392709225,2.634103961441832,-0.9747857352286488,-0.05404760560023288,1.3920577820924465,-0.028066190830406935,-1.524229409249582,-1.4779114475437987,0.38404209048643667,1.282855747707676,-0.8108751142392315,-0.752587936509896,-0.08202479742102711,0.6296426038739017,-0.26977972838361686,-1.2430080030600492,0.03755085831039261,0.705279486790263,-0.49440157802195833,-0.8271593401353406,-0.6824342707099442,1.2707405378442354,-0.3502523602702767,0.4947574861261045,0.9216742853045932,1.7006412034870322,-0.9527796097733833,-0.15991745011475572,1.1043942404714095,2.6343520443643667,-0.48027401440909046,-2.2063408722396165,2,مريان
-0.20521390520218605,0.16495840535721332,-0.19151450125186376,-0.01806648540882776,-0.0020584455091271735,0.016675603455027672,-0.04310483743935224,-0.281032929226376,-0.14647730583734758,0.0559954448856316,0.015095489808184799,0.29520597093448003,0.05235368043377721,-0.038082171590131254,0.006622626775111935,-0.3078898770771097,-0.05438970403941706,0.24228833475650763,-0.22925934563453795,-0.2976989789536639,-0.07435963337066576,-0.03879558620102957,-0.03208332580793877,0.049728112673437214,-0.03899983285045358,-0.04572706645701218,-0.0025769544327982888,0.2994543114664387,-0.3262281615533842,-0.07843270604473827,-0.011966996202275908,-0.39442937593869826,-0.13111199704403165,-0.056368500692234015,-0.035151487703462,0.12778691737546183,-0.3848423325765057,-0.08096547184326666,-0.06871017108386816,0.09819236943484545,0.0015133155945123648,0.04025664073894137,0.0006272596492116703,-0.19205155348492517,-0.08275166185628437,-0.06290981948110522,-0.06079594816529007,-0.12941377920529443,-0.039628487838761384,-0.021664295999728588,0.04026879791611245,0.2470374316866086,0.04091328441380203,-0.01674084420005383,0.07776652410261584,-0.08210204308252803,-0.07519945719818466,-0.024196464795352625,0.05748497592289322,-0.17809657616980612,0.03425780916201378,0.19148076464715355,0.082237313559985,-0.053758910608047,0.2556066322300507,0.12296758639105393,-0.049518627083564276,-0.09096127328681354,-0.28242410224567843,0.26718690513861404,-0.014840195150371145,0.1803373561661802,-0.11599295231995181,-0.0796327455322962,0.0731669261437863,-0.010093684624321244,0.1637447301239623,-0.3487199553381805,0.4816286451141625,0.15882868960243302,0.22813256064030854,-0.221860775627555,0.09368307399503253,-0.20936704203856094,-0.1896790209871675,0.5518516756438363,0.14508734098463077,-0.3239294756704585,0.05540074367487502,-0.34211169315497447,-0.1140111246890166,0.31795666301437614,0.0009741674323141292,0.2509840690656629,0.07438934787390612,0.08342757560603309,-0.005853365564234566,0.2271271641253524,0.13211720747098837,0.130013118399225,0.025830481285465782,0.10759576144149867,0.2173079983642015,0.15696532812281075,0.0031055208209645126,-0.5461863911140741,-0.39502676463643693,1.9716346559564741,0.6499438631541522,-0.40520714938966723,-0.6684351485020709,-1.0304952254039437,1.45839884171273,0.6567860345955432,-0.7475197752977508,-0.4348838967806926,-1.2093870461030687,0.6036817981303512,0.5268497748258022,0.828525441914934,0.884330588681564,1.5171384728949302,0.2377288005324893,1.699463708401743,2.1316438353839122,1.8981706701442786,0.1879439466956336,1.964588867761915,0.5945836974324917,0.6154088227130218,1.4679527947594693,1.4423533866961722,2.424092368501752,-0.15155275951114858,-0.8650393145888509,-1.2304186961304886,0.43017807462495017,0.2294015099298116,0.003334716614881552,0.2015585030434749,-0.5377296104983508,-0.9509388609683347,-0.41370548068958946,-0.2276940718006699,0.3626251406274078,-0.2906277118616906,-0.6143451024514005,0.08460195707243647,0.8205981102802454,-0.9177996802090554,1.0720014047606818,0.22859079575126898,1.6432747797702474,-0.0940604846814014,1.1939253589604046,1.1497670314232122,1.2359946722524944,-1.2449011005565815,-0.13763084387515737,2.0346272928433518,0.5093787559048902,0.22188090452200843,-0.963127962858552,0.551805477000864,0.5644171411601212,-0.24081973768991244,-0.6746323073341717,-0.0948172846695598,0.9518819437069115,-0.6432217092319266,0.08189746773793691,-0.3136789143928669,1.1132197144074143,-0.8510339737393166,0.08288962907221635,1.5806353360533645,-0.1835245641870556,-1.2183546932288163,-1.546129403215181,0.716480730210601,1.4287666689393965,-0.5667912919175611,-0.894282592350029,-1.0903324144282243,1.5736312591103259,-0.6770805271996048,-1.6354885420695104,-0.164527707202916,0.27123789404917675,-0.22429104305330896,-0.7395491578783023,0.1525897238169164,1.012828661536447,-0.791101081201787,0.4819199161785405,0.5039602373022636,0.5765035490581073,-0.8382170932842864,-0.21533917775086367,0.5669523240663094,1.4026704782224697,-0.04804581653082958,-2.5578383151272255,2,مريان
-0.18980230621434965,0.08439241754669632,-0.20327790629952655,-0.1226280871156523,0.05048724626324176,0.023369721662143017,-0.01538930358151791,-0.2612672620283683,-0.1414414380281266,0.14395868810392595,-0.03680887380587878,0.22964529673058412,0.1675355683322344,-0.032834745138875784,0.03146840471309619,-0.23187519427695527,-0.03190411341841615,0.14698617032005387,-0.22240943342023492,-0.3676408465581344,-0.11607507821967923,-0.007968425625229205,-0.08016673538072593,0.11232137321614948,-0.013962807929339809,-0.014797134816484269,0.0360119932272287,0.25760638701809213,-0.345687137802926,-0.06962626237379697,-0.02425363547903301,-0.4350113055871123,-0.1525097766344535,-0.13766095746421858,-0.1197014581891357,0.10887810891815203,-0.49167409004598717,-0.09924475793389857,-0.1158712056917831,0.08102780585419458,-0.0464882123342065,0.048861505076216,-0.0315118452215357,-0.2444935635420651,-0.10723249195285228,-0.025311905354222435,-0.0671076517074349,-0.1880323225884687,0.011988696798259979,-0.023009691249737202,0.06515411899216215,0.19529891561324567,-0.004254157020599843,-0.03978086826258801,0.07324885883840888,-0.04068308517877535,-0.23139883982687462,0.02462911469107177,0.008252493833297238,-0.158678788648753,0.12616232081451556,0.1422991272014807,0.07114735270103341,-0.03901438521163111,0.13331179946288965,0.08667430679611977,-0.07550045318206584,-0.17343198176273059,-0.16668283546205517,0.27545828801416966,-0.12128056933329101,0.12125221509243497,-0.13569742966416937,-0.08189778173093297,0.03230630838973851,0.0039708612131667004,0.10575495579131106,-0.34924235850221175,0.4183350117144135,0.10803118248644038,0.12206439188761327,-0.15931381706667636,-0.06110833478544881,-0.2197964600293974,-0.2458551868484763,0.43514390467817665,0.13146931081372015,-0.3833930370759172,0.0337684528551476,-0.42715663028246853,-0.12532959395012125,0.23437999424066044,-0.049775659450881804,0.20209016358461798,0.015923319752428625,0.08623318613446009,-0.05798246278002355,0.1798681694313679,0.05441923515640027,0.11249413634178919,0.05226950759854233,0.02280667441428987,0.10880405677037078,0.17012675370047942,-0.04507656532592849,-0.6626436990466145,-0.5966543576352783,0.974960430694959,0.0005080493065303678,-0.348060307699938,-0.9635255680717136,-0.8675617897559662,1.3755411517331608,0.5665297059334622,-0.37020930306411426,-0.6382972134890833,-0.7123188315036026,0.24992132852443766,0.16404267885415014,0.66475014705398,0.9846380369065689,1.1437654715378491,0.29298515979265094,1.5631224479907757,1.5314271469222804,1.6676761667544964,0.3782597813376957,0.877913032779626,0.5432358907062698,0.3858985749498299,0.7802386772801814,1.1464375801545312,1.4598211442058733,-0.3473163906496039,-0.3582843797563166,-0.7505514281126038,0.08699029755384938,1.111092911856602,0.31553654144446697,1.6701453862176934,-0.49161450011711927,-0.8477562202570685,-0.8193819234511346,0.17916540168397294,1.119798532520747,-0.3262116078080132,-0.5615179725397713,0.27996023533330405,-0.22355197443261315,-0.32650070274737913,1.2398528084336649,-0.9733571724099824,0.6398061213661368,1.1001703990501575,1.4122241128354178,1.1617770854371376,0.8620015838426004,-1.0293194593281159,-0.29799572963402515,0.3540824892805963,-0.19268849652737985,0.6033066778303743,-0.8017891148316648,1.9890310107555664,-0.11346190569285575,0.926542410580397,-0.678761006330787,3.1469453563634815,0.44353150032499317,-0.4353236301092493,0.4840576651911212,1.8537664361843458,0.7682930730399635,-0.11785100040549186,-0.19864470756193003,1.9461539925504139,-0.6269764221401671,-1.0469335427955846,-1.290763520024315,3.8362786573135956,0.2855680267397018,-0.6133517779615711,-0.8722979030788135,-1.5051357337551199,1.3165962648245326,-0.5502458046350136,-1.7816330677509618,1.3460922241730795,-0.19564973190713483,0.6102225071829127,-0.8986758772133463,2.3841051379801983,0.1535163358920573,-0.989516107598725,0.5761918017043391,1.8572421181008976,0.5801778916855173,-0.42019530779240105,-0.3376356273319175,4.051129853182646,0.4732986100255803,-0.848608046898572,-2.6671966229525585,2,مريان
-0.225441646872039,0.14253115030535085,-0.24402511836561555,-0.217108952848575,0.14792942209946272,-0.0654635927537918,-0.002037246002750225,-0.255250643302514,-0.14569468568239102,0.16978561692106411,-0.04921900669091237,0.2420036129009703,0.10957336773407456,0.008127407112521053,0.05912291181070902,-0.31582490468760466,-0.08286917600076457,0.1313361805028206,-0.10755006239374143,-0.4557480672917577,-0.14617741208328272,-0.02555930822576415,-0.03422809073046635,0.11816745570088871,0.015477601231019903,-0.05944399533513893,0.007423758971871822,0.27422477403875917,-0.3604532024006511,-0.045584640944063434,-0.002542474532249931,-0.389701633458334,-0.15262262921002928,-0.0704493795647458,-0.10025712014098116,0.08263663708832837,-0.5310698766080348,-0.02911001652521524,-0.15078073398354916,0.03925948373739499,0.02349303419876492,0.060198740711721314,0.03950198787879353,-0.28626911517753423,-0.0920007728291588,0.03213991050244027,-0.0555118635822138,-0.1464961373413219,-0.012666041802203513,-0.04664122151043961,0.013313279239033486,0.13800053894822303,-0.0483526873815686,-0.03443990753709118,-0.0691042785648809,-0.08783332414734724,-0.22726787593678494,-0.022429272013069174,0.047652082330765295,-0.14732213343716513,0.14523046739157922,0.13652706518358906,0.13509438570758123,-0.09811518399436193,0.06373695647586015,0.10162344398653064,-0.04522278466747945,-0.1117841053943744,-0.1069453984850768,0.2572611002499684,-0.159315157058905,0.060392940650942535,-0.1332792302498342,-0.04819952067603155,0.10130978502975647,0.06531471243079363,0.038090631438944415,-0.3494558301698027,0.37997610096840156,0.08163159374568868,0.12448586312934835,-0.09563581459313285,-0.03087604853149962,-0.229771557132647,-0.21555485917669726,0.40302029696032815,0.1375373927886314,-0.3930196341936747,0.08500534476292931,-0.33645958804530135,-0.20913851303425782,0.3604512222211994,-0.048367925429785574,0.2673785183397561,0.017247609112872448,0.08759607332856346,-0.028980787874474216,0.14375073273328715,-0.006699863609840817,0.049038764159628226,0.08252941636226711,-0.05950430613688159,0.11514501796864816,0.10482268690729031,0.07096051364011884,-0.9071592425179223,-0.4570491357410798,2.1015667342347,0.2587606981256216,-0.3495719293723666,-0.458264836046392,-0.807341861715246,1.1434480456111766,0.419757403550553,-0.5322077530448504,-0.7096065131422178,-0.2758113600620864,0.03743958303666017,0.2063612308261507,0.9792268764363696,1.3293097212559493,1.619517721204862,0.838509885286255,0.9755623777814629,1.3996348191916157,1.323629215540304,0.9096489769120728,1.3171436326534411,0.7337572237126185,0.30139079457466295,0.4415050972092739,1.144643081928183,1.69906705507844,-0.327943315340648,-0.35532074143301023,-0.7080084568817152,-0.5778291548993165,0.5039200838657336,0.05609532399896028,0.43149406109968996,-0.44155611504035974,-0.9587114906005045,-0.5190349916625842,0.0377044170256394,-0.03602608717524369,-0.19793737610583423,-1.130326618003402,-0.881348107727143,0.36544298881315945,-0.3909732548036128,0.9031396295335058,0.30771419825102136,0.7573733996760234,0.9460475447083105,1.6722038371069372,0.6988172041490047,0.629589206133956,-0.8707019768582815,-0.367671135630264,0.414727855873459,0.3462944718314242,0.22346381565652984,-0.933128438725007,-0.26801850887467404,0.621024787124531,0.9537991612719946,-0.6809991594141509,-0.3020674710659459,1.3223409944676598,-0.4008117885289707,0.34246463728491006,-1.0407538248267396,1.5132741884956904,-0.25147456556492337,0.009506062341251882,0.4885707458894839,-0.1575207366527132,-0.9319563102107233,-1.3717940865267588,0.24747553795594238,0.7703507749335392,-0.34375190904476705,-0.8353447660414104,-1.3599715319974703,1.2442812044966807,-0.8096375156020638,-1.8515556909163875,-0.4100307329061005,0.7760390365302614,0.40092270171353134,-1.0095675673805538,0.055674341741150574,0.18850565035424932,-0.9333522128884644,0.48672454490058875,-0.263476183450298,0.8270264390108332,-0.3280349255975962,-0.13585256763232906,0.17165335327440384,1.7229046199003446,-0.7628931297592799,-2.32291665254358,2,مريان
0.004250735519528614,0.049167200925799924,0.19110783500959974,0.5905590007566757,0.2741097809656635,0.05284459887981905,0.2728852572580427,0.1875983632942094,0.34237360413996737,0.227892235057682,0.4571120951596304,0.29798085092848314,0.5853574387223066,0.23791921891042817,0.2970443723222709,-0.11851114000566502,0.0532658440290077,-0.06811263830237013,0.23441808932165742,-0.13808482164320138,-0.11689439576541927,0.023966067626323875,-0.04096536394923693,0.07086454539603937,0.16128018169980282,0.24150312668531215,-0.052210269399881486,0.11797747499325635,0.5824650247452592,0.4034406096368634,0.5615010757005201,0.11058862731505908,0.08090045172210884,0.4588710744844271,0.16870338082333328,0.004742315072909075,0.5138326156230134,-0.1018118856920801,-0.0960298731397364,0.22948172584361287,0.46008750567276185,0.09618038240291608,-0.10508201716583969,0.2171454737383769,0.3165922911650292,0.45528955679828265,0.4439533723138731,0.3231993667603497,0.48003969501464167,0.3307416396710393,0.09981580796171494,0.5963766390948522,0.43720416917549987,0.4836881847631566,0.5981673069996801,0.2937029269284169,0.3848236380450518,0.20512902849941228,0.34692508822647355,0.4676876229745696,-0.34331009721738387,0.24214183576782053,0.5051114831442199,0.42183448172567606,0.3018798209898484,0.22044419091922443,-0.0629286482787679,0.06717539074401338,0.09500255151084785,0.17456977252346176,0.3455252619906941,0.5116676444841899,0.34500026703433184,0.1573051342963414,-0.04317756553330904,0.37132511243041477,0.09205187870915982,0.619277261819066,0.594340658391494,0.4813623932939641,0.6155573045621829,0.2411618044729309,0.41565273797819735,0.6066770851681235,0.3103548063939839,0.5618663770862528,0.4094819584269802,0.19426120860038334,0.34814402429273944,0.28618906219884965,0.0788362913043378,0.5805357866915178,0.43516017596799556,0.4744597541308814,0.4173197468981031,0.042886221682623495,0.5441445827177072,0.869189613802749,0.2868438459985273,0.14149547780201854,0.3101788366529398,0.17116147925105005,-0.15280167540762857,0.6237075858989796,0.2043751563492074,0.3437415747771619,3.2304757358551703,0.8315968805471834,2.5783335261208067,0.3865227691930865,-0.9348734885202419,-1.1716002797769702,1.5588551807440305,-0.32592231899122037,1.5914535451031064,1.8270506066231411,-0.4005501761311777,0.8601782334881127,0.7359198111796766,1.6202800395914445,0.8030772836876624,2.3036181188800007,1.93851959663909,1.3365665946711192,1.4383524984855498,1.4248358360538613,1.2164645789379258,1.4198049395370658,-0.917380327512929,1.0501820652825722,2.0414211178738504,0.47647555580933526,1.0973347816811503,-0.06272838167331368,-1.6434140159699073,-1.2446173287389517,-1.6417959282213914,-1.636131246413385,-0.6004131583902526,0.171354057626974,-0.5320593018029407,-0.4594430963081147,-0.8787453119434624,-0.9458756873700322,-0.6058865729327655,-1.3043674410933443,-0.8913380402111265,0.3011644631474298,1.2500265960515373,-1.0310587772204645,-0.8014695599663126,2.8510397418390094,2.1697676401384873,-1.6538343247555003,-1.7538725984300867,2.3698454547569656,1.7243602852905446,-1.497912308362062,-1.769656681189789,2.446258045347472,2.433295190751624,-1.1782574463058852,-1.0696050007316833,0.6301445762886615,0.2601141917498387,-0.7728850260047287,-0.932095579410623,1.5150634414092288,0.3511392734329471,-0.3321267366201773,-0.6287942495888149,1.6468338632981208,1.1406939817220259,-1.2170858968235283,-0.6135946637041592,0.7411012444924081,1.7899355124152598,-1.5523772046178432,-0.8128286807538455,1.2567580691050753,0.6141359428624261,-0.357030712203904,-0.6174370011198148,1.4624791678788214,-0.9694838772558625,-1.172774673950923,-0.5856462823425183,3.377935236114532,0.49348124115623393,-1.4776563415791537,-1.5500106681994217,1.7330305664747085,1.1856953020785903,0.0929812820011337,-0.9137004425788142,3.1338425441467606,-0.19803798325313565,-1.5159554358696417,-1.2583034118958272,2.497208079966739,0.5122711463082268,-1.511538869199471,-1.9561154688656066,3,مريان
-0.03281147634983997,0.01130835448422544,0.1935318164494289,0.5289413546054004,0.3256670586601614,-0.06047545068325465,0.21373900275834926,0.2493771080652918,0.33786916576441856,0.2772660410535445,0.49489062407014484,0.3399157036407378,0.5470875387933958,0.21807073276312972,0.28508667994352466,-0.17318878759335649,-0.00018307199791132522,-0.04178286154798614,0.18481263813165824,-0.10916583619578257,-0.03042837763078037,0.06693910418429776,-0.07808585844346438,0.0245057903525029,0.11497224823093243,0.20232924265723307,-0.04585832794025012,0.15912367125947915,0.6077238768720223,0.2897706442239185,0.597338774682946,0.07787091287908032,0.08129617932690607,0.502488610120013,0.1482742423163993,0.015406325474075075,0.6026358006403586,-0.17321997405739467,-0.07854568364464272,0.21797829737617586,0.4169530492511447,0.02336294582041598,-0.1572593764296213,0.3068792906096369,0.34494296814454034,0.5022862992996536,0.3814201374854757,0.3802313752692646,0.4837515346176867,0.3175056477120266,0.17742164401309712,0.48405689427825455,0.4046975662429563,0.6332674311210225,0.5617377598884105,0.17773625603189405,0.3981097890353009,0.16666612396835911,0.38059454212320404,0.45392669710971273,-0.2960594142870627,0.2657372254100801,0.5740091082828529,0.42713930650787024,0.24930040228067993,0.27834563804648366,0.03796984094867073,0.08642306162333503,0.07920225904755651,0.07046870000756471,0.45699292944542913,0.3491203850365365,0.4699477575325655,0.21680425977573684,-0.01196535239974325,0.46412239018144863,0.17869559919920722,0.4795028784276568,0.6356147700906546,0.46163107785116947,0.5086582623426529,0.2010073927581259,0.3625929575840641,0.5505404073924776,0.3064947705747368,0.5969223012434998,0.4047693289377403,0.28390387536100314,0.3637338609766918,0.32105870634866435,0.08236693214924141,0.5127922546094992,0.42262522317114715,0.5007541364064285,0.39019507099805034,0.14213341899495915,0.4749093577477245,0.8409711720841992,0.3099820645330228,0.04533533528620792,0.25156631686012926,0.10209469012659596,-0.1720314497247326,0.6218144837620065,0.22085940229145798,0.4874997392662314,3.6314931949309766,2.59709176372395,4.5153026195931565,1.9170110570622185,0.8693494112509484,-0.6059591853176877,0.8256874889158129,-0.2726825812181577,2.9622684711194824,5.423403881531055,0.38941974097034054,2.8385548984288187,2.5656300392873335,1.3842300846597024,0.8500315640248555,3.398061929779186,2.3621354596588504,-0.0695177680699104,0.7262582558088362,1.1515662701795142,1.3804032914200932,1.608885441212393,-1.0600805111469742,0.4119172635274326,0.6715188448226554,0.7654412751642259,1.417521734012956,-0.4174226208462185,-0.6327793834224513,-1.405230078552328,-1.7377320195020922,-0.8889529796863844,-0.19267662823782788,0.2199546707386056,-0.4023587935576645,-0.22128767182526277,-0.820569999481114,-1.001021557784477,0.24215297082217258,-1.2011991646906397,-1.2805823786684718,1.215547711308935,0.8261548741794424,-1.1600233805731828,-0.5463897955057518,3.4839366722783205,1.7276598636000233,-0.9649961857658165,-1.740189234379347,1.7157259800421227,2.1714795154057756,-1.768670975397218,-1.669048033446021,3.6731472837980785,1.6812462784350468,-1.3048463757856235,-1.0707876565720655,0.4670114616180815,0.3493417815370793,0.16787347564871374,-0.9692027641836399,0.36882927581532104,0.7593473027898876,-0.44940535064908416,-0.6278555168331095,0.6861037353543307,1.088305327312584,-1.3543668242133502,-0.6291239853357317,1.1430539681239695,0.6968682715345247,-1.4259252228491133,-1.0205127890033192,1.827735908171296,0.1806287574842895,-0.38225167992611137,-0.3603404965144863,0.8991527943118751,-1.0255696498739006,-0.9289615995006112,-0.4166815764244451,1.573375777573269,0.501686689169718,-0.7501698777207337,-1.2942672499535652,-0.43526022243017515,1.001034309217772,0.6511502241423497,-0.9146545756545527,2.647672278231328,0.0037352510964704286,-1.5402404968166268,-1.3012393045342736,2.062974561438399,0.35021722602810207,-1.9090090159218447,-1.149942669470367,3,مريان
-0.12004824503813089,-0.00938317926628915,0.1531051203619431,0.5266732784712107,0.3956268170753196,-0.059079276176763285,0.3108086927877815,0.20629512705033104,0.3875886658032376,0.2868738255030179,0.4258145529274295,0.4076971898573399,0.484388608306871,0.2962317208698981,0.2491358852529673,-0.14247336591563056,-0.06034317930170225,-0.05378972314388031,0.17251721491545635,-0.08496686477461679,-0.01491524222071183,0.1167091049495137,-0.11729322812904891,0.03405584776267591,0.24515582275986955,0.15181024678001684,-0.05200638031906942,0.1854734578259498,0.6244308849539549,0.33129704566685875,0.6186766793939905,0.09557412827131424,0.08396846070942897,0.46245987930327587,0.035466972341192754,0.10238762103129208,0.6165978200412743,-0.2173011592473389,-0.0691328909125208,0.21365299982640099,0.34304929294593073,0.017638555381350406,-0.13618548817055923,0.3413883019563266,0.425106992969979,0.4431253671505156,0.36972162174988754,0.4057550235294154,0.42489330473172865,0.36546201628472796,0.1452193597538893,0.47864541883283895,0.31393641477175643,0.7200502023623426,0.5708757104614307,0.14981108002547633,0.4367563104909209,0.1832583700213309,0.35481565664041714,0.43906999602303615,-0.2560886986181062,0.320298456063516,0.5305029680962843,0.5008264098690706,0.20984428507927136,0.28287957128871544,-0.03203064791014224,0.05639941151980433,0.035258398793846284,0.04291572330879156,0.5096943597269168,0.33103310593556035,0.43358872475523574,0.20625611641606706,-0.06202982379466267,0.4454532846277372,0.21256875501117994,0.3514932759464123,0.6958631553472405,0.5762992498688018,0.495327393012726,0.18190197155651358,0.4048695193146261,0.48525415953383205,0.29517011157609124,0.5828923231404308,0.3412682775687164,0.15347056781044804,0.41102108548030813,0.24234276584102507,-0.0016739719290942189,0.5588561991130523,0.5328773284221373,0.49097072733950314,0.47695726519199494,0.09694882163739739,0.5011283940577859,0.9081443837710945,0.30475021318333384,-0.04232165087165472,0.3211468045786269,0.1504969642111299,-0.2684561342569743,0.7337585528581325,0.13617658104805588,0.0021044124242322387,3.0891371399757666,2.1373140484794724,2.8759965389240407,1.9531219530429405,0.87647699722905,-0.6558855520879483,1.1186312424198264,-0.6996424975324077,2.07802960768072,4.290824301253453,-0.20615560619439177,2.673277882492932,1.6303259133329846,1.6326163297096972,0.09405969766994289,3.5719620644237935,1.9295589006600735,-0.31891855725280294,0.9426913660092521,1.136611948449908,1.019986130776496,0.8563033392705728,-1.0728014244216464,0.8327656987230914,0.5127509819889596,0.550760379433342,1.0282134349470105,-0.6758758981102425,-1.3607734594306586,-1.5836184626548189,-1.3532605075647246,-0.9732343434186402,-0.21033860422731046,-0.178576128946128,-0.6613104185207834,-0.4962166590129789,-0.9447233938019876,-0.6721038863734351,0.07366091973214078,-1.6004619416062347,-1.0027402194013326,-0.025262194142918807,0.9442968609429775,-0.8343018384861114,-0.5847780738698111,2.8913993700653804,0.4751405554786418,-1.214529216735225,-1.6296187467820136,2.8525232823411675,2.3101801160299593,-1.282990140850158,-1.588164433445416,1.9563325995182548,1.8186427247742714,-1.2388650294876773,-0.9950897024993114,1.2381798081239217,0.021559082240194365,0.12865216762474319,-1.1309613378179812,0.7813313286552861,1.7018513750163817,-0.3716388800673879,-0.5982158897701954,0.2708107019409635,1.5825256944628914,-1.2463058262956739,-0.5387943191696022,0.003982692115784079,0.3185961152767419,-0.25111801975807413,-1.1062191850327174,0.6668025121024563,0.6085091552327743,-0.25875412870804176,-0.28924818261180063,1.3601904719783684,-1.1556161633330966,-0.9278901439164646,-0.552629138996196,1.5987946241929234,1.1825539879925353,-0.7483214378762197,-1.651485191356248,1.0681626470269092,1.7412326791318575,-0.30425157001009606,-0.7378117745924939,1.6344002955641665,0.6603177690980321,-1.4092905602452566,-1.4288869202501773,1.1909025164814306,1.4944071448429448,-1.6169321600901132,-0.9607054955423148,3,مريان
-0.11821692185093506,-0.08177801879497267,0.25940272833548483,0.41880006795076025,0.36920269564935443,-0.16189637986778102,0.19318665124391407,0.06561819297682332,0.34889246024030574,0.19464308985635956,0.48581826581573084,0.5583061155727246,0.3373112998444861,0.4263208304115305,0.2748436428787093,-0.18870542588436112,-0.05489699202903653,-0.0915441635427646,0.10084838959253838,-0.07834666103683348,-0.01249948554432414,0.14319842502128574,-0.08544786844740714,0.0007426525470885453,0.29496582039315183,0.08392449249783872,-0.0022942343960503362,0.23066709449649705,0.4177967065071964,0.43992261157639906,0.5837908088665373,0.15346418490946445,0.0368696706235639,0.3312660682507858,0.04473366812598921,0.00329762409292225,0.4419630631274249,0.004546420701135244,-0.021437611910201618,0.3017336349649133,0.2117873188346412,0.03185991916187043,-0.11324124610047791,0.3293813734901583,0.3105874326659363,0.4086165373581498,0.4372951646661805,0.28529333401148926,0.2097185667020626,0.27242357810961015,0.11435899592394959,0.45966244781565396,0.2864249749879704,0.576951349769289,0.5133170803110506,0.1275502473607538,0.3451685633631681,0.1331982913453617,0.3498896742309901,0.2590326108995193,-0.23501548930238728,0.2557302290007017,0.553385855091077,0.47631715611101405,0.12121759656335976,0.15547369757875193,-0.05682665175972669,0.009034915192557856,0.0645655026548513,-0.0340091035037124,0.44059228608077233,0.2996506679023158,0.4459689610074286,0.2054838299506201,-0.05591285641355206,0.2587515481266844,0.0315709003698931,0.293174843124063,0.5344859906478608,0.4705515187796343,0.3887721134310851,0.04466393563629418,0.3884454173818545,0.4036009760838016,0.33502300984244854,0.4642494100150713,0.2824037343057386,0.11599097739979106,0.32387593632096434,0.19213503593060755,-0.02788311657268031,0.5158829430116111,0.5511074101190604,0.5203103095529881,0.3790626483014342,0.19181037186211886,0.5558945610259144,0.5189165384120027,0.35294726123265896,-0.025524563440246235,0.26874587519566484,0.23592716503947692,0.07399440839000364,0.5143756619251649,0.14333495119563194,-0.6658940928523511,-0.11079819698295319,1.5720827506601653,2.2373421875220845,0.5855224989102501,0.39362548287128696,-0.6248219233018786,-0.40032019114164985,-0.7137024536260922,0.4719122328156596,2.4435868580026847,-1.0614176950626137,0.9582913577474184,0.24346716352276637,1.4475699910093376,0.6150983074603967,1.9315616796742845,1.8451207264879816,-0.16261084204342222,1.6103807678419646,1.6168117428735054,0.7930994892976521,1.026671719082796,-0.9404991194691145,1.1821802512602537,1.0460541284506117,1.5175364846169501,2.447588050294185,0.26118240533041986,-0.7890157133108436,-0.5889646509630379,-1.0220754564027046,0.146853986940528,0.15140841340460806,-0.23831567784347707,0.05206190066922818,-0.09395649313572907,-0.6242802829642957,-0.6225810528406043,0.7384267512197187,-1.330027428714179,-0.940014000017627,2.7832672619209458,1.791750625330228,-0.7137754781013234,-0.7444886366727622,5.604320803514892,0.03923099868006184,-0.8224667751009891,-1.761744748592811,6.7522143685986835,0.5793245557255454,-0.7642155365729232,-1.1787604177016935,3.726599852260546,1.4094825711044008,-0.8567149339772093,-0.11043487670048555,3.3664786214937332,0.7972256168141663,0.5855810109676416,-1.0992003202721332,0.31550898387335047,2.75831495606349,-0.04244521231794581,-0.42762982565897023,-0.7173490855590877,2.797152283321925,0.10345051137434814,-0.8065221199645425,0.3901362478985913,1.052166133659285,-0.5201795054709255,-1.142160058883432,1.7398517556520225,0.8488955779976608,-0.07543188267951009,0.24633049842460542,3.2014334644351803,-1.0034418975958153,-1.3012269350814407,0.04281423844275674,3.7337517567263094,1.7553364055447225,-0.41310621230637956,-1.8426428825931171,2.1116516433130275,2.473602383107322,0.8157353260848144,-0.42986159711283106,2.989565781845093,0.9771983096495536,-0.7842984723575062,-0.8712316002625525,2.576491620712867,2.759612809109697,-0.658871245214237,-0.8481364832478119,3,مريان
-0.15644881578308278,-0.08359751282252381,-0.012552031560155219,0.13164965197738573,-0.08064619061603927,-0.3106812689527237,-0.11925911674408993,-0.30764681708832775,0.0682013835038793,-0.06668748351673562,0.26002421686890403,0.4701989606719027,0.08629639892582137,0.24877573332279618,0.0732699800650258,-0.04787430793363574,0.026837350619013815,0.06505352579790037,-0.02012098214897219,0.0984850821174962,-0.14836011469418958,-0.006794221696201291,-0.11831402105338121,0.01557635004472404,0.41759556136293174,0.1293338452445101,0.07899810962077847,0.06510550318643518,0.18114157001471,0.1087089865508326,0.33213077300340876,-0.018052408470189515,-0.22221997857889414,0.06984339152484387,-0.21378314041941934,-0.2648982438487532,0.21957261889682642,-0.1958658301779419,-0.2527885466383281,0.19581261151615786,-0.04163951848500028,-0.06782876827256658,-0.2744511819914753,0.13134675506780122,0.09601854548698453,0.1560275449180338,0.16787807685400355,0.026190327286189044,0.05122872418194545,0.03498916253274007,-0.11715619544205867,0.13712306556062934,-0.00011112590319404958,0.10855996024542236,0.12211340109667147,-0.16840724545778948,-0.043813206361530084,-0.24554066002912797,-0.020205615600823745,-0.08015362637707533,-0.2780898181398309,-0.08832068688522803,0.08949851209946037,0.12589183050018443,-0.09211528088358108,-0.06765860412792594,-0.23815280294055996,-0.2194250607223733,-0.24601039723866286,-0.22793176846304097,0.08427541892726585,-0.09868294714120743,0.26729920015157044,-0.052265374537636675,-0.25354522479533714,-0.018172712003211484,-0.27783056722178645,-0.05368063829775508,-0.04253818966262792,0.11575530350910919,0.07572882775003992,-0.20541021024312386,-0.05994474689287227,0.09210126271594837,0.28711464765248396,0.031698990794937654,-0.15122061582053622,-0.11650148862137504,-0.024953693493353284,-0.030940274404817832,-0.10029084756678723,0.29085403715559366,0.3837943267062771,0.25314288259375567,0.19992242477697852,0.01908278439454963,0.30587156821332206,0.20898487782180822,0.17500279917042885,-0.08987965432822972,0.08454240717135829,0.1411005485216673,-0.02910287618034381,0.12436375817416896,-0.03195056850082681,-0.6390590465657763,-0.05333251314083551,1.5258833105899998,2.550674771877935,1.085900734832282,1.0245409721843344,-0.4805400128268215,0.39109331862238544,-0.46532224146571455,1.3853860812315786,3.508115545150037,-0.6342454151424656,1.6668232675892818,0.8245298372730309,1.027325000023028,-0.8610064560104491,1.8435054463191523,0.23909473944146675,0.8880031656816477,2.0291933242707185,2.14051006046845,0.042904229311831084,0.47862271943947354,-0.8623982259700751,1.8398835620618523,1.8019424844254626,1.6347751706994245,2.235349902114304,0.7899742648800868,-0.5690004374889256,-0.44458465197642305,-0.7715135323260148,-1.0961305220669537,-0.08376654924429137,-0.24404400528367684,0.13131056108556086,-0.09450932206016321,-0.8446096261917515,-0.6441297744400777,0.2312492561667951,-0.5887789595286507,-1.016075537469217,1.4083752450968718,1.257722072460459,-0.6715479961903118,-0.6584159606944202,3.426292581363412,-0.5076327784100491,-0.2216693405710306,-1.228469274362202,1.6675376681406058,0.7618436899353737,-0.7959828254348147,-0.9244057479493405,0.46238476034213283,1.4758560390204154,-0.7706348950760594,-0.45539611391022294,0.8014380733783758,1.3002762285879719,0.6552872957824165,-1.146231744337583,1.0224332773961389,2.04320035440751,0.11006803814116142,-0.28589637913627164,1.655521304008986,1.7918096408777309,-1.329567222491967,-0.678643038275196,0.012741455166537453,0.5317294464672161,0.28741107212093825,-0.8672429879442082,1.1350672806248927,0.48184343897282633,0.047350593891955756,1.5694409928012019,0.6367169627800675,-0.6626433127200182,-1.0432337271138237,0.2027268565176868,2.425903902646189,1.3686763366159105,-0.6753696195380832,-1.468797543309303,0.5368730324540981,1.3699499717085526,0.7688180392680852,-0.4196834136535202,2.603391407752989,0.8700637649168677,-0.9443841068313102,-0.6426863012498012,2.8534028710687354,1.94853656588986,-1.3036017256328682,-0.6116758652856695,3,مريان
-0.15610670962017217,0.07054129966689483,-0.04437920467646463,0.1449689253778754,-0.10217732839266903,-0.33343737701095777,-0.05439980014523416,-0.2814847922609967,0.026442266448662037,-0.14561761475738666,0.2204291810293305,0.4597170126960863,0.07662651725651404,0.13770467377427534,-0.061380090414004364,-0.08931738526504486,0.065362563542355,0.12376441081879885,0.023978931627863853,0.08979042900624218,-0.08447039650941268,-0.03467845913482523,-0.0846732126548694,0.032155268733196775,0.26134977242638,0.08235731556076568,0.06288690466584589,0.12947253772551762,0.12612669092182338,0.14639447193131824,0.20643339167647184,-0.013686686654528383,-0.07032223465754568,0.09215420069495434,-0.15416973378308757,-0.18282998000173578,0.06530569432162926,-0.21713122647890754,-0.32854513842112815,0.17177049341556166,-0.12754349353863,-0.05798859471416556,-0.2265917678905315,0.16268630325036115,0.19487624880167173,0.1307918772867632,0.1055271804797955,-0.001602183558348082,-0.10606500916942814,-0.10563472465171504,-0.1593205100361287,-0.0072449990794538075,0.03224311538510219,0.0933167904941109,0.09664624720598824,-0.08327747442083093,-0.13422789773768187,-0.23729669792848107,-0.11774010501964162,-0.15023148327620686,-0.0630804766463951,-0.21828174825016305,-0.055855979096763056,0.07998291105809256,-0.18053985514323975,-0.0028956850445438155,-0.10812036102752144,-0.25016092507146964,-0.26222102742200065,-0.18926018887725318,0.12227300907978451,-0.07909835564819542,0.23933350495751451,-0.15355101359214737,-0.25565062317854464,-0.012239995383715096,-0.29495703079983165,0.027080572476971484,-0.23271252269877782,0.12678335984882003,0.11046060970856447,-0.18490819194143207,0.044804648708780925,0.14801460983881273,0.45900599314771395,-0.007529881055921454,-0.10823708504608763,-0.0953321631808085,-0.01415501207564491,0.018839229324860117,-0.12219613499742905,0.2804436536669989,0.3321913588011,0.285778125118739,0.13837439355494696,0.07984376898534255,0.1885616739959739,0.22980774376453109,0.17956245519957423,-0.08315000577203414,0.11919426257595836,0.2154631548976451,-0.011682188881581007,-4.1236883492669196e-06,-0.04422364777921341,-0.7019706419085524,-0.4433045242182373,1.1293640344775393,2.128127481296872,1.2146962579657326,1.1496624888577618,-0.17844722886435413,-1.2035418896483345,-0.39696126680598637,0.8632040407373751,3.571871234270209,-0.282325148568286,1.249669218484429,0.9317630531594877,1.4870844719981307,-0.6877364747412462,1.4717222595757398,0.22923252958399584,2.2326024773715676,2.4563096080635414,2.3919355974139043,0.3655498329624542,0.731243291535377,-0.31210275169238016,2.5937874005326145,2.748361901342597,2.192142231409575,2.765266344467079,0.2792433310181695,-0.4137900233384763,-0.587994181645069,-0.7138989475368536,0.2779569311458217,0.26998997572563965,-0.18205182172809098,0.01923405742222967,-0.11274214400094876,-0.8645177788122014,-0.6009479386921982,1.0937004507150558,-0.39321711644199486,-0.5602248030632315,-0.06207295996128369,0.6766367880613972,0.15979604738265887,-0.5418998584286733,-0.4914235434073558,0.4834742411573202,-0.2248043475513603,-1.2205512922777995,2.536145401098127,-0.352384559371691,-0.8784126042121584,-0.5367242673611492,1.2167389827199449,0.8649018348979337,-0.8322309568002624,-0.36219441180873185,0.20724762032398475,0.49439607147525527,1.461522963708153,-0.9637224491833962,0.8746987268421906,1.4391163805061187,0.5050188447386166,-0.10412694968644395,0.6414973894959028,1.326946037660936,-0.7832456584410865,-0.3872178078551261,-0.8520677038507252,0.11242949105749764,0.03865585379751948,-0.37266607454319134,1.019695025185734,-0.11472081449524923,0.1492878063548813,1.668875645057774,0.11126891379366836,-0.5494777045509133,-1.1420166357182775,-0.012226212971200657,1.754299226833727,0.9936597813727575,-0.2369644554782238,-1.00764845344558,0.5736028708294659,0.8452079056174946,0.6669103306698766,-0.5446317504195929,1.340725322662278,0.7304712437603653,-0.7589827415222943,-0.41878070745230167,1.2310195500931778,1.420728796590716,-1.0711311335851998,-0.1781525218564122,3,مريان
-0.14391379075580416,-0.005257379199173225,-0.10674932630127663,0.16182758822500484,-0.053769098079256505,-0.30787096635150013,-0.016856967159812167,-0.28924242860289223,0.042779477497876126,-0.1216115553267893,0.2919537932596332,0.49113484701539645,-0.01777755075856233,0.009663019466433668,-0.02801913512309218,-0.17727757491669746,0.06216817684278516,0.18215187951206382,0.07356200552616025,0.13592957123561109,-0.09040212970679863,-0.07420044149316926,-0.061211556434200634,0.05174106929115536,0.3817997847794171,0.09393860257592289,-0.03768174048822652,0.14282538343251353,0.11503347885076695,0.14803145032575551,0.16290021640460228,0.0476060514237682,-0.0059411493483375695,0.07436248651788888,-0.13783416687300984,-0.1790879151300324,0.11032325549282539,-0.28918487275247706,-0.34644281803633,0.21439923168698527,-0.14685987482201018,0.02251621006916623,-0.19983446562814272,0.15599294539867078,0.16431119890133677,0.1433885721589488,0.014801654554995398,0.0017180980006081088,-0.10886521572065876,-0.12220828859654209,-0.17955382738126244,0.020237860868428093,0.01291169575275401,0.12344607570179492,0.11236559447827627,-0.03874504120886178,-0.16723819511173207,-0.23793190756887803,-0.141510365370081,-0.13610045903994022,0.06286179609269892,-0.3768256667912457,-0.1296577683632606,0.08972336109162897,-0.16498972706616125,-0.043162269369212504,-0.14403152480234477,-0.16151955298659107,-0.19172203965477758,-0.18165396127440803,0.13734438976609406,-0.08306604350002125,0.22680091887454903,-0.08479438727914608,-0.31628599811552094,-0.04928122801519603,-0.24762890567020115,0.11094446436597949,-0.34756975591309786,0.165684062655663,0.14088314377666206,-0.2352936807942115,-0.013332406926646515,0.1474623006386999,0.5597726823523239,-0.107524273153587,-0.09655135816673649,-0.09308079930103952,0.08832789198096908,0.029609342491381026,-0.025869170641471956,0.3321110538839754,0.24710634198895154,0.3101265239703899,0.11651045381076182,0.011921134534986081,0.14508014234527472,0.1760774130911018,0.1713233034502801,-0.06735215518919371,0.13655483520381656,0.2104118034382146,0.07568015296665816,0.07263921944173482,-0.0325283521300441,-0.46719682970749365,0.6835746480651532,0.6922578410684811,1.3534628871716614,2.270772887747206,1.717385561748016,0.021740760537994584,-0.9059629800957962,1.2644287587370238,1.2607136761342224,3.5783964451704073,0.08457633643993143,1.6432216331895946,1.1318641383630217,0.6946811193269822,-0.7564943240919241,2.327478160602495,-0.1756808395783142,1.753662153867794,1.5925964725992938,1.6769930909288346,-0.4998519905231791,0.3979449539921155,-0.6381744170183205,2.146328797124224,2.777785696882905,1.4633298110894892,2.196238120233058,0.7272782816461394,-0.17250097491881736,-1.361625501237673,-0.49819663250451285,-0.7410732378899416,-0.11592317515599747,-1.342707722795366,0.005989090984497707,0.05852255868404212,0.06948242083322646,-0.5203656695020386,-0.3232605148364802,-0.3341084967826502,-0.9869099592496476,0.308367641128762,0.2660724172296386,-0.2586413480700488,-0.622665821886986,-0.5196657477876792,-0.008120382996623546,-0.639053005475115,-0.8993935504076624,3.0349633574102617,-0.7338468076789734,-0.7054526900573641,-0.4860705614880063,1.7541648881276195,0.8469059023143578,-0.7377226825195268,-0.09910931816851236,1.0637465431282818,0.09127674791837494,0.9981497737070387,-0.8022628505681403,2.034073053321776,0.8842945163188787,0.774957106427957,0.08859456503760796,1.7302780841001688,1.2360436253343883,-1.0686661653668383,-0.7191686527656247,-0.2935068761899015,0.2382407725731437,-0.6282330083938962,-0.40006289548812096,1.1861647846831085,-0.5124509120217984,0.9523257529806259,1.696388577813304,1.2616377483964976,-0.8092436582973562,-0.866150655019811,0.0915144286319986,2.5941404524385523,0.5620282406309888,-0.8002184552150975,-0.9796004753044723,1.6181339905046666,0.9136236367886263,0.014672962089058484,-0.4410058337335395,1.5793635302023574,0.5450570959580622,-0.3214924527638616,-0.2379826200889203,1.6704479651610724,0.8175967626052051,0.04192820329307217,0.1875662512561399,3,مريان
-0.21808381665874388,0.07353217025990703,0.033723418899491285,0.14621512908548226,-0.13025731454721673,-0.30412648710358975,-0.1314646015083188,-0.22642414507028674,0.03182156142985408,-0.06508891682358707,0.2952444940042731,0.4781375820710382,-0.1061005352092294,0.09015756953989736,-0.0001626618990053113,-0.15624466899308828,0.07561679308645264,0.1563506636098084,0.07682465266768322,0.10527943808674799,-0.05409511899641271,-0.08822098993455463,-0.061147675732185165,-0.010457681863921266,0.29743592193047863,0.07931238706211576,-0.0011765200590791542,0.17286470612366692,0.09106393655230448,0.12593104500643246,0.15415790635880056,0.089156925257169,-0.10620292798792333,-0.003383892547207348,-0.10202488303070037,-0.19097623909150968,0.08952780692675322,-0.2695344591133419,-0.3046436449168809,0.11313224147016786,-0.11143158277206426,0.0009394302732554625,-0.14116004166991558,0.16276167215353834,0.14063937198804452,0.09793150282959211,0.03723308161036189,0.02508919146744558,-0.15863879791321273,-0.14938551169753747,-0.25105831289908326,-0.006341024896780346,0.11928992223882293,0.18689370680915102,0.10607306794523275,-0.09525875412043998,-0.20590376062314109,-0.15052541855499388,-0.1272415695200136,-0.21752569283415024,0.1579537749611263,-0.48009456468824485,-0.13469435184656206,0.1274273544873846,-0.09984172979615975,0.01634568478717451,-0.10020822689625328,-0.07929110208760454,-0.16067370110984286,-0.21924588311777804,0.16752681490666704,-0.10018321587489705,0.2898749017838716,-0.021520608607241695,-0.21126556613357766,-0.08880511688539539,-0.2684623623221439,0.19340519002876938,-0.35588821007028615,0.19002490940323905,0.149313392836111,-0.3068373810843982,0.0513985014165912,0.088169298415348,0.658609188463989,-0.13241087326298515,-0.11336111006947183,-0.17562916121945812,0.10458617926342388,0.0703834394413146,0.035321950084553556,0.23658259241537802,0.152358518999802,0.2641015108020147,0.09767176488812779,-0.02816910927907032,0.15418433042065524,0.1436498752197687,0.17009857048036417,-0.05616775203801578,0.12112037361156726,0.23514083657238682,0.025837710502439794,0.139222299656481,-0.024680657296961023,-0.5534152825287383,0.4114740017196477,-0.2846602902532781,-0.43395372340003646,-0.14508831598666366,-0.2652598875158585,-0.7426133955569624,-1.2686111911212024,1.58198465137242,0.5052299581288451,0.7024950035795795,-0.4669569432373168,-0.1047673790349015,-0.25672847515116154,1.0550099764085636,-0.07096065846830207,1.507478610034393,-0.4124670044226254,2.0525334428320012,1.8614822416102579,1.6070578190577993,-0.25230572907068094,0.49053401821801934,-0.11930327942097838,2.033146767693113,3.008377196648746,1.2073769369409781,1.9304013992572309,0.45358351803466446,-0.6335052821450596,-1.288481242151493,-0.4186543987646977,-0.6304496746357895,0.4141265062609382,-0.8435174542500415,-0.4567020728932538,-0.0010274864861024341,-0.7241209887078777,-0.4451477003706938,-0.7095145872610115,0.11045010811983853,-0.44594537483888547,0.528991445046918,0.16248442588057962,-0.09778989657437473,-0.8770090600705548,0.2790104903034601,-0.4904020712777962,0.3815719493665176,-1.0455016839911444,2.6553412976716952,-0.6165960510935156,-0.9662166300318913,-0.18503147476178045,5.1792623108925735,-0.6454469041486347,-0.5219598678056856,-0.17526107345076358,0.33446050002821537,0.5943100092350271,0.3076289902337822,-1.0670286349990825,-0.004100615873952113,1.088364523075411,0.7297842512866812,0.4073091119489078,-0.12156002757202176,1.314664803175088,-1.5101614903684697,-0.7669062406265112,0.33584233098896854,-0.38669732247296684,0.5022092773878557,0.05679324851067429,2.5199426582797533,-0.2697407058513521,1.3388521471413717,2.4427512602537806,0.2030150627976744,-0.7065106581411155,-0.6777614700056255,0.3539589995972677,1.3311377482685003,0.5793113157007227,-0.6157472328019608,-0.7357565693227004,0.5050315096424375,1.34690766725367,-0.8002465774197103,-0.34267755449999565,0.5418348864027769,0.8095814323408047,-0.5515947751064406,-0.3783381635173356,0.8122510001400155,1.8666251883878984,0.08924717330724455,0.2569166239072291,3,مريان
-0.21223434697709181,0.04682809230318728,0.017047854080053243,0.1097391075649405,-0.11196116178889784,-0.2611469293692472,-0.21071868261848634,-0.36666547802893057,-0.043375377235551446,0.06478303240335072,0.3202509794500729,0.41524917366655917,-0.16725876685014163,0.10458370958192138,0.04380592650426988,-0.12095463948044687,-0.029775887787418263,0.0012640158262736637,0.051773264123944666,0.1741020541701075,-0.05988268785106925,-0.11358749280143632,-0.11893562389556725,0.04615118325758496,0.292307055431822,0.05334012381007388,-0.045142725301714405,0.024473886015033305,0.03002373333918968,0.023950239210930042,-0.05318361077943729,-0.017943800316879713,-0.15803665514363027,-0.09041641368192606,-0.16293889090337368,-0.1540783386476299,0.03188876971053006,-0.20708898611255197,-0.18319984723588492,0.062138244118256504,-0.0605322563844961,-0.0577949310071707,-0.0949047174464116,0.05210500426045464,0.06467099409926313,0.1303493410785994,0.05806750460687892,0.04907406022274586,-0.0943596944308859,-0.06088164996159457,-0.23919230772354041,-0.08276886407988425,0.1346375808372963,0.15552114202347864,-0.020474092687579236,-0.10336338306308514,-0.18693791198608264,-0.19681565370593324,-0.07293462361363874,-0.17644200139327973,0.1586160149558842,-0.5507193982966566,-0.18918957794885502,0.1201575652738122,-0.09037374851206159,0.0629628596434566,-0.1591951394994626,-0.043180668421700145,-0.09755171559553152,-0.23540040826414124,0.10293997561542825,-0.14928719568766377,0.28059682705886374,-0.04814601075291898,-0.1483806325615489,-0.13121864902172883,-0.31433012010161054,0.026906914941847996,-0.34917941087329646,0.23420773544671605,0.1397076074315689,-0.19135987910980878,0.03530554910133223,0.08318053555567387,0.6148337450438919,-0.15807220300509056,-0.15092250379124475,-0.12878825378559755,0.07200164055432766,0.025223208617248673,-0.0013805845579996884,0.21456216599716535,0.14780016153567013,0.24559062554683758,0.041508302632312595,0.027047020514627543,0.16461329512952716,0.11180129025591228,0.07458921925174712,0.018619263533564606,0.1564069395434098,0.21925197873410804,0.009844000278034608,-0.020138617190389205,-0.044768311904753215,-0.03444292395470561,0.09901801199430514,-0.5979219065439364,-0.6129252818102876,-0.24851060188407412,-0.030513469722777416,-0.4621036446170474,0.054125779385168535,2.338897394381008,-0.14792795382875634,0.2339403953507361,-0.3441360270000935,-0.8459267636883545,-0.4752254702145,1.606230456885813,-0.4123946579111703,2.394981773776471,0.29913226583252567,1.6335612021664105,1.1811072514122332,1.3385045701396097,0.1906230966873133,1.013680510830802,-0.024493387089769857,1.5959441797874923,3.2572849766919654,0.9270467743351755,2.238600600964238,0.4707263105774588,-0.11955967994279723,-1.7381228029122644,-0.2548680279339644,-1.318661947211121,0.031035368546435328,-0.8299485203274617,-0.36496110708060797,0.3625535729929443,0.21309339454913978,-0.9226632005389933,-1.2172350111517871,0.04951249952296151,-0.38512957223261685,1.362081972268307,-0.1724763851838397,-0.47248138244388604,-0.8060525977085149,0.15786728370165934,-0.260210351977189,0.7539977388687602,-1.1494129257812573,2.145814069172714,-0.22932445136611151,-0.48702685542220386,0.16396930515477057,1.7571567984249337,0.237719296493661,-0.8012335186709433,-0.24360668560164084,-0.054053016656013565,0.7578655069833298,0.49875053410325715,-1.1635245012460853,-0.480499779088764,0.7747088607664776,0.8179867845787782,0.46288569753773406,-0.7587327966167612,0.8534212780946553,-1.3833472830562532,-0.7085448645252136,0.7736767336345974,-1.1001977859444632,-0.04552603234372705,-0.32121777455604306,2.529930755680006,-0.5227535431844784,0.8996724922825082,2.157005278317135,0.48231954318637404,-0.3768220636471087,-0.3535025508390459,-0.07015857014133942,0.4278854811827785,0.7138371315268904,0.05797108414386715,-0.5766275319896145,0.08088068062965226,1.0957048355188632,-0.2099503281635407,-0.2539369597922219,0.7037051283511332,0.3842483971874642,-0.2086289984321284,-0.5246499646756315,-0.07018832336101688,0.8507548639969577,-0.6352023902846664,0.5278121806641617,3,مريان
-0.11946764795466466,-0.04390059234014848,0.088892994421739,-0.04786811588381289,-0.23770204766940328,-0.16349229987616465,-0.12093793740515643,-0.2643604591115343,-0.07612961795808275,-0.014525374773215496,0.22068768731766347,0.4553124863965525,-0.20862367329435708,0.04626961764540605,-0.0054551714162819655,-0.0909770999632538,-0.017007458215358328,-0.04874563177234197,0.07164158571317425,0.1981538249560357,-0.07806885584973036,-0.08585852457888556,-0.10201160710943523,0.07827143080588803,0.31831887390937513,0.0649844665837429,-0.08000967512068734,-0.10061111627635011,-0.0160717143980914,0.14656340933018766,-0.14509658346348778,0.05537562513291107,-0.18072722993716542,-0.21225110089760268,-0.15204166261243662,-0.17881973879651802,-0.11206832720054477,-0.10649395232119098,-0.024195051791303282,0.0600204535524208,-0.005603813810218381,-0.06162631327283648,-0.04725048006584239,-0.03527354311785583,0.10828934851727923,0.1244134113467512,0.18715086907721165,-0.005597301931947396,-0.08583116979115411,-0.004056231508123403,-0.343858769002318,-0.029774862183274332,0.11443822224984745,0.08247632635901228,0.06950514144586013,0.0067832839029132895,-0.1597968616056601,-0.06890446952845657,-0.07789076322067827,-0.26320090967597193,0.10041070605387303,-0.593925774456882,-0.21744942890302957,0.08324281200780934,-0.08335540490006514,0.06621634990516535,-0.17089135940058123,0.025369454959499552,-0.15238034333443126,-0.30779658937870297,0.188945005135841,-0.16659691846298186,0.25263775156215473,-0.12087698125822831,-0.1642723340900967,-0.20740674109832824,-0.3065757171005598,0.0436882052321767,-0.45137208907193127,0.167322561550664,0.1362117185267236,-0.2317007533116023,0.09587913965830346,0.03698477157498431,0.6922491382536301,-0.13273630711839052,-0.07764229761551031,-0.2179399811848008,0.050267975016181535,0.0856953904999676,0.005949096436508341,0.27030703529045574,0.09595413696694895,0.20384282398373998,0.1465009946039218,-0.0006622219463633322,0.191347271736139,0.1010345322069588,0.07456715190203086,0.012507326957099867,0.17890984972502375,0.22872242904627108,0.04795780397177453,-0.08967233429309439,-0.05233169154123096,0.5999126395054205,0.47089226675178697,0.9083453951589047,0.6871204018652909,-0.7733224386632204,-0.21228565222023701,-0.822895332872513,1.264456270418153,3.6316085163015726,0.37266345873582,0.2893251174103178,-0.7107027047972047,-0.36537372497958,-0.4207822856711686,1.3412605689350916,-0.25404543445434985,0.7591057646534447,-0.15891061452618424,1.4566734681521318,0.5278629201706844,0.6730430134910386,0.5319938657660134,0.5109779651017968,-0.2142742526843122,1.143167235388788,2.154958305352167,0.48077619348828005,1.479313743425931,-0.2651547553511584,-0.14479227610114992,-1.343066693575582,-0.5715494062756359,-1.0219552892255064,0.26513979586044883,-0.3930064120645356,-1.0270868736236438,0.5845603608617431,-0.29481601668639,-0.5150016284063779,-0.6460563661656834,0.4746567386813408,-0.38759863530985184,1.5972310523174884,-0.6263190484441077,-0.1194572185034062,-1.0858970673448312,-0.6650953873095871,-0.6167598944366671,0.5997637642709384,-1.0169497558218539,0.9165338977048472,-1.064170144912932,-0.3784859672819157,0.17956388244502905,-0.055425682203039776,-0.32373511175686537,-0.7644797012876942,-0.08592122938830375,-0.4612683759825143,0.07091113280875956,0.15514419893857126,-1.1723928527347256,-0.608973458941788,0.5315991608519448,0.5715390372048013,0.4299540614883368,-0.7656372165540555,0.7959622402667113,-1.4332562549112906,-0.6059037579915537,0.2723961200750904,-1.1107416657879512,-0.6525567674293734,-0.4017317203529696,3.108448119903257,-0.32356456362615393,1.0768495260704296,2.096506467549501,-0.18398149710267014,-0.5551401294525804,-0.5850293489534119,-0.12023138572977395,-0.03536251362563987,0.4585699098851335,0.11303318697809478,-0.6342646544219713,0.40831777045971435,1.1456126226555523,-0.7876111669905579,-0.031833579921280504,-0.6764000946686224,0.07949960200674203,0.3052244568861925,-0.4804503289193569,0.40027200794773976,0.6526341561330218,-0.4428347273382785,0.15481266238376062,3,مريان
-0.11376754384952113,-0.1035468412677359,0.1390979926584592,-0.12830931872828788,-0.25887936691706975,-0.10906173120553202,-0.1529553156057087,-0.22945839863248804,-0.07500271906668834,-0.03769335718229118,0.25545394695022006,0.3728170986281856,-0.2487612187165375,-0.04332910029924011,-0.04991377975771283,-0.17246582647005765,-0.0530635949519488,-0.0807751217387786,0.051268530871987426,0.18741109709250636,-0.07408428940611407,-0.0676380082274496,-0.0917417014161567,0.09824360183818524,0.23053262829061164,0.06780207605639617,-0.09894038404269978,-0.12638636128392147,-0.020175318264343267,-0.029611696603774124,-0.24396552846979222,-0.04340615563589552,-0.14498695653881996,-0.19585203871209733,-0.09881145615395585,-0.16558213102458932,-0.051768987478677156,-0.06383114292903226,0.09377033710851933,0.11806548937126389,0.01906724199228933,-0.08384029545862026,-0.07343905829065471,-0.029769699752656465,0.17554698488222392,0.1124316894747216,0.16682199431152342,-0.0496216702259618,-0.05243577058267071,-0.06978859017687296,-0.3521031907260073,0.013077494041440346,0.16988284451158053,0.0612388504745323,0.017646804430511337,-0.11254229373600308,-0.18438050728136401,-0.15860585496350216,0.017141567632608688,-0.262865007046778,0.09918447727645589,-0.6543038297922128,-0.2023647087488614,0.012216038328872808,-0.05211047313585951,0.06496387072588164,-0.10587964664325146,0.06120155688677578,-0.07707703432094018,-0.31762851899743755,0.20284928079620596,-0.17371340987278877,0.2786549971185708,-0.06205123874590447,-0.10975312160732142,-0.21851671141351534,-0.33103041900343533,0.03935754397488873,-0.4597706781089342,0.12719832734351505,0.11682584442005275,-0.22394159517797546,0.07052601377074881,0.006341249076906319,0.7215034989149904,-0.13529879517436333,-0.04218237796686894,-0.24397434376287205,0.06067907890852902,0.04831655782253492,-0.0033315729604936626,0.26135498293336573,0.03732455715875738,0.1913877141953469,0.1143315630282998,0.011541379579298246,0.1704810522256304,0.0759487889420359,0.023408838564211668,0.014211137793878875,0.13022999795905305,0.19990966130448806,0.07183233185483369,-0.1500099858170134,-0.01589998953014429,0.8744690044018111,0.3857877222747034,0.46575623744656697,-0.36027334678483103,-0.29153042962185827,-0.23623922642956457,-0.7152407785445046,0.6348843704187696,2.9658585158511093,-0.07595372367666088,-0.427359065767682,-0.6834965313924597,-0.6752625576449457,-0.9183339685929263,0.700159255743496,-0.07928804215851197,1.4235827161097836,0.7542572887606616,0.15977113358067266,-1.1100536900133255,-0.682593110409738,0.06827160367167229,0.1749602334192754,-0.23296527812109086,0.007866134783163434,1.122640820666131,-0.6362665045258755,0.1690056951975649,-0.7483750059191256,-0.569944604242967,-1.7536710248411433,-0.3998138821513079,-1.1387296695218532,0.19333480761790392,-0.2229423270492841,-1.3082958724155613,0.567141930705068,-0.0691038706631095,-0.3473629509084325,-0.9712078541060264,-0.3880533922822723,-0.2290246335185044,1.6043013738801717,-0.4930612644571364,-0.3222540070304467,-1.0416429179234423,-0.819251614740184,-0.8344682886317565,-0.09581083447739877,-1.4374684466731191,1.3161170149263313,-0.8905800717306787,-0.10071497945025225,0.16837675427508436,-0.31085559739293905,-0.45876286812082184,-0.5291836863546178,-0.02549884401618634,2.503121497129215,-0.11412030274598511,-0.7393087359135846,-1.1917082341024134,1.1339871297331507,-0.3495751755826605,0.5606596531639608,0.39989964943257483,1.3520721485634817,-0.10782400910150601,-1.4198450184587943,-0.7704224716646161,0.31053165502082253,-0.9578289974369345,-1.1450020386288016,-0.47707593803686144,2.9542372281534375,-0.010549618076562257,0.9442939411347632,1.8946795014503586,-0.07178914955245143,-0.7162799452397715,-0.8536258276186182,-0.04156565037312426,0.9922988075398573,-0.4372541097980812,-0.08251771027815029,-0.7155672237279689,2.2369082685962614,0.9149720574851402,-0.872776826079823,-0.19959627668286922,0.03122924072493338,-0.42981454892588333,0.18054710973707555,-0.5495708197344877,2.134702529687413,0.49421462836115904,-0.9830085503594785,0.3238260309063645,3,مريان
-0.1451012739361599,-0.13895418967788917,0.12141082646003586,-0.12221144381401107,-0.27912704824862083,-0.10370901514147703,-0.16958676523705465,-0.21025375140329997,-0.052171058804225304,-0.0754902653970874,0.029827655993152034,0.2689993422796257,-0.16047279257660352,-0.1259798301922208,-0.13011778291109016,-0.14889756485214314,-0.050741627427563975,0.045077950133572554,-0.008489568933261697,0.17456813980814123,-0.24937982565931008,-0.21622930363968293,-0.1625464180949557,0.10292612113875255,0.1341350365005149,0.06195472292093011,-0.19820790014196568,-0.3048836069932763,0.1744257839241226,-0.2004797980931521,-0.3903720367046921,-0.23551521754393,-0.20095263134141472,-0.303147163445815,-0.12976200260739135,-0.07660549409904441,-0.14656755390924756,-0.14411054169585652,0.025873798989135728,-0.13747269396555875,0.08740022105243664,-0.05762560149456053,-0.07175526778729714,-0.22043140905389627,0.0865275597097195,0.0014074543190226302,0.012590373058874118,-0.06363222763945053,0.019447508542645976,-0.11498216845108215,-0.38172678123609327,-0.12330823996131716,0.027346993680171704,-0.023620003063921948,-0.11523710253590687,-0.16150345361754653,-0.21297121125748109,-0.2693815233482131,0.08570375141425977,-0.28654463806304675,-0.03357070511475328,-0.8750714108382338,-0.3666472197613279,-0.13974900615723468,0.007190864775024853,0.10006339996897395,-0.10762354920132658,0.103493134447303,-0.08258024368337757,-0.5312845944503308,0.07039662449609468,-0.3433464423146003,0.25521078949177306,-0.12194835711878127,-0.1461191222453503,-0.16082618933829587,-0.3150860718156892,-0.05764741403847549,-0.5354559064060284,0.151047175864082,0.16603236619807835,-0.2220269297710496,-0.026377681668253994,-0.05715841407351778,0.6093804884079205,-0.15262976875782144,-0.0710611317523356,-0.4018470694931373,0.026073214100104138,-0.013935130889045359,-0.05043638799038023,0.21405731137414866,0.001227829644804853,0.09048887197757033,0.18902311909747888,-0.11745723411283633,0.035780460173426794,0.26639571726866507,-0.08822844834538233,-0.05953260526093882,0.12329634107725931,0.20121012901126262,-0.1159653222155606,-0.1437585728243239,-0.07663306340468384,0.558751658271531,0.42486321312188474,1.4557908446795669,0.7577751406345423,-1.4984670463435052,-0.774926080909902,-1.08611799608312,1.4656339878900657,4.074430544578067,-0.39089388125465413,-0.6144465730239718,-1.0688129460061757,-0.4074307810404305,-0.6975884206291213,-0.7252841881400929,-0.5746394669898716,0.27297994019092864,-0.283189069943888,-0.10292631434553334,-1.152363960752312,-1.0008158781715513,-0.7373811927925259,-0.44710152344812326,-0.5409568601606377,-0.7633757515333996,0.570435732509497,-0.9271552137156817,-0.20597797066495607,-0.3324548470063395,-0.7640684462387022,-0.9777919732540787,-0.45759459981403744,-1.5824486695311786,0.4073928646448499,-0.426332290953771,-1.327751764901133,0.46808911594337377,-0.3181773737265675,-0.344961115057509,-1.326758851869149,0.2839189909172107,-0.6812417271321727,1.293977988945723,-0.8532491872322877,-0.8495102492487044,-1.014111055066864,-0.2918016955515352,0.1884581065572461,-0.374503075022782,-1.2792635529473253,1.2459576583396554,-0.7897617858442005,-1.1086298153641936,-0.09264715069648001,0.3057565801694982,-0.064160798768838,-0.917875639736587,-0.8417388767842329,1.5630115392001505,-0.36299982430749067,-0.9742145162625885,-1.0176541742519898,0.3223341269026949,-1.1693290875320934,0.4758721981233337,0.23279740327467158,0.802452552909086,-1.1483987702764924,-2.024442714588534,-0.6803341547968477,1.7742790609660442,-1.1096819086747525,-1.1909433598051813,-0.15951802416318728,3.5061515499143594,-0.19414676773548903,0.8086592865873471,1.6100563711374143,1.4094910615765153,-0.6970022321904297,-0.9196491795015189,-0.5710027404666557,1.466963489967535,-1.0014400102652348,-0.5002305293181142,-0.7848625854797945,0.9740863971693209,0.289012865976843,-1.4903095368988273,-0.5095959570357099,0.41086001841351943,-1.0542668084223066,-0.38222711034002915,-1.1162048855964104,1.8374938532856508,-0.7594213687830348,-1.4093994925555462,-0.18600328769736574,3,مريان
-0.41266729380564066,0.21659787820335616,-0.0012608961217833133,0.22559016845673818,0.23755321253587125,0.16410190652672604,-0.09875561449147757,-0.3469727981508025,-0.11040200501608317,-0.06403831425002038,-0.10454655595017785,0.15017524339907612,0.032832245585947946,0.2075700738381207,-0.16730661146664205,0.018404923461534807,0.23830908194880754,0.37879432391683426,0.08681438862375841,0.04644177943286121,-0.15657696271668467,-0.17618599692328477,-0.1107923065879992,0.21788225885343918,0.03986065411806935,0.4086168799879462,0.2593917062045349,0.13499570666740035,0.03271686435278759,0.10158076106763715,0.2378165871572999,-0.19162125631762547,-0.15999693134074963,0.056249212591504116,-0.0432941387807515,-0.04240677763795871,-0.16905335767476526,-0.11528359766307676,0.04509623007764572,0.018027438241333103,0.059333869144610474,0.10695454085678711,0.07030569155250814,-0.0246183938296064,-0.24994736993311703,0.186420203030609,0.03114021809865533,-0.10009447876326248,0.06248378021130104,0.06693851043260064,-0.036047995504292746,0.16860906744958418,0.11698611242609945,-0.09154195924716745,0.027572442788880498,0.09511322801646459,-0.0743191774236788,-0.0407988921143793,0.12159576685477731,0.16402909297027685,-0.24652096066128518,0.3259677560846499,-0.019316250718048454,-0.07961999179769783,0.12637084235773025,0.07905663229317016,-0.24198650669115657,-0.043680899578122545,-0.12896633715937675,-0.17055282788076917,-0.19007152112558154,0.20586569957209813,0.12438482987784862,-0.07194538308441857,-0.45559291097222293,-0.24827698990005975,-0.21521153202045867,-0.32786899184643026,0.014074786712904245,0.022995380612716186,-0.034390499414525114,-0.23097594607457034,-0.09765229272085561,-0.10434436228983122,0.17867825950033736,0.007739310355787137,-0.028473584789478257,-0.12027682608137143,-0.1751685918983279,-0.2382511159893765,-0.05450303987568269,0.1483573280231787,0.08372074696483751,0.1541548776607695,-0.09314691509050253,0.1680911968591247,0.05026596881597703,-0.316254552540454,-0.14927033383610855,0.09153670850932982,0.07440752738278686,0.24414926364933592,-0.026153853888572734,-0.0073528681658159055,-0.13679459791380624,-1.0872554005565573,-1.006127624320178,0.9931396677423098,-0.06848600628549395,0.5396145494513416,-0.9121551745873315,-0.9129170047319276,-1.0654605638335675,-0.22032753520656373,0.6650438884689771,-0.8158850533036142,-0.5053401879694346,-0.41151387276610246,-0.5702761144926837,2.3373736809058716,3.5285220078696233,0.23217210745808292,3.195478479885527,2.49094750231438,2.293965853654131,2.4382051705433003,1.9128626792367196,2.8293281611498786,-0.15008306237180072,1.1658976091414597,3.7127579911692226,1.0285260445531188,2.565646419621248,-1.4087915807283335,-0.4302849180626277,0.05180219285808912,-1.5898611952871953,-0.8504622298541581,-0.801266353539454,-0.41820796406383104,-1.5100009599202113,-0.7159531078391889,-0.5956770376809476,0.09272262157990113,-0.27634366339529776,-0.9918327973357224,-0.3238357740545324,-0.5254884642219902,1.438165873932034,0.13911966939136577,-1.3424351289563454,-0.8170953765869089,3.192954600580547,-0.34820927114701683,-1.3614771234229543,-0.46332229931893804,1.123157133137767,-0.7126184869757193,0.004397404802226276,0.14282199577102742,1.94888896637191,-0.3052263061379106,-1.3039244476941574,-0.7850282912652061,0.9423479874636992,-0.11842055216122563,-0.882721542977679,-0.6471283398636059,0.8652786956576296,-0.006513867993545105,-0.6808039650245701,-0.8668272984741261,1.3622156380989194,1.2478693360990187,-1.0479510886151726,-0.1336596946092055,1.146940349891691,-0.19094403198501084,-0.6691775337497834,1.7002594997934717,2.1546747858581274,-0.16063033735471144,-0.5823025161097731,-0.518213519306042,-0.5669083343497647,-0.6952486934692959,-1.3084212244054512,-0.5114729210991242,0.2676762489250356,0.8308717043364032,-0.5400121701779613,-0.527144191215753,2.4005746555074117,0.7551992727628968,-0.6414435887650349,-0.3393994240128081,0.22317893085954038,0.3374993706733795,0.10108295089379314,0.25327171755168737,1.3177427311834737,0.16242105045521965,-1.0777927460925243,1,مريان
-0.555634032765484,0.3814868420584387,-0.002367201066887387,0.29966611880998345,0.18269439585451905,0.2166929986802404,-0.06251861512128362,-0.2882374204536082,-0.13017560898222105,-0.06107413249204492,-0.14571930978154754,0.16579618536550436,0.07810683672513813,0.2289119414540172,-0.09175656337494782,-0.05258899131960512,0.25560422125134,0.42646744354405874,-0.03399041712045223,0.052437065121309114,-0.06292268874582019,-0.20022855917125068,-0.07957550599028745,0.20954718417738755,0.05786269461843194,0.31504716181494,0.21774300736817398,0.1086101422956612,0.024301093606563007,0.14797490889381404,0.21807034956784752,-0.08871944946758097,-0.0669287475482479,0.13349836763683307,-0.07879015192273196,-0.1108901419451354,-0.21718138008220775,-0.005149088143755073,0.16177669350963736,-0.02455037367782412,0.11262063420100883,0.1656346454591902,0.11538200389950963,0.06898915493518025,-0.23830246044666542,0.10539337014565431,0.124113460055661,-0.1334420731587187,0.096717367718505,0.03708577051156925,-0.08009264617382265,0.17591030554621637,0.0985979800631289,-0.08172513724973077,-0.0005005628732943866,0.13528682594630992,-0.04286541026159641,-0.08963906155714757,0.08815526662259174,0.11063888206808199,-0.20115298492978698,0.3865517421965611,-0.036247288154930994,-0.1070722215106808,0.043437635084755045,0.03654411870610588,-0.2278000415411765,-0.031494584079577684,-0.06983442335958324,-0.1775660545549691,-0.08835953689022599,0.1851009446233647,0.15267920479805291,-0.0687673095881394,-0.5065233965850171,-0.22993471240389413,-0.20166906659402092,-0.24294611328192262,-0.07620356903699922,0.04043332508223491,-0.052388719820827136,-0.25772099637188756,-0.08947664373238202,-0.022790538160627177,0.2675608273627273,0.04975958044852618,-0.019661486118757,-0.035632233284198726,-0.21811513359111726,-0.21698504297304314,0.01892344685405636,0.17042361643441273,0.063596654701471,0.15952146040274426,-0.08778935307983987,0.13843943013482082,0.0851294367224616,-0.3733940214412431,-0.15055399698441638,0.04275176155789301,0.12393403641601601,0.17137516295687086,0.08772412738266475,0.06432669203724362,-0.062196333620949965,-1.1208152187516058,-0.8339231864522542,0.6230041220210859,-0.20600250324969574,-0.3017734396210626,-0.6440154257054784,-0.75397298532052,-1.3179722094377992,0.4065651388731943,0.971430275815645,-0.12228170424581594,0.0057041152636137914,-0.47062285472388177,-0.19922269174654725,2.1478020457689544,3.5698925993394126,0.50451508531424,2.8349648151220443,1.90075178126902,1.4954996341685376,1.8524394257251036,1.7080934022976144,2.801372332867767,0.13976094578297432,0.592478061402616,2.829659212301528,0.5466635435786703,2.124210965242987,-1.0910163096113163,-0.9773312273930749,0.12963335046463628,-0.5084513832112716,-0.3003551497224802,-0.6629194782674529,0.1184688251642595,-1.742687863447606,-0.5072217038503387,-0.8317415454124585,-0.19055773480736476,-0.4517227821478566,-0.6391229123383237,-0.0741252291244198,-0.6692780318634126,0.9175345093686232,-0.7924205452663394,-1.2868002622803776,-0.7705594047826928,3.890147649936709,-0.840618929340006,-1.2260841745604918,0.13246792360269694,-0.19253310751351074,-0.4406926988496497,0.15748010103347287,1.2555015783957724,1.6974443166894275,-0.561487239484461,-1.2545453243613884,-0.2983253392859226,1.12410590234323,-0.3968097765635948,-0.932578839589687,-0.846934508289481,1.563977012512638,0.06888987079706374,-0.5514235235245503,-0.8222973326442635,1.9124395698079555,1.719310112833309,-1.142338503855351,0.25736421973503926,0.8678263700873408,-1.015050134714262,-0.6387130241008684,0.5678476610677483,2.2913437689652683,0.17028860215031938,-0.5870508083688959,-0.06376633917816413,0.04179150325815169,-0.5085915009706913,-0.7699044029621614,-0.6216041926465333,0.6305400784194216,1.2616669207674702,-0.6049253697675248,-0.1085716287732353,2.400782090111349,0.5188711707509228,-0.6121481103282422,-1.0729291134174554,1.3940682632862587,0.8521197617605161,0.42685719515155673,-0.3156861436475844,1.941742692096156,0.3319358574695813,-1.0398417510165074,1,مريان
-0.5850289071346099,0.3655416557084177,-0.037306347957562616,0.36446556339745995,0.18597901519357937,0.214833982392646,-0.0725950635137367,-0.21569832906124997,-0.18460882968844103,-0.03442955654621255,-0.24101720106962055,0.324721211788563,0.06442780020705496,0.3099155799965249,-0.08216852552200743,-0.010569979702452485,0.23720209664130257,0.3593063189540806,0.11479424506886174,0.060490264995287917,-0.002183466701417772,-0.1642735060377798,-0.023745170737967444,0.1991689906238741,0.1053915304660661,0.2839669552968218,0.20003736721526594,0.0909039046818787,-0.006702148876697121,0.19637785379637232,0.2318331951603618,-0.04197025686581344,-0.03992441115542285,0.06891185324252559,-0.11522280356008706,-0.044013577995089814,-0.189975809323993,-0.06924387379846175,0.24778115495320444,0.014324499074869573,0.1303584709848122,0.2003547355543654,0.13213567382675517,0.0504371432406087,-0.19337219748006168,0.03214050236266848,0.1667122939767062,-0.15396302250405552,0.17305147491568634,0.06135749394075836,-0.03800821128737696,0.14892966187611745,0.13156335503907748,-0.08280255906496585,-0.06903120334103251,0.14489946780814325,-0.09139621711628725,-0.07810485564104344,0.1584053018776708,0.08118443788296714,-0.19310900893541252,0.3855870729796778,-0.04147340181041227,-0.19210379476101772,0.056578699374439136,0.005887140771434569,-0.23870145015171584,-0.06455821429234206,0.00782131539186237,-0.1875307909084724,-0.0981821236992305,0.11561203333980763,0.17433817025244353,-0.09749780107891842,-0.5263865495454585,-0.1399273617447081,-0.21611584305689663,-0.23127902543871812,-0.14954218880991804,0.014961530073402991,-0.09976852638015342,-0.2474673857964137,-0.016439984495855403,0.003593112412791675,0.3762301314592009,0.09971415259505412,-0.07873756071948747,-0.04264983094153161,-0.14716360796891093,-0.2652158907913845,0.08703534501071113,0.20519656578312576,-0.04613343258780161,0.17435304211949323,-0.13583435087949952,0.09958961398349912,0.05333272919146136,-0.3311498985553884,-0.23164445883417215,0.012910382227369165,0.12079501101496491,0.20892382921462577,0.09160351180211214,0.07436494284157653,-0.019621896549281675,-0.4619971861412264,0.06387601848168874,0.8553187754575338,0.8213708868897088,-0.8582243554735458,-0.9803887712089774,-0.8168709793412043,-1.2169875919673432,1.2960939754923666,1.5061218642853675,-0.2838220138491319,-0.43414130503029486,-0.4471565812440161,-0.5362341209629143,1.894386515141074,3.861956862462671,0.31020382979199534,3.1142423491931566,3.22351165330823,1.8049856483198419,1.7712986268736524,1.2423721449014176,2.635099401558478,-0.5399411630433916,1.10946652712778,3.5669788698477474,0.40384919291264615,1.9462689996618399,-0.9658569185603825,-1.2249638468072472,-0.02695369660744737,-0.4738905821958608,-0.6004859079432976,-0.08730315950206194,0.6350075432901403,-1.6161692177827203,0.003617371510709324,-0.09469134933352646,-0.21010013464855434,-0.4945920668934686,0.5161601635536337,-0.1538736443759677,0.21680862941811302,0.8692385763744265,-0.8624285739500772,-1.4059762624068401,-0.569124355514055,3.32163947419552,-2.3309793626709534,-1.1489285310639847,0.9099853995080474,-0.4887613864168648,-0.46777659041269454,0.1482887440646786,1.5868239011932967,1.5722850936228137,-0.4210710034147425,-1.2820780479005323,-0.9302424627649272,2.2321502566344162,-0.13333066781883826,-1.0479233977360416,-0.708995437549026,1.1996649169579263,0.168886107156788,-0.4593790458862902,-0.2734373163387261,1.410926109881243,1.5432873790034698,-0.9869253512584168,1.4447671452776922,0.36865466564995164,-1.4485504260805482,-0.813353342690916,3.114165427338711,1.5757695713442097,0.011010387672112022,-0.6799418550371419,0.5080623460313546,-0.7137252939965155,-0.11075687076098614,0.5143309094816754,-0.4172549350935298,0.3624542551347972,0.9028412413938164,-0.02774843835115975,0.08771339535217373,2.29886686348505,0.07837001427184627,-0.5286886727968207,-0.11987362231469266,0.08976068616818841,0.49053890672359723,0.8570722140195082,1.035792205328441,1.6395601413192864,0.9857521211442604,-1.3657575217050826,1,مريان
-0.6057200119835477,0.33810439638363554,-0.10731995663686375,0.3631906919007034,0.12297291743858196,0.15314153779240414,-0.09981907407750813,-0.1822314154848622,-0.2665562302714944,-0.0008806439538565055,-0.15099331474028793,0.3066147418502575,0.04942391078501043,0.4198329078137349,-0.036475371121188815,-0.06857041302049893,0.3482498594683601,0.28255873514383123,0.033833119484497826,0.1318173508490791,0.1045228500675548,-0.13188707691234636,-0.018658910258954883,0.022921843012985676,0.102569421402859,0.266879707370756,0.16535457543117368,0.13799620122918163,0.14326456497421836,0.1763232129099511,0.19839336394413862,-0.1441159725855171,-0.1184723294507704,0.049122117741182345,-0.09161753920534532,-0.021917231376093492,-0.17438921664476106,-0.08814055836265687,0.2666524557587683,-0.0417457355937904,0.20488753194806117,0.21959871729515348,0.12786228323567744,-0.06756058316897667,-0.1491088062274276,0.10552885556041283,0.18223834888573642,-0.14702361997719468,0.2918210512480949,0.1362128535515914,-0.03972553113320237,0.11046968659968899,0.17546538067984352,-0.10696744938656992,0.0072328878103795615,0.0846980266399034,-0.11429212644937789,-0.1641477908741012,0.0591465930223424,-0.010112616729569389,-0.2629577825374133,0.45310156122257345,-0.02462313845429043,-0.2107835223706369,-0.0483412075681887,-0.02323587062584505,-0.2113112093651272,-0.12453133379159077,-0.039445702457516614,-0.23300869241451191,-0.10668136739964362,0.09163879274986446,0.2791141177755264,-0.07661572905469712,-0.5934871738718712,-0.039799936659268426,-0.20296477614998157,-0.2261192852830045,-0.20389446271481879,0.04307429690544087,-0.10853978401077803,-0.2244512561804759,0.015674901124953275,0.07379856966949568,0.40244517876328373,0.1467030536370764,-0.08674460925275064,-0.08458415177188942,-0.08235358035523939,-0.25389528359591335,0.14029595609805853,0.1312761489745262,0.00583863881370506,0.10660410745599233,-0.12119585226654536,0.1382239269760287,0.07719933184268485,-0.34361571403676744,-0.310821749312303,0.07394983553265753,0.07024613422533714,0.23842202431675583,0.13086534168864916,0.04296938752284261,-0.0735136445944734,-0.2562673470548049,0.05179938617879295,0.49470522471320744,0.8541198136153999,-0.18576361561259458,-0.1524028553176367,-0.4674647255030088,-1.9547534031942027,1.923140483284357,2.4560243443551726,0.13274761272759095,0.4501268629536911,-0.12599416650659098,0.7312799770463888,1.342403943172461,2.7178405785787656,0.2867350812989717,2.0331467907926366,2.8745869768536974,1.032307829695785,1.0889061455085165,0.4804606394932561,2.50874992081295,-0.6651341059286787,0.36636821485345006,2.95651172428014,-0.14040788995272782,1.3753555096982164,-0.6526508978200624,-1.2357132825451034,1.082678495519274,-0.14426655974553076,-0.852555338525639,-0.2905587059310453,0.1621618545290102,-1.5172142295925708,-0.18759115948619742,0.1254172449751041,-0.0006587275063709401,-0.4726573412050789,0.17042746549472784,-0.19565741043722762,1.093170857824584,0.9523241052772599,-1.001959534647983,-1.5266921114782248,-0.7751089962442016,2.828278581005759,-1.3190640312897988,0.18134242697372088,0.151050255793081,1.1428670239226848,-0.8695659076448268,0.168044192221577,0.6825007613264051,1.7630798354474553,0.03223245537771774,-1.2971634705071464,1.255227402002875,1.6285242522081365,0.18015510769858342,-0.8682192486199183,0.6379673589336491,0.8657553574875412,0.13110825820394503,-0.45255923839529266,0.5840949653633288,1.0396010023226245,1.3451916784617561,-1.0167807163375662,0.1764788488645571,0.4517809143095734,-2.1645366625331417,-0.7677981244695632,3.728514026847854,1.2967151941536212,-0.15766933025440788,-0.687759439945396,1.01951009388756,-0.01707670195965073,-0.31370925024188506,0.3094698272727752,0.4407271168907954,0.0373915482544692,0.6244630690564582,0.16727555787974932,2.157052352850451,1.9244087287917198,0.4712150427134128,-0.5692956479720498,-0.418433683892749,-0.369166477977403,0.8270849541920996,0.5023008920073095,2.578964786740413,1.3230966153086892,0.24723587333861569,-1.7036677196990395,1,مريان
-0.5712875976351146,0.3606940204099419,-0.18165225174983288,0.3461928532941598,0.05420835021255813,0.11809791731012255,-0.07889487464815813,-0.2571340945938203,-0.29294035579700145,-0.01847470497526916,-0.06274991068620768,0.3680448254328717,0.11940945040460836,0.48612849366837124,-0.047596080072068246,-0.06686194089144695,0.39702754709478216,0.21086272463994243,0.015503058944686982,0.14986000170981634,0.12758498793092463,-0.14472902768841814,-0.03062884041350752,0.05069346591492664,0.0733144879833878,0.2044671188256848,0.21992068158801642,0.20060198934706436,0.11247348599378414,0.23904678311099006,0.3369187192268982,-0.13187331421421705,-0.15380880909783295,0.015475344616972694,-0.08781051759762978,-0.06038468886246771,-0.14079707369072722,-0.1094316922850415,0.21452192971844597,-0.014900396905700443,0.2246480547702258,0.27949426287872436,0.1164709634651679,0.047682285642434596,-0.08042809704056393,0.12431470956243057,0.17248838327647403,-0.14388583355816426,0.32177824836208435,0.021981279210433954,-0.019924083330370167,0.16389835769573272,0.14687290651982485,-0.14120823439758728,-0.026346493913217313,-0.018761007940061823,-0.11036570673989979,-0.21815076068601746,0.006447659054211681,-0.022195051040628567,-0.24412220060419068,0.4686474620953257,-0.09686632432224766,-0.24965649182541094,-0.054024850662531744,-0.10335330098972319,-0.189993959247957,-0.12266847922208492,-0.013617399402029152,-0.14436938453714102,-0.10585190496945257,0.0300683464453881,0.13536307951249962,-0.04719452830509434,-0.5028914243163842,0.02871903016889047,-0.18319663862786806,-0.15855543889579843,-0.24515118609458006,0.049638442929308156,-0.09293391424368323,-0.21294043452096126,0.03218864471468128,0.10418173934875938,0.4193818648379874,0.18514106042724623,-0.08600409792798036,-0.07989167708410952,-0.02212579242341823,-0.14815723945457737,0.12222148391828967,0.17635717708945695,-0.038868645268937206,0.10371466094281892,-0.012307693383943327,0.13599497081939177,0.13449904306816976,-0.30257744777242285,-0.2648454166408738,0.09379071352957721,0.13190644959633163,0.3207600127566008,0.15392689134462323,0.11677281274187562,-0.06458028305285826,0.3004136923835901,0.47541961195394233,-0.45981234662775916,1.1131186391707444,-0.3369685027954526,-0.47664653119489775,-0.5739552728680831,-0.6249986250858564,3.374632444797075,1.8018165783719353,-0.1268616245577593,0.5040560071536582,-0.30842862334516424,0.11941422679201667,0.9972511783804432,2.1658837488419613,1.226811031180001,1.96708621337329,4.2258753963674796,1.067385888801661,0.7285695636446192,0.5191296876971566,1.8340509510202565,-0.1846734211580807,0.6822412711829801,2.8036505375619774,-0.26643122215959014,1.2555077164575579,-0.8484780486772642,-0.1943805453520945,0.31894007017860515,-0.09531448608821597,-1.0172958122098692,0.07540257662671855,0.8807896550775746,-1.4765934174238293,-0.05998946535639197,0.751802196480457,0.4458626167947497,-0.5514693857719228,0.9778745868771109,-0.43384191849395465,0.717450929310423,1.5272393252627727,-0.9640428367564906,-1.4864298209719835,1.7727149581454265,2.6513931459685165,-1.26505169588497,-0.32204969824254276,0.15659415948668787,2.281991757380854,0.03715525541288435,0.22818716143265882,5.196584518350411,1.3709480846145798,-0.009579214101263571,-1.3657856197194194,0.5281689992069859,2.9890901501571023,0.23525717436625518,-0.9443255273019598,1.30890736403363,1.4562522792033807,-0.38362507860416445,-0.2810221865470465,1.5648952884979164,1.6154446996144338,0.5227226064710063,-0.8053100610970471,1.2863754465545159,0.6214040889434834,-1.2871908042402491,-0.6522341472214729,4.67693429472902,1.3261654401696055,0.04664295808107825,-0.28135803685722155,0.12379496852940153,0.37054158457020037,-0.7513866497567747,0.6958383421326715,0.45470686085734374,0.6319664561372302,0.6083028491786838,0.12748478095214755,1.6383624733465616,2.844833527792633,0.45529751404411245,-0.36322774918885725,1.33036366282095,-0.11633115578320598,0.3119922036227967,1.1644253332700418,2.029530012366377,1.6914243886263913,-0.08142570890728351,-1.5725354282656046,1,مريان
-0.5109559506125247,0.30077070197874484,-0.147353385682248,0.376725830684161,0.1164272588868609,0.19359606842503146,-0.025773229854692697,-0.26546729118129814,-0.37867592960098906,0.025224697824713715,0.03323563507606517,0.16715883942337828,0.11799113086817602,0.5629707485969517,0.020579649682707365,0.043166864540162816,0.34918990118639187,0.1557448917140696,0.053517964715402974,0.1431629465766991,0.11806300694336444,-0.10219667506227492,-0.05747164241133689,0.005846581294649022,0.07183128276644435,0.2038513292746002,0.21964347889573027,0.16667791646695462,0.24462990287548478,0.26011456637195257,0.3196292331801798,-0.14475512987010003,-0.19860006340703124,-0.03231332517825268,-0.031127780138693214,-0.03759312045367717,-0.0647946811378403,-0.06854017698579273,0.3015716105313824,-0.027015170509232064,0.18241367713659362,0.2724570751340788,0.12038067610065284,0.029496652757473443,-0.017117853479565858,0.08971501390985125,0.07418240353102837,-0.11604753501778733,0.2427699577661937,0.044266281509530624,-0.06612244711130552,0.27914658051020436,0.13540157856534182,-0.2007852295603018,-0.007484873797604576,-0.10587871660934241,-0.1701218160017718,-0.278725033673315,0.027190641248865173,-0.08378670799102217,-0.24931230088691533,0.30511708962895306,-0.1247324257746451,-0.1486908869784104,0.005397425362249907,-0.04746304921991043,-0.44197943544896995,-0.07566870321887938,0.041433397203596886,-0.1557459667493729,-0.1543476255675735,0.09258305704380176,0.07408085509256973,-0.11946927228211388,-0.40023341761351905,0.006981923390590559,-0.21118290910663684,-0.2406408013879722,-0.187260795531801,-0.015588741875864308,-0.14253435124809882,-0.003480696706273577,0.030715702069872265,0.11626669480930184,0.3146338523614323,0.2403724585833437,-0.10042949196983651,-0.17639070076427785,-0.07232962912214766,-0.20436688402688322,0.15670738402762704,0.18212688155352702,0.01725298832926847,0.17724400439918359,0.05766133830139685,0.11720769782564212,0.05664141091524924,-0.23194933051562616,-0.26138213481617206,0.12763661843854834,0.07050433474540942,0.18824402538259669,0.19407900314259166,0.22252126073805675,-0.13462452342549347,-0.03567774384055445,0.21364660061859256,-0.22292937392666096,1.1477400878543464,-0.205302455018494,-0.07243529249321572,-0.3329798502432707,-1.670041048563052,2.307993810658215,1.2615865954519594,0.5317117534629783,1.0980794226888801,-0.36090418702564925,0.6246616874792805,0.7441231065745949,0.42805664857276304,1.821057427488781,0.33251792991005713,4.130747310381636,1.537796076235785,1.4422224221728719,0.015962529411604746,1.6082595371489086,0.06773416550019497,0.9351206427683274,3.045944219701343,0.46632626808576044,2.2534071585429842,-0.9036652329210874,-0.5747393134598751,-0.08677927011518756,0.5657988093729373,-0.827208949164946,-0.3767346040823221,-0.41201238752471164,-1.326451808076708,-0.0986850370846854,0.009657449638783693,0.16065106096815754,-0.7877269073058916,0.8428072947618684,-0.6702333319689524,0.2905839145112673,1.5939756633553563,-0.9902556622193944,-1.4345917669749715,0.23075587057516536,2.982064752025824,-1.783399783595996,-0.1249255654419216,-0.32589480461998105,2.497335883863822,-0.6492363260925477,0.13670904532207556,2.302441796777582,1.4748286364346301,0.16512573389144403,-1.2773000756806456,0.8274693247196768,2.7559757483379697,-0.02783376424305088,-0.8849594239213818,0.3877451367999315,1.4449737176571276,-0.04036113532392684,-0.2942918518111965,-0.17850322788052395,1.4986779025033614,2.112519040017347,-0.6823197377995617,0.09294159779452592,0.9757157947824705,-0.41583638426992986,-0.6577242434386259,2.10196662769655,1.8480247019773008,-0.13740215902198283,-0.37613724600761633,-0.010166131511479876,0.46744279557802776,0.05969259408415673,0.6092586014282687,0.25632785842405514,0.5943849806936357,0.44197500871121276,-0.020300650396989382,1.9013229526883582,2.110124142094623,0.07281479400129238,-0.2576067683592945,0.08750876992092914,0.7369536873514438,0.4554620286147215,1.061836188870267,0.2699293930726618,1.9284626193279972,-0.36796195255537545,-1.6073855809008535,1,مريان
-0.7004809364610292,0.2912743198122418,-0.10688644021477413,0.34956182544423964,0.01993132760447545,0.05815192031785105,-0.08273016211735082,-0.18275684918791668,-0.38441989605765986,0.004570772409064994,0.035434763305302104,0.16495504881047088,0.11543661997212445,0.4909094759608876,0.08023958267271217,-0.05122568852690203,0.316283041444376,0.14857848557109574,-0.054088668120532424,0.03588449007176956,0.1387110478585586,-0.037810230313661625,0.02626282359175302,0.013384093225896442,0.04455702611583674,0.1685802021234995,0.22398678425935822,0.18567576556212342,0.19885214904300322,0.1739011788709694,0.2815339203423855,-0.012606220615658945,-0.2094145994847652,0.06904315092808964,-0.04070696236983134,-0.1398081399952267,0.05984336567291297,-0.07415889549896647,0.16809583408026052,0.021337334113326178,0.21500733929059662,0.09580698509050765,0.10912726661718071,0.08633501197741526,0.03373269952678175,0.0920628390169031,0.05233367421606039,-0.12382892293253372,0.22761143624577113,-0.05770162292567263,-0.01205924902898385,0.19063640748810065,0.03872795517428954,-0.17083825618813045,-0.002311500088780865,-0.0593946161761955,-0.06631636158005956,-0.23703136456326257,0.006359952396624113,-0.10242921147221491,-0.2695494730412568,0.1785163735293828,-0.046320505756939814,-0.0433473723685344,-0.003382931881071812,0.05215378644234843,-0.42101681210794445,-0.07813347391677138,-0.016221810753280747,-0.30816613695467693,-0.06816458331197306,0.09911415065548655,-0.008490240617690416,-0.17032386899738533,-0.3607091243245772,0.011760977589762214,-0.1676963779756339,-0.3101060306997587,-0.22373824982368487,-0.0572630443582771,-0.2612956036968486,-0.04047423213127451,-0.06787533105962282,0.08338760277495537,0.2645707952970936,0.1516456869494659,-0.22322429336629523,-0.26724469726421674,-0.14405749339221502,-0.22045973809905858,0.1533292628344957,0.09985780956384208,-0.0197509938056534,0.16180024154048234,0.03688076736914033,0.12905004812816204,-0.03766101301608426,-0.301037920559842,-0.1819988168020882,0.0994241464104882,0.04270448531847699,0.13716329424408216,0.1671034422169036,0.2615956630083662,-0.1485567379831963,0.35253701332752857,0.48179204303880635,-0.15483146817515428,1.2657962454688503,0.017944179082136826,-0.08446443599969228,-0.5329590398512359,-0.7504664949062392,2.703280056873503,0.7198120366350227,0.16924163888212687,1.9016226241022827,-0.8864461244091145,-0.09671879176061492,2.1010415434476646,0.9666030346204101,3.0941423775686867,1.1320789857902962,3.9144208974559955,1.1155715949476581,0.9479886590166267,0.9955492848991754,2.4288549278172225,0.6476533313035139,0.563373768740344,2.631368294633885,0.5632168756985636,2.3610042945463197,-1.1325474099653567,0.6939942663852864,0.07112620154102164,0.4213202761217888,-0.9009165440720667,0.00889746365735549,0.4199231863764726,-1.3251635389905863,-0.045990721610335454,0.6675055090080614,0.1403422855722704,-0.9576671313079551,1.8838019358063969,-0.547660508493256,0.28845585440634913,0.144078515102873,-1.2181554825988345,-1.416788389108519,-0.5766995534050228,3.0699131546084564,-1.5483975289571226,0.22994832359251235,-0.27183008348583787,1.749015702428523,-0.46625548566498004,0.06695892106086104,1.9832887414872649,0.8952981695828226,0.15488829782806235,-1.3139379717304265,2.2136691455777804,1.7724107555045032,-0.7804538918051295,-0.6746429708348209,1.1007762626580668,0.7731965775649488,-0.17104775129010089,-0.20376863262825815,0.669051857980168,0.5687426540464025,0.6199849727489957,-0.6175814617601135,-0.3857006082673605,-0.09943456444882152,-1.6377468117539649,-0.5920699774310677,1.9616709976478668,0.6226903571134876,-0.0643045213262681,-0.34741833294192925,2.823652128772332,-0.21063379646314725,-0.3547217692906055,0.44684568180151124,0.46833769388206037,-0.08819090781339625,0.35891298570422864,0.04253247502418576,1.4718800395704403,1.5448682072089555,0.3305067587178788,-0.3932011749706921,0.40506379412704724,0.09542129678823905,0.7055092900577576,1.021461104562497,0.7299733026875519,1.0366508583402458,-0.18074552947457692,-1.4142791656720821,1,مريان
-0.7174732926838382,0.23891306436829862,-0.1556792847918396,0.3640113983281494,0.06048179007013499,0.09615413880561113,-0.0494763333270287,-0.21998951574382444,-0.4575991266256616,-0.029975545542095482,0.045031646549626235,0.18904542917559458,0.02367347647466791,0.5921353135925769,0.08281934913349923,0.04468409063641437,0.30223541001222115,0.12823096580596352,-0.0647843653921873,-0.03178751809038261,0.13460574341122458,-0.043941366016149876,0.06721857660250326,0.004723513147174443,0.04199378574158394,0.2944655034264479,0.20688998309791587,0.19140472969546105,0.2569908496791332,0.21222924278118213,0.416433762338618,-0.004583394194558162,-0.24344222274186827,0.032333917382087025,-0.10276326477605417,-0.20005399283798972,0.05157993177777456,-0.0819254896418899,0.2552581384990769,0.08446836146875997,0.1964563231306084,0.08961205633343548,0.0023382043105609042,0.09853046108999845,0.11518547880443276,0.1698635194503123,0.01197799480332533,-0.07452463254146822,0.25347042876003784,-0.08295300757438659,-0.059405734435427314,0.181492430873567,0.042696726427095474,-0.15583065861463136,0.03432776232752737,-0.054621399971429174,0.004263068438621615,-0.2881601826790829,0.007500355035121817,-0.11653532338851842,-0.3958886142315322,0.23785421879636764,0.06264820611250436,-0.05152919569141816,-0.047859942982991475,0.09753899353394657,-0.44277844662110954,-0.12118791215634542,-0.042716613276968324,-0.27024565164626885,0.051998978438401275,0.023854367014452694,-0.02711764132808691,-0.16104564499311105,-0.30224187485259796,0.043195994633812435,-0.2392436328007433,-0.3641314086996061,-0.1452202306057835,-0.0737187688634221,-0.3516258295636323,-0.058278422277019154,-0.08681445417533623,0.11571595372862042,0.2125264468189446,0.148169553116943,-0.21373461558681597,-0.18718321643691566,-0.16488956764856477,-0.1677757180721161,0.14860363203506413,0.11221846558795862,0.02784649354324224,0.17101167152301672,0.0011908150155559398,0.17933438079475422,-0.07198974432339836,-0.2509562319069611,-0.2202796657012545,0.09555888837239224,0.052939877857828645,0.11195462402994642,0.18692871279188875,0.226097333368613,-0.1388470285692203,-0.09580547167487424,-0.10699030776367523,-0.2116907524483737,1.0048786718329188,-0.22538837843117973,0.12453794442590092,-0.5106514804452724,-1.7937119565599653,1.3490171142131269,0.9281663556695632,-0.05482970859682084,1.5908688325976799,-0.3830112007470261,0.3327311724912491,1.7289333947264591,0.6965852675685212,2.8818129614328654,1.0801696500435518,4.052359599366771,1.3662020075638823,1.304824137848252,0.9174400890562534,1.9450494847943827,0.8633149893435614,0.8772610611780631,2.1577597106860162,0.7547362225962709,1.947882838522978,-1.6946872378381252,-0.4699779945069027,0.3190889460082006,-0.1037219844605896,-1.5512879404435336,-0.42271324148540057,-0.4813202917842773,-0.8715324430841909,-0.09733708170915861,0.5165245841620988,0.44507349359174214,-0.873997880433615,1.123474509233227,-0.307705501842002,-0.056329604378989824,0.6242104673576035,-0.8148322188866002,-1.349633748948779,1.0740914184056523,2.147116873165282,-1.1417328132696432,0.18803760023583876,1.8319276009704017,1.5219504526397014,-0.037611791107384426,0.48622400378019925,1.1363173848693788,0.8869941044774886,0.5681277347877547,-1.1206550995627877,-0.2930565891263602,2.4143349535349743,-1.3648440604869465,-0.6904741225593095,0.37864599545674893,1.0223874496123766,-0.803388183111546,-0.13415473155125468,0.3618332846583699,1.1908593463416917,-0.2736209146941432,-0.5486066154586674,0.7892470785276571,0.5654509797466003,-1.6286939978830244,-0.7216545874793054,1.8311338176428125,1.0386212207054468,-0.008010788177091228,-0.46828335856814046,0.2729394996870725,-0.48111352994029244,-0.17520352870639794,0.8293269735570826,0.07126114489312685,0.6271996522837848,0.6020647541395204,-0.27018120464788586,1.5306931440434064,1.3718072072495244,-0.803741696124936,-0.736714002974711,1.0180896229136505,0.22587488211531462,0.5334740455719692,1.4776596291499455,1.3919493319766028,1.800169764805564,-0.8877885564129202,-1.4848246902695883,1,مريان
-0.6055283586958887,0.20834562302164192,-0.15665563742252248,0.3145807905748818,0.01681762922223656,0.01671445756044393,0.014482712307615404,-0.19325945567467434,-0.4537119269959838,0.03227348459303072,0.0731293692883437,0.186349060026901,-0.06736883108428073,0.4857213004011609,0.013986001304305232,0.08255261370413795,0.327948117563009,-0.05791692935264598,0.0005701243842651128,-0.03617049163207124,0.14085687308974887,0.03963580915791762,0.09980951751655956,-0.009415736197890691,0.01788400027960638,0.2144553275005707,0.14581751192187906,0.1456873119205255,0.1871549335827024,0.19040618301602288,0.359191447617453,-0.07789115294006727,-0.24007122190844465,-0.042496879241515434,-0.07658875538205495,-0.2885308961292911,0.07002785196353484,-0.031864808341999756,0.3000464765928435,-0.018797299845581626,0.29702564343490984,0.04756656366548277,-0.035933482874127946,0.0817540404542758,0.04841420858406204,0.1840359299848877,-0.016701095216787837,-0.04702543545854301,0.25237741962268945,-0.04301511906712618,-0.09778249133294309,0.19326195843093083,0.08403513166044863,-0.15238822979441985,-0.03187775263687863,-0.06701613648230037,0.044828434066128346,-0.26052267923650724,-0.048059897111890675,-0.12370410292631434,-0.3492407746597026,0.24046564272759977,0.04431926777720999,-0.09408544819856568,-0.11024196614369024,0.11388205341593005,-0.483830524723205,-0.05802818041729801,-0.08429864285374629,-0.22505922449639237,0.0384617492784478,-0.02030389087043175,-0.054190802117107945,-0.16481549887395724,-0.3499632965347193,0.03442411383134922,-0.23549470353200058,-0.3432901845800136,-0.18116517033860813,-0.09806298920020187,-0.42322642715995706,-0.08180393324259685,-0.10835981782386149,0.05885094125811485,0.09533376972077118,0.13061864084484842,-0.22706408708211334,-0.10154308480486765,-0.07145221183591334,-0.1885537179968232,0.1504871608850815,0.044070202762284905,-0.014879974302457568,0.15416328028564028,0.07593331406184077,0.20309249460047554,-0.08437412196431861,-0.23058579039179314,-0.33109233791813336,0.0925017474680452,0.033856961695776254,0.1315776518683204,0.2064340406179182,0.17493746351696163,-0.06869879939953652,-0.07015072812242759,-0.6542081404436841,-0.11886094830003086,1.449191647709522,0.21564677779349384,-0.07795385185474026,-0.7081118318547803,-1.554690488875398,1.4229584067933916,0.3389473257005525,0.5008647986313214,1.5645252970359818,-0.29854173183929755,0.6454041560855298,1.8488400357517394,1.3154007832832344,3.8256059120649266,1.4658304732417886,3.866591839708514,1.4453368496631267,1.5123393039149862,0.8133159463182538,1.5300685851993676,1.2275437412642412,0.5271294922962368,2.8924945469742145,0.41939021215313416,2.3452899344271123,-1.9673207791275131,1.394097754080728,0.04561532240646536,-0.21859078890679,-1.1238325414809684,-0.37755987811578884,-0.25027782196176085,-0.4887449678481278,-0.6176804699849517,0.14547028283147379,0.9476683839720738,-0.9084778848223714,0.5651254400144454,-1.2464549201259243,0.1478099744884979,0.6158413860207732,-1.7859425286857709,-1.1539825809272093,-0.6949393358600944,1.0587327636581962,-1.5899992318142528,0.6355167135856555,-0.40073873636581897,1.4180696517607043,0.28215682520324864,-0.022354876026996227,0.7987141967336278,0.902674859363881,-0.06574552486836449,-1.3601327571224298,-0.2658525956440739,2.62741092622365,-1.8379885218567324,-0.4999719962894783,-0.5061659298296685,1.8337356537173983,-0.6519746429639562,-0.17942748098395878,-0.8711523661534007,1.7218699628731415,-0.07848376335663503,-0.6140760897615538,0.802022973715389,-0.16811347887483766,-1.3837518690991362,-0.5836280928994012,0.4896365438072068,1.401170005683026,-0.11404648509586407,-0.288768573318128,0.17085081338636696,-0.08330620892305148,-0.44708973437922783,1.0224594887500553,-0.19925622709129184,0.10400049054838258,1.034425006003487,0.015862730133618556,0.3333180199071211,2.0712067887339387,-0.3880120036707799,-0.2438810658502172,-0.4599731260508024,-0.08477418867951537,0.9976993547334808,1.1211377125603856,0.4004166581131492,1.7864560933297133,-0.715663822101087,-0.9811350240719827,1,مريان
-0.453937458051614,0.15351652743353267,-0.11539131133470787,0.24903424407587516,0.05422792467917635,-0.058614772152845725,-0.006692096183034841,-0.33220863871481005,-0.29498236451339904,-0.05754080183328972,0.05321824379361895,0.2372944781670831,-0.00804221385609074,0.3887472009609332,-0.0569251489282742,0.05654047623607796,0.3438058432340554,-0.06501541618653187,0.11436345720078334,-0.08054791075682469,0.04257756575756075,0.02162517287589152,0.15296553000072746,-0.06448136407298821,0.029345538390063243,0.26489592503468423,0.2501381244837058,0.1584161850907589,0.18622799558407427,0.061989889413471576,0.3873906172457761,-0.04755405306139268,-0.25572923882083404,-0.04487570425900224,-0.09084251964524752,-0.3151521410851796,0.12933890422283625,-0.12201599356410743,0.1128287779884415,-0.0319518107389331,0.2731187432395917,-0.0029280180521080116,-0.05230912826493698,0.0036131477510442417,0.09844419351399357,0.24469150381673752,-0.013181155998155026,-0.05242103823637846,0.17988608084316868,0.07729356947531255,-0.036924393327297834,0.26714703725181466,-0.03258626939614901,-0.193770119672203,-0.04442126104449662,-0.10118309501310249,0.05912107792103129,-0.25343268614035536,0.065274617251732,-0.10967049372030614,-0.41692915698067207,0.1675179558440191,0.10923323702383417,-0.08455296962663099,-0.03271676924382135,0.16274613065365467,-0.523124933402548,-0.07058323623403238,-0.06535036745423785,-0.2179187618744146,-0.03898233199095365,-0.042059699567747216,-0.09159187987998654,-0.1895599394934807,-0.31831211300699924,-0.03418129938238498,-0.31866150764635554,-0.40827020057714275,-0.17030389660054593,-0.10037369334333247,-0.43026411595205005,-0.02915900323308249,-0.08439378234443555,0.013380226335000805,-0.04054890993444845,0.1520174987470675,-0.2783583083942393,-0.13499091770740113,-0.0033628977143404875,-0.34800287531449053,0.09295312815090852,0.06679580820595134,-0.07066169430527436,0.13508967342607847,0.20366319982500028,0.19170869770015134,-0.10512630331420726,-0.1711716850925287,-0.26782417340012066,0.06890591867472518,0.06629674251594042,0.14771953941925642,0.09579971163185616,0.058232366179485504,-0.057604524557892854,-0.6593273551966531,-1.1161325330723297,-0.3855685483467495,0.5136290580716422,-0.7423922784190419,-0.40663023729337683,-0.7560828584254696,-1.8436321765598414,-0.07582136627980293,-0.43283531166032113,0.06041004014652032,1.0433882585638854,-0.3607184264089033,-0.1488616626671713,1.7406020046159965,1.4400254849164789,2.5545679872098432,1.097825549987692,3.4504619972773343,1.8109152556111114,1.797137420021688,1.265963205259837,0.7632947485826381,0.9872121349213671,0.6909616602183839,2.0960345302463637,0.738356921199641,2.0181484612750547,-2.074397454812629,0.34603224083205336,0.2762799620366512,0.1867283803371468,-1.2866929983423947,-0.34612964067373764,-0.09594283038672007,-0.1880977165458392,-0.2876699492396361,-0.5499813520506988,0.39714999489728536,-0.5838159835072114,0.3594603023569047,-0.7374619911252354,-0.03422803699094391,0.927148576780042,-1.2954021092822847,-0.9510888886628694,-1.2585921632287687,1.7520050500634097,-0.9940706076783761,0.28091480893907167,0.251141585937468,1.6257561806887344,-0.1897806995898208,-0.2821288708164812,0.23532146002159474,0.8042596095462443,-0.10892671422981111,-1.238066127296258,-0.03410994637398207,1.3735579772703175,-1.0404035305921027,-0.5223426425131358,0.4111439377173462,1.270668737803271,-0.37539573652471164,-0.3004686120697196,0.0559138891641884,1.6523886922837228,0.17669733558526976,-0.4115415675044588,0.5019412399031089,0.388597626583153,-0.3158757898762753,-0.9170678321941306,0.7658249623050228,0.7786126782919571,-0.5065494133740507,-0.3436598444992853,0.5317529355596436,-0.4684530211376452,-0.8504620118082802,1.0368800932929578,0.3166223496718115,0.09367682385949357,0.86479731685262,0.6843576665685832,1.8153447588943505,1.6765194148792812,-0.6451041238647333,-0.397387823695899,0.5101780908261017,-0.3427288966203214,1.232852803120383,0.5241500513955436,0.6957112995489992,2.0345941631855675,-0.027793027802702354,-1.1595751633974474,1,مريان
-0.43709350526544277,0.054200191155677487,-0.07806887762973623,0.18073804384060982,0.046739910372072035,-0.09833674615813584,-0.03172336304931081,-0.43308284594125396,-0.3052148973991913,-0.03390361356907762,0.062387381414601525,0.22354110230673457,0.053252235588534036,0.38834187585367874,-0.059487371764745105,0.12662244651173943,0.2854156376830585,0.03425532989406343,-0.05334540850266828,-0.1290034876998054,-0.029193919903862473,0.12252812990403018,0.1545316698343841,-0.005140090901826187,0.085708206114652,0.2990594148709025,0.22347440224263634,0.1997581551804971,0.13432386042050112,-0.04201247254376261,0.25857716089177063,-0.0248697816996043,-0.2401703464438731,-0.10432944425908887,-0.24047096833227735,-0.35504161970390385,0.09315418030213655,-0.06794794175338881,0.04132173455282483,-0.06337607045531254,0.25151029579758555,-0.05632247186010741,-0.1275348870544285,-0.009193997318978544,0.11625486936659804,0.3008574652424166,-0.09685105984611074,-0.07930417958579883,0.12387786071380072,0.14457972831362548,-0.11779492842482292,0.27496321350314684,-0.08019458602435012,-0.22338578322696073,0.06712912882770299,-0.15526901185871672,0.13929666571163174,-0.2029862441933553,-0.015875662210976523,-0.0977786806522621,-0.4018877842137133,0.14877660475271676,0.11524885866610837,-0.016453365717691466,0.020587423376942176,0.1680073671992915,-0.5343297792708745,-0.06474024380104042,-0.082316989367745,-0.16672399863406798,-0.02331984294323221,-0.075043903252834,-0.16711165697259708,-0.18890531391224805,-0.32124771962574233,-0.05283227371697775,-0.26743963760417944,-0.458445135192748,-0.024835218371867144,-0.08960273848797173,-0.3191204043504463,-0.13123117298461348,-0.08580272082544395,-0.0601407874336424,-0.10932419145580434,0.2034287001706664,-0.19442049720985563,-0.1363786355153925,-0.03137935927737027,-0.36716112741387225,-0.03354543050156443,0.029390539007453788,-0.017483815091078627,0.14825248949882353,0.24607667932229824,0.24918329329588326,-0.11307616858181865,-0.12152353369048455,-0.2146314092265408,0.12058875489114179,0.025485431863538015,0.08113196643794479,0.05972531003271611,0.09937442952033788,-0.09005322000254813,-0.48101651184196365,-1.2984624046100395,0.22950550754050994,0.5457397102770006,-0.34462649926851613,-0.4499401549319313,-0.8900799498316289,-1.8428468987909878,-0.6486588180628878,-0.007637485378268289,0.611343565762665,0.531309329381167,-0.29449740452452405,0.12709426659815765,1.6686174418854534,2.1135827374343075,2.3586003642674918,1.1317929412776548,2.753386792919565,1.5783773940213826,1.6694103762968788,0.891638953492305,0.9460594280125657,0.9192297020712238,0.3871237271622696,2.440309282947296,0.40881426980335267,2.05248134325624,-1.4512994814320017,0.5276462806202593,0.4821765153182916,0.15990057573006553,-1.0506201527776367,-0.11920573739152125,0.015030587543340782,-0.09314974444327945,-0.48568417657610635,-1.3313099236752162,0.11148582273866862,-0.8696180030479095,0.08888226873741832,-0.9401591620328454,0.1494161770092243,0.8933126937244165,-0.9217793105469284,-0.9145009890513208,-1.4897685518018455,1.3080216614652505,-0.5348693482631757,0.09312208424190013,1.605020185186486,1.8154415417120298,-0.6492352368561315,-0.25695008987979,-0.37771605027468924,0.870814360067398,-0.3999599800614529,-1.0080527798908079,-0.13075906266300902,0.6103595878690247,-1.0719359965401936,-0.45411280334927406,-0.1446083978446686,1.6203519958366956,-0.588367456824722,-0.36656347995933514,-0.23152180610679884,2.1788266126974842,-0.7514648246297724,-0.4152087311005644,-0.1598734238639552,0.45911322674283467,-0.8208681121480026,-1.038177008328941,2.1202052820981465,0.7679000725343818,-0.5110717488681585,-0.2822382229392993,0.7981208463406809,-0.23487122634144286,-0.8653334697221579,0.048601535095952005,-0.016925029222336376,-0.3098918460338493,1.0521819925540283,1.2945848664836501,1.1012998123103872,1.3767578749707146,-1.0477929011704503,-0.358032035900347,-0.6195777828979837,0.15649956700970563,0.6443330665886804,0.05753210490304966,0.6318097010018922,2.0225628835699414,-0.908520849059937,-1.0920041262362739,1,مريان
