feat_0,feat_1,feat_2,feat_3,feat_4,feat_5,feat_6,feat_7,feat_8,feat_9,feat_10,feat_11,feat_12,feat_13,feat_14,feat_15,feat_16,feat_17,feat_18,feat_19,feat_20,feat_21,feat_22,feat_23,feat_24,feat_25,feat_26,feat_27,feat_28,feat_29,feat_30,feat_31,feat_32,feat_33,feat_34,feat_35,feat_36,feat_37,feat_38,feat_39,feat_40,feat_41,feat_42,feat_43,feat_44,feat_45,feat_46,feat_47,feat_48,feat_49,feat_50,feat_51,feat_52,feat_53,feat_54,feat_55,feat_56,feat_57,feat_58,feat_59,feat_60,feat_61,feat_62,feat_63,feat_64,feat_65,feat_66,feat_67,feat_68,feat_69,feat_70,feat_71,feat_72,feat_73,feat_74,feat_75,feat_76,feat_77,feat_78,feat_79,feat_80,feat_81,feat_82,feat_83,feat_84,feat_85,feat_86,feat_87,feat_88,feat_89,feat_90,feat_91,feat_92,feat_93,feat_94,feat_95,feat_96,feat_97,feat_98,feat_99,feat_100,feat_101,feat_102,feat_103,feat_104,feat_105,feat_106,feat_107,feat_108,feat_109,feat_110,feat_111,feat_112,feat_113,feat_114,feat_115,feat_116,feat_117,feat_118,feat_119,feat_120,feat_121,feat_122,feat_123,feat_124,feat_125,feat_126,feat_127,feat_128,feat_129,feat_130,feat_131,feat_132,feat_133,feat_134,feat_135,feat_136,feat_137,feat_138,feat_139,feat_140,feat_141,feat_142,feat_143,feat_144,feat_145,feat_146,feat_147,feat_148,feat_149,feat_150,feat_151,feat_152,feat_153,feat_154,feat_155,feat_156,feat_157,feat_158,feat_159,feat_160,feat_161,feat_162,feat_163,feat_164,feat_165,feat_166,feat_167,feat_168,feat_169,feat_170,feat_171,feat_172,feat_173,feat_174,feat_175,feat_176,feat_177,feat_178,feat_179,feat_180,feat_181,feat_182,feat_183,feat_184,feat_185,feat_186,feat_187,feat_188,feat_189,feat_190,feat_191,feat_192,feat_193,feat_194,feat_195,feat_196,feat_197,feat_198,feat_199,feat_200,feat_201,feat_202,label
0.527605175536595,0.28404140776673664,0.31185001898342096,0.2315881290344439,0.27799452421703164,0.5294817884448939,0.20047037140542948,0.7763337963078708,0.41441548370727244,0.44627999106040445,-0.13812979469275372,0.07813609746901662,0.19247572055117257,-0.016399904073137243,0.49106166027304443,0.37990366790939895,-0.03185184688792405,0.09190610172773854,0.5086030768894925,0.47763512895019905,0.423991944366098,0.45083792054211286,0.42959977504916314,-0.181543336506104,0.12423578757752653,-0.1277765905566857,0.046281909039327565,0.06727755713980202,0.3043253480610941,0.2228828192733056,-0.002685754291252286,-0.038269830041640605,0.1600809284597708,0.05377882031654578,0.23069210839382087,-0.11511140620590705,-0.10132083004176172,-0.024883845556683555,-0.13714706355809628,0.3072283863763696,0.013515072907403133,0.3020716680434611,0.2717232854951313,0.45988280933749676,0.32133826572270136,0.23361649780163837,0.05767892843692999,0.12136514587748576,0.046406441415154036,-0.007131203529693963,0.34558744785566087,0.3332363757064458,0.2512767327249842,0.5036733285440702,0.5114382817675742,0.3554304460026598,0.2565831022912565,0.2802131729317647,-0.0019610037677574733,0.1230458726370717,0.3098693264361605,0.18456784523481828,0.4837636863546138,0.2733238167782226,0.3247319032649145,0.22250260364117694,0.44113189090655175,0.2504553181558384,0.11738038288242872,0.2741174467505779,0.4306981284648238,0.206198064060138,0.270914718144333,0.4673828990171064,0.22524051870276043,0.36996378740011304,0.21673806267658996,0.6128771952501935,0.46423081729442645,0.637348359681277,0.19579105493087162,0.4011245907480695,0.10495730009641954,0.302639720078436,0.4757354799210161,0.006284387351796651,0.24859243287098112,0.07925569221487556,0.46457291606678935,0.17034121818673736,0.8317140304615112,-0.2395729964168204,-0.056216542702804385,-0.049827605313444184,0.04270203998204436,0.3191668592714251,-0.009043485624315813,-0.17615213368434604,0.10600775190738189,0.14874383743444664,0.16965994121229144,0.13567199890286777,0.36446448109572777,-0.25252178409023524,0.2033452285187326,-0.21012568041486107,2.2390589012717745,-0.5347645206400397,1.5879069540083266,0.1201147890840277,0.2594543839712556,-0.8869519755436291,1.3250430707214336,-0.22358471848268274,0.06365834440156651,1.6265704824326324,0.30382289488054065,0.06584390347141783,1.383049951089411,-0.16216246211914595,-0.798530672852966,-0.08230398752991605,-0.17013123217937756,-0.9367487742853557,-0.8029681772217132,-0.5527455908816384,-0.5022113928499302,-0.442743570534681,-0.4440291915633514,-0.49189478588159774,-0.7979884344825396,0.23882626633462656,-1.064480348805282,0.43289968380632726,0.05168635261336374,0.27395559231259314,-0.32341417651943344,0.24382240880877687,0.05578691689159276,0.16255432294344402,-1.1887827976744063,1.7271058663669463,2.6515528239523545,-0.5472634336141631,-0.41429909439480145,-0.9304555979119048,0.0698133423493794,1.9637448719652089,-0.13075339828313684,0.6267356913151063,0.03801949009377958,1.5817022763957136,-0.7301871783599366,2.0395212900188935,0.6096033837073666,-0.4384726015781284,1.0000210438668926,0.2688281214816187,-0.7155184047993836,0.9024742120678518,-0.33934489918246064,0.8667684125394448,0.4103778886128581,0.6675998820432972,-0.2625835867559025,1.0327599632519042,1.8027812183648642,0.4634381674522779,-0.34531835529701893,-0.3331029712878383,-0.17321461542194322,-0.5098497508558537,-0.16414207215989374,0.16149566406559196,0.8867993682100526,0.5395137945636368,-0.3312793152955113,0.5685237117917783,0.21103075416338551,0.16360735181469832,0.14768060707088515,1.1217715278046811,0.11543459965272247,1.0569482008681932,1.5674603780775154,2.007795542543906,2.1882112605894894,2.145129200929459,-0.32552789605689514,-0.7984844772086003,0.700720746956088,1.1571943445377393,0.015936429822577244,-0.017035168337024474,-0.244055792351094,1.1446439814379208,0.9210229615622948,-0.6571011756907225,0.4351542405978415,1.9503603790484532,-0.7089456093349907,0.009762887395497768,-0.7270443814161395,0
0.18152203097194808,-0.2752158270943799,-0.021507293636500315,-0.14202323611749712,-0.1404773738762484,0.09821888105888951,0.028490905767757802,0.0721942848233072,-0.061934989774005834,-0.22551946526359012,-0.2852804179133428,-0.09355305471938732,0.02543439352583328,-0.2894869854724764,0.14561697111375388,0.1336142358176083,-0.29316793357952203,-0.22334728375439583,0.15369126351687049,0.30552836754486035,-0.05695675721961662,0.06697231135089442,-0.17473872578751948,-0.4089038547181261,-0.03860963886616013,-0.20527272401021338,-0.26555562824928364,-0.16749366306062483,0.14148185569014476,0.11099393518797925,-0.13336841722415502,0.035147693682550295,-0.08264617460220615,-0.11536150376774008,-0.056695842024527085,-0.1656627120606816,-0.1334345762874013,0.0283650310561787,-0.22226023565223083,0.17285862323308848,-0.2879286963529692,0.04824520832719615,0.1934473976427418,0.23538590595588837,0.020627100280361174,-0.1580234040849268,-0.08955427937783107,-0.03364689042526915,-0.13179772258829126,-0.17761005355299944,0.20859999923012024,0.12791874068328687,0.11440437122125326,0.26595590953786596,0.19424612933793584,0.016305262524703136,0.19268522598961244,0.20328830518864602,-0.13899118554106205,-0.07611834402207866,0.0643137562031199,-0.12699786429138427,0.19023677872982522,-0.11807924279635985,-0.054319866722096787,0.009828604389435464,0.18741429050642666,-0.05440589093514442,-0.07179569772494669,0.11135843448793716,0.10681381866277977,-0.05523190240987475,0.12037218377371349,0.2838858224217599,-0.05735029101576893,0.1459891127717401,0.03424031908210591,0.16622453677961105,-0.051309485501162364,0.11525058304028558,0.07761985652939066,0.06641730151035924,0.008080546712507547,0.09347079119921066,0.1425195469560751,-0.4156882394131958,0.08205423282734282,-0.194630220222875,0.21064200360485286,-0.0828004214913905,0.3431455852992952,-0.3735996478541097,-0.2189270596010159,-0.10433097774102462,-0.27821158891272324,0.23519957922007315,-0.12561892495205088,-0.3439336720969318,-0.23087399149032048,0.0205690314639572,-0.02598626787929105,-0.16928007783267401,0.15807259689369108,-0.5058502157927142,0.031363732154309175,0.29317232710590463,1.4993856457115522,-0.021572528099704887,1.0910120684004525,-0.5222936134987733,-0.6022099526102138,-0.8866979472252128,0.8117207058363065,0.59035894215025,-0.16337325346071602,-0.8515303952006055,-0.43654651339150075,-0.6217499858844435,0.40162554585215027,-0.5780157346504053,-0.9865104629863204,-0.4015124553637175,-0.4529902079622079,-0.8352291395948159,-0.8928982803113402,-0.8616627719989531,-0.562499978885998,-0.5531351236249563,-1.057869290969067,-0.6500949943636567,-0.23421376812919276,-0.116241261313416,-0.9661251274276137,0.8719027146329567,1.3760622360862163,0.28046763614977327,0.13189150341689176,0.4860991462652397,-0.24860458485176598,0.41259606056145914,-0.4853908543272745,2.015918379922983,2.749218042516991,-0.14227587562633665,0.5442052598670649,-0.6238137367998332,0.12642762422332285,2.10956150490732,-0.519865021493217,1.6246683522567156,0.24172416187631768,0.5035305804866269,-1.1928209713361089,2.0218561233448047,-0.06198558541888206,-0.5517419453694706,-0.5041269013579763,0.0186745273166149,-0.7196468224992142,-0.2729375714608748,-0.9235907735914384,1.65463470489663,0.5814586645542636,-0.9780051142693625,-1.217467349879158,1.287645966144119,1.9190958035190422,-0.7981330326480984,-0.8211438755279329,0.01609002594556443,-1.0870496366670312,-1.261216490600016,-0.7808836865361831,0.8527036570972167,0.313059384542653,-0.18464142927288063,-0.8207459996146175,0.06037378122076849,-0.11761104410590653,-1.176760037584704,-0.549661278923156,1.5970774998118116,-1.0229159506463927,-0.23504691139654993,0.2667140851428169,1.734197206971469,2.63554888390782,2.793695234080605,-0.7583267388328282,-0.4364177749020945,0.6652589133180699,-0.6661778706396172,-0.7153239169720601,-0.0786771955847757,-1.3351981348016013,-1.536449613445431,0.19440384231338415,-0.40911673106976787,-0.149392795541946,1.0511754899704824,-0.9779728159311525,0.07153704215771095,-1.0274634882669567,0
0.13198398324892466,-0.42075314292037896,-0.17166007107832776,-0.18939002442322803,-0.1501531902541714,0.10430738837876696,0.0020370292340301387,-0.06939447874728918,-0.06409111355729423,-0.29832221545514315,-0.21968036012793227,-0.15536739508955297,-0.016888849669243967,-0.2703250591810333,0.12281191494901243,0.008565789787776251,-0.36265569661462377,-0.18810245587055235,0.11511546033938434,0.24350821254427216,-0.13113250187658604,0.006632226048750058,-0.31465953563202054,-0.3073683389285075,-0.050120779025224466,-0.3051783369825913,-0.24813075474442833,-0.20446175579779494,0.061047313766097344,-0.026727718190804127,-0.03319351919774648,0.018917139289876286,-0.14001089767097066,-0.10241886978968659,-0.14403032442385136,-0.0817135661557897,-0.10787821186549482,-0.01844076369852337,-0.1894929766162703,0.12785433184232337,-0.2472229561461052,0.06328126737122736,0.14684166979665336,0.08589133306075125,0.011056776029851915,-0.21444427139683245,-0.14876199851284394,-0.03800949637974964,-0.15008227064912685,-0.15719879409111226,0.1462817363823152,0.050124732084465835,0.11724070429158213,0.1879954152116701,0.17162610181822258,-0.026463570378984485,0.14673013686347555,0.10644428119610806,-0.17882354853218427,-0.16226950942408264,-0.08225904672367337,-0.19447792753942103,0.2827969006675701,-0.14321892151080845,-0.15050464853742984,0.1531394760653716,0.05646596286376997,-0.08358036006130341,-0.06282086236332926,0.10993144450575933,0.1362279215515026,0.002900219863711855,0.12535379875825312,0.1548145645903028,-0.07251024969992548,0.17035954176911763,-0.009003669036931804,0.06313322952477388,0.05448567763047882,0.1415078628529393,0.16422665931214792,0.12662076110187342,0.03636170290972211,0.13619404119080655,0.013597839309788551,-0.5150120985909324,0.06884917148802594,-0.16239898675755088,0.16290489101902342,-0.015159812847261093,0.18486199309829074,-0.16159147847248007,-0.20366192279412676,-0.21784971433030775,-0.1851254929541548,-0.0063159778311813325,-0.06586199534072297,-0.22546973803084558,-0.476181067648798,0.07984935974899413,-0.052905960403774197,-0.21377877159723016,0.11476866202575818,-0.47528029109021575,-0.0507760605646871,-0.492460568281195,1.6805355155317556,-1.0946572457630979,1.5265414527530583,-0.05097489934447298,-0.35115947476845777,-0.6043429737754209,0.6967313208102954,0.017511524465644898,-0.2950794689380705,-0.38226888405818094,-0.08578355037191274,-0.12291752351064189,0.8880716369681825,-0.3034896266435054,-0.8270416684465527,-0.45428267881730083,-0.7710589280610387,-0.8084397696751991,-0.8827212415086119,-0.8254158018945326,-0.5934392986378412,-0.6422023976044253,-1.2111915425509874,-0.5606462949299927,-0.2521459159153066,-0.3130082913039096,-1.0602224429703728,2.1815196410800093,0.5999822137306113,-1.0655577624662018,0.29170625094722274,-0.559734353722994,-0.3670246470103786,-0.16143810336880543,0.08652044359527612,0.6819547185988494,2.3937845349468874,-0.7453154614186954,-0.5996242542678876,-1.1789910121132114,-0.08128443868597222,0.24376478050773598,-0.3814750875437592,1.7408416720263988,0.4142264004076174,-0.572027783490801,-1.2297047593822243,2.631589077598886,0.06310010794554978,-1.5297732859847721,0.06131385155229081,0.7954872122237385,-0.02039163479883964,-0.4946504541923214,-0.5334845826567585,2.0004400999776197,0.0517276585039574,-0.09789743344575327,-1.0145369647821938,0.9413025558492649,1.706896609149758,-1.0819915052496898,-0.7527503580977686,-0.6966817599600137,-0.7010803879573876,-0.7890298226996008,-0.7146578996503269,0.5222743384155377,0.06562197080218221,-0.44671013464508863,-0.9765151601750726,0.9192261673200479,-0.31708384115814625,-0.4175002212036057,-0.9444814718528796,0.7811076773012426,-0.9434376526300687,-0.9040214628287883,0.8488174795881264,1.2327310243603473,2.39285529390458,-0.9338336024411565,-0.4674307411611429,-0.2988324792528422,0.06018946728755503,-0.26488829886971543,-0.4735303126641397,-0.15407073196203783,-1.3018437413989248,-1.535018667491535,0.09878863479116695,-0.6838187299963052,0.4159229573851378,-0.7619844894598944,-1.1933086142494467,0.1387775679461309,-0.7426894124012381,0
0.15021329589132226,-0.3424867569691175,-0.19714206953536562,-0.21048374790373864,-0.07615641226035602,0.03597788980173388,-0.08454809168613472,-0.010222407510962974,-0.030590222704255043,-0.3299221698843394,-0.1492214712567265,-0.1276644008570184,-0.02259807573778991,-0.3632455801434511,0.09332102815379628,0.02607478914627839,-0.2422232603923592,-0.26331411707201513,0.10236797815070439,0.18477222598299967,-0.11988174716397942,-0.010792435832538796,-0.3444776944049653,-0.2966689338427868,-0.11551971530852778,-0.36019777376808537,-0.3263542457511321,-0.32255795007366855,0.036720754033264316,-0.017980438343918697,-0.08189626269091561,-0.09678283867396928,-0.14568626123705927,-0.12519800233754583,-0.1514678873306582,-0.08106630136755763,-0.168213389276016,0.03379520791706678,-0.2888431120177703,0.0838762252164666,-0.13575635715360643,0.018582450278829436,0.05274992592161419,0.050548675762432944,-0.011114684411615495,-0.2690017759136359,-0.16610665265905158,-0.05301876773009449,-0.0645842151540479,-0.12198110300194176,0.06480216027073722,0.07028981968850602,0.1338180129368283,0.13439911301650564,0.10403588265651799,0.010040304409495888,0.17654005614223559,0.0019301173349849311,-0.21046020332589635,-0.2388689370788904,-0.0563813312055184,-0.13399476578308944,0.16462518296417483,0.018278742592683705,-0.20645014643228213,0.20254798757227135,0.09553507506028228,-0.09952767214393989,-0.12222876295625998,0.13115254445782273,0.03854512304860816,0.09621336680252071,0.07726167673759897,0.20392476585886404,0.010402661603762237,0.24074520999698185,0.04474243751888708,0.14599034937871744,-0.0012744927977781477,0.09304482885994579,0.2828145062234174,0.11239216483655033,-0.0366196822436426,0.2499425524491229,0.08272434307850134,-0.4125577650340284,0.13198886131586818,-0.2713968790678331,0.15542005379549698,0.07470164220056305,0.15382710129505328,-0.21950911532487952,-0.16928960753994315,-0.26124218030227037,-0.22610914973243404,0.032952406170081605,0.019648720421625004,-0.22703056637143337,-0.4218172552664117,0.1546819819186789,-0.047041579395950425,-0.09300632250358766,0.013412424802288938,-0.42363185101451484,-0.039381841126083464,-0.8814766647832128,0.6888758531419494,-1.837528506391977,0.022492334122398847,-0.8363204134562509,-0.5093192274729593,-0.8546480247168605,-0.1755289428896301,-1.3322380446611841,-0.7487284232752996,-1.1850773619424826,-0.14800409883386934,-0.549374950580556,0.05891920359282117,-0.7881661866369438,-1.5027578238015744,-0.58185131392751,-0.8527499482517095,-1.1089230868159725,-0.8804567906312041,-0.9552694423161313,-0.669019820496069,-0.7038753819156768,-1.5137680787665182,-0.8012374923474482,-0.47742462134153857,-1.0813296688694498,-1.1491354448217186,3.2091511687156036,1.8665000574113142,-0.9124516202853564,0.7875918424869718,0.13576188959631014,-0.03633075009655928,0.9862976825204552,0.929297551822564,0.23304864869228828,2.05603216014661,-0.40630541553775734,0.5816439699419185,-0.9237146341884094,-0.3135622293801257,0.13965395841425485,-0.49404425643044275,1.7760972529469188,0.6631894993463844,2.349214280676958,-0.740804195093311,1.508971916447252,0.19183008925283299,0.9634887027173291,-1.0146993349538607,-0.4672858100646303,-0.14080789928543078,1.7976810025315662,-0.8030483264984315,1.5401844470560766,0.6970968282789404,-0.5008042634013586,-0.6727985706776494,0.41495269804508306,1.6355338422459913,-0.9108773850144161,-0.8854657768397485,-0.3428750523396296,-0.3952768684235244,-1.1843230852841244,-0.9764422378298532,0.43707198856385143,0.5926533105960134,0.2802848626367368,-0.572516492120253,0.4918036718748751,0.1087263312653647,1.61039303778575,-0.8165861371748137,0.48788959165603274,-0.24246678576391142,0.7696419002210145,-0.016414182829404482,1.0998388738887206,2.720660501592388,-0.3196491547364939,-0.28035512767214144,-1.4066418236955565,0.5217544934909275,-0.14161883444969214,0.2576638263656216,-0.41496206642311306,-0.981481913544168,0.8070958435224839,-0.6646134976103318,-1.6598557193215477,0.6704461324743571,0.06779537328449978,-1.2350606210479542,-0.4136222460624081,-0.5104602671679831,0
0.08391872220177791,-0.3668014030804431,-0.3337832752567651,-0.1306909218172084,-0.19694163373788642,0.0596351973482745,-0.05194724000713434,-0.043609330554716406,-0.11665156247902435,-0.28078308602022717,-0.01791868041326582,-0.15572496174484207,-0.061551869411383735,-0.3730137578021046,0.04372523537107897,-0.0682961108411418,-0.32321896250377374,-0.18445457424852568,0.06416401550064815,0.14207683608158425,-0.14872741111966684,0.048985750963971654,-0.30947331989820304,-0.262313307443633,-0.18737887342432796,-0.14330575538869694,-0.3180660667552775,-0.3040896262169528,-0.03761188526169376,-0.07037415963222542,-0.14285207095067878,-0.09718754536350904,-0.07897774332847646,-0.10955058582417543,-0.159327548346709,-0.02960845095729666,-0.22631979878103395,-0.01842876059631648,-0.3729815590601454,0.1087953777372122,-0.09929309876502922,-0.029541819225190717,-0.0366888981509372,0.012171653934895294,0.09681530868426519,-0.09856945563073885,-0.18941123662707432,-0.19792599566003655,-0.03173401608707736,-0.09707795607246776,0.02930197616318192,0.07933937917701737,0.13730152470881868,0.082501932643419,0.008971258499815551,-0.02056838510270026,0.18451107701780434,-0.10802488600236664,-0.2276624574764764,-0.2415681536801437,-0.00556149388432876,-0.20410396175741374,0.06113178668110377,0.18232032018370778,-0.1158468894488527,0.20219538811969837,0.15288568304487238,-0.0241770164050736,-0.14108165839476797,0.14783742348295237,0.03730597920910587,0.1268558961984049,0.03681752191894355,0.2404429768747028,0.06706324025254896,0.2405400638512656,0.05310761073140475,0.11290583321518369,-0.1749538320218006,0.115674629600096,0.23259167602291514,0.004017642523161714,-0.19752208559763867,0.3039060980407047,0.056749575236479576,-0.3369225628030586,0.13316955953748424,-0.3437608611306603,0.2288402569932138,0.04646411046480314,0.17925318795769435,-0.24605346963822994,-0.16733668569294197,-0.23663753926045178,-0.29050323484048846,-0.020766379289439883,0.03939456982259647,-0.2723827696625765,-0.2737855189751028,0.15806580170086182,-0.06972852016189669,-0.1500141784358759,-0.024149926712276847,-0.3536825429608634,-0.036059115163732315,-1.2457856892746997,1.6484735559202899,-1.478484216604046,0.7700573922597668,0.19672948512722382,-0.5237154669720135,-0.4730796605688205,-0.06263244333325975,-1.2070056647034215,-0.6770424925133467,-0.543735969087939,0.8300961076352187,-1.0017095593208474,0.04219193676212871,-0.6088319195733967,-1.4983493284512814,-0.8073931520567954,-0.8839371959266618,-1.12093134249187,-1.0290041725658632,-1.148086639607478,-0.5526067401966174,-0.6012841862440567,-1.1364180546295855,-1.123067528144342,-0.5863981835583981,-1.6590029621578666,-1.2031350739795652,2.1986717566059064,1.0770292778847426,-0.31073563996515985,2.232068479202146,-0.1632793220543324,-0.1247895915202334,0.7021153357598716,0.4631019528409578,0.3353265589396386,0.808141074302138,-0.6398733042350958,-0.1753572734069069,-0.9576954692740839,-0.26569953289030246,-1.1374984501840628,-0.2727481117037097,1.2844083674465632,0.4030561157026555,1.802098857308097,-1.3122876131245786,1.252823711597754,-0.1182002638397156,-0.1770041305767608,-1.2219859456478166,-0.9676614298631118,-0.2697318611566419,1.369037737306879,-1.1249042731084031,0.828153720783231,0.5285918167611028,-0.48294184323786626,-0.8178266079759665,0.636571394993397,1.4447525264866847,-1.3209719359692165,-0.7896580282882167,-0.7575114190387974,0.18516261651213184,-1.071117579081804,-0.9919246685426112,0.10478361603616897,0.8540727384073179,-0.9731851255021439,-0.6752478768877054,0.42616847211718595,-0.10308371631848283,-1.1875043604686888,-0.5250572667455258,-0.6802838822638022,0.19748880122374726,0.2877903289358294,-0.8240256063215314,0.98445170130966,2.9807181757664147,0.8332805292694357,-0.7662074836854346,-1.7649108539166858,0.021182198687348535,-0.27805675599730983,0.13248403486555682,-0.9647836963692679,-0.8744934170911336,0.5302875415221937,-1.1655565340332361,-1.2400630247966147,0.33475502283835046,-0.5989906455284455,-1.0734703235303455,-0.12225361374069468,-0.08667495151794306,0
0.012710764415359782,-0.38983519973493835,-0.3673301631749132,-0.05056688739606136,-0.19595201365932235,0.03596680486965991,-0.10714038210855115,-0.0257643494537754,-0.10225535159781504,-0.28174873794441707,-0.08833149765815064,-0.11756033363600425,-0.06637732632390295,-0.4202472420396316,-0.09745911130323187,-0.08644498960872936,-0.22089883512848787,-0.0780966402435971,0.009912236875836132,0.17799764459883885,-0.2167407047722495,0.016678238659022696,-0.2505816776457483,-0.23171975990240956,-0.16725881085241637,-0.17189617915445318,-0.44443165106183374,-0.259412437210703,-0.1339857839927396,-0.00134166746430079,-0.1447060953219719,-0.05436976003489015,0.06554770507896591,-0.03122344577420884,-0.1761585711238193,-0.154978237104184,-0.2274789924977977,-0.1326336221575407,-0.36473467053662145,0.04552729022704593,-0.26178014265157734,-0.03901379570675967,-0.04273393828683109,-0.0045340397632642835,0.05096326077615618,-0.1710840786316317,-0.1336023241324874,-0.2880491721629353,-0.003930592807498035,-0.04391463936871676,0.0023992532399486934,0.07691538304952754,0.001820481145841942,0.02175934618290519,-0.029173468082157226,-0.0754408475850885,0.09237267277261385,-0.18586204351198043,-0.1934023362375588,-0.1847757225795026,0.00688156530741481,-0.24725240774811402,0.032392126914787885,0.19766381745290312,-0.045470964025384364,0.2537875321734807,0.2364498535232506,-0.012778485596315446,-0.1016170092355932,0.10330623458597103,-0.1045841961649546,0.049826832495413594,0.08929024567118905,0.10184195922227218,0.18217818582047732,0.20907031418886646,0.0482811700970375,0.0029100855038346313,-0.2325342990835698,0.11311181195885123,0.17459323335681212,0.01706842613442628,-0.16448398121239424,0.26941342479973673,0.06136959691095033,-0.37528989179753064,0.0680175515167648,-0.38656820238157824,0.3108226487263732,0.048164637092789356,0.08130337386200437,-0.30966971375976243,-0.24264172750730498,-0.2627877297198951,-0.2343630255519773,0.035719670519186265,-0.06158996890665019,-0.09085804889870515,-0.14587219445709287,0.12100510453196626,-0.20516682312175513,-0.12610214182235835,-0.04385313299706699,-0.29118129598490783,-0.0819535061653108,-2.0055496156761574,1.3698056013383932,-0.8833916190055116,1.111670452248373,-0.22384960967560216,-1.2606902208544262,-0.5508616453024531,-0.5617660138499663,-1.5895608566840034,-0.8416315006724879,-0.9494824931705826,0.24284780937846023,0.4066037464952688,0.2988245213834568,-1.0347561356702655,-1.7311134548244604,-1.0174646401298304,-1.3952359355619792,-0.9231368196803531,-0.8076716668715491,-1.2317852814129435,-0.8521456235950013,-0.6004604704011374,-0.630249376995394,-0.7361812151329257,0.07541021557687519,-1.6021704980739708,-0.9216997951369896,2.6633264934546226,0.1172655431207935,-0.35991375437368056,2.1197177731587185,0.24371263216409683,0.21483580080717432,0.724627161179909,0.798340554894243,0.09622544795018893,0.3324857885189144,-0.978044234278879,-0.25739480257383857,-1.1997657557812382,-0.5280113522988334,-1.218886913282963,-0.6123969468984956,0.6105725735203001,0.5883586551802614,-0.3031513737255805,-0.8812864364682423,0.0758155660802244,-0.7164925597165944,-0.39082089822294425,-1.5755618471075583,-0.5215239545950809,-0.1620322685124817,-0.04582490746124285,-0.7902242376844476,0.1986183262928298,0.26805797131458736,-1.1992888827419215,-0.9384537552364718,1.8977331933689425,2.175069082386204,-0.9108001478335959,-0.9857312545457916,-0.6599440143524028,1.271290182472474,-1.327914519672427,-1.3543836021356652,-0.09902909942796706,1.222554114200397,-0.947334871869682,-0.9449786214350023,0.07556464564690868,0.07059458323361513,-0.8458632149918814,-0.7055837450767144,-0.6931525562987966,1.1600800577491537,-0.7653338637327562,-1.3492865448868818,0.6211627883824983,2.489165205638327,-0.8905426550777034,0.1837341445892894,-1.2789852563064956,0.17956204554997712,0.07381179224319709,-0.2558806962031737,-0.1281385524826345,-1.2592898013734193,-0.7942191480989377,-0.9608812694600245,-0.902608560661324,0.3061798240323257,-0.9737188889391504,-1.15923938150025,-0.32575186328936606,0.8839824365097416,0
-0.07887517002424696,-0.49890331233479324,-0.37994744150525356,-0.028310377692713804,-0.1692539560318245,0.012073449325095364,-0.1732073732385803,-0.029048208445635552,-0.17994221305499605,-0.2946472256539596,-0.09502882247912985,-0.05443021378747473,-0.17145083318639295,-0.46292376324050566,-0.095203641571423,-0.1182804164228465,-0.27937786754061583,-0.005961319321280892,-0.05403976026189363,0.13095521228054796,-0.1968997632939319,-0.0425902566986057,-0.3424706664714527,-0.14725958913926124,-0.004232357376405834,-0.16969161005029698,-0.43635359867928264,-0.2105672512316504,-0.2526401826938034,-0.19938619971282706,-0.07666524417636376,-0.16482053302108282,-0.01162046701664149,-0.02335639585955963,-0.2502097291236712,-0.2703473651032933,-0.2840804714462287,-0.2960587006667085,-0.3609624359712848,0.02201401423079831,-0.2826604921481393,-0.07947435909438759,-0.04689470408804048,-0.01036703719600152,0.06811959888134617,-0.13961785332990903,-0.1557548161975629,-0.3362028876302182,-0.05749262213093106,-0.13999957660514004,-0.02237011824542374,-0.07190953948150695,-0.04987107211392346,0.021288483653466327,-0.07075880871089221,-0.057012798902896004,0.10507152312956489,-0.265722697167646,-0.07426433130475386,-0.19013707158393936,0.0007100000900805062,-0.25991534086742946,-0.06550351996669362,0.14380499520136633,0.026119033857575132,0.2741061853932099,0.23817727006760409,0.045951658197913706,-0.07253619549140669,0.14735417055603867,-0.01487778276063957,0.10486921318911949,0.11077444023931635,0.07582692137079322,0.09723169006615053,0.1593394393510582,-0.007047169982265585,0.038400964397476714,-0.2629290150763934,0.08280148873560217,0.21774062946305303,-0.018223840525383495,-0.206663470891376,0.24099049179494594,-0.0377396184072464,-0.39322455829186137,0.005789028725262416,-0.3691201872989327,0.3057913297777348,0.1384075601437859,0.024527230264380202,-0.3094907723629235,-0.26453832981697145,-0.2739148950251842,-0.19621884070304196,0.02819195224570782,-0.10569543453215605,-0.1540531321062011,-0.17005475946123624,0.04827151612731646,-0.22531457105906588,-0.19938451286170758,-0.045724607885800767,-0.3118251181038113,-0.04180150058474651,-1.327555805337181,-0.2194551669737893,0.6142769719537029,0.1342287361190986,-0.21759896919560182,-1.250948667284964,-0.5948591155066545,-1.2544917012101722,-1.2517738466991537,-0.7076836575175317,-0.8928689754537089,1.1490285475146664,0.40485872632484854,-0.7920712231659638,-0.8526438552579731,-1.1913806247084322,-1.0242405185659027,-1.171915676615666,-1.0762897230082833,-0.9195544008081216,-1.1539242157948943,-0.7563071748582896,-1.0149108130125644,-1.002280831611038,-0.4857582363941549,-0.423117304000931,-1.1421624342551007,-0.9725897334173488,1.4515932811739667,0.7723848028725622,-0.5013140781761173,2.1528994491216116,0.9716104900496888,-0.09963365907145245,0.7736628021192652,0.9079825733921811,-0.10061471123419506,0.20710740512543524,-0.5154075414130032,-0.12327796139866351,-0.9534487251690146,-0.8067286617342098,-0.8428640854343479,-0.6638382013454824,0.6680687041429659,0.33453406114172146,-0.019623018254598893,-1.1861049562149217,0.5902246102048986,-0.7546021370061157,-0.4384559147398013,-0.7639617248375443,-0.2583803898580945,-1.0457656586594102,-0.45560054362687347,-0.7075168682936741,0.3131858377316267,0.24950550646689346,-1.395085501851861,-0.8370597505780609,0.17607099919552688,2.113464153461859,-1.3732365813471856,-0.9915369230318295,-1.0313419747344483,1.0484299115720048,-1.1455458729127577,-1.2144139795500652,-0.6878491847662724,0.8610655660090225,-1.3354201675992161,-0.8137901306230594,0.8515975656425621,0.30281945954433187,-1.29490162727222,-0.761548459960258,0.037206620487254566,1.0987912280813361,-0.47248341923609527,-1.797239088096688,0.931059987408978,2.2392358931874377,-0.45088921102311996,-0.5937278540281529,-2.1307690855721524,0.23502088760832224,-0.5274929818789171,-0.5031306070704468,-0.8191310822486382,-0.9535797427720167,-1.1457126620638731,-1.2511134175195693,-1.1876211370294487,0.40615731235312497,-0.8216594534067058,-1.0312643460847593,-1.0279749763180321,0.7226094138106657,0
-0.08367286937497947,-0.4498157944608569,-0.4035401549807656,-0.11775233832296655,-0.22781869550827277,0.020550339140729644,-0.12238303170990342,-0.05411581173476976,-0.16651011499407406,-0.2777216736862431,-0.11124124107541175,-0.10963751438261589,-0.14999935363162165,-0.4472975142833138,-0.07355944456428988,-0.1694232207971938,-0.3068222496317399,-0.01354570662712109,-0.1465221298556479,-0.03136508993141619,-0.14796581290713084,-0.001370603134133643,-0.34241669515545464,-0.06075521871237925,-0.07365140597738642,-0.2650806640890822,-0.38534313760568667,-0.20714965881607292,-0.30163927827171283,-0.24134851715343128,-0.04354563291879757,-0.2605379537867277,0.042424756437156194,-0.02037759978331203,-0.23588580261263545,-0.32673595065789174,-0.23297464561790868,-0.2736328370542027,-0.2767102859144827,0.002314303152668014,-0.3072468390098815,-0.0661680447871296,-0.041595416017193104,0.0348137498550671,0.0826482732309786,-0.06891693574280364,-0.12802510193641942,-0.32717053873921925,-0.1441791829950059,-0.09540860606090013,0.012280418202973145,-0.08720824740594929,-0.04450799331217235,0.08646206006358799,-0.008601514431397046,-0.03020386531054987,0.1251593789262459,-0.27714323229202825,-0.1278164457354221,-0.28057383063951663,0.04636154442025567,-0.2540552661530182,0.021839189673098502,0.1741730444378778,0.06180596505974556,0.1965390822730642,0.1612673375087511,0.030360290153687047,-0.05593852153918343,0.14575158316231804,0.07854443727854078,0.20064586742526286,0.09420053493070413,0.07513449490328435,0.12844410372259135,0.1490197851206642,-0.03383595041142143,-0.021663979732458045,-0.32228364805735427,0.08074591251727073,0.17505009916360156,-0.045454692397020456,-0.2482153841704948,0.22365465902470175,-0.10624072405268252,-0.37164106876969805,-0.016334710505350982,-0.25500878978831254,0.27997421502493447,0.055803277125370504,-0.008773666138248447,-0.3216907268332813,-0.23888996198167256,-0.28302401737627525,-0.17470851259387418,0.012998782906400686,-0.04864919144989356,-0.12256180199836406,-0.08669518092286659,0.03512691501040119,-0.16735697078592002,-0.27028903958823064,0.013567579127587008,-0.18331398659974787,-0.1344019266041993,-1.2994448183724996,0.010693691854860486,0.8806035620288285,0.1640603890002196,-0.6441969271640603,-1.2012434914920704,-0.5081611868103705,-1.1064728034341642,-1.2527846679731298,-0.9855350034959431,-0.910675184300941,0.9018571587976396,0.6252860007058375,-0.03342407853270624,-0.7239060041696646,-1.3653270084869282,-0.9048260229790417,-1.2317641084231943,-0.9333003130652126,-0.7224510394558491,-1.0260369397841385,-0.8029599416920689,-0.9423989753191844,-0.6491079108971206,-0.29362860914195477,-0.5776779215736608,-1.039800699611991,-0.940647553561063,2.2695264294658615,1.4008787956659428,-1.0012749037420021,1.6641933692843613,1.2677680012212011,-0.2786454540260264,0.5529855213341934,2.222522359822586,-0.586808662505258,-0.6631909427520799,-0.5666468123323078,0.052792722031252494,-0.6330497507387094,-0.47448408659833424,-1.617167145408781,-0.5479116286413013,0.9610514466299632,-0.2631630777092757,-0.8657701598326452,-1.1912455174957266,1.788273027217488,-0.09222241880725678,-0.46183085704469723,-1.2265098393139706,-0.36705711231517185,0.1686498069829823,-0.5786541709415864,-0.9960236506410511,0.5051033233681977,0.1878144610177495,-1.5298936413872009,-0.7228425598897008,0.836137018505688,1.9112867287599806,-1.6511494563468598,-0.9406286445223844,-0.4926090941372923,1.4389822155332204,-1.136238388200742,-1.089687687684819,-0.3232797959984305,0.8736720150986029,-1.4433545189186026,-0.9517785529493271,0.7878937645819889,0.6394710723175003,-0.8630036748448254,-1.2416495020610727,-0.08211077277491129,1.0338473716485848,-0.821248461830596,-1.8473175529089174,0.5352505805292239,1.9121765128035888,-1.058741255966352,-0.6712124434254104,-1.1935797120517815,0.23088127152134055,0.28872065849091016,-0.6160086629285665,-0.43695525367131527,-0.3145103686665065,-1.114696254527671,-1.3295434202052898,-0.3170079110926288,1.001000925260391,-1.2931937349496274,-0.9712760780476773,-1.1378895098048212,0.9237696909460639,0
-0.14877441700543498,-0.3378715633421433,-0.3871457638399126,-0.13984159029866747,-0.3483613382558412,0.010286159852465658,-0.1730934113873231,-0.025594047051325394,-0.1454943837686298,-0.18116942285265408,-0.147756110325591,-0.07523427664934217,-0.17625999149166005,-0.38893327452217674,-0.02000500612113934,-0.13156447297576476,-0.27262726275196697,-0.04411481891594442,-0.07083605017153494,-0.04465624750220417,-0.055809670958961784,-0.04128199563976354,-0.33786684363609787,-0.09270127575449068,-0.0311629117104762,-0.317148942161416,-0.3290666174689732,-0.23202540903397229,-0.21568823618044444,-0.32500934520744346,-0.07274776843879036,-0.28563093856859734,0.04596131103233044,0.10155192890944846,-0.11881699659666964,-0.33838262623222004,-0.22686983038864902,-0.3331669031831949,-0.2759848654544387,-0.06577788549978086,-0.25906697426828224,-0.013789487884317875,0.01217320979969856,0.03622059831187493,0.06651021873967833,-0.016002863077704793,-0.12893978395767602,-0.29276212811297364,-0.14140827537940864,-0.1145707704307127,0.0454657433974304,-0.0013311413657657585,-0.04807756377728417,0.17513509102272198,0.028937681688667217,-0.02701411415282136,0.09086835959352524,-0.2068917644724173,0.06385349249000753,-0.24851690154328834,0.0938313609070924,-0.17643117125225297,0.06070404733683639,0.24358366771410334,0.019897832765400473,0.11408715172708327,0.0764872683052485,0.14162265069354205,-0.1540952587114064,0.16083049536850932,0.1027544217761526,0.22073711364158044,0.08135396922383678,0.06773033870475151,0.10688344741651373,0.06575904116404106,-0.04414926666820444,0.002568629213975153,-0.2789870065931346,0.10069670768931421,0.20896254493183214,-0.024445497200949733,-0.19372892216028548,0.19853831881094192,-0.20428007618329405,-0.2219356425178148,0.03196999008968459,-0.1890796471993016,0.2055303414796928,0.10861083840770454,-0.023854586422611086,-0.2839562046405212,-0.15920847108615704,-0.24034379492636143,-0.20393233188115958,0.0956424290960947,-0.07525500339427228,-0.06206685743423917,-0.035641106771225575,-0.019508796059176436,-0.15491924631374832,-0.2502592837340099,0.12002222465840492,-0.10441977638312169,-0.03912866987809032,-1.2976153031439739,-0.43280424426918046,2.421852279422988,-0.057230827762074055,-0.2032650692364515,-0.8911884865957529,0.362680305203497,-1.2185382026569913,-1.447760955281622,-0.8086172340488582,-0.49384386805368713,1.6425220958182418,0.10768104423355175,0.03397426841598646,-1.082229318140384,-1.0705941571662283,-0.8228907372199957,-1.0103503129436233,-0.882743327929083,-0.8805463797371799,-1.0703916563357758,-0.7950495092542421,-1.052539575014119,-1.0866153291504272,-0.5112030162412121,-0.9870383743418445,-1.0134641921234437,-1.0122198972935617,0.6817784132126093,2.032790664985616,-0.9059479287588315,0.8884926943882039,1.1511474398096975,-0.03678194331621885,0.5819259315571477,0.5829514816649936,-0.08363478465080768,-0.17960893612437942,-0.49207936983792894,-0.039087214457329565,0.44731643907549795,-0.22821284405702605,-1.5406029808345023,-0.30229722966991884,0.8414373923897047,-0.2077231425934389,-0.9377551406661406,-1.1927567889558273,0.9966463782235072,0.23008560644826015,0.09387453357623948,-0.9403263927141748,-0.35765324042343194,0.36216024914864153,-0.8762005191942502,-0.9892731103031546,0.4267563234777748,0.1395657910350215,0.13474697897551888,-0.45737574648409135,0.5469296337726786,1.8384773883491123,-0.3423795579600989,-0.62368252948138,-0.5200833296373772,1.682977912194925,-0.2746109531753756,-0.7875803259553611,-0.2055008165215257,1.4649315236794627,-1.2214912906236859,-0.8393274801686473,0.4117597642749904,0.3802217045259586,-1.3119567832280767,-1.2505060791987244,0.12360068900169413,1.2326091867306188,-1.1239641948147616,-1.0734939668492973,-0.0937917847026107,1.8065363580556235,-0.7198275900537513,0.04188809242347384,-1.2951812653601613,1.3993220598404295,-0.01881144423415313,-0.17962340017464554,-0.5770147570697306,-0.6478857838862693,0.7641584957399792,-1.2735912865253087,-0.037843270390978595,0.787022506985498,-0.05892455919115135,-0.7936060592602074,-1.2717005329032756,1.4722002370636533,0
-0.24128938212759882,-0.2539744483536436,-0.37352042616731235,-0.17668828557052293,-0.29372278475610825,0.000710487521282916,-0.19439538377871213,0.07331618436970516,-0.10739659936057284,-0.1436579273001446,-0.15786998028477325,-0.17106860704536767,-0.152978741037179,-0.40032009162854587,0.00980794156118663,-0.1478425300381629,-0.2723251964146978,-0.04812055383850089,-0.029306575527708902,-0.05883174179135682,0.024705926029338767,-0.09533209265458197,-0.327062492795095,-0.0872320263413577,-0.08689036086849476,-0.30005322697789694,-0.36076759748102705,-0.24374850195188466,-0.20844769977889147,-0.3599745232451682,-0.01580247763208333,-0.26608269831022463,0.021741900884177604,0.11118531107759548,-0.14999780449963113,-0.3184518626811587,-0.2679901921032452,-0.43303588564793744,-0.24594523022074463,-0.12196222400048445,-0.1667573694054487,-0.08785962937637945,-0.013216724620465102,0.10889284523820006,0.06555011558861715,0.036531561486786227,-0.07873111544229554,-0.34228177157020734,-0.11950067620706643,-0.19981356794937505,0.049749461516868744,-0.045752567304267,0.0012234104947207042,0.1374626378948375,0.12329582645376433,-0.1434521682963763,0.031913340043618,-0.2204692700844471,0.060168743421474415,-0.2444979838890382,0.175319466842459,-0.11210597866555722,-0.04280785763070363,0.1324618479040199,0.09649894280902,0.06574225003261176,0.019406580930374576,0.1445140674502018,-0.1525065985098482,0.155347947488802,0.09607711696648026,0.08533648358789284,0.10243832652068638,0.17116917436708776,0.04368694268968896,0.1699778830852193,-0.1419585884089422,-0.02442982465650598,-0.33626908415491824,0.05283543398287116,0.18633103391326547,0.06336393378771511,-0.09817438484357009,0.15943672953259821,-0.09412838727379591,-0.2335644491389328,0.03865620314142735,-0.1324580922698762,0.20869172254800183,0.04008337970810315,-0.08331799059784224,-0.28469031691976904,-0.12516187796776165,-0.28027431772360684,-0.09477572750177478,0.15958497347903963,-0.14576238521983353,-0.12489477625441495,0.003926672679790492,0.04666861244613128,-0.17074029353898973,-0.21804596582986469,0.19075137400163597,-0.10870150272746247,-0.09859321062316234,-1.0635399925818456,-0.11318775737673988,1.3087721351022128,0.06038332419297586,-0.8963518559425769,-0.9052024908968757,-0.25713876807520203,-1.2607188649450616,-1.3204923216164763,-1.008020655456747,0.1778267871772952,0.8997501711061975,1.2801020335094053,0.5214801490349654,-0.8997458097049238,-1.2185848284722078,-0.7037987520683718,-1.4097643058530296,-0.3747908240012216,-0.6474121902399576,-0.9202946750268871,-0.9098360770810935,-0.8869511832396121,-0.7064931112507246,-0.7385632283288659,-0.5378969150859775,-1.0442302482588128,-0.772660832483412,0.8952210416875036,1.9592910759370425,-1.1111561382103,1.005423984670077,0.8560312555274616,-0.007866906892679458,0.1162955918092315,1.034675536332749,-0.05603222395121636,-0.10648517010546546,0.5025163413027227,-0.6657688828717098,1.0787481996807,0.3199894507258502,-1.2737236606104647,-1.1687802716645295,0.520886292425898,0.07703275406027665,-0.968761174317061,-1.3031648533934543,1.248786917156745,1.5936693079841016,-0.23019549282853757,-1.1707861309062213,-0.6347547292306377,0.3965764998054348,-0.19366284790147534,-1.1311291904145795,-0.8431402692767034,0.3323629059681352,-1.3516191707837908,-0.18039443548313602,1.3600098676649393,1.5678753403679868,0.5325880525123462,-0.7630728109082984,-0.4242933561378002,1.7245263227646883,-0.42409262299104317,-0.8966241865091188,-0.5337607121345959,1.6626761024103283,-1.6808400804845738,-0.9198882081456902,0.3835478077192891,0.39508453353385303,-1.4722261784192119,-1.198571093680161,-0.6330058520165858,1.6332730099674575,-0.5988665867251187,-1.9036803221704581,0.09906700203035833,0.9388908370686031,0.5322935404307226,-0.44294630427226606,-0.5235921712153742,1.479389448763413,0.02787518799729591,-0.6142439151891806,0.5459806678594198,-0.4635549727416698,1.299604809696957,-1.4600618138507744,0.16585188950803692,1.6854843829783566,-0.8120668613228207,-0.8020207035827419,-1.065858449247355,1.6460175732236935,0
-0.1968404576056486,-0.2746817366614638,-0.44253462402275007,-0.17590463951588953,-0.21894606590521815,-0.027376644254138598,-0.1926090037603573,0.06824433595334711,-0.1295502490877433,-0.17479883716905056,-0.07609199083021562,-0.08687873212348851,-0.15472801892041962,-0.3403984957279425,0.05168357131197546,-0.22868477352321856,-0.1833817012600868,-0.16433191606203054,-0.05005452604154428,0.014499441893769277,0.0076184793016438775,-0.14672545772841447,-0.38985034468215607,-0.18966375573656066,-0.07134285398916208,-0.329404420727572,-0.3325272085398619,-0.26260400715902715,-0.2632020166646043,-0.28148808284971943,-0.0011144963517381243,-0.21590864910482996,0.02834522438229092,0.10136407824155966,-0.09902164709125397,-0.29532021705157746,-0.2568550691122164,-0.4886998632250709,-0.27679836741475655,-0.12349039600131385,-0.19145998175948142,-0.05319243229555216,0.04180129008232456,0.1165087381646933,-0.0016831032798916173,-0.0011272069632019262,-0.08675968969634915,-0.3873273455398105,-0.15847652445274915,-0.17086216061020326,0.10472142698501115,-0.06387675459270828,0.005634492359612549,0.26002607952892015,0.18064074400367675,-0.14321419845954508,-0.008311881731294875,-0.16202575104754077,0.060157198691283185,-0.32824980970916645,0.15344091010923658,-0.06281950026089327,-0.13881640936302678,0.1837333911824326,0.2040380137569847,0.03104540402686432,0.056843874896617665,0.16720331568007352,-0.13584488793088384,0.1669300703819507,0.009089975285370182,0.13185208364703732,0.19164232759884264,0.1987848911209849,0.1341756539551902,0.1269037347825775,-0.192575085173257,-0.07349131902842089,-0.28481774719843217,0.07513232187157985,0.2145124223110832,0.06107909387888753,-0.10705288813169415,0.15146505004072425,-0.1363458110150036,-0.20512881808401323,0.08145402065968127,-0.1378867918829488,0.20270860281641426,-0.057186300192870805,-0.07264137442067525,-0.2587556226930087,-0.19033520593507128,-0.2831584620741696,-0.08139571410616055,0.091060112631571,-0.21025398311293217,-0.04105535084393369,0.02371266908744403,-0.0077439056780380195,-0.12018081989412886,-0.270787211825501,0.1671335464060862,-0.08719957176708122,-0.08043842590354844,-0.8085009819407614,-0.4563325069783532,1.8470594143041459,-0.541099169148894,-0.5521956880254206,0.03946273507011222,1.0078704078993173,-1.2110029714964048,-1.3678476121279217,-0.919194064209075,-0.3512692442566377,1.7187729504078948,0.8459659254261934,0.8627715079762692,-1.1573836992091182,-1.4374189780369966,-0.7608933628470052,-1.508910371186609,-0.609362862803786,-0.7805802848966689,-0.7877315725245911,-1.2567803283315955,-1.1130499522176547,-1.38196904518784,-0.8713872056869613,-0.8787772050579669,-0.772319557362454,-0.900852058731897,-0.2683963807652415,0.8933365272829958,-1.199717786960573,-0.4859687106322195,1.4574097499626364,1.1845733201817568,-0.07362775875663852,0.2797084829735513,-0.18409527849646684,0.18946490109184258,0.9857306059629997,-0.22946323158408993,1.4689686188055875,0.37569502508014796,-0.44836043578012164,-1.191668235879188,-0.7347385133419028,0.059430994516533046,0.08489001147240119,-0.6190982574459492,1.9866223338536515,2.0198322194311076,0.3822604262878351,-0.9649830759069612,-1.2301653710303546,0.37085586466475384,0.6288902249631734,-0.6099712420341942,-0.7170424570128262,0.40441539594696807,-0.8247448998781175,-0.47241621732341843,1.302869739958903,1.798661746916349,-0.8144570299245659,-0.5754901375092701,0.02474109992807327,1.7111499321260892,-0.7762803923481351,-0.8525202277989935,0.18365196180572077,2.012024097896326,-0.32622589251327216,-1.1152411544128769,-0.23704451619278977,1.0604558094551546,-1.1629389420849972,-1.03016478433777,-0.450036892440937,0.9846277753763468,-1.113821130514796,-1.243799830517241,0.5641142221727882,0.9103994711749457,-0.005426987266962422,-0.19220779524143275,0.4606927083641041,1.8105607833061212,0.6902094298427349,-0.8331368485892747,0.04989830567783698,-0.6029753958906254,-0.6864266338347587,-0.9871475976285738,1.159282005540093,1.7323415711998156,-0.3343334014160838,-0.7140675193952933,0.4163799522298777,1.6295644123051571,0
-0.2534057441173437,-0.3085626400047346,-0.5137818674209026,-0.10177996227088554,-0.2543630999161345,-0.08028259036010753,-0.22010368290099677,-0.026648085858631758,-0.21322340037659582,-0.16369437149797444,-0.11702947608075213,-0.04658983789660071,-0.1267774364481101,-0.2709058248571467,0.01830881261625264,-0.25668349180471445,-0.2693828159523666,-0.21491964524459514,-0.06950211511002168,-0.07353239219715102,-0.030393810071513472,-0.18333010887880313,-0.30382806520176797,-0.21231604080002303,-0.028959476839988202,-0.24907406367742388,-0.25960734470382196,-0.28896622321819737,-0.39777997660250874,-0.3017776481028675,0.01132104702480307,-0.250917340607568,0.019016800067566356,0.13829146135478512,0.03442253051517909,-0.1928511030241485,-0.18885236335215733,-0.4555256310185088,-0.26942657856563135,-0.16251405281369402,-0.19699878819025007,-0.04165723340230946,0.05546915930329187,0.0669524837321105,0.0567999247139557,0.09188834637654633,-0.16910044649485537,-0.3150663979869633,-0.20853565292303633,-0.12934647735481722,0.11962382375946591,-0.07819053941545391,0.008346747103159842,0.31132172387590684,0.12417559552268688,-0.17442303061504166,0.014737968980714953,-0.14682189832074388,0.03926421669831786,-0.23854172734257187,0.19271970840733188,0.007082948539760062,-0.0255987035697777,0.1632195586121051,0.15309860884151447,-0.0313332573573232,-0.03710490821955271,0.09866686038142636,-0.21372236622639001,0.10126254839414425,0.12865054691593764,0.10656976914659656,0.24548568280497607,0.1469019330050982,0.09429036254518312,0.03689594329233298,-0.290487115882087,-0.1787045510358379,-0.1764405313969296,0.16563204368637102,0.015698219994229927,-0.09601125248867691,-0.10396784036708094,-0.045762475550444166,-0.2812932388101933,-0.14471792357046603,0.017077993225468047,-0.10658877941198651,0.18081154618006434,-0.17288411898566342,-0.11619679093602998,-0.18697461533409415,-0.10289245621578354,-0.2568784950245562,-0.07817232809505795,0.016125154853847218,-0.292024867804485,0.06450456683381195,0.0071638978618171105,-0.09989511660359596,-0.16128990670079452,-0.3182684284720178,0.18433790589598348,-0.0909439184202574,-0.05935823911534701,0.41401004338778175,-0.40232886235660875,0.43802796749442824,0.508177161531216,-1.6990524079859897,-0.2511618782850999,-0.08021905494148586,-0.8484173726664604,-0.610982451661686,-0.9615716220431026,-0.5411796698859888,0.2611499718710915,0.184298753011889,-0.1265105427755792,-1.2073412543545916,-1.3460473009727452,-1.113389324056318,-1.6189997604252588,-0.9884086793014956,-1.0117736016530252,-0.9176992408212677,-1.271927633123646,-1.388085850844505,-1.4145173373417461,-1.007818591787198,-1.3232447564345573,-1.0693089466934353,-1.07989154101307,-0.11381843410958055,1.7390576589134443,-1.6116904997870285,-0.34709048752194677,2.4554045614424833,2.369959269120155,1.5847128238668178,1.200005584410942,-0.4957787936206611,0.24231625004207707,2.5016010253057672,1.280320276388063,2.1117683756727827,0.6728979634286859,-0.1654782641555015,-0.7905821787784865,-0.5392927396883341,0.7238995283473788,0.3503945876165498,-1.5336069359275881,1.4858161659564637,2.243662659658545,-0.5493013044852342,-1.3343519700804438,-0.7023957943181446,-0.06069104564473586,0.43141916048127793,-1.2676380857222471,-1.6362958837296322,0.6359284580682253,0.06645411192790261,-0.722634820108036,1.5319475009545278,1.8516519858668896,1.0481099114928034,-0.2887196324041272,-0.24065215361462297,1.3496204236991203,-0.5772005530233293,-0.35893268910509746,-0.05934470088738014,1.4349304321289504,-0.3856170331423802,-1.1235779740806247,0.09527912050566709,0.5679951072426013,0.13580386597044794,-1.3706894485246168,0.14219001768601228,0.8351993813283226,-0.555435025997976,-2.1334544409655587,0.3663158199644677,0.2465300618213175,0.18854204839135721,-0.6145878590295707,0.2910574012818426,2.0037898757638324,0.8118322660607805,-1.2003441215886361,0.31892636169464234,-0.8677745708331995,0.3218300319048294,-0.8714106493816042,1.1353151696955728,1.630193863180322,1.4151148179064614,-0.3931801503218914,0.5348976858741685,1.7649236379864288,0
-0.186610525562202,-0.20496027617504248,-0.422764148321791,-0.11464079350682135,-0.10455277021413939,-0.09807049578005116,-0.18060939567911644,-0.02433658923119388,-0.16100874890430616,-0.2238244680813385,-0.12072161295525097,-0.10615350521197607,-0.018704233247624227,-0.24285547322638426,0.0010201107459198717,-0.0743530062631328,-0.20548573886300373,-0.31085748645709527,-0.23599482403169691,-0.004741720760896012,0.0031224781040553543,-0.47252799987047617,-0.36279073459552863,-0.1533963682111579,0.011352000826733865,-0.28430376076202646,-0.14550133036331137,-0.19001205515899167,-0.2684399371535382,-0.14121301209185647,0.004662050883159385,-0.22446422726153842,-0.1818078371960506,0.08055106760563198,0.12663190358488793,-0.11417344864449008,-0.30703526770222783,-0.28910912310466264,-0.19361336723430358,-0.1584932097438054,-0.2188646807244581,-0.15045780992994928,0.15694538814429942,-0.0034643166435865467,-0.06613602180608331,-0.07206796326730489,-0.14137070090098905,-0.22419754165464842,-0.15436914236321525,-0.04677333649697026,0.13215575700391022,-0.17303966001231094,-0.020437668618986618,0.24360327753031083,0.013111433254375315,-0.11831229750757813,0.06676859810335381,-0.1793161571977702,0.151071312460742,-0.2279743080867186,0.14085400666658374,0.024728632803288953,0.19754473686785937,0.15412648484389405,0.008669342437991218,-0.027476615129190158,-0.028864516924292007,0.005963632110839313,-0.1997236199747832,0.16829637797371907,0.10886611146146978,0.21316556673582573,0.145206494447218,0.025438891460737842,0.04892753741449319,0.034902810301413977,-0.2798796256739253,-0.19731037535675225,-0.002985033670964674,0.13440430269999165,0.06256293662226235,-0.02146497733004117,-0.07529904336666134,-0.08377369010698255,-0.3205173172851048,-0.3622942858496349,-0.08281390981909566,0.040473836525625376,0.05559725218486719,-0.24501418849414625,-0.10146303701694152,-0.1464596474640667,-0.04158073828694075,-0.2790437210211178,-0.00766084326021928,0.06794753853158954,-0.3122497710818351,0.06636302919498036,0.0745704332567936,-0.20214324753965798,-0.09260085283745412,-0.3411469456646738,0.20130475760065428,-0.11937873112738907,-0.022775210206172087,0.14634374511110682,-0.6398914141794977,-0.05286122906391296,-0.013794333177041032,-0.9251993209903044,0.4362921529011528,1.1401737480746408,-0.6676965660260051,-1.1913388246195509,-0.7627359680728159,-0.2479430977470322,-0.10482779082662398,0.8153054125147273,0.6590283697151288,-1.031812879389883,-1.6192369525329078,-0.7238485266330055,-1.6091581540076927,-0.6599716956548041,-0.5048066769875493,-0.47433843685863675,-1.1473820210338523,-0.9190674206233705,-1.4982380184715172,-1.376489353608544,-0.8304188127531826,-1.0927158827685335,-0.27992249257577595,-0.2072971441120035,1.7697876303191515,-1.6888600490429164,-0.02140403907457782,1.4620443689383296,2.4694632517791475,1.3261352210058286,0.8535181772208995,-0.29207964873582826,0.5508037267020334,1.9017176373084697,0.4308414426129871,1.9642057580729209,1.6693669016242765,-1.2435847814330372,-0.8155900862171553,-0.2319688546073414,0.7898032531509445,-0.5775618206333573,-1.27428602226275,2.335311189625572,2.2346675999069467,-0.03953556076721075,-1.0482549891752906,-0.7913973498123539,-0.022233445906601215,0.7319263373900281,-1.2132085622836595,-1.143350322882005,1.329005513867263,-1.2645935853196737,-0.3674010628572005,1.1166563495501247,1.0612135949678525,-1.1611502918197214,-0.02973802067380134,0.09300081435952003,0.6888381484531835,-0.9490787782547251,-0.06188035459805435,0.126393478210703,1.1512824722174035,-0.8218204169851425,-0.8086822963808944,0.717055942949841,0.7375672458579559,-1.1837896435755466,-0.8779799344958902,0.30694999927379274,-0.08307746650702276,-1.0522713797643606,-1.5976487930343732,0.6927917329029966,0.4214410850803099,-0.908954324365405,0.17678140285924854,0.2433964378581444,1.5737463782424521,-0.35312772505366374,-1.1813771646106879,0.05384258138199667,-1.1074694137108634,-0.6330712729761797,-0.2362450780366339,1.2011127451935435,1.6262030489747958,-1.115405496176576,0.3961568120463872,0.4720045420047492,1.3283600160271012,0
-0.12480850487917292,0.01184385375478422,-0.2381402610339938,0.04566930377204431,-0.07823355457995224,-0.07958699069406727,-0.10912350572735081,0.09553111696207323,-0.13644470024046912,-0.15671669524612278,0.029344655654700895,0.07055842586421819,0.12259559991163839,-0.07596032141893526,0.23902971570898043,0.07424776862301827,-0.06419025275092886,-0.24368500701472753,-0.17983849184007397,-0.14228568107802667,0.13254296007826386,-0.19473808796050665,-0.161265343716479,0.1591258567743405,0.29328032477779875,-0.03394198000082204,0.012653789125018659,-0.07689527859971011,0.016981994436448745,-0.13070534145302182,0.052907189612785156,-0.16561878278134548,-0.060294086601296974,0.06461323915834913,0.12110539184507166,0.11385625870333352,-0.1205980471085253,-0.12048055412181449,0.009820550130316226,-0.12451078514328183,-0.1020700906889941,-0.14650797299259224,0.22925467406494496,0.11361530399877567,-0.10693575713192058,-0.03776997347344934,-0.034164982134870486,0.06212564616877467,-0.10403752538194957,0.10755028983901552,0.13315484843505168,-0.15679025086239326,-0.004434449032614273,0.24119508990916946,0.060784110147667506,-0.14311890383271075,0.14713791515945665,-0.13339241131719598,0.10077578182501425,-0.1423462237889834,0.16163060114174696,0.09424423006542972,0.13449067830971118,0.22274511904144792,0.047392856914344236,-0.1087512050431958,-0.1358675174571516,0.030302556989259894,-0.2377492501564039,0.29080078497479,0.0815459524619387,0.2560449222222159,0.07723058605545657,0.05125672793579305,-0.10132253592884942,-0.01563853327671112,-0.2559720326360547,-0.018521295407440463,-0.04969263536175991,0.061954889527050985,0.19490477111930557,0.16316096302652017,0.001455694402882802,0.049318790340827395,-0.01781499847473624,-0.13302711482725296,0.005560863788851656,0.23010601831088265,0.1395812510064362,-0.10930006559118073,0.032704478411557214,-0.0555115428884895,0.057072232757809295,-0.21500186637944158,-0.0030010245965268723,0.02636954309248323,0.042533272190999116,0.13204933767006133,0.2645253114382864,-0.12648476927975108,0.20940476652544346,-0.11879909779883742,0.23407776090466764,-0.007901609234819773,0.13993698904241997,-0.5044435280872273,-0.6435985098563628,-1.239942670849065,0.6777061437561724,-1.5016738342246598,0.1226181661338648,0.1227867236086798,-0.828604410215723,-1.2549321541607912,-0.8296222273868293,0.3449302636150989,-0.6795319729701008,1.1167078706527291,-0.37694319601472476,-0.8454023037379343,-0.3414292624430512,-0.7986704344192972,-1.2264081422647257,-0.6125349297936641,-0.1119981474145436,-0.23718565606699954,-0.7171104245764489,-0.41602948008529994,-1.4247025606226702,-0.9879795979692523,-0.7883008329904044,-0.9086176621746803,0.22285807782708875,0.20317423046200941,0.7715569570628656,-1.9215797116093865,-0.5011312066089285,1.8953084858812494,2.543821466096769,2.1250884274759136,-0.03913331514815615,-0.7210622645894893,1.2502053739074837,1.8217694279223318,0.9727021805468781,2.4180307320859504,0.7602365174183204,0.12331032739064392,-0.04253397540797789,0.05575061154489656,0.47687008641845524,-0.9836432370115862,-0.5279674005890843,2.496932589211422,2.1914409842510727,-1.2023917780016258,0.4847561781036986,-1.1258818264072485,-0.2563416080308946,-0.3887995412445228,-0.2846590347859118,-1.1306922132361585,0.5995753662845242,0.460505887757119,-0.15559451602512098,1.1252271861646799,0.7842191381426148,0.13991121376644014,1.0915391403936883,0.1311644547786962,-0.03825377534135665,1.975172091652216,0.5064682961419374,0.18177747517804618,1.309423966776207,-0.8110262665027251,-0.6943234294159704,1.5365328871979587,0.9908548660887088,-0.8289326132541757,0.22497453777727994,0.19979458753649068,-0.5936134638891595,-0.726650730701481,-0.2897072726376112,0.5448949134157771,0.5464667495862128,-0.2706044894247995,-0.018330939776939517,0.6264504339102349,1.416459304919224,-0.39868498951373865,0.17416019700945848,0.40322405023967184,-0.8614643129900622,0.5770950906446989,-0.5232030225489579,1.4795619133366888,1.5101398616567356,-0.25807885943890385,1.464164089890041,0.8455516999524572,0.5430180257307984,0
-0.07710542700273215,0.15445415626251321,-0.1861112433948297,0.10760506457025946,0.06262916355856796,0.01795841003352076,0.03152557981498319,0.13573057766104746,-0.11016889579067349,-0.07385288799198263,0.05960382937957996,0.1032056337318218,0.2654098671389007,0.09082994270853277,0.2431094113644057,0.021982150206973076,0.03535753268056413,-0.18620366471793853,-0.10486877260239674,-0.07372137851725932,0.13084656356827093,-0.10882772133386476,-0.06105398850570257,0.13760758200294645,0.22673146073918457,0.036034178579389,0.18111352674379755,0.027116006876418484,0.1398788791200467,0.08206528619930994,0.009043361279757163,-0.01540278167448774,-0.030776873650109355,-0.045176808869426446,0.1297189101688075,0.20488786051926558,-0.11857852340824117,0.001280369046765381,0.11366318764544031,-0.18866995520657634,-0.0026425010567635225,-0.07956777228500997,0.2873210652664902,0.06055739828140314,-0.1520989537934705,-0.11521694134207175,-0.0604541463474289,0.07629491667092567,-0.10636018700833574,0.16939834309147608,0.2002617654861843,0.01746289418590182,0.09878630669092547,0.19871197546258465,0.0214145918025033,-0.15229375187203129,0.08489326822781673,-0.12187888857497826,0.11954796102013306,-0.02227484811789653,0.1150341361091663,0.27134403362584186,0.12206099048386806,0.17699196883505952,0.043711497238140586,-0.06845776127529753,-0.18799021148440512,-0.009916672790597034,-0.182879550732415,0.26412156543723586,-0.0760776092801954,0.21597805511547466,-0.027292859289845553,-0.05547273037830988,-0.10048026456685996,-0.08399486324208959,-0.25911766225515614,0.07948001011633744,0.05698448351278586,0.0669618696973581,0.1257067526179669,0.21726072271842503,0.015510483810125904,0.07777327534130818,0.10105523414859909,-0.03375203476352998,0.057157936321049596,0.21888479190910679,0.1334798326118424,-0.05590172657333799,0.04657170975328515,-0.07563444135812095,0.17201111201452088,-0.2126457415656155,0.01774460524647519,0.03635594172153448,0.13808046458611709,0.20213089263796524,0.33744715196457686,-0.11641728309348405,0.2882734948761392,-0.00025112158683857853,0.21589169815342196,0.052948635394695354,0.13331307851219334,-0.2606401836643604,-0.011328683748720671,-1.5461561305933098,0.40907722361224885,-0.8368634164591304,0.12641052064465533,0.5309607564464318,-0.2983486745627102,-1.488606312045099,-0.5472395771315078,0.45575656981513063,-0.5183766361039738,1.4056412757104533,0.015288863307389274,-0.3891706803706967,-0.24904937005263775,-0.13871882738632468,-0.4652195401192694,0.2947599844788696,0.9923421743124774,0.8644446686033849,-0.6530762559683402,0.32491877881497705,-1.2871204193836994,0.4050158896272512,0.7478977613688802,-0.007500087219475045,1.2673195290925634,-0.16170987588011923,-0.05882393501045406,-0.9839323455265794,-0.5123769184871217,2.5410348712982045,1.888195196785169,1.5534037717062337,1.1348548624506167,-0.7159039104229561,1.4130806193910839,0.6887656587622375,-0.015852690476671896,0.4497628143366154,1.1848888153348893,-1.2591879328109095,-0.06821067209884592,-0.6580813688016794,0.33724104939690597,-0.5680320164267627,-0.6615048615825081,0.8864108183954309,2.3120066404518864,-0.8843103373653818,0.5750001254053955,-0.6062832217721505,0.12426923929325523,-0.9209659362303342,0.5291945179924081,-1.678584559210384,0.5506119178774257,-1.286201387513158,1.841740161188538,1.648491413591964,0.7444157630925171,0.6572988798205986,1.2911413418489548,0.5137442401875757,0.2471554567722434,0.5646685776955688,1.0811184545488004,0.8996190142641393,2.1780150553335846,-0.8432335504465973,-0.21923105511218852,0.3028514594994744,0.8622372435207832,-1.1098262025289733,0.7977033277907928,-0.05565627921959088,-0.6220149793396739,-1.2128578437510689,-0.1520098112028421,0.30366982278338617,1.0445847855191959,-0.5867781145087756,1.4626979051333022,0.8318568423124648,1.3890794370741757,-0.5413456905416638,0.5425945886085607,1.1133474197768087,-0.365971506087041,0.47198265626708397,0.37419074647255507,1.3353132027286154,1.2805526275537005,-0.7483372013828462,1.7149247807760388,1.5400650311502966,0.637618586329307,0
-0.09959456520868097,0.20978657408575174,-0.24325859470244504,0.14631190461930849,0.040007820186795356,0.015649639959791944,0.021323714486703154,0.1974331050601043,-0.008124268591696512,-0.031174116183679282,0.041983569311803276,0.04669027889815833,0.23469849935781426,0.08263541768818601,0.20310403012357192,0.08098004134815692,0.002645520645425466,-0.2544302857715328,-0.10102560643525396,0.03736466170334432,0.19361477722290327,-0.023438021249822232,-0.07409273254461558,0.045935929366920154,0.15805575300260963,0.12753625618851977,0.19359831770479605,0.032526081890464215,0.20829404788847372,0.08825615737016389,-0.031625358606969224,-0.019616885670519158,-0.02649369168962654,0.05692993078982118,0.006715149939782799,0.26014528671155873,-0.028473056755006023,-0.07751477307444529,0.11212530953470064,-0.19593006883420866,0.025530124978698526,-0.06043076866961085,0.30069368732326757,-0.06520092000404701,-0.17613436052361162,-0.05251553991023198,-0.09846790152906394,0.1271504182382815,-0.06596150420600368,0.19177731399127912,0.22295828713112617,0.040500867403936776,0.14302823445763022,0.0889385874183843,-0.05608037017440132,-0.04599264260766195,0.11861193085149198,-0.1285871674868371,0.20185202500009358,0.024093789106098926,0.08990930926311674,0.33484040722382885,0.0574973161062965,0.18190949081768065,0.10863417220633977,-0.028133258608476402,-0.11445508765503264,0.002236880049304651,-0.26107422261631563,0.2868205239895847,-0.08802707782086994,0.276946086985181,0.05838434303083883,-0.09109884684279917,-0.24182400786042368,-0.1608526404259378,-0.23250172707302627,0.23202817801665238,0.12056718097611864,-0.05903128031481089,0.15488997525360734,0.17916701096889798,-0.019508047475817566,0.002895943906495596,0.230126909383556,-0.07314371658219505,-0.05902005362013541,0.0747584184306908,0.05792820942184399,0.007522789562848617,0.15099554014761227,-0.07114570732788045,0.15103284024031385,-0.16813003817078973,0.0010851356450201602,0.05634022365977097,0.18899759326346258,0.23593459758671614,0.3155850314407055,-0.048556873862920326,0.2976517482085169,0.02135096703364751,0.15806087232186009,0.034154158572200506,0.17703433902361157,-0.19811007368310884,1.4202021362641837,-1.3175055755238247,0.6470072591922416,-0.6467077448469174,-0.027407902363989035,0.11511983250101163,0.4307664899248601,-1.1561556628654235,-0.2754065370168558,-0.3499799795472981,-0.800403017934049,-0.031237683317425304,-0.8050559331216987,0.007469458851626842,0.004011731369788687,0.3509406711052841,0.3922228177390396,1.457366303260162,1.4471569645454951,1.4952573303087464,-0.19838885892421496,1.1174480496382988,-0.39484934793079673,1.6964632184705624,1.2024691710312443,1.103841905037954,1.8157380938138585,-0.34577263662673074,-0.37386721926692545,-0.894400010153333,-1.15858145196641,2.922228160089034,2.2928756038440476,2.1529692254204056,0.36177852435766183,-1.2975182006346473,1.5548059271913124,0.41823764376790146,1.4846735441093348,0.7104517254556434,0.6301611658489391,-0.7292827185672094,-0.43772699998123443,-0.986836566685604,0.10105000617812382,-0.4722306522304901,-0.7678856325958541,0.5328697775256565,1.9928834651187033,-1.5137606562765902,0.5140029477606043,1.2100744152665506,-0.5848117649138658,-1.1303722965344254,0.17636168914344943,-1.4542958943237088,0.4493153280883133,-0.5816468793695729,2.068646477708747,0.8555350333378614,1.7394867906399476,-0.004793238240150821,1.5471034425171946,0.5678697363316625,0.15953850753340254,0.7294061199798717,1.3129839022251468,0.9281222835483298,2.143453683947565,-0.9116795454979466,-0.304104861309484,1.5195713621751676,0.9105052100336503,-1.253177113450898,0.8530160004987984,-0.2595913115448244,-1.023029543219698,-0.7317643300990604,-0.15621200270759691,1.4488662483781578,0.7484752474579822,-0.8283413035527177,2.6959546135077996,0.37200256000677573,1.3726631643199612,-0.614666759746571,1.8295316798341685,1.233835782114804,-0.08464122057643951,0.11174765274368817,1.077514564509342,0.8986768731028759,0.5899438065366907,-0.6306045319131321,1.8768719884537732,1.8722757660938103,0.9569093271173899,0
-0.08815433392861559,0.21746971613622193,-0.24834119372355468,0.2518096395045201,0.12570477690445878,0.01045951415820546,0.05785286155036984,0.18021694715325914,0.008943103561064395,0.008329981755187087,0.013210247611695407,0.054289383279570856,0.37111387488940084,0.050593785991978946,0.1961525615668076,0.04270065146083955,0.02906611023144306,-0.15973799006321923,-0.08101499455666851,0.032885966351593056,0.19422273285366107,-0.0180037302737904,-0.060045439689159874,0.053342235828798774,0.13889396535256077,0.2490414948674194,0.22359744692407818,0.08038129243128822,0.27137478644762125,0.2814844705733386,-0.029817153578452365,-0.01884994694567741,-0.15149084115272857,0.02562692208505431,-0.03892055196238088,0.36347615658116267,-0.02873260920055666,0.08170805363716893,0.05460854666823301,-0.2212137056751747,0.05120252049599283,-0.14400156450643942,0.261153305601607,-0.11164616409962819,-0.22602405102713938,-0.047075350060282524,-0.09520538113303863,0.16243075483572386,-0.11138699650131507,0.24377287287622232,0.20113243331180447,-0.02674093072500313,0.11086163479434274,-0.07164934446354757,-0.129092559224509,-0.039292880051262476,0.06589244129462132,-0.12329430288760508,0.07879642923942612,-0.010347044937995696,0.08232092344446698,0.33193947633661025,0.01890240309068857,0.1355601330705848,0.056217566640392055,0.0064984283307896636,-0.015317405463656435,-0.1459396804136672,-0.1702026564881917,0.25782072403555056,-0.028795929158611587,0.2003187834586891,0.07073533007437757,-0.19975230065673713,-0.3001481682873948,-0.1035836619830511,-0.20682419658381956,0.3166972902976999,0.13656358731942778,-0.07750503523931672,0.1082090038259321,0.16067844752406935,-0.04592042911961207,0.053717430516163484,0.3002588958633956,-0.1567510535097432,-0.0814828079759815,0.09838893723084666,0.058262931369739604,0.07089635684266297,0.18628720188659686,-0.1099789106398989,0.12456161753187397,-0.18764747081603597,-0.004839361882702634,-0.036028322230745084,0.224320520259319,0.14873093065506157,0.31650935008396625,0.030319535300739504,0.32766629985202506,-0.00944365990033191,0.03239794970490352,0.011688080914426172,0.15089618116508946,-0.260941511234091,0.7433710038297611,-0.876639096345051,0.2483953288728478,-0.6251313902358603,-0.0683653437824863,0.20722708787443458,0.3035538059230865,-0.9679385932272084,-0.04494832041046789,0.21968923514852162,-1.2205812075306792,1.0229515561839717,-0.7231775494591238,-0.13941095832690387,-0.15023662895678533,0.4668205304442523,0.7869364789500704,1.7979230385423695,1.6154015292307977,1.7318144855159434,0.29178053227113987,1.2462553754429326,-0.6295134570565284,2.425853620072957,1.940434407213588,1.3061346422806541,2.1534223401407764,-0.005949432852401953,-0.6281179876214033,0.5349956526345903,-1.0823698931205268,1.7405902653469651,0.7025402267595313,1.3002087304395635,0.7606015525153049,-1.1765205799971306,1.5414819859972888,-1.0555666448918974,-0.2964685021451766,-0.3519422349464159,1.2219495271628107,-0.6623634715743318,-0.07769565010764774,-0.7043979205501655,0.04871981374952036,0.5297138354564124,-0.6030279655447928,0.28782572730151573,1.5173941190930536,-0.3134863624199681,0.8529270297853502,0.6495033093508729,-1.0385495462910952,-0.10591807330315459,0.5791073655723497,-1.0854886537558985,-0.003541852657844249,0.2626175967789649,1.9593766326956403,0.6517804269300456,1.5029557860597786,-0.28207923753748226,1.623395129830594,0.6374228000558358,-0.1866629686181638,0.388992972192493,1.4241402102191305,1.2735789335063477,1.384683568959118,0.18000894080729413,0.26155779951795544,1.358852261049994,0.5659457450420843,0.6101312111183359,1.0683622313914345,-0.7967880046814129,-0.7810140257877902,-0.6502767454608951,-0.6808442578806333,1.5240617541813806,0.8883140298383146,-0.11939806746683179,1.652120028667834,0.4637562828895413,0.37752300498450814,0.37403440119908027,1.2926587243097312,1.1706277787062205,0.3639245061689816,-0.5235075258010446,0.9782032522119786,0.54033933812748,0.5215166427324662,-0.41796598386804096,1.3390871750562703,1.2497443415455842,0.9792996468264553,0
-0.025341282967686323,0.16946462142539495,-0.27262883621965106,0.29231186520960684,0.1600623054380294,-0.012379117548381289,-0.022257858051577893,0.1461750233060789,0.011924415976439125,0.019924109187820834,-0.08028289662688776,0.15045348661714647,0.388178209239896,0.09969087087907201,0.16512292033450285,0.060052568760195525,-0.0014300456456596067,-0.14473669536724637,-0.08603530233049639,0.019075902818891537,0.1558814161550572,0.012579154957279353,-0.06258728127479672,0.05196049406397709,0.19204497218891237,0.26119917816246735,0.2760382045180866,0.1310571651709445,0.30756795529001113,0.2343302041364428,-0.08439113364756438,-0.045729946997279516,-0.20366648566025786,0.06701829427755612,0.007169297012407276,0.36959412595527386,-0.10229392108500499,0.1784448596677494,0.045512213662281024,-0.1587594947813591,-0.04911019048235086,-0.043420555198876803,0.19199471481123184,-0.1986980733162235,-0.2627297206161984,-0.11337044704033045,-0.001927997634443243,0.1790893629247155,-0.07000684555879066,0.165381076439517,0.17501236563076852,-0.02631031669775621,0.15762548886326502,-0.1011126614489461,-0.19540596454961992,-0.008405131691196142,0.04348708077943984,-0.09795760612744021,0.12762487621345633,0.06924907143667662,-0.1085148306514769,0.35125378657103945,0.06557131438911386,0.20806438716920891,0.08950204971583771,0.15235221104251886,-0.014758768573772377,-0.1574239125117746,-0.30461900685613713,0.3286373919689847,0.06868038305255188,0.23997271966917177,0.0723574206679587,-0.26807701824869146,-0.23240660029167123,-0.17533174705842786,-0.13414982410705373,0.3395693040008584,0.18771545366326492,-0.1313762585825462,0.22153242513568078,0.16496587630175621,-0.04467318151563139,0.03471664235440247,0.2545645789809477,-0.1182849356067455,-0.12346213360670132,0.16178754976864215,0.03169493175043612,0.07524253332510454,0.2255344651678412,-0.22394068267250866,0.057403856331620984,-0.18614667067214868,0.0591009016542227,-0.1299426679262643,0.2458177370270201,0.28890286168425194,0.3445404954756963,-0.017353852061306685,0.37644384370737144,-0.029413985586107846,-0.12303623610351448,-0.008749031408554528,0.14047054104461576,-1.4296051932744458,1.5376612527042939,-0.9838218815877708,-0.9872218604288612,-0.5469567516131082,-0.35077630293775935,0.07850451149185235,-0.019179435653148447,-0.8955799594790451,0.1586650761397218,-0.1917266470082561,-0.9907246531474392,-0.4262897407284914,-0.9871673908750404,0.31051921477713,0.06577636678736296,1.6085363326232005,1.554713686648364,2.6363970305712696,1.8619408457426785,2.12466011099088,0.846044713645147,1.8117366639023074,-0.4000803118718162,2.420072668408611,2.0164235325297875,1.588666841657444,2.195965553588101,0.5514393023300561,-0.03085044535022063,-0.04682022236996021,-1.7655266506967395,0.8679427519957219,0.04952665185545634,0.8313101848788843,0.2660420538703949,-1.401506460989552,1.8288597978152283,-1.5557527820511678,0.6447477123608574,-0.33874175192848954,0.8720645748692462,-0.8249534810931546,0.7774512249321366,-0.3058586547493402,-0.5534369337641619,-0.002918672791312888,-0.05808271329441213,0.21630679935285754,0.4387711624785529,-1.4850591472385908,1.3492240927387844,0.41555134126561766,-1.2415811853996503,-0.22620059575750381,1.1480722899946332,-0.7637743317797292,-0.41286979368675003,-0.7026611520943582,1.9824604236226646,-0.23329645202015833,1.3345281563415838,-0.542238666809883,1.69231876657589,-0.03784473951291565,-0.49878408530369805,-0.19059973052054374,2.127432152051825,0.5628728587745984,1.020276762481296,-0.5685455466389573,0.7107043647857336,2.2222372232170033,1.1626408962848547,-0.5518576226412595,1.4091595286946406,-0.5789035592321318,0.20199400995593614,-0.9320619399809738,-0.5096174875903089,1.5765488676299422,1.0108642721632566,-0.7545838898768236,1.9088016461754864,-0.7072654572824166,-0.11594318189692399,-0.3991248025754571,1.1778838247527883,0.3313088207961118,0.5180458775605196,-0.6668539987683245,1.5576470334280654,-0.47684917809920113,-0.2324993109751527,-1.3421390311513566,2.0958442126426,1.5247425495433098,1.0576367753411948,0
-0.08931041649662468,0.3530577287427155,-0.17814117909427735,0.2125619097017834,0.07679694578461084,-0.07067544488793293,-0.004512243155904651,0.1104351398836879,-0.029909093398430776,0.017213818497554136,-0.006066129556127443,0.05054707012795728,0.3092112788635583,0.10460422254679382,0.06179133907542202,0.13721621817197566,-0.08405393475608107,-0.1507078467839603,-0.032388968637411655,-0.06652643919818906,0.17943691168576711,-0.023325890225148208,0.022811133611902578,0.09388722511097215,0.14614924625058115,0.27263886982079577,0.2494491752734831,0.10477739904778566,0.3726592906146201,0.16309754588217687,-0.11443682369898309,-0.10245058055091527,-0.25355246541747456,-0.03405468466490017,-0.0295111308264413,0.32550666785367816,-0.09694729144218471,0.16407157507932643,0.06438370218658279,-0.09935046980462223,0.06040735397645238,-0.11548330526715334,0.18261203336431922,-0.14662723428923163,-0.18682780333450008,0.012513015268431446,0.011938718844029523,0.24571847279678133,0.13132891319268175,0.04569914508857176,0.11870061866441003,0.021703455329981573,0.22915757938027112,-0.07487746692640936,-0.13292004109464717,-0.01673478316183935,0.007178421036697063,-0.12253169375188357,0.2494636504010267,0.1273041975162224,-0.09619590013358313,0.34773494753212686,0.10302062028804984,0.18946781958204645,0.03884302109564367,0.10750230165834222,0.07179959463415173,-0.2141845224155603,-0.3405265735033011,0.31083553250424123,0.21230009814141104,0.32071337654450544,-0.016375921955238376,-0.22997056114047415,-0.3573584636553009,-0.15773759145241634,-0.019211075857719695,0.44490230594176716,0.1945477096363068,-0.2262967969821949,0.18196109138326777,0.15195203556501038,-0.04109210188939523,0.0766483163637817,0.3924763822185352,-0.18065585703148496,-0.199972234918744,0.15208719423969788,0.09241169244945621,0.10679880358276367,0.21428369015429544,-0.23594526305618493,0.09327001898288753,-0.18290022113772375,0.015403247981592226,-0.05280106966632869,0.22545088031050273,0.28148941917298553,0.31332693867988703,-0.03859470329189178,0.4125157598115265,0.06457823185871348,-0.12514354805922243,-0.024501986065429974,0.17073944403511154,-1.180716504305539,0.9661895667831845,-0.70589682958093,-1.0969804246866977,0.6885832922970536,0.1211392183535265,0.6869269467070893,-0.4533389731431782,-0.2316551595290499,-0.14190238409280675,-0.13933280470523404,-0.5768295839438065,-0.7466906953148154,-0.9088355089798064,0.42022921120436885,0.06396667646470058,1.4239251674061622,1.734545268635082,2.0746851666054194,1.4573741257112987,1.8615246415186182,1.0917196480997666,1.6211838663337992,-0.8006528495174013,2.2478424252200297,1.6475242688223026,1.3873760576065883,1.5506790493943814,0.5760223512556817,-0.6036830790156065,2.0908213789264063,-0.40349792191456885,0.4394816729756231,-0.1125321039119645,0.6060675841989192,1.0083265111130786,-0.8634718982168268,1.9915290078042154,-0.7749784397952036,0.4035742151535364,-0.9517953705680247,-0.3137263320553449,0.04274805321650271,0.783068743641237,0.2532547770080548,-0.5069552677344137,-0.666103437416657,0.3110184759225073,-0.6372630637278102,0.0050627584795461525,-1.645866823271759,2.003775718651699,1.0660839683617027,-1.3421245363631276,-1.26224434621984,1.3487470287124323,-0.7770329032241666,-0.4855247375357578,-0.6447440831743029,2.0335483601612045,0.0687293116976574,0.49555507065494586,0.8288430254818033,1.6865332224189664,0.4385036464656935,-0.14767467093061817,0.9758909059698143,2.4170044402114024,0.2348859213087519,1.054437410850545,0.373405887560394,1.2526185562394034,2.15338142053098,0.203820130113887,-0.26576754191849644,1.5914812621173828,0.13133555763997576,-0.08803304080012386,-0.8356802914192359,-0.5596164898126371,1.8512430584425807,0.93839254494535,0.18888972817871127,1.680075470617699,-0.9414594001615666,-0.34600152218116187,-0.42218169670921984,1.365359923025537,1.0178057806531309,0.9367038964032138,0.5390471888808923,1.5166135744160345,-0.9567197290344289,-0.690997667082058,0.8801900265592844,1.614249478221527,1.2419336197675714,1.4157466285707336,0
-0.06841489730055601,0.4195582094183225,-0.09365121249365548,0.09888128370445194,0.004225627029385505,-0.07308206108946355,0.05228327540043734,0.09908369897727896,0.030520690952209845,-0.07294316895203369,0.06855061573989162,-0.014457856090500642,0.31092258366493625,0.11621794300028433,0.0903555006815513,0.07138274717573725,-0.04361683666592379,-0.11564893313924028,-0.14955888676463577,-0.029427394507948842,0.1659648250386434,-0.03305630178186994,0.030036529888893555,0.15937291146773352,0.21848572104950495,0.17656361588129263,0.19091573075694557,0.13740403242076676,0.4333568136284658,0.16044309852937727,-0.16251098010202675,-0.07251211845230857,-0.2188214842510259,-0.05280119088038758,-0.04479344217834822,0.23848725799915682,-0.08590091089795307,0.13477490377205845,0.12660808259081108,-0.17434273870866904,0.09134586189959945,-0.11161340632004688,0.1608895925382562,-0.17969118241863613,-0.19297459220009552,0.02088420037723524,0.09527151629611232,0.1990071588908388,0.15291474883850986,0.0345707172726279,0.15218606947477062,-0.015566190669632518,0.11341702982681393,-0.12420881102025418,-0.09228056087637415,0.026070558821382945,-0.08484923309291093,-0.09304681576552816,0.27445562298188614,0.081298880348585,0.15137752961759252,0.23066831491712775,0.15893362182310197,0.1506051573509152,-0.04193763354612716,0.029858190711335632,0.06657702357866502,-0.045596634194629074,-0.1348283480819272,0.3169242358185321,0.24930035577679513,0.2747552859131918,-0.04066210570813696,-0.2420621754982116,-0.40596111677685653,-0.18575147247021065,0.007549304638340435,0.44642932617316045,0.15830059240416494,-0.28679324523557614,0.1722429036420305,0.1950432682661314,-0.058778236811146044,0.15403383812919497,0.4326958454729674,-0.17310419283267237,-0.2490065429085806,0.2289789495234373,0.08968697675931243,0.10481968394869572,0.2548709617647375,-0.25268148787837963,0.1792879810511494,-0.19091497818920164,0.03541815099066976,-0.017588862644129854,0.2486162836589781,0.21997033473962851,0.25026653964497003,0.0023539807036181146,0.37801142925297193,-0.03901823726111838,-0.05035108941994943,0.05117768333586863,0.1578209875599497,-0.8711519137509758,1.3238410348395333,-1.069210613978403,-0.68806352568904,0.352006189873664,-0.6578810836141777,-0.046741813212316595,-0.33005991633272896,-0.6748830387653129,-0.3735852201838798,-0.8736029272756278,-0.28224897340568594,-1.522354756300695,-0.5954479072188626,0.6838595592046095,-0.21689998691212548,1.9650932469160527,1.7971540073561567,2.2543387489856883,1.5801165454804793,2.287650458423081,1.1976943292749027,1.679036753823255,-0.1109872380832802,2.1423029910155607,1.640568022360326,1.7683618965385863,1.4074354752247007,-0.1657650724727981,0.1817021019247918,1.2666486255371847,-1.0483388116514256,0.4171151546414598,0.7637776834453129,1.018146478642914,0.5709202212051188,-1.0726391574792575,1.1546092523041134,0.15717777392427526,2.1544077339957535,-0.4409845946984411,0.7333253848257214,-1.1656865502698326,0.7325525062316032,1.7106891759274185,-1.1406593390487318,-0.8797139732488394,1.574704925171219,-0.552675707803905,-0.2416623848111193,-1.8055035051520607,1.7865335627338637,1.8852931245284827,0.2578673664113441,-1.333321393545907,1.5438716255590395,-1.0892988241077375,-1.3042351867744364,-0.25614086153929094,1.501590445164784,-0.47289295461146386,1.0808066284837834,-0.3637169021793282,1.5191838450189483,0.5496758779601945,0.35629910827770395,0.32568208158009343,1.9034097342502656,-0.44289131071554694,1.0932789430001648,-1.018491050672387,1.2601689086150196,1.9988469687026922,0.12506179134147294,-0.40099635832038266,1.986350636014832,0.12696278533892844,0.3073483659916998,-0.4408363250224849,-0.6262812268133972,2.8568031656541484,0.9858122954358891,-0.4302632829618838,1.7359543811835791,-0.9674543119754618,-0.2333001432556165,-0.4615167562882131,0.8493360144435816,0.553580408763772,0.8287552089267819,-1.3791596608049932,1.9706173825133355,-0.8476430840172057,-0.20044604346854478,-1.0479810292303036,1.4125198225352193,0.44282539474402854,1.4012289906707758,0
-0.058882892069320694,0.49507947362814847,-0.1180499708777752,0.16782014309351273,-0.09580442458148868,-0.20245581355207282,0.10332622489297873,0.0085715586357407,0.029459172001344496,-0.021213344310574728,0.052554692281636776,-0.006788411103947943,0.26909482205109425,0.12769953675182227,0.012044505386595804,0.0420768959884073,-0.07910650798841619,-0.029832145449334657,-0.11423864366627631,-0.1615770923353502,0.19824693899484158,0.07742801351961667,0.0019055928495697477,0.06379870961558788,0.22592948006541913,0.18776445475669445,0.1372100061586212,0.1236487086857901,0.43184465798299115,0.12007797636191316,-0.0978730401105703,-0.03694389007085122,-0.13871435977689942,-0.07394344157154426,-0.042119036179406426,0.20716253534022655,0.04338042681337376,0.05615711113595834,0.16455937754701203,-0.21955161016496477,0.18068893264925842,-0.127627810183671,0.08756623144339913,-0.1778092347559886,-0.19954863511145268,0.03237107014354441,0.07820826087720689,0.2210012828797493,0.18781117349620458,-0.094286368511093,0.11873363229225153,0.04695367192644088,0.17289249960918426,-0.11578427868754051,-0.05456172510000738,-0.003253099313636407,-0.08901110870654999,-0.08195757216131067,0.24731543210483053,0.17063202385019896,0.28085690654392975,0.27882529398156686,0.2007580970998223,0.08779442348974666,-0.07403877889914401,-0.025540592829936804,-0.02292141653519839,0.08659044672646672,-0.04355309004101632,0.2698993388105705,0.3496542150556214,0.19401476953313102,0.08842280711787649,-0.09147238342438306,-0.41272055311870076,-0.20318262627850164,0.028244106889222177,0.42080371704884484,0.17039024042876988,-0.26471068674202464,0.1730562658716069,0.14818095758915695,-0.028394921301470928,0.197367014386961,0.4320947014557134,-0.1270041043981735,-0.24591336253430818,0.07296857144198887,0.12029748905396309,0.17306300686154868,0.2429394784505825,-0.2293636742139009,0.22975456130010813,-0.18881476227393248,-0.08836531408497693,-0.02973512698338311,0.3533803895047246,0.3024782422356937,0.1883315619478468,0.09093680083096488,0.274811453834854,0.0026138454210560976,-0.14708597296430997,0.13661113982093093,0.17471820584992706,-0.8012754680639971,0.07543490210143135,-0.867946779398452,-1.1741452746297518,1.066532106648938,0.34576894027166494,0.4422556380824542,-1.0331306197249979,0.4012749819948528,-0.2837488708402843,-0.5035174576698903,-0.21086636917253399,-0.9483075496889702,-0.76226951116848,0.39615231244306937,-0.22767348164476056,1.1888770250302452,1.1301488805527586,0.9411119445108518,0.7542051564766092,1.3099742265380774,1.6629364846709829,1.0970275874106739,-1.0518976343011464,0.9395014178240793,0.2998055762070891,1.1231866955052903,0.36173502681478503,0.49079341620371236,0.35969989227326604,1.8704417205383264,-0.4866818378363926,-0.8576175972868126,0.7698684477632148,0.3222453240623586,0.01657695866234628,-0.7007932255411241,1.3274531830757035,0.9071878434654498,1.083567683121492,-0.2453411180565505,0.4076901502782682,-0.19313840535000107,1.1747179894819388,0.4121531156907331,-0.5899739692793528,-0.3095306754042397,0.8930318735811765,-1.5648854540873502,-0.7328961453694419,-0.6365224751949324,1.6451538625233997,1.6517986824225066,1.9296626918702635,-1.4661724536720595,1.7763569456679535,-1.0042399160171755,-1.9558603843632203,0.7786388736467371,1.4723074403191145,-0.6830553775473162,1.4171862593035094,2.2389175266536223,2.1455431788214305,0.07059635125824891,0.7679820771297999,2.1592170479331183,2.305991062610005,-0.5792181718931194,1.172819931953415,0.06981156992708257,1.109028814927392,1.9721391475315109,0.05358604719427027,0.9324894754541337,1.3535426100958374,-0.43877766804009244,-0.0016335687886017234,-0.6573664995988486,-0.6670525750385006,3.135991674966291,0.5627717445956859,1.4428581201857147,1.3104768474014226,-0.9065718349146065,0.09346884782870124,1.790033969990481,1.3072315060821489,0.8509465892852401,0.864254647301063,1.741794616994047,0.9582516392894385,-1.2023549830932982,0.11181570284184733,1.137100864927631,0.5174800390484569,0.5777174474275018,1.5446433484224908,0
-0.004802715159128813,0.4186953957616782,-0.2009649536031285,0.04051705201503271,-0.003745504624397219,-0.17683503288382488,0.08909838774767562,-0.06143946309449461,0.10088375651649444,-0.08024928572052092,0.05438766978229396,0.0004319381979666816,0.230723853776827,0.1615696158316487,-0.18121507131370929,0.028294544043366707,-0.07318619710152602,-0.0004785022473402496,-0.07289851337679112,-0.06067883517266602,0.022734360179132242,0.005420061839531004,-0.10157754038949572,-0.18156582657978892,-0.002476797353219989,-0.03260537447181797,0.10744425162905351,0.14495675206512004,0.372040980946905,0.1961203301414889,-0.07884370895406678,-0.06757155421178523,-0.2068813854288853,-0.11788915761695232,0.05153694284571323,0.1748733308037655,-0.015122277029427245,0.028921980190453292,0.03242110250640047,-0.15647033320842477,0.13140344239372534,-0.14239700735073396,0.09992888578404607,-0.35062188246404574,-0.1935882828911708,0.03131297729307338,-0.032269023954808095,0.1625454707174269,0.2810561427534682,-0.10366786575342635,0.13015868938212963,0.03732782352121344,0.16549430915406158,-0.15728279622933541,0.015509412783139472,0.002039155653741534,-0.06277632786823359,-0.004426797402542303,0.22236243820890098,0.13338162621222252,0.3279904863223111,0.28490295145643896,0.2633434645383481,0.051238873623437466,-0.06875534339439304,-0.023670402666209095,0.03558629352591663,-0.042899065410105144,0.046018952303654416,0.16384391342397805,0.38064350558360444,0.1636813878781908,0.1155990460755056,-0.05055893162246536,-0.4192987387958145,-0.09757127428752141,-0.01789627998894307,0.31861676561226143,0.29107334248234207,-0.2022202243167737,0.13926596851848283,0.0813688385237563,-0.07334013874018656,0.11421504602890062,0.3453151189657405,-0.23208001502072675,-0.27425290179945483,-0.00789852647655167,-0.025347572395711438,0.04831731090700128,0.185766345665915,-0.26861305637553856,0.14638215092521586,-0.2796333898225001,-0.10731708596328249,-0.07185949873492925,0.22965835896083003,0.1293232769158141,-0.010287983814924422,0.08587677394854722,0.19994771708210948,-0.0808185926959607,-0.038162198701551575,0.04396901963557712,0.18601840261723726,-0.49482449239953336,0.13957777668719965,-1.6526065519146051,-0.11363896863811819,0.621892827708744,-0.5533804374624225,-0.324530954769248,-1.4372435152061058,0.35001297433439243,0.03192371186463495,0.23168175343081937,0.3422588850849792,-1.4311815379006694,0.056152618691804046,0.18131474085909963,-0.2912746760724306,1.1349651122279185,0.829397742103564,0.14472861106657098,0.9677975201348812,1.0882616709646578,1.1478684077294121,0.6883190214004319,-1.1733966979173673,-0.34013673043882703,0.20057338420666365,-0.039992212817153636,-0.17197592313328433,0.9182904765324003,0.7580193427533467,0.3419503552595019,-0.8723635519710694,-0.9056693218458011,0.7933655506688,0.21776694928772225,0.4070480230245773,-0.7374159559376886,0.5433124025008621,0.4164487792483527,1.5939838144087548,-0.31908472250733716,0.019842298229508726,-1.2896751850014436,0.9659854710751001,0.38317907550900737,0.3673501767649689,-0.03546973340417419,1.2797158993179367,-0.9915754242233089,-0.9054278940085373,1.1040024102538037,1.8579903234969355,1.767031901937424,1.8598747087028211,-0.5987131090126601,2.815218309228324,-0.6205886857490538,-1.9395924881410864,2.813319936547957,0.7274734343175294,-1.282477083099716,0.8923434269645738,2.3448449686046446,1.0492768886768364,0.22938269470048162,0.49377540729339403,2.3401328009796325,1.23077117651961,-0.6518054962952637,-0.1033685457738375,-0.9235595609585421,1.7804643933507776,1.827547244617891,-0.08275704630889096,-0.7928104854119609,2.2516147459011764,-0.1534599804514538,-0.5680270194844641,-0.8549699169164826,-1.2088283929309083,2.0334511038601852,0.7281592554435983,2.1334223581028833,0.6770388617467025,-0.9047100811864679,-0.06311158444624762,2.351194084984536,0.5006724380789457,0.9301527183453071,1.077526971857657,1.1826612001298096,0.8330106342135284,-1.4899640844636315,-0.25579971277103497,0.4442246288766125,0.3336411552426388,0.7166253873457458,1.4685990469779064,0
-0.0430906792380669,0.30523418650766887,-0.30093754224774416,-0.04611386508915875,-0.15228624743151561,-0.23482410594454659,0.009169350933765853,-0.11576361446600872,0.010571446089123247,-0.08645886882170006,0.002246566112285393,-0.053250166704083904,0.1301379265458335,0.09144697383355752,-0.2199955767776869,0.09238643326534561,-0.114658970445536,0.031978648820083944,-0.19308516465627765,-0.11803403961586192,-0.03587893577930241,-0.022767423203526923,-0.24065915182569084,-0.3234097821025478,-0.09885259620655497,-0.033188427349163545,-0.09983772767673561,0.07358175009564343,0.2659797380836686,0.03497668832290679,-0.00496973422950506,-0.0529984077065779,-0.2012876167292344,-0.08482350934363378,0.058444887052398295,0.14600268833889665,-0.09373433045337495,0.06207478926619564,-0.0489653589851961,-0.06901863850873072,0.1285920685911055,-0.27266333096305445,0.024518704035927524,-0.23674728501120207,-0.21099714054000124,0.015235921249996238,0.06628581635743963,0.17151346540222764,0.14958916455561463,-0.12282781281178118,0.07974724095677434,-0.06409771216577041,0.02358949955371957,-0.20938958788624937,0.0731389159188924,-0.03642868415612123,-0.0016388482295831054,0.0033478056746185352,0.10191040954394562,0.04657038670749474,0.41654918797159796,0.14413545848623746,0.16448197654865732,0.11754213608205281,-0.06534082731129935,0.027912851819941187,0.04509432847335315,-0.12266730954969378,0.0918985909381196,0.1234939305883356,0.5499759163816755,0.22311020536573267,0.1963514803518993,-0.02431915356418388,-0.3850817210207192,0.05971891964485735,-0.04403416933103807,0.29313731196363296,0.18428394400454665,-0.3635478863343172,0.08337016317315078,0.01443185195794021,-0.1578699562386235,0.02002875334900999,0.31622165714238853,-0.3699067867059796,-0.32516427918498353,-0.005741143994631394,-0.066412143988451,-0.06064046987009398,0.12389816253160008,-0.391955921754918,0.038014822903330144,-0.3883018053329796,-0.18935731557024055,-0.13450114309649636,0.10796027331089493,-0.06666027965208768,-0.14727020201452842,0.07312683377146902,0.05318732615224793,-0.15169044129064843,0.03681294419710182,-0.1302490417036509,0.11428031316606237,0.052354862716742466,-0.043053312226037185,-1.6157613076161914,-0.38442278233238386,0.7293169167593939,-0.5336230281859639,-0.4317420692677355,-1.1947832909904397,0.5813991120894488,-0.3697187342819662,0.07900348769827517,0.09914786762185214,-0.4575747131053928,-0.5689532897258409,0.7257025069041548,0.5635100068044295,1.3077242343528406,1.5667988742779526,-0.44815838048890994,1.080773077019988,0.9790261235470046,1.3708376257519104,1.0620347098869145,-1.3779024695671558,-0.7562115910262655,-0.14612379817770224,-0.09953555233601231,-0.012628056759188476,0.36723853896957037,0.524313843171409,0.34013781274132276,-0.46401513170684144,-1.304849266244131,0.21284648725661384,-0.5378291091302896,0.5253757414525426,-0.603811165988783,0.9565084156373225,0.7846517069810142,-0.2522048437411855,-0.09146256394380009,-0.5963255984274917,-1.090640973717807,0.4861370547024024,1.7078452227912941,0.051983851206780875,-0.8990969757730551,1.160674661397939,0.12935967086488795,-0.6341019672560324,-0.9153253630090161,0.758425704502958,0.8848285912591816,1.5469583257934663,0.25327364473164604,1.2581356160295383,-0.8207597130550321,-2.0363258042219767,1.1513618742722709,-0.6161593710283145,-0.633838614001766,1.1365877063916916,0.7466110256226948,0.5597620721066603,1.4687164220158475,0.4815584218311213,0.9834119315013079,0.6637983152017449,-0.0641670637881536,-0.009696921099665362,-1.2976303199071912,1.5711197152798535,1.8901035513475157,-0.029904755635740424,0.5270309061257747,0.8932714914338884,0.24582910001885053,-0.2199089168856848,-0.18860272718889215,-1.7119515638378102,2.2096003624058205,0.5617256891976604,0.8239664932167453,-0.7965604035829207,-0.6472889785998921,0.16054697677420018,0.6457477534276422,-0.3056695856530974,0.6289784585897528,0.4403031388814672,0.750000153871684,-0.05405286133378032,0.5278467020595216,0.1373228652308441,-0.5507760814126296,-0.13631168488260906,1.8670668291789678,2.0188443990285454,0
-0.04092041095654343,0.2473401610139548,-0.271327445609631,0.015787925964640747,-0.10953252077810532,-0.30143049630653707,-0.02179015666184746,-0.09568253406294826,-0.006650974596317408,-0.05760868464409582,0.020270969649798784,-0.07215082420431927,0.08251229652021218,0.10817712803712773,-0.21356469075209233,0.10413769011797916,-0.08081662334461687,-0.021359780295549434,-0.15880019546806232,-0.17576717394682115,-0.14271481851635265,-0.08906351594703617,-0.18664470058886012,-0.2677246503311322,0.04195338101365695,-0.01317448997571531,-0.0036211568653219846,-0.04318622035439949,0.226005048007575,0.06636474786693655,0.028545318797750446,0.006367814021726007,-0.2182712746071036,-0.20725840625448055,0.1516365146668963,0.18530034755732042,-0.13256281779147197,0.15198126056269118,-0.054464216746361246,-0.01924626603044696,0.09130709580676594,-0.3355655918325315,-0.076000891546721,-0.1206736280095328,-0.18797404467145157,-0.029638936415181172,0.06124925081287878,0.04747433452241825,0.15573996469293802,-0.16680978099624133,0.06962280931326773,-0.049992527054548465,-0.0859704889604299,-0.14441811195375936,0.14555807996599696,-0.10956896924023174,-0.06746941530120025,0.026476718498439786,0.13616784771738416,0.014208971208261667,0.4971995862108703,0.05721907258515826,0.1503866419003299,0.1726299084477652,-0.17602405147069447,-0.014546850761827154,0.10009405369283766,-0.16213629948072564,0.14243931655056757,0.07072520432582394,0.6257840011265524,0.12698329851169163,-0.0002797808917837682,-0.020297212290394318,-0.22084185437740825,0.03261423600153393,0.0551419897642629,0.26135568408375265,0.07924517433506818,-0.20077834243689194,0.1782030800832888,-0.033607694910174644,-0.12536615882534513,0.06762292512343242,0.3637366444979442,-0.4091566295057604,-0.32728956717302343,-0.05579969708695032,-0.03614567026327167,-0.12997814784971787,0.09407603092904246,-0.28674474979662595,0.036466807982243755,-0.3764307707756766,-0.19484717248539235,-0.08574358256059271,0.08220162873643591,-0.10739148830455772,-0.15869357775703283,0.13420501766177043,0.042526562520390394,-0.14209732392820204,0.10239614376703349,-0.08241718250449147,0.1078502534762932,0.3682024408690516,0.5462901282492179,-2.244739402698042,2.059061146940544,0.4959564420909927,-0.8201749068539839,-0.4283178797482022,-0.29027280061283345,0.23305028840105327,-0.27928163379669907,-0.11702305934537967,0.02521615609309863,-0.3809374263388703,0.24676528683023896,0.6011877510584612,0.5126574447307037,0.9098265902111686,0.9564188378599212,-0.6884352495120366,0.9273118575335635,0.6629757318741154,1.0882539938817197,0.9055854689391608,-1.1422772506144379,-0.9115448850706586,-0.2336878354272081,-0.3097384422209427,-0.28299290573524294,0.4330804953307188,0.8491190107918702,-0.24908023632354184,-0.5253859761266464,-0.8072000892145594,0.7667941066579155,-0.2470535079990127,0.3208458303712149,-0.1557245583014385,0.17012406123966853,1.0997339639069774,0.04916279699725025,0.7499811998507793,-0.5318740879213854,-1.270991919392974,0.737302497181215,1.1182116710529864,0.191750166803636,-1.4327175721199372,1.53586544727659,-0.349727309147863,-0.8792946968365257,1.217359813185714,0.5834680046735905,-0.33605435747696244,0.995959233713597,0.05850867534533184,1.4958374516203194,-0.5350317605774121,-1.978327920807482,-0.6788796284597157,-0.03900747911457567,-0.44001582670424066,0.3132723053691837,-0.20600018598490902,1.439151248967645,0.6257211120381271,0.7420980802082511,-0.21949318257255285,1.3261287679351166,-0.5513716575877292,-0.08876314330098294,-0.7316112078744172,1.4256845056202403,1.526070148396073,-0.3846771058461216,0.03706577942778342,1.3931087710957077,0.06345141433970115,0.21771818564710282,-0.8022938608669725,-1.4479692900813885,1.9637481237239927,1.2316351181936527,-0.7476311769322921,-0.18551222066043954,-0.4842084738498512,0.09808286423737397,-0.28536193666398685,-0.04443865964285029,0.36633315077737133,-0.3616305905978772,-1.4684983146162318,0.9378686471851112,-0.4027146492793067,0.32804013486862454,-1.4143172945619977,0.20705779476674294,-0.24797187127376452,2.50284530853667,0
-0.058518152846484754,0.18223468923216582,-0.2724124116943468,-0.03649876496589696,-0.08045602648175516,-0.28346426947589004,-0.020258045743060896,-0.15732203247460214,0.007108062592430763,-0.1102319615994985,0.06871592177205829,-0.15530151573577175,0.05000951951973999,0.0977053475976027,-0.24674638718444206,0.09431314941827335,-0.011916783198271823,0.001815951444464872,-0.1405289490787812,-0.275213331295288,-0.32766575882532256,-0.037999658239131935,-0.08750585019528083,-0.20580119223694648,0.0178749427650709,-0.12200045733189953,-0.006108332491109658,-0.07482865293513796,0.12920059895986133,0.01826010395169446,0.0011560003026447757,0.0992571621290223,-0.05234754276442568,-0.2895749510565295,0.21732180092078282,0.10565237386297194,-0.16231987554493751,0.11554021963614192,-0.004799035053156968,0.005446500987239714,0.1283879860779848,-0.38223914224515093,-0.11388807065870539,-0.150021243291866,-0.19607079719476228,0.006625000500077872,0.02747918109106719,0.06074811109720611,0.10621771777792362,-0.11800250785814805,0.09681838234521051,-0.05223859000734225,-0.1719728256712461,-0.08444208181719992,0.214725716661098,-0.03350237481965457,-0.10707293167072439,0.037164330665414386,0.08830682522709792,0.07619711726063172,0.5034707105828243,0.07209271417314121,0.14175833910511393,0.28114650809133096,-0.11266778077947873,-0.049187731698347184,0.014914284696245138,-0.13189741124209117,0.11000608269921475,0.18155642528962848,0.6633050630608017,0.19653806505585533,-0.09186315683730131,-0.008977247451880218,-0.07498742812862408,0.07549565768073613,0.07581352074934893,0.1756114311138606,0.07875391935556972,-0.27179085929113844,0.28804273265405245,-0.05006203422712251,-0.14437354013707504,0.09259331236535925,0.36072152124068624,-0.39060550552315426,-0.2884575310281621,-0.05992355551970682,-0.02724583400338188,-0.20825264472266536,0.07030348327275036,-0.263605316685161,0.06370084743651669,-0.40655241273184806,-0.18460334312320115,-0.07687692140951488,0.12132157491367869,-0.04313517124990553,-0.16803851764267758,0.09992446966269776,0.006670797688370915,-0.09743481903920613,0.16757099370362655,-0.056802479601040054,0.14037979281710927,0.3841990710040302,0.07173162827590078,-1.990714337404026,1.505178023209612,-0.5802783749737691,-1.1661798296077144,-0.8959163797288988,-0.23099488836774423,-0.35647282084986004,-0.7419969996355831,-0.2117722777157274,0.07236314314154091,0.014597641078251969,-0.37860315185165216,0.2745596397364733,0.8162251121083386,0.5596469686721578,0.977506049499046,-0.6740146781932721,1.5202017349601615,0.8042110313909832,0.9260006458475332,1.134634825141822,-1.175435087621804,-0.5492580187404337,0.051222369091356676,0.133995195712996,0.10945376127952351,0.1870370908335363,1.2510882632447957,-1.1299677543824744,-1.5321693197659738,-0.05603117988927073,0.6250320483665723,-0.889921773604074,-0.6078911905312369,-0.29571413269249314,0.8969997855940165,0.9056164947504178,-0.7968065315520317,1.6555144231168177,0.01925983479345874,-0.1866923639998999,1.0156664496039294,1.3887458556745766,-0.014094680153535486,0.24822108712423074,2.5802655560015832,-0.24055236595063093,-1.2827734605926777,-0.7453207117743194,0.3420758718039646,-0.13086514004964095,1.1953211265710002,0.2969790389978881,1.9381949085506058,-0.21776174774189247,-1.957558136472054,0.45897217307692895,-0.8906624184585713,-0.09576270838274183,0.19590092980181287,-0.05325803074719679,1.2600438887063115,0.5846493783080661,1.0203433215277486,1.004326534210052,1.2165427776377935,-0.5371467812374151,-0.09842636857811593,-0.6923316067161239,1.6769761221723878,1.7012772714174016,-0.17579355652459633,-0.5205945227436011,1.265429101908387,0.17799605369237095,-0.2495056809092943,-1.0354391879664566,-1.6343203219942688,2.135971865649682,0.8420051557750611,-0.5056989104865944,-0.0947477618927649,-0.444157355338212,0.1600223070614809,-0.5451727734797824,-0.2059339285111526,0.4766105624800169,-0.6249605218111859,-0.7275725349142033,0.35219117984558396,0.23649374256831024,0.4957362047622405,-1.004962792799771,0.020719739133498002,0.683712436368363,2.4156466136649,0
0.24108255643539164,0.2942662361697629,0.4452386434610103,0.4474843916607852,0.4601271234707318,0.552448042191903,0.3871863027580359,0.6089472085905705,0.6740782083660696,0.7769127557100101,-0.08772385018811402,0.45170757797582767,0.16583882455190088,0.17330430933364507,0.06260156365201072,0.36220125616671395,0.5965139418692105,0.44044271926908163,0.3695331533256729,0.31893899985828583,0.5659077293300165,0.3964776602160843,0.6833766396759565,0.20384057355509544,-0.003594131367638025,0.4340477344462978,0.13809075339989774,0.06116373169482314,0.0030820343410662893,0.00015178865016959777,-0.30352231732598245,0.0007248559459106491,0.7281164741007287,0.25514495255644104,0.26864874408461537,0.11549934841305066,0.076297656069101,0.09789424726961882,0.45266241374547406,0.049883327706593296,0.0919911923602909,0.5410123214308956,0.19993515505391776,0.17212360188788617,0.24860050522722785,0.31249609171177023,0.3162776189213685,0.0797525382895601,0.3238586378303844,0.18903159370660214,0.3042654062899827,0.40664144971703714,0.15422050128661488,0.5640964408202216,0.4328916127546461,0.3204757143099655,-0.13827573041938968,0.13807453775672074,0.05142386680828099,0.17332998872945724,0.23381073513402922,0.44289148866584255,0.6076839863447875,0.150049732723716,0.18616250563891762,0.40459800207978275,-0.16091257908341844,0.2298230745907819,0.22477565817704992,0.5372525502108112,0.31525957532348486,0.18431813923634457,0.2442642579184935,0.42298994911959553,0.27645736483370514,-0.17053736375693188,0.25398261319706306,0.811491427286777,0.31650806080322585,0.3365213546217619,-0.16402041332335218,0.15054489242805516,0.09391782535600857,0.0508445472122795,0.4126443457259788,0.918711757738521,0.11987592884030854,0.12902265445480937,0.059994653861035745,0.09351213608065187,0.2838086426493144,0.09358264942412778,0.3829532915172734,0.3757464476507986,0.013011236669077038,0.49434803219535106,0.06379793280798118,-0.3180939974828054,0.3938266827766847,0.33537462642879873,-0.10114152761480903,0.4518353976869575,0.02233903015401711,-0.03236891228607204,0.060567271950022025,1.1024107916286536,2.1211763512193844,0.08675481756021293,0.6975594504343252,2.1714193089552736,1.4594618344374406,1.1488860687340423,3.595199806423934,2.2446405048669607,1.6965178024911973,2.931251577371162,2.7476263413862823,-1.4749733562514162,2.035919512734856,-0.4403211995365959,-0.26552910400020086,-0.015360728762347536,-0.22501170741759122,1.4838603012261562,0.40312915231904956,0.504769376929907,-0.1652841494640473,0.04413748776402315,0.6614301510002959,0.3223922991401889,1.3153211790289427,-0.4540188627126033,0.0890398257557209,-1.5687487229996167,-1.4613007202935824,-0.4003463681095024,-0.025641506244023567,-0.7916432535320829,-0.7016421533721083,-1.8755989254237275,-0.9689689882483248,-0.35031195502950924,-0.2969778490887615,-0.7426872344803447,-0.67854927031074,-0.6009520712263771,-0.8074447968488914,2.125441583782307,-0.19948705966011976,-2.100632261042132,-1.6513738009320287,4.1919215871604765,-0.8475596777043879,-1.3159180462721909,-0.25406071993569823,-1.6396738793483243,1.1571578174706914,-0.18885758884694162,-1.2751274660087324,2.693778788420192,-0.922810317775765,-1.4658383324606024,-0.3789235696535276,2.8262907985397128,1.03007399226907,-0.5959132801306837,0.47726373338788997,0.6695899759250126,0.9593111450938838,-0.1669127346497119,-0.42539924971393905,1.1036749907924748,0.8993104855301165,-1.1536921231250155,-0.30391104406175357,1.697140581426385,-0.25644235687959027,-1.2125889490384019,-0.34708717056929794,1.0625595776886787,0.10532788112004828,-1.436784149976065,-0.2724306319405489,3.094242375665599,0.15639120473490736,-0.8510615125167109,-0.9588778142735798,2.934287952985964,0.9864949891969992,-1.485033502620526,0.40328728751223913,2.3431948578998387,2.3136259898439735,-0.39005757106455846,-0.26081211101731644,0.3669486384836902,1.2481904893495934,-0.6308666567789821,-0.6047138968390479,1.6120975840953267,0.9032053976261225,-1.910336005061684,-0.5250878184766297,2
0.1486593530319675,0.014720507842156396,0.4382541063185111,0.324114266650416,0.2084969384084722,0.33427445946721457,0.112117428789806,0.14243534805989183,0.317488140632112,0.41435965338874386,-0.05358463028665346,0.26911198600240444,0.07898686092845197,0.07496397514431599,0.06885257158541935,0.13085542959721894,0.4834318780178807,0.2806655817986115,0.17356894716135746,0.08843109789783413,0.30771677221638255,0.14474280040298032,0.38946970326803565,0.1522439514270004,-0.000785645203107786,0.34627637492769403,0.13932501678975376,0.13303658322812603,-0.032392277919000116,-0.07147039238299299,-0.30076293085682876,-0.15388630024655375,0.45940056701892684,0.07612894389081562,0.007773380457066612,0.15736376218099415,0.008463767120077844,0.035673197325013506,0.32639364659279446,0.03281745495446688,-0.06711709095818527,0.3518013786078668,0.0258058066026828,-0.008934517213945328,0.11037314486803343,0.1909405572122771,0.16725202897013888,-0.025901709923149874,0.26213345383626924,0.1721690746496024,0.2302166218467991,0.2549913204348496,-0.16757622181012397,0.09141227634007602,0.09195661304243172,-0.05757649958162913,-0.12097015432794649,0.11137096487307653,-0.0022861642361391714,0.1092692683971042,0.07397293436540754,-0.013020904038877438,0.2315513776789454,-0.08621737820504807,-0.1097407878756788,0.3027429573089408,-0.13000405835778614,0.2865246968047192,0.07222955782468218,0.017518991262653688,-0.26652230146858247,-0.17423959604661746,-0.20201776176770414,0.39035697006427744,-0.03718623318067077,-0.17869857806432926,0.19538726783587265,0.36354527021112365,-0.09297344065364167,-0.14725401892733225,-0.17621213986784057,-0.12118594223402471,0.03627116208310727,-0.0022238794186826157,0.1346865064880191,0.5775027914214419,0.15779470258321862,-0.1378334637748578,-0.033955410357158926,0.06934854478540552,0.04820268547960105,0.19508010959756394,0.10711627850638178,0.3727698971349911,-0.005871715336523142,0.38365496190983295,0.05975507901382819,-0.21102251588261153,0.22081679866737708,0.3685504000649853,-0.29514445018751784,0.43692468428277376,-0.0010379968976990254,-0.014029828231839677,0.15511486020556886,1.482013834602228,1.3422274470340048,0.4439964705375831,0.6583553594752648,1.878980049626252,-0.006200232509018912,-0.02699043791554628,4.201902824509911,1.4358530110187095,2.105418737136605,-0.6743593290419273,1.456529953119491,-0.8558836806902766,0.26895040726192254,-0.3569017303959791,0.03594182876487306,0.15004408410561507,-0.3989824991052645,1.0786939639483075,0.28636881491147853,0.35371006510334685,-0.30962294793248485,-0.47357887950259364,0.7675973109684541,0.0014996815887693715,1.091822855547947,0.4326428341016111,-0.17183236742044083,-1.6149744574345968,-1.3733157033158219,1.3309314463935493,-0.276456133752059,-0.4618803297469657,0.7245413460695868,-0.3057295297971474,-1.2047583486392008,0.1516993943510552,-0.28538577970067797,2.008356602060981,-0.05053096924704451,0.611132622119362,0.47204464380903655,0.03283130016655703,0.28060467712573567,-1.9529451868356251,-1.8390890760997283,1.7162927427978865,-0.9306409010828491,-1.3722858135954785,-1.2003546473103788,-1.1181920280903088,1.107418796195493,0.4383284889132884,-1.3319130265804706,2.491022706193401,-0.9575205503038099,-1.491133018578654,-0.5489930672895826,1.2494196868307705,0.17770521789452084,-0.8333419896635109,0.007417968101387745,0.5835531310282633,-0.13488026854837515,-0.42614953682943596,-0.8949172805369754,1.6514239065192047,-0.33914242083424206,-1.1220829661213672,-0.867944713344488,2.5664977480664715,-0.5259323277101922,-1.4241837742852015,-0.3801702604639592,2.577084590917657,-0.3111854928110924,-1.8409095885666842,-0.5741512593619823,3.6483012274356694,-0.6707650491096007,-0.3922323403422527,-1.218223207588714,2.0256425623670506,0.1332797524305025,-1.5745808935609016,-0.14565834288124813,0.9019360919129381,1.8110812004337542,-1.0201919401900372,-1.6526466754858142,-1.006085027332787,-0.05347912352465715,-0.33071125614992564,-0.9415387041176058,1.5626835182293206,0.3922266691287281,-1.0945822171642803,-0.6517716207246167,2
0.0664176668665833,-0.046910439429835124,0.37477841469844725,0.17453428430463663,-0.04780216140886381,0.1651832473636868,0.3544637168398391,-0.16911183031637134,0.2046950487635016,0.24453939903226082,-0.04382702289026926,0.3441268298940208,-0.028673304963635453,0.11792109577918358,0.04594125338705478,0.06387939472940315,0.5204006865314013,0.14035642904554707,0.03765305686049514,0.20089694522744758,0.09069657021011317,-0.041782429835988844,0.32612863847159806,0.20619916292786716,0.08136223798767615,0.23190930890062464,0.09193647939991628,0.061576910710419985,-0.12587227133527618,-0.2008996869713032,-0.362137471230621,-0.18133823102642696,0.2815806593216631,-0.059627389865608865,0.019383548760361337,0.08643996641539196,0.01606009255649025,0.005357945033288943,0.3123114839470917,-0.1370683181490885,-0.22154959469722663,0.13484522982673108,-0.05996815168170266,-0.21025268719943693,0.06393417025192112,0.09248188858451019,-0.006540341591277687,-0.09783129245955609,0.16130162064678957,0.08822993382146235,-7.2260295614542e-05,0.02728102512596676,-0.04664318270594657,-0.3440430050655747,0.018102281563809355,-0.08248239448023237,-0.19476875615916903,0.12058147353228615,-0.1099936076151495,0.054273039202132764,-0.24916184766781352,-0.12094211171812777,-0.16136855686798401,-0.4317593211445069,-0.10584844966488471,0.03432156817664244,-0.2195137559207591,0.2420551757622853,0.06575946947904084,-0.298446881541059,-0.1614941047429487,-0.288997486716621,-0.05910450702240506,-0.06190916676711196,-0.3166420009709143,-0.16663867178341707,0.08790703560538621,-0.18123208669962015,-0.16936348559865008,-0.19641547389903932,-0.15305374669551455,-0.028762789655787508,-0.02904897754825977,0.026824471114901337,0.11696550052981824,0.5390543453948035,0.22657280498335938,0.0011498792771022371,-0.04457270339988114,0.051146188080657295,-0.042974485002352854,0.3613791281605429,-0.01625973813354157,0.45816337364076387,0.06369238352805308,-0.006969467623391669,-0.089990609147807,-0.15185663956336648,0.02790573659633667,0.29319590539411244,-0.20160552298123574,0.4410255454205713,0.00396484376275182,0.0144042704042592,0.08578890129860849,1.43147250355732,1.130534117231531,0.5372105478165945,-0.36669486813078317,2.14089613977633,1.266551041401568,0.9510479814719375,1.9584209923172575,2.8431898217685982,3.1894498515060175,0.19315041674352437,2.3384158520642293,-0.8352110570442365,0.704334152408408,-0.17581258387597762,0.08617760784062858,0.08746114960983262,-0.13613277723223763,0.6268131776223482,-0.08249169151485888,0.07940028775113789,-0.48165198790892483,-0.10072429912984825,1.029397256407852,-0.12773739905672635,0.5698279821381496,0.4044173409043806,-0.4130648240010419,-1.6061923842712724,-1.3974304958639368,1.5482390139479252,-0.4675430252616367,0.03478567926904068,0.7561507101172942,-0.26371619825637016,-1.021131288986484,-0.9717400292139655,-0.803167030633986,0.6911204614360662,0.30115328005140307,0.07317757256039785,0.49052735618722265,1.3496980141616133,-0.20794763531791916,-1.9581261074621419,-1.6923074234314417,1.191780935994382,-1.0634399735438023,-1.0085326321232029,-0.8822721214463303,1.5504959678074182,0.6069038765873203,-0.9698318627230788,-1.4597783331520366,1.2417625258220553,-0.8901312677893586,-1.4608606428615551,-0.1825365610551343,1.6249722201127923,0.834319036966711,-0.9082367665395517,-1.0482484884108259,1.7510098854427296,-0.06755628783808783,-0.4491785392401464,-0.9469515632355581,0.815694102811416,-0.196227144409893,-1.0654440289060823,-0.7690204330520156,0.675916014726008,-0.6060285574336026,-1.4352754086682966,-0.49479863391541773,1.5303425525665753,0.46605762486194885,-1.6897624472204535,-1.011346772621014,1.5239359653119924,0.38874887191207913,-0.5882962274349769,-0.682771861636834,-0.2590583317193181,0.14139521599593877,-1.5300747584436518,-0.06013900011115196,3.340957112785231,0.6878235100707604,-0.8416251061193828,-1.6930837894892679,-0.8230891925019527,0.26028342645061103,-1.287957360617707,-0.3974614182862391,1.7842203653769673,-0.14985290614389218,-1.3860824725609318,-0.5344070929534633,2
0.1408061183115173,0.010695921460161234,0.42569170405256135,0.1321815236077122,-0.04067591030094849,0.21621290583328537,0.3490664814538627,-0.12804341658044055,0.1588931837555253,0.1803766582427748,-0.03125028108071341,0.33257832396273507,0.008043859030382579,0.18389107550765346,0.07052941846260209,0.1133028683869947,0.45659678984965546,0.12285217379797714,0.21246584587902326,0.1469195699973792,0.07918104306214756,-0.03315964156352892,0.3021766199330758,0.21150621782827575,0.06332906187595366,0.23171155236292743,0.11292086484340504,0.10463261636174351,0.07148799693793087,-0.0777395413804871,-0.2639149466544239,-0.052767827997836206,0.24491588931555305,-0.07610430982014366,0.04499874141006383,0.0489037181201496,0.01599786586874866,0.03734848985188676,0.3063371785117479,-0.17854092147246153,-0.2438391993473309,0.24967419101535573,0.0008348569534031375,-0.18231395885563287,0.03410686864828772,0.0444363815498013,0.13871530245249153,0.016566794191856467,0.18943731041459372,0.11975641559159925,-0.0007230318961515476,0.16860648738096792,0.04884637036327743,-0.27727722284045797,-0.15695845525462207,-0.02384919706451258,-0.17931541590967323,0.1844861617372569,-0.07429532541013889,0.09214204007331885,-0.20695128473521138,0.048005402544782146,-0.29783747318521775,-0.4402851063999496,-0.07179972514194237,-0.011761165606334925,-0.22364990511223437,0.15368458942934127,0.07218120050968935,-0.28361310134351825,-0.2896187660329923,-0.2623432319727927,-0.05173227262637505,0.020487848202192998,-0.3279225659847161,-0.12319430007920835,0.16363524108630378,-0.17620999503347998,-0.06005192594961922,-0.2602017250492964,-0.11217929307389014,0.01560370432082502,-0.0017217915711544977,0.14268804259919132,0.06524752022094629,0.5817025855473028,0.17192550989904223,-0.009393440695683635,-0.08115345313008993,0.044886339656466503,-0.002339551802915315,0.3857827435379769,-0.05245898579413336,0.4617587036162417,-0.05208539220714043,-0.006688883348430345,-0.011751259021531924,-0.08489332538182245,0.04455256746582817,0.2919880300721772,-0.13585329180106587,0.4411899633401567,0.06010268998516754,0.0775840127816181,0.04161883164903404,1.5728305314756856,0.2519108275253821,1.182605926490078,-0.9522363230694364,1.0765437901104218,-0.3224666030774882,-0.15681591764025013,0.7773265400076923,2.1487169393154315,3.117738553988858,-0.6682120676225316,2.4370271421394865,-0.21092853528734523,0.2769978248879154,0.30537152455243405,0.7685819664498502,-0.012314001170693355,-0.026974898025907624,0.7970912503752958,-0.014046470623295478,0.11233290782378792,-0.2677076026264327,-0.07016701592351067,1.809016344396027,-0.06313206560318868,0.1884757958161502,0.9689567952528183,-0.4631607492428277,-1.5452754124058412,-1.0046217609443158,1.4584530879621722,0.04047308859866835,0.5642395264262621,1.146610803910531,1.091644946655701,-1.199042930382393,-0.6275406140118936,-0.7624141229004796,2.0552410664754728,0.6098490889807605,1.1217424051100264,0.5625228132662634,0.9344337429984332,0.521670159957344,-1.797374715107549,-1.5106779965375943,1.0560381892126822,-0.8013119384896134,-1.1104687809935943,-0.2747982108594131,1.9522992267869235,0.5525353401121181,-0.0735073655121097,-1.6638797495251128,1.5471202265670039,-0.634322319411508,-1.5180818740834194,-0.11037461474955912,2.24945030102707,1.8162386143967595,-0.496982411286927,-1.0630338176935863,0.8768534980775258,0.33483185332980553,-0.007295716484197614,-0.9427817553854527,-0.022204427247235075,-0.1047039612094105,-0.7723804660326365,-0.18949718581120759,3.3114421971834864,-0.2942629639820692,-1.3043125627274266,-0.46740100848901456,1.1785252921776619,0.4648072651892751,-1.606610473424723,-1.2480090650233227,1.6101988028965828,0.8982053825844254,-0.8185730501193234,-0.608240341096315,-0.06948061140569346,0.24483635722954575,-0.809424200393715,-0.9866739515603218,1.2514970619953107,1.568752181248581,-0.21850980929216887,-1.4588737260693152,-0.5958877803155493,0.1353766701075624,-0.9502523099254511,-0.29905470858956235,-0.6041706705991076,0.4629913832315531,-1.5146355211004854,-0.5668097041814455,2
0.1329477718697903,0.08157608783330535,0.4814520194520944,0.11086767809892181,-0.03377326729355236,0.15540258937991422,0.23281970257484083,0.0340885570392266,-0.0031476318234429862,0.21366802546721858,-0.08281847810543704,0.3362229251208225,0.03921309772039185,0.17810314785651418,0.0838181897212612,0.0559911275336035,0.5389243578223168,0.12941818203345978,0.23885542721655886,0.12908777938224208,-0.03888296518267354,0.026673924577886317,0.25561709488937556,0.26811351967842095,0.08261695005953508,0.10586656061110665,0.11656457548449486,0.11839595748160583,0.06016712270170558,-0.0032043295554337573,-0.042352477595231114,-0.08258035271407123,0.0744799813390213,-0.010113170759918877,0.11385617797776876,0.051519827524549824,0.041132218628726895,0.07044199703771012,0.3063766065249757,-0.13344256394599058,-0.22140979140643324,0.21611958224365482,-0.028384746955151852,-0.06343150874206617,0.05045663803215719,-0.012483591905052277,0.24319694458224822,0.06255857414753024,0.13190318118468197,0.15471592127012657,0.02804329106705241,0.08817934536856052,0.03499311564837269,-0.20781107925478964,-0.2190033699930099,-0.00334549807815075,-0.14241414156601942,0.22707042671396027,-0.027906501017159992,0.13610901656753208,-0.13692759851084052,0.1262920576777573,-0.3275971104111322,-0.5785506743739663,-0.019521322855136147,-0.008771284573915634,-0.21405970580138675,0.13602043458762725,0.07886629002658836,-0.2668875342850685,-0.35709151157499164,-0.22757981225769283,-0.124898779940693,0.018490103826596747,-0.377918197966973,-0.060543926254826276,0.14996452216078945,-0.2250039030638914,0.12021228638825604,-0.30006554619381437,-0.034334060643617735,0.11195073581860918,-0.07950609060337374,0.14124181363008792,0.030013938182695734,0.30183023484154126,0.29591048158543515,0.05002530694580424,-0.1953534944061402,-0.09168294904815545,0.07375802595866136,0.4490652577155946,-0.10701190561619926,0.513376161947999,0.03555933419106327,-0.07509524384716053,-0.038434480988027334,-0.0806443161285326,0.052265368442189354,0.27901414918484596,-0.173416286221838,0.44854567644607535,0.09825319845219553,0.05937668394617267,0.02304438504604893,1.9243028142961562,1.2919752284079293,1.3623154291572737,0.172084186554632,1.5615221512586746,-0.6234438812652721,-0.727226058237136,0.4942191899687707,2.835027090550992,2.3614649756267885,0.013441482056978317,1.7261613178602169,-0.4245748039566008,0.007184844750831194,0.3545944165512831,0.5701521067681506,0.06471356923894989,0.23681418138496985,1.1514873748656254,0.06153882013581419,-0.2330510816862741,-0.16167064129770037,0.287612528051724,1.2308234988956768,-0.07211526232828802,0.9031666037685123,0.33072176986161334,0.07335299101443013,-1.717341724689193,-1.2679151995190157,0.9789097309096167,-0.5607592189952799,0.3330126673484427,0.15628034409913796,0.3901349770420009,-1.5055441917716645,-1.2109058565186668,-0.6298239293175383,1.2446998233873945,0.3763684940574379,0.18564657753144356,-0.1356464303927424,-0.11184678002293874,0.7143523624597171,-1.2355904596794642,-1.1504088331563762,0.9660346920974654,-0.5033925350473271,-0.5296245922388371,-0.07858803989626889,-0.3187131322751519,0.16479946037627416,1.3196488733082115,-1.6162660608275274,0.3143785315114944,-0.4432007826203264,-1.081580907758602,-0.3901154861089942,-0.1584921065983165,1.5793674271009133,-0.26029126956217863,-1.056032790648525,-0.4955719359507955,0.5082775284490478,0.5603137342598845,-0.8896232798704046,0.17466744069882725,0.08599263577666665,-0.17851071518207198,-0.20834073299632755,2.3528202485332854,-0.11662768076366885,-1.1676868400056835,-0.276903923340839,0.20071325117299202,0.8732621750669117,-1.3627995584802306,-0.853246260015733,2.2618895288659844,0.8050681635811744,-0.6673999869750573,-0.34651998438535975,-0.0264537470015222,-0.24048697416759754,-0.18748689380078307,-1.6210959279422859,0.28278673357723544,1.6461156644455663,-0.4100957177558354,-1.669208819647535,-0.4523717323271454,0.44808571915574114,-0.4772922276232848,-0.05664239910657479,-0.6542551165282895,0.36459175918079517,-1.497300089019627,-0.3606461873043735,2
0.16889684040210898,0.06720071063778049,0.48189475653578834,0.06300571324338185,0.05720017745573043,0.22873827648992237,0.14527029526475294,-0.01184760994641847,-0.0713787146840803,0.09495901174110927,-0.07740488430761124,0.22003142607740137,0.0043514894033362846,0.2117284768738226,0.01595825853380011,-0.03673267589293298,0.5429212172807989,0.170301905653205,0.22095569047788866,0.03853624338023872,-0.10416579437594431,0.00876116033394584,0.19964725159029173,0.26704355450092504,0.060127901641562835,0.020321116341008423,0.12611873287221032,0.1490452081238489,0.1170722375778376,-0.008811312570872063,-0.05677896163099457,-0.11481589218975614,-0.052178095614367474,-0.04123722111772447,0.04809469555538007,0.07777550948761891,-0.03564626479710207,0.035521817720169574,0.2803121376258375,-0.1694307057422091,-0.19896103133927648,0.22586165172664377,-0.054182652789018015,-0.06741078299986958,0.184180218159438,-0.04548978793350754,0.15735000922134715,0.11396921326509456,0.12457311815831648,0.21006884022813999,0.04264317904780957,0.04906656902237706,-0.028297775878236314,-0.28528803496934463,-0.2569511603378228,-0.03177454029067019,-0.09744734333576445,0.15120445614805153,-0.050186406508014356,0.1952224842371286,-0.1519420551292281,0.14501078240230084,-0.41944361056977775,-0.5687993391978124,-0.04021880595587233,-0.047398406870507184,-0.2235423892151894,0.05162732836596128,0.16857706006424053,-0.19521343580036493,-0.3949088002238298,-0.2097695596923748,-0.16462666231056985,-0.019373175336569202,-0.3427725955310051,-0.0848772405833784,0.08081657933539282,-0.301855620002345,-0.04891386899752194,-0.2509465831514772,-0.07701482635967867,0.11347494821594335,-0.10377428056111493,0.08789233177015833,-0.11066420041697757,0.18685292587672575,0.23748860538262118,-0.08626121365614538,-0.24529447127341436,-0.1730655012101143,-0.042542242555460894,0.3304801211649379,-0.20461793286414298,0.46862614209101183,-0.017964568053704767,-0.09541659279279953,-0.20040539469154092,-0.0007597364749538627,0.11328589173482435,0.2181876832208185,-0.20602399716501069,0.3838918499321593,0.07110161136628076,-0.012705851399423195,0.04262267480617459,1.2353747055851423,0.8598378079715535,0.08965944480873346,0.5674883069931405,0.5867424926626932,-0.550141891530322,-0.8566047840569512,-0.06631629888308514,1.1756713878658018,1.4148801108344278,-0.17753474972082917,0.7432736631495184,-0.06640058687243074,-0.6582315296531858,0.5454197096019178,-0.0061143454370828606,0.281411599368926,0.15419501070758618,0.8473456861064208,0.05108400169504208,-0.3823107404290604,0.03995483590523607,0.7312487069169192,1.0388078994163776,-0.3508149326747761,1.0185079522713978,-0.07360361916518288,-0.19735308351977102,-1.4808373294431811,-0.8189442307087248,2.061148806667196,-0.7529278414402466,0.6572885850904224,1.0073073554248155,1.921387172717065,-1.4809413038615402,-0.9259648639266143,0.007729715674081971,2.373930125623917,0.14205275289309238,2.2157794570119482,0.22862305425272994,-0.23264287473231907,0.6388451984205697,-0.43823816907487245,-1.206388405731152,0.8855224915698326,-0.4261040254660383,-0.7766867107669038,0.03408422373007379,0.7419261667313964,0.27407744354661673,1.273877951673175,-1.4929644819437935,-0.17008240195376284,-0.43774352424641,-0.7582307766921154,-0.5064067989779151,1.3449468625785,0.9852652574073701,-0.7937624964405958,-1.2103006847837003,-0.2967395776056848,0.32276571822274874,-0.1635860836854527,-1.2180204752475354,-0.7332917677530268,0.3887653459607035,-0.49753617658712973,-0.3938981670869183,0.5184180688383412,0.12387338002301267,-0.7509137792336769,-0.24622592324757953,0.631139863769171,0.1521304695312972,-0.5061214417014737,-0.27777437353683987,1.2752355377553906,1.848291541737745,-0.6398696560160074,-0.1513408236257262,-0.8810143065230798,0.20493874171710352,-0.3288366393742131,-1.7800716502625462,1.8792571494546682,0.8341240516952184,-0.5770495605691279,-1.4493923298858171,-1.160224521268528,1.2771971805567066,-0.3813003582055832,-0.2476871927346859,0.29271494868302406,0.06684564403378393,-1.5164320496770338,-0.6818258163988625,2
0.16853466672612546,0.07490113746278712,0.5091201478315074,0.061874020568651475,0.14915123136188257,0.18104116371339732,0.10112557496205184,-0.01436093450774818,-0.08531524127704512,0.08790946354653277,-0.1144772171364136,0.12756387235568833,-0.06385117877147944,0.12426757152406744,-0.013285780672381267,-0.08250478650352454,0.4788214250741813,0.13884417966083787,0.259974951914457,-0.07558538169607044,-0.09203602074150291,-0.05976981744408335,0.13483481139865955,0.2644662094461875,0.012332476823414571,-0.016470797522870825,0.12589341396296644,0.15987612585037458,0.1660044363495277,-0.024726875757781614,-0.0376975214248912,-0.0855261407833747,-0.12629729875717918,-0.02475233737165461,0.09976114370515114,0.14630570040170934,0.007047375732992067,0.023945213469855328,0.20579566610625136,-0.12512115690226344,-0.17237417610033315,0.10795413031450365,-0.0062944732722512685,-0.07951450645662715,0.04598123179621855,-0.032848992849821256,0.22988973950075633,0.1251375740416674,0.09549402015528473,0.22788323075153932,-0.043711597460680436,0.14446655758272883,-0.11982535347182793,-0.19324109558406308,-0.32011908215158336,-0.06542355542158274,-0.07290073791667619,0.27666964296499763,-0.08536881561011458,0.2623066206047964,-0.12083909456800153,0.07847371281362452,-0.4195213541662311,-0.4348723566059959,-0.11305789832669937,-0.07044236947097467,-0.3191669210683689,-0.014846046057998082,0.13034830217517263,-0.2076876835071818,-0.3843509760621358,-0.2625924822558328,-0.16558584639283577,-0.03814869579658659,-0.3313397847510454,-0.013002596132553423,0.2429868795682149,-0.4554791356296436,0.14224745701582317,-0.24519403182634159,-0.07784765121231643,0.06051582883781991,-0.0559084739612169,0.0950130226796101,-0.13376467214785873,0.015289024059050606,0.23310925182829403,-0.08512163553403254,-0.3282419043114696,-0.22428923942776574,-0.046941737365173944,0.28054445619858503,-0.15932366553842672,0.45731530284378424,-0.04664265623802048,-0.15538676740385096,-0.19214033486074336,0.05173348171266251,0.17288072363100868,0.1557516405697148,-0.2252516986195214,0.25857749147389686,0.00806889643895322,-0.04176111988076442,0.03192564677816278,0.6323504108605097,1.5808872758377501,0.7178173837942147,1.0877770251200294,1.3279863228373847,-0.6974381512663069,-0.784979736042815,-0.4123096833739143,2.019047087138494,2.0849204031092707,0.13630798840779645,0.896402632421325,-0.057782589944732204,-0.6299186946883836,1.4510212015292783,1.0986529652313481,0.15716082809303084,1.1324944228411056,0.2216263510122168,0.13179130139736142,-0.05891901665735803,0.4961365229819643,0.7620639169804975,0.7725481793629669,-0.17052021722838093,0.6559712496273599,0.45574915580589737,0.30611099213658055,-1.0699688180995568,-1.1396174392998972,1.542687355828615,-1.508765635700756,0.29318721517449353,-0.09931241949019795,0.9886855103504466,-1.1744216403848733,-0.9169005912312479,0.1446035594849381,0.42533643096492724,-0.11373843493930032,0.20572962874507322,-0.8837835723401386,0.9497942632433108,1.1966261363989652,-0.9995144900870236,-1.3788229488153103,1.4923756175542782,-0.3689838346766104,-0.9144064978208998,0.627759805458356,-0.8397374239224392,0.5190743882208559,2.4324221960281287,-0.3965506649234477,0.7905689947681617,-0.14749034801670605,-1.0369878229948446,-0.7877334687209222,0.7639980167579351,0.14237568832344275,-0.27196322841043896,-1.2799007289667823,0.24912316699884857,0.010812559489391898,0.23308486047541338,-1.2487921230435002,-0.9878083823045257,-0.0392979549437638,-0.25987241792810345,-0.7919972338522918,0.025656646623118784,0.06394763467890689,-0.9438584335520259,-0.4805125110486701,1.764152178517454,0.37189078779760615,-0.9789910968369169,0.09233081267284428,0.6360416455204463,1.2191144123491648,-0.3550160218123853,-0.25683441632613346,0.2868369649793909,-0.39658942334692693,-0.324957101287733,-2.0144590378505427,0.30990226829616907,0.19484717193780243,0.23410203970760718,-1.2836629785124765,-0.9235932644032057,0.45394181311180437,-0.31879569072567976,-0.44899855446254283,-0.7952752988249409,-0.455165850484699,-0.7845642798170495,-0.6144573021021587,2
0.17964362115347474,0.0931888567659777,0.5935363536224034,0.13779928489549176,0.17011011879284235,0.13127960668306998,0.1513227053174809,-0.03152933099753616,-0.038320446908812686,0.1328066036776536,0.0056951865502416306,0.20333888858388466,-0.020833408929972066,0.27301220204130594,-0.01187876367556126,-0.014455877130886344,0.6087929128299716,0.12679936656516533,0.21140475863425987,-0.11912955925289954,-0.13178596584444774,0.04547024872065986,0.12789750744912476,0.2848810267372619,0.043470330368837816,0.012312432223943496,0.1732927571478921,0.09833284685220246,0.18243524807374492,0.13795550479852695,-0.017181948236380275,-0.03019758820764082,-0.22273121668298806,-0.022876883906213875,0.12461290625482964,0.24428116698235697,0.0811978234607175,0.06532497919879668,0.2200196451370141,-0.10470269106286395,-0.052921650901998685,0.04642766141815572,0.051048244619066326,-0.08814014244135623,0.02834419467767281,0.07283505481991644,0.3025797445460649,0.2258911862186504,0.19268732139820224,0.32206367718823725,-0.048323143770501835,0.03398587905715521,-0.12105718570782874,-0.17423953127209058,-0.3459620460399655,-0.1669950671135433,-0.04052661454830478,0.21180805135445469,-0.13111645550208986,0.2600772000146413,-0.11477161294074889,0.08515427438702411,-0.31044161790043967,-0.44619565704448383,-0.11755428000520102,-0.043324372308871345,-0.23957383103153235,-0.09685472042456336,0.08329295428475562,-0.17057262387623645,-0.35132295835653793,-0.35999285123392744,-0.20293883062184626,-0.007016148075689759,-0.26211915028095895,0.061281406366699216,0.23925257717675255,-0.40253684885012186,0.07013198148135359,-0.27712416911476423,-0.0069499621917119385,0.08209139797768539,-0.08198447350638983,0.006776681416074604,-0.08323225258213743,-0.016074066920540957,0.12303263578036665,-0.15610923950481542,-0.32906751464857176,-0.19515016105347763,-0.009237253866564335,0.18496235085446802,-0.14485368807593027,0.5264767202985821,0.013811257348835194,-0.1271219433446046,-0.07280911782144629,0.09151218818483552,0.07806411959226067,0.26009473595186955,-0.1493858761996359,0.4081651964836135,-0.0654271991979815,-0.015145439494893498,0.04901962212551459,0.3141113524353985,-0.020626594189021963,0.616331397195227,0.16142345086982388,0.6733595290741385,-0.48459953162204217,-0.3982409001908103,-0.20607700070910243,1.8392726119886504,1.3995298880512115,-0.08166691820263743,0.6109329182371024,-0.7425540158702969,-0.25562437328563037,1.1288200408403617,0.41494780115038155,0.34759298061529814,0.5764071957879059,0.548023824671239,0.2814432087611518,-0.06339464207118009,0.5982570294969287,0.9043295919080203,0.5123785942913766,-0.21739702327441168,0.23526910720943295,0.1786963767543785,0.10795951528467859,-0.8058649487278222,-0.9797440483820353,-0.2804566008692961,-0.9954800357064275,-0.35888433784671253,-0.789290921547718,-0.07194662995496158,-1.4018802052114905,-0.3347541516440194,-0.09242260590749352,-0.904900305833991,-0.7982622427435078,-0.08823713983731693,-1.6596695621349036,1.078891234831746,1.8154780319967883,-0.35705195650716076,-1.203466943157838,0.6563087203026289,0.31673329539241724,-1.4765067387360822,0.34744806966847175,0.10172914627674695,0.967641745400202,1.768316799236964,-0.5556868391563958,0.8018109527833395,0.71970240538294,-1.2764367238016836,-1.075882732385874,-0.5637752458443669,0.10117549455430286,0.071174374586321,-0.9616060874457348,-0.018760204727786868,0.3173714496948216,0.7222222593297131,-0.9892745282552059,-0.13089467836050345,0.2156417444098372,0.07656207801078148,-0.4575984438376845,0.00795033468264392,0.7611659687508816,-0.7312394619804115,-0.4494108963869657,1.8539778488366636,0.7202342977691228,-0.6589853372205572,0.04873707016573252,1.0013417345180686,0.6204997000603226,-0.23916682727191102,-0.10409141620380861,-0.5217585366700218,-0.4953359497025341,-0.026518799167869894,-2.0022379200408986,-0.2770544150113567,1.0491113947393664,0.35393582468800733,-1.5497429385938861,-0.5420352889099955,0.46317445547489894,0.10842659350872186,-0.4793270604702024,0.6088869561826625,0.28391851700507503,-0.5088277852375139,-0.749346873885931,2
0.0039470366374114154,0.25401293084241033,0.6390081269289675,0.3030280018651804,0.277028853894486,0.14073197499923132,0.0384734756730995,-0.1612678909038039,-0.05847751065057985,0.14072681499211395,0.08012370958322618,0.2714502846600536,0.0988683035747205,0.35218123398805096,-0.10402812764345291,-0.09174481928085439,0.46277803667493667,0.2431862649350538,0.2325836469566921,-0.11511060458234981,-0.06968591846935439,0.16428437326413475,0.12399769400200485,0.2330303714054685,0.10604412443281659,-0.13628774572386784,0.4027736369825149,-0.017359862913891022,0.22551187321504834,0.20715750591472692,-0.0037580331657018433,0.02023237854530493,-0.23455715409798858,-0.11145948139209531,-0.013609272567196715,0.16420443840093876,0.09712140559259913,0.13545937898337343,0.12286018446534404,-0.165380517141481,-0.015134154427163163,-0.013066607556320305,0.14742154388830273,-0.034128580721391605,0.0010806884628927938,0.15004052627808878,0.23052612611072387,0.3036839146980881,-0.029786908033560665,0.3500505037469738,-0.2146062177353571,0.12358692940630166,-0.10726996874139084,-0.19490225804346167,-0.26542463672547645,-0.0781503054717756,-0.03198138166967874,0.046331735187551217,-0.08836454458005956,0.17921153209868382,-0.1341525667661872,-0.02610832272279688,-0.4477078473071979,-0.46417554081371926,-0.01996421207678301,-0.026928696484601274,-0.06505990956377822,-0.22060197231995562,-0.017558797131857797,-0.20716571799315367,-0.3340678340482284,-0.5146153466794903,-0.2574085603002833,0.08703854275048101,-0.3423856785534305,0.07778949856023272,0.1216410082817992,-0.46071301822436794,-0.055532985133724254,-0.3367488354139164,-0.05014279662527815,0.19052214640397763,0.007013354754596065,-0.12034394296665621,0.08184597866851158,-0.09032007690793527,0.06883964167246504,-0.09155467210935794,-0.19744437689891067,-0.07466645026494279,-0.05191095118370302,0.12154436204573639,-0.11927156453633563,0.5888269116904048,0.04987566313711154,-0.09238671684901913,0.005904382563823458,-0.016675683934688955,0.11913970880533054,0.04317990391201005,-0.03964384100990708,0.5052098617466335,-0.20050472188404211,0.2100227771337382,-0.06903044030991938,0.008955394183387397,-0.42930082383962587,0.6239372739152395,0.20534420977605292,0.6160808460959863,-0.7850651619274638,-0.33489811063093133,-0.8888785908893974,0.18187466316865256,0.4705743278537429,0.12641488984370797,0.6208088251226995,-0.6704972776679734,-0.5217730419394014,2.006508606278518,1.371598543772806,0.7326474971069489,1.4269362715160692,0.48804766999632465,0.7902949162659489,0.5105673372888265,1.0423382522011104,1.557809757410241,0.7098891790890449,-0.17542465527593668,0.7992868397464664,0.12239162337206079,1.1546231716403532,-1.1213184874586923,-1.141262779541698,0.02890827638092044,-1.4361555564716912,-0.7109884943362096,-0.7777044797539411,-0.6674474683263596,-1.2257549825845002,-0.41635501142195774,0.37940636459103283,-0.8217761883365139,-0.9575885567624202,0.38176027517432576,-1.4301965076448058,-1.0596176473501644,1.874226135536917,0.10781885287155618,-0.9649662807078787,0.6744786772854828,0.5165118960322149,-1.365510012733469,0.0002846722841544615,-0.5499303260303476,0.5692933196275364,1.5860288550746828,-0.8069726715643296,-0.04708118051057634,0.9185052837890996,-0.0322033270822934,-1.0672832407394188,0.512732026006139,0.10751606487909281,-1.2402709582864895,-0.8851787343221231,0.6725416895216375,0.003238261700370755,-0.12031559678573589,-1.125073057192097,0.5611670715420854,-0.0283180005342806,-0.884950212873006,-0.5259567485144307,-0.7060362035292499,0.705197889778726,-0.8971138956166387,-1.037051807967918,0.37846614216288205,1.0875969171150301,-0.4994551248081692,0.5246917276488743,0.5164536628009868,1.4111946047951411,-0.5848832667084041,-0.022863848913725327,0.27019535569143716,-0.482034553711629,-0.8200414152472976,-0.4705125116160503,-0.20178132022825943,0.11205512682113915,-0.1936725132731367,-1.7583173617448988,0.46596977577379317,-0.05738630235674849,-0.7883036276977328,-0.40866952964872266,0.48304555405051997,-0.14096058795762256,-0.7175148196158814,-1.294127737247136,2
-0.06868409202735822,0.35854404387590194,0.605362676981473,0.32095041853464445,0.2601452429332322,0.20478459605858054,0.05365323863826279,-0.10795388894228486,-0.05868777424673002,0.13525816566808058,0.17867769456979105,0.3457558297954656,0.1389921391129763,0.4680384286988348,-0.13093160513376592,0.03784074505214572,0.5133092607778277,0.17988838013536335,0.22625621778702698,-0.1911413767590934,-0.08676973330636531,0.2502714374620537,0.06656857560171228,0.3396178399180384,0.08819238614734287,0.042242424470520824,0.41368359371757835,-0.06113940163302759,0.17503812803469632,0.15634903213099638,0.0019003524276885167,0.10689369957728335,-0.14259961122875534,-0.07282144568268402,0.14425146331418653,0.2656030775524667,0.2077845064302056,0.06990789736756751,0.26213903672288086,-0.22002427721101128,0.15022260247569627,0.004464594361867463,0.20649271537497146,-0.12534570295183853,0.032042035944625645,0.11960524261536407,0.25937777469425316,0.31696465855547273,0.0054978078991040685,0.26367646354706586,-0.17078562725207258,0.06880239915873096,-0.17732806007772664,-0.23293765673161737,-0.188495057008396,0.012739490766740195,-0.15197503185111613,-0.12089268730037447,-0.13308918437653056,0.17134079467726765,-0.16997597049977495,0.041540703565133064,-0.49103983689319286,-0.45536534509537163,-0.0023901467590117065,-0.09304392621454094,-0.1160226724949597,-0.23314704422271715,-0.03319640715726723,-0.27038036838787866,-0.36270380531126767,-0.5246518805462734,-0.353463389342748,0.054434871791990296,-0.32595620636328576,0.08690378006766099,0.11719102313950391,-0.4881809679151283,-0.10798097711601597,-0.41888704785887265,-0.024695355778170197,0.32761360281407614,0.049168973969138566,-0.050841534735534655,0.11237127206129705,-0.1266663919124797,0.12107207306956418,0.013652465593741255,-0.15157659613952806,-0.10298977907709521,-0.11553808755329502,0.1125811080500177,0.048861633921835367,0.5556294997510377,0.07379676172962511,-0.00868264694586279,0.10373848794436923,0.017950252752155324,0.16009238198639134,-0.11298498099159593,0.10838675108916539,0.4770225764686203,-0.14328260120102998,0.2835663030997141,-0.22303712286224484,-0.7444610396609711,-0.2103248077110357,-0.5930530737835832,0.31314476853257917,1.0511511104502749,0.7418559083881998,1.043871871350424,-0.8249779407556779,2.1224327423179346,0.4954119554548247,-0.11590761058346911,-0.16259092878451828,-0.6831199842168749,-0.1381618815070339,1.8221110585415972,0.8322857470264945,0.9166392629190685,0.9082418725499964,-0.09706785528340531,0.6628231831977727,0.4122129188499144,1.213939627341796,1.0439164298758217,-0.272453884040735,-0.5812170515036245,0.649588715603096,-0.2340108934918839,0.8446570418336437,0.12660981139793898,-1.451185104259809,1.303324366031174,-0.6508254482766672,-0.8657794674287006,-0.6333828303017415,-1.066927893034676,-1.0971078887503218,0.6836919647280855,-0.08287290785433794,-0.8714806263770201,-1.2030955234495135,0.5149586200062993,-1.7937751417159866,1.1039193843396358,1.4812665072561082,-0.16616751210027214,-0.9351359894768397,-0.6561277408415016,1.1911707259069297,-1.0772267060774467,0.5584150627029063,0.7981690968938455,-0.3137869187581066,1.467903703307135,-0.5524379332066671,-0.5383585350519731,0.599860112576329,-0.499548307153259,-0.8005052094396031,1.3241226361368834,-0.07918065103422187,-1.4470356246583063,-0.7093387846114095,1.3062912697306412,0.3128799204784706,0.10815799758861204,-0.9784111910546617,1.1275655349517457,0.2990467847440948,-0.349508299558493,-0.6875258475064134,-0.338676115806517,0.8655049554653159,-1.1209277824528716,-1.0080533237131837,0.7792694853988548,0.8021208178801642,-0.02553023186590911,0.7491919342447395,-0.3184629638679878,0.42497437606087834,-0.6884712633602479,0.2641784692656776,0.6533850883503246,-0.7506601190080688,-0.5905391156221029,-0.49762023781993775,0.16679945342102342,0.017312878931136286,0.1377618566646939,-1.5944824039485344,0.10833263222737399,0.4497066293561348,-0.6525726088012078,-0.45367701247039927,0.4206207204425672,0.10008255482760642,-1.216511121616969,-1.501270790773895,2
-0.1498886522084405,0.3771940223524455,0.5531179897333471,0.30814767871153503,0.31591275575229505,0.24893462361015664,-0.04583739432604059,-0.12130892442537342,-0.04687288049808801,0.2104837291112397,0.3005991512722439,0.39592982778772345,0.23573158718057338,0.5218539707970029,-0.1255392274732071,0.0816766227167357,0.3718511944435959,0.18008491798179316,0.17996067591988069,-0.3148996617730194,-0.08442976136192301,0.3560243378555273,0.19410546226165318,0.3476385224027662,0.2426922423811306,0.22674807834290917,0.46144786480737304,-0.06767898385718832,0.15120862387458275,0.11385309942473805,-0.039354570282428634,0.12090491885418375,-0.16272082883824107,-0.11944268294388097,0.19192038338143613,0.28168706017563216,0.25355409268806406,0.10063678254908753,0.2842473836042286,-0.13966376992435034,0.13943519910418797,0.04361644062766654,0.15021455119212349,-0.2285988885581779,0.007791903390484464,0.07054797232059086,0.22721503843929797,0.22330028735586352,0.08500944868675994,0.3725465388013084,-0.19046097599835962,0.1740152899217402,-0.11907925873402925,-0.32043107100305745,-0.23153839863321582,-0.11423436912425299,-0.15590932443348388,-0.08795565306186214,0.01609018607281082,0.14477267395827512,-0.18945445774089073,0.0775901930585676,-0.46483004997917826,-0.34917187380255077,-0.0546291048018676,-0.1628703200262223,-0.11449612293298672,-0.2439968154669507,-0.004568529586424967,-0.30877918039046454,-0.3004130475268566,-0.4141100083104066,-0.3329252294302304,0.07593188256128415,-0.13052679839956285,0.08974596785009936,0.07394381171931082,-0.40262292642067976,-0.08925641529084345,-0.3437350357859537,0.002109794743809985,0.47024388858800226,0.01231973872810964,0.037686415883469056,0.046599052182965846,-0.0444346836637177,0.17719989201698036,0.04853615326715709,-0.14514460504417517,-0.062187275564910834,-0.04827553355057759,0.16695451749873838,0.1952109065829033,0.44365976372990934,0.14322380644610985,-0.019816579823668305,0.1704933688644489,0.005228332013174971,0.230997360652346,-0.09771152684569093,0.05910327376675321,0.2836536548152282,-0.1354231028268963,0.3337603838526284,-0.27104324919901623,-0.7978952593921798,-1.1729464380783248,-0.21607028556533742,-0.605968459042159,1.9008290392519287,2.2449401454454674,2.033302957760273,-0.7807550005950061,1.4496686275639954,0.017695542599360365,0.5706943849596864,-0.11131772208495519,0.5080710627694521,0.016920324326407415,1.498712592687662,0.775204928947576,0.5184561560768713,0.44515256864118524,-0.2404395296250166,0.5290986245852228,0.6241086691841878,0.7395576745197969,0.23821037281471863,-0.21777330384578697,-0.1535644209583302,0.261462962253402,0.09629377785886784,0.7278920203327959,0.12767106570429326,-0.9808898685694716,1.0187873636602465,-0.42776568791488573,-0.8580806885634955,-0.49438936772593356,-0.7495419171997523,-0.36186995076457307,0.46581141667752607,-0.03580731676185902,-0.26619924874618694,-0.587274092329726,1.2892616334790838,-1.305440893046499,-0.64286685241547,2.104391733908684,-0.26095010535374097,-1.1872945167176916,-0.49561532350063187,1.3519773820419503,-1.0144930023581915,0.1295582209581178,-0.6644880245291248,0.5674754281727356,1.7803259968319856,-0.883329416247668,0.04773596645298224,0.8326117471955816,0.0016456101227776433,-1.1983797199090505,0.9442006053273606,0.559382203969428,0.6253249526114336,-0.6231264506251687,0.7408470206971135,0.7708396205781555,0.49719669270537853,-0.5521475085210685,0.59469402738194,0.7934244640059103,0.2562199494159981,-0.5891251842281673,0.9755697813932852,0.8684410477277026,-0.6097948562540254,-1.3096434404646258,-0.014388734490568293,1.0262793856075416,0.8334066330695021,0.6296903139181004,-0.7599402997502805,2.2560477139672774,-0.11984997152427858,-0.22993681777077243,0.026635799449918163,0.2509803951592546,-0.016782454280007363,-0.21883071470735574,-0.4253475729267326,0.5527256855881427,0.5616640178159851,-1.096745420588311,0.04843020802197932,0.8252430235480381,-0.5303107794513167,-1.003629760122233,0.2114303444447694,0.2576056115959111,-0.609507801234654,-1.5379210939286159,2
-0.22782909786575445,0.3518048116252542,0.5323632492441037,0.3331774886458272,0.33356909735908613,0.18514182759086883,-0.012825222605624905,-0.12049504074467034,-0.032235034543277176,0.2684814415339996,0.37747729303486927,0.44244803810889943,0.2013662940511205,0.4223411531012649,-0.11442090890430902,0.04854395926391709,0.3269658313920083,0.17838941209385253,0.061275684483823284,-0.3510924090254836,-0.029217481747829635,0.30792487761272075,0.27778037604164196,0.3457529154871424,0.2652387017778768,0.24178174655908435,0.3699415887370442,-0.07697427339488323,0.06418064154165366,0.0886759484881568,-0.10379006721977815,0.06530974879467547,-0.12894501428376778,-0.12287058334011638,0.21576964931803702,0.2135874550962651,0.20789336864295482,0.12471877874277505,0.26612363474271483,-0.05541886545619938,0.030918313133634183,0.029285578782650225,0.06312727140403732,-0.17264427436872862,0.08324279085041023,0.0462948333361198,0.14944120670842406,0.1348931627488464,0.08237801226702551,0.39587458907507866,-0.26250055619318785,0.09897040229787128,-0.16997638010184793,-0.30004376773973246,-0.17895350301581853,-0.17155447791239087,-0.15638566360117578,-0.10223447022985398,-0.02509943536878402,0.07939219003680191,-0.291199585517442,-0.13781438701858148,-0.433469240992359,-0.3185125096915137,-0.10344318820795975,-0.19213230044804847,-0.07528721534028295,-0.20537309865984862,0.031103115647984986,-0.3168324557217433,-0.25152932689482727,-0.5316499932169846,-0.36736603925291544,0.07055262916942286,-0.09750167982626584,-0.015067932495517555,0.0693850293521338,-0.4939014574143605,-0.17063262157524484,-0.3196438057331571,0.0010617175597999083,0.4007921079633733,-0.0717469390125219,-0.048090257872638896,0.03265548843278014,-0.13498010709675493,0.14527341336127142,0.08784199655640107,-0.08009491420600347,0.020050471815817126,-0.10354988450620194,0.10454494724965248,0.25740343770983376,0.37697752346012964,0.16794780773704376,-0.03892748529052554,0.14763719975341447,0.014371271981453668,0.24432525610357705,-0.1643109656447523,0.01812127921968202,0.23781842900733355,-0.17493725750493624,0.3643413476996118,-0.23911781901355056,-0.7607388465933613,-1.4566037654919126,-0.45842741589326924,-1.2820336836355584,1.447493258793123,1.1098956689803356,1.3870017094902705,-0.5902504298718106,1.695947771082866,-0.1947144152043296,-0.4992048060384159,-0.4898478356140441,-0.6661229211580323,0.19513888311430116,1.5862308746105016,1.2018986385815977,0.5738341769166321,0.4437828350559438,0.864978586357676,1.109568989772644,1.183161827207591,0.6327565433456843,-0.15091514515930135,0.4791032168116168,1.083307407049776,0.36977948865403243,1.2284936593286604,0.7782806181120352,0.4071810420854066,-0.6780022657525063,1.0779088209206922,0.6390626050220616,-0.878823455308435,-1.015173474367926,-1.3588491873075832,0.14249672622961926,1.8729994424942351,-0.6378102866395854,-0.8665804224993833,-0.6860737465337454,-0.47153860270216663,-1.646203890764106,-0.3341470310481452,0.8035711408300032,0.2060192609167998,-1.2955198689895677,-1.2187583103287025,0.7173805327874437,-0.3530824171836909,-0.36526313742639804,-0.47816250069395083,-0.1146303019081259,1.6479374595321543,-0.9229080236581201,-1.339133449000374,1.0387944941153218,0.5123796111342434,-1.160185119224,0.7193610768419639,-0.22150557194948514,-0.5183866121257982,-0.5922728359941559,0.38932237680760307,0.3982217021976302,-0.10456969414285414,-0.7663416292578544,0.15122351703415363,0.5232410642413204,-0.27513983910347606,-0.9738262429231412,-0.5194976671169994,0.7026738946136843,-0.8258941588641983,-0.6995145260514657,-0.24303394494812208,0.37580824032053467,0.8183752614366618,0.9135408966565478,-0.5854841949113474,0.9208050755265766,-0.39118967729093557,-0.3863564688237888,-0.32811461475709863,-0.1009810618502296,-0.122711558980686,-0.2844113611134975,-0.2963809779579741,-0.22206055546436998,-0.04436136552656212,-1.5213050883106376,-0.7635161115401217,0.46188710660064614,-0.7159639074843207,-1.1761107848735988,-0.1014801790696807,-0.3400499931710258,-0.43506642457416844,-1.1135635062366105,2
-0.23117146462201155,0.3612419221334012,0.5442862901793628,0.40630863147765883,0.2885745980863715,0.15587944962446726,0.038083260064540665,-0.12574340152780641,-0.06236002078492242,0.2497549639793878,0.4510355480658585,0.41951723124113255,0.15367814455752615,0.39103647095326605,-0.17489485871772933,0.11121491619776266,0.20579960068884418,0.22882711602486966,0.08972492691302282,-0.2904332515418462,-0.06342119443338572,0.30826602847606743,0.37271378439488534,0.2943352760017027,0.22224211786174228,0.4323734534081852,0.36406487509670654,-0.08520643062961711,0.07810537495701002,0.11905514280727349,-0.18539186432600369,0.042177846795085135,-0.12205507426236449,-0.10338796915851957,0.1370255659564007,0.15088784860930177,0.23611923905351334,0.09606610932594797,0.22906700789124937,-0.07425242664627991,0.05537415813480156,-0.02360743216623952,0.04357465799544285,-0.27080998192207484,-0.02399923404430988,0.1479691611070308,0.15482865163617618,0.09736557673690562,0.2438239576378654,0.44549165472318103,-0.2633460628134525,0.0817982976872838,-0.26049390469858746,-0.34049801011175584,-0.1999903026960534,-0.10741029324369007,-0.1412220889831559,-0.05744605828606117,-0.08064811780149027,0.056526346847609286,-0.383910689451985,-0.25208957030396717,-0.39915077072728383,-0.18815132091863165,-0.1975954287678412,-0.1849478014622459,-0.021765381444143424,-0.20241524247741124,0.061228838288499905,-0.37147248393630816,-0.0820153259522686,-0.518474028783204,-0.3851981689450371,-0.01436295715804801,-0.0437473051944231,-0.0930907442644358,0.09133404635430596,-0.531375881493292,-0.29863796587814373,-0.2934700621107404,-0.04200816411438148,0.2248104717646058,-0.029142350916457817,-0.030927450063637393,-0.05293534960822364,0.018277804168411328,0.04990354685822483,0.023091583573827946,-0.027033500079916613,0.08123376299589279,-0.1887314752361741,0.06047288557095788,0.333619971640125,0.31836386696301366,0.12579111703197124,-0.05304409157172518,0.17964451996589664,0.08421146014518573,0.24365850298051658,-0.13604198866014272,0.054330458330372464,0.2519283904430166,-0.1991591155382363,0.3034799239366681,-0.22965053433262456,-0.8462177440503122,-1.7358312775293754,-0.4025097031406599,-1.6092957240427241,1.5499904098747057,2.1841565203043913,2.0672040706181964,-0.5551592404063614,0.7010982848384263,-0.45356345179968116,0.06115980332870682,-0.2732955014394778,0.3981860260279909,0.006183558578399368,0.8836442428277923,0.7846382914502533,0.1767774167913345,0.0967197396558755,0.7203844484763132,0.6090778197575965,0.6304074534793608,0.28615219462317293,-0.11502438386901315,0.11995685242521237,0.5941208714964015,0.4308863778518941,0.5515599331197627,0.5908286674443665,-0.7654003748163034,-0.7706398131586338,-0.011103882658400666,0.48655220426487883,0.06389114032529206,-0.16389827859309125,-0.2432442942298871,-0.4127520990577858,1.0994291568745946,-0.46742367674853796,0.8986190491137932,0.48208813999040245,0.4240521815522357,-0.873126626711106,-0.09722136387936577,1.1601490207253817,-0.6506681949998503,-1.3863695841906085,0.5346356404612721,0.20620428236949606,-0.8116826734814636,-0.18455371978357296,-1.0540283658426857,0.22815543512500938,0.09901285125394708,-0.7418932954395907,-0.41018268330895463,0.2699071062010171,0.26838158050130984,-0.7350781205873638,0.5709914020637673,-0.7755788920774964,-0.7541281549233712,-0.5697002769963478,1.211186673689328,0.23885112413764034,-0.5132512205982017,-0.9287294022260977,2.724882900967815,0.2557481054770049,-0.55330047127269,-0.8410375021797727,1.0917410058576373,0.5999175615415285,-0.6923257917195638,-0.6752192056241261,-0.5542402471186967,0.22898579286154658,-0.03810939615656416,0.7338958266621194,-0.17453598378826335,0.30878479431125677,-0.97282279063593,-0.8552123883362477,-0.270303030264271,-0.16504640506451815,-0.4744177181245486,-0.42821689104510346,-0.8169991323384906,0.07877297473869577,-0.2559930069765352,-0.5523046484605884,0.7258834697160598,0.11623956251174183,-0.7154985808568443,-1.3481989431861272,0.46160568642420824,-0.38205683872772667,-0.3473769118463331,-1.0530225456354905,2
-0.24162850187048737,0.3920682330370457,0.5305827013728361,0.4086138508831123,0.21339972081686595,0.12194238925594202,0.09501579739518776,0.02428722442764942,0.005512522725971062,0.31443368786013054,0.41282821098943384,0.4843636776497316,0.09245400597366961,0.2333911184166388,-0.17879909334769023,0.14497995643432227,0.14569948091868334,0.17868186963194363,0.0589059298381238,-0.2374016329798389,-0.1036180547285727,0.35682936274826427,0.3565660284846444,0.2998449906539343,0.18907716288005674,0.5153044699028172,0.2169118781936536,-0.10347266572005313,0.11588401951384177,0.08394052181748803,-0.18624401978839883,-0.019230737265347925,0.006837007566501938,-0.1951108797113543,0.05551264853635134,0.12956846985872567,0.2717666559479303,0.09953248661478954,0.1906892704846345,-0.08354029711598158,0.10812363410484542,0.0013053346733907997,0.03625599992824952,-0.2322244245132249,-0.12448766626154693,0.05792188333027299,0.2461237443182539,0.13556214630409863,0.2313093884278538,0.4262493038240154,-0.3163156779992967,0.0387631846833341,-0.23542237208637756,-0.3009651584291129,-0.14520544982642244,-0.15388209155448057,-0.15554955427228742,-0.049344369748175076,-0.038392043206241046,-0.03193660295362422,-0.30187684163604517,-0.3571229489830516,-0.32772737330606017,-0.13737240913110266,-0.08080059876397215,-0.19313690153199423,-0.11011902983138301,-0.08509926354388533,-0.08530092373289422,-0.47338712848137426,-0.029921521606902552,-0.55987768290022,-0.2938071537373848,-0.09151662808613613,-0.023755449383075215,-0.02470235054914956,0.0775242175546226,-0.4238670819832427,-0.3479965334494872,-0.3214455130207339,0.08900441228171603,0.035311398511282704,-0.0015898090514820454,-0.0861604603991063,-0.04918233624445577,0.15047280815617084,-0.04844302982275373,0.01723181449132494,-0.058034587143245414,0.14111201158981101,-0.18967984433924648,0.009828814836059106,0.26974791877665927,0.20412283309614954,0.20342122389487105,-0.02405083028697798,0.21056092768152979,0.013210590761251018,0.28294009517657626,-0.06509398508781213,0.08392821980048296,0.24779498194410804,-0.26296439794122695,0.38725863114934644,-0.2820838790790667,-1.4072434619273224,-1.6467943550860855,0.27865792724868194,-1.322563893052182,0.7199126761510827,0.8143829165995542,0.7959369090270152,-0.8425921626367835,0.0845271818288559,-0.47713684082483654,-0.5960544560285835,-0.3783955422781552,-0.47587003154826457,-0.1574515969032815,1.5354720921360865,0.7645517096507801,0.37081164453340415,0.3760522471324177,0.7202665663993586,0.8234752359159702,0.9094151872820893,0.47690677317542657,0.02623131286870302,0.32864732514148653,0.7726632209252402,0.4083525219859947,0.5507012971302098,0.7327951076563308,-0.12475213635276791,-0.26416953678783944,0.4932268872862402,0.6642399005204276,-0.4194494647844184,-0.7730710502192194,-0.8301997475209095,0.8176892601736505,1.7282979403393615,-0.9794147191114358,-0.07413048490250022,0.3285659017088159,-0.6197223491438041,-0.8789880511111433,-1.2416389317241319,0.6589195503277999,-0.8302100093576578,-0.967038660476007,-0.8457019098819267,-0.08708263430145903,-1.0548862162797277,-0.09262532285025021,-0.057357535169047236,0.3123642298682184,-0.16785778439377558,-0.4158685862676442,-0.8946037515324133,0.226878824649858,-0.19323587905130948,-1.065095620760109,0.49246894421335546,-1.0201349179271093,-0.2184396450524101,-1.1098386171367065,1.0287797496506466,0.24410830958945368,-0.4130614382415025,-0.8100010403224694,0.2964955484145188,0.11217514715478152,-0.7915498253676583,-0.7174085652962657,0.18494255673100923,0.1958592483302909,-1.2624612894708058,-0.3764248481628812,-0.33830946957839575,0.2881973070888483,-0.1580565061325469,0.7194789214540421,-0.3733151261903943,0.0013642151353855604,-0.977305586850395,-1.0118473740977043,-0.1465907800707452,-0.32499546171271065,0.06768808747453144,0.17677565776363005,-0.33130308311384793,0.613637680329141,-0.2943294410219639,-0.773418918082713,0.03163437414480368,-0.389190409493123,-1.061445352084646,-1.4142644298351619,-0.37620486118014107,-0.11624184130363618,-0.3069463098444427,-0.8002150795634401,2
-0.28982959957384463,0.39450564355084566,0.4972782153683851,0.45743695826546743,0.25939651161226845,0.05862521170743903,0.1892008251482529,0.05464985563877656,-0.01520587246868956,0.33370204847834184,0.5182443191001497,0.47429900124528723,0.19549087115476743,0.31608801953579296,-0.22894175547100706,0.22822411387207692,0.16366099045799568,0.09253291777261333,0.08209360208281184,-0.22607238482404704,-0.05194451864133252,0.40184678595717005,0.35194726512203267,0.25254948034338437,0.2349006124089141,0.5306881526678416,0.201616313071934,-0.1454451267215834,0.16086669370090417,0.21020721619089136,-0.2030663328307896,0.011612806972834138,-0.024166966068828025,-0.1686398440438293,0.055265437845489054,0.2093743947660792,0.28540236127737495,0.11205407013343871,0.2333947431103587,-0.1648986566859537,0.05393533279674114,0.08837421344787882,-0.02714138650544792,-0.23001129172015847,-0.1328891382307042,0.05438727860763346,0.20855993030616163,0.10520651095150645,0.3034045538348414,0.5299918732581734,-0.2497722745185296,-0.07709654040803493,-0.2382893056773913,-0.4392721338244652,-0.04175125326174176,-0.1265411205758044,-0.1475029131340162,-0.019045573482876367,0.05104452853028834,0.01832570905528199,-0.3005498996495647,-0.25297877219667536,-0.29100412242945556,-0.16713935906061672,0.059944546448993094,-0.2106985090834104,-0.09594690870889219,-0.03721312082032236,-0.09111416435505904,-0.5402633400124965,-0.036248869971330464,-0.5075118674502256,-0.32646693737891497,-0.21534169739723535,0.02483935263406609,-0.09495441301480051,-0.038433987259934924,-0.3247841963763013,-0.5181079058364357,-0.2752745486961249,0.07666803445715659,-0.008322485982705755,0.006610744063852283,-0.0691520720770978,-0.050047911007438245,0.24585379384097936,-0.03275511669816772,0.02795199580163289,-0.013405326789359365,0.16674231479309623,-0.16157949583282163,0.06056544903653207,0.3030969062073602,0.2035072132750883,0.27330125934546556,-0.003698834344030492,0.2430004165690121,0.0585665355468654,0.2877511545132845,-0.03127793043697163,0.16927988738414146,0.34652384396986813,-0.2598886251615895,0.3869549185561411,-0.3806165355240716,-1.286031811722654,-1.5006374246665612,-0.10563502930224401,-1.3268327212706845,0.9139631251907292,2.028506538512619,1.2649921058033735,-0.5079015925569347,0.6563946655702099,-0.3746640418606934,-0.035082933902841125,-0.7355981092217777,0.8907181807317462,-0.45466686411399027,0.3295649707950516,-0.05690841924995177,-0.22327700972375644,-0.1166900901563669,0.3867633279652047,0.2839105687834781,0.4353618708369839,0.18162354195313854,-0.24776070955293084,0.7951914075497515,0.39220185015231274,0.05803701915411957,0.2207006952269521,-0.006932480090065188,-0.5131382641128824,-0.8887810057202612,-0.9323691219978258,0.39291383484465625,-0.43287644968950273,-0.6933333999113764,-0.3000074972938382,-0.3673830004169826,0.9440393603975836,-1.2064373253944038,1.014675757854345,0.7177858920673317,-0.44310971717783443,-1.2549016304252756,-0.38039013832298785,1.2483448044101344,-1.0210201207255367,-0.6089018067447914,-1.1139131177736368,0.03863635073049438,-0.9822056060829846,-0.6329543595747276,1.5119366468702076,0.16501391099758597,0.07701411855931864,-0.4890363146237576,-1.164600805225967,0.06410373289597625,-0.3106784512932146,-1.0572258673474657,0.42780055601328415,-0.6610663914473456,0.0160577657342844,-1.2262036440735842,1.218636943915667,0.748903956748519,-0.4384372659443915,-0.3621849685924,1.086948966357358,1.1938408549709267,-0.6934952751925302,-0.6344142291162383,-0.21236726643703666,0.9165713589404871,-1.2175439648831254,-0.6075607013757431,0.8597741686344035,0.09807151717794388,-0.2840210412979345,0.016557621200210502,0.6145829992068266,0.7639745076717912,-0.9348681406652712,-0.7328852868145276,0.0035133188199040983,0.8530090147906928,0.06315165010197941,0.059369469327147276,1.1287052037309533,0.3979483412032164,0.06352061379367989,-0.6614263788141996,0.6547054414793889,1.053301531534277,-1.0359681352100758,-1.4125301422168892,-0.04924299047687186,0.6946417424640196,-0.08255878607199447,-0.8253206508741313,2
-0.2288329807183284,0.4599637530282396,0.5456422400187468,0.5351061712329332,0.13330758741602192,0.11204137080457882,0.13190593889152605,0.04200006368502103,0.04730904706990323,0.39412656121914946,0.4434624918442522,0.3116636385703796,0.22937493070183268,0.20576892840263947,-0.20523505634916284,0.19547620325329892,0.10719830839104173,0.08455566701401353,0.07123865350436999,-0.2740620235406462,-0.05147393587326316,0.39479837074143664,0.43493226521503936,0.24086846429157385,0.24375569631804928,0.5043731967976142,0.12449870341549572,-0.14238283091451565,0.16167574753054723,0.13873289630251376,-0.11567757941575742,0.02870214264788256,0.054606757631490324,-0.2005734922595597,0.13742639587873035,0.22760313658672623,0.2051101527208249,0.07519787777481499,0.21821901979197184,-0.1787313607989406,-0.02398790430147954,0.13000082940381252,-0.12077437167337009,-0.16210418913270586,-0.09292198212381987,0.03528781229394471,0.1798850113552883,0.04792608758321786,0.21916307168339405,0.32131043357244826,-0.27308908116851943,-0.14956615225405903,-0.2863638218899664,-0.4525997531588379,-0.056817294377892964,-0.041250141224605186,-0.2548737719262218,0.01896815069903153,0.09446052889145759,0.061179774678721266,-0.2799902078641974,-0.1635426201554433,-0.278205592676298,-0.1459535067835941,0.031233009111891204,-0.28424525058977074,-0.24915308797482885,-0.03434644076867557,-0.08818160242367713,-0.5616008727640168,0.022046208376138708,-0.5106976229254342,-0.35890989963032166,-0.19258484748439014,0.021735837639138247,-0.10429690699537582,-0.055051826876874335,-0.32224619424682016,-0.5214097256661132,-0.28758559013135027,-0.00357927211165039,-0.06760804477899617,0.01925725556332836,-0.03862420724197414,0.0209028925293234,0.21196664782869698,-0.10043448805689047,0.20148574413988876,0.02918817109298391,0.20535061574133098,-0.21166439570807638,0.11949295346035017,0.34438207099417023,0.13510265840785296,0.27862111739244544,-0.05747476684500465,0.30037979395617864,0.08027458330586897,0.31111475741115935,-0.14414140022742092,0.14373151949877958,0.14310630817565323,-0.24461180250590267,0.4677177147597447,-0.3279500792519217,-1.5621865646330035,-1.7225395724288415,0.7718463569060734,-1.8308740751250958,-0.8833870192338851,-0.6409051735239473,-0.9367156269995216,-0.6324740509210659,-0.5545035627100637,-0.8243721203133092,-1.2169264645374709,-1.0468432674855368,-1.128945075532003,-1.0742039840223883,0.724162285964236,-0.41202738698188796,0.2903245202855445,-0.2171973628834646,1.104200818399197,1.3481707316753948,1.2158569313197471,0.376545293523543,-0.30111189773005737,0.7215169935689629,1.7358801784515352,0.8346208664524539,1.2729928452846215,0.8744642501837332,-1.0282551223394705,-0.6239728748176008,-1.5665283101309133,0.22737303671033748,-0.687959732376993,-1.3156288502708324,-1.2581928406312997,0.06296739273055837,0.7911817873536765,-0.8624691512085555,0.25065300603277607,-0.482663036001191,-1.6511887840500765,-1.1377613339069341,-0.3734162341804445,1.456842127220333,-1.203922725235198,-0.8654597541021325,1.1920975829585923,-0.29382164439083774,-0.7572176961658359,-0.66168933661226,-0.37851459851270564,-0.08540935385164687,0.5632978701670354,-1.3779227977123192,-0.1206052754135258,-0.7242113485277893,0.4745072661849782,-0.896486533776339,0.34705027404201094,-0.5985358148901712,-0.752681955594263,-1.4848907848809576,0.6216121849434614,0.8535222109880461,-0.7113381099023817,-0.6631858553839141,0.6302120359841322,1.2105301687885486,-0.16364193033882277,-1.0335189337433037,0.4475680854581795,0.33055569120807876,-1.2217031024482146,-0.8351552740197377,-0.057712187059201676,-0.09786721566442602,0.6047210590118636,-0.40222325819889054,-0.8127793680139717,0.21270171725377574,-0.8465806511000512,-0.9039765715879812,-0.5367257465270335,0.5534916254559287,0.0560031900153537,-0.0005220265923384835,-0.6774727997475344,0.09970586958546707,-0.4954353812372524,-0.4702444827746083,-0.4319035026179118,0.531851244281094,-1.1822412720849413,-1.136219606250317,-0.7949917801658323,0.5257651572751784,-0.6085138207686781,-0.7359587539041412,2
-0.16895040705535294,0.5098912486902075,0.45809855945276867,0.4792303753159213,0.10086066238147903,0.08657992474865789,0.12334726409596476,-0.009706418539804378,0.008970571414123371,0.49643432600529225,0.3824115135113178,0.19943799637324308,0.29420456380157783,0.22671354241286584,-0.20974660164613315,0.16720641945508427,0.13264664125050007,0.13920811621026186,0.014959063003505893,-0.27184587229055795,-0.042135537793172625,0.22147218004522704,0.5608176581258046,0.1429545481552771,0.23628951806752144,0.523938150987563,0.12147493373208607,-0.026965076161990398,0.1306247716617493,-0.05730403406313778,-0.008096026248176427,-0.09447552291983806,0.04044850260892161,-0.04409675873709917,0.0510770140525415,0.1341257464969456,0.30467092143384034,0.10164595801289221,0.17771747197841278,-0.2285730690498827,0.08154507957420033,0.11914275835725557,-0.14536333897910675,-0.15182063609722346,-0.15736537896587727,0.01709370574561428,0.25161039863882595,0.12453116405644278,0.20934153783416887,0.291238399311483,-0.15956083927785972,-0.15341162116643245,-0.17854617250838922,-0.41957821079354385,-0.18445642121168304,0.053196188424589785,-0.22481264054075853,-0.08273573326463875,0.13101373006941938,0.1770269730229911,-0.3676035807888112,-0.17872470588991426,-0.2434554011342361,0.022652050402901663,-0.07355967145300753,-0.3561422106057871,-0.26967875377202594,0.05196396418074591,-0.035053565437659626,-0.5909633780357306,0.021505949674569466,-0.4737852110753256,-0.31098397374469033,-0.19635800659879457,0.04136453398703389,-0.053250435245260026,0.010764824057704509,-0.2765651040631327,-0.5519447458011548,-0.29464086263730205,0.08244213917690743,-0.06807952122168687,0.03385955044452481,-0.14602226010123337,-0.06489398138068134,0.15540417836856102,-0.10895240960646511,0.30498495250113017,-0.035395302520236094,0.16329437165711738,-0.17213419131928606,0.10499906802594247,0.23874679526275266,0.1852546053971101,0.25623745477463616,-0.11097031472153095,0.29920869736468225,0.1755212855384268,0.2862631305467274,-0.03916248227953383,0.007020633815849225,0.18301970192344863,-0.252340254006583,0.30083150933764174,-0.0954346251532311,-1.4887135895297399,-1.4327126814864235,-0.5806468403932106,-1.5484929833500065,-1.8550665725286557,-1.6958702411253288,-1.6009085451656628,-0.8319132451749831,-0.5067467629402386,-0.6882669112734001,-1.8730164945852785,-1.3304446770097125,-0.835012270920383,-1.6023964609833616,1.451924895392155,0.40164127257577115,0.5551754498391547,0.18239381805472019,0.1561659036400728,1.1831235135773044,1.3850403334183776,0.8360038686069046,0.33294368954899034,1.070003404288062,0.8977282186288511,0.47534339380049545,1.0881083562281357,0.5555830059126282,-1.38564124904562,-1.4084023142226214,-0.7879248305826109,0.5584716339632192,-0.3182296427045161,-0.7955417841738812,-0.5150554415372693,-1.3148612407554459,0.3929829276731049,-0.8752867095817053,0.6036672284722764,0.37511497781183256,-1.2643509848083694,-0.11847038533241998,-1.1562988277624555,1.7042621806966343,-1.5421576166115902,-1.1096341301319674,-1.1213940392256574,1.0975530611588382,-0.3157524287485919,-0.9282817678662847,-0.21893753084087894,-0.08010997600237957,0.36338686711089707,-1.1761375475522278,-0.9272036567382828,-0.2385396788511384,0.15348312119931704,-0.8477279528107576,0.4423717674569963,-0.13545207553898236,0.17794029966863212,-1.1389955094888036,0.44452163757248303,0.7092913747727095,-0.4667113667186555,-0.5731159474831908,-0.333948166291765,1.0528449607469954,0.10341818727501335,-1.038840836945467,0.40370531309283075,0.5168796180935711,-1.2509565923683938,-0.7828120812022877,-0.6942330084000685,-0.11742206788155529,0.5907802498145801,-0.49593392957468885,-0.9171717311942744,0.8760209060207561,-0.6534696634772248,-0.8593300966860846,-0.4915591555759726,1.0823242476149961,0.8183935970535127,-1.2795501771303353,-0.47780246387279884,0.9675678936238109,-0.05625485312809399,-0.18126912560169883,-0.6675606451951129,1.0940467675081615,-0.9793162336082815,-1.312411191129086,-0.24304646944595265,0.35145071398729577,-0.31368884342124387,-0.47994504600518184,2
-0.08459981543311805,0.3837964617806415,0.3565714583647137,0.32563374536137885,0.08609386445341645,-0.013799861319106705,-0.036535653369425936,0.24109201779146597,0.03368084681229329,0.42052053154816893,0.365313493274947,0.2503054632542614,0.3401725474212422,0.3114306097999411,-0.21238913436856222,0.19592352033050342,0.2818993953189241,0.22684314584188828,0.011951908720928262,-0.27889316012133947,-0.26202790706592516,0.06517297821308218,0.7021442120925433,0.04053162586386507,0.07843208576621714,0.3198028072791831,-0.08682651011332891,-0.014927172413525105,0.2015880564062982,0.004188550961030423,-0.03398365751766747,-0.031247853218677166,0.014992532623529037,0.01403187667504203,-0.017579092948879205,0.07437958878176001,0.2023036004106064,0.22511867689535175,0.10459688024609402,-0.1172820391491535,0.1702106124473921,0.026174264675176653,-0.1697782185835999,-0.15065193988393075,-0.22378157377372795,0.06060833352391216,0.19665977335971863,0.12882260917137595,0.07965655464539048,0.1576163335991773,-0.16130811369919293,-0.2469364491852046,-0.13609683374601342,-0.3134200138731423,-0.224672987701503,0.03756370774505603,-0.09120755454506553,-0.16672460309355028,0.17910042565911946,0.23101327468149102,-0.19516641451772435,-0.04373437602063152,-0.2533483636147269,0.16512324187826644,-0.059837142634511675,-0.24474262228883545,-0.22815535647251545,0.1447202686717833,-0.018566942498106066,-0.4315230045691215,0.10218319467617923,-0.2590117501560891,-0.33745370416870074,-0.04900075401788091,0.14903085833086632,0.12914711494428874,0.062102685934580286,-0.04572749776873436,-0.3580972944266732,-0.3429959148475114,0.14265418459005716,0.05026177158701273,0.014343820891763547,-0.0658742421520326,0.08127214037071205,0.10964471740222217,-0.0800057389837829,0.3852488609539083,0.030804548310226984,0.19812012551804772,-0.23446359214707302,0.06779465608366333,0.26074950958907533,0.1615920634320801,0.2077716429198039,-0.08783437260396344,0.18715999923670604,0.20631598016150918,0.36119936889370285,0.00017733058792581286,-0.0005961946539482872,0.27316656127664163,-0.09987761951267153,0.3193033795559969,0.043587839957660204,-1.6345262399991873,-1.6175389516435852,0.1510381132004271,-1.4935449658699156,-1.2806165325852545,-1.538452793931518,-1.5542832794402335,-1.0746784068659052,0.15454617356621236,-0.7343679248611046,-1.81820309371414,-0.7000798620427718,-1.0747085403963452,-0.9266102488084038,1.67905237795074,0.41787246021496244,0.4647737117071617,-0.10017253982399978,-0.7907485611361231,0.5424238481820803,0.6422111371321525,0.8126676402707819,0.04932487478965049,0.10775611654348952,-0.1052905873775691,0.03259149820750475,-0.12659116861737582,0.358952817977548,-0.6723722044180218,-1.3814432544740674,-0.8351017936012414,0.18144930206198182,-0.659410540985203,-1.0904579122326652,-1.1634940906946907,-0.42925685967543215,0.17972912426873258,-0.848516555551858,0.2222604372546389,-0.35695775143097624,-0.7341371222632781,1.7702624688714548,-1.494322391106484,1.3652658672331257,-1.5060180718983063,-1.0314111492136337,-1.1428449273303167,2.7676522205382508,-0.8099828029726941,-1.2894850297625897,-1.0980831803870457,-0.07341226795103137,0.4755631393444733,-0.8216769599005455,-1.0402188385277251,1.7231200657512191,-0.08075268183194616,-1.3198042811651536,-0.8451500520145856,2.5439662607848734,-0.21904989520395174,-1.2235706644286626,1.1054274468804097,0.878076828876507,-0.8809621483183459,-0.80207619308901,0.17467461912726315,0.7837166049572342,-0.5402113820532037,-1.054449349483874,-0.03059081789989447,0.820262309608316,-1.0977405438987518,-0.9201668419876045,-0.5929939623481031,0.14475715813026804,0.3628584894453951,-0.6684825790747273,-0.6229608740981624,0.7324024409679589,-1.1656522873630297,-1.0635284116886405,-1.0235978918174733,1.7150348799766817,0.25277842639653325,-1.1238428804541958,-0.7627148660646698,1.587700172923976,-0.5725733685755857,-0.2990691714530658,-0.36581263835773475,0.776334646096581,-1.5706691163646112,-1.5881827042139338,0.21143367635926416,0.9304063966815822,-0.5826173183900437,-0.5634494580585091,2
-0.027539726678634722,0.3986679325251209,0.3638042877111212,0.2580354837103837,-0.024244392388693175,-0.04654476589113386,-0.06723552742663559,0.20676680508710477,0.01817963370522173,0.4363859995853739,0.3543322314770105,0.278438260865286,0.29638268712449534,0.304273685931717,-0.2065635650082087,0.13230079589576021,0.2756919395150348,0.24270771536810823,0.0776238970462088,-0.24804150096170605,-0.35211135872854343,-0.046131117918939944,0.5693916961687727,0.030131645038619422,-0.008835517456161438,0.1481331567909733,-0.008051312535151262,0.004064663154780035,0.18867493213026915,0.04956855915886517,0.013272251866688334,0.010364647749569668,0.04587369273701272,0.08346867721866469,0.004621300959105213,0.06876049368353516,0.1870029590691769,0.14148775799800736,0.06165768425408502,-0.10463996716378528,0.16981170089683392,0.003834606742166501,-0.15332581020543865,-0.067216491616565,-0.16133538088733904,0.05490662402612981,0.16719791056373595,0.27195958168027057,0.03460141619081192,0.08336422970511732,-0.17251023147228334,-0.3329263776888852,-0.23474334379444817,-0.15530883208142263,-0.14793391357055996,0.14447946036694237,-0.06658793215623839,-0.1714302731543261,0.13303357642087946,0.2723057751551353,-0.232086953953923,-0.10754074520168981,-0.26676138735531874,0.18452788291519057,0.05424486517975018,-0.16227038561987675,-0.19570832517260103,0.06417156736287401,-0.00043050179028570777,-0.4486834989870309,0.11081926146965713,-0.20153393305080283,-0.2485804221220759,-0.0754217020108662,0.06888582855782527,0.10219491194894377,0.049322775236610224,-0.027813691934848297,-0.3711100799816851,-0.5004117252767324,0.007089824419771688,-0.08986804068044435,0.004187009386669651,-0.05989963565912065,0.08289010855061409,0.006702218936934985,-0.22540400008466968,0.27176773339853855,-0.008615541101491842,0.11528348618471232,-0.25394161942658205,0.05126647299840415,0.18174476573647014,0.19152442779550266,0.13180071005763877,0.019679291006621073,0.21597636796341446,0.24189986330350857,0.18493088424688808,-0.0757721899637633,0.035852485598918946,0.3520717525239331,-0.039006310343423604,0.29304113869195225,0.13234757107765788,-1.7086166509770195,-1.126482789821435,-0.23244767462308877,0.11467362578041161,-0.45788874244853706,-0.8091810983583901,-1.4200658927258671,-0.9331180845225229,-0.285150337744466,-0.6166303451827333,0.07263312507544868,0.18388540591755576,0.48464819852644503,1.1233218959583189,1.631455385214478,2.0143667291722114,0.4541964040594651,0.9981572217340733,0.1456993059856684,0.7547884916528559,0.7045514983316452,1.2242110267283284,0.6576810088823356,0.39155959795277917,0.21207190239237925,0.48994486426537404,0.7306341419457492,0.1660475347479967,0.714071289028391,-0.6008380498049315,0.8918324845277183,0.6846601980002248,-1.2836323558228482,-0.6634938030054629,-0.5890144232378745,-1.4057141566563145,-0.159319038396119,-0.8871909392308159,-0.37225181831337817,-0.6118525459227039,-0.7278064789261756,0.3346326900589848,-1.0063688500216337,1.3247406720324078,-1.1450283426647516,-0.9798796980241494,0.12520206613593998,1.4761427595287415,-0.6074159587834655,-0.8209052126479822,-0.33276149851674675,-0.43840269032160767,0.21735250091725256,-0.7594513570992117,-1.1076687564212817,0.5287303129149223,-0.11220309003096675,-1.4072789097852287,-0.9194311765186546,0.5923703385056268,-0.8774033537727253,-1.060707419069498,0.23843447715135538,0.43276204329143514,-1.1688767169792427,-1.135530615907774,0.2587591977892251,0.6027653412874047,-0.83070079529962,-1.2055004621934964,0.20139345164771594,1.0907900936129993,-1.1350498334695809,-0.9926536295898967,-0.09549320605603767,0.03934424964467506,-0.12257450716830219,0.1653205482147385,-0.836228966123362,0.7863987448212667,-1.2713262568805277,-1.204525189667255,-1.2562755615661145,1.9444813445672386,0.2675705088442087,-1.2491664702425327,-0.7038842713063463,0.5612267682416547,-0.5905328710528258,-0.24845677169255007,0.6307797773091091,1.8199209031274788,-1.75886190864512,-1.6496582008456346,0.892888395942906,0.3706538248961205,-0.48756371700481194,-0.5649726348103743,2
0.0768196309518214,0.4277176316240115,0.4317963445062664,0.2894492225103032,-0.04871427885080105,0.04374206634533943,-0.0703073159030309,0.30609872371830865,0.01530199543057279,0.4268785429303233,0.2361500659683769,0.2911765950457215,0.290085685874514,0.3044941877232461,-0.11954389609982326,0.06803893294748374,0.36808714010746146,0.2139374000788775,0.12509171835834282,-0.25616397763665494,-0.3339770433252094,0.01708622822291468,0.37922541830125117,-0.015902599111434768,0.044328399407324845,0.13535773279396845,0.09430410535058799,0.09304467003801727,0.2673845492485477,0.053827618513247695,0.06575428276820848,0.09882248060318553,0.07427129697627367,0.13107891652693604,0.12252119604565768,0.15504840429573158,0.15911906469934922,0.035818263509699855,-0.08606372499947146,-0.18120634969475133,0.2896439268343946,0.10072624541203408,-0.11718160048700446,-0.015415005713183022,-0.19643084729148114,0.02849022258502924,0.06340884021638166,0.3411376203056205,0.004828852854289776,0.01175113725381749,-0.175983611060861,-0.3721231986042323,-0.2066087025333946,-0.1160836739111145,-0.1271019328006594,0.22202616936611433,-0.06257997909579188,-0.17353164569394436,0.12796541693183516,0.3455644930770501,-0.13283325906566465,-0.0008152907279037441,-0.09273889890915896,0.1302604332384097,-0.0066028179181770764,-0.2094875028653835,-0.16878959191529502,0.043179372534769854,0.042885005283425225,-0.4417292607972251,0.2533074797989871,-0.18421581502006842,-0.2401315692396138,-0.1458927549924739,0.11668072455017524,0.06590510219420086,0.043243202746334294,0.11874041093333026,-0.43468634088312386,-0.5870349024354837,-0.07962118430573095,-0.03932724004984128,-0.05623320412121267,-0.011184908328161412,0.1396646645699945,0.06211051528709082,-0.18461320298542458,0.2853844802296681,0.023034402472851205,-0.0049522098823164,-0.1642571282900468,0.15801451961580892,0.0797778730283996,0.2051753612272581,0.07388159129480439,0.07420854049739514,0.15718643838298274,0.3078993866981191,0.13733549564923117,-0.06519393534851034,0.01567951729768594,0.42087921972660647,-0.008617884303196485,0.2527568446798892,0.18704122262153947,-1.0752468813559135,-0.8360702349974393,-0.576548396663069,-1.0778115092532798,-0.7093375498092384,-0.39501582777312794,-1.0417390690052273,-1.188531501998078,-0.049845142430498174,-0.9994072181212066,-0.6768110975198932,0.06790693883646341,0.7224030919368934,1.4247413313113435,1.4144977616841012,2.3411802626002634,-0.21665778332746022,0.9452605101901306,0.916342328020821,0.9119478661383716,0.8050018091650978,1.3204075452008364,0.08247986115579548,0.08157356586989113,1.479150315721594,0.689597157481869,1.0418350371300407,0.5762059377556822,0.45160001161847846,-0.6447645086559627,0.2850134855334072,0.4854274184944961,-1.0932998590394403,-1.3211719772496386,-1.2977451292126694,-1.3915818164132192,-0.10630769997028254,-0.7860303725991477,-0.5516857725427363,-0.9191974612062563,-1.023375804709819,0.9301133220920487,0.0987783340625331,1.2411240055679467,-0.5883102402195994,-0.8977473514878408,-0.48428899963997807,1.7000236529237605,-0.9751704911586592,-0.7565975259760753,2.4473274840145285,-0.6171216797914587,0.6567281420392427,-0.6673033155518353,-0.051528528282866984,0.9517552242941748,-0.5837611173532942,-1.2971619271723045,-0.8515191315751194,0.266727014326166,-0.9998214675330108,-0.8122601455764537,-0.10415618720782092,0.3418562868618516,-1.0996493879737417,-1.1723821419870666,-0.41365628114958974,0.5418370501664639,-1.1142266535951635,-1.2543276628449993,-0.20181610498107788,1.057453916750417,-0.6375630164326302,-1.6753345776347404,-0.25485738881249387,0.3679008025241521,-0.0020622722473193494,-0.006000740411303745,0.065838562840135,1.7998326679189862,-0.9500005763505581,-1.0671842362812618,-0.6787287980715907,1.769921659073545,0.054255915666059515,-1.1334007743614365,0.07885429970394732,0.33582874708677657,-0.6870739133966106,-0.13550877509581774,0.6101637000974582,1.1227878417752304,-1.2655103904556735,-1.6326800193496607,0.8156104530578354,0.613059049622397,-1.1704850489818508,-0.7654977274670389,2
0.07246329228244694,0.4378705169827848,0.4703680953880036,0.22442445006853548,-0.05692002616241287,0.025425460590689022,-0.10011489516715802,0.29760656450442385,0.09260678592099504,0.4388398720377827,0.23435214075758035,0.2658948697622297,0.3153895149416438,0.28159104875248797,-0.030814494873031208,0.07947884929918125,0.37599402416218947,0.16793290416433967,0.08368648998941311,-0.17533683235345213,-0.3618906274897105,-0.04309631042952432,0.28670695876832597,-0.0037139316527672484,0.08134138990916227,0.02257505150468105,0.11564167613671285,0.08770341211819539,0.2950609845771523,-0.05402589734911652,-0.00865520204263799,0.1783615537765851,0.08727839998863215,0.1764466756991154,0.1359824142108372,0.21419307249333477,0.08087360926699826,0.053911440429872275,-0.12975494447055885,-0.20269632404250193,0.19496588351978295,0.09651300961293335,-0.13803902243312038,0.046214430263911574,-0.14474509493244156,0.016125678682080924,-0.002474094154091257,0.2792825495574405,-0.08348396966704111,-0.011055952309985274,-0.12880610760485212,-0.35713801166633935,-0.08641748876334557,-0.12134917652207612,-0.10357153102242958,0.08897984902667053,-0.08127460430278206,-0.14606597715100494,0.03289637801296662,0.3104012030834429,-0.18962207383059812,0.04426243488096619,-0.01370603202014707,0.09036442203539767,-0.03664505203250684,-0.21913058756715284,-0.12793581828846254,0.020218501708052145,0.015173024826064594,-0.45306679552106754,0.17994892739966184,-0.2939366981527184,-0.287633228676905,-0.10447008940522698,0.21024672114793455,-0.011332382663677552,0.08905091620135076,0.1229431522863148,-0.40448379582644445,-0.5202145980534779,-0.06339710874787796,-0.06400360950484964,-0.02116027288421328,-0.07511244259553132,0.1627788802466523,0.06389673141479803,-0.09614261936066663,0.279217956251951,0.03911180492976068,0.00021218013313624402,-0.1476694982187597,0.1416263937694564,0.07121635212666651,0.24629884526279,0.06410821124594615,0.11482017478221854,0.05283109028937033,0.2924050461780639,0.09969464837536612,-0.0886655085919605,0.07366876717483344,0.3506291988162147,-0.005886828153845974,0.2649729815961022,0.23514176685261132,-0.07008258822463734,0.003955052128330133,0.13231612079984928,0.21989154115047443,-0.38329697962918174,-0.4525036512925715,-0.73167068281444,-0.9177399800999936,-0.37420386086828394,-0.9743143386225144,0.6181969435670475,0.041327912474532304,0.6910631924357705,2.8758008519318916,1.0440881696461275,2.1991126123613554,-0.5329861465658812,0.4216144726336673,0.813145564690218,0.7686055226038377,1.031166972482516,1.2769919154323792,0.03658240996994805,1.552086386279654,2.3229742841087284,0.2001911443108705,2.6748298876208723,0.14061533831592668,1.2337412472986347,1.2522477779778856,1.549999928512702,1.454778540465737,-1.0366961335442808,-1.0375790819212434,-0.7311104078571542,-0.9743449544911558,0.5443970709692935,-0.46860453178970796,-0.48346745384310347,-0.7349685019733363,-1.1626967836248414,0.2248262973008962,1.140106998224579,0.5915338368751545,-0.2734315651585292,-1.0140674769142863,-0.4641444533735117,1.238007716932938,-0.47462647403311875,-0.6923016940743895,2.3303692593907703,-0.8580710634397346,1.3294844676723478,-0.9738307473790365,0.006401552553835807,0.22559278143598135,0.05721804970119526,-1.2012714930006338,-1.2093324029306496,0.9252309327270246,-0.6307415435503693,-0.852791423092656,-0.2845777519783159,0.37118285258131684,-0.811280575893086,-1.1814431975253785,-0.6897227242496096,0.6127868125752157,-0.7062614837618042,-1.48086402315906,-0.020213307245865366,0.6566868934909894,-0.36182074726915797,-1.626211943960523,0.7058224117410373,-0.08997625763675873,-0.13576461054327588,-0.3063407979158286,-0.4368488818613898,1.5253860758940483,-0.9704088281121864,-0.6123511477211107,-0.7740823866393922,1.6316036653614263,-0.053691468066995936,-0.7689372889967857,-0.3560933887554773,-0.034739186999582554,-1.0825912374980569,-0.5353232335775663,0.7024814840419404,1.305994857998527,-1.7769008140200622,-1.362152717341358,0.6134222019403927,0.2532253456561236,-1.1802080825509351,-0.9202833161402489,2
0.09088573920949616,0.44325791406017273,0.45075061310157094,0.23635083734046197,-0.01597138099108954,-0.03457861046035889,-0.056573125747225166,0.25112564594980985,0.15587371695169758,0.416182820726516,0.24905927253639595,0.20625017270238907,0.3156686457563912,0.25574743118487997,-0.08536791088428101,0.03188555429376969,0.5274325355027183,0.16035344377182092,0.07504382482231525,-0.1440518624039615,-0.39101155298022433,-0.04218117690641963,0.2911754506972503,0.019945699746849965,0.0828129849655767,0.010611649770471465,0.15212959485709493,0.1300233247141282,0.2712731175390482,-0.09671430982243515,0.005283815878986559,0.026588349090437682,0.12533831722596125,0.28437268413862377,0.12158240787776539,0.24499471758419192,0.04423721867676128,0.10042000273618093,-0.06838353366100042,-0.22014257396836012,0.12335413728434685,0.06587198151169314,-0.02462196195539836,0.020967866295801614,-0.06077993773447775,0.11980637009484807,-0.001869087698875135,0.10510590985024384,-0.0808921283925042,-0.027793354839812955,-0.06303123967798889,-0.37149611489963313,-0.09098649370708047,-0.12306040434424119,-0.09264393307973792,0.15651395496125386,-0.11281717080522739,-0.16098124738040662,-0.030337257180269625,0.2906670440953111,-0.2838822396957418,0.114150650821718,-0.06661631827196579,0.023143608065730615,-0.16703845781351598,-0.22541104966309286,-0.04981078763152276,0.041158690928164,0.039183096905657536,-0.35345424346534365,0.07291853722534423,-0.2808701850598151,-0.2794180651925452,-0.04409478270429835,0.10376832890185633,-0.08790955017609,0.006708451656897436,0.1081532782067797,-0.30135652075909736,-0.48509430824939215,-0.1293702500582522,0.028543004141500135,-0.05155982500973468,-0.034429297341304045,0.11995283956484382,-0.07568684105415668,-0.037139618201831155,0.2947991204780715,0.09860985644713141,-0.004210759706821396,-0.12405672626530902,0.21942163013027755,0.1902633169574766,0.24178614792711398,0.06263414067295645,0.04605095986439595,0.11278729008687047,0.36055279837595405,0.10947429982049195,-0.15600892225470978,0.0975643891206261,0.4326539618631843,-0.0038178949257342666,0.3179195793747082,0.2288578045681723,0.502991601912885,-0.11347080840674158,1.2448848280018434,0.5102666715028885,-0.21598531284600367,-0.4839056977462827,-0.7398998712286146,-0.9248644475094621,-0.061287533129222006,-0.6268513660134335,0.9857408114398787,-0.0909953308334022,2.2442106478244663,2.2103948075297577,1.020708322930527,2.750380976569434,-0.9604599798621348,0.7215972910263021,0.915181835102126,0.08468455838331766,0.447744976932094,0.9608001465818415,-0.18752902640660585,1.017474327921683,1.026457071203702,-0.36859193693744025,1.0698042549531979,-0.19632209355335156,0.7661091140866124,0.9018205581749115,1.1986385518571263,0.6727735425658908,-0.7981036888655999,-1.0497598335255451,-1.1813331163516216,-0.5944878071781756,0.4394929340862116,-1.0052941426719442,-0.3884389929592332,-0.636174464361878,-0.8166967549903774,1.467674008338234,-0.29720090426180157,0.9314486886636751,-0.18913548887207127,-1.5308400179788233,-0.30130693580710943,1.3780328631450678,-0.5568969500035299,-0.658872951599741,0.08138637201601304,0.013851510554027955,0.4006324528310707,-1.187316428745393,-0.19280873303954144,0.26527296354367547,-0.5408846354709697,-0.5401337844774982,-0.8962322038910063,1.7365499445705985,-1.3923692184996588,-0.18322978930846226,-0.8625593858938289,1.2737582586764127,-0.8758447802401705,-1.1354587906194336,-0.7105530602974707,1.7247094345994463,-1.0588057388452763,-1.6340254299985073,-0.019053816385246627,0.8036923322912191,0.1940905544497449,-1.8200812032698463,-0.3121871571658726,-0.31040958581080413,0.029510815378578192,-0.33882145532069835,-0.9295651402691705,1.4696809554625376,-1.1280831178006512,-0.5273713473227605,-0.7038026701379987,2.808440978251384,-0.8412390323334235,-1.334101437239906,-0.5466084594833419,0.35877374770409276,-1.1254634504308372,-0.4388220802401361,0.4529255852806746,2.9952522041783007,-1.989221084525352,-1.480629257562374,0.5575235401999983,1.445477581953894,-1.5208905636234153,-1.2177806497096249,2
0.13537431165973043,0.4948351182835945,0.483023030209862,0.15254370363521635,-0.052130384801208476,0.007529591938992844,-0.11819713829118483,0.26388540907036695,0.11410978718765806,0.3864284675213447,0.17059597236951543,0.16746969075271137,0.3049099192404696,0.19781556553362045,-0.026122862465785653,0.016658363864536754,0.5127585586958924,0.1912589578763923,0.1137350839652234,-0.125453775942661,-0.3483235392489914,-0.04730712216361518,0.22769395109463964,-0.04591978492031734,0.07372350202890578,-0.0038680260066598048,0.13559358982567493,0.15652559934481716,0.3009822564929805,-0.17078559994289233,-0.013938127919855754,0.03503553505987875,0.26841145811716965,0.26910714939179836,0.0710026455407875,0.1439288827501316,-0.03802623017966237,0.02922465598363541,-0.0907616496114849,-0.21030097133581946,0.11425287806563797,0.08192547840865745,0.028219645470765015,0.04393468503138672,-0.0826212338063474,-0.03155900059381821,-0.03666907175321986,0.0031830826806176437,-0.1768166783749913,-0.08708057605123264,-0.054060496172193384,-0.3154962462676203,-0.007282736642259636,0.028801880572661434,-0.21306976842055683,0.15313596486821357,-0.10271483109377941,-0.19380211654383014,-0.04410249710643504,0.16812022877741137,-0.23798736451895247,0.11492893562865668,-0.06869100971114407,-0.04290795696980245,-0.32633012624316665,-0.17291006476836682,-0.07523997671128159,0.002875884627497971,0.05245258762787635,-0.30563064486273256,0.13989198238909686,-0.31406787909206646,-0.20388894001334143,-0.0011226761877153348,0.19406496552843605,-0.05020279024661614,-0.04607245387016616,0.09773298744172534,-0.1644558801863224,-0.519040468766916,-0.1613782325521827,0.06866650644849079,-0.05954396093689948,-0.0029487115069137234,0.09493185821337777,0.04269746073527469,0.08744869716609073,0.33064321931619356,0.1167580916875606,0.0098838469665967,-0.17358066903576555,0.25936096934402475,0.11138517742143118,0.1638447245362075,0.043479288090734536,0.10479152323923348,0.005031683255629723,0.2512364770367425,0.12599045831539715,-0.23209293567449465,-0.014989778127847974,0.37906907892949215,0.002955660236525019,0.26228134819132226,0.23417830694509909,0.3158461448550789,0.7293081499391678,0.8307753439106553,1.1789715389238986,-0.1345844458161764,-0.3920026868290322,-0.6856002580831662,-0.3169563114830095,-0.205063455868676,-0.9293038470794887,0.6482584816987716,0.28546818660593826,1.3776326010536573,3.249454374685732,0.04989962765100944,1.6449924774220777,-0.6833676021636453,0.36394927767741464,1.5533079414246378,0.1050833326372479,0.4856367679636722,0.5802317963302915,-0.46651448690323205,1.183674079499124,1.8721868077342818,-0.14495950964530416,2.000832846542361,-0.274660811064772,1.178845674509176,1.438346024583311,0.7350078120675309,0.22252709119816524,-0.8196271542115107,-0.6775408328346796,-0.6458214255978518,-0.291968352851928,0.8957789567338448,-0.27807096048981195,-0.6663467248796406,-1.7462627419983605,-1.601938948440423,-0.8032149890035843,0.462715474503957,1.3856050002922642,0.5417607365232242,-1.747887227061223,-0.010313488561562435,1.9020205038852651,0.4413728692570844,-0.45224783442886074,0.9535637977211558,-0.4085499539929986,0.8637524839328943,-1.2730866150550952,1.2153694290918204,0.6799099560385585,-0.3677369902611894,-0.3830480312092751,-0.8109837857074998,1.7869429127805863,-0.8722017354926586,0.17482548305074277,-0.11457896558714972,0.5808096466613023,-0.5483737037054025,-1.4201020612015602,-0.7840137438317272,1.0088483927496288,-0.4073148255435309,-1.637221485529599,-0.7281146036559208,0.2630563387767642,1.2480292529557715,-1.9798902719304274,0.5552731767186807,-0.6730950084866567,1.1784521199947824,-0.30449730305789724,0.19422255281476228,1.2948448064650981,-0.9891926098884112,-0.6840928171109067,1.218621483088621,1.504563878337291,-0.08011158350992052,-0.512525711269507,0.17630695755753295,-0.5927124134852321,-0.814889718903425,-0.219006828352579,2.120257411602998,1.1109996364237855,-1.0723003428217754,-1.5182179566409342,0.5700644231224599,0.16120360432269787,-0.31688555185959033,-1.018658477839335,2
0.08719222751049019,0.45348074651323916,0.49717573484985506,0.14129445537840307,0.03494229073565506,-0.06679108469267846,-0.10774562220308417,0.2569662466914847,0.0682620436914686,0.26431468717239165,0.15643419556870308,0.10218339611043416,0.27673782809171626,0.23009176550953325,-0.06351291081515223,0.06487288184276063,0.4600677469355476,0.1024253411325326,0.14096140567560345,0.0016005537065749045,-0.28295046500972487,-0.19087423789298402,0.1220063314419786,-0.024102838759861515,0.016217923186663562,-0.006876614122381162,0.10163999932147183,0.18073080581097076,0.2695213964060118,-0.09638371009440758,-0.06625804366193269,-0.01314037845034895,0.27707946147011947,0.2846756663550226,0.020863871319072108,0.08973800702808266,-0.04936107898614704,0.021925660905504428,-0.11215448051501319,-0.19599983306099475,0.14117527358913212,-0.006584735490179194,0.0894527213145485,0.01596711353939632,-0.08071028035729653,-0.12867697248150564,-0.0943527771158945,-0.07247607953852497,-0.1267568894093262,0.01601675465588127,-0.0182143694780226,-0.1563016900034765,-0.00859638196236892,-0.03140946099067411,-0.2782090391754084,0.18213822839927432,-0.03787257774698074,-0.19680379642684243,-0.07898383102907094,0.19339607721424948,-0.0923036503395331,0.027581593676769774,-0.057011668618111355,0.038175652992353405,-0.1963450857156464,-0.07180435847989661,0.03989676029064294,0.02823013149771826,0.0023493176825802407,-0.3303536499453628,0.16013690499478286,-0.1556750507155577,-0.25555175214266873,-0.028402527680146665,0.1606509445725862,-0.0488297147919358,-0.06252045393529397,0.1545694991903157,-0.1156632077909538,-0.5456634052338114,-0.08905856075905628,0.12140964310718773,-0.05418095389330464,-0.07942119208295197,-0.03013745278123105,0.02716874496919943,0.18089183842903309,0.2847754878936674,0.12590936354123838,-0.02945266172989218,-0.09526411897910211,0.24662318636062208,0.185157413335828,0.20116647808359636,0.0697292385446263,0.1311284815322322,-0.027721108582581585,0.2277215886597077,0.12145440686722803,-0.289851636687072,-0.01795237033319984,0.4969312615430693,-0.02014926165136902,0.2574803284340247,0.2648195207695586,0.952044524288618,0.8663866370701393,1.5248943416178806,1.1469471307740646,-0.5270607668176851,-0.7069408131752473,-1.0842975448813639,-0.5467675973473218,-0.6333020740756391,-0.6642691733750286,0.9832119647503732,-0.23670951779027188,2.208655622317717,1.7217700513814105,-0.25066427257915636,0.8979183203770389,-0.4734607345232325,0.693864946473019,1.5471634033764028,0.49524361221802987,0.8446542016052903,0.1806800795571893,-0.5225196086537518,1.7852849870760292,2.231239940725149,-0.24755056911299128,1.5816597734757043,0.09526175786727863,1.3660102205321385,1.5529540806674833,0.17499630731718332,-0.3099261477643104,-0.3043359255057981,-0.8453878851695854,-1.327903323319055,0.7426011018823326,1.2064513235902146,-0.26573666931274287,-0.0794353449909777,-0.9883176384492599,-1.3326768400347584,-0.4094108879908183,2.4282137231072114,0.07457682044963693,0.6274776430191311,-1.979820520894219,0.8640882421518568,0.7809095851251948,0.5952692265505026,-0.6543175881949987,0.8369940034364761,-0.5402106410552753,-0.15801669559172357,-1.0529173306487591,2.1790532417169923,-0.08806010639758365,-1.2322136042773502,-0.5634267771504131,-0.5849714683100264,1.4309972572780394,-0.9278836991915974,0.061644869539364266,-0.8410312121288154,0.578911616517374,-0.633210831165411,-1.6451569557699597,-0.7959074715599288,0.8154847020140022,-0.8824414421333848,-1.5810412384304067,-0.3083933507359557,0.5988146144651885,0.954272020357896,-1.789102369200215,0.4799119680912371,-0.7851988129139398,0.44511917769145215,-0.02339803805104379,0.360446071964332,1.9321952310176957,-1.1431379809444362,-0.7053452865872833,0.22777018287161813,1.1824995441702055,-0.5496758524834927,-0.32462523124848186,-0.6865771153287443,-0.07894318611086609,-0.8858856388863879,-0.5017128148187394,1.1338608537912078,1.366850355388547,-1.8156354878955452,-1.8042332962430025,0.4477205859901541,1.3631767413408922,-0.8055965810891983,-1.182071744738641,2
-0.05706188867888689,0.39536773471111153,0.6347511170724218,0.18359417709399886,0.030703287340541754,-0.10564356408340256,-0.13709878545794915,0.30903461609513694,0.04888317504572018,0.1660770066183814,0.203790825967368,0.15337340987044393,0.3096587362558248,0.2430098915427324,-0.07632565617141361,0.11654481803195785,0.4045602048129561,0.17259577939501458,0.15585511023499554,-0.0074162639883323875,-0.30369573413688655,-0.1972159467081136,0.00779190308162175,0.06158114402157265,0.04411298523042213,0.021235168393610827,0.11248339756904187,0.10042232680832577,0.36048891443129755,0.027200682856866217,-0.13476427548760192,0.0008754619936604083,0.2883998521800669,0.13199273185932803,0.07260561322238862,0.1764859462386015,-0.1423442700535398,0.11900520861723846,-0.08398087088109824,-0.18448910965517443,0.10592723469791539,-0.025496465023978,0.11708540575145669,-0.012432210930974047,-0.06291959301618566,-0.19043927365921368,-0.07543821627440328,-0.0625488308338475,-0.03924239436619808,0.02021997887830199,-0.010936533004153192,-0.15902761545804256,-0.04768478491117845,-0.01819233120874949,-0.18802801892225962,0.17623401662450422,0.012942684555550941,-0.05953046545853193,-0.04186185511806814,0.17940237364525935,-0.04954144601683162,0.11459865467185068,0.04677850785582981,0.07911310045351226,-0.11428940966159083,-0.02201834091949175,0.01798089112977134,-0.02149019918713263,-0.0020170655464234032,-0.31999055163755885,0.22046851680207794,-0.06518506401557046,-0.1924383201459145,-0.04999299254076376,0.28417815184645445,-0.08255526696877304,-0.13146143661712062,0.15694775658129473,-0.05097971111686963,-0.5285296826813427,-0.06248412812621905,0.11569165085535829,-0.12139120011407098,0.0063242835976394865,-0.0007109193412557508,0.1900206680866297,0.17121965366199132,0.21491858346325932,0.19884236825881918,-0.05959581939429727,-0.15141592190728934,0.26860724024393245,0.24999995306607245,0.12904974457416526,0.07895202592301377,0.14654971394182004,0.03486056874543337,0.2474503836714276,0.1266344673503883,-0.3696728575404523,0.2572172522569769,0.4524671908693371,-0.03553790067458024,0.3318202576044199,0.12898221211470787,2.0003882864879787,1.4913916839110302,1.6537347890963514,2.3999653111548027,-0.9049174364356075,-1.2373594409697368,-1.1569008699604113,0.14642952920910027,0.7126280428224953,-0.028309676410172797,0.595888999800451,-0.6322711966234859,0.9513862973135968,0.5379269613101214,0.12581692163086292,-0.7129948308815143,0.2590858637006284,-0.24224638497963408,0.6291212484007622,0.5503692807422704,1.1338073295548687,0.19695780154105966,-0.6156284263651074,2.8306508439247033,2.3008511658649726,-0.7145413217454034,1.9845144319389245,0.5952615244876046,-0.39645911901234343,1.0800420251252145,-0.6488305164183643,-0.8205782111568009,0.20843687969197772,-0.6497714038254323,-1.757306121050692,0.8545203734502662,1.5417551718495708,-0.12717629621881357,-0.6600688887100827,-1.0741772963023362,-2.384256270542919,-0.49026604601482654,1.224062034126429,-0.4915767617289231,0.7244137649217971,-2.071640811317246,1.0994592122529983,0.31070891912493814,0.3039558669838584,-0.6125254514092945,0.6950550113438437,-0.40519414037847,0.24529343039542623,-0.9597839244031272,3.1243991727667417,-0.057851024917195536,-1.373678506144368,-0.7466931552559402,-0.991391172507796,1.0611102327973057,-0.7448066283287719,-0.09239852548187613,-0.9110528497464335,0.6469259562010469,0.44383008018954473,-1.4478772239216922,-0.5613970443686871,0.575102176420193,0.29613710638122764,-1.363599768465981,0.8508808020131501,0.22041840110693853,1.0118906022354361,-1.7308792249577556,-0.07045691509332967,-0.019766031274129084,1.2827229182137516,0.5198119014700403,0.2635145447857741,1.7535613557671277,-1.191830865259443,-0.6903693215486283,0.8960715352781478,1.3688552308271076,-0.768087819691829,-0.18171280382120886,-0.8499562595490353,-0.6609043278586645,-1.017478025550499,-0.8520041124761015,3.0135278541776276,1.211110122297557,-0.3509589745244673,-1.8420064325386505,0.6610439569693954,0.5872555828166464,0.20042554404714485,-1.0350478660807647,2
0.5723989303083012,0.3445984385579982,0.09792158778124423,0.28695127741764165,0.30627135366901637,0.4223849540077703,0.535254428068897,0.6864085050235037,0.6142129721514134,0.346445401233054,0.14936309518532506,0.09205134151254184,-0.02412663920231052,0.30745420253416944,0.2725565025284908,0.30263544649303786,0.10696390769006252,0.4837471167125663,0.24946603613892143,0.5254705930189688,0.7462871328045282,0.45280988809546224,0.5065792464284651,0.1597345071458227,0.04717390623429008,0.3750677912283436,-0.0953721439112659,0.0450846427465947,0.01739695850411129,0.36104301527469285,0.3810623670149968,0.3150528004060631,0.45744641947454934,0.5592037146572784,0.24675488074146953,-0.029614545166277675,0.2284157933206096,0.040716436979420685,-0.3700693661060667,0.2911486816157423,0.14632782264863015,0.3628274054065285,0.36332732389397915,0.5398723961361002,0.42127341425705217,0.08307667424844813,0.058381556404487486,0.21382855930588046,0.1817315174586777,-0.12978846890672197,0.107653011737962,0.40347529490029455,0.16892443324806877,0.8397862992965073,0.37749282008507723,0.3047594743793659,-0.10072943095713051,0.35608573566605517,0.2627156906198675,0.245142890613003,0.1539337771036772,0.23032562135742035,0.5983141352953513,0.2518327940459149,0.6180600263860784,0.29465540670445656,0.34386041376604753,0.2405346074377228,0.22936229360361027,0.0797308386278838,0.3578360293948773,0.17156447150592202,0.5401642845517693,0.2815317193584979,0.5423866476328084,0.04474351835639624,0.2377334953710663,0.2731657253132824,0.5968280111617896,1.092209333813015,0.1994030649750075,0.06226213156482822,0.31748388533981453,0.35293992500414517,0.17825142929134,0.6747784868893272,0.0027902456375228056,0.41103155459876267,-0.12008861945607101,0.17645747432404768,0.33133634109439025,-0.08828647214958231,-0.11400070836202249,0.05670707807761622,0.15882139209269602,0.08946598334808602,0.2188514368872288,-0.020928825539973165,0.1635317792143078,-0.16062081324001312,0.002937467272436508,0.22485269035175065,-0.2149934871630852,-0.06900159773886701,0.12480001618474823,-0.1526245440824405,-0.12262600760213936,1.6809574017633482,1.222079119384992,-0.39204093657812383,-0.1991799740707368,-1.023513727290473,-0.5811232348736258,-0.7301277997250062,0.7338887554235597,0.22723389206021752,1.0364039910170342,-0.23822134387156407,0.049019653384882296,-1.2146656340345363,-1.6740847377829458,-1.2755961259620359,-0.9040582545035802,-0.9575980382028592,-1.1532248344366485,-1.0729169298690622,-1.0801255785274522,-0.6463738945481663,-0.20222714943037523,-1.1225714709586296,-1.2043847975190316,-1.6894003067804382,-1.0333299809167078,0.9197373920541797,0.21924726179866513,-1.2606795653263663,-0.7993410892673198,-0.8335820685857355,0.2680745356241271,-1.2258733530274835,-0.4138980184008485,0.8511506182958699,0.07613506634193534,0.07684166283391423,-0.59197793614631,-0.05659835230290829,0.6010204635378524,0.5722191559471022,-0.8109053708971543,0.6833330588946825,0.5592853740174254,1.490712364353952,-0.7299616815156014,1.0071504492157712,0.3744566856135497,0.015435103801239058,-1.881809885449884,-1.3657363188842824,-0.2750772758002904,1.1971715715826057,-1.2004191211347905,0.7638453365850214,2.0254582604093483,2.184311425557313,-0.25179468217553685,-0.8464914699198709,0.1455597610916323,0.8228262895127303,-1.0615303661013817,-0.013570748600501474,0.5145510894604387,0.42708190748100416,-1.0655592775797442,0.22673059598244236,-0.3290344736234453,0.8915957421084262,-0.7808650249289893,-1.098125098337906,1.4091413407914786,1.5633481470308002,-0.47850183936340734,0.468924220313003,1.7740690398005126,1.992779823032809,-0.4939089995056127,0.026477814172172355,0.48326591047680895,2.0333901604018143,-0.7762194808416295,1.4910260567011644,0.8392476594922307,1.9815902411437014,-1.096012151720541,-0.5959192072736823,1.1786145386279856,1.2685712386271855,-0.9710603442375478,0.09262116712615957,-0.040053582437668635,2.536266432128516,-0.69401714889621,0.6871988634527421,1.2365650108746644,3
0.26713732824628517,-0.04709809903400219,-0.17107093261167775,-0.045447866686729066,0.04192890822071139,0.04760285939530256,0.21015363611712531,0.12578650450776888,0.059684462506316045,0.03297847582658931,-0.13002342561663144,-0.18564907635451955,-0.2195599851019049,0.09304932670009215,0.06340854813643165,-0.07037952229496007,-0.2790188936030144,0.1691318905635906,-0.03143553621652392,0.16486053033637424,0.37482253801886045,-0.04704576108931848,0.04768645062837229,-0.07856509995758729,-0.13740989280102117,0.2784467780997614,-0.30750962459417946,-0.011419791254793133,-0.1289852843657204,0.1962588625121376,0.15030717800089546,0.06553387086796285,0.2632616511933728,0.16951596498404414,0.08822145786070681,-0.17312438611921024,0.05188599616435467,-0.14095032329274024,-0.5237900819646115,0.15630897369504268,0.010948233325537028,0.07970372577104157,0.101319678742888,0.07003231230615371,-0.0953369503661816,-0.09516618033786864,-0.17258728479387211,-0.011414514130112179,0.020746440782214742,-0.29317098510605266,0.06790822152480765,0.1456611751416666,-0.16397693243525438,0.37861400475981377,-0.038704447584995624,0.03936824453185536,-0.1300242466339285,0.2057587729780039,0.15931691761980363,0.10160825798828353,-0.10605177330553113,-0.12345302428771188,0.08925937445951446,-0.05144941014179419,0.3071478963983847,0.02319891961958837,0.08799222254187138,0.08805104108058265,0.02906570942895073,-0.061674314308891455,-0.10460833544039301,-0.19996540655845008,0.26532194950855065,0.01804897626762989,0.38391092529608,-0.11309900843394508,0.06644444306827312,-0.029725727545655865,0.01823423509871413,0.539525385319804,-0.1502122266728214,-0.21396278743056799,0.22519068556278632,0.09846260550595871,-0.0873079490463853,0.19320972224652253,-0.20885142500838683,0.14645279942254,-0.36985964525268994,-0.04336582331046369,0.19321115640925077,-0.20743790343996835,-0.3937564232807056,-0.10123381387022488,-0.0863131192569578,0.012889758986850996,-0.03953494156186047,-0.21862616167082938,-0.09182241504927229,-0.17968827979793506,-0.12753275257482666,-0.0008914473908737092,-0.19505160968190347,-0.2016840641541398,0.044992720487689826,1.437999303107308,0.34540263156878726,2.118967320213806,0.9201193370997838,-1.0443824673117386,-0.977092219403703,-1.270633164896203,-0.935063210752687,-1.3826321172438827,0.6303802941702235,-1.0620224040389716,0.48328470880587066,-0.289805602675206,-0.17946674161698098,-1.134462507335173,-1.42268115075094,-1.4835075612377113,-1.053414969715929,-1.1336763206779155,-1.3715122559038895,-1.2647856747284048,-1.1701343592342885,-0.7731496348749867,-0.4352723909635564,-1.307543654504713,-1.3862605559957817,-1.7965075848063037,-1.0323324191306904,0.668095492597323,1.0717140536578844,-0.11808702932360797,0.2947958254605042,-0.21489890489487531,0.23672649492747777,-0.5849359314225728,-0.6484379319998714,0.007958757533516525,0.21439347385026591,0.6637913698705252,0.026608207356998655,-1.2275665500685757,0.6149926627473665,-0.09956441829748557,-1.361098764815242,0.8960519070708146,0.9933586141264129,0.3302148162046533,-1.3298513972235448,0.6001416207018517,-0.22050326784742577,0.08051158733524556,-1.524095113869511,-1.4518828001355177,0.1545234068293211,-0.6807631694245463,-0.47136945687787835,0.27016306037425186,2.007581605940788,1.466529685930341,-0.9501736628780934,-0.5202760427065518,-0.06253235268075764,0.1380436343285294,-1.4966849652711365,0.06807563651177814,-0.4612521030842114,0.9370655572998687,-1.584866387234058,-0.41501191044020874,-0.6439844343627956,1.5418757426257892,-1.0127301863948297,0.06213089019308668,1.2718565482928634,0.43596931697785674,-0.5586799265155998,0.2878362267270704,1.598219091384624,1.6532908545599134,-0.9902185561409027,0.2114047362119002,0.1250482824924317,2.5104297240496147,-1.5068388112320659,0.667872612229429,0.32004012116696284,2.565417375274351,-1.655261943303032,-0.9170340779105622,0.38430649190027594,1.721813921511642,-1.8049744390191067,0.029552850541824202,-0.2991533311358111,2.165183545893025,-1.170843682776036,-0.1791253376743716,0.7185940232363951,3
0.2530119025625319,0.0054099146940074765,-0.13396161798295525,0.10156918397001911,-0.13017116678337018,-0.12010785727566611,0.05171519482484385,-0.13965352391457425,-0.09785852181421162,0.05438608207593657,0.02500127564061216,-0.07454182735598691,-0.10386903116071548,0.26100857809670214,0.18711846640377863,0.05849784462934631,-0.12066829071360319,0.1602775002502159,-0.1675296157962473,-0.044058487773916244,0.018532482608234768,-0.17691486030964765,0.06710344611026338,0.08843325520114913,0.03301813939202279,0.4589975480577095,-0.059715985279789136,0.09044811974704323,0.019000851890158356,0.15433964477781184,0.018230011576645173,-0.059057390505282525,-0.0383010604700414,0.011951378461810613,0.09387825195856954,0.09039253051044259,0.2364521003163514,-0.00391675422116069,-0.2894254320321559,0.24351042372891635,0.10967013435415984,0.08196306543051832,-0.05123158559696125,-0.003482716494306855,-0.11775642224366857,0.057836988344328044,-0.11857759597185147,0.27640040805515137,0.21722681563746143,-0.1315396709242564,-0.11529775248359082,0.0012525001238096708,-0.19864023772503972,0.15384232264563052,-0.19439075324509691,0.0004211974320580617,0.013439242680378221,0.12554280890938452,0.14069819390366128,0.12658216191481708,-0.19011045442716698,-0.015901030474356797,-0.04623865453546303,-0.05996612885109445,0.09663458705411312,0.1449763513886861,0.022299599530764113,0.014691004065048833,0.04695383013829225,-0.18036880088915075,-0.22501691140543367,-0.09266493192092397,0.05961415728752405,-0.1444975716198998,0.3997334913967824,-0.14182188622139075,-0.08495276786875657,-0.21145379284890697,-0.08683652256212247,0.20941736271832034,-0.12669849183071377,-0.2327539410943698,0.12628245238891672,0.01817252308836284,-0.14728759669219263,-0.055270093692658305,-0.193668065656488,0.1557697667617172,-0.48015108987465865,-0.03974007327915873,0.18016827583918232,0.1313965625405288,-0.23603999461947056,-0.03800826415994125,0.10682040184492397,-0.02748644225644659,0.12917325367940166,-0.017088877509790223,-0.04534845194983918,-0.06884935661656041,0.0638602069854718,0.14621467635126603,-0.162256572305338,0.04549131129252204,0.15555135361729336,0.9846013075852724,0.47803998224512534,2.1888647664827054,-0.08746535454968313,-1.2750266613128687,-1.0441393199370825,-1.2426654400976884,-0.8735318792405544,-0.9948227658540153,0.8171664174178308,-1.2158052170984452,0.7764280283702334,0.0291361274161467,-0.11317013112535199,-1.051950536729588,-1.1442383615736331,-1.0954982319249824,-0.44714814590850965,-1.2183684162539175,-1.223660203162225,-1.2470898881721546,-1.0710699298648534,-0.40730308193472853,0.07425162121466959,-1.133053992242803,-1.207401244579354,-1.9095052747870631,-1.0033857950712328,0.9893721429858758,1.0143212531057952,-1.1796700145481624,0.6467417591098114,0.28584050796762606,-0.688592610012209,-0.9016321574429204,1.4258518118322103,0.7672458197164361,-0.4021440187905072,0.18469776287682876,-0.5369208863954255,-0.9874677989738538,0.13109362380011028,0.8987476273705116,0.7620680862180985,0.4503852316980502,0.5209757542769101,-0.45886603962944905,1.3214878387947449,0.6559490493461175,-0.31813296447608885,1.2820271659333748,0.18162726983233177,-1.5813659982653523,0.5720116634791105,-0.4436384233492606,1.3213472727503681,-0.11144021036362779,1.5778571015059923,-1.1891399798275775,-0.8418169125742445,-0.3420412394531978,-0.4692598891498078,-1.519052635192931,-0.24311193236853823,0.2256642254368516,-0.6124882100802499,-0.6026545473936328,-0.2657712973953602,-0.1279938074867682,-0.6526461729446853,-0.7466814264066042,0.1848533996288381,-0.62875477022973,1.0408788464539767,0.6417514879897356,0.8907939479512271,-0.3681802758331553,0.9322984608113225,0.918177014000028,-0.6910265599959926,-0.11448909875542748,0.5172384009794991,-1.096777285968211,-0.6461859607363747,1.4946259603813699,0.9234123426242012,-0.2544348080169581,-0.7112159122825733,-0.5081599511326622,-0.5461963813507411,-0.5414502155393626,-0.465373718958188,0.55626041345217,-0.8345427483902704,-1.04464077464708,0.6108090522053695,0.36450819870245477,0.2885147847036353,3
0.29354292997081766,0.12022758533355979,-0.09425385130358367,0.11514402908071629,-0.12356138042620943,-0.040763876230639984,0.02207982839580562,-0.13468963245429907,-0.03971385853707064,0.13330428093267996,0.04077896626648495,-0.011517845902185643,-0.065577036400425,0.24977484958741117,0.15207520242343545,0.13896397885933431,-0.003011563919772457,0.23032981163997193,-0.1011858199456881,-0.021025862822754583,0.030122985100710042,-0.20204243036830208,0.11344919348849612,0.09932999631725065,0.05560135899514683,0.4695829109291525,0.13856994746509552,0.10163592790639678,0.10689671483499628,-0.019827582213689084,0.09924483377516241,-0.04935954771543415,-0.026489476139860576,-0.06310918683478624,0.10930667916455211,0.1413387288412346,0.2821008777190722,0.07078471683853454,-0.027616308624603708,0.22904446843664553,0.1037001903498376,0.02960151122083341,-0.09379091252085633,0.08227311261111349,-0.16321492926993303,0.08897575309911078,0.08852931802769241,0.20247628019886715,0.3103980541114608,0.06591270581676498,-0.17679968873001012,-0.05501864135768948,-0.3112108044098381,0.09251143828283331,-0.03737405773805825,0.04012509909436898,0.028275656076040347,0.11516009500934879,0.14327976933772177,0.11745456951041108,-0.01477880551382455,0.12344122531686672,-0.05136968320781897,-0.060826395883961534,0.025975369451890412,0.249793615279832,0.1926733487508931,0.13799373851609797,0.1362543015703835,-0.26906744037218716,-0.199889854175122,-0.039666692137350086,0.05406562891860261,-0.1553514982471218,0.2692674576885012,-0.0900495368856092,-0.01304556076177418,-0.2668806066417665,0.15308173925689378,0.29648803566360166,-0.1472392187975833,-0.2974282140484921,0.23001187032386705,-0.11602124456719441,-0.17491222783055746,-0.03119802142383598,-0.17045878716892437,0.15163745013807933,-0.49896880649588027,0.07687956614812393,0.07180384858098714,0.32093494831351493,-0.2016991723995434,0.12826336454414047,0.12211322374459431,-0.08761072070345059,0.10056855995845862,-0.012950251091268426,0.02763652604314441,0.04112923664702747,0.031210511123960293,0.09291537269675418,-0.10554332712434805,0.11102008787090623,0.17528600049659626,0.14900369004851222,0.9949923277044482,0.8648186556891088,-0.9431488404662869,-0.9241407827171941,-0.9408666325053845,-1.3388611886631523,-0.6634238434178166,-0.543499850785751,0.43228439264345225,-1.028718764574191,0.7255897214759854,0.010106224381657168,-0.3193743634921999,-0.10242690766649606,0.05059181799993296,-0.5617861440790132,-0.1553126748774281,-1.4117500891482309,-0.7558736912842181,-0.5361721539398678,-0.31163744490004747,0.1506217956669485,-0.8354960295821809,-1.2517172635780542,-1.2696668605530366,-0.7814984387291456,-0.3033903880810779,1.1252568675276766,0.002964522463514255,-0.9966386907842576,1.0824733728106537,0.5444631463533101,-0.5970464809732272,-0.816476348398522,0.6175820568363748,0.3312959322046794,-0.11604018860805326,-0.6408365671666189,-0.6321524172041878,-0.7599723970644383,-0.04244715718583916,1.451679130644059,0.165021093014001,0.8776981779788398,0.632621179895842,-0.5337480935835075,0.9501167703512609,0.703268646582293,-0.649887788372377,0.16853392655733332,-0.05956311731822451,-0.8705270188861982,0.15938532640862954,-0.7683634211525487,1.1351255944071716,-0.006154001921895778,1.0520312484285437,-1.4561914491907828,-0.9526822953118332,-1.1639272312773523,-0.5534072662185068,-0.3050680988775818,-0.7052178229656915,-0.22426246162202063,-1.3185580747409331,-0.6599720084787369,-0.657308960802128,-0.4932242784544337,-0.8007707885822363,-1.0682319665161704,-0.13369205446627652,-0.04465532130215209,-0.284846281113848,-0.8461560866371337,0.48650599289815016,0.3827725637058851,-0.30503754688828755,0.9498015964723485,-1.0954006000086454,-0.031242447289147757,-0.17282994229908946,-0.5114143820951796,-0.7221926955682263,0.30488330071841624,-1.4435217833940737,-0.3442070365761955,-1.0115424285150885,-0.8902843990427285,-0.5352444141959618,1.1438389829500388,-1.2318845160975505,0.44059867602931796,-1.675287917660971,-1.1070914396916247,0.2287068494169703,0.18382239037039788,-0.3282147938151524,3
0.27720973008563365,0.16935637596493766,-0.002283707126521229,0.04171939108633104,-0.15065227825748415,-0.030635776781570104,-0.07503886661387012,-0.1294700690842846,0.02140278932041408,0.16446129436354698,0.13183733741328774,0.050045422558597306,0.028278272203261182,0.3794038135295557,0.11022935664688481,0.14616584232524774,0.007965605653427067,0.21065055091993726,-0.10552236514950228,0.029860991468289674,-0.02311082389786679,-0.11815148653623118,0.19700926770519656,0.18097258661871812,0.16791089644366322,0.488411923904335,0.21975946989710898,0.025974382168016744,0.09173499744837016,-0.04273826740427303,0.20380745976108194,-0.09979493783363136,-0.08357000051190543,-0.04695998136431902,0.1778800675350253,0.30972005542186987,0.34002623291525846,0.23337030500815178,0.06583546997841024,0.2285072096398938,0.023042476846108034,0.030731137949421027,-0.12495085857871052,0.09755671511207414,-0.20111170662362235,0.20853421365107944,0.14947849327992563,0.29586547060705326,0.3188984639908962,0.14715239453612586,-0.15917964356738123,0.06784891183216879,-0.2364737190838773,0.16821485876424896,-0.07362413209104088,0.02852923302459212,-0.044341862405946376,-0.04416769084049671,0.11717569171843094,0.04062084180849885,-0.0757645325802811,0.11118241736764643,-0.019128357582852883,0.03935347979259047,0.010438361975338172,0.18406289777260174,0.09096905074117137,-0.025237040916582826,0.08032572882353961,-0.24333615218281324,-0.13596406007095835,-0.036661479208315376,-0.005143621348287496,-0.12471682798166604,0.1798454890336096,-0.04828312557238101,0.014412556358962506,-0.13212419593286717,0.044650991455913475,0.14829854036760004,-0.18044577171450735,-0.31466542359516586,0.15262037543876478,-0.1788105396455764,0.0041703634223866975,0.10192388771014861,-0.15691911449289897,0.07016807203775362,-0.344065927171724,0.10523958304391277,0.04847632730996293,0.38854948071159057,-0.10124846227694488,0.08683738320684582,0.16858105230315434,-0.138444884911711,0.1376103668302098,0.09256843959731319,0.05144740503069649,0.07802996989970398,0.07626712481822376,0.20196831955921152,-0.013905517997479199,0.13642197305124407,0.10974627602998625,-0.165884453537841,-0.18780172309610624,-0.34202295452146964,-1.2801204569579636,-0.775614162349084,0.6690533845544221,-1.0448973222136635,-1.0725432412951785,-0.8135492507216168,0.6113605559373346,-0.22976144032128115,0.2502757167070944,0.16903387989647775,-0.14109190615101208,0.8849895631998366,0.9022558062658796,0.4169671556542316,0.9004773661206321,-1.3338595093994388,-0.5263766536378028,-0.2416986633423956,0.18500061641552745,0.9475206037913028,-0.8056585020131607,-0.7303834035711847,-0.7122593087697335,-0.4093796942149324,0.8276617854617669,-0.30779063375764076,0.5086257767036697,-1.5345092930505333,0.6845702617864403,0.5880880041863881,-0.3542795276881785,-0.6026256023554961,1.874662007614576,1.2222559589103512,0.09281881581788665,0.19044434682376724,-0.747936077088535,-0.09596216558242594,0.029934234101024075,-0.5526894560366545,0.9138766304937637,1.934319432212951,1.0956568501498436,-0.040880809062707996,-0.005599659294012456,0.2175797780845771,-0.7739001327452288,0.6541512246165376,1.1205989991986791,-0.20088412638809602,-0.265554375276272,1.2125356847592568,0.22987360418716732,-0.2514799008057215,0.941981521315595,-1.3544301336356612,0.672142984148327,-0.11070483720758555,-0.2939471887402988,-1.4976444660087627,0.8435888699909968,1.1355647447022037,-1.031021241524645,-1.2691988822447526,0.5388752783237442,0.8229339668311876,-0.4984952917993467,0.29938393179807254,0.33153429334918016,-0.014236130649978336,0.40798624948114537,1.1095983519242487,0.6394992393786559,0.43560774785721773,-0.0863299173961349,0.4955573217529557,-0.6882361746825532,-0.444473752817463,-0.6316680506388911,-1.1315826590254585,0.36956157351226027,0.7128810463545174,-1.1393416104615401,-0.6571588757660486,1.3123559151239268,0.32991478844570965,0.6113592490344362,-0.4446226385170652,1.0599809407185161,1.0582117273477574,-1.5620750411622495,-1.1697073587078197,1.989823571406027,0.5473352438742599,-0.787830849269964,3
0.21601177749422829,0.08661417383299012,0.06545743457412379,0.08078556341015775,-0.08246017634673651,-0.015910131998349075,-0.027013097187500355,-0.1504467213293835,0.03764229770878135,0.17938187266846117,0.2424015608591706,0.05722660512171334,0.09778544556398318,0.42309756209304933,0.07455363610568327,0.2113010646061091,0.17475568001974803,0.11992921403234051,-0.11489402165312493,-0.06818373594437759,-0.007163478417892575,-0.02093272088060974,0.16509196468380466,0.10227507712255236,0.24135383577923272,0.529118004804302,0.31964000953663896,0.02353476937193426,0.11282267549650746,-0.048186557886002526,0.17167404948694293,-0.0821158626742956,-0.04785899490645292,-0.011857568275136777,0.24801158283708605,0.38352746835743395,0.2848105057322089,0.2964552686042263,0.1135638983009792,0.2299951533919724,-0.03263076581334759,-0.1725745050770049,-0.09795561894148716,0.06633834698972567,-0.12150529787242904,0.22061057399412684,0.13918650836456808,0.3451890306533574,0.3203968197163377,0.21520781468037742,0.005208618000526397,0.09726837035879583,-0.14572132299870547,0.10024434451286045,-0.0751755976714775,0.013558726815645489,0.12779088602975533,-0.0029261417585222374,0.22240470846437346,0.020913769492791577,0.002690095465870726,0.12602295809045166,-0.009771886258437973,-0.04631883233403402,0.03431898883351041,0.14890057469145332,0.09454665603049091,-0.01975549586822364,0.05385140214759258,-0.17259854723360957,0.0014202586589708828,-0.01261911837406016,0.03790364530635262,-0.02439370581797391,0.15260209289635715,0.002061357293071993,-0.10208849309110664,-0.11053081896531156,-0.0033091944128308885,0.03155597723318164,-0.25448428395567757,-0.4016753003067734,0.10053494194432949,-0.22084615343532568,0.16970688963125558,0.05598670016123454,-0.0767960508673444,0.03028593223711722,-0.3433104734367745,0.08809766230183128,0.08194170104917448,0.3043306098931829,-0.040831084162690906,0.03921276329162246,0.20636472805393322,-0.04987513516888192,0.22220680631881284,0.17372577651861626,0.07118071621960972,0.063138500860184,0.06726386308580061,0.25005850376479777,-0.01035470575668849,0.06443537518478731,0.07634355586778255,-0.5018277877318307,0.9744081774561159,-0.5684745302189769,-0.6815197445941881,-1.0437760229496298,-0.3925947170733643,-1.3686435999596274,-0.010561075195585029,0.2267598628929338,0.3368612777462733,-0.48597815874892325,-0.6016129897539498,0.3488173147611004,-0.3285682696238838,1.0930926264954044,0.8771199330454996,0.7118775928910491,0.6801412338660512,-0.28881045932367994,0.474662582946124,0.6933194598906898,0.4862470523357984,0.9424363226911795,-0.4099387302245112,-0.11983560739237185,-0.04021372035868786,0.9723680426397354,1.1698973740075786,-0.292021525183555,0.2106056343407916,-0.6030090090286369,0.9113346734928842,1.0624389738613114,-0.015297488106599082,-0.23182814560993614,1.4446247660411502,0.6089121238218984,0.21497474870290853,-0.48674330774838714,-0.3853379774855974,0.02192538151882963,-0.4238889881961664,-0.27440762140032665,0.9820678487846087,0.09928893568899781,0.7192902483202911,-0.19204007545457358,0.13747059851795512,-0.15253966536403124,0.3644838756507101,0.5185488375276475,0.9447819158654056,-1.643489410026034,0.23523291747323066,-0.5478470039695127,0.3899377740291076,-0.0016923998631133248,1.6142724932984183,-0.5159895870357162,-0.18988646559619032,-0.040227732630479233,-0.3546892655661479,0.35345582472386683,0.2887601588093396,0.5533958109047042,-0.5387726200018206,0.4752236680270558,0.4096418537466162,0.6381118240163719,-0.9845682722483358,-0.01865106810368466,0.8211318170527804,-0.39191383695939785,1.0481453464672728,-0.17473855017700973,0.9593368443173592,0.09211159973612543,0.12319947215862337,-0.43586332959973645,-1.1895389032546744,0.304478711643308,-0.7046123536750022,-0.7944199797381937,0.05912940898789895,0.44685412739445324,-0.6192114261708975,1.482605930610994,-0.3077065207369691,-0.2226713952391049,0.9612794645904038,-0.7025283234841939,0.5953883839683508,0.3268010205585774,-1.3545365655324655,0.2661944388616805,1.4245717933979483,0.16481123787481133,-1.2115752565929148,3
0.24152460738496606,0.04682325265718328,0.19198196580990512,0.08411103265927986,-0.2129720487918892,-0.002048179318130518,0.03136136881085594,-0.12104959798582463,0.0823342067750814,0.11186642318138539,0.16974029792250128,0.10948986285925642,0.0694995857096906,0.4242790029785963,0.15025320398760572,0.21729472170937028,0.19798306551062356,0.11992728201957069,-0.06938300441812002,-0.013321147907468769,0.020064811169135943,0.007314802819146622,0.09867010442100352,0.1618812710859163,0.16295449327271905,0.4281815711799624,0.3356295391455105,0.037148775619724884,0.05600818023529146,-0.09806855881931374,0.14468560683908166,-0.09457354696620196,-0.022922313069368035,-0.09489274191086805,0.20487437434825279,0.3614289280021413,0.23832896003423193,0.2678824039111853,0.1834708215911525,0.23951122586941168,0.032907001336488904,-0.13332843946971246,-0.07968394190132905,0.007683219813714273,-0.08532156153579767,0.1982469255298387,0.1177642530617194,0.32749662946861186,0.346943292728477,0.21922087312705602,0.07866326676586746,0.053572711762139305,-0.15747682538523314,0.0647039373526448,0.010490444433771286,0.028247680261325934,0.1906159671495346,0.08270097671953404,0.2758930546536183,-0.0679786531724465,0.0539781284795957,0.2640099286045901,-0.10514566036569423,-0.052722694755419006,-0.0034891012097082773,0.09208267834142092,0.035951460092893045,0.01753772029122419,0.07401833480845976,-0.13865507783701952,-0.005794110795845066,-0.025531547262465364,-0.0016055673893218885,-0.07055466586542687,0.07407254992246512,-0.06998131398019512,-0.08526877762068705,0.03549726617495012,0.012010417102833173,0.09756228029683842,-0.13766271710863998,-0.38184743021680845,0.021073941042540338,-0.29154942002860323,0.19004313215575327,-0.02395237759049634,-0.00929276643246075,0.007724777169222112,-0.309043947629613,0.05187175628123655,0.16125503686943898,0.39979068348323793,-0.03108315133207517,0.11242202844803313,0.25931979971231206,-0.04976185623870838,0.18275985940748438,0.17147149087075605,0.05111764865882671,0.05087303976191931,0.11885180943920047,0.3423167002181233,0.08241780993284119,-0.018808796791733008,0.01930072696383214,-0.10515540708099436,0.18712946809777029,-1.2644666673185059,-0.49330283557387067,-0.6557919463230929,1.8585632861408778,0.2530017810880652,0.004603355792312596,0.37116082763595937,0.3601248685059898,-0.22120434081818854,0.08888862416663577,0.42231259675271243,-0.10731343536966415,2.052684133885702,1.5085979816406356,2.0435005287417307,1.210381059598556,0.3374892804012668,0.9030405632133539,1.3065824597015483,1.052175215615255,1.672610346745653,-0.49878967358887705,0.7331652282399866,0.937814604957531,1.3008832660578693,2.2915717107285465,-1.2923794453233433,1.2354037128402149,-1.5674293749659443,1.555372370598275,0.5761357148420908,-0.8692006446471606,-1.0383265649045639,2.763356488710097,1.2905607663601095,0.036952528657586976,-0.05171083730681065,-0.7721173186322962,0.39266989994156104,-0.8523047813423202,0.3515331423546898,0.9061966973427216,0.0785875378995331,0.7830423794600823,-0.5931756319721334,0.43168771336385664,-0.3676425211229219,0.29795916330718963,1.8369940445430397,0.6370706864656754,-1.3400468712889315,0.33722061777502793,-0.9165218184246606,0.7381498315233085,-0.590588760648544,2.054005904120435,-0.07010547992461366,0.04303874817772093,0.04459740060414391,-0.2825705783057977,0.2755325940089836,0.8428646759948161,0.518488544299486,-0.24233628707537463,-0.053074960820988365,1.0729794161442199,0.7137159515029919,-0.9232473110483308,-0.5400038125010813,0.8694879119238853,0.2620026266937,1.2706087373350894,0.6852818916238929,0.7094311219655274,-0.33093297813565586,0.7477451792905493,0.67528758517484,0.6179212348113456,-0.32392097034822964,-0.7081835892369647,-1.2944269435034166,1.6398543619695118,-0.047999825169767314,-0.7387050457979338,0.16475568507781319,0.22579472279822127,0.00067362243912589,1.2413875832177363,-0.8102146925873583,1.4583364512641692,1.1893173843845155,-1.3570441648246674,-0.332511643754965,1.8542377025480339,0.5951311877312638,-1.5139208185898543,3
0.2168269315219918,0.11138601084368856,0.26584102178975016,0.07430540509447593,-0.12981598672674896,0.012231513058012167,0.08538365388869688,0.014760954514065812,-0.019350153349436162,0.028865216176995473,0.1617275895873713,0.14430755966412928,0.08048892691163677,0.3506471520964195,0.22283419443311608,0.12941732877061232,0.15751791907784699,0.08615885109796696,-0.02629769139222953,0.044323263521254666,0.009341135837652441,-0.0013650370834869838,0.0359901233406336,0.1346315429058484,0.09649496758680852,0.40291717717622777,0.43476007877148604,-0.024022131927946118,0.07173761278180936,-0.138494328717487,0.023945742439091144,-0.10702031223024888,-0.07053776661889567,-0.061092799071902286,0.2901778417207936,0.2838056843936934,0.16500611218503108,0.18580218300668594,0.47854751675149193,0.25398641004742595,0.10710668613070909,-0.1887550810003221,-0.04917198482746524,0.014486742950034617,-0.10499969394399976,0.2209420155183946,0.07259174348718594,0.34505237005742284,0.32101151336896394,0.2571464663701363,0.0845144482541449,0.13761344305916126,-0.13442112289434668,0.07152362209461403,-0.018899795173603597,0.06726076688454188,0.24343682871807742,0.018639703097272958,0.197792979546205,-0.09848553716294976,0.00036934238062365986,0.2774310286131007,-0.03486135667267741,-0.041879810861810626,0.04578574979671744,0.057792327434484814,0.031226008272632316,0.038612170481909236,0.15129798630298405,-0.06525804062692259,0.12402227752589358,-0.011698187775243942,-0.0006053634874439132,-0.12488587636782984,0.007577189792793809,-0.06485691443986406,-0.1257013054161165,0.09668305790146275,-0.06585802234342474,-0.029454149851842013,-0.10610071701961343,-0.43018964169501606,0.03174464188754832,-0.321739232962847,0.19025633765385724,-0.08126494506509066,0.02621221256738515,0.054209524779806575,-0.32636508523456675,0.1127361334498019,0.18702111126510587,0.4740457759003561,0.05863306388060834,0.08178426921935311,0.1949922935359919,-0.03801548177308123,0.24677129024644562,0.23303591777976357,-0.0664895186086335,0.05004498645199913,0.09056840614878486,0.3539842497116926,0.18676222631468692,-0.006682531269018045,-0.11052762630073912,-0.6079189412276331,1.0022177271428012,-1.494155362677199,-0.844210172401831,-0.9352322416536247,2.209569008700503,0.8370709358963929,0.47804203126791794,0.5178551546321832,-0.7324595425543551,-0.547391313854893,0.10552186482695786,0.1860737433239271,-0.8386091061948684,1.243002164696234,1.1188380664473387,1.5301472115489305,1.2794712865865823,0.19747777503964725,1.0601527718912023,1.3774895230935422,1.165021435261349,0.9518681205842965,0.15730271796583584,0.6933839480818127,0.5854422355281117,1.9065037619789413,1.8795086336682336,-0.6065641125547006,-0.7068620390359744,-1.2710819358712573,0.6738355896600772,1.0000625681927666,-0.22146453023258114,-0.46196604125362906,2.171601595028069,0.29102743879543463,0.058229637096168824,-0.9030098068354218,-0.42026750558934806,0.5927185172556937,-0.6067006858806506,0.12819551247444924,0.8890691576882719,0.10739957552787865,0.09119625422633923,-0.5860825319023951,0.38914337645291586,0.844221201424824,2.1725122536016297,0.6238577408891935,0.7840325545137723,-0.5739339103494125,0.6224711188962144,-0.7544376422177494,0.7568504688799115,0.7389945730255035,1.1580802261197196,-0.018398583969931912,0.622260556342765,0.31972173336857684,-0.3171451546282817,0.001960844703328208,0.6542549235041389,0.3252458899614741,-0.46089056125858563,-0.15637885623682363,1.1015604881297858,0.5298209993674436,-0.9796533188123987,-0.43869633506757005,0.6912780657875363,1.3423593079547635,1.8820140461164334,-0.23706307067331864,0.7917502454347651,1.2822135869384568,0.9577629896796372,0.25590859073478217,0.9644250261840321,-0.08340182132464846,-0.8390093143107188,-0.48758653910973493,1.0310185269000602,0.5125443220626419,-0.6043471411652492,-0.19432317142248956,0.03473065452004643,-0.16199310182315735,1.452608092252083,0.24578508295204837,0.7848992956682165,3.440115565243723,-0.2856302583568842,-0.6271277117897327,1.5061332398256646,0.4792033872349795,-1.37039178482665,3
0.1950932218217855,0.05487030203805466,0.2637620304373789,0.1441042038875385,-0.08284782720572509,0.07289214353898173,0.073295971449325,-0.012923937908229845,0.03598484187932532,0.08347714610415805,0.15674660762649942,0.13951139468541088,0.18158242238607422,0.2107252243533128,0.18006505586072047,0.2211141394827968,0.11985513310624397,0.05573753389218848,-0.10285484169271282,0.017593840871799132,0.02055871485452384,0.00504649097954781,0.08262242683951207,0.16764870338079804,0.14813964238330105,0.3328773478802285,0.5994793587120435,-0.05316946306566778,0.10241686381382549,-0.0015141940236491891,0.03481417671024568,-0.07313078719755706,-0.11810987950863917,-0.14589987422002615,0.28383905972067597,0.30728064692675083,0.19330565241719236,0.2260666043730173,0.48902572373729847,0.20312727204198064,0.1322600465502431,-0.24055809755464436,-0.09289452002800552,-0.13784752396889,-0.04658450397743185,0.22973571632709472,0.12232669350704069,0.2775598402741946,0.27221197187499124,0.34981432317131855,0.07438325530026073,0.13029216331454432,0.029656197796377626,0.09984533078007153,-0.0539531445520267,0.126372457806647,0.2365511236651342,0.03867765379527681,0.1901258631299686,-0.18363627794446002,0.06123031381195824,0.27398051654232436,-0.01272213154750887,-0.039199135821616285,0.009446767967432441,0.06307652988924241,0.08218969484562567,0.035590604634395576,0.14210763024243722,-0.06751539112411395,0.11229669631984307,0.05159322555696011,0.006658524260030492,-0.18379072786692066,0.07939160483437115,-0.0821922687107112,-0.12384677668263255,0.102784526145522,-0.04053146808756429,-0.05349905904157431,-0.07685904959178107,-0.33676667501044605,0.028312849092073787,-0.22947239564559782,0.22661144962970148,-0.025104831834840233,0.0077901932122549315,-0.07055274596340431,-0.3339507264472652,0.031368759288488694,0.18422703422395634,0.3257822704663788,0.052594965126379206,0.036881842271456154,0.29565435192919237,-0.06882455904770718,0.2597819850670724,0.19500253513060006,0.014858585543062342,0.12795099072933022,0.19120701501878798,0.2972056123670615,0.17220609998898717,0.11055855484934216,-0.24748793887076068,0.7412854512993816,-0.47275101050374924,-0.9354065660050902,0.014597766149683502,-0.12955505831873176,2.332161453682949,0.5385458140618303,0.30833312975185256,0.2571422480067596,-0.4727113763211857,-0.4096217423981786,-0.5612060869801723,-0.2857364287334068,-0.9975087866560258,2.008467093266167,1.396921863059288,2.364390057489517,1.0956187719155854,1.0907543843280825,1.4418634040900369,2.0569427959929016,1.3675766943035708,1.3629459910080746,0.5167810516841972,1.4949783217666266,1.7493370927445808,2.126694598937602,2.824101743581891,-0.7048546285225679,-0.5826615772378554,-0.523581143743906,0.38684133669502135,-0.4804689104123593,-0.21879319802111225,-0.8262106448946493,1.4553330035705008,0.024425105414089664,-0.104451403624188,-0.45379273507822965,0.055890738468036855,1.1984956989704905,0.23005323498701075,-0.14847053083002926,1.0121384350392044,-0.09869044758117493,0.052530850289750734,0.40000393174775195,0.24418854065258672,-0.013876126735432284,1.803768875468661,-0.41835888335501087,1.3797880684316788,-1.0829117458810926,0.4300644792475051,-0.8531534952286487,1.8540611808416774,0.2715038166704818,0.051790400490149005,0.8206972494355719,-0.1658113593327925,-0.16194870604492193,-0.6459829719536231,1.4717488330264938,0.5967695765710926,0.30689630916841737,-0.40986619388335993,1.9232511959970036,0.8661182421828849,0.36714039769255025,-1.164649059009936,0.12151627794046477,1.044590155068409,0.9348209519596276,1.8420254593809713,1.016075378520717,1.1181269617696983,0.2884851981026519,0.4420588343164036,-0.5887517683547171,0.8156893336380641,0.045837459701466896,-0.6643725347636666,0.13790417376812183,0.738287190121594,-1.0118258424906323,-0.6375338916389511,1.1391824060420472,0.13979413815978184,-0.5542227486413333,1.4056460594991989,0.6407221833789706,0.9600015544178857,1.4407578230231182,-0.3139888520857836,0.4661087430640494,1.6177248281646963,0.1740106112995444,-1.1565759533160986,3
0.2727586550798699,0.030319488898617217,0.26663943745655494,0.11321253510369379,-0.08108862683371494,0.1058650924635725,0.06410046077883746,0.018331502525511932,0.011647676786814576,0.10837358514831748,0.12909152603394375,0.17537893643817262,0.21755356991595015,0.17317656109705493,0.16887304490223087,0.2836006693455087,0.2804891610086757,0.13638634914359596,0.002056034300233123,0.05185327951491678,0.06204685532776497,0.10780253093853863,0.14716145941085954,0.21658695939012193,0.08153795851511232,0.2335700043072516,0.6027802422841518,-0.1540199412079322,0.11031881662869689,-0.09867764951889474,0.006389959322966259,-0.009646076049339184,-0.31876354556050607,-0.17641648956837713,0.29103626940036875,0.26313706068138626,0.2505740117596974,0.2963595292752,0.5591681363786853,0.20988514310452222,0.14168181859453435,-0.2293186717884628,-0.08757904291489513,-0.037142425530014636,0.013632252546370703,0.1688057660406595,0.16133873535372698,0.25776482489016467,0.314373459961884,0.2768628985916783,0.06834636377159724,0.160789125619194,0.15015093944016938,0.16171246589011473,0.04668541677601944,0.11087256911439855,0.1756262928626744,0.038671623118437456,0.20704536657883396,-0.16032433216316438,0.10754893271440616,0.2841107839090802,0.12129798666581938,0.016661876129153652,0.0075657014545630705,0.03546428914530317,0.08876275639790665,0.06279133022123393,0.06647932360803943,-0.11706033393050796,0.21331085705261218,-0.0023316826130755698,-0.10765083991335049,-0.1625933379072589,0.018531244752308433,-0.05183724651907264,-0.16714918349712127,0.14930535957647245,0.07541463611233074,-0.07377300124441112,-0.10543604212299351,-0.2804487595772066,0.012507636479572488,-0.16247010356278946,0.27361924124214493,-0.03960577279664049,-0.047608634314320386,-0.12777962547128996,-0.2727991010305438,-0.023297887078690623,0.1823580314366833,0.23181963172217057,0.16702213035245728,0.09391995214589005,0.3476233010618362,0.04914601932385851,0.2015239032047503,0.19082727570782662,0.06326329841745663,0.06818350279813425,0.24049754245230318,0.3591414740377586,0.1265224592793396,0.1109075601871442,-0.29182434217112324,0.4035574515470935,-0.28975331828635,-1.0294015299734196,-0.31411807862905555,0.14519380355234676,2.6968971662389967,1.637053979208987,0.5750437884466428,-0.21708271685740416,-0.6809550077484533,-0.047500822262084554,-0.4257004815832029,-0.5726633181133983,-0.9607540865349409,0.5561727347788391,-0.1915242061604571,1.2152684637546316,0.7480506261425904,0.5405204859677329,0.5724530614251053,0.9035242016395556,0.6293808727577557,1.1830215792149468,0.9836006778731862,0.7435880852263093,0.8161400830450314,1.2211849147709835,1.3667819388623705,-0.7270809486034484,-0.2515963196607871,0.24720064137349032,0.7455469022192887,0.31421993036246976,0.1070873445214461,-0.2832778849970679,1.450330448740202,-0.4793219107191925,-0.16717501957283085,-0.6721559586657546,-0.5122910917321757,0.44112842731181295,0.40514928837181763,-0.6521516307907357,1.9399322939866406,0.08200025098634663,0.48772900522770374,-0.9216070278157242,1.3836805494997981,0.14443608838811875,1.9804571029278946,0.1886001487079691,2.118361640612327,-1.1891152822183126,-0.019953296463950648,-0.98708214683686,1.3596760237845797,-0.5480752027043496,1.0693779040182845,0.19198022696167882,0.7270346388293398,-0.5252273359419855,-0.6591514627952682,0.37764141421399966,1.4218149788681431,0.2571160365842046,-0.47210391698663773,0.39491444683855087,1.7652921117600617,0.6768327006520267,-1.0902382185756452,0.16744947200388852,1.3334675279490933,0.5324972059644836,1.3685162906400339,0.5742464229616803,1.5909238260385012,-0.23359017662149087,-0.2015035927746065,-0.5552544305307509,0.697377207574621,-0.20097473750322434,-0.6532376275115952,-0.37168065421081903,1.0436015851540916,-0.31816414756112493,-0.7105788803005832,-0.030202833300878265,0.8311816653342904,0.07484456704770268,2.55189520608786,-0.6153651885727953,2.1715545519638733,1.7396738118579895,-0.18737006746572318,-0.7576787836761024,2.4610386978315884,0.641428640923644,-1.0976615268206944,3
0.3015514261055868,0.05673806494723407,0.21747196236328883,0.040933329915423186,-0.08268925223439254,0.04909362651314967,0.10333491134756553,-0.024434490984375088,-0.006285187693676365,0.035839169571502245,0.11150571619854903,0.13375040436363453,0.17977992168551044,0.10360694070009303,0.20030808741655093,0.230268087610726,0.17843734719944193,0.0923962053838356,-0.009193335454055382,0.19602934931693475,0.015320740884084541,0.12079065606427333,0.04349032683797309,0.18255528403466054,0.17533998576611462,0.10431225672982362,0.4667005033757826,-0.08566466790454391,0.0759415440354389,-0.14076134319944636,-0.04128684539399135,-0.010101479090239705,-0.28982044307394894,-0.19586100993562677,0.1624174186982115,0.15263320418842982,0.20804713761624574,0.3875100405735586,0.5248105064651893,0.23937250299128401,0.10129957052183139,-0.21738306187161732,-0.05247147091515466,-0.007724530031872642,0.004765945620354399,0.19625589095992144,0.12957354812470837,0.14748098112960176,0.23163553804074452,0.21779785903331386,0.09983052023370816,0.1427795425393493,0.14935833089186393,0.0488812087792743,0.1408438907508078,0.08575695757276529,0.16847253026121065,0.009090627015776107,0.19308287290427747,-0.2150875271103573,0.07098624756816566,0.19631179283899877,0.07747577378302892,0.025049443820257027,0.010713586036630533,0.03280013911236336,0.0548040549146302,0.09722856980087446,0.04560656974412628,-0.11507642139040061,0.1944005765454385,-0.13326169216919614,-0.17338604007294328,-0.1745170252482194,-0.010797361198501509,-0.04240343901241262,-0.15908604116766314,0.2598439574361901,-0.036501983800742814,-0.15993968032998604,-0.1778096823793178,-0.2436828438029557,0.0174202322473827,-0.18281050667099755,0.3073626414769937,0.10131220200126341,-0.06055013385869851,-0.19894739853878168,-0.2291754660312554,-0.040507335566460675,0.14431004936319802,0.1597641238916524,0.10789315118119333,0.05063799776774218,0.29554335637903456,0.14737635763238235,0.031438740831968286,0.20401562426726455,0.10289731411108144,0.07100523481284501,0.19543272235863737,0.28401256862771607,0.07999982209062657,0.12151075020821948,-0.25059229613258505,1.3545241460774506,-0.3730898233926922,-1.0047733025226362,0.6544440245741465,1.5337817751530187,1.8082032194381834,1.529383719919871,1.1511632263491824,0.3291019802707883,-0.8855248850603886,0.2001966562360106,-0.2835801303508467,-0.7030790935924487,-0.3921515191879324,0.7608815708712889,0.11700833893073168,1.983884936853941,0.31638984849966423,1.3662584900033579,1.2524731201534143,1.7232429775416038,0.8470974628784227,1.336814685339871,1.390964481054388,1.2187233427295239,1.4921218461091414,1.6548024068635678,1.9602462401486145,-0.021954246961870653,-0.9852790055510853,-0.4978860848342767,0.7008415309830501,-0.46413158630798057,-0.669980829639532,-0.8248328040373623,1.0624372844529983,-1.0934691337974936,-0.6695734479277773,-0.2102645780968052,-0.2440417119979409,0.7947700516952476,0.3324392841464103,0.6037949881316876,1.3632919000028556,0.2408655473548448,1.353890901125081,-0.28572213723466383,0.3634822153260237,1.3019056925970784,2.146750695990704,1.3006360265854586,1.7289626705072658,-0.5159917696910739,0.36523293752391306,-0.8412396639440116,0.8106925604519472,-0.3875609336652309,2.3168737782839224,1.061132126403308,0.6367034015734125,-0.001592184228623853,-0.6860109425224401,3.101156871554223,0.4154651284157554,-0.07571251066196187,-0.18153944492210342,2.9392638587031548,0.6525450972475837,0.47717184121869805,-1.142106232079959,1.7174724782428166,1.0404426988066562,0.6759690229320675,2.105216419295952,1.7553820278600816,1.4814707611438005,0.2568006641152884,-0.20138790445211344,-0.6108449116451948,2.757796612227641,-0.3572275452434619,-1.180255118491893,1.9678919543480002,0.1844647283344166,0.5654219132581182,-1.1617028914020835,1.6210273868317244,0.047876045674525844,0.2305394227347214,3.115267946349115,1.7886836131856805,0.5906449495273493,2.2206108454484483,-0.18436342908860945,2.2793282819669223,1.0494883955034227,0.8118398369226484,-0.9506147172238534,3
0.306096696002123,-0.026177968969444083,0.16641672039687885,0.03521866776702287,0.006626171314260797,-0.039774023135050525,0.14871839278687463,-0.10218397653674667,-0.030669127971668337,0.06043212482750472,0.03427466057894269,0.01462355379240007,0.15409502001174583,0.13575292963183405,0.21904554420648506,0.2345648024687598,0.11688564143040946,0.058832560371218715,0.022434809996969493,0.23102074029576886,-0.05757341470158383,0.23405607123604039,0.05731385884139907,0.14817478891691885,0.16392319655507578,0.009964213373397077,0.3448062399218517,0.08989152091239637,0.10364233776905545,-0.028646557418696355,-0.056618182255291784,0.038139899472830106,-0.3594956628679649,-0.1289561175443575,0.09852206074873089,0.06009526248800316,0.1404910125425379,0.23858852721317106,0.33282459819143245,0.17711153014105302,0.20501616317102345,-0.17673448633451377,-0.03600911553325519,-0.11950533981758363,0.054368037449961805,0.16162589564133256,0.010313941008736073,0.18557121717768474,0.1278158367366473,0.061234841674446906,0.11085819030496136,0.25867451257049023,0.19302850244204045,-0.02205351974674278,0.1465544659130153,0.07396132254341742,0.1320073774111119,-0.10440515522362197,0.26512368878574294,-0.2865415461894246,-0.13414016475353907,0.23127517167626255,-0.07057144487407672,0.04849035750958154,0.01407521322681536,-0.11523463045113007,-0.10969677886735724,0.05604312318435743,-0.09868053097118273,-0.12239947624011994,0.15632593874515188,-0.08571221955261792,-0.18652629628595163,-0.1889939801574373,-0.03875196368011307,-0.07733768334434403,-0.20706647790027313,0.31672156660805406,-0.17655921275599068,-0.19879001389218914,-0.11671466511526697,-0.09044533414349624,-0.06333909153106157,-0.20400811353303894,0.30766306558460227,0.17967943320395305,-0.07042674269576887,-0.2341492713560232,-0.23020607058089448,-0.07636143202113482,0.12184368336977687,0.12226840407154367,0.08098937738083757,0.0066985201502819565,0.273042938201348,0.174639978808552,0.09427079907160077,0.14800340555179967,0.04151239237079015,-0.007871243137522094,0.23905136433753657,0.24911004861731084,0.050240656918698216,0.1905552096134714,-0.2312168806991741,0.670672099046757,-1.0117663229629223,-1.0511029349119538,-0.5738395153162401,0.5173591024538963,2.4940533934659146,1.919167841434375,0.6631251786442525,-0.6010643478122035,-0.9178481485877643,1.53317873002172,-0.005230158554974919,-1.073718282537157,-0.6254126582996149,0.3019135997725915,0.3002724778258753,1.238522395974752,0.3808233881987553,0.5240603463768302,0.04667511551565905,0.3456342832743324,0.7588674619634546,1.508681081659787,2.20524870338957,0.27671423342315776,0.33366466048680055,0.40755174096089536,0.8118334489190441,0.6516091987060154,-0.5754141653096962,0.7162580059388376,0.10723940514838844,-0.3381049132553425,-1.08501388983323,-0.9927773935072105,1.0786688275192944,-0.8049241916743224,-0.9079402988901732,-0.8122131545046015,-1.4208516081466407,-0.4304282045194601,0.2761705074977908,0.13961125174185476,0.7430143808879619,0.18652667082437555,0.8890030263397188,-1.0050361832521078,0.1937608967554357,0.45709187224320913,2.9111359163615997,1.5578434157113303,1.0868523255103701,-0.7590287057634841,0.6654780060853173,0.553275951642,0.5011610472754161,-0.31297289903402037,2.023016480367282,0.7081753392601077,2.1327359166397213,-0.04165035513961922,-1.0472100971551284,0.7197920313582921,0.9912823678949579,0.2114103495480457,-0.28705935543614197,0.9549595069525407,0.9120826141194077,0.9880105604076921,-1.308572001076646,1.5668907919964599,1.0140988834589892,0.3878387123160383,1.7335864745537166,1.2264854286683555,0.7748201362877856,-0.4187828809368809,-0.5303468805043878,0.38633048663628533,1.4904193109511403,-0.31585689756367513,-1.0208331466742937,0.9373802291225883,1.2759867814445767,0.6154571241469861,-0.9129119225682621,0.20996326627073314,1.0652697195629548,-0.12090881051817302,2.464714966060556,0.11155849857394923,1.0990627806309328,2.050701716080922,-0.21247909372306936,0.011787883209518988,1.5045600630905727,0.7439778759370949,-0.9116268147076293,3
0.3166680431928851,-0.05604671850381803,0.02094528951854172,0.09751523693281365,0.08065133228030473,-0.04343820043907228,0.1945016467779603,-0.14784708511455766,-0.12663719662315662,-0.009518872543485667,-0.02981871771296623,-0.09443261258764966,0.042237479248087115,0.10806500232618643,0.23325804066330966,0.18725595865673375,0.11100607675675134,0.09566163837778104,-0.012116058708162684,0.20189356292965321,-0.02454854641966359,0.1669397654480711,-0.05293654447120981,0.07087254147574755,0.06303056722870994,-0.06023945096643131,0.2348453355628111,0.08644471483131494,0.04165695452440351,-0.055987255636154636,-0.07676087841004087,0.09542098225812438,-0.2768539289657512,-0.15232303784868825,0.05659748278787168,-0.04606906270718097,0.13087067268133964,0.20074173581395974,0.3356149862067702,0.1411719038175572,0.30386147624271664,-0.13458421440698484,-0.08135204643344711,-0.13503512680121765,0.031087200056881783,0.06779955594273043,-0.03379371890717187,0.09544802476969565,0.058108662624422235,0.009308479693629705,0.0365301181022443,0.22296970776010247,0.25283810867058065,-0.1140756223867771,0.1368169265935196,0.10195857292528795,0.20655809974672631,-0.016380671308535263,0.31430083535282516,-0.25797842145161853,-0.058276345349185986,0.19994480041382584,-0.10367383840765484,-0.0658461808471244,-0.029430331430984086,-0.15365693149748363,-0.1228095219035754,0.09822505400247794,-0.07314452567508421,-0.1545879783796761,0.12962901946917726,-0.03550708076655189,-0.14202132498071368,-0.20183540566325867,-0.043256899406903894,-0.08898084421457683,-0.26679425734939716,0.35884515875838424,-0.18553030604149526,-0.1259441856257545,-0.14229422732032934,-0.05051439151194018,-0.04146660838593914,-0.17705331401668561,0.246261606872631,0.15067484217670005,-0.06357969639509756,-0.18923001365078265,-0.2666254385151113,-0.08542053447761065,0.06800451281844849,0.07795371566912554,0.0886221216200856,-0.029412525416369052,0.21564459581892215,0.15757210925903845,-0.026047568419526233,0.09326417705667858,0.013405334844674216,-0.12285491450962174,0.17901677669928923,0.1662364017288549,-0.07299962022512667,0.11335965481641935,-0.20918029427128818,1.4222234102027718,-0.9220812364266228,-0.8518187619349478,-0.3408013187221932,1.7176228088344607,0.8039545892461901,0.8432995585152366,0.13407813636949675,-0.7137943590816883,-0.8321252967302758,1.2772957926108484,-0.539158524267877,-0.6607537468428407,-0.30056089176129697,0.41639456255887475,0.67589138499847,1.2524563645229125,0.6007720810568044,1.432797109122194,0.47173568364217816,0.5938754990793272,0.9707264669722734,1.034002133483993,2.47193218586731,0.9993294462841736,0.950983435656324,1.0815508432699956,1.0768057507977187,0.8371186146969612,-0.7113936850391943,-0.5489912408164089,-0.6008202549606526,-1.2932467512952446,-0.8015193010318986,-0.8230077666607308,0.06536824362559608,-1.0152314085129723,-1.23340465362892,-0.9250177157896431,-0.45720302922043893,-0.4469169612393854,0.9004601775300816,2.2571751207136734,0.22752067494087821,-0.3356423710788844,0.4220400728563257,0.9022775496670822,-0.07296310955978541,0.07645175125759253,2.3388886977272607,2.454316746065273,0.11895527639755558,-0.6597237892605716,0.6547943456195148,0.896246524475352,0.6865554883648586,-0.9806901027865029,2.1035972195321238,0.849253364957933,1.139212420869333,-0.3973514151075319,-1.2015117873660803,2.4528912510113527,0.16763474512045076,-0.7431852991359933,-0.4618044397864171,3.4106126192823436,-0.3058434774026207,0.31711776240649775,-1.4677870582129275,2.5937134849303933,0.5490412363870676,0.05506896129366887,0.7526417341552035,0.6159432489549193,0.8538256812499714,-0.5705822423126183,-0.496147873675465,-0.6078506837930718,1.480403422686968,-0.6112866567656359,-1.0875786389775857,0.910619799351382,-0.1374198348563179,0.10982518362574754,-1.1483343914909838,1.0257064534449294,-0.02845422452190085,-0.751958790860944,1.3752329868539102,-0.053721082168535765,-0.6700739360764336,0.8833287775404919,-0.18740328498453498,1.4399874885765225,0.4350765875755738,-0.1361347118058116,-0.9648073517836558,3
0.30985641507626155,-0.05829425574618237,-0.08029938500393387,0.056244903711622406,0.027696395004973152,-0.07539377056499601,0.14704998070203634,-0.14200782348198343,-0.17471163129352318,-0.04716289439915801,-0.12328013754541729,-0.1357455754354779,0.023598679845270608,0.11832592032830437,0.22451153561788395,0.0978615903906693,0.01629431645914439,0.11791271977617214,0.05257560471866666,0.18055512709572144,-0.03367582390390383,0.15383644896557383,-0.06505218926941572,0.07268357876137567,0.05342770607099746,-0.045042842370854055,0.1263700004694193,0.11542026478869095,-0.04196488474055724,-0.04592495122469642,-0.07022587524301416,0.1050876243987458,-0.22486782064278177,-0.1793570052382866,0.07187407010354632,-0.2106710552609846,0.06661964901569402,0.07595188125984582,0.24519521583581316,0.09511417825985033,0.401137180927161,0.04956610646867702,-0.17096691413167556,-0.06669209734863278,-0.024237321854773404,0.0462415977392917,-0.12950601495750638,-0.005966832443554809,-0.04348473269994905,-0.14449497447451723,0.007907014368621266,0.06313830910631037,0.2592771642215656,-0.0570296213791962,0.21602735001010243,0.11165667624670737,0.06419998197440796,-0.05850488413623682,0.21235133954501156,-0.29596226662542713,-0.14415668993175232,0.2331275715920071,-0.1269610134648403,-0.08041093807109144,-0.03745675499786571,-0.18014502109520963,-0.2232224303699234,0.07962207397260214,-0.06430531187413528,-0.23763921666213486,0.05527248967218526,-0.06130512677976864,-0.19457428540770808,-0.22503457143394281,0.027213443482001082,-0.17489602772741528,-0.16989708350934488,0.33339688025501596,-0.2238260385382889,-0.09217278577430302,-0.15737259081825467,-0.012767216435060277,-0.06155217412672201,-0.15748458894907796,0.1251039661413847,0.13727413725978344,-0.14606367899194006,-0.29460246873064566,-0.26276977601866347,-0.16674705958459948,-0.0017423707557788516,0.023420134115603355,0.0353598526425795,-0.017482847680475155,0.20576020101911532,0.02328248331605686,-0.20831060610091442,0.021183139164916615,-0.04600505664353737,-0.12451764879893694,0.0633409317323957,-0.013215236088545117,-0.07178741995491297,0.0494429757923294,-0.223215226334735,1.06863201896411,0.15829681734391152,-0.49428060879539176,0.8800235449951045,1.5256615859388798,1.1069633448901293,1.011716062168139,0.6534622411041817,0.3621053865537462,0.1485841549645642,3.8871151581339665,-0.6665805664043827,-0.2991030518833288,-0.7165486076704431,0.3473436559768395,0.6204889113733757,1.0133545457829034,0.2958150697136467,0.9747786651051424,-0.13705806159962397,-0.19092997307109236,0.6941184956663078,1.1665159061891994,1.677495136098241,0.05121383739583639,0.46157989516030645,-0.07924841757967788,0.14394143220320604,0.0995521434341903,-0.5456430780715958,0.16609048434664095,-0.7203732895998548,-1.3985177286611856,-1.0305135451327634,-1.3347048613243433,-0.47507140363624306,-0.8961000866046044,-1.593258900961098,-1.8653605715228276,-1.7728408701224838,-0.9678145997917798,0.40951291571993825,1.3886712047930645,-0.007737594029491847,-0.03785536811940604,0.36282693619459344,-0.8736709116051685,0.07600669696258366,0.11349563163955295,0.8087613197552425,0.06026585095489822,0.5233646185913429,-0.3424905858691461,0.15933909781560943,-0.4283362137448836,0.5082395044251002,0.1209845891734523,1.1673990029545074,0.7706379132526407,0.5113164221518838,-0.026316793080641734,-0.9526867726826965,0.05627685571182669,0.056812591391273606,-0.9389315156903394,-0.8262842993274697,0.10330766190685065,-0.1718122667667324,-0.5528925729853316,-1.0995262940862287,-0.22282688727125932,0.3107490741367408,0.06978388243975994,0.015986125153477422,-0.5299605944927339,0.4023486875414834,-0.17468262843570834,-1.083309937625714,-0.05100361678990327,0.734985969501477,-0.9191351873931873,-0.9603457524786628,0.902631267955082,-0.6758228489447435,0.3622948424855421,-1.5149312236676442,-0.34158621758011964,0.6181216138313029,-0.4863943276063042,0.730106237891624,-0.05134219940072097,-0.8832082376862079,2.0301742271991237,-0.40858655035854835,0.06906727971734061,0.13887251170167528,-0.07570406155252096,-0.9323275098667364,3
0.2534509474952669,-0.047066386583475055,-0.1195218597825625,0.09470057668173756,0.13281684051950346,-0.08066689989946521,0.11587370175787225,-0.18880006202897084,-0.21267773865846962,0.015607815035515907,-0.065690122212786,-0.14650015769114771,0.0416427131330424,0.09275190520531329,0.273778575338813,0.08867844647847269,0.011350559830859837,0.06240923810892686,0.04404668322692813,0.10378523346103516,0.024708202236522845,0.1299417812309409,-0.01987370552286767,-0.016331381116628203,-0.0061001399955312565,-0.07747920685863416,0.07528131952596316,0.22311679129074632,-0.10052434473775594,0.0015370519798802102,0.05374404139833113,0.08766354908930916,-0.2736575254290141,-0.14225823134562715,0.06677933451728382,-0.16207251836884068,-0.04450380386832981,0.09865519978982831,0.1905060646899889,0.13505690606751128,0.3526927585035395,0.039213716834246674,-0.2306930977571087,-0.03780851891228756,-0.044104954081989785,0.07603788667641159,-0.10526453139808997,0.06785175365813431,-0.10338182690208836,-0.15286873811391513,-0.0966549583127318,0.2369155768231154,0.3979510513251157,-0.19618958072343867,0.13068681022592865,0.04455305455737227,0.022935812050620133,-0.06327457317718672,0.1366087938236891,-0.1767547716699461,-0.17081035081618892,-0.030962812938014055,-0.05836952008707682,-0.0982400016907657,-0.10334649465382433,-0.13276364309815594,-0.19685135988096766,0.04814747423803016,-0.09964233749652637,-0.2774871927534546,0.11770589512141502,-0.04391609395460955,-0.15844758704198691,-0.22403540727459478,0.1036305106793646,-0.045273257964422706,-0.08539576564221243,0.24946587256179104,-0.2053668396370687,-0.11061996658009558,-0.2779616513692213,0.008255027335351961,-0.047255662628909886,-0.17491999227053423,0.14576554152996662,0.23500740828099773,-0.10797589934335039,-0.265553631772389,-0.2223021683301514,-0.16986091445495305,-0.04743720853607424,-0.0706114581916278,0.0005592761809910571,-0.0812270791042101,0.10732900438801374,0.015146419574558636,-0.11830901189151577,0.045802937428868186,-0.009146513285208754,-0.013113491489316939,0.07453971122773294,-0.01030594634184893,-0.10523666912645752,0.12973848787787143,-0.17160361437132277,1.1207675099914525,0.020829648892873788,-1.6083697163811046,0.02628604324631346,2.316311808646009,1.3560993992900034,1.3312034350741682,0.14488665502132164,-0.17582098225959333,-0.56064652009288,2.54922835148511,-0.225129314246609,-0.5181161227965704,-0.052578413726888575,0.44349474250819726,0.7666377015273652,1.05204368343479,0.4067035612651858,1.0723743996265993,0.19911409533080232,-0.07940644330491585,0.8218134353687533,0.8917660259722741,1.0336579569134308,0.1079319135603473,0.7832056545294014,0.23604711871360848,0.6954457672875751,0.09092779136667335,-0.716336459498469,-1.1315046323220688,-0.7105657232212801,-1.1672822355771404,-1.0758143738904322,-0.6878635183932243,-1.1529556541911608,-1.0338013586997263,-1.6226600116578451,-1.66572351829503,-1.4254363324164163,-0.7308519367659887,-0.6694608538624791,1.3910164546330712,-0.011075467923583519,-0.5411189211334778,0.3498744881255468,0.2851418780925846,-0.4050376107275947,-0.030691490880090662,1.6671374268001926,-0.5643723864900545,1.1886030537233316,-0.5638203093844236,0.8448356573171081,0.46101695903821044,-0.08438266765888523,-0.1878081775729103,1.1147438714153115,0.8032066703293297,0.6999052307818175,-0.4876574015731241,-1.2965895215646297,-0.12183626911846651,-0.05848205487365468,-1.121231753401738,-1.07348218538146,0.060625695796753906,-0.2582939094503137,-1.2332006141823342,-1.1937561311096163,0.1518092877223064,0.37904303702665293,-0.1090268263950184,-0.2754696232257729,-0.6200069853421982,0.6870785619891232,-0.4821725103331389,-1.3808767958816808,0.10167218239678999,0.5823884026580946,-0.9530301267412544,-0.819061811998672,1.5650045524555853,-1.0225255000883848,-0.20130281426617078,-0.687019710128613,-0.16593712317894926,0.6484639902015731,-1.0988013354624218,0.5962345030186224,0.44395349285957203,-1.2738577938215634,1.3297705897157248,0.19818665423929716,-0.17867632477791365,0.5055702210941734,-0.5873696159573907,-0.7885632165438543,3
0.15528246695294398,-0.007085885560856695,-0.1395843987689667,0.11823750562683406,0.1642454278180826,-0.0916890818534778,0.06188885305908901,-0.30131114137788073,-0.16131022968384076,0.025423653073949982,-0.0069852406182817125,-0.09818487427831635,0.10690474566770719,0.03392958841782224,0.22127696435131194,0.0923753794768543,0.07799059233901717,0.06646219993979254,-0.03952685653524033,0.029540141976478602,0.03210976876314764,0.1251732448907894,0.11207451719679933,-0.028178141025378703,0.0012571380463892053,-0.11945699635016752,0.10106601451035553,0.18740715848118614,-0.13364573306585048,-0.0059887892861766635,0.14684661192899592,0.16766258657796163,-0.22111192155787496,-0.17720495647566847,0.0889503233407282,-0.15127462587218862,-0.07448182869812024,0.10766485813183128,0.12099948026079607,0.15610705121753213,0.31290240805891645,0.06706882187404654,-0.16614695099381405,-0.04671955324088572,0.0023922141940811823,-0.02177716002416661,-0.07937639990494302,0.027283127645803783,-0.16983386816910503,-0.12366642499931972,-0.09513187347330093,0.15234986756977664,0.29136626764859214,-0.1661990126001091,0.18915686667810758,0.025912767093399867,0.022030633743453983,-0.07145223595589803,0.22075375673444733,-0.20375300001600055,-0.08331172142604991,-0.0927691058564698,-0.07995613749077587,-0.07729593770243161,-0.17592850777968128,-0.1681549914279412,-0.18791609932657302,-0.004273949002271983,-0.08782820651309207,-0.24143556863707377,-0.02285556808015098,-0.053002971719050815,-0.13640876921605496,-0.11515336173728831,0.20556133935786877,-0.10672788319410788,-0.09528371133231589,0.17835397236511163,-0.16582184545581832,-0.009147024457552996,-0.2726746318794849,0.09614317311954475,-0.10410600156981724,-0.1824025888973942,0.09827254974169705,0.22021804891240032,-0.04478693912310486,-0.2987456328348032,-0.21140694588448045,-0.21844717384780143,-0.11982247428636632,-0.20142555548403296,-0.07643988761162133,-0.04329436874741559,0.156777988733139,-0.03256222807538585,-0.19357723142326208,0.03049643252095026,0.11271285952517078,-0.06929088795748818,0.19281023184758844,-0.015272882000679274,-0.2238082340724703,0.2806539593569511,-0.2849953750937463,0.5662842297792758,-0.09349510884636791,-0.8620915268786935,0.6670598661428999,0.5777364974437016,0.0027837580729264586,0.049015916613981955,0.1925918550138327,0.5563090848508951,-0.37846273648484546,3.267077774213445,-0.7645913475049251,-0.44055620796252043,-0.4674310840639668,0.09544510680665776,0.7809478719852039,0.6302238764744992,0.08230488179121244,1.1064415058033301,-0.17212879366134418,-0.5453785503378741,0.56520274895979,0.1341366511807134,1.1578152650842386,-0.12678603602545618,0.7304337059851082,-0.4363924374441217,0.1137319862658076,-0.11381863498852997,-1.1415851547327722,-0.6059839287003818,-1.1697308106362134,-1.2600690053204824,-0.9014228594729629,-0.3733107769854881,-1.050032278877537,-0.6422674876542201,-1.7271800902221428,-1.7802261385532712,-1.7957965375494713,0.03397367296663825,-0.8336633599038004,0.42981995318295274,-0.20357244277355158,-0.10493870052311283,0.4379471337049713,0.04895647037362575,0.16560284509301987,0.08423382244940623,-0.2937201434572221,1.419392832283808,-0.23981983677788987,0.0463458891814831,1.1015002734966128,0.8979601502230967,0.07961364748294365,-0.736796014541351,1.0724241266818897,-0.37951168577095534,0.20953137965961846,-0.7198455620537854,-1.1476881228183091,-0.13561302393477123,-0.2863187507650317,-0.7593251499067146,-1.0187673291077344,-0.5066384596559894,-0.4743347899978323,-1.183763637381826,-1.2565857931919588,0.6056065181185151,0.06576862394233866,-0.6717347882537305,-0.8248941610414814,1.7815757050463754,0.09499271876279575,-0.9018649351695716,-1.3100044858123912,-0.6215236777304672,-0.2671829971096825,-0.7743032523002161,-0.3946484980327715,1.0903312742260853,-0.7571445800351546,-0.3908768384952502,-0.5293098998953327,-0.7056606847034829,0.14197752351114845,-1.06775499512504,0.7949297306111451,-0.5506448144257742,-0.3503719405623036,0.39769690727462215,-0.6535045394198116,-0.5700291728969139,0.05953516921196529,-0.36567703945364033,-1.0058554322072508,3
0.15499278956327145,0.051122966222062485,-0.20745284816334106,0.15821178886835197,0.21766758932594427,-0.13289170936852607,0.013996515665740016,-0.27541831007960355,-0.24752717704375388,0.0012229890730100852,-0.016025439320060682,-0.11632649361930222,0.06826142883883841,-0.04046595934183354,0.14913543083034808,0.030183393239735387,0.0407079861736645,0.07444755450222097,-0.02263505820582703,0.05097072672546666,0.003501445340324178,0.20113093822874645,0.04221620295973033,-0.08388153158969099,-0.08206699441647029,-0.18948203168052682,-0.02932138594819819,0.20643938139425755,-0.223482379736869,-0.029471710803621258,0.16912008300417528,0.16521226440032752,-0.256914210912149,-0.08067154893750472,0.01022913093948403,-0.22872265006245332,-0.08659669741171509,-0.025450628322645604,0.13583054274602008,0.11546542268031852,0.2996457642805699,0.1463898848940117,-0.13575510344346534,0.030023993477325674,0.06664992044077685,-0.12578470412960294,-0.13817362347601939,0.05074253051703872,-0.22495371677694562,-0.18479755584762556,-0.12863910048947177,0.09118509274604475,0.20581183119235083,-0.17141537859273984,0.25325347773359413,0.03141163813890431,0.006840318041295955,-0.14672849197565127,0.1769911623373515,-0.20304412462283822,-0.1609760668925381,-0.160718763816974,-0.10818228990786632,-0.01908383026148896,-0.16052339772222943,-0.22317444695702224,-0.25166759281830126,-0.03437729472388093,-0.04943212614657596,-0.24476008876075003,-0.029145008809699613,-0.08142952261960948,-0.13334317595705217,-0.0680190506143935,0.16691462003937707,-0.07631452508790318,-0.06935044676912196,0.14820384183501925,-0.1500794457051886,-0.049499246435695275,-0.32369439213283446,0.039240661237460776,-0.07002289086132564,-0.19058890580961765,-0.0784259392862442,0.12849210249250154,0.024645512591769825,-0.17377412249658014,-0.122083099360831,-0.20033847244695308,-0.11103990018096208,-0.1707945744129652,-0.1540094406209909,0.009520332116559605,0.1266473863135423,-0.05606923057567993,-0.29798303026943185,0.015372680444972281,0.12333212787279668,-0.16095183757288212,-0.00514122549793356,-0.04025985193946273,-0.2920152498934384,0.29071037268771655,-0.36507730535429417,1.5973508095848061,0.38220470209917823,-1.0165949100378584,0.8970031207249851,-0.0039889044638119035,-0.10381901358027006,-0.049307388592757746,0.0714035427580387,0.1251712958658449,-0.6120787188200967,0.8765445579647791,-0.9738777687883873,-0.9574655087519923,-0.49318313512332174,-0.2325674837563639,-0.03666617914873715,-0.11698537262233785,-0.19073938492670336,0.7045846594883506,-0.4073578889817573,-0.8372245471240667,0.16077249061610016,-0.4703819750591137,0.7401385654234741,-0.008732300149502705,0.4582570790390415,0.06498951592704345,0.00036872870500824083,-0.5458989221936746,-0.6863165120918966,0.31031089938205786,-0.7813707285997001,-1.416398792960121,-0.575700634346274,-0.6096349836903439,-0.4100542827069742,-0.15821682087742692,-1.0470248536553959,-1.5818175442697138,-1.5340234192766107,-0.041204078766710936,-0.6049785321006671,2.9273020355097907,-0.9661077960685013,0.1910451420733564,0.7579387981281119,1.1167403007673942,-0.7790892510598866,0.376371916489516,-0.2573670301517384,1.4991068394253113,-0.6625680966115334,0.22890806397419228,1.8051578514629318,2.5302575830017195,-0.7846657110077034,-0.1254914013498601,1.1894886347913218,-0.6589204479951226,0.6422530695657196,-0.45539142292665835,-0.9617242639657585,-1.0238361680368222,-0.34389423564098215,-0.42593681114500076,-1.0669040108515881,-0.9772490289189437,-0.46237095391940125,-0.41346210741075223,-0.9334111421345068,2.3119189278066807,-0.4030390953086579,0.0350797828006672,-0.7784753504203433,1.931557281723509,-0.6438799332890227,-0.43529511318384634,-0.9136104326990153,-0.6089922615141813,0.789696817112677,-0.9962906433637848,-0.5853122423560426,0.12481685147327042,-0.4333041578837224,-0.1799223302850051,-0.1845203151957911,-0.8824718095267394,-0.15934466942548584,-1.065831929976977,0.9597829423885876,-0.8126673089121864,-0.5048647783098376,0.7970605427323574,-0.7243027362103968,-0.5770358897305291,-0.29679159338527367,-0.43506076720274317,-0.9742567438278668,3
0.15915561888464344,0.06721150487962634,-0.24830636989952268,0.09111539383082981,0.15591169496246396,-0.19823238917606192,-0.024576678421199198,-0.23617675899800908,-0.14009084531380878,0.009048714216233988,0.0573012575599944,-0.07960343308126466,-0.08540268371774527,-0.05355535430965074,0.07818036406270258,0.028534550892780484,-0.11131235154902512,0.016390129437882504,-0.10322999114530175,-0.06291502443077113,-0.12945142612489696,0.10325890969491058,-0.011779683147884582,-0.24308952464837474,-0.03730263166126817,-0.3428516362949972,-0.06296886261876315,0.2555318234607194,-0.26737719346796024,0.06512566952178725,0.1906302894847108,0.1436150530097552,-0.057747448936954854,0.08295893731827532,-0.04655723575425973,-0.14698638298748418,-0.06820085894738027,-0.017175653318257468,0.14687815202487958,0.08044693347463995,0.3196343070637407,0.11774208738211468,-0.18498443265495623,0.0696634758440685,0.16487081981491902,-0.20481204896751312,-0.1438302821577031,0.015737273046205053,-0.23296491720474524,-0.20504714137364458,-0.19309507413792526,-0.01064723914673974,0.12233241210193609,-0.35730914062229,0.09358760138213026,0.03030652294668066,0.10072853380949515,-0.1661902862666046,0.13147468424460326,-0.2773295242305617,-0.23133869185002337,-0.17692850999881315,-0.37180941588606853,-0.14989113523283443,-0.17068393961541398,-0.2549275069937333,-0.27626952237229546,-0.09832302748149314,-0.01923937996888594,-0.18879201374169205,-0.2537775679155879,-0.07241066809764554,-0.10130970290901593,-0.05850747552902395,0.09712475925073201,-0.04614908106159753,-0.0064531818073205235,-0.05980849334904689,-0.3087788575762453,0.15524790784482484,-0.13711362505087446,0.1570454666881205,-0.15582233861654324,-0.2573695646985735,-0.21048182895102563,0.31585069564854873,0.09316895827803164,-0.05282146826737462,-0.1184579147576518,-0.11803927706268708,-0.1508528431039706,-0.08563211518463926,-0.15166454988928177,0.01673703618543418,0.11419803341916049,-0.17180215231824283,-0.22082856291033315,0.056602483680596234,0.06729208579065797,-0.13256044728002847,-0.07260920368610325,-0.17520749461946375,-0.28736331137041127,0.2771311078204435,-0.31835938342765246,1.730057788958557,2.1446948536129193,0.04654196981565687,3.0090742995635225,0.2619014276218158,-0.37410507430846773,-0.17098450338213622,0.48096205112799184,0.7122187651783307,0.0859286546205479,1.9254541011808288,-1.0736161975621747,-0.04589085792013786,-0.6947688699753165,-0.9307202705317209,-0.5051632428562511,-0.6896773204541287,-0.3788298768101751,0.033476867505215106,-0.8146142805365579,-1.1537209399034856,-0.39853245827141054,-1.0547217074490784,-0.6446452317447195,-0.6873525504885125,-0.03705063042333215,-0.7992263444960331,-0.7510864325049518,-0.499446268501554,-1.0685355059390351,-0.36046620517721023,-0.6298045189941947,-1.4767896523861135,-0.5096252348125355,-0.3146511508317757,-0.5108154394377081,-0.7236009809510608,-1.084785905897118,-1.279586930328056,-1.8767858881661872,0.5717877740190443,-0.6013990905687422,0.8691319105953145,-1.105283831922951,0.03786255344284918,0.47133513613981437,1.2883022667574133,-0.7625821927415959,0.4096856123366034,-0.22289302769907993,-0.9754897743011361,-0.562197401734275,0.27024659691217934,1.9833226809508924,0.6040931508267012,-0.8080130196877297,0.4311848745817533,0.31893396341696845,-1.0201911967528354,0.7655081958360481,0.235025123726664,-1.1582239795030589,-1.6737975771897544,0.03385081805480885,-0.5910894685582828,-0.7439009545933096,-1.4402957802462806,-0.40364787259558954,-0.8425768708742974,-0.6316120220254932,0.4709346140585775,-0.5020437610528499,-0.3830061966087648,-0.9387266103021069,-0.009208386725491315,-0.7729492672840977,-0.22579187961615835,-0.8436726430005063,0.09735350498509728,0.0457755165417713,-0.9032819672089859,-0.18000007572030297,-0.37067512501250466,-0.04796240201508978,-0.7061121479018634,-0.14510684854274947,-1.090109891387329,0.45667845046017747,-0.9779434060584001,-0.37057287833755,-1.1898816554711207,-0.5306636192541591,0.3280413080813117,-0.32264159226553785,-0.9238962544675866,-0.6076305359104246,-1.0474160789772755,-1.0660465917865465,3
0.06869924848278085,-0.1805587552176496,-0.30737017888726714,0.006932228781703735,0.18562880168285167,-0.13789669651429728,-0.11902536693324053,-0.2502725939294702,-0.04626608485609333,0.13002785606052833,-0.02615747906486637,-0.134385819283318,-0.23680179064584841,-0.11295424733138845,-0.06844007358410834,-0.084588217767052,-0.06125242125189466,-0.06689771530748924,-0.09283149481141699,-0.16142098251804213,-0.1385944947133625,0.17857020924176323,0.05973798308063901,-0.3791171567795461,-0.17009214565083094,-0.3795399522934494,-0.06372021972649151,0.17666654468468093,-0.34863610726766486,0.10389980953790441,0.2739804111993415,0.0754669808886155,0.015821930227981635,0.26300765128993,0.010501635748361793,-0.23861641483039225,-0.11739633014224572,-0.1841891513860001,0.05844657372448299,0.1367641156062367,0.2812705070372757,0.02007251395530421,-0.24508832141705383,0.007705523504295807,0.2454722807682221,-0.2952279586756315,-0.19783850025171412,-0.03575052049633568,-0.08226313042107798,-0.22306174006908883,-0.3334541960511959,-0.07085798166055214,0.12330056658520559,-0.32235770614118564,-0.01298039476804499,-0.10456496099971144,0.05372375544481802,-0.16218058548789352,0.04451979628282096,-0.3018607434575542,-0.2696543516006903,-0.21730732039047784,-0.45891895319681386,-0.2950864793476725,-0.27009783880755006,-0.24325826586594124,-0.3030414312238824,-0.08600667653096371,-0.003919266584151758,-0.26086192474616887,-0.4231023885768796,-0.1588658476467981,-0.006130976626530701,-0.09089052440591713,-0.022274980896587547,-0.07385214590092991,0.03796566512934747,-0.29757140764257584,-0.2805810351349898,0.15722581858171228,-0.15158883613481214,0.0853291336538392,-0.16647607163113232,-0.37910556638915965,-0.3918126975905509,0.07297414070652422,0.1386184874153811,-0.03361195176429357,0.032166782046362016,-0.08019454597241468,-0.18725671966927343,-0.054114686169668885,-0.05681116637395404,0.060847406246002676,0.09764598504379265,-0.35826949772295774,-0.1873646224246774,0.062035919262006224,0.015010973978012153,-0.18223103357655906,-0.18170570506724867,-0.20849204460393786,-0.28128973542500096,0.20149427172424328,-0.3188801721125628,1.528598429653309,1.6477699242177615,-0.28695631942548705,2.221066169090971,-0.17551171322394166,-0.5431349790629969,-0.742300350213698,0.2313396099396036,0.07193531201699258,0.06287020690315201,0.5800592708469111,-1.0136311668769613,-0.8452075867139288,-0.6955886869868431,-1.2570570010181281,-0.8937901280268185,-1.0979369572491904,-0.5378359870808169,0.01620052783187419,-0.6502193134064799,-0.8175756066699875,-0.8937096415118477,-1.170429884492581,0.046105692775121,-0.8129642049695769,-0.27634722947289725,-0.6562695702902303,-0.8741528648081361,-0.19737287459677083,-1.3481161044872203,1.2597505721932363,-0.19274685798096455,-0.8630463334645172,-0.08973928354255876,0.1188304231444001,-0.49589645651591296,-0.24328012630594534,-0.6301253214269105,-1.4042265538392928,-1.0905287892356217,0.737921003698171,-1.1841149181901416,0.08886004266151767,-1.114862350584894,-1.016851530358291,-0.3168221245748393,0.6719156823641824,-1.3520747994850226,-0.4682206152230008,-0.5997947608378751,-0.8600021030212175,-1.1739183025682556,-0.223508010273943,2.1395984197884346,1.8313075123470437,-0.8308714267531815,0.14330888967973932,-1.0428698604977231,1.067643631937277,-0.524634787976307,-0.2571722394248062,-1.2095368615431874,-0.7242066509054051,-0.5685549969441244,-0.5687220662891175,-0.9447301628545826,-1.322743960344283,-0.7139533787492393,-0.5438804899129205,-0.6477651175665605,-0.02804098137175169,-0.7838845254638263,-0.7585529151508918,-1.975808489046818,-0.5617580633046353,-1.44688710836542,-1.2649778483632057,-1.2753733030168537,0.009459388677278273,-0.22877966725396626,-0.9304142675727186,0.013034089470264913,0.507231068575556,-0.7565847935837837,-0.40282865136471024,-0.25353062513058144,-0.3245331970589756,-0.25635194368752867,-1.0101767580246794,-0.5491531987262093,-0.9620806752476012,-0.5309433556296865,0.10411926849492775,-0.4271790762559618,0.5635678286620059,-1.0888962675263387,-1.046533349916322,-1.3190715786539773,3
0.0353317627759048,-0.118129498917959,-0.2607745695035566,-0.10448161201373465,0.03392402107239494,-0.255075641743111,-0.1598318827160493,-0.20697767511149376,-0.13351216445167272,0.008524046466821172,0.1086380392759261,0.016937387301799552,-0.24649415529979893,-0.11342840251130805,-0.07423981123781291,-0.10398700860407913,-0.21716977130574217,-0.11872899420522755,-0.24657543298531662,-0.222226885417398,-0.09452118106632842,-0.11787441478734945,-0.06615853383774366,-0.3280068361920125,-0.10318723292633261,-0.29947601913424376,-0.06360642520032518,0.08743575680999958,-0.41250950210320547,-0.0325102935414114,0.12334649038813922,-0.02309956845053278,0.03316357948549009,0.17706130303501372,-0.03821012742650204,-0.20786603326465594,-0.010380088087323784,-0.0652635256241484,0.09444002061073677,0.20730976733375298,0.1288145283920532,-0.07519154107786821,-0.3418729482237256,0.08906920190156388,0.09652412638504332,-0.40199693156862115,-0.13211497392475507,-0.0020225462232882027,-0.10032770106605193,-0.13828874253199155,-0.406601506224892,-0.17143209855660937,0.01538772296886284,-0.2198278283341227,-0.09514329778782647,-0.17026880430853666,0.07324881664182165,-0.13684072876496248,-0.12836543928010327,-0.24214134496162168,-0.3608577533990542,-0.24191545391388533,-0.2688337541427518,-0.31517956382802675,-0.2344317724545673,-0.17322780130969379,-0.32376758670176925,-0.20124477075401787,-0.07899352194178529,-0.23281532070638353,-0.3407740104566474,-0.09468602123162478,-0.0662824394350486,-0.09949799675528606,-0.012466157696918972,-0.12853077154123074,0.03281794058563212,-0.42932651543090194,-0.03317539799976525,0.24660605637507263,-0.20082973695861095,-0.04373401019619887,-0.20495092339788384,-0.4444560369926669,-0.46182456373722003,-0.06274151383135435,0.04559898752920096,-0.08595040172685181,-0.0030948169132496064,-0.11523342119180525,-0.21679488009978995,0.04007912732790272,-0.023606127579028607,-0.017781735806461023,0.0598107724175277,-0.3326166432541133,-0.17422522947906888,0.17308937654683268,0.03509595987216173,-0.15055940508559507,-0.1024637436138227,-0.14747683555324706,-0.28974183473465903,0.1509589702002326,-0.41029945602144074,0.2215141573604189,1.2516494337628157,-0.7534555645877253,2.0098309446789226,-1.3574580025834233,-1.383118887690766,-1.2912065187464925,0.18174861727261096,-0.8478508953473932,-0.6981588779718833,-0.16025678961178258,-1.4611580370719774,-0.27065703025176274,-0.7389417525185704,-1.4239602579641812,-1.0945698761570382,-1.2461389160456862,-0.9925128362105072,-0.5647289237855996,-0.8138177978222181,-0.9196084526959235,-1.029166337069129,-1.2253853442787996,-0.6831749466111844,-0.8468227074428267,-0.5336360560780927,-0.6536669925145544,-0.9521353059345338,-0.20207017701525506,-0.7443429029466825,0.8163013073571508,0.2674765305724317,-0.9867670558614946,-0.3283236782184347,0.6202062642944025,-0.29833257111422556,-0.6121311094896673,0.01559596169871629,-0.38639849194792747,-0.6845144743564274,0.4261726607054817,-0.8694576781429878,-0.03304079509639096,-1.009564629262603,-0.5916401143487908,-0.03733727790819325,0.17421190981045825,-1.3339569878123299,-0.3545524824316009,-1.1354388902342119,-0.8649224901188849,-0.7602294541835978,0.6080359092584731,1.6084881638148465,0.19344567446878314,-1.2571407253017512,2.066497080635997,0.1858725464620427,-0.020870698368128274,-0.7894066753699489,-0.508713105828914,-1.0167991349923686,-0.9450171881942074,-0.17440581846202696,-0.8689550486944543,-0.30064038636110824,-1.0340104405655666,-0.35813107433302915,-1.0512946657992615,-0.10152359496811791,-0.2202110093502827,-1.0387710359033309,-0.7065416332012655,-1.9823919344721275,-0.7914112829258687,-0.9695110855335561,-0.44476139976546997,-1.1359860186876425,-0.7680628659719493,-0.7616544316666535,-0.1395386125969528,-0.20009361307955809,0.1258496594938504,-0.6163014288137302,-0.3843422920557511,-0.459101021570016,-0.5245284633423246,0.11669152583959236,-1.2629234570954777,-0.824219856435482,0.48288915171656105,-0.5669212062504398,-0.20605133873779194,-0.35392030610916797,-0.3682920767540208,-0.6679041125416036,-1.4168783239760234,-1.1578662379562021,3
-0.053028130889838966,-0.21601290130548997,-0.2334222479723884,-0.2417932266635801,-0.07945614410913311,-0.27166171828370533,-0.1760388941133847,-0.08639438037740546,-0.16749001300531305,-0.031212844605533436,0.0947044289682573,0.008920924797483118,-0.20734613531050983,-0.1465468889460922,-0.07968063740518443,-0.18420763902920742,-0.3381017648647131,-0.0883008986208051,-0.22603237584539038,-0.21527855495198886,-0.06332585731732598,-0.1646360287869549,0.019930654969625896,-0.30506715990639416,-0.06063288888384497,-0.31062948718333677,-0.04542616624232665,0.10232267673635635,-0.32949246962714074,-0.07960097947892564,0.15886354652508608,-0.04223117504524482,-0.0109429355237638,0.05976613928460637,-0.0891757426480181,-0.1964795502262423,-0.1066618965080719,-0.03575147871213378,-0.003444413747384653,0.278150258307835,0.1014482426249625,-0.16176286618319224,-0.3001213389774126,0.11864377122890225,0.08282840231514159,-0.3426700288952095,-0.11474932450565016,-0.04164124798477716,-0.11821106829168708,-0.12607379320650555,-0.38594932536249316,-0.23449333751196982,-0.09246837991018282,-0.19931393941856676,-0.0394278289455074,-0.10343159338886508,0.10455214703763119,-0.0863779827837142,-0.14152575872986126,-0.20628969912451914,-0.5291570766240801,-0.2661732442304006,-0.2075195549142918,-0.19686701904489884,-0.2768232880284542,-0.15143012890455912,-0.2815324987927301,-0.21256806926568095,-0.08377829204640591,-0.2049711923524557,-0.3137077119897378,-0.11367970935597468,-0.14886973547689042,-0.10995543092308215,-0.015246719622329324,-0.17476669911529813,0.12228348049381267,-0.5597778814354283,-0.009415288135798715,0.11407772706845404,-0.17081683500930603,-0.12901996021035805,-0.1698256906783223,-0.548051748246552,-0.5676515630832318,-0.009318668117401018,-0.08817165753427318,-0.19208296301190989,-0.05942236573023319,-0.16657479857812765,-0.11149458572265242,0.08487130157826164,-0.076666492666945,-0.06167236156764996,-0.02543843666846579,-0.3884635097943632,-0.1879529065951604,0.17089242691377352,-0.0317437577788583,-0.1444563361966103,-0.030657221574388372,-0.171875875891871,-0.32181179389294756,0.17517726693662136,-0.4296939064560889,-0.49055986018819153,0.9304242433146691,-0.4997283968795253,1.5701127555157839,-1.715021475067186,-1.398117271251725,-1.17826556125954,0.6940972097142153,-0.8916401128330033,-0.2066358726273006,-0.2964710549630364,-1.601383866355481,-0.0349084573029509,-0.6895161401612353,-1.1032549913987448,-1.3042198981309492,-1.1527467654879393,-0.7761135080848374,-0.34776597856679287,-0.5748883581195302,-0.7065424796836804,-0.9764826948834048,-0.942757203942438,-0.1721551094865988,-0.4335998136073022,-0.635045475163277,-0.017343987574250857,-0.651003941263303,-0.37486355854057807,-0.17853731429305028,1.8105917842804393,0.2806154952144379,-1.4882501786675777,-0.6860877778550135,-0.5102370072253481,-0.1663735522863857,0.19691539262194271,1.305771011231065,-0.8485307464249132,-1.2339794769482098,-0.5704839244505255,-1.739939497033914,0.43276933205662793,-1.5958012820111802,-0.7191731843032891,-0.08987436120747613,-0.682099458041621,-1.5308401012161,-0.5215597019779552,-0.8003805871927694,-0.4386960657228513,-1.240673464910136,1.0095934907753112,1.9143288686159767,-0.09854864414496405,-1.2344529107730586,1.965536776089366,0.3784347901954862,-1.184316498170151,-1.283147865822075,-0.7138032024870433,-1.1735995574304297,-1.4048121712991224,-0.7646954005559167,-0.9936824123077975,-0.6037968586605483,-1.0098582263750597,-0.7118820237013618,-1.0940825059173827,0.08808646967438283,-0.5472559155441912,-1.2322144804819677,-0.8871491020139854,-1.7301616808688662,-0.8911891230164104,-1.280746140878282,-0.8289538561141551,-1.2508962291049919,-0.5897732603896384,0.08191762427113822,-0.14104247972337441,-0.19648508337123172,-0.9648368617197124,-0.7248208334272626,-0.5102738578345924,-0.7823299282283618,-1.3394782785096306,-0.8148436325617575,-0.7345923129793628,-0.21609274574792633,-1.2290957018800102,-0.6279735514121101,-0.4087612538559924,-0.6327149240184259,-0.8478179024063327,-1.182808516409956,-1.3673183636504844,-0.518797729290419,3
-0.057625865452358906,-0.13545910268463748,-0.17295791499467159,-0.27141659064114726,-0.02217905019647703,-0.21747236832008687,-0.23301654910986971,-0.06683639145704591,-0.10541650501869854,-0.04575721614966844,0.03124608843467216,0.06438342428076999,-0.26123228202732646,-0.1604841773503994,0.009701181609200405,-0.21238643793391265,-0.35935664833104697,-0.1402231286836672,-0.24915554043719604,-0.252784168146501,0.038426787237041654,-0.18793487684433252,-0.009104324075219522,-0.4017769933204719,-0.07134120809757681,-0.3718804860712834,0.03676196956428952,0.08240783405414151,-0.2963240176991559,-0.09940694792084775,0.12289166213292192,-0.05656815737962746,-0.119438654436321,0.05073636024969524,-0.07395000362240309,-0.1504127827400861,-0.05234147033843571,-0.007142850879195862,0.03588500190956281,0.2501668210539151,0.09900475887106676,-0.26176285203033695,-0.2501717094633082,0.10063621069153926,0.06001970681063582,-0.34811208085058387,-0.027095897552857833,0.003886207009037437,-0.14371164117050256,-0.11445623148767835,-0.4422163932463881,-0.1250174251461779,-0.12813072006834578,-0.21747890803794867,-0.13276865773512292,-0.04233922585405577,0.17300398348208157,-0.08261724898633958,-0.19018355592404543,-0.11576950587273063,-0.5786372250815397,-0.26052609343874156,-0.17492848068496697,-0.10454413089647552,-0.29552587791600843,-0.16043568372489211,-0.2048728050670773,-0.2644732374001374,-0.0663712896483858,-0.14100209254364143,-0.3000156229096309,-0.2209315637730667,-0.06975858017950576,-0.08830609151778286,-0.11712344651668992,-0.1081461981973283,0.06497728376405497,-0.5869557065022852,0.07880668953873646,0.1442106527657512,-0.11285470439932467,-0.1445026791121739,-0.17731798790261669,-0.550007102385544,-0.6382032634883773,-0.06056200414543457,-0.01554973277774223,-0.11547848740306972,-0.1415479906703307,-0.048500577889975305,-0.08751879843894976,0.12608903328954502,-0.09752034365740027,-0.09772903685553182,-0.06873343397192576,-0.39678097529350115,-0.09694981887217213,0.15321844201502763,-0.05143011899454211,-0.27409921041120383,0.0168664818288748,-0.10825243484786252,-0.2563127793731525,0.1808973425388326,-0.4392835771383937,-0.3382292896404898,1.5119571296020586,-0.36991617010611866,1.6957245945119999,-1.456768667988699,-1.2652456682834703,-0.9937898748069159,0.49335338650050087,-0.8732478712075974,-0.5451580881581001,0.0013470069266469304,-1.5309675398942113,0.07651816808577301,-0.8132936336488037,-1.1171767987928294,-1.5946846607695226,-1.174522208549129,-1.4444671630656902,-0.6822505853757671,-0.5634489147741077,-0.6370677751310713,-1.2251200203302008,-1.0523068862637899,-0.6772959196995331,-0.47732772121256567,-0.5681953655053417,-0.2644029047898927,-0.7470230246656204,-0.17649628393045408,-0.3381155737422834,1.1063897135392602,0.41468615537336545,-1.259906567985943,-0.9669631715777914,-0.5228284210460128,-0.14727934346817326,-0.819878329435732,0.6843666711961656,-0.6940748600760565,-0.6043309612605051,-1.5270592216341123,-1.3750298347034822,-0.8211535469970717,-1.4802318717876315,-0.5926590771377462,-0.20495315417239116,0.10938620839718877,-1.6119494379525345,1.3391135571380721,0.37954127043936925,-1.1027429902642147,-1.2290763106440663,1.299614524897799,1.7310744465886425,-0.3011541233029893,-1.2858894890555224,1.1730016837094905,0.8239424087598968,-0.503230515991613,-0.7207597898336788,-1.425025618853504,-1.0254542405005835,-1.0591613615761144,-0.6468443531136969,-1.2088863900726627,-0.3214242642005493,-0.52615493859585,-0.7134797828717028,-1.3970545010767996,0.037518692730208594,-0.7600609990508074,-1.3375368790999167,-0.5609831791960024,-1.1244236711651217,-1.1193645261594236,-1.3387334996864437,-0.3676058620342846,-1.4807537894974756,-0.8281248261479054,-0.4944598742913045,0.40523111362491365,-0.17654999915475705,-1.1397498371078383,-0.40048564706813455,-0.649744355094666,0.32116621227779507,-1.1114096097716921,-0.6099532835071898,-1.275835998891537,0.8849712289613295,-1.2236422680305663,-0.2641911868760075,-0.886283600708537,0.8025357032696293,-0.751079259303501,-1.1334102811583628,-0.9461969022594243,-0.08593478973803206,3
-0.07928214899076105,-0.07901028755724165,-0.20275260152139135,-0.28941331234360496,-0.0469769693807529,-0.2262834256635913,-0.2596002108109851,0.052869441724332326,-0.08984941621486131,-0.07110589264796005,0.05236171247235349,0.09865181428760764,-0.20102786556973326,-0.15422545147828265,0.033082404077094264,-0.21790804030210237,-0.2952387153581285,-0.12722295853515736,-0.13890064607875263,-0.2570325188985532,-0.004757533627006348,-0.2800920729757104,-0.00194590826141225,-0.3590016945460458,0.06728023781143669,-0.30825145488320593,0.0437398559744247,-0.037431572820547966,-0.19463507995361656,-0.13035568011551948,0.09962613637571763,-0.05995970964358381,-0.08801478630035864,-0.04748683968489804,-0.07423130346681626,-0.10497739340712191,0.12906341700066115,-0.05806678602654232,0.034581362955224355,0.24116600203792887,0.01861886865263837,-0.27878566601213045,-0.21576022233944073,0.04916738489299995,0.0780063065768446,-0.304824025845863,0.07624432173842992,-0.023969512539280736,-0.04910887409516956,-0.09649955216334481,-0.34332168068226093,-0.1940915128392144,-0.25565954044071254,0.007170476614012763,-0.09608168710899119,-0.004246974410959414,0.1075774717864252,-0.17305049061446023,-0.2963507214490807,-0.12522769423425606,-0.5144686963596468,-0.282706078238416,-0.17600228756467848,-0.15739250813849556,-0.22086867170010377,-0.18690673916629522,-0.18495670390191138,-0.21521554409460625,-0.11948559182658462,-0.11699722348583777,-0.3240673642967494,-0.24715236185850234,-0.12276340445742456,-0.02961822632074381,-0.06635954193189876,-0.15977724812182742,0.05377927673992098,-0.5863959749404106,-0.0061999034057339825,0.0025718741780281604,-0.1569289890003571,-0.12804113656175958,-0.18873321792697198,-0.4264628286313284,-0.6437544824994708,-0.05700707318500506,-0.09758515890997774,-0.171965435066318,-0.23205008247418119,0.004638775187998444,-0.13377953526846834,0.24011007746226612,-0.10541229831663874,-0.0948068503673271,-0.05923575156078133,-0.3431844122778952,-0.0866643029623434,0.12757967551732166,-0.1364210744791599,-0.44710379935025096,-0.046746092493153146,-0.1292011401963415,-0.19957790255482002,0.16898638935341023,-0.4484499863752772,-0.5159841366715708,0.35649903322965587,-0.03895085250288696,0.5694587834848769,-1.2102337321953751,-1.1600067425444494,-0.16435610627552402,0.5631863388796231,-0.8409168343089257,0.14722847950316298,-0.21801352351078604,-1.5147743715657778,-0.014073425120827545,-0.5694486241093788,-1.1368712135749066,-1.5761291235581238,-0.9802570037001196,-1.3830220854447297,-0.6123427914304019,-0.6588714137785877,-0.6582155733358606,-1.260495815925607,-1.1082887491302147,-0.41954104038048884,-0.8238982619513302,-0.868282931455653,-0.8857067509687032,-0.9798455437599587,-0.0367122792418628,0.8093577941429206,0.9825714505798095,0.314631667330119,-1.079795366688446,-1.0627110528216261,-0.7961167885730428,-0.9977454842774931,-0.36053293094362765,0.8985910110052158,-0.7451818565871983,-0.3044646378190631,-1.1706317948250293,-1.7861475701175875,-0.9623129272112958,-1.6160425249966754,-0.3575639351069118,-0.5824647705101856,-0.9241030857912853,-1.3974018841785913,2.4077234574363375,-0.131067572872382,-1.0381234896189893,-1.3106616975790497,0.9645650063882159,0.6450612089898167,0.8120716619160201,-1.3592919338844518,2.0651831176547053,0.3397465284002743,-1.0687346923300711,-1.157733553645054,-1.1253417353742317,-0.6316296916884577,-1.3520687623647434,-0.8563545960676847,-0.9044268497208866,0.17301660449422418,-1.0248287800245608,-0.8770021530482687,-1.2099901619946745,0.1337196555937479,-0.727448406746249,-1.3387297269568248,-0.7841025111884156,-1.0682476306191722,-1.2596932028012533,-1.3371532726115742,-0.14346935935993624,-1.28124621431652,-0.3967533288081349,-0.6184410991426943,0.2980595056258337,-0.227561218649842,-0.8994167955225594,-0.9785776046201211,1.0491979004930507,-0.6264742007659047,-1.3934063088764934,-1.2288728929802157,-0.9918861963398543,0.5997343990617456,-0.2260226519947419,-0.6495461253911207,1.3987623764063437,0.5781251635057936,-0.9390367643734319,-1.4245614819051924,-1.2147527223462902,-0.040050416046221574,3
-0.01908403324021163,-0.05328754564517704,-0.21891144036170948,-0.2741200507506203,-0.04262742485363182,-0.27801895284800154,-0.2671498801034188,0.1386598041889739,-0.035503429405224364,-0.07521414117784816,-0.10310355574775708,0.11388944087767901,-0.232978861274031,-0.020831320660933215,0.051006188328227356,-0.1796015881015918,-0.3193143405299981,-0.08998690141619772,-0.036540811673159417,-0.2704841952885065,-0.11472674135806722,-0.2756005382361871,-0.1465572109114813,-0.22816035391274053,0.15183805322025504,-0.1820141297641311,-0.003341980146288087,0.008564976368373277,-0.15790402479809737,-0.08651703655787293,0.07473242798107564,-0.15319402801819942,-0.19757592087234363,-0.01353310718765904,-0.16576453511377756,-0.013643156394232976,0.11915692304964816,-0.003050090070698015,-0.02643207626190562,0.182727576781635,0.027679633292472427,-0.2485995538342067,-0.2881782669202466,-0.02606712531506181,0.11581816343478414,-0.3176205870250626,0.14545371046650946,0.008457041966282284,0.09065188920969507,-0.14060929673241454,-0.3135925273242668,-0.10430934361408162,-0.23344173068295843,-0.06555708530861348,-0.053859836587999046,0.036833304489492784,0.011331447042132185,-0.13652907170482811,-0.3157157185729787,-0.07880905982232352,-0.5747602841353602,-0.28393199030279576,-0.1635512003518583,-0.09304676183932148,-0.14600481582198108,-0.17606125715824625,-0.1176952981398766,-0.13649167247485328,-0.07264273238342167,-0.1119090462626935,-0.16063492377566047,-0.2346297174704491,-0.08062218052282763,-0.11939402723632381,-0.1202070920906421,-0.15848318506664547,0.10170277595585622,-0.43690509234729025,-0.049208657645636145,-0.019989462874821305,-0.02758689275055935,-0.212022328783443,-0.2393688569612155,-0.3156334995439131,-0.6396122572069822,-0.03640995299541604,-0.1614000395570965,-0.0665136498142744,-0.13674557710310498,0.06710992240747536,-0.1261822313955275,0.3471107394865351,0.0018141767596997582,-0.13957650814646727,-0.06235644103442201,-0.31244369776890696,-0.031181547849464395,0.1747535088177451,-0.18052529524793756,-0.3854496705378063,-0.07501809404818441,-0.1829815280003419,-0.138633568624161,0.14391176816411305,-0.3814483726288923,-0.6107164047827047,0.09921280018796637,-0.3174513104128873,-0.08294296147417216,-0.30824377754151056,-0.9156874093269073,0.44583012999803984,0.7751638478706876,-0.8877793138883737,-0.7486352970416466,-0.4839912724965905,-1.3797475641995356,0.06434300372660409,-0.6742246666862641,-1.0470093581121427,-1.6909821456474856,-0.9946986615867539,-1.6222385267156387,-0.7508826647735196,-0.5604088643168986,-0.7004151525001505,-1.1841029822165394,-0.9859674437472525,-0.5512455353188619,-0.6970896428168974,-0.5041890909310015,-0.8418154517496271,-0.8693436715626254,-0.9472257631563249,0.5986285067384481,0.5819835266650134,-0.17415573254412337,-0.3174369019926267,-0.9968425567106061,-0.5944657807294841,-1.735323626534204,0.04311911397007476,0.8210573694003267,-0.9397797377950956,-0.5499719726507631,-0.6539294305262175,-1.754303014655773,-0.14057707167422034,-1.4206405360834131,0.2829419945521355,-0.5946312377096439,0.8144036799470513,-1.6744475411426387,1.4644386572394146,-0.16352856380068526,1.0214080503054033,-1.05999613163278,0.23085978425751025,0.03938321323200208,0.9280138963329473,-1.5982060687883661,1.856052381157627,0.5225272757035748,-1.0144686282718969,-1.1942777022646796,-0.6278399473973082,-0.6209831009659551,-1.5079104557877823,-0.850040402418707,-1.1511398932181534,0.971626858614207,-1.0674145072113912,-0.42192069150797856,-1.0387866890505888,0.1699930869344271,0.47287453122084605,-0.9414437157774448,-0.8380761919293033,-1.2492114886917984,-0.9595432457920445,-1.330682542343743,-0.06040792523521445,-1.7269110152833573,0.27294153311243463,-0.7995358943440225,-0.03325023088040743,-0.6206457045178431,-0.42395045643295387,-1.0667276226881774,0.43855823912448383,-0.41356817252611733,-1.3805397828829435,-1.1060660612583064,-1.068271374255002,0.3856909246150435,-0.3370202683227912,-0.413777162892534,0.011869043113025312,0.6689055898558866,-0.962152406057778,-1.413868357366237,-1.3252754421180533,-0.023020436958254353,3
0.019318041756391707,-0.1460517242148187,-0.20095558592060378,-0.3186671515417158,-0.25527380128403004,-0.24504239126356656,-0.26393555749674175,0.09595024303874893,0.02902925743480419,-0.12525176204471536,-0.06382479898799114,0.07231718740557391,-0.24063598039356954,0.0774293423171195,0.05789824623876031,-0.2920546224189568,-0.3113664215719817,-0.11639589995753148,-0.05518104370497949,-0.2694532445045437,-0.03683951735562003,-0.34904133840042917,-0.04438191807548941,-0.16707362100069156,0.07877715805226268,-0.13525409200276975,0.02630493893318182,-0.04974320613205727,-0.1651322723757099,-0.10715770808903041,0.035536911445746965,-0.1662213795935733,-0.22934537700881658,-0.05237338319059133,-0.21446181840986525,-0.13268496139342412,0.15007124802876776,0.02117533458722748,-0.09900856478595732,0.13430747667646684,-0.07400678059595626,-0.2100894457036082,-0.3134458980531359,-0.010713008524220816,0.07378646794501544,-0.19535964576535858,0.18768098099846514,-0.033403904615146446,0.13151001487131245,-0.09683745033615974,-0.3083681476091017,-0.13977940159745714,-0.31946406946371164,-0.1122899652246799,0.034692102169385966,-0.04503311395692067,0.05459832886706948,-0.11141815862903078,-0.359178040217457,-0.01406874423738348,-0.5736489166825095,-0.3437909781253842,-0.2957659221260981,-0.13472206994450728,-0.167251855459013,-0.15639168178766058,-0.1371794834323156,-0.18804266416961013,-0.08827978953782792,-0.10324712659777092,-0.12045171656825539,-0.33722109189661864,-0.08159427551586987,-0.13661090869256526,-0.2526524927488779,-0.12475263567766516,0.11701699570529069,-0.36567834448119213,-0.19149129651569435,0.06404457291401389,-0.059116477128148597,-0.28614202469476796,-0.2841351743284277,-0.34453432792022554,-0.5714536296507623,-0.04253267968023573,-0.16255700510758103,-0.08315829747894375,-0.0692845194037041,0.014167941345322297,-0.11971204577253004,0.37621505565813146,-0.057521421810088715,-0.19602895875404214,-0.14829448989045363,-0.2329286661515261,-0.09906070933870333,0.15765453931316165,-0.2902135842478146,-0.3017507311567419,-0.12036362301761738,-0.10821100352560135,-0.11217944338479736,0.05332749385343007,-0.32320356466178357,-0.20993205467855058,-0.6783844422312507,-0.2965615960171161,-0.7662437704835534,-1.210608833858019,-1.227192616163456,0.32052528995008617,2.385119189622935,-0.6462750796210418,-0.2863276730797099,0.05120746746747381,-1.3913928321688152,0.8264926425008798,-0.5403205672801332,-0.9180997441725814,-1.7029546602890517,-0.5154104618355745,-1.448249821279687,-1.5009003131614074,-0.8891497401791433,-0.8018766463040139,-1.0067772407196012,-1.0904207530718086,-1.1559583487378113,-1.1802478674889587,-1.1639901524261045,-1.1173608877608374,-0.9928236324095573,-1.3444206531904181,2.4253778887040065,0.7039314153608195,0.6871050986336739,-0.9957418411403478,-1.7079914383370944,-1.6571565134735036,-1.649027053918746,-0.306598195548522,1.1670616818635857,-0.5891727785457227,-1.0526128899938623,0.21709109409741978,-1.8121384519817092,-1.057425360146189,-1.0887684807422617,0.5488935292563017,-0.8318929811828858,-0.9086633718302608,-1.2257475339063522,1.0588267715286428,0.08427799230766884,-0.4861856062894419,-0.6789295676615189,0.00946870407450669,-0.23352629872780006,-0.2721471820903844,-1.677574980792048,1.5285691100842742,0.5869174017405823,-0.3174261821850837,-1.2098036537178107,-0.6949478799636849,-0.7137899963476946,-0.8896418983475474,-0.8270765451902479,-1.3009566220234103,1.2615129813523067,-0.4295991597497039,-0.5989602789820175,-0.9334458937357588,-0.187318913001464,-0.6704129037159203,-0.9980650291151066,-1.4166186933477425,-1.307889112833051,-0.520086386348676,-1.285485210328423,-0.2322587407640225,-2.1777984026677064,0.643722200758316,-0.48515549794531776,0.09355717180217096,-0.5623732675774338,-0.4836675028410754,-1.0552296813880309,0.3343800286010787,-0.9795335488788292,-0.9294147931163762,-1.001541748889341,-1.1368500516119546,0.20676349285902182,-0.5665218556288231,-0.7852905155277771,0.08724346829652259,0.7075851863894561,-1.1571393550742268,-1.3459176458889974,-1.2515660577996155,-0.13826318624185963,3
0.5421564554029457,0.39511493551188276,0.08840109679908081,0.0017177237299500498,0.4354661549733858,0.3144681837461249,0.5179549824639581,0.6161289597963454,0.4334678434192936,0.22008802320554996,0.2462821542979334,0.027854575796530574,0.0966680698104918,0.12735827104075664,0.23517173581815332,0.48486854346940933,0.1451963850604032,0.2838311090639419,0.3868778590467887,0.578520683148583,0.7658998578520021,0.4880046310288669,0.5968336838049447,-0.09915297307774944,-0.01401511230847165,0.053461563180765254,0.027241157191235002,0.22409312413584054,0.2904373246375029,0.2731010819936248,0.5613632138086795,0.5046296320325829,0.6931639346433759,0.4650599050533352,0.2591788180663771,-0.08105570381165297,0.028924855903795853,0.17818391007751877,-0.12319212155923515,0.061837404211317684,0.0817759374578408,0.2951969168295615,0.3322504799501827,0.3860067123035485,0.20015021984733128,0.275482232796862,0.17348504644928295,-0.019318498630240676,0.06191985491777053,0.3003375829353842,0.2820456100575012,0.17386548976849425,0.2562853871055278,0.74919038925287,0.5265085119216678,0.3398630284968372,0.20733690132954494,0.19453740427656876,0.05975472211985139,0.2633301993142572,0.2587225489360299,0.04267027855078857,0.890925870663577,0.3556289280618951,0.6454385815254715,0.2318097921469516,0.5149032697984597,-0.06645346903189829,0.3629183509105717,0.446845005583422,0.19425172615665126,0.2818272087857556,0.42215036267540335,0.16394225045872163,0.20373905987469945,0.14457710780091634,0.12528611934753864,0.12110286395447199,0.9319724464746064,1.0872520883629082,-0.0003195061129584098,0.23715072412033994,0.45454044140039634,0.2982640822563982,0.13400568356173692,0.04996914197814868,0.5053021303836633,0.3613325284635571,0.1430141820007059,0.27365071779125594,0.6189974719566381,-0.200649281177987,0.045957931199109306,-0.013215296542866996,-0.07167975056527527,0.18555462626412608,0.32912561427971365,-0.06896890214133315,-0.1056798578915464,0.16908585669339735,0.012569153955719455,-0.07776145034268257,0.13772857953169718,-0.07470818011163888,0.5155552251134603,1.843956122821398,0.6064048546296338,0.19684235513283838,0.5894445837817593,0.8665737427614547,0.8524026925391917,2.6639696818780476,1.2622469507330842,2.082480861147697,1.3518554299481005,2.740359443952651,2.5130022896302804,-1.1209807564531042,3.0871814989733135,-1.0161253682557105,-1.4471918504257273,-0.9764141792991097,-1.2662620768863884,-1.3695609015523427,-1.2350557220696108,-0.9529353447124653,-1.1116599279788946,-1.0142785393589986,-0.41586550599841643,-0.348731704838609,-1.4488850036490108,0.2416884500475486,-1.3142673454795177,-0.14500399704507402,-0.5494689604459712,-0.4079456480886958,-0.7749444780802844,0.48165299891183255,-0.23334624227999387,-0.009405203281161645,-0.11006748546120945,0.06552116658694923,0.49030333502387025,-0.7098829877990552,1.2771966925981146,1.0472796454924989,3.041520751679521,0.3803792103124048,-0.5815640554689611,-0.25622891308710793,2.502372153539606,2.61625123853186,-0.4225526351331108,-0.8142309120083969,-0.7024954146240251,-1.0712013608207864,-1.4339716717176143,-0.14849645383795293,0.9367288251116622,0.42819648995164317,-0.4252050719169547,-0.65729534721301,-0.49451635477577804,2.104456405803143,-0.4981263986966017,0.1815924125053599,1.3721937843756882,1.6726774849310644,-1.2214744898305268,0.130130996629816,3.2114997671090717,1.3285171326843412,-0.8024612713523015,-0.03153654351643781,0.9834114305818824,1.6840469779496001,-0.9139335839207198,-0.2723222371668287,0.6258987594317968,0.7242683098475827,-0.5429978286381961,1.1536484805957161,-0.2941907176070583,1.8125514840012866,0.3619998260278248,0.45461020547794023,1.3612182731219855,2.647152141298211,0.2552121387528658,-0.8098674212969389,1.0026334389895255,2.783292805662428,-1.1370002021453456,-0.398712046467131,1.6901847785353332,1.2262224905578254,0.35975568422472637,0.394040246182971,1.307791875755683,3.0910829504277126,-0.6358066332201523,1.6004829328731738,1.0079329233437742,1
0.09497010784106238,-0.09304078265644335,-0.2851717979596422,-0.4189962782554612,0.15173550927106666,0.047305867806720865,0.22131560314904566,0.16044441369698603,0.0021970251724706433,-0.3439560354661507,-0.17844977313300361,-0.3237426329634835,-0.23794521381883335,-0.26929976599528677,-0.10639260302194051,0.04493746148379856,-0.07747746553360672,-0.08243132685331678,-0.030070314589610694,0.31054070608378037,0.21922411702048267,0.06763866289269667,0.08446529473030884,-0.3361914211378791,-0.1764147453757208,-0.16052600658276675,-0.27127998709427986,0.053041009981570124,-0.058423545392119414,0.013721508763751552,0.2718966350441132,0.2225359366754216,0.24291135714798429,0.15195640398819799,-0.150131741538651,-0.4116136207375923,-0.06362232034646575,-0.08169334955199328,-0.27197374405392777,-0.18033611950218617,-0.0034341588214309078,0.09316146729739896,0.20157814170439373,0.07831056049605045,-0.057733714481021665,0.04722099945575271,-0.07803153024483345,-0.2264206001894066,-0.2008968449229364,0.04911137652976514,0.17289988999953806,-0.08534086338391621,0.12773025764290982,0.3451566827559137,0.1754596386823144,0.010989772524141532,0.07175606806190908,0.15987601914861074,-0.09372510037646876,0.02849467484877477,0.2549287923627712,-0.09399570829762106,0.492949382488576,0.027599576739030005,0.2185930279222795,0.16314002349519166,0.29139723206705287,-0.09114012304263935,0.12375673818295323,0.4626075161413262,-0.11774283081251172,-0.04074925859934431,0.29277683838431406,0.03288931398834471,0.06163402553872676,0.14160970000732476,-0.09186193405579428,-0.2585508615787885,0.49812140163380214,0.6701362226126831,-0.2552889401828122,-0.013850990779276881,0.36526956501098645,0.13969230171297742,-0.13057368034224012,-0.35643802081137926,0.21810852351000212,0.1514053499088759,0.054931325244483596,0.04640186311548197,0.33097937778970704,-0.5250840894969708,-0.11618940180332518,-0.2044675623112375,-0.35018764574409716,0.02935362963827641,0.05197238109548697,-0.20577668390535933,-0.4494157798404781,0.12250883909249277,-0.1516540680714199,-0.2524602004410683,0.0837988223945647,-0.206178156232078,0.43460775837329174,-0.0737738368602299,-0.04836327245536248,0.3595067345725376,0.7066318521244056,2.0030098016756064,0.877523182866201,2.2239881186384562,-0.8409851889409974,0.3467401251072839,0.33376391097535557,1.5466997015823236,2.947754526901482,-1.2564578682933523,2.0860635513920815,-1.097311531350119,-0.46645751237813526,-1.3056561305584962,-0.756521492647683,-1.4409239287544695,-1.3520884792225385,-1.149920767675839,-1.0440864194668649,-0.9429045069563876,-1.0300079901553358,-0.633023538017024,-1.6288083465950067,-0.4022750151300741,-1.160469471555992,-0.21478808697436744,-1.0747762734876765,-0.6777683718414647,-1.5685936716237179,0.1907037733043177,0.9655922804800471,1.5618942370599704,-0.18936430739551663,-0.29182913126659854,1.0098304086221837,1.692448461359593,1.5455285075384804,1.7769356727681462,2.5650179253702072,-0.013011522050388908,-0.7638946075535956,-0.4218283314114572,2.692580501770872,-0.7708023904281467,-0.6387460389478364,-0.7967224315642437,-0.43650353691580923,1.1718118616635458,-0.88269379505913,-0.055582985533033924,0.8824749818884665,-0.638050968378901,-0.5565714804905507,-1.3116643173661726,-0.28618263778754355,-0.19674130230134332,-0.3043673601469728,-0.10469718089842864,0.7084659134885509,0.9480733195683163,-1.4014089906831095,1.147443531930009,2.3740659593093265,-0.1319643117537559,-0.8302160241522786,0.9284681469717131,0.6091759915662217,0.5710940691699863,-1.0752884531433893,-0.6182429074438708,-0.2228864915943315,-0.07197380720111494,-0.7295410583394436,0.1798669268961886,-0.5566937661863284,1.9042257371070304,0.9437055314507208,0.8331835821219679,0.6282335711327913,2.1154271454505005,-0.5686616199238013,-0.8538898529873146,0.17674173423438383,2.1095628901274055,-1.5939824349376546,0.5684721126275158,1.374004000234551,-0.7992931680061404,-0.5545840498128539,-0.031080646210591756,1.8462231585231152,3.6637651916988565,-0.6822935003815637,1.9687467257035733,0.808014785308893,1
-0.0994579515377243,-0.47810437274423,-0.536261532530526,-0.5707890108913121,-0.07436260407307109,-0.07142938128370412,0.04988645450513473,-0.1322176037493765,-0.07929973969609677,-0.4880548055777936,-0.19111731545862165,-0.48946861322698004,-0.45009549581068437,-0.34385266762239336,-0.27198343532207686,-0.26084600082121434,-0.19518983193880415,-0.29868049611742925,-0.001203185858575027,0.22802915181152056,0.05767081531928343,-0.03166424928770388,-0.1851106118431956,-0.3393178226031501,-0.3255107502580983,-0.25098250480858814,-0.40867905252471476,-0.02718722217335663,-0.19013212089596215,-0.05544259306179885,0.14809285031020286,0.1197116880453824,0.16395435054014473,0.15423635801666266,-0.2579967154161995,-0.40905969521815094,-0.22021221267667543,-0.0983999582785914,-0.3546586049038054,-0.2016921287801324,-0.12058599719736364,0.06953241234272894,0.10591453500414218,0.046761875854898195,0.03630852090598239,0.10370049367774505,-0.0906667945718215,-0.41889815333877833,-0.17161741147921508,-0.14478920799935577,0.06347021626237512,-0.1528738912881452,0.013478186571712576,0.196026651595326,0.09679760247772416,-0.09761628013494135,-0.031536305320337944,-0.07982645561490563,-0.12495339434492252,-0.07591683309723188,0.14577754174289426,-0.1364190020603043,0.47246930996342695,0.0008320866507931504,0.12221894873541284,0.23149174650648532,0.11522190884806267,-0.16189364423629304,-0.0034616562337293688,0.2917783446638464,-0.11524151719949297,-0.0322018525771942,0.3395878401467064,-0.14505815566596744,-0.16288103469050608,0.1293470997271754,-0.246469883793183,-0.5198022196571479,0.3801024325072511,0.46266661611751486,-0.16779851376888763,-0.08401164521135011,0.3009469420740589,0.17672041403843244,-0.1638551954960565,-0.3870319048028305,0.2366216303565419,0.20933245608152543,0.1268962196775074,0.01688092359954018,0.18811535597042842,-0.3780172543822678,0.0074132977088420616,-0.36289448129800383,-0.23312294063449215,-0.09177810148898911,-0.18817816487942393,-0.16802248763719016,-0.622980764801325,-0.04992043290903682,-0.18512519031007946,-0.5363107369334816,0.08668845859627958,-0.26927085490650576,0.31212712268589504,0.705300019864634,-0.873458810908585,-0.3681028460584298,-0.9226871011209097,1.1251083630759113,0.6914420129223,2.2578475255555084,-1.0647308426614526,-0.4435639832658166,-0.11427458581267062,0.1602039063279229,1.6940764945847024,-1.4196979566787655,2.921089657910087,-1.0151711380830013,-0.6124659088078954,-1.3355611178197997,-0.6869290357650543,-1.0679030477676572,-1.228172047754128,-0.9940923435020318,-1.1015328715336328,-1.214206740474406,-0.8800665832341588,-0.31792258995270584,-1.4950322412667703,-0.1258083209985759,-0.7791904960704755,0.18838916342216233,-0.9113446365915899,1.770631967498885,-1.2222188520736343,-0.05183761850431606,1.1579115106461435,2.125462329474503,0.34228614394474965,0.3666556018471195,1.191750889954438,-0.5828773078616694,1.6150356956450453,0.657116406503407,1.5334596643504064,-0.36948071846298497,-0.5620265269776408,-0.03403103518280125,2.4011822933423366,-1.1783813592416486,-0.15458316149319493,-1.5564522411932553,-0.8027554986780253,0.6920302943720746,-1.3031678241435178,0.11001176573432049,1.6422646839157335,-1.36296781164291,-0.552705565129968,-1.0113521308473352,-0.4244965854514115,-0.6522820239834412,-0.4747296721554007,-0.4487799225198645,0.34909048588721237,-0.606983718277409,-1.4401791010051537,0.5175071928280096,2.3002169132849857,-0.12517352515967844,-1.1274744875561709,0.49667970919931664,0.39033956675566683,-1.5604498014624735,-1.1080578959576548,-0.9197604824658169,-0.861831474216514,-0.8612353878529653,-0.9415962006425668,-0.3923122720408934,-0.6468887246044263,-0.15763019424094754,0.04127690000329328,0.5963738475794628,0.6736772075382308,-0.5205233557861001,-0.16424072811656656,-0.6881422642022258,0.018108413094160496,0.04405044858834698,-1.2094649145034302,0.06880443769289699,1.7912371172989014,-1.2100342937886037,-0.3871814086099214,0.2354957617071524,1.6275150825002238,-0.1199146104741289,-0.6234216142989908,1.6031845549561452,0.17423879130450368,1
-0.19340693545132248,-0.4701196874437684,-0.5975395349922102,-0.5508416937041101,-0.11640019706856598,-0.04497362087706684,-0.04987338104348015,-0.29814253232898336,0.06762900718260303,-0.45501354849256986,-0.29152232979542003,-0.4451838244913103,-0.5136767287185118,-0.2462297225122886,-0.3300426334950266,-0.3173563396963304,-0.29381893639213186,-0.17488956136561293,-0.030018334923166873,0.11488492402401318,0.22090404791442592,0.039419376763735414,-0.12675095287282784,-0.264293293909574,-0.44100223572268904,-0.2080083739084557,-0.5174823512686474,0.025405143507026755,-0.32833582195494554,0.012044424808180675,0.21380325772859665,0.0902953426712638,0.0901174683054887,0.21520954609316653,-0.29229852133228607,-0.3745172336453116,-0.20272389044320924,-0.13158775898691152,-0.3633374653747307,-0.19613383038903362,-0.1353494840721328,0.13600185164538106,-0.027434306560079984,0.10043624413820411,0.18765468869038493,0.1872995966244292,-0.15449992681666644,-0.44064610628180856,-0.16076067219902965,-0.19812394429459446,-0.16126379941322902,-0.08012462338844162,0.13249624362386517,0.09723827563541218,-0.014068090587251445,-0.16090922260882903,-0.05489095101881543,-0.012819352955949848,-0.17976823284832755,-0.12637546184656745,0.07845686111413458,0.00671615873338493,0.356932998363123,-0.07528830770401157,-0.02314523252274308,0.17601928140881945,0.2116527287439014,-0.12937530481410106,-0.01576951305489379,0.31424586874748317,-0.15570540408186848,0.047594467741098906,0.3864902971155442,-0.03115276602645561,-0.16962126633723032,0.08253283978833627,-0.18974373257648738,-0.5099356652829378,0.4013531857080664,0.4036580228561687,-0.17179393051355485,-0.17272765231321188,0.23025950386940808,0.1928603465655695,-0.2821302780748426,-0.4588228631550793,0.06971237211977542,0.2284067189721593,0.10782909220590813,-0.013837767205393264,0.12271598220335266,-0.3300426859196035,0.054521631347724094,-0.3520169717739873,-0.20373614830505846,-0.08434857297631061,-0.21031714002952756,-0.07354070424641546,-0.6035839210657143,-0.1375231403475969,-0.1726255353282804,-0.504087599746105,0.024190181135734727,-0.34071954250632086,0.18267010289388041,1.2403550645627734,-0.7469731898267463,1.2361327068723962,-0.8641665773648566,1.7794502796348766,1.353924621270248,2.1619439414020403,-0.9396855530717118,-0.8096734907539633,-0.426901789414182,0.47362422774157176,2.6437045565267026,-1.1700875000556246,2.367180137450256,-0.737698266253897,-0.5146873037333924,-1.3225415708399753,-0.9024642949401132,-1.5088279960817281,-1.3223218392432141,-1.0975563172451894,-1.1431801389478056,-1.327718302454736,-0.8297280047376049,-0.6763287652503134,-1.5033507587359562,-0.45247296411769056,-0.8221775204456806,-0.7031694600235526,-1.4608842640806787,1.11145630012019,-1.9967266340052894,-0.6958292772113784,2.039918235893943,2.4807016200660605,-1.249526817099428,-0.3485542495082914,1.4073114796641706,0.5259209163777515,1.7516008809819266,1.5765625029581802,1.0775487326923567,0.435061599562462,-0.9318399639356099,-0.8484265228397536,1.8472876242450775,-1.4911494632933173,-0.7858404765035696,-1.5767582253421464,-0.9921073953251665,-0.7925989448835302,-1.1471342525558892,-0.7338831873675759,1.8743133834409589,-1.5481465987570506,-0.9948412753450434,-1.290405545863701,-0.681362884053128,-1.092065690052222,-0.7832426665746381,-0.7958784781952808,-0.11385960822128761,-0.7172159192208145,-1.3499238500988615,0.12417687601935312,1.8267965202585525,-0.2276318417421634,-0.9659707498970328,0.629167865098417,0.49334152945193777,-1.4791817247503865,-1.0684702322061508,-1.1320180307656906,-0.6686218116549704,-1.3124465743435152,-1.21926404779544,-0.6408136084947761,-0.8249198683511642,-0.8427121053878632,-0.18757585663979315,0.4483524263350009,0.8330678661172042,-0.8782493261539205,0.27709509412855543,-0.7929389067348301,-0.3680375427152636,-0.17031221961338516,-1.358685034087575,-0.24829571123203775,0.7060027986684182,-1.71682320635727,0.1093317123273692,-0.4824337746999396,1.4925489529969798,0.13108186464714122,-0.6265054833363731,-0.07411515369565443,-0.248947866519561,1
-0.35677654737481224,-0.5602853412338913,-0.5781221210279169,-0.49763281640123425,-0.1359543868829503,-0.061164890988171655,-0.1622566469606906,-0.2239387126910146,0.05369381865982257,-0.473968270528651,-0.3259050628573626,-0.4478843176741089,-0.47533830627500395,-0.285690570689358,-0.29333793215789444,-0.3423071362563359,-0.28649007751561206,-0.17924240719350826,-0.17679389521971217,0.09430995967838618,0.2087361289371779,-0.10884470099422311,-0.20139704445222156,-0.22385005113631973,-0.47865309921763455,-0.352104364788713,-0.5222594741025778,0.027652310989688532,-0.31142917762150046,0.006227729542420094,0.20804117615845888,0.04797864611847357,0.12667900629870799,0.18654728131216147,-0.40986311445172113,-0.44679192061380985,-0.30964414539832247,-0.20522526878496847,-0.39068865193128616,-0.20587315078739774,-0.224943538807546,0.11289628597382237,-0.02659660112107724,0.0714048771141281,0.17566139379267737,0.13258970017765448,-0.20460779983902938,-0.5060117936770748,-0.20868339016246504,-0.2048275039319581,-0.2578090661473593,0.01709634316702319,0.14491722270613785,0.16100025105459115,-0.00463917523785822,-0.1482800870594257,-0.0018965812635169962,0.010394903399381941,-0.24636474150651078,-0.11279522030970283,0.007664864638412202,-0.06171983022193645,0.3392409439303639,-0.1198637601835852,-0.11662724254701695,0.06442886271733135,0.08746672973798549,-0.0811786312077769,0.008144083909369111,0.4020642378277558,-0.2168325623039304,0.11654872619441027,0.4741583668962117,0.029761604564761863,-0.06029618612579322,0.09967293034126182,-0.13765153738529712,-0.5896988239311292,0.2585842161646256,0.2764112874418234,-0.15708425885766888,-0.3157406618847673,0.18107781744056117,0.15912134843292278,-0.41078682703694747,-0.4819252954431276,-0.025556705915335334,0.13651439798229717,0.1212904063471691,-0.0009943352535512107,0.04783890382232104,-0.36836258332114474,0.05162589095747792,-0.32516959956109864,-0.14778715772467146,-0.1586221442154927,-0.20090056167925463,-0.08510795208134998,-0.5531610522092604,-0.1693157468571991,-0.18355326861463334,-0.5526702581745496,0.03359212604958063,-0.41925949561535214,0.17239607430085538,1.4077067664937275,-0.8098085884409014,0.7549653474203538,-1.0529407380878608,0.43075640891209316,0.2061125041269757,0.5923870398018405,-0.7259106293327475,-0.8595740196339587,-0.26314230341007455,-1.0540754429282317,-0.19646139760807982,-1.3908526674328165,1.9094508478336145,-0.776845263585459,-0.6033896831697262,-1.2408416326505436,-0.8674606630722619,-1.3071716690738162,-1.2172237134431623,-0.9999446441597166,-1.240665317912518,-1.2922921156399596,-0.7943851337155199,0.029613330263097044,-1.6121152281262912,-0.24321044257318328,-0.9170422218680695,-0.45979919257354196,-0.6037280629046167,0.959616668599901,-1.0906650196046062,-0.6376054821835023,1.4127177309074155,1.8487055428829802,-1.1667178864154846,-0.26375698645875256,0.9653391137404059,-0.9366703927703447,0.5897285554227565,0.6055244240548809,-0.5587117120304456,-0.43838008416817514,-1.2320415840468575,-1.5781698895535565,0.16089393959848863,-1.1709144617190939,-0.7056770774113519,-0.8180534204664646,-1.1401468376538968,-0.4357902804137958,-1.3414171666016197,0.03857385420406543,1.3878428764035402,-0.7993975472031243,-1.2020711071914638,-0.4435021356165864,-0.8651555784130762,0.06514322258852218,-1.5022127123911153,-0.24284083390222375,0.02083378257678361,-0.3462173481623495,-1.4180632944562557,0.47701172067176484,1.3163669374824039,1.5620840501968418,-1.1549236265015501,0.920145283823352,-0.10058649874674595,-1.411706048095732,-1.3835905808689688,-1.33573464912222,-0.5322756736461214,-1.3567353307719519,-1.4944656095479174,-1.232377922640223,-0.7080231339185187,-1.011969975984594,0.10765895416553786,0.2740231428704267,0.8307191009589128,0.1623644538323448,-0.49543511717763855,-1.1814546332068099,-0.3465259587233905,1.5885784628939208,-1.8853571358561578,-0.008342749343606883,-0.2709405210200242,-0.9600275190370237,-0.10545463266120371,0.6839334350935689,0.8593735442815824,0.022849386053563375,-0.8067127871034977,1.318780678890304,-0.24891546303840575,1
-0.3840568388673432,-0.588945934972614,-0.5528826311788522,-0.404578256868038,-0.1256063502672619,-0.11032318786591822,-0.29410456370858357,-0.27366542781813713,-0.03881411181685207,-0.3632237610181201,-0.3701434132967027,-0.411418349112198,-0.535745042941985,-0.30154235964799625,-0.24237708434098135,-0.3827540922267095,-0.24831593667414145,-0.16686809679213585,-0.18551138028454145,0.09269930994443654,0.20472367452048004,-0.13044759153821545,-0.23858045683380255,-0.17976440415695008,-0.4492166326281822,-0.3911916812650139,-0.5770052950522804,-0.12272648801277154,-0.30501852302855303,0.025307730688654842,0.23222413854630214,0.009163797373707067,0.055513763028540726,0.1453947964580046,-0.46648380777076703,-0.5526399045851803,-0.19872024959131784,-0.0968548332108362,-0.2544195418292724,-0.21644316300518984,-0.28090710298981253,0.1174106242212099,0.028046053861064693,0.002705435161349604,0.2743426671770659,0.0875122812426442,-0.30696894516541534,-0.5825428955670853,-0.21232575477348475,-0.371643556352523,-0.268678475782804,-0.0316557909782388,0.16908609431078958,0.1998093452764142,-0.05774760619040221,-0.167675912704179,0.0416017657377293,0.08396677645582605,-0.23488247576295576,-0.16048960037239854,0.04136282440448451,-0.14704723460545305,0.21329619619899678,-0.21291683275450074,-0.08373543055750705,0.043387496117968674,0.0861094088748189,-0.09231013896489824,0.003972057145754587,0.3675267738333252,-0.1292501245558763,0.1064255366556892,0.424721476125289,0.13295418497633088,0.12807054466119833,0.11736688724120796,-0.15772971525392088,-0.5192829156781666,0.2175028952559071,0.289626900495351,-0.17986324843267584,-0.37624584729703553,0.20289184720060455,0.1900753389977292,-0.5248425457298935,-0.4921319000595485,0.0030510606021667986,0.2639467536501022,0.1449392032258916,-0.027027011113238263,-0.07719123596042549,-0.3317235908330925,0.11901487946910323,-0.2299584708817554,-0.17558423314605856,-0.1954904132043576,-0.2580789539802498,-0.04606808390686273,-0.4402616978513194,-0.29662448176281186,-0.24549624098723083,-0.5452196131010558,0.025491600826265556,-0.369764582545515,0.09264562669007723,0.6617865250731746,-0.62136547719216,0.4155701673646595,-0.9612870153527866,0.13362079151062922,-0.4534012053560678,0.16634723492614992,-0.7218385750980344,-0.8998146760366081,-0.4353397094976047,-0.8636541787612743,0.031749630012184456,-1.4606601721132737,0.774238864181591,-0.9428457721606972,-0.5749217570765353,-1.189745235808027,-0.8804294887919714,-1.4891625997802906,-1.2396313330522697,-1.0019822718395823,-1.2328687299001846,-1.3273310411882768,-0.8736723126108435,-0.7637299078064516,-1.3628263033430612,-0.5728748011000188,-1.039519988400314,-1.1063888577523344,-0.7667813764628738,1.2532373528688026,-2.036764263082697,-0.41578477251404955,2.122303564104533,2.484695158020096,-1.369655751845333,-0.39956500454729227,0.8903635651393016,-0.3326676616576727,1.134973076920137,1.04930643551804,-0.07206040396634517,-0.19874875664925587,-0.9736399765654016,-1.3863165762697451,-0.45718839098843495,0.0019541288413797687,-0.5235980847849758,-1.0902037442590318,-1.1553699245917248,-0.3745970716635721,-1.0868349820545995,-0.4684342267261985,1.1264285193290637,-1.3778634763130728,-0.19621838055448396,-0.6265632427840278,-1.2510841862573512,-1.0590417848582725,-1.4792672187184586,-0.2830919970547257,-0.5517735592690323,-0.8899826114551606,-1.383261688440404,0.5669951722077627,1.0498920132296912,-0.31740643424333453,-0.9799673372538524,0.7568347646695358,-0.22620705216804363,-1.0388212148475535,-1.3813820174131441,-1.516332490723067,-0.5464938187952101,-1.3297104534083592,-1.561801354658423,-1.5525893344285457,-0.8436648729860937,-1.2689884648941825,0.0047189977294563755,0.0022043203114344777,0.5064185450335155,-0.9465757910760165,0.4249132860727614,-1.2853414575406816,-1.0234579328368705,-0.8429554269790968,-0.8536619378768264,-0.5464075367069544,-0.3678534015888835,-1.466594057666333,0.4655213698408724,0.5940041120182551,0.10656145257885967,0.10111928735197107,-0.8183482282985476,-0.13552990532475284,-0.40879337108850505,1
-0.41439418727160215,-0.6566876132778606,-0.4912309406137739,-0.417275204448541,-0.14408541494598948,0.0057828287616078855,-0.27495319522539585,-0.2868501963535672,0.07634868011575573,-0.2685171114812542,-0.3518701090350916,-0.36042366829961164,-0.411192826579102,-0.295326468881216,-0.31024342008290434,-0.3467674167611882,-0.2689454961491396,-0.176783473521546,-0.19653750157303918,0.017603202389791097,0.049173938870506285,-0.2508233414701545,-0.3081420677842248,-0.046105198281820976,-0.3824014682986136,-0.4362499173194545,-0.6755596255744183,-0.17504250899179058,-0.3755697436356003,0.02892456766548453,0.2770147070749227,0.035785606486918045,0.051919458416803156,0.21366422074143812,-0.397110411035293,-0.550736242855527,-0.1804760521572917,-0.23479819746166158,-0.2456576451896608,-0.22043622726630274,-0.23764931076999446,-0.018664237595706217,-0.06313647990591678,-0.12146533632156448,0.16860693517221914,-0.13257090783794825,-0.3154779115601338,-0.5384821326316857,-0.16416145932862042,-0.4907408487594474,-0.18403897909962139,-0.0508286969485301,0.1110657904022126,0.2658192834600049,-0.16785686872022476,-0.19026901219759979,-0.06986708375388401,0.17989325583584076,-0.20067550587493335,-0.1416924578986099,-0.031746680715409495,-0.17066109021354947,0.16942427057190762,-0.2049035560504138,-0.2726394613728772,0.05473122098762537,-0.015968456047000625,-0.05993637545536758,0.06873480262450202,0.3172877229993836,-0.12751448295500661,0.0826886038631762,0.44329364088997103,0.154412926172704,0.14782169168613343,0.1267995156557175,-0.09391169447023053,-0.5351252566850311,0.23769211109112998,0.21684420990247397,-0.025347131592963913,-0.31469940367898575,0.31020920447602185,0.1582532940992674,-0.5413982352305228,-0.32300539351726304,-0.009846900524721425,0.14351601423342047,0.16571911386150126,0.03993970935929878,-0.21981654796966243,-0.19478583022403845,-0.019752387819109186,-0.1654470510608563,-0.0917525584363876,-0.21741589874186998,-0.29443738230894767,-0.23831578571346484,-0.35725855410059554,-0.20209502202345125,-0.30240257216068017,-0.5098575045819168,0.0032105098962641305,-0.34487892531512887,0.07010219382971479,1.244764443373988,-1.0412126571844311,1.0803342603727042,0.17943697974430758,-0.43684232059032496,-0.37237255167230665,0.7052735955042749,0.1619068585150899,-0.719376561202372,-0.29413942191366654,-0.042571854367161516,0.09194516936283974,-1.304864761270621,-0.7090045413113494,-0.9481005392222858,-0.35697890638635676,-1.4611003857245408,-0.6569414499071695,-1.0405261628767966,-1.2783386692554906,-0.9567267756983688,-1.2369997926392973,-1.3138794726709557,-1.3188779812741738,-0.6715285272107396,-1.5091927458182401,-0.21882852876324735,-0.5026822016792193,-0.7937799940140818,-0.2549054030127663,0.605469364278442,-1.5818275997930815,-0.40076000164064274,1.3491741536349036,1.8197551099892784,-0.9317347167402469,-0.6612229350973292,0.3398951596574334,-1.1981505624932849,0.5332932363962307,0.48925344003053434,0.1592342426350701,0.5205846200396756,-1.1422274654777005,-1.5598191287705307,-0.7282585812481196,-1.1776035945127952,0.24897509218773084,-1.0089134802527775,-1.202726475069123,-0.33538392131017586,-1.5283376425817574,-1.0714678266561584,1.4051580946299351,-0.3643030026084575,0.048794336987635835,0.2728593385838284,-0.5838071703921027,-1.2882915514461248,-0.8889657065902286,-0.15704129794558128,-0.5147798624606431,-1.2819731480105425,-1.4810053783465227,0.28429621762057605,0.9552200357903602,-0.511502582440241,-1.2759470707565648,0.9307073883869419,-0.3118047106644443,-1.1265184282329614,-1.3430600030510893,-1.158163141522381,0.0021437940457550747,-1.4966990354823595,-1.3411203729622598,-1.2159288063542368,-1.019948420240398,-0.6565484359158816,0.053890506582556154,-0.2808720182855997,-0.4695863779908976,-0.8466638933335999,-0.5796357630747412,-0.8048357449839384,-1.1548002007446017,-0.9003596010684557,-1.746256842804927,-0.4467749110078157,-0.24021163313667526,-0.8789616015657694,-0.4040947992861469,0.26580611217918376,0.3749382395383142,0.04268099108197257,-0.8427880615118076,-0.32664848860902485,-0.2148633691850292,1
-0.42513711267698645,-0.7489787596209267,-0.4998241761328861,-0.4487987075446763,-0.17195963339879067,-0.030836538628762337,-0.2875870635267933,-0.28374872588166344,0.026583598160924347,-0.2915197093210265,-0.40306684634706635,-0.37862483262518093,-0.44042687530128904,-0.35491950232876573,-0.26411151062846894,-0.29197061029604476,-0.3621253153595622,-0.21780412805789326,-0.21621050563379476,0.006913142117527057,-0.0037542673411806626,-0.2861943262145485,-0.3650577276595794,-0.011008073260455628,-0.2900975781233939,-0.43232385724671024,-0.624319636890226,-0.16336732821905156,-0.4620901259985187,-0.0710362934827066,0.15916664370214434,-0.04057901233170165,-0.004509656168642243,0.04624330555130355,-0.3598410493863558,-0.4890255189339504,-0.19875792629596253,-0.24558818365939913,-0.17893596021350663,-0.16956843814471634,-0.2598255065478488,-0.13549590712399237,-0.005753385046205919,0.02679809979332325,0.12270910508605283,-0.09344007839101072,-0.35016320031249554,-0.49630476736202506,-0.20395411794762083,-0.5383213281193996,-0.1415831126070129,0.04351469373824027,0.05752867305830343,0.2248023806453557,-0.11613759774344458,-0.12713510668090292,-0.02586443993955225,0.2352359983687757,-0.28718256100496636,-0.10646610347778168,-0.02557689468002222,-0.17560069994143837,0.1319078662855277,-0.07325067542256149,-0.19707855720142983,0.10536408468956837,-0.08677263456920851,0.05454603312634863,0.044720326693536996,0.2582578966545496,-0.12165468524536689,0.04297885833608582,0.46680302084885905,0.1788973303678433,0.1668184456942308,0.0808927572659498,-0.01158659855006983,-0.45128166517087503,0.19306896062628937,0.2155040032363449,-0.08398086114001364,-0.2532625538115165,0.3262064857331137,0.21676887010972984,-0.5407292995949674,-0.17236663673329156,0.003850348415059865,0.07865059313195191,0.14597123828714703,0.05799334369348776,-0.31407618835395335,-0.23546679588350314,-0.009682827910083774,-0.06712225210933084,-0.020451287680166304,-0.16325524560194973,-0.3428519311991833,-0.3077834312624067,-0.31389438686643684,-0.2503034730901618,-0.3171966442222404,-0.4974852459347422,-0.003827574944858358,-0.3160028340833216,-0.04483687752229137,1.9973846651776501,-1.1779479754570248,0.3816281982163936,-0.5372525281696396,-0.8651572038774956,0.2660346441908782,0.9089334698453849,0.9160555027404441,-0.23175175501631248,-0.8512373546190424,-0.22842385883122404,0.20149975932637446,-1.3338840480784204,-0.9872571122395051,-1.0248652635874476,-0.3538963871252141,-1.272243990707658,-0.7495438887346717,-1.281771361547943,-1.362054070533862,-1.1116790383533575,-1.3261529862724284,-1.407730926049487,-1.076448064710661,-1.0857373104154,-1.3333184292333031,-0.5195834849298819,-0.5399163726743016,-1.4862377682458123,-0.8072863918595928,0.7577746088475542,-1.6943512000898644,-0.5810814695280487,0.6545994826446803,0.9419548813260669,-1.4710550403450708,-1.0706683728857564,-0.2187599924669577,-0.5620558110991226,0.6573784624655555,0.748178740499945,-0.09745210227445449,-0.32453610376686903,-1.1083519758757874,-1.0789531148564138,-0.34874802246655495,1.036211979606053,-0.20894184542712174,-0.6482603140771123,-1.2099814149665178,0.31470404618328623,-1.4561827257866982,-1.3001370556688077,1.1271050658613797,-0.6303074734279829,-0.21735568178879902,0.08903290343488625,-0.3161179441544946,-0.6940003095544546,-1.1245663922173201,0.07758381904158908,-0.16119490820281396,-1.1512747143873947,-1.3807945792101533,0.18240018935502086,0.31219320845514476,-0.6862916625022002,-1.1042215023393376,0.4437959030248954,-0.5968522256625414,-0.8907754377616856,-1.3793571944853025,-1.1166148101899867,0.4302826633878749,-0.9993996704378171,-1.4599467477431842,-0.5520137267259888,-0.8588446295742919,-1.0737568304714165,-0.8430479153017583,0.0003355540230422828,-0.5828835607049325,-1.155529449639981,-1.0919432825853899,-0.19866118698677662,-0.9475758818972568,-0.7541020035638464,-1.489447747838648,-0.27035491233448666,-0.36725344129074744,-1.4629747577622858,-0.715328853149318,-0.12491740025344633,0.629629346921358,-1.254086318744287,-0.9782364856075365,0.3759747137161776,-0.05083291995024181,1
-0.3642540927675976,-0.714577442384476,-0.4677705736084016,-0.4132751305577521,-0.15018080245871562,-0.035743537977556535,-0.2609695060910805,-0.1945965178298354,0.012911282400747329,-0.1802808016171046,-0.34820150550066387,-0.35800580529189135,-0.4163927034851587,-0.3356364642367221,-0.24558827606107203,-0.24904424405748196,-0.4118496546925296,-0.22844415033328744,-0.23846103620648695,0.04950414192593973,0.044652545292717415,-0.18040663966502613,-0.3938433406331487,0.011055162086521582,-0.24797794301044368,-0.4733423914359229,-0.5324970339812113,-0.14073003980475804,-0.4585535474635064,-0.030569160813460297,0.2783688538885737,-0.09632860398492259,0.13547512907279058,0.09923653321679839,-0.3495064823236889,-0.38701009351290333,-0.1282720530420375,-0.23370634343649457,-0.1492083362189345,-0.11383181074749911,-0.2559333932294896,-0.0809118207047046,0.044014924252532756,0.12725547783491542,0.23086188650995232,-0.18312862735546312,-0.3102086599102898,-0.3945785656940069,-0.2763965996018066,-0.4700605201914178,-0.228355975739611,-0.01022419588481268,0.06979585283318075,0.18062019823174055,-0.12013646042771889,-0.21029898229766983,-0.09178357697468466,0.18820558713518154,-0.2727730780743541,-0.15011325385496008,-0.051576556903277906,-0.20735383204791624,0.2339862104344735,0.1266116603287766,-0.1403987873911357,0.21276941055688797,-0.03668290012398672,0.07165159766745707,0.09781287588412557,0.2416958495238408,-0.1483326907639948,0.083474481786845,0.5698547809165789,0.14972729373379165,0.24744065360761844,0.2010213630298976,0.009964624687364166,-0.33685173666039947,0.28348680424796613,0.28132076347228535,0.02048260188313379,-0.2221503406232878,0.3040618705647498,0.2195225314503142,-0.47665218323959313,-0.06796313085163062,-0.008079976485501723,0.12046581324037826,0.16032734718273867,0.0565535965057714,-0.359409758299114,-0.08640052391829268,-0.0028925091665626605,-0.08492032681598943,-0.020878917764949285,-0.06497050113111605,-0.34317862255385256,-0.3309525972559863,-0.30035116986474514,-0.19837953527618019,-0.24081931314633165,-0.4238206577717936,0.06813981418532071,-0.37276678276090547,-0.0688226544749425,1.007165895703929,-1.3934387929484828,0.5685681083457843,-0.21041777687425303,-0.688143048229802,0.21089442180167414,0.9185722350914787,0.4371647723335583,-0.5761167980376158,-0.6293355090745067,0.32318443199881086,-0.1305517585902712,-0.9891975723499599,-1.2208091985728482,-0.9062384045797248,-0.011180342745599535,-1.2073985730962864,-0.35654209482876853,-1.3202991215022903,-1.3611538819876319,-1.2372715633105655,-1.2875852644846077,-1.297674806477669,-0.9558718800470051,-0.756690365397315,-1.6059688897062252,-0.2550326290607334,-0.8742462010733623,-1.6098508759835704,-0.2665975071909954,-1.5268974576557452,-0.9057644664051059,-1.0560064367234814,-0.7273763095834467,-0.5450553801431189,-0.9348024799568071,-1.2776813580401942,-0.8586357103399392,-1.068028372902177,-0.6163034331897634,0.20038397097704647,-0.9901278908559256,0.15143708302768463,-1.1544748700204954,-0.8495256888647911,-0.001716334491121009,-1.5829510166204455,0.18527258923141068,-0.22863454161308625,-0.9792895852481819,-0.4697903708032017,-0.5237776597444433,-1.3473365726668596,0.5970543166388073,-0.8611718024805277,-0.5270932875591495,0.9247603546461582,-0.1539597348554478,0.018038287687667073,-1.5929043260657492,-0.733347283754331,-0.26665564358732935,-0.7259797966325158,-1.5307892328064756,-0.5649533691724278,-0.26170723142541646,0.442631219698026,-1.4401738538713278,-0.37312946009251496,-0.23619718647895296,-0.744231781598253,-1.3906756325423117,-0.7045634109151617,-0.008435847480143296,-0.6489716221577889,-1.3629850114816795,-1.3042828671201823,-0.8101125740098544,-1.2897477043766894,0.015261830178146415,-0.6517955538140697,-0.4974036003797859,-0.8001857710585486,-1.2960156772954026,-0.42724037774159684,-0.8527292146097054,-1.030634834240747,-1.875405370947056,-0.5319282047510928,0.3757858501973643,-1.3585331540492929,-0.9324667816978919,1.1155736357336676,0.8167785922434768,0.006525246398934366,-1.4023051046850374,-0.46798957217474396,0.10585316648507387,1
-0.42860709327183016,-0.6593836087348336,-0.5070003709827456,-0.38861602697775344,-0.19455443072131018,-0.13648806804528696,-0.23832143134182449,-0.22769549854923912,0.018241323099657546,-0.13961022718507612,-0.5065852150769122,-0.3325020021717378,-0.43544447556027277,-0.2379280826692182,-0.14906726880149496,-0.37088886812218064,-0.467673589396239,-0.04030234975089401,-0.21859762268126515,0.05261817236227747,0.10377180738719306,-0.10942885721720215,-0.38528927046913763,-0.1150708673070703,-0.2810562119520533,-0.45631407627490045,-0.48375856180595606,-0.14816168061350363,-0.4178899067519742,-0.07435972798898016,0.3001084715607162,-0.04518468192757731,0.11959243809654967,0.058882253265624,-0.3601202767061615,-0.272035455606832,-0.14782071833137175,-0.25025404817037517,-0.28503240161549404,-0.025641364789578732,-0.2507864389503219,-0.028207160365790893,0.03917268238099232,0.22001492708751125,0.2992066335725377,-0.19967327253127823,-0.318246464288647,-0.3971633634905049,-0.28861153427419767,-0.41681089655974707,-0.10280434082101146,-0.05912502581185506,0.05556788765036473,0.322206950447282,-0.03906929027541875,-0.12873211617044178,-0.19854265501703128,0.1388593840567958,-0.2063657287552467,-0.02682048176745501,-0.24094332974885926,-0.30861244687779016,0.2515240077856188,0.1836367090665797,-0.0010871175858659886,0.10361682625732928,0.10154722444965664,-0.07514697808250567,0.15708132916707843,0.12419522644539012,-0.12625687967333682,0.26414312262604867,0.4260741883400132,0.09782112513851345,0.21552304572916647,0.07437270889587196,0.1825903235080595,-0.2876910201823636,0.31842580581700414,0.26923459962913454,0.07257402951146566,-0.12965034709549042,0.16028188473883062,0.13954321312781623,-0.5056925295992901,-0.04370242264463769,0.040796905357970946,0.06430400870071498,0.12316353371487312,0.005630637313368602,-0.39880155060627975,0.012053127760757128,0.0004951192955129502,-0.09894208794872947,-0.16695717220306255,-0.015235449214220403,-0.3094584627093088,-0.36610934994097305,-0.22757633742793748,-0.16400539172770062,-0.196878494547113,-0.44343433824924233,0.06989976471078993,-0.3461581075887881,-0.13132301971641416,0.39243054647349757,-0.9944881375660136,0.21322225575534007,-0.45840853098335943,-0.6295649750689019,0.2726996758019968,0.9158583668018242,1.4429351401079604,0.22158048137134534,-1.0359506123362778,0.16072635237471986,0.0845980551127409,-0.8382156048520508,-1.3121727604895308,-1.2684460398875754,0.6901561451495791,-1.1827836259028948,0.017882331085899494,-1.2060690851351947,-1.3969054868074666,-1.317365349142208,-1.2899451300225406,-1.194117351430628,-0.341182131306101,-0.8753515841253982,-1.4120364627721569,-0.7151299995618953,-0.9106839003387937,-1.7775158995648814,-0.9756140508585349,-1.090505461375301,-1.4692285322295748,-1.2255512070817565,-1.6492675631518725,-0.8316734638280707,-0.8163287747451373,-1.5600588962895527,-1.5751704421173955,-0.7823864508279322,-1.7826960526991367,0.1572562377679941,-0.8240767123050675,3.200666932652753,-1.4761803512532548,-1.2872510738319305,-0.03479589666192514,-0.8207923986804763,0.2808427502517899,-0.8476402574838392,-0.9939391377850617,-0.6606850827065261,-0.9648636338259706,-1.5887970616071179,0.8383655439793049,-1.0740721724035003,-0.8046765461285448,0.735289801333849,-0.1715601473508006,-1.0008493988172296,-0.9194957872675149,-0.5566657048261685,0.07666746752014046,-0.972937353394613,-1.4874609156497158,-1.226153340931318,-0.26497121332981066,-0.6177491179247553,-1.3433249328287196,-0.9654362913121372,-0.22945304705061118,0.24164242221711624,-1.428192568329758,-0.8019924003521562,0.08949112329221261,-0.3180383489369639,-1.4713111293204395,-1.344718092458111,-1.0049444563390162,-1.003705973979751,-0.3374757111075313,-1.0503134046416178,-0.9221678525055826,0.009578203200957551,-0.948129586018172,-0.13719933945399465,-0.46804336697128296,-0.43150925150410685,-1.4594305611685665,-0.9722209476461757,-0.36676331081440283,-1.1741733949272364,-0.2572784430963944,1.0406589624994662,0.43516636790332497,-0.0044118755240262885,-1.5290581759169835,-0.8182338741389199,0.19688983683524067,1
-0.467793722742994,-0.6300126987292565,-0.4615193304399238,-0.3398181682139751,-0.17956665145384876,-0.14873286778922848,-0.18092735683722408,-0.06779467083462752,0.07392416090297878,-0.21289039330380638,-0.44901162348674045,-0.375880882716768,-0.37854880965163423,-0.34869948719760213,-0.11013329344606698,-0.3502301187769906,-0.47208906481428775,-0.15683955451179904,-0.29662488828507927,0.049881340066120085,0.021029196959791063,-0.13291077033139828,-0.3161033291713992,-0.1542661547337378,-0.25973617076931577,-0.4378757589637839,-0.43834315732601925,-0.14918028527181673,-0.4118153112865505,-0.07657251823473062,0.3519538351533229,-0.11114411478224764,0.17729670091487418,0.03702729347592801,-0.3303414072036492,-0.20065602284015158,-0.15360351085688384,-0.3763797021812334,-0.4336114892689336,-0.05233547906054786,-0.15606847844637545,-0.050579928215320556,-0.03679448741581509,0.1951099099038864,0.22627394734739015,-0.1888415041566168,-0.3173964292925655,-0.4176045947855849,-0.3389101476092172,-0.4583529421506027,-0.014454165713466255,-0.0801772110036204,0.021717071491304977,0.2134712002153236,-0.06498386984270915,-0.15207033855535365,-0.12066979386492359,0.2733083059587303,-0.30940427657826036,-0.023466513174131867,-0.30750546570492815,-0.26899744635805906,0.07390399636175952,0.24433368884127027,0.0247290184064602,0.09528352752233382,0.20508843534446913,-0.0024463725337221386,0.22319619957581288,0.23697521284526327,-0.23336704279031092,0.3588842512159318,0.33275738313894315,0.05881811818057285,0.20768365960701887,0.12734893393704197,0.17655239620013602,-0.1926555269155308,0.29627663548568633,0.3797551772638793,0.054367821604005,-0.13509614080350443,0.13810045347018526,0.12225347123485197,-0.5589352077759302,-0.1012159273777541,0.032149327799557405,0.04099246072185493,0.07000157884928088,0.1475271641532697,-0.3761705756384982,-0.09591460370317746,-0.07632648530298143,-0.057428743865586385,-0.2538758805564747,0.1084848445170046,-0.2183058046838982,-0.3980907212451034,-0.16485659271739048,-0.11811428166859587,-0.1073268824134241,-0.44740011263668916,0.026552956825292028,-0.2223340874305155,-0.11665338291737784,0.6000157732548712,-0.9677634852296918,-0.20705272125430493,-0.24285338246706556,-0.6852534295905123,-0.06391879714479129,0.6434223641911927,2.233744749979831,0.1660289474663109,-0.2999314775061214,0.1890578775019394,-0.13426535834646602,-0.4686228940936729,-0.8827024010497846,-1.1086978206707854,0.46635387703951536,-0.9813135290819074,0.210531238257368,-1.1675294297313992,-1.5189384369894567,-1.3679574140643296,-1.2505660416978255,-1.1155803967912694,-0.30868662436325645,-0.8874150419216192,-1.3203930198778946,-0.6232525750393524,-0.7567461991454573,-1.4666659360457912,-0.13763597243826908,-0.7232252374709246,-0.5821020764327479,0.5996429439163479,-1.1130785023690573,-0.15535745413420213,-0.36972314287714253,-1.6714337455999786,-1.765161258334637,0.40348518272531203,-0.6118444846023747,1.136510174199547,-0.2788735324840092,-0.6365763072529821,-1.627042697954837,-1.1925415434171327,0.03281161340850924,-0.6099517799879386,0.03803784890624696,-0.5809699993205096,-0.8933416072595389,-1.0296839012879124,-0.6500379131326194,-1.8630990806073187,0.08123386349178717,-0.2007197375144597,-0.6468412903193217,1.0565788116171597,-0.6157048122555735,-0.9092015221159037,-1.0366690523180946,-0.4955130153599551,0.3899299497022464,-1.458216193835612,-1.4572175339570852,-1.2743920992036937,-0.28249709240186793,-0.9840290896437894,-1.1194080251539127,-0.7420753545703909,0.010765547502133451,-0.7920768511256818,-1.3700817332938333,0.14997291924333989,0.07617568768775648,-1.0139324030835977,-1.513810584200611,-1.3865572623430515,-0.9240375029761977,-1.0429366959930622,-0.5957089731373574,-0.966414895130023,-0.9766024680006457,-0.47255584623162195,-1.041743707020241,0.9247416819843995,0.6205400054678788,-1.026852909356766,-1.5594139834737177,-0.5593906246228776,0.3735974361251729,-1.01244336184104,-0.34038308925147753,0.7262530540840215,0.17555252591837148,-0.7946418179192353,-1.5923390906863235,-0.5317488851892129,0.5054171390102513,1
-0.42331481650094754,-0.5228609515638141,-0.29800565366007425,-0.38561938255806594,-0.17659532570379988,-0.12518096191709946,-0.09497250472411375,-0.0009015683522252598,-0.0854115914898015,-0.22129339510286258,-0.32443849873143515,-0.34399977381288055,-0.3209003822855686,-0.3426937346356562,-0.07272802872008667,-0.3177184150994242,-0.46908881829933213,-0.1953901527758233,-0.13999868230717993,0.10685446221553718,0.02197262518331034,-0.24827353270785754,-0.367946893339747,-0.16930340873460042,-0.13706918907330495,-0.4759958480763826,-0.33702560877207816,-0.19376991998029283,-0.32663561838519917,-0.12458449182133256,0.16450397839156775,-0.1867069645640141,0.20539259696483897,0.21876412796993205,-0.20447003132501515,-0.0890665659471512,-0.20091691177578752,-0.32963314001501803,-0.3177122836597917,0.05083865457306045,-0.16321060009702912,0.065549819312593,0.011085782986275612,0.23094016087582478,0.20606097709949092,-0.17094858660053666,-0.29088607394485627,-0.3998784050575684,-0.3606498171385959,-0.4783096117580986,0.05572374853823686,-0.17015519489031486,-0.025899251502540178,0.17712151391177583,0.04767242954118364,-0.08052403797297827,-0.08209813569526955,0.24286481846285557,-0.2812406607614527,-0.038962273879828875,-0.2733806854490076,-0.3655372009522823,0.1903460757351169,0.27158477451477664,0.15922663477070262,0.07975911051165131,0.2460041947947883,-0.04060765621630394,0.23742181906359097,0.1344941521467037,-0.2220413623838874,0.5074738111615482,0.3902292440316423,0.05053991592981889,0.1661859351410969,0.09380546892069583,0.21114563788572502,-0.16654195751367493,0.1712052509335599,0.36185635270234207,0.043481023814286174,0.022731839319523394,0.21738986932904558,0.14144868192847204,-0.44158476962527554,0.004530590567731951,0.1494123827625441,-8.174694275987975e-05,0.15390989860009477,0.1231495212074273,-0.40520641832253573,-0.05347193327723831,-0.1215972089483162,-0.13132472125054157,-0.2952031786140641,0.12897975868777237,-0.23660700074151975,-0.4283375734467359,-0.0825888600457812,-0.08934817254829103,-0.0329204808558748,-0.44902691357342206,0.16531103565614988,-0.21548753237436882,-0.018268408471241008,0.6147691005681603,-0.4539803469032857,0.438846711497746,-0.4812956997593789,-0.3721234006219635,-0.13863141422166916,-0.16920547488507826,1.7707804534691702,0.06572255309620277,-0.5772528584190376,-0.6078883773629132,0.4104767610197253,-0.2798257015586372,-0.910540246701678,-1.2306886668732067,0.9877682188114802,-0.9912938537016702,-0.12530516431620053,-0.8950795280181882,-1.3898950900983893,-1.1832932671241747,-1.181861801965141,-1.0019366623057295,-0.07829446353575871,-0.8072522185248092,-1.275774346068459,-1.132059698641365,-0.7487722016575078,-0.43276284101580464,-1.0595435722303364,-1.110798471922908,0.24818164455461877,0.14848543111971527,-1.6490828251828704,-0.6215298294984392,-0.2769286417288891,-1.4833424344671047,-1.5648634977825178,0.5785852823845608,-0.17489312350527836,-0.0704101324956296,-0.934389159303659,-0.7554820781290739,-1.4037123728289922,-1.017540388011315,-0.30005238622994823,0.6903534127333321,0.8177445793119196,-0.7625958907710629,-0.9928257187363294,-0.7795528743129011,-1.2202686456823102,-1.8888579709600053,-0.8743435118927679,-0.3009481956338076,-0.5226405133730825,2.2747582773157853,0.04621251400994688,0.17239722828130766,-1.272171426262345,-0.6825117813037062,0.6488089918433064,-0.8141007575058128,-1.5826636418260354,-1.2860054651777724,0.18054934900543337,-0.33774862720822707,-1.432755274645204,-1.1381084818909806,-0.05343680761318558,-0.7445863136528934,-1.3961507083104385,-0.5186541447896511,0.3804469973093939,-1.0322679859746837,-0.9534211056754995,-1.1038121628278192,-0.5572459592942013,-0.9739124785014747,-0.6257638242884093,-1.3674367911465783,-1.2211539383267855,0.07389473345336667,-1.5643022325121705,1.207015485345149,0.959573857908759,-0.5389872738784548,-1.750781645856688,-0.6654289053048215,0.6531779860801858,0.07168152440557128,-1.043720623249435,0.8298113681195398,1.0636865202024925,-0.5448804762606884,-1.5059494560182334,0.050879499287899525,0.8589450946834604,1
-0.30780691383501213,-0.5372481981786318,-0.23452433803381378,-0.4258710726304042,-0.14817024587197106,-0.1386606787524964,-0.03353695479090304,-0.015571140088356973,-0.017438908932001833,-0.1925527414083608,-0.4001453841144901,-0.4021286974062805,-0.3671895724125405,-0.2536384889885903,-0.0029242250960104517,-0.3469051690752434,-0.4303316576219067,-0.17743998713068865,-0.048626893803157566,0.16783963046534717,0.012243833710070052,-0.304849127233353,-0.3271743803083461,-0.0772836507980623,-0.15931068765450435,-0.3907149320852223,-0.3223723831065196,-0.05483418022224404,-0.4081842422102702,-0.2476121791361786,-0.04882387434942173,-0.027013387244448767,0.1755630610465794,0.33455578373025163,-0.14510877711126266,-0.13714426783550135,-0.10078270180791184,-0.22911876508752899,-0.32362453234042377,0.1202102990147993,-0.11277999364405748,0.06288298775518579,-0.01597412944230782,0.19642703611561776,0.13005874511659493,-0.04322533897064931,-0.20851157339849102,-0.3544221262997073,-0.31289701272468473,-0.47836442750635794,0.10656593386373263,-0.20688017534737357,0.053860723185112896,0.07520119229566115,-0.002466546196650533,-0.04340009710936645,-0.0504479077188345,0.262266851695414,-0.254833195418528,0.018068260474037156,-0.18670799885889636,-0.28066463627302496,0.19670647274868364,0.1272360649252096,0.10309999978148926,0.16109804326016997,0.3195045750608542,-0.14618520927579776,0.28075667664349946,0.06546265947917707,-0.08792016487785614,0.5577968384704536,0.2151888148668567,-0.06722065854922483,0.06275944098891727,0.11557670496814575,0.23426552017326335,-0.1613107579229621,0.18446914600573674,0.48606964814345205,0.0651349690293173,0.082362803788273,0.21348108789496445,0.11765241390270927,-0.27261644422046866,0.044635157023570855,0.13208777806584865,0.02216968872382583,0.1782198069023317,0.1342007671580005,-0.24718168681194227,0.03825086126044073,-0.16206784983852704,-0.1493696593460895,-0.255700293091069,0.19938361838759305,-0.18629986314304633,-0.37101168977648397,-0.10655054842526313,0.005112479229818168,-0.035410674713160305,-0.4613399504669118,0.19800265645417559,-0.18746978894903754,0.0281188720474056,-0.15429703237464856,-1.0470171929640235,-0.215993139679382,-1.1706216003276064,-0.316394844562452,-0.5923050193608546,-1.0960890553197618,1.3571993021998532,-0.12162188055273955,-0.3191248967600767,-1.1413344113006778,-0.9805701161030045,1.5897129304675814,-0.339261208545124,-1.1018979034586702,0.6751103683660745,-0.6798533989071669,-0.23593060876995878,-1.0288462593460317,-1.3083022754072262,-1.148509257423021,-1.1890258333357173,-0.762677534796663,-0.08852379969035891,-1.043892282828359,-1.2219962215739841,-1.3219072518142623,-1.0315007427960308,-0.8065841084385191,-0.4465770167036648,-1.0039881719892711,1.7423862443139413,0.6377003860023639,-1.2272630267263522,-0.6415724440280838,0.13837666419790398,-1.4588590932471923,-1.5848100429242793,1.4888332407246299,0.06570890284474373,1.003120005073112,-0.5124769686626168,1.079601249737244,-1.292414052485074,-0.2984524387460243,0.1799571763161206,1.2214633301791713,0.6283928827499188,-1.0073507100386851,0.16076583104199002,-1.0758914522188756,-0.24340136311339103,-2.11940576510282,-0.8738925332605183,1.4326418850023086,-0.6209841476212429,1.6384694308109844,0.2987793654390997,0.14539167307673548,-0.6158409148278683,-0.7481610831231972,0.4235245530392149,-1.0127526649865384,-1.4947348780796148,-1.4406767278566315,0.14067195996123147,-0.925064127786066,-1.4040544206473236,-1.3167215043079306,1.390323108221852,-0.4736717208209703,-1.2597641292486397,-0.37921454992262454,0.8569512802157083,-0.6716679679659017,-1.0282331749560456,-1.3020180763038034,-0.2852264365232746,0.10156366443046827,-0.3739234256161027,-1.3930235769105592,-1.2227420136683511,0.4243817833977494,-1.3916125624660154,1.2887138969641194,1.2961137691254918,-0.6253188034476468,-1.0756240445358338,0.5148040840317998,1.2458196689556038,1.525364806717751,-1.3811631785217982,0.2727851594642617,1.5330370823655763,-0.3613919534959961,-1.533559934434553,0.09253721938004643,0.8247065908006614,1
-0.32970053022187795,-0.5174112310572079,-0.23504146876068702,-0.46455194176840964,-0.08555143799212875,-0.1440934703783422,0.007304788408323476,0.01064649681052631,0.0021408505070856397,-0.20801894883133612,-0.32717915527688135,-0.30017215300573435,-0.40114044960679784,-0.30126099157236724,-0.008213080716282658,-0.3691152942077988,-0.4470617634511861,-0.15810764610467462,-0.16001888014020954,0.1340937450731582,0.07827944189480632,-0.318373457398364,-0.3309279756442005,-0.0636164255250415,-0.17593256368459237,-0.34600417860327876,-0.20632668896092077,-0.001559284532270965,-0.4032001681054486,-0.2061863736127152,0.02704101044023317,-0.00758585898419289,0.2370039163947244,0.18872382478226776,-0.18129962649207934,-0.09451482918432293,-0.053568059832334695,-0.1697672461696293,-0.3173252799937877,0.13013612150179668,-0.09715905630795527,0.10643472114886991,0.06190115283238551,0.2685872106158966,0.11058426397394035,0.017404654952819218,-0.16239103352644962,-0.2449483786669367,-0.2813971463950365,-0.43270816340953616,0.16069536516615746,-0.14143486729899513,0.013784022464392762,0.03450401516717045,-0.011786609724921212,-0.027496032396449672,-0.05400947203186232,0.29112477595217245,-0.1926319204648131,-0.047807407832183575,-0.02363697723954768,-0.14125551524345173,0.2591430084839602,0.11595107785282088,0.07820919595290107,0.15180238310359442,0.4598118866189814,-0.110393552730211,0.15714143826316496,0.005203217372134607,-0.10603126390614616,0.5452183812687655,0.24580756302208912,-0.08518380042034362,0.09659053345458127,0.10205749029132649,0.34173109871861973,-0.1559385989424263,0.24861605226304145,0.5221814119525963,0.03227912826117618,0.001557873303027025,0.19691281236049524,0.10173280188832476,-0.12900203799697982,0.15065485104261078,0.08955862636080543,-0.024658333214364177,0.1238199965878724,0.20938228056036018,-0.19264761030610772,0.0032040097485579997,-0.2200551454024747,-0.17278220507172418,-0.21930304097033934,0.2139128040768184,-0.18920788101714797,-0.3635380728122318,-0.1547916566890306,0.06312034906989197,-0.10575999585190725,-0.43827630134758405,0.20592059875512406,-0.21512364644231147,-0.04067600231211113,-0.04586151426914286,-0.4442320497507873,1.405770336764378,-1.3007752592659187,-0.32647311077406166,-0.2575159201615725,-0.689358677122974,0.6223625526816424,-0.22925957039408343,-0.22640040034963346,-0.3014655396009447,-0.6209598979089173,0.8349889347038254,-0.7102790281700401,-1.047571722653462,1.0314112402173157,-0.5497223451653958,-0.3870945913845797,-0.2121302658562494,-1.1189458238714165,-1.0060036716638765,-1.1429186584718511,-0.4110529356712843,0.7160282667278094,-0.5836092507998446,-0.8545387433159647,-1.1806537505480992,-1.14077365180032,0.38957021135472164,-0.8675949783434516,-1.1393845974990089,1.7530916810934618,0.12743605197080374,-1.049238024619873,-0.7070852584514788,0.5606687816512578,-1.3786670223903323,-1.2158254279977716,1.4895116111520972,0.9264248683251863,1.5130704729543432,0.31474238224697576,-0.20125516602367258,-1.0147323136266044,-0.316000250222405,0.8163695982882843,0.02852744052077801,0.11122957842126006,-0.5608474578969388,0.1141720513040777,-0.9549560110717766,-0.032926629275031975,-1.7271840614001843,-1.330344859579027,-0.44474790634711675,-1.096851153178659,1.9033909386980463,0.8598667730767012,-0.2564250764327747,-0.9336731872273443,-0.374743585996727,0.6145996283208012,-0.7358513047622871,-1.3714015387206309,-0.9228167052889421,0.4020590903147747,-1.0681768287569018,-1.3512540857601436,-0.7250917271073706,1.420716206048728,-0.6966399496389699,-1.0455757877697405,-0.10161904219444326,0.9875921071409282,-0.8510106824909763,-0.4688572959693429,-1.0719360602325545,0.07274242503120981,-0.7949893044320737,0.1510074140249758,-1.2234752423425168,-1.0039261296485695,-0.293577320012546,-1.2736067881899213,1.3583251613194003,1.8483388782006107,-1.117397213064323,-1.1369360281523637,0.347906315944107,1.1108119980861053,-0.1003435415683068,-1.4230924347840093,0.06458564694868094,1.9998693431672014,-1.2316958816340027,-1.2866434958176247,-0.26053740652244956,0.8805670129709242,1
-0.25998019186657934,-0.4769135966235359,-0.22329756226064704,-0.47717991087435774,-0.08593155145749112,-0.16153543555105598,0.06034202003608745,-0.015961677226742146,-0.08220183777456792,-0.24556018937211105,-0.33285722719188576,-0.27979728943979565,-0.3750615669948802,-0.448738641790174,-0.0145584292101588,-0.43817919644626635,-0.4736667790975702,-0.16672798693340282,-0.06518022883498505,0.08304203882125458,0.011341443882249707,-0.29102796471493114,-0.2592891205340939,-0.062438134591511964,-0.16467306480910182,-0.2078865109329666,-0.1735760295559435,0.06785791021096253,-0.3179847811264154,-0.2251247225306497,-0.13052417494411928,0.01683553805981739,0.18957648352256884,0.05392897026975731,-0.1564321842952622,-0.12258592749549653,-0.09770542148668367,-0.1660697379735482,-0.2540512845944344,0.1106077692508396,-0.13574757337199808,0.0263710127188699,0.1244263867476728,0.28314784458529685,0.13977462776560695,0.09846571525866973,-0.144081521004886,-0.1658587399645659,-0.28797850436390765,-0.36516220005070216,0.10961323102366187,-0.13991443802638817,0.06085360829477804,0.07396453135458025,0.010615160035494606,-0.0034939013160926657,-0.04192417266642539,0.19526293748781604,-0.23409670277708464,-0.0012379683510541253,0.11601381921852945,-0.1775848439065358,0.2987003992356232,0.10932926208914713,0.18935676411268434,0.26305303409782943,0.4276701692510097,-0.06916108219938395,-0.0001420001059905025,0.06104410397540399,-0.08668797906679787,0.4504367397422275,0.12292528097222895,-0.05917981857727703,0.06984442276365116,0.08458505095066338,0.33113653657354747,0.026002146462283087,0.19245608622783084,0.429757404397729,-0.02084529752983169,-0.1532147760752419,0.09231468065638179,0.0812748405615815,-0.029742391944266058,0.1621910476320922,0.0866022759738829,0.06182198476898595,0.170051866797036,0.07382454615896746,-0.1918794643894306,-0.046158417171654906,-0.2249870210398891,-0.15798809332912092,-0.23186822760740403,0.2520260986995438,-0.25885261418317845,-0.32311175253805696,-0.22396492728151896,0.09591922772277342,-0.06546717743637169,-0.3170409192848151,0.18136380720618822,-0.37989956861151,-0.020305326000727764,0.16542257794146842,-0.48249517118133256,1.1674337185365347,-0.799959916421454,-0.24816428313776254,-0.9056378462385632,-1.044855323969378,1.3580762807918076,0.21908516290356092,-0.15935560050181666,-0.9002668314358749,-0.9317556032628783,1.8915139606023719,-0.2584692897744146,-1.201372387653837,-0.3697441379804667,-0.4726439316402278,-1.2265284339008675,-0.8086286400547554,-1.0306723990520974,-0.8454122968289133,-1.1311143132121297,-0.40574225657815344,0.5071421756815492,-0.770663169206516,-0.41629182801870784,-1.0995469077446436,-0.8865145507066923,0.2346109265659135,0.18850691566769248,-0.04659823021700558,1.171983735012744,1.6422655959530108,-0.16678769349519107,0.07094672430528473,0.6138130087018183,-1.2142171997615974,-1.4073245865372301,2.2176601850321633,0.8238555268329224,1.5996975229837194,0.7502826331093959,-0.4852755293458426,-1.1970118143697384,0.7761602466619827,1.047440420677489,0.8282146458935241,-0.2519093174953978,-0.6575867673715813,-0.22622866599751293,0.08226804832329493,0.2583005877207884,-1.1748412281683196,-1.6459832994110457,0.4099744900343518,-1.5368145144387613,0.9823567448300802,0.5565146319562417,-0.325925286531832,-1.265012767596031,-0.6902552707390854,0.9339782693857169,0.06997299638983531,-1.3652770671198065,-0.9847856072416749,0.37032104364200014,-0.9307277772076458,-1.1457362569263374,-0.8570063104402121,1.7331338264210066,-0.4070095030408285,-0.834009002584138,-0.3326491892713522,0.6276759752931367,-0.5728417177327776,-0.48366945443385984,-0.23764536733416053,0.6676314008519961,-0.15563769976789935,0.17492451997988026,-1.7126263598719491,-0.7682729496948834,-0.5920071648506313,-1.5934472288846306,1.6064842249478057,2.5329580809055576,-1.0641629846343053,-0.9965541393806685,0.3686403218156169,1.1923570928367397,1.0104015283638836,-1.2188850397341504,-0.6679060299325006,1.5161645871572038,-1.2394615104588094,-0.9317212656331016,0.17899101563385672,1.0497891902280796,1
-0.13085796111060852,-0.33959906299366177,-0.12138236748244395,-0.3958582276360078,-0.09798982226354591,-0.1942600123470948,-0.02336070501529976,0.034220052997189374,-0.0652031810965615,-0.24681479439177742,-0.26085053402438085,-0.2879403795807444,-0.2498475547985154,-0.3632190822074647,0.026126608206203834,-0.41387875566735544,-0.3303924698583903,-0.17169875020904535,-0.08776151207700653,0.027220335005932485,0.09127980731681543,-0.19024960864997895,-0.2247610976997102,-0.05035647529581093,-0.14637060037818714,-0.14377972048162133,-0.12607389993555168,0.047684454770647984,-0.1707030197984699,-0.18239830723586015,-0.18353961830372353,0.018907730089817807,0.2554075257585584,0.09697982667915034,-0.17603919333385987,-0.07659326566064875,-0.06346919036594062,-0.10337343305929826,-0.242915181787017,0.12809592752998483,-0.07036297456923847,0.09060537399535284,0.0874396346447436,0.1652730850229763,0.14506158383777293,0.1669352695001093,-0.08709759164451254,-0.20065018032385198,-0.24643770957033687,-0.3444326693618566,0.10652146737325634,-0.02952832892440016,0.06421132762800935,-0.05892514001325506,-0.04998322857481564,0.010730096367655758,-0.1039669667769222,0.0984617618644835,-0.18501394815328304,-0.044046211862548576,0.21520790221256156,-0.1306813726667331,0.16698442529055907,0.14062710937654224,0.23246305762125397,0.14928162736181344,0.4147858104554372,-0.07194035672047192,-0.11121724071616608,0.14992234468652205,-0.0878872663551412,0.47593872531436526,0.0316375053760919,-0.028727673593333725,0.0264894802122878,0.009749957152210331,0.2611069562085308,0.15159601384073365,0.11693802778667078,0.3145974565410886,0.11760706386203268,-0.025389619304277872,0.06694267917056787,0.14554629944493416,0.03193194398055187,0.29815895451749697,0.04595368981799294,0.07548804483693568,0.15091191002280746,0.04367658449152658,-0.11838898081037615,-0.09555305696604839,-0.18016504936021843,-0.21926929543403245,-0.2782861312249938,0.24443982755287744,-0.19812914666246317,-0.2837586490886436,-0.16269125339486382,0.141722726743854,-0.014809881638935679,-0.2841264617538972,0.23850939413678138,-0.3678594345286642,-0.005440371434765531,-0.10363508055046583,-0.36070789640007656,1.214808323263223,-1.250173410144508,-0.6147633880003169,0.05145347748168359,-0.912785589175577,-0.2650052877321618,-0.3252441907506693,-0.15134993402633828,-0.0661336815635707,-0.7398898800319214,1.4615934677774103,-0.8416908636200978,-0.9432653192914731,0.012728423163711979,-0.03910892325333017,-1.1598483281755922,-0.38873589211587434,-0.9465895881420039,-0.8023380472881823,-0.7278887000881185,-0.25191882283151673,0.20254418368787752,-0.6338935458807932,-0.5006096425976314,-0.9171170964777535,-1.0335470272224252,1.1962983649993408,-0.14467364523123047,-0.3661255297736186,2.395557746471943,0.5755483986156024,0.3852425904917464,-0.24511693761624778,0.041153645671233995,-0.24846369110285207,-1.0184212901301246,1.864278413911565,1.3819428568222312,1.2642631604852634,1.3656419853858106,0.3132877630278868,-1.3693019426528545,1.2536686189726227,1.205285957827683,1.393412043911017,-0.6753991788756158,-0.39477029606373965,0.008863399065121578,-0.8367078661562886,-0.04144643295583052,-0.2284308650152365,-1.4609011416053945,-0.06707941917082869,-1.0051094944408427,1.1798963397249085,0.4694916611102611,0.6738324919710265,-0.7364527689562734,-0.2645588569531918,0.2655535834906427,1.4808503159184248,-1.3217528763235185,-0.7079918707015302,0.34001482860145865,0.291372408041683,-1.296453732551646,-0.23016432000220796,1.5176824577544616,-0.31190079669473303,-0.8559477821213182,0.056229001786892135,0.17922938970615687,0.05833996990786573,-0.7073307824967595,0.6814909944172739,0.9593414285890194,0.3691477439389819,-0.1929051562361124,-1.2296328180356284,-0.6431074967286943,-0.05221732753558104,-1.3107344473191225,1.1309689464356782,2.235796698950377,-0.6550988567758089,-0.7527926969294461,0.220330375656707,0.9611861871838353,0.3560460794201516,-1.498798404330063,0.6395528808449301,1.8087511562321898,-0.11188429306950919,-1.1276653313292688,0.14728104496996755,1.1432854255264076,1
-0.1146085660857934,-0.28347197077464575,-0.06891642081569366,-0.37816989806461865,-0.08373132415800419,-0.15492913275892134,-0.06982327847666149,-0.017712592682473542,-0.06541264506942852,-0.24412891027213027,-0.2722134753631047,-0.3006822610543293,-0.22121479450705323,-0.37712225208522077,-0.0046008545086654315,-0.4150090581484877,-0.3282517245195885,-0.17762845082228587,-0.034416146723116034,0.00888018238609944,0.045018013943993906,-0.18932245413628956,-0.16276260924025598,0.02033301843929452,-0.17928908245791525,-0.09475218171820435,-0.19041849113220738,0.026475877654106778,-0.13981880062494037,-0.10532279775580987,-0.25672765931142444,0.0314970577829556,-0.015174145568438083,0.04198116418831717,-0.11712629155556177,-0.0768802181050294,-0.07238080763678657,-0.0936924818643938,-0.23133182220255186,0.10965114932915651,-0.11980119302957608,0.06053271298272879,0.05419028944975959,0.17593841853485082,0.03616711888882237,0.1386906237677675,-0.04739857434836589,-0.16596609082710204,-0.21391513036055454,-0.23461625284564888,0.21471839781330185,-0.07369600463696485,0.04739138741777235,-0.1647432667349818,0.026740576922848466,0.05203264082606719,-0.046656937644355696,0.11731905169162343,-0.16929023170611923,0.11702836701314466,0.24438404665598326,-0.036708471699939245,0.05001277011488132,0.009880095416110648,0.3053274361403567,0.1235012064814805,0.36165698318573714,-0.049748390551382894,-0.17570383234580308,0.12455614248271943,0.024492924314720707,0.49949143890747005,-0.05999856612276415,-0.019248349712273384,-0.03357922430701785,-0.10774577162046059,0.16849715854910052,0.29058084600098244,-0.016820472949751558,0.21199567267125896,0.08598046093829985,0.035434439114247464,0.11553265520548205,0.16435347369623185,0.044282043677852746,0.3409600013380274,-0.001677285151324896,-0.05256920518457688,0.16363424566267887,-0.04308374223241973,-0.11518133211469825,-0.1545098439901393,-0.20702118281820348,-0.24258249724804828,-0.23442921232956374,0.17964510430399774,-0.15542552090931627,-0.2316985376692143,-0.1606809820624741,0.15323206235472075,-0.0678215559747047,-0.22956284183046569,0.15325165438542596,-0.3552075362818272,0.10636702566919952,-0.1592478057938497,-0.9212254632166132,0.7888667331210919,-0.9824631734719681,0.34499203193813355,0.4090678684202933,-1.0038808558045629,-0.5948613386537285,-0.4763747743683668,-0.5320161561437889,-0.8607608710371987,-0.6642768249045697,1.293775898796829,-0.3566036431902711,-0.9565887935539027,-0.4131859720905856,-0.2046405196010939,-0.9007093933006396,-0.16267123466754793,-0.3725105243989357,-0.5821236946192586,-0.60691040507438,-0.4133309331992171,0.24618892260964234,-0.7825470337643428,-0.19546654369524064,-1.0690694216343066,-0.8733436225307295,1.4264481181592732,0.3128981727042377,-0.30093502039416115,1.729130585812401,-0.2698735460873045,-0.2530559825888428,-0.3420849953414477,0.7686187888436821,1.6318714055443595,-0.6914954108071149,0.9757097899310159,0.8481589271293707,0.6935946794018102,1.9848695962855394,0.20926042875930492,-1.0695050784774731,1.331819156210923,1.263779517892495,-0.253830019892117,-0.5007694562719175,-0.17652782329501768,0.038240453591669124,-0.46529877685319737,-0.10464775444823875,-0.2977214604344481,-0.9156309406403303,-0.9550073974444108,-0.9871905225929077,1.3935878460963336,0.9586298113710326,-0.27137312125933527,-0.38933816498321716,0.7315757639684154,0.6163316159197434,0.10410741523028996,-1.2133874571528767,0.10996286133565557,0.3086075157931373,-0.45614729432195905,-1.1558960534673284,0.3234157841717453,1.3383237561209793,1.0924311627657843,-0.3384653091789603,-0.12952044746687358,0.643157506917716,-0.11122448942775166,-0.6723589425676078,1.3725194727244046,1.4723495451109547,0.3426431897025518,-0.5262248649583106,-0.4727702804688965,-0.466276468384937,-0.6663577956296555,-1.448271685375577,1.6053090026848986,1.9945396068653778,-1.011903916760484,-0.18854562747712367,2.0540299610740576,0.19597085589823826,1.2876455219313083,-1.583528707166114,-0.4384055316798198,1.45211577980195,-0.008421307672626364,-0.5154941617112966,0.6850550307834914,0.7248239882009393,1
-0.06004621385000163,-0.17552347251671807,0.05041684315050894,-0.3358013111224672,-0.03150066479657059,-0.010028619395674163,-0.05923995401138217,-0.03226681395322223,0.005470540242571454,-0.20363561885880022,-0.1471511665828871,-0.3457606739947903,-0.09397676894532067,-0.2653114195839005,-0.057439836625590816,-0.24309105779142587,-0.23656520363219086,-0.3223305968954401,0.03085168499129404,0.0013993591692275107,-0.13149525949307758,-0.24229674786759395,-0.10739258926599864,0.12682177682371482,-0.1662198149901828,-0.04024578792064787,-0.12534005475291485,-0.0021312185500384326,-0.0846256280258247,0.010570057986090162,-0.3110706972394853,0.10809609345288017,0.05655177624221453,-0.019843386051623314,-0.048205506511406634,-0.061172526614243196,-0.06777507479586774,-0.06565848253997209,-0.12483684465320774,0.09338230307231264,-0.15273106603782766,0.12867456721225945,0.014546512798819468,0.03522304952013923,0.058838460351085746,0.18687015673144383,-0.018088236237416556,-0.15756332268997786,-0.15221120921922382,-0.12894734212786504,0.14714999176981933,-0.030291712972121288,0.06338872532946574,-0.2467535932009214,0.032940449288658157,0.10123430228368016,0.06641077038804014,0.1376251008868746,-0.08529782194245016,0.13202590205533782,0.45510091601718433,-0.046552911664721724,-0.049876293103799624,0.19677375169274955,0.2826395585813476,0.12298972021773714,0.22239552729062795,0.1418538509349393,-0.006251903814639095,0.20114420036635697,0.1879778555804247,0.43462039211424436,-0.10927193665867435,0.024615144007128664,0.0572940066408578,-0.0834163309593947,0.08231412534241236,0.5024314773584029,-0.22649146615123444,0.07401176031604324,0.12562393856704887,0.17438905549751202,0.05706369665311877,0.11124634964295035,0.14279858782257887,0.3612284270616735,-0.0580039761705498,-0.14600990826339078,0.27157430388106407,-0.018627622214197177,-0.07267844715583455,-0.11843986496215132,-0.21562562735915755,-0.13449281530908835,-0.08523939578781464,0.14814795138499404,-0.1582001348880791,-0.19582656202162624,-0.11423924370242859,0.21444927012320875,-0.09376668680326117,-0.31417464763019204,0.18308558408566578,-0.2692060644133896,0.2575021896582139,-0.5789308639794328,-0.8629044674385153,0.6904143107972369,-1.1146727269133776,-0.7382159069700154,1.540627590898146,-0.3670841966038683,0.06379551019147355,0.21923893429178123,-0.4261415630010883,-0.2941752084666302,-0.8949105615614367,0.7042143722074308,-0.5102640158156415,-0.606714995973368,-0.30233032662774995,-0.06593857942003042,-1.0443427243524008,0.37666710155321803,-0.3952150748764406,-0.7073185011668675,-0.2522005067374665,-0.23709255478073119,0.1770420812360662,-0.8352860014273775,-0.1123444218805923,-1.206129523398102,-0.8909016140792871,0.9892957822268392,-0.15931752799517923,0.077177777128669,1.6820157769101616,-0.6564355031945803,0.33360513497842625,0.06964187557816161,0.26419455514933426,1.2844906399187617,-0.3803854224415907,0.5299619498938996,0.2077340004638476,0.7915606836117989,1.8669060742266947,-0.9957937835417054,-0.849564990494309,1.9722004713074377,0.8346214887137464,-0.6371715428552771,-0.1599152440291994,0.3746594515039656,0.2754330611269405,-0.41728666815296017,-0.003614081317326924,-0.1814857499979525,-0.8408274251894853,-1.236284510111902,-0.872677901402185,1.5598953691285318,0.8819604915120195,0.06354114863585299,-0.9804628600510609,0.1854394460449556,0.16295861873022913,0.14215303096879747,-0.5997327081308342,0.5849195786239746,0.38589605891200296,-0.013176345235774796,-1.1850477297498607,0.7594130816684836,1.6479692869096942,0.5335702762954164,0.022325503148124568,0.5202442646970756,0.8362972094136942,-0.6897300037358837,-0.35974853865480577,1.2718860627522695,2.6896606478480156,0.7085651902271087,-0.9887049745959096,-0.3165270515510206,-0.11250685573233292,-1.0312679731720862,-1.4435170306179628,1.3460985167382968,1.6210532652735197,-0.7376662055191903,0.6329274939036815,1.5725420849409886,0.8630530766229936,0.7062809469677106,-1.7294212107257494,-0.4014737523935518,1.1045076818474606,-0.5138966767475606,-0.8402512650435048,0.8229722137834946,0.612853271630773,1
-0.03185782609305675,0.00940741267766759,0.1843390219661042,-0.21553196733255967,-0.00404553019427924,0.006971925484947231,-0.0025392371646844507,-0.10329897900120687,0.003399199205640546,-0.17659829419930997,-0.06835219069559649,-0.20377212546634926,0.018735615782893,-0.13056054750988744,0.03574258785358758,-0.08823891994180773,-0.05000105736978474,-0.10675040064606438,0.06467461837805978,-0.02300368898331214,-0.06261727174517118,-0.09681383520561858,-0.2008093330489025,0.23987148960306928,-0.04398985067774353,0.05069130626915178,0.06246721722237423,0.04515887849135079,0.02923321677854234,0.045242539437775335,-0.2604119277798089,0.1993852430187409,-0.04534923874106596,-0.1267665454797111,0.0049551125717280774,-0.05799017973011454,0.06922670633227151,0.11829412618253657,0.1151093495142618,0.2089611228005422,-0.15003462510277554,0.10407377361802699,0.038123426365103394,-0.04468661697632039,-0.016158144317471656,0.13609700747303138,0.0630867183116852,0.007037154755256666,-0.00291176620119752,0.07734017290867708,0.15682386896319137,0.08396885252789464,0.12671764742249209,-0.25392528592615515,0.0738094957958364,0.14791713232890838,0.0457299952112992,0.09204756446495617,0.04544396152063198,0.19350591064729408,0.5623233239896946,-0.02086858966741302,-0.05262728922493188,0.24093177541444075,0.3322801057265027,0.08880588634451542,0.1583451556407932,0.11656441751964236,0.012980845437674731,0.15844941973508722,0.19033488087967462,0.41387081893608907,-0.10024012609372887,0.16829073912657758,0.044717363348966414,-0.1768312471179455,-0.06574817920048918,0.584632278439373,-0.0894085297758568,-0.03826155557942228,0.1204616276404306,0.18378315363911688,0.03181617911435732,0.08160913962882468,0.2534561356696793,0.3798157781686766,-0.12723172590596507,-0.22663520612267254,0.20922567989096388,-0.10111028392352839,-0.059062297472266906,0.03110337535117281,-0.11107741806573741,-0.09335926778372353,-0.016325640463014445,0.12138106922841074,-0.1271890471908947,-0.03971760067255593,-0.054696679031193206,0.23321505616155735,0.004385040825020152,-0.19715528296548118,0.2309986664108481,-0.271183545351379,0.26941022381676577,-1.0420722889550418,-1.2388018529049452,1.1634832001075064,-1.1548338912269318,-0.16207082906267256,0.6644314308310877,-0.9275567962357538,-0.1377796817744664,0.2553803455075767,-0.17938064064713974,-0.8099979674493303,-0.7336045605338498,-0.18245494565556789,-0.4351875212256323,-0.0802456527692752,-0.1714075772798111,0.06969572590923113,-0.4865396643271282,-0.1326246051088875,0.05454739814896196,-0.5531421557274541,0.6467129340554354,-0.17137988575900723,0.6007299355561809,-0.5369835620508995,0.7923594947709913,-0.914853602198104,-0.5791381908447631,1.3351099479593733,0.6570368263916136,0.6530059221129169,0.556334708533414,0.40643351361129426,0.6027253556478556,0.8024347079168573,0.8134828090925872,2.661536641887838,-0.3895309626429647,0.2843647669534758,1.3884076050185732,-0.179666018818853,2.2599567164566885,-0.017158252321458123,-0.24305057038336286,0.9895311710027574,0.9907583321103387,-1.0612042696941848,1.0143080838848084,0.3996560288875997,0.09285723685340087,1.1904491732816311,0.6814245042144388,0.44665313736045986,-0.477747755890674,-0.8447425217794667,0.5116495960944838,1.4740702157239431,0.9352915531528335,-0.2855766609929663,-0.5564395220718205,1.220410977883837,0.25005935423296716,1.0591237684109853,-0.5189903293357709,1.6635334199263343,0.6228942147002061,0.6947221421553558,-0.8314071269476795,1.1539272100006417,1.5843209333275505,-0.18933817222203267,1.280510247644657,0.14654457946657468,1.3973891226897477,0.6788542592336281,0.873980277738478,1.466401276626338,2.1854726414564363,0.5504287990501352,-0.685221169327874,-0.6978133789001681,-0.19425869766116766,-0.9327844044692947,-1.4471805145215781,2.111390059353494,1.4403343103395954,-0.4791661987309591,0.3032289697892497,2.8490278895993044,0.006574869424002119,1.9074681376684315,-1.5094404763768237,0.3901264507717168,1.6680093317067357,0.3230509485659465,-0.20822841805589135,2.4603944267208213,0.9423522274912508,1
0.003131488002128661,0.028306688993429682,0.20141303243838915,-0.1281629931585468,0.03305590563511002,0.07947743249067768,0.002002162484087647,-0.02654219866073209,0.13501884809099896,-0.2680536596546426,-0.03498599626927295,-0.21121493535532257,0.016388534927860195,-0.1322268759391281,0.04642652175304041,0.01504137110605253,0.03824700354514578,-0.09725311598851394,0.09987928060189484,0.024508964359287545,-0.022989762681680913,0.05472120031775726,-0.2468359757414433,0.25945741124207755,-0.10737352001210018,0.07820972056411762,0.032478394390328895,0.10139796910461671,0.07759333934565449,0.029628337180230387,-0.2853147389975939,0.16702656756679762,-0.07279493446415043,-0.23130167566030696,0.03384538391892213,0.003684522257405117,0.16663331313997015,0.20608455212543833,0.10714064123906158,0.05611550330402135,-0.08692040289251352,0.06142373068215613,0.015500977846935746,-0.09239245520154166,-0.12126346660094993,0.020668303176633335,0.09488882547989688,0.05138903875655804,-0.034961530437958986,0.19922596876670973,0.1809274091601564,0.13864608165020367,0.14996841262895505,-0.1268436619536199,0.0013558675203516116,0.11247242179593475,0.04498057219422082,0.08429285120950229,0.07592822617813619,0.2327500179683534,0.6192486577274359,0.09050840660388441,0.0008462192071365557,0.20956372814886773,0.24922828603017852,0.008454539645196385,0.0822023688991817,0.128162588833251,-0.013664619620619076,0.23182221571454453,0.24763787245680366,0.3837450360770745,-0.0620399910419002,0.10583030143194158,0.05988696291261517,-0.13609281167512083,-0.08690715160637652,0.7122999295048306,-0.012027540814444699,-0.0301374545365356,0.11409576368539676,0.1612763100127429,-0.0317252676963323,0.05770086210805798,0.28254694012639,0.4728028139627491,-0.11172304540535946,-0.1808497823520701,0.24238314499418323,-0.08585356843098471,0.057680393938908905,0.07753608914287984,-0.06191624579187664,0.13781154707036736,0.051575973142248835,0.10564714312287476,0.011190815827161532,0.030154439068963167,-0.04914140472240072,0.28007269202175444,-0.02359759573256951,-0.1458043686807672,0.052625002702898056,-0.20655504517871726,0.24096689052436507,-1.0286725995847925,-1.1741712095760555,0.03419735329546702,-1.1947307700155931,-1.2258460553627706,0.8199442341979071,-0.5711725467506118,-0.3563475875157541,0.9644686833699643,0.5260830767914221,-1.2381331541380216,-1.2238125741247963,0.2429985738284137,-0.3602584833581408,0.6177152593708523,0.2712111854954873,0.8803849793636541,0.4985035797114866,0.23875512301896296,0.4872280710516066,-0.2431621680754627,1.479954682959338,0.43656650942901876,0.7793985158154949,-0.7326515244342928,0.8138881284196741,-0.9300219629946591,-0.18830660107653585,0.3076349329799685,0.4582395877603913,1.2914037748049454,0.5275391794059772,0.1512043382233492,0.8669914843885992,0.7449416718750866,-0.7949550125286837,2.015515502451855,-0.5712205901837608,-0.45496934485666024,0.45352189954506333,-0.827759471057213,1.2211305415471136,-0.5696456971114445,-0.5185375677290892,1.398639105460063,0.8829286047940622,0.24745550426697396,0.6893262526200394,-0.12894183491703648,0.07035944813364514,1.3177518957420449,1.6461621481748843,0.8628635142317477,0.06786777161781996,0.7803502238698422,0.3676084628845768,0.08623826285611551,0.6520231337666659,-0.8037001240310976,0.23022916934834312,2.78872612472078,-0.18390408832868957,0.23131054029042608,0.5894099058005244,3.0155669716605917,0.36204066772657423,-0.6536854129536989,-0.08144477610436437,3.1822846602875487,1.4965455691158145,-0.10427629008666227,1.3820828382138088,0.8898679297681228,0.7502977756205039,2.3561078288189368,0.47068868298045063,2.8037575161182353,1.9682165552544353,1.842833611777588,-0.5313795374474691,-0.039585446605717244,-0.03577887987136816,-0.884407818579416,-0.07793331566732353,2.199998311366229,1.2465220902453953,-1.2139943395743276,1.7604847208617618,3.228609101158594,0.012012940245751627,0.10461910664743597,-0.8290481001928175,0.5359544376240751,0.21800831665817016,-0.9987710846987412,0.4067181681890961,1.3019335407266721,1.0450024834955283,1
0.019892600618111163,0.16291971292296853,0.13842609720672083,0.09127644537204314,0.06772641781690301,0.02853889443787624,0.00604519869855485,-0.059014730464773985,0.03192107910293414,-0.22368587125723408,0.1366756172808285,0.0054800064017623005,0.15086406795543308,-0.1955413195868872,-0.06457388176947838,0.17410013651353196,0.06039886383322138,-0.12809994589275306,0.0037328582144922962,0.08678839028619953,-0.046733492044555715,0.18543575911230228,-0.28810180840747546,0.1580935139804571,-0.06259410377381985,0.19075843536018777,0.17199832252845862,-0.025801478514468332,0.16825571122849012,0.17103359734580312,-0.13534103549932333,0.21165068447156754,-0.07671895967810391,-0.34901116757741435,0.018788053524127442,0.14643245190589543,0.14144016374003834,0.18419850487918965,0.19576316337742286,0.07717762002869231,-0.13461177864222806,0.07822323470964326,0.08923301433641206,-0.12448739529422598,-0.12014395036603355,-0.0071866784144203125,0.12178004167387527,0.2563319936439269,0.022914400586356333,0.3162971727586008,0.2796986298697579,0.1392867839933529,0.055197462771435286,0.0025298014851796126,0.21113664001596763,0.012978821623975671,0.04010904842054331,0.06793816073101078,0.02826206420019382,0.14283340046196144,0.6839426052265214,0.2153171674571148,0.01707246155485387,0.2807554790923485,0.19914220901430882,-0.03876053123936844,-0.022885572872938253,0.23891245292897803,-0.05730807226274711,0.35314551717943443,0.17597888939869413,0.19684831198617944,-0.10071811711575977,0.10504260407632221,0.03354829322199575,0.023440973594139533,-0.033903693183973134,0.7547014534393857,0.11207159551304252,-0.13308721037509652,0.11800986821599385,0.12406023097475813,-0.07274053050713768,0.011597668108190427,0.29392263585155753,0.4741979532153617,-0.05089451233897494,-0.20750455813498547,0.12060693041457028,-0.14617080196566584,-0.04848362416045261,0.07032232105070646,0.051609577959451446,0.21650588664411732,0.13722689448551717,0.05034141454011641,0.04817844434148515,0.13445707084084121,0.06281973185826784,0.30940115152055175,0.04725572992280816,-0.03191681412985557,0.059060861775769254,-0.03359946090917235,0.20164382357960103,-0.6450141451419187,-1.3482014035037606,0.874637958792218,-0.0886308883815388,-0.49932808516955324,0.408590059209901,-0.8369661230806326,-0.24432712186194264,1.6425746939523254,2.806468132318664,-0.8144910869732662,-0.8115993604973107,0.7812045039780827,-0.25116541852527263,0.8182683210171368,0.473091249850028,1.3607444274667155,1.3368993552304673,0.3848517041431386,1.179381792649599,0.4619950341104318,1.815387149772362,0.7785171800146752,0.22048597732256525,0.18834465346274204,1.3581593001974392,-0.3694016089744661,0.6766834771039172,0.3594645830708795,1.8848073979423194,0.40547838524763324,0.7506217625354863,0.6895605602252319,0.7175225882305031,0.7440159456813377,1.1884309285189865,2.9992464873798372,-0.3460047535396619,0.7345762898231853,2.5183963873564252,-0.8137360005484943,0.8251498228579177,0.033076374193458616,0.31673506074879215,1.8617847365147442,0.5370308936525467,-0.9997799684931713,0.6578302953916604,-0.3588228991992343,-0.6336663961188036,1.2889154265653806,1.2939428610234551,1.1842779917415478,0.19799407207268205,-0.9303871454493322,1.3789513386701233,0.005790932242266388,0.5281801386142029,1.0665443966944521,-0.014732782401786859,1.87235715105966,-0.12147838306339678,1.3318807509211033,1.2911842530812645,2.5937972439805557,1.512414891695124,0.5974379042541569,0.5574162205924759,2.8162719199186856,0.5837645921023024,0.6935424353162389,1.6134978074910322,0.6931733886416966,0.358858061613301,1.9000587933474258,1.1390908728611129,2.7702953536239825,2.440015604976759,2.0094979838391054,-0.7227730694724867,0.20296503977115696,-0.36913702748874483,-0.007451722004138119,-0.34831292068575376,1.5039536881270423,1.4121515517934322,1.1961723450194919,1.650331895132357,2.0298850007213702,-0.08130366943986066,1.6460079574581201,-0.9621983605641321,-0.09413918129268237,-0.0011307787522161058,1.2299035784061576,0.7413961062959609,1.0175643973938964,0.8232859605527956,1
0.11599746030978038,0.17603708017669092,0.19681490661435921,0.13736677424420346,0.04650764351237854,0.10307397218599197,0.09313420041695986,-0.04201776372976801,0.026012362118372705,-0.15421481611824306,0.09512026526200908,0.002853596647464018,0.25359157459016063,-0.149993332297505,-0.062144828682639285,0.28979736004262147,0.12216583547574546,-0.06030130561441048,0.18894679535976622,0.04456369869375263,-0.0831785982883717,0.13246818028043744,-0.18384439449381748,0.16840640108496027,0.09899933891213385,0.1746963015112978,0.170271366277743,-0.036249634921473144,0.1497422797830878,0.1457017646751711,-0.18774230202853134,0.34042670602821634,-0.046053219897810575,-0.36820008965955303,0.07292582765241984,0.11602623615597647,0.029603492243060085,0.1848437536484961,0.22008845533423124,0.09112684195386413,0.04670584536073591,0.06844163416607224,-0.0754885617305543,-0.1394705471972645,-0.21412628489417163,-0.017991623284890155,0.17335093818790218,0.22933772153440798,0.04117106478055218,0.40307158723629943,0.3091750772493697,0.16912381503732346,0.029187288884124682,0.03821142324726364,0.16832671259122997,0.15414198143179078,0.09503029270930226,0.04311320620226999,0.038402397384032276,0.1681897003342628,0.6382452645494656,0.22071305554368373,0.005285762928775269,0.21077862758944715,0.2640155099200777,-0.1271153518818391,-0.1115651966428893,0.28768584554052534,-0.02529781825225666,0.3320365893089926,0.14449365501264588,0.08628163561582422,-0.19602586703450073,0.09753255999570763,-0.02277100572808355,0.06310640695877161,-0.04175005118209837,0.7246086093473707,0.14181057229961982,-0.21074714947960235,0.13160693534531534,0.17651431925872998,-0.09811436891227587,-0.027818133161720878,0.33967877755112147,0.29302952578938846,0.030404240440683954,-0.20836460802666887,0.12320450107724874,-0.1627859322077326,0.0015488820908554234,0.14224068399130793,0.17914104165177777,0.23882969113509553,0.12421737789726776,0.06608649915180409,0.07960507021457029,0.09020480093989308,0.10269333990967013,0.31199035280340176,0.13408621334892024,0.033469701154768945,0.030881865230170547,0.03014616400058641,0.22182091598060835,-1.1038921760316518,-0.772907045039339,0.0069676891405053756,-0.5602261328408776,-0.4212315667590106,0.020875878834059863,0.0830770704865516,0.07506016653370849,1.078541554500154,1.8844219218065479,-0.768001389977499,-0.8395066364275388,0.8158698658076876,0.194214523903153,1.6075333938257923,1.0894781995125769,1.646419444714665,2.2485677883731054,1.385062655449815,2.039750603498061,1.1122081005148954,1.969848239489392,1.5062423029136927,1.80055222455073,0.7792703432650682,2.246208061134492,0.04896113772061947,1.1004182036027113,-0.17976604500451102,0.7670919986297762,0.6724155921582223,0.30837346144121003,1.0254784256599174,0.6842303097494336,0.9621107202799524,0.37641737166874506,2.182033197100841,-0.21298056052015166,-0.04983618021180489,1.2339079881635695,-1.0109357818709588,-0.26392518764441475,-0.607155485622753,0.07821377596619077,2.133198731131152,1.374102881301551,-0.28478181503081434,0.7630223701444296,-0.4697187111865216,-0.29048643307339805,1.6408615440423533,0.8116381411840496,0.5791188757240421,0.6108123682571848,0.7334757337046462,1.3097816883733269,0.38598761651499774,-0.22588931965438483,0.2615295085368783,0.31891338814676595,1.5085609478432387,-0.4197432372171765,0.5894728184330353,0.7810508896919569,2.6810400401553913,0.9851422150920645,-0.35611003035523087,0.16868726739846546,2.6226428942763285,0.4965423792560948,-0.07372173024718581,1.9318788850446518,1.027792063468738,1.1642498378674986,0.45009248238661004,1.4116952901621482,2.837150238583866,2.2209334434173704,0.8034567588620269,-0.5334238552581256,0.44746140586247707,-0.431880757480713,-0.4916300356667419,-0.4733943579407332,1.6680481734384376,1.0228165541728809,-0.44228685429898895,1.3534742902809362,1.9222205228837583,0.1608408461752226,0.3725670819930184,-0.7420024212204843,-0.37745372731686383,-0.4595542859811909,-0.2374425108678537,0.6033953374144716,0.8782479900263505,0.7443652641450462,1
0.11850588435970957,0.23580337492498304,0.19720119523800558,0.1631704247018096,0.13506860465554957,0.09074831116427068,0.002811812517983214,-0.02786650478077609,0.08709078367711749,-0.1816608347926436,0.24988327937797206,0.01569363616611918,0.16531888478906287,-0.11879437482456504,-0.05046832306602839,0.3701669917254175,0.0722994542851821,-0.07242810013009347,0.1278526422077952,0.0981095499465693,-0.047820259648809066,0.11582423103805715,-0.1526288845444365,0.12713266105425533,0.048207731932828415,0.122218325584956,0.1861454222765194,-0.00766196479551384,0.1957449209533623,0.2160359557301403,-0.05905557346346148,0.15382623231904907,-0.022608030787035518,-0.3231317342946046,0.055407857928893245,0.18423829466757047,0.1442375622933413,0.05336775090735314,0.07104620098216517,0.1022340634404195,0.0886671320988143,0.026308544237391488,-0.09207787246842744,-0.10941186688726988,-0.20511236235457864,0.016765009520005803,0.23027450401326016,0.24483756484000296,-0.026755408617458693,0.3503148208524579,0.38956886413305253,0.12814383832556958,-0.10070575384621257,0.023902971719763192,0.27411704602217407,0.12263709552720493,-0.02140061030460623,-0.00451519366356761,0.03904980060758129,0.12639176222140813,0.7178869458411361,0.33177274861493145,-0.13910976291789687,0.15583841946681692,0.12140660473483217,-0.24709019071649774,-0.038839303068650535,0.3103004100628507,0.10663814113716132,0.41043360866773587,0.0766963111510663,0.0028482731475530975,-0.11740736893665986,0.20291070802112063,-0.09528402456309047,0.2040641136580398,-0.00678655230256612,0.6736382875091591,0.24375185233591495,-0.23880947661351615,0.17794957134251832,0.2723423532514096,-0.13903172059892333,-0.08721688448416612,0.37797983012497416,0.22096612906102242,-0.01792036782044291,-0.24925318728062973,0.06949824225145201,-0.12298692163401694,0.12077853830730771,0.2776146858415563,0.17666924177029272,0.12468754961880688,0.07764471769868231,0.0039740340846921495,0.17253803024172767,0.000816021538072377,0.15720223865200436,0.2716674487996191,0.12239763944068045,0.03600939879551111,0.11970762866162182,0.22618444046146408,0.287020901501526,-1.2300791296055424,-0.7247939573981106,0.7012022020965195,0.14468011813328824,1.0375321458590485,0.0751831370259465,0.6216038997172594,0.2587076243244313,1.1319947561599615,2.8170442084939213,0.8598513394170251,-0.36884905124317147,2.580274096449798,0.4874496768764195,1.4469944392769944,0.6397122574893436,1.6589650551010287,1.7959298263486805,0.3226864895179788,1.7499508608302927,1.1748186023593539,2.1581347238771955,2.0830479672549074,0.4161589781760655,0.8017553313852218,2.16310539417579,0.2815264017423574,1.6302765253763332,-0.4127173424398608,1.3884344215669842,-0.10141372278843143,0.5368674085658716,1.3318922270535953,1.4273534436933972,0.818450491647258,1.4312330426410687,1.3436970927556755,-0.27418679727818646,0.49830437459460497,1.9119155504932372,-1.7966177655075741,-0.19107169045881267,-0.7990588759383264,1.0684223185746349,1.2572588537532523,1.7642378554762772,-0.6278172873699166,1.0659808433782723,-0.10397619156781324,-0.21381775185738894,0.26343284921154864,0.9527237256080667,1.5600755085809523,0.3828250356071034,0.22043063660766615,1.6498708098091488,0.7408959068248014,-0.41974189377976184,1.0260612856321993,0.8181121850146841,3.5195997322119332,-0.6887851635507469,0.4789299722471432,1.8715117905811909,2.4146122820729903,1.3926688474703457,-0.2619435876554783,0.7140821831229066,2.7615563919443384,0.36363714246529605,1.7830237179916992,1.6277100387029637,1.388449424347547,1.6303416134081639,1.5893369790620693,1.532846312608199,2.6257466031709535,1.8371513486452038,0.7160223751410304,0.005901333349527749,0.8285465002641467,-0.5439257901187265,-0.3119600065401952,0.792617994629356,2.2402390158955146,0.10655836685898688,-0.15070012147067058,1.8072188243509306,2.860961421747543,0.002622650305328432,0.33979315613439925,-0.9126779347761188,0.2905598856362967,-0.033121192598753596,0.7256196964784105,0.48707425892027034,1.2732749676555115,0.408999356394948,1
0.07775769520923966,0.3038374742559647,0.16954885877196169,0.14415653917788496,0.15137463327466202,0.14272018780293907,0.059722721607523135,-0.06968160637285359,0.026521626677774916,-0.05683498290418113,0.22669876519987997,0.0018000204681722408,0.16598281228668488,-0.10338673984352144,0.05284508504438567,0.2205625843478564,0.03909811429122427,-0.0003057055243547261,0.21773233654994273,6.5788082202946186e-06,-0.03684870033040453,0.06353439392281836,-0.07824738062281116,0.1513100964896853,-0.010473062634514165,0.2945960235610909,0.24350154352298853,0.1793318342958837,0.276466988834574,0.33237939341699274,-0.04663722849118698,0.3054538318365686,-0.029514575984779582,-0.29049418186192644,0.18256479178975862,0.07517017449570228,0.10767305320827474,-0.0861800062659395,0.10608567246808268,0.12281933464046373,0.16085015813122677,-0.06960013393342818,-0.12579582659338942,0.027007656513721758,-0.18833724890641226,-0.06607048461114767,0.15868686592161796,0.17581137039175,0.0739166463376442,0.3602703114061457,0.43625186873941924,0.027991370016112817,-0.2041833167531814,0.10668787117969289,0.3031538023746415,0.16998014492472444,-0.14517360581411903,-0.0774509696645247,0.07271834637013468,0.20475999968356778,0.7331232720360038,0.39329584139977514,-0.06494261939982779,0.13271383698020198,0.0034540215605151723,-0.1340618221986322,-0.014872588465075904,0.2861621291902147,0.14026141252919097,0.5079711139229744,0.11501553167884307,0.03653150517499342,-0.14385349213325818,0.22674153025533472,-0.00934000254274314,0.2299491294161905,-0.13048670591520262,0.7264112189350528,0.3434135593972711,-0.17551580556628973,0.10765991837100325,0.20246963006682211,-0.14398600179205345,-0.10225982903447624,0.4309321479748967,0.05980015357177907,-0.007218947510775552,-0.23628641532896089,0.04259093940200473,-0.10125101639619623,0.15916823794618853,0.25874448124501775,0.08071583291261993,0.24375440402393955,0.12139758878487752,0.08469255604607404,0.3221466601796561,-0.016726135709370836,0.10075755735295039,0.3749927221701244,0.019113472905210926,-0.023790681210125033,0.1302669185845803,0.3102683038431045,0.3019884882137953,-1.3560906150165999,-0.8094203264015392,0.14136846183547278,-0.3406515000088338,0.1255337038467147,-0.9329463093510678,-0.06229648637173233,-0.19711970089025105,0.2752178866672456,1.6352441789282648,-0.482406684473357,-0.11417096925200046,1.9247913225003497,0.1345638311826495,1.7633417487163903,1.3544682326620252,1.9457858123488576,3.1425587791824556,1.1008819510731271,2.243001814707902,1.302139668109703,2.0976936311092627,2.3404729717087953,2.1979137015019408,1.262206783390766,1.9919779879720165,0.6353538074922213,1.1135114504890615,-0.39614765191952717,1.008843203072682,-0.2750816966540114,-0.6495686881396833,2.309146089227098,1.8974511695802592,0.4740879780074909,0.7918965839278373,0.8071963719251548,-0.4612614904349586,1.3436251536337471,2.0171088195464884,-1.2017574429502416,0.6745384004580625,-0.6275207873295565,0.44083738278962314,0.7232373268023103,1.3004462352368107,-0.7176213648239739,1.3316798899896414,0.17260211747426557,-0.4555986716058896,1.234818741054617,1.2438451044060783,1.1395114503406831,0.670590660244171,0.6810157554905057,0.9537543632518272,0.615657082974474,-0.46258028178121113,1.9317455557814611,-0.12389873922763578,3.230238415662053,-0.603633718729888,0.4035020535894577,1.4232380508283902,3.8242513678050347,1.5903792980307632,-0.19172194873765763,1.2862101475858339,2.983348563644499,0.7369487305587726,1.1715250910243427,1.7866445874136534,1.9658396279412729,2.145023027063948,0.15746983424668312,1.6420830813020024,2.6211608461489786,1.7168921022089534,0.9896427280243497,-0.01667973245674463,0.8308929326946718,-0.6066380333184438,0.09720309331658776,0.03707057087302332,2.7575919121999415,0.6132961678338816,0.22507523283570413,1.0691203370147353,3.2175864255381064,0.662195218889687,1.6718526481608127,-0.1817275487413166,0.39932167281045794,-0.43116411119481357,-0.22827253005923898,0.7255675761133722,2.4507736886869584,0.6944876881771441,1
0.08555080165394577,0.33908141153919824,0.15219712775382882,0.15864209692998962,0.24520331845382387,0.14283192713626897,0.0902840381401834,-0.09976766001170842,-0.04158204837550314,-0.07449331107024104,0.26786031839255287,0.03318395888576055,0.15348592082876697,-0.03764783030222447,0.08414981017513418,0.2532112244499511,0.07605967291908768,0.05108153525718349,0.17725007729653933,0.002398739662147769,-0.06814807825200356,0.014893275312965987,-0.0020564031579897767,0.18988098450635532,0.013288389575590805,0.30222630256850774,0.2882014423874087,0.18854840913029433,0.37459545226277874,0.28609773839827496,-0.08045178766732615,0.26413242806850296,0.06369913959060268,-0.3048267229151278,0.20540006963562057,0.12259210331497841,0.06545757422930108,-0.02290240289290006,0.11104731954803843,0.13986693584105786,0.21969672017549147,-0.1213979797254864,-0.053221472101068756,-0.09099404789573308,-0.14750647700060998,-0.01131259844446601,0.1909574047980922,0.18774297114477245,0.12044781108196519,0.28753039443192296,0.3795004835907331,0.10411117588887744,-0.19986029718813852,0.19814942199533678,0.2475091949972496,0.14273970094220098,-0.09574543060860467,-0.046821038127387804,0.07389478705949402,0.1291708496054882,0.7320660764816421,0.3657157685549186,-0.005021992039318568,0.09512962775439512,-0.06659380346394327,-0.13538700418878113,-0.04510951149395321,0.2854124283856188,0.22088318078491134,0.5945902144747699,0.08449393739711543,0.0010483895832182617,-0.177038508650827,0.2888655739931352,0.10073614785137508,0.20098337815025083,-0.20562679797477154,0.6340003317019105,0.39534395636998343,-0.19448981761853115,0.12253738359195775,0.1843878299910752,-0.2222907954527066,-0.03880230511942396,0.5031890816446403,-0.008583796117391154,-0.0328771812026086,-0.1633820990676546,-0.0004752687257531076,-0.011073740117677186,0.11139151242050438,0.2598409163818003,0.11110018991148157,0.26526487237324353,0.12195754243697846,0.18152455745291632,0.27181514876701796,-0.012518103001077415,0.062446907850683485,0.4741948870839349,0.01492160851989579,-0.08211572369060664,0.16041041658592203,0.3216604208779556,0.33050733966536067,-0.7753800567579942,0.7284362186877038,0.5623816618947386,0.6357861704927223,1.3738711006752582,0.026744531118756507,0.6569342660150795,0.8672684345251033,0.6712130586048622,2.5024301759781724,1.1488722128816018,0.9118366068336419,3.882078925083706,-0.12064611553077334,1.0612759782152246,0.34725065300118285,1.9854375220269418,2.1680401085032006,0.9179301339713405,2.1693088686957887,1.8569107972776706,1.7632074510633875,2.687999379563933,0.35895217803090945,1.8114831684713746,1.600917668722015,0.9892854320999621,2.158773535446952,0.3044010696286234,1.7009810350257752,-0.6092323819214541,-0.026074631476316102,2.361527635776582,1.6977816590451327,0.09187384871634068,1.88541462882679,1.0589508893265538,0.25306319082096773,1.1595526321162561,2.749491194832545,-1.1855158960400147,0.5116885911744034,0.5640793438514813,0.6648047992150548,0.6121010303424098,1.2880220467857888,-0.053147944609546596,1.7533822434268467,0.43275450044011926,-0.6321335355662743,-0.4893339396952319,2.327242522553761,0.4068613174190199,0.48233040631388163,0.15667233206588937,2.368486197914994,-0.00084434793699621,-0.9620985021350378,1.127183358472486,0.1678143869724685,3.1313540075892234,-0.8721672190205005,0.22773870341162492,1.8861085798059858,3.398148010052054,1.4394265655965564,-0.4657433472836576,1.767947528304663,3.2785478809956974,0.34894323360584056,1.244350501417802,2.4953176623307636,1.466726094670655,1.9215437346781088,1.901101068191194,2.033311954935277,2.0218352893312943,1.299848846159295,0.6304342003016647,0.057259690927102966,0.5423055408489948,-0.6696931880125735,0.38432044307807095,0.01578581172340903,2.7739311108816955,0.8888533395468141,-0.016814667107250325,1.3245365163363199,2.856927923972071,0.5379519751988827,1.0186719671797546,0.5623512553223372,1.0090701746400788,-0.5077169910770353,-0.5209518870988585,0.8172295464464352,2.511139404832209,0.7944705911662944,1
