feat_0,feat_1,feat_2,feat_3,feat_4,feat_5,feat_6,feat_7,feat_8,feat_9,feat_10,feat_11,feat_12,feat_13,feat_14,feat_15,feat_16,feat_17,feat_18,feat_19,feat_20,feat_21,feat_22,feat_23,feat_24,feat_25,feat_26,feat_27,feat_28,feat_29,feat_30,feat_31,feat_32,feat_33,feat_34,feat_35,feat_36,feat_37,feat_38,feat_39,feat_40,feat_41,feat_42,feat_43,feat_44,feat_45,feat_46,feat_47,feat_48,feat_49,feat_50,feat_51,feat_52,feat_53,feat_54,feat_55,feat_56,feat_57,feat_58,feat_59,feat_60,feat_61,feat_62,feat_63,feat_64,feat_65,feat_66,feat_67,feat_68,feat_69,feat_70,feat_71,feat_72,feat_73,feat_74,feat_75,feat_76,feat_77,feat_78,feat_79,feat_80,feat_81,feat_82,feat_83,feat_84,feat_85,feat_86,feat_87,feat_88,feat_89,feat_90,feat_91,feat_92,feat_93,feat_94,feat_95,feat_96,feat_97,feat_98,feat_99,feat_100,feat_101,feat_102,feat_103,feat_104,feat_105,feat_106,feat_107,feat_108,feat_109,feat_110,feat_111,feat_112,feat_113,feat_114,feat_115,feat_116,feat_117,feat_118,feat_119,feat_120,feat_121,feat_122,feat_123,feat_124,feat_125,feat_126,feat_127,feat_128,feat_129,feat_130,feat_131,feat_132,feat_133,feat_134,feat_135,feat_136,feat_137,feat_138,feat_139,feat_140,feat_141,feat_142,feat_143,feat_144,feat_145,feat_146,feat_147,feat_148,feat_149,feat_150,feat_151,feat_152,feat_153,feat_154,feat_155,feat_156,feat_157,feat_158,feat_159,feat_160,feat_161,feat_162,feat_163,feat_164,feat_165,feat_166,feat_167,feat_168,feat_169,feat_170,feat_171,feat_172,feat_173,feat_174,feat_175,feat_176,feat_177,feat_178,feat_179,feat_180,feat_181,feat_182,feat_183,feat_184,feat_185,feat_186,feat_187,feat_188,feat_189,feat_190,feat_191,feat_192,feat_193,feat_194,feat_195,feat_196,feat_197,feat_198,feat_199,feat_200,feat_201,feat_202,label
-0.13739168732757082,0.2756291929644998,-0.1824297038432857,0.08208615578088437,0.11503695702344152,0.25585922696564767,0.23552483728730048,0.45323857771123566,0.35324495321621624,0.49601151415644723,-0.0656899288609956,-0.1577191525720029,0.04588615292915459,-0.3529071747056795,0.06500436579095908,0.04211959403590126,0.31430306331981256,0.2340065774984029,0.17825261305602214,0.3732502251223224,0.3365110886622883,0.08412924730866674,0.41808338180562826,0.2815017203745169,0.1647017597509353,-0.09579117013261447,0.14023100562221144,0.007662654540241797,-0.10270868436745755,0.3382196742669083,0.48540745512027395,0.44712768372823775,0.6305492114047121,0.6128475724064805,0.8648727019387489,-0.020988684466178093,-0.2812007114561951,0.2539232049392263,-0.36258121944779326,0.20898269183914367,0.24972326171126782,0.6235857442656114,0.6056346384016247,0.5854675298963503,0.5314240246015265,0.3810530731971745,-0.14193157562254843,-0.14272718159901718,0.4783913121427136,-0.04914859523802164,0.06325955941632391,0.3937012095099231,0.5781153137441644,0.2581577847643136,0.3930912505947865,0.45161052126503587,0.21189026938966657,-0.034644900351190826,0.07428213841306228,0.38595069361464135,0.05018903632693294,0.22380877548815678,0.18134488027251178,0.44367383193240195,0.23901027959553287,0.03489002821344311,0.32531923422985826,0.19736581613309795,0.3497449456796957,-0.3326531964251679,0.49151135981116334,0.3075666833638449,0.6715894055342647,0.12796653912735814,0.1368775453250324,0.12419863779361492,0.14711898010671945,0.07324063800455897,0.15789551298408364,0.47688441184528607,-0.15262359928164376,0.1573970117349147,0.2484399903726421,0.03981939343613362,0.025414544996136053,0.3774068426806941,-0.16168015207493508,-0.0854244097735361,0.20554522236247294,0.2423469404394619,0.3321532350226382,0.019532155958869316,-0.3124634800068854,0.22134643985987648,0.1934686910442498,-0.20041439700743857,0.12143817872596384,-0.08809082883425137,0.2661237697566538,-0.27784820267744315,-0.19469813719855308,0.0585420074220184,-0.055188602723641976,-0.006534268594724905,-0.0582287482476195,-0.9940659298632518,-0.24011444661626982,-0.35648670413396605,0.19283508367897115,0.6456284597184226,1.7058535636534324,-0.008611396320285897,1.3582166935716293,0.46910006027533324,0.4055701639660513,2.660982615281078,0.5400225847430526,-0.07601060781396544,0.7675463142232225,-1.3888962060609986,-1.1793992219800347,-1.364702389680362,-0.36265936842752833,-0.9090861345892073,-1.1860414035950235,-1.4621263165043688,-1.283434879656539,-1.9938301588931306,-1.5683763266785427,-0.9409616920303335,-1.131184690760711,-0.28836837127838355,-1.4077868777136184,-1.8740216893198167,-0.991369440637516,-1.240156542918262,-0.5591835015948767,-0.7515511697112207,-1.7566241822474595,-1.260450565267767,-1.2040472640943114,-1.5946532933166555,-1.1827488316064965,-1.3735220275193731,-0.750831438195351,-1.0391718935424399,-0.7016671465972436,-0.5987407747464142,-0.9581730049241528,-1.131953996217845,-0.43489060194830786,0.39412358825765165,0.2895406547055804,-0.5654635794329984,-0.0839067736652688,-0.27599882799360764,-1.8101933392061302,-1.8776062268689526,-0.7917142755202651,1.9895796073947507,-0.1326490856327659,-0.6579217943076896,-1.2995062647136606,2.293524592813511,-0.13386590919991476,-0.4084677672897747,-0.9875891641787858,2.7635142541163304,-0.7859113108468954,-1.6859665392498833,-0.7091080708195294,0.8054417340574842,-0.6167678340736128,-1.0043615893997042,-1.0171691819729523,2.515435009212463,-1.1630591588450685,-1.1726068986919382,-0.5587846243071228,1.874373507219786,-1.7314793660022911,-1.688951275809183,-0.6798529748975929,2.650535384874052,-1.1742990459342557,-1.964705313990547,0.25942894110176445,2.9666857654781715,1.3007435162949783,-1.4917576059916815,-0.04150751058423215,2.5799256145407217,-0.6563020108682887,-1.0602789391227525,-1.0673876555740096,1.9116498049635302,1.4037343167767244,-0.6648898206123888,-0.6399142190980859,2.3624512008011154,-0.23853903769741205,-0.571393905945099,0.08633350266901972,0
-0.16495918295294731,0.07122559117984374,-0.2819625975762286,-0.07134571681872483,0.07334255422451189,0.25079882623571037,0.23707138633379907,0.25893182390579017,0.13594911889197997,0.244649978694769,-0.1529630103118654,-0.33348800536413487,-0.22787842492404164,-0.3097068762326359,0.18214474546069814,-0.2527648933104441,-0.03354122380627482,0.08911948907831758,-0.059642580254681325,0.14676509476131905,0.1582669032340883,-0.022542486069729063,0.31082094600089083,0.08168878502953314,0.10547373215941694,-0.036324790446792356,0.03839207347732506,-0.16882855038036326,-0.2844182769735895,0.24587557635228247,0.3317038712300232,0.2566859984612086,0.33324805520202855,0.1926166612201283,0.34519017006256014,-0.13699987828520466,-0.21613539406634524,0.02766576742844978,-0.575224197949011,0.13278968998373833,0.132002815887443,0.5313606361233129,0.4638746257357851,0.2990821591377433,0.16890544955654574,-0.0677887964842944,-0.2516170952775018,-0.1472610896294287,0.23889423912616942,-0.21681817817461074,-0.09970290792535377,0.12355525227963454,0.3451787112205548,0.07241901569884159,0.16650270689691637,0.09836210871648667,0.10308790705718741,0.010550946720469348,-0.08961075802501849,0.17144731501145416,-0.04946174262678874,0.013718406502591346,-0.016724314755039882,0.1844967645723817,-0.09125908813555476,-0.09193725666102999,0.2742514974698103,0.005026814701679707,0.11629111812412342,-0.365753797391302,0.2170406627730699,0.11694217217527345,0.34962087789483937,0.0739499762333284,0.10474539261735422,-0.05347503496678562,-0.07547060434229039,-0.08379708415331935,-0.17541416395090786,0.05769788887446317,-0.29678042730346393,0.10153990211378232,0.14332274022579758,-0.14729450418604442,-0.09201895107035278,-0.048305163365443334,-0.1854070975823557,-0.0065628566694324614,0.0789369477046216,0.003237674423918445,-0.03490320962768596,-0.09118680255755933,-0.31728050707714767,0.0200636569553134,0.004606968020754958,-0.2620195878662767,0.09070426208753628,0.03191674759329116,-0.024818613373291352,-0.09166197779290347,-0.22013586171886476,-0.14676318562156612,-0.11130955987115305,-0.006837682252851991,-0.14664200070507197,-0.895545746595713,-0.7105502930306539,-0.924555635959555,-0.6717194956994662,1.1848377527326281,2.0894764650706548,-0.3749735436925991,0.5307874841631821,0.23884785954113358,0.4070760677349199,0.9822784324243418,-0.499314258085145,-0.05787524776199676,-0.6495019181232438,-1.3874626527286282,-0.8059684043436386,-1.711547871254616,-0.9616067067336849,-0.9455647852832625,-1.3286571736061155,-1.4503646930698084,-0.8787189646771806,-1.9672800748394825,-1.9557943751602966,-0.5278999754480952,-0.9576309284680193,1.2152868520591673,-1.1999137256138837,-0.9975386766452156,-0.17361168906325958,-0.7829571317421588,0.0701153519471997,-0.21800391944560238,-1.6757250966452286,-0.28916528310051,-1.2665696299190097,-1.5779064897956991,-0.8865226226513505,-0.7052436747684059,-0.7386289714882227,-0.23096285314215265,0.11589735049489865,-0.890780675713897,-1.7174468119612778,-1.0978943788693794,-0.19965890342404585,0.8338528555409779,-0.28885181826079803,-0.8214224144483022,0.5766508359614696,-0.33565454811018397,-2.1098008508074777,-1.101300471153176,-0.6230115366063369,2.9335771248856206,-0.9847776380137202,-0.285885508526426,-0.934001672870932,1.5547507151614823,-1.3097973751798986,-0.6040334321202179,-0.5735232113461791,2.767307909263252,-1.772699703236067,-1.2644378200920312,-0.09412765330885368,1.1860634272467898,-1.8227509796444588,-1.1426550347358198,-0.3576089292426466,0.8404882078278307,-1.6868500696588349,-0.8325443555865776,-0.3971218617038851,0.33839991016559684,-2.465900265848876,-0.6456169377852972,0.3731701087152873,1.1410099798435365,-2.7122198142032325,-1.5094669792990634,-0.25419864267579023,3.6394689191252936,-0.4442765541134362,-0.8706396265575552,0.39109282391991373,1.8273026245954487,-0.894919346852524,-1.0387182369134798,-0.8657452189183212,2.072953188574759,-0.11478464996906677,-0.20461745693795713,-0.08292600917941341,3.438172867975973,-1.9976058434628599,-0.37125162674590895,0.8484247419427224,0
-0.008036904860238196,-0.36457380193401195,-0.3488754524708436,0.05517488100267065,-0.020089437672198153,0.20834819742235985,0.5062108215812116,-0.02798511690731396,0.014970078192197388,0.06574686905084146,-0.1868906378158718,-0.48830906161263565,-0.3066803175927543,-0.24237056493724043,0.44364251924313886,-0.36140415313562424,-0.2475974401773555,0.06388266992264277,-0.22540626749196518,-0.26395166787113483,0.14398020254454605,-0.08475900810645053,0.0767542464000256,0.11427089821269353,0.12526354373157297,-0.1299963958399862,0.0018593668094019872,-0.24430629887111258,-0.12877316984682258,0.28119524669319246,0.2776186677597085,0.3031260958877444,0.14853291504637742,0.12053295988662115,0.1401908362181468,-0.17361470273921806,-0.21366814092170086,-0.03886719483254337,-0.47464579128755824,-0.03689792052627783,0.05360577935100191,0.4592476572419885,0.518370626577488,0.03864430234190499,-0.055131811775135424,-0.21295196952090992,-0.27280528132255066,-0.16750840159816735,0.014868163013744289,-0.3046977021032241,-0.12874796924916548,-0.04243475564829783,0.24695091894676022,0.031142344212304315,0.18343934332488082,0.042897129050489126,0.04221199101667046,-0.022117812453435925,-0.1646872962478947,0.06140438716955761,-0.02789134522171004,0.002679819723600938,-0.04366203204900133,0.026073064003780032,-0.2180715569932575,-0.13250306847929968,0.1796604867560691,-0.04124562217010862,0.042544306773063555,-0.26290011437697,0.04254588683888227,-0.016436489415303925,0.34761168172504525,0.18795790334919482,0.15103919072230088,-0.07448836502977857,-0.02374777503752474,-0.09901824210776672,-0.18288098230204577,-0.0972020168114946,-0.14204211002084527,0.24779122737225476,0.03513994075133661,-0.05647575867841175,-0.06645666019239278,-0.1964309998866059,-0.11519769369224267,0.13407257395668812,-0.009911196690336486,0.07385662901177331,-0.22428950173547757,-0.0013398681200387469,-0.20229473024357877,-0.1535310619085788,0.04027590666509618,-0.29802488425462537,0.08421565837001588,0.2756195941456186,-0.062008388598149035,-0.07662688125860809,-0.04341487522779347,-0.18033704667770206,-0.05856776433712361,0.18443746260895277,-0.18377743967167684,-0.4525975460549546,-0.42399274963904765,-0.15557185834519438,-0.8274727627843975,0.6103484779016852,1.76490793615642,-0.22054525116071472,0.32689217743387916,-0.6014785649014424,0.3797846698121628,0.1898680017035345,-0.4443772574937621,-0.3771007659560906,-0.48827731004095987,-1.420956478542826,-1.0143587721290162,-1.3777935279871427,-0.6274604172225459,-1.2338551864368739,-1.2218749711933536,-1.3488537078548712,-1.108218461400195,-1.9390065899910274,-2.1666451664705684,-0.6686247994769624,-0.2725548509239334,0.23775300482293002,-1.0288044688168585,0.14502026339783453,0.5727070230515081,-1.3819615154194917,0.1883834418867927,-0.2095753465728,-0.904215072101238,-0.2023658947844,-1.1354501893856512,-1.3213050529117305,-0.647845263499325,-0.0077190202641083784,-0.4304064975598478,0.31307989813767023,0.4951661060592421,-0.4559959965640388,-0.041035850615338036,-1.3743765136034913,0.11522844714956586,0.49400921440446377,0.8650721897627368,-0.3463821954950468,0.8508029024840446,-0.9450113684524128,-1.4541356641039733,-1.0987973301993619,-0.9907107585644297,0.2684647922767752,0.6385848435648545,0.13865249038997243,-0.6348295210796018,-0.17474285618441293,-1.0853765466552008,0.31766849142782455,-0.6102505638859914,0.11691399269143218,-1.2415628923646502,-0.9656561004116777,0.26957417236595893,-0.4369628847722368,-1.2905016263180762,-1.1727737491250814,-0.3110337143511612,-0.600856241130604,-0.49573068647516305,-1.4136896270344985,-0.6123194886352413,-1.0926971507995744,-1.176924677896811,-0.17351603653657954,1.2233296045327136,-0.5500604792216045,-1.0944739209401497,-1.53622991742944,-0.8967567303623885,-0.39167950210455377,1.1574398722942205,-0.48764242037584554,0.3798132173348905,-0.6600079049514065,0.8019057320393341,-1.4816019140131091,-0.7967001857517448,-0.12617805441993127,0.9076930758411821,0.28086084470773576,0.012646621754099314,-0.7239401870745309,-1.6018663154748067,0.556842367647521,1.0255889430589225,0
0.023635434143962825,-0.292685944990326,-0.32615694511355603,0.16965960457148355,0.022320624863380913,0.03991011135954407,0.4719741379913439,-0.07001961977365935,0.011998865529667382,0.004850526096975076,-0.16365635321424613,-0.48774073688276703,-0.327632437059853,-0.20718022254645793,0.49535935906661277,-0.34534303056166726,-0.18725224774480115,0.02063376585131156,-0.1875940343995216,-0.3367815986415623,0.11473542325362615,-0.031390865537183905,0.10835035231443255,0.06480267589570068,0.12052726790635977,-0.2117828586557336,-0.06852438482464329,-0.22272905907651633,-0.07941200892048263,0.261843423213265,0.2684844505989829,0.29139644831019973,0.10368216725954077,0.1504569040349479,0.18534656342377553,-0.1525538750352561,-0.1742477669652252,-0.060891774007692176,-0.39993811582096195,-0.10459500021045726,0.0165493982006595,0.4038670252732217,0.5517230267087516,0.03093885380280711,0.03529313869912593,-0.20048415040808804,-0.38374697893394866,-0.21313628602097098,-0.12479662770242311,-0.28002834703745966,-0.07262797004011712,0.017670143686876468,0.23124534805434954,-0.0415568483110939,0.16384609139428413,0.12306479335146442,0.0348835812650701,0.009411804643533613,-0.052439343601616575,0.023164342230792195,-0.054251508972003454,0.08331212848557078,-0.10933281114642675,0.03420224655687414,-0.20432085919114756,0.02462292913027625,0.08379390686735415,0.02439801580351951,-0.03419684233315147,-0.21949017930922907,-0.010956078425136948,-0.01844361415971263,0.41897690782459296,0.13048075930510813,0.14116776300589534,-0.022406176769843886,-0.007978762846672613,-0.04052344656079246,-0.11716414784310446,-0.10052563869762907,-0.11177862328334653,0.2570225575960917,0.029714181965151815,-0.06640441014028685,-0.012398615318631004,-0.2578825067549322,-0.10076633606268125,0.2585450351686442,-0.09451838923874348,0.16994603979312378,-0.3065716853609842,0.10051321140811967,-0.15940541251142593,-0.1183070294280772,0.1038101443766393,-0.3568535739707765,0.15930043038839092,0.37858200821787896,-0.06246724267662248,-0.061459670984422135,-0.055717169749046565,-0.18003342385368235,0.008510022923985065,0.1939720092290473,-0.16454175247763472,1.5135643392379514,0.42457230949916996,-0.7304488838262257,-0.6964830742756057,1.0262166266314618,3.2433308285959903,0.8602191158550585,0.7447647879070294,-0.5696518117750279,0.3747106297408326,0.8692828382854195,0.12234416420575488,-0.31139210609609796,-0.21075754750723003,-1.2861339692872522,-0.04407811565138562,-1.379216097226906,0.43366361098684264,-1.2849266254857936,-0.7306684350370077,-1.027118009373272,-0.2645799846882893,-1.0896742023882888,-1.658815923901212,-0.1340989509291138,-0.3831906683354068,0.5278365365143447,-1.0409558578793625,0.8828138818236083,0.5765718181705675,-0.3534453996418832,0.5922620549719486,-0.06269424015341601,-0.8107748425723434,0.17004198946489182,-0.7701360633948428,-1.6349763357976732,-0.1820867623969351,0.8061309557348602,-0.41966533136802947,1.2527579933493356,0.9746760015094417,-0.9446880509208333,0.006156108297907114,-1.1959999827893824,1.4355070129094845,-0.07738622224956263,1.007034215281596,0.3580353272192796,1.7488992830962784,-1.24761543862123,-1.2126301305170222,-1.5051601913221522,-1.1787177577254693,-0.5113328068042203,0.353510922503237,1.370750336919685,0.0772091839659389,-0.24248781119121787,-0.44332482530048173,0.4732562699442297,-0.5583623273259318,-0.15081001446284983,-1.050801441884016,-0.4884809664835357,0.22487444575375667,-0.3897328329848607,-1.0719014282130706,-0.48733337941326854,-0.08376338309758122,-0.6657140655578515,-0.7982630682510988,-0.8788277792211633,-0.6711228718720839,-1.1861301358618361,-1.1866982340692818,0.7468692993964677,1.454558370254183,-0.6593409722091514,-1.4852138408319757,-1.310919971415027,0.22173879583515987,-0.6736416542978185,1.615651945231634,0.3038208900715308,0.9723068553283998,-0.7821016864728834,0.9320314445644684,-0.9425120514109119,-0.139563141340212,-0.7513351645318738,1.3312844475548757,0.9231479810239726,0.720136140708364,-0.816687630399061,-1.2105458975173586,0.5483242308924162,1.0854133841328746,0
0.1189977048212443,-0.2850723703796868,-0.30568246240900165,0.1400322790721256,0.07150614812201367,0.0384806359682826,0.4274226467501148,-0.0630241013595065,0.07383818864516832,0.018617171442618565,-0.1392431892110414,-0.5212954762575147,-0.2852168892026563,-0.16525978784440956,0.5756189577367076,-0.250967431804061,-0.16578520764768112,0.01199024803411766,-0.15225661260699846,-0.27595502289200746,0.10897550918863043,0.04513422258665122,0.09767045560409403,-0.023869959099063084,0.11771119993356131,-0.2903179818649764,-0.04193578323589195,-0.1859680447794019,-0.0533707862083258,0.3317645327513469,0.3190739204657067,0.3387069594809225,-0.004007113234063245,0.2634541258252573,0.2206775687199775,-0.19177879370458942,-0.22245887968108724,-0.04866389111837982,-0.35835778277959496,-0.051460351770605976,-0.021271368202761494,0.29388043271241904,0.533635587479203,-0.024884203688429373,-0.012655641496296121,-0.1424535456138884,-0.3925712093284992,-0.035503600778835284,-0.17824777266676967,-0.2755248303355447,-0.06551920931000906,-0.018500882445841645,0.1981055156993958,-0.011017142162670713,0.048566050792034125,-0.03941951466294906,0.028116028796881423,0.10337642005122114,0.018130551587315566,0.04096631048532717,0.01353458102426906,0.14801059728344979,0.030159895194654736,0.0737245868426474,-0.18767937027325793,-0.032869994172885955,-0.0007087417462728392,-0.04985036399490165,-0.026947983439311953,-0.21397524026607043,0.043282036281726076,-0.025891194005431443,0.41330018803064245,0.18760234325911826,0.10145011192871736,-0.05728933199237432,-0.10094010433023735,-0.04084764000422148,-0.030439184906656567,-0.028505379143594967,-0.264293647055342,0.2558175872226117,0.01422477582028227,-0.04393003403179736,-0.025447276967458413,-0.25228316933230377,-0.007418921764868133,0.28274511970130656,-0.09588294384161652,0.1386547291849121,-0.2317472193339566,0.1373300568032449,-0.06648894912887918,-0.11970586333292114,0.15982775946572284,-0.39912704006500327,0.2109830913910536,0.4566224246894512,-0.08907688381205345,-0.10153651008864414,-0.09609831060777223,-0.1311533124554481,0.042879513900054705,0.25333625483573224,-0.12946207282139727,0.6950005091678221,0.2733505013346241,-0.7681591047996182,-0.44193138326870013,0.547692337130347,1.9368493261284216,0.6146778800612415,0.7148365780104137,-0.5281600844696069,-0.10677433988805503,0.34056860966599306,-0.2703569912135512,-0.25639397529142655,0.030037975848611058,-0.9417897414033778,-0.4614610200624173,-0.85095786422157,0.597841366066022,-0.8034918256032045,-0.38016514671985957,-1.0144005435726087,-0.20934524011015937,-0.6541783115617473,-1.3487817800618762,-0.11241899996135928,0.5216255259605168,0.2603507730519317,-1.1179133880131311,2.37699276778832,1.7563851462290911,-0.772685011984515,0.8818090072276067,0.05018157295847943,-0.0516040586387579,0.20999962148282472,-0.9638431428948667,-0.5668531520567509,0.17029461066903148,1.1810457676542372,0.1319654875130724,1.6578488140118073,1.3011736280603692,-0.5172842739830549,-0.30490754061579467,-1.342416200031592,1.6326067480889666,-0.20418153285840338,0.7675254070094619,0.49878534443885925,2.6496924722311688,-1.586238913746942,-1.5063813052882469,-0.6717042917012043,-0.7271512739677197,-0.306196349911516,0.027483734576275034,0.9951136751569016,0.7650834628180511,-0.9701394140670304,-0.9540437386313474,0.5818056390095026,-0.2831154835312432,-0.339069008244493,-0.7847953808150373,0.11786101957250196,1.4002679362473314,-0.4505156071693734,-1.3016928951576268,0.25935305341212506,0.8734961802657097,-0.5327673642600792,-0.7396153222373598,-0.21733868977520748,-0.8918874073261974,-1.1013967655923458,-1.1523246562999612,-0.45943640625857607,1.5592509918107105,0.22594693398621013,-0.9799824940894791,-1.3631019106471007,-0.18927422835123175,-0.7772142027587229,0.7694906331581313,0.655261227427958,1.905645631950558,-0.9644436052651085,0.09131732544383128,-1.2653598872128797,-0.15332447949943295,-0.38644434002938793,0.8086174805415111,1.4752324467324993,1.5979432135506793,-0.7106911267211679,-1.4345748897092458,0.9183867062058222,1.8432465014204982,0
0.18985459244320702,-0.1887249047174665,-0.26433388435571414,0.2799234554486841,0.07897106155063428,-0.0077268941254605445,0.4040025860626881,-0.09105987067734601,0.02603023605752674,-0.017416004712579616,-0.083973870209785,-0.43188206285647895,-0.19152780937558503,-0.13323795802618352,0.6189542368106973,-0.16459932747336536,-0.031072743709785057,0.014488938086409048,-0.20670920959108185,-0.27333633553090253,0.12968956951288838,0.05042351306513388,-0.039489132127125515,-0.018060812483906976,0.17250611164532334,-0.2485583146416003,0.016964199728759257,-0.039754029675870335,0.10619852020631458,0.2906262204315486,0.2421207953165984,0.3924887220425511,-0.011121649688570987,0.255209297320869,0.18213234420103414,-0.03255653035557109,-0.07954343257836533,-0.08021354321829943,-0.34296660661670586,-0.011171920126045816,-0.09696932254469362,0.17427109886020953,0.534509160206906,-0.0007329424294444577,-0.11675231997375254,-0.11788663136919147,-0.21590550190190194,0.06716352518796755,-0.21135556065316966,-0.24531164653645138,-0.020352048685439116,0.06710246883424455,0.23825428947821262,-0.12993771148272823,0.044011227420641445,0.027957862179963912,-0.04857986410860432,0.07487717500589734,0.002382425440312888,0.0013114830205266438,0.13612406886336073,0.2472932620192611,0.10807683974551105,0.07552309273534301,-0.04522758355044013,-0.18801950378634663,-0.08090418286601316,-0.053113648064276785,-0.030339232598152563,-0.12450285022394958,0.02574811745897391,0.044208844897443644,0.1638179193859198,0.20472287383800336,0.04321071311672585,-0.12288876392718366,0.00507378231321275,0.01725610870713521,-0.030278657292478684,0.01523584963225774,-0.20868303520186635,0.22072193307249433,0.09392526859668084,-0.06929310639172208,-0.0061533649755126886,-0.11367923378032875,-0.044333874326049356,0.19977324287567647,-0.1316446689673401,0.10653005745353128,-0.18595159263475422,0.06806631034468301,-0.11816483767150411,-0.08522642278558806,0.07372157930756842,-0.29420370269211077,0.3871776034168066,0.49859903899373514,0.07112381141783401,0.01094553970147262,-0.08295436803738866,-0.10432861563596171,0.07805009203916705,0.2807645331894555,-0.12505653801414868,1.3337971255451775,0.5854924313411103,-1.2147326012967774,-0.4335659692317897,0.7350872370035023,3.887947692170687,0.9888161779853165,1.012798538369031,-0.24862624223364138,0.4013298948041466,0.7792329242076008,1.2643229905020543,-0.37764528027917904,0.4888515800800828,-1.0470789584423825,-0.4441997981215863,-1.229462906617933,0.16213715594833952,-0.7251471721404277,-0.5314863906498442,-0.995622658551065,0.10099172425180987,-0.6121812600084913,-1.0256755954892323,-0.38346798054259573,-0.19992382705980977,-0.5500124302861589,-1.4821079020478463,2.2485249076926035,1.347003347369902,-0.10668934515155812,1.5135855735434849,0.1074934910436595,0.45733702808098636,0.5207015248560817,-0.719501761303153,-0.8564742116788009,0.395636418362052,1.7118526171469628,-0.4603741624667851,2.081804014646798,1.536100467634516,-0.9569861286223872,-0.030174079103507258,-0.8457401448479079,2.9397455744778753,-0.30523210760207514,0.518500676405958,1.1200893298258239,3.1129289370020143,-0.8249057832471364,-0.3271647814052939,0.11131225898486562,-0.26843086711705827,-0.7654349646740669,0.5514377951030399,2.0153834997790443,0.9316232430602006,0.5677799002061515,-0.5899912311388671,1.5812488665987305,-0.15534116432770528,2.2132892521546417,-0.14414237321632403,1.1067547235003234,1.7859372447987825,0.8208581965184042,-1.0087486161633379,0.7242302173480994,0.7594540196296536,0.5890367078658294,-0.3678726795752724,-0.5027880308685845,0.26163745553854206,-1.1790836664896711,-0.7747592189611756,0.47685302539364577,2.5822241918832836,-0.9076191971011223,-0.9655713897511464,-0.5636989804586852,0.7502815159480345,0.7838413590624245,0.6154254512375998,0.991676497795256,2.287007885638341,-0.2513911549311605,1.0932674333846106,0.20164303314371868,0.25121538770359225,0.9570222167347239,0.7860937860644508,1.554477395549316,1.8496381288479826,-0.027988466638131548,-0.8497558739550066,1.0417505238426115,1.607507911095099,0
0.22509915842002468,-0.1799796082400092,-0.15358605106722847,0.4109144199760391,0.018046586289258284,-0.07316397314446463,0.2977814588012094,-0.09036276307600387,0.01877095880578377,-0.1296733875773197,-0.053100050499690965,-0.36353865052139617,-0.1664195040145132,-0.09302506515274638,0.6897451960812587,-0.10332529267353942,0.07510482100257163,0.009625026445815083,-0.21601228280297755,-0.15938662184626287,0.020631834362112664,0.174094262162637,0.00850415062887118,-0.017230803596866746,0.15526831895985746,-0.1753433156075031,0.08359188445169607,-0.002214171584551141,0.17768777167688968,0.30288433931359593,0.01570573015204224,0.36994127887484873,0.04611776415141202,0.21357332562333894,0.12295398681700821,-0.03911358874563647,-0.02327399013420785,-0.10693636589238614,-0.24568824656359672,0.005310638391665485,-0.1979148889914683,0.1649050933792398,0.546608669927506,-0.16072631559843092,-0.10120554066124951,-0.001134702517763327,-0.07984034236349606,0.0916239623966455,-0.2034441678568918,-0.09389131856395277,-0.06792225478044507,0.22085461220297473,0.29833194048645945,-0.09473275510507005,0.022593190695907032,0.005950289920269249,-0.13814682165812417,0.03585388755234878,0.09665798403007829,-0.08409585665255175,0.2421854257738605,0.22627345671033028,0.07393911797199015,0.15544097977911436,0.12008370780377246,-0.12491286219067582,-0.10657859854691099,-2.438366691880851e-05,-0.15467119961585227,0.06075234227492107,0.09098806080506087,0.07852425380234658,0.09101821689971487,0.049863565497479015,0.05828133669521586,-0.05562902085685915,0.04360017285797932,0.15682734988094896,-0.006883007278435803,-0.09317088608577868,-0.24703578440101812,0.15684035393729243,0.06397577236788568,-0.1498392410564084,0.07484139959201412,-0.04912495993866385,-0.012892203407880028,0.16105486970958202,-0.11232731775315137,0.15110933391095663,-0.04038978964544185,0.09015483633407527,-0.1855210152193506,0.028076615596231935,0.060985357271967966,-0.24672080864289483,0.405126203260306,0.5936018496709327,0.17399319219422427,0.07097640659301481,-0.10822416461942916,-0.05896727773811658,0.04418758173516133,0.32603714687730667,-0.15574099564211535,0.48150625991036583,0.463910482977922,-0.8955123395272856,-0.4450341120420683,-0.18532251785132278,1.3210872663915005,0.23664063281393163,0.46239402707595295,-0.30882075202168996,-0.5639388542525119,-0.5671464485740666,0.49138081369746656,-0.8446418895188892,-0.4211900068513143,-0.8995895811942727,-0.28613363410505605,-0.7415942226307657,0.5587479063216887,-0.3917406083283631,0.22120845068591252,-0.5299462040372224,-0.08376608970444774,-0.3661043499539759,-0.17951084729003722,0.0741893040798863,0.5993064931006485,0.006851688895990146,-1.2533311056284187,2.6922036578248036,1.997708721068218,0.19108473742735083,1.259938754150008,1.1027690578805938,1.2592979767259014,0.8765762877424899,-0.9131252409211942,-0.8359926573366824,0.7575311805573155,2.09755002286558,0.616088100276461,2.031215351175897,1.640884204741622,0.9100596285273537,0.3819590630641935,0.2619784433798009,3.0407280077353147,-0.06580981340566606,0.5916109072752055,1.9104123313779657,2.8624573934450295,0.9648339080724124,-0.4397599776601742,1.087588718824051,-0.5576787521286384,-0.5509316953379496,0.6854324513827118,2.3603015418510607,1.346674367375846,-0.6559842867005146,0.8626266820265461,1.1895809114787015,-0.15438689510342857,1.5718732204935122,2.2495350900036697,1.4952978507642556,2.0547832427197124,0.8734206199383565,0.5721178168756277,1.683470124609194,1.1316250783235584,1.054796533620324,0.9979079993770936,-0.6961364445545084,0.8563199561823573,0.27791575142553027,-0.4872302500417094,1.1757369189442166,2.0483519774055536,0.8160455140056004,-1.0946700644604808,0.3977514203943729,0.9224037578013402,-0.031184424325229648,2.1037342721535404,1.8329309891202097,2.4203170123774456,-0.20713309625973272,1.7807421367005727,-0.36283030298564667,0.416421302140693,0.005345297878175701,1.4298836554254353,1.9381142283228165,1.7847848611564263,0.05390462250838479,1.6640665985363372,1.1311086406122586,1.133646623799335,0
0.22788461525951376,-0.1810763603841366,-0.07784843788391142,0.4201019450967852,0.08153871508724832,-0.005144636141827271,0.3116408507087988,-0.12418382997906988,-0.10150335230502992,-0.1267426029026438,-0.05169123748419705,-0.31497134799952864,-0.12582565881217378,-0.07527639369095838,0.718619476880283,-0.055898231424278036,0.07604896799550673,0.050936201084128004,-0.12710202658570602,-0.1660079052980738,-0.09364211557994256,0.23581827247295664,-0.0283838379267153,0.061328706748133434,0.16120486484675392,-0.11127180513914436,0.10311100586740174,0.03985941677903246,0.25042430282400546,0.33529286290997345,-0.002507379623671419,0.37828540825636525,0.11786226083895752,0.0842498599430113,0.04056622962620254,0.013784599316249568,0.03570373845308732,-0.08605200151292348,-0.1472239501952253,0.040088153488950576,-0.22577749810541292,0.18220511402078327,0.5341607908345122,-0.2547879360370468,-0.02697788409571494,-0.024269734011608243,-0.050416020699941166,0.06227094673460311,-0.07470650131556392,-0.057662442753720004,-0.1140726558589343,0.2838118925476844,0.3001835312348561,-0.1064883680241741,0.04828679824998027,0.04855975247589509,-0.09360688878129965,0.15802383162529363,0.0549998890069137,-0.11511123491249939,0.3224115766398158,0.1456267056818222,-0.06882077312269397,0.1473643217431546,0.15904078691990073,-0.06754231387370799,-0.08647106591560869,0.06714037536300899,-0.11139943032129689,0.07544262567958256,0.1106366969392272,0.16222773177379582,0.05748028125067759,0.07765561550306264,0.014206647112855863,-0.08694979304830634,0.14785474238334054,0.2640248852093562,-0.08910822736861458,-0.10542498333096385,-0.27529954187902933,0.11496934374381206,0.0005080021750510813,-0.1163791319450745,0.18770187585791992,-0.00010531009911987264,-0.08772084418487407,-0.018266417584683257,-0.06045504778692301,0.06318023540803062,0.00933174534263877,0.03084782276829871,-0.1215841109790865,-0.03099345327797547,-0.015512096525096372,-0.19981408337208023,0.3857260005141654,0.6789154270629563,0.18020413229094182,0.09173351390959407,-0.1335609434914672,0.02268484565156003,0.09964350608629219,0.3789564222083344,-0.14316969402052304,1.4798332547142576,0.7226082955547465,-0.44024351981359,-0.6821910662363679,-0.6918108417819002,1.6146819110572643,0.7936720534363325,0.7923306754247359,-0.34578940175247785,-0.33391125320864323,-0.03709931175776417,1.5033649088913323,-0.7279553055678797,0.01296015740933854,-0.7492695594019126,-0.3317605390880001,-0.272513174726798,1.074297753288265,0.8384532595498615,2.0432800941484635,0.8285994017509466,0.7737440405845443,-0.19778938457794892,-0.08874600522235136,1.129807254953116,1.0155413097088393,-0.20779887455788165,-0.038480484096784486,1.8778323707847322,1.2222609570427418,1.1665572824289119,1.0541838463183828,0.555461464571009,0.9522007544259138,-0.007562154922243345,-0.25000141596009284,-0.13228537018770453,0.2781113530549492,1.7505361755976714,0.20670315761392588,1.8231587167473406,0.6589992062079959,-0.6634945311929538,0.7614233513116685,-0.11103663459931654,2.7896746855619288,0.3341648178782146,0.8807494918591929,1.467334193806674,2.4047765807683135,-1.0380745642190414,0.12546458019063622,0.2851345562707644,-0.6483332226055788,-0.9315429889789139,0.4328054191242989,1.8627675248492164,1.4705670999903093,-1.0078498849375843,-0.16228425459142848,1.1571481049615984,0.49950845412574835,-0.28421386898718665,1.3023399122533692,1.1123101166403686,2.440021774624219,-0.0365570482389199,-0.25355169935627214,0.8532083193093999,1.7031330684449122,0.9996658559442394,1.2299308593829652,0.6043296460805462,1.0574526283608243,-1.045603979334869,0.6301522807714042,0.7056048736121061,2.481815977701601,-0.7883076015333432,0.6916333541696049,0.2164818066218776,0.8719771704043938,-0.21277227878356098,1.300798039125963,1.3813875479847129,2.361596118932037,-0.57449903124672,1.6258579821977404,-0.9899927161321285,0.7142666417943776,0.23626049496269816,1.1647480632262928,1.444645221105683,2.1206848603375907,-0.3723057291863379,0.8548601060005007,0.602924289648807,1.2361602927109656,0
0.25874907566340327,-0.2628225584812455,-0.01497101670710932,0.2696201226694636,0.02386893820792684,0.04491988684611882,0.2120811840172392,-0.1456791767427595,-0.1706098544090938,-0.06917446985281892,-0.08116983369704897,-0.2401513560162633,-0.07182968590634976,0.02251974367215069,0.680725182445489,-0.03615186027202702,-0.05083902372400015,0.07903741534684168,-0.11392997102499833,-0.20443037187712015,-0.16893127993858265,0.22473206580653982,-0.05208466685556202,0.08216267725474373,0.15021408095409444,-0.09040168075279584,0.1957243306257462,0.05083038952261861,0.1550315617244386,0.16398606397124682,0.01409022449102432,0.3816406497760961,0.014285550715242389,-0.002118287700220771,-0.018359624138142898,-0.0041072138513547785,0.07723941403129611,-0.05851422481926518,-0.11263195748180319,0.07843512915978176,-0.1254612539907727,0.06023799805922799,0.5910335427629257,-0.23663320842441132,-0.015030186236331376,-0.029692060216107097,0.06347936226224735,0.019850464590519958,-0.10559829515127757,-0.06652048671154372,0.07192230936857899,0.24941837268772934,0.17495060202672777,-0.11220946895016645,0.05636703657823917,-0.07878003676107176,-0.04793353387511249,-0.028725949469351003,0.06210470598014495,-0.07214706283370556,0.22389027514402343,0.18252809220832167,-0.21587704524893944,0.026606860474983045,0.2001807784367269,-0.06103313680029153,-0.15775932805196766,0.05044645563756966,-0.08806493625815742,0.14929411876007972,0.05930984892070522,0.15348690985923877,0.08295666669291003,0.06339453764954907,0.012102441266211116,-0.042852830465538234,0.08809567517084715,0.24548409820924305,-0.025438379993731285,-0.08696958119114684,-0.2846740243440789,0.03508871552728737,0.017269791394566657,-0.1364777472621524,0.22585152983005494,0.08879504565817278,-0.10589793978831996,-0.12908474539160472,-0.05315770000284032,0.07814046811755591,0.016229147051815756,-0.10449840628046855,-0.037799259439921455,0.05185580059110201,0.006962431958754996,-0.16333334641694347,0.2923085651365945,0.6834987774647429,0.16705309891637135,0.128392290843156,-0.11701532012271489,0.007761352793069557,0.0503722573506802,0.29161437040298704,-0.1510837487518195,0.030464606925238103,0.3129046523899901,-1.1166550297773945,-1.110812194623667,-0.17585254115870674,0.3528732874728559,0.2546767899172102,0.5634857632234671,-0.2958515881612283,-1.3671573308109526,-0.37512738470357004,0.12578688508819544,-0.8869889953083506,-0.6135055795808037,-0.13857121626871377,-0.2790734307269929,0.4572512119280853,1.1166718297458633,0.3613778158311391,1.3788969722981614,0.45190524180805747,1.9836493169460088,1.719821014725814,1.441154945657247,0.7562095233061532,1.3550869941761197,1.1970091787346302,0.20576649796728258,1.7258140719168678,1.3510728607766644,0.5675051339463827,0.6277904486799486,1.3528576537937795,1.4223121185655112,0.201012970239331,-0.5810858199531189,-0.6894419702250931,0.07740274262054939,1.4620040775077847,0.5304446159817151,1.2465674272296143,0.625408981930969,-0.3818233534297294,1.8558608489392372,-0.6597342961239486,2.6970612790042576,0.5955887811632509,0.5048607783046292,0.9438424541907728,2.163372775202883,1.3365825766533654,-0.008763214101034214,0.22621991441880002,-0.48136556019722626,-0.9368600136608262,0.5490808319383824,1.491971884711896,1.3956477544401897,0.7204416079963618,0.7367652410175083,0.37238765647544486,-0.0033233697414654247,-0.6514038940729922,1.5872834370975129,0.6284755380023667,1.9252065302017896,-0.0713889785891822,0.49758129040893184,0.6837452605028507,2.0704664048017354,-0.36809870331610817,1.7667081733180003,-0.37220783299083476,1.0159904614924586,-0.4235998300113118,1.4491477306210523,0.535546766408407,2.9952735021832195,-0.7680196736805661,0.6001365789182672,0.033348849631443106,0.8157496474511173,-0.70712573786648,0.6719371547567975,1.092318026577475,1.973677117093749,0.7307021564296733,2.0310399181216456,-0.9712262807384144,0.13271641249204058,-0.7197357029149216,0.7117005932171069,1.041165137545448,1.9876997313950426,-0.859377057313966,1.5656302599709195,0.3076064582398504,1.029918643889204,0
0.26073259963484147,-0.2329653641350991,0.12223779391827978,0.28855309087614395,-0.008260685753883229,0.10761189172170733,0.16413751656955197,-0.19293919098026183,-0.22071276611027832,-0.07190620818624127,-0.10861218536989406,-0.04041478885928494,0.03976310561640337,-0.06584894745985512,0.5630804942094397,0.10695939498604595,-0.04972755963206414,0.0631746206150016,-0.010304319347381498,-0.1298464803452112,-0.2211129425572594,0.18551564801718362,-0.23379063042509646,-0.0016870950148259417,0.1909199072071537,0.028558364929182754,0.10162421905271933,0.10357042011047463,0.02022619300308517,0.06697350197253979,-0.02266236226614391,0.2762192086313938,-0.14736369298258503,-0.06402410028413977,0.038970527972546916,0.012170602922289735,-0.045988567561006055,-0.04176755366918012,0.034570652786487625,0.11162340172872133,-0.10333070775589293,-0.029827433374382,0.4922270028655647,-0.2874726481123612,0.006002793385007047,-0.007323733013750165,0.1793950959182429,-0.012843713415790919,-0.185393337377707,0.016018291786634685,0.09477076769376681,0.20967790382716045,0.18140992893127136,-0.19096050564816602,0.03457720200163328,-0.06971575020262932,-0.005930184610939626,-0.06667703518541394,0.02963505000552874,-0.010810751108300272,0.168469802918324,0.20645493765036305,-0.2711699290213375,0.01296186240560419,0.22678046311045522,-0.08506725621490836,-0.20358106383519878,0.1134224649341265,-0.09536542992147116,0.3095905356978032,0.07787161351962152,0.10333584593008795,0.001079848297748911,-0.02745601207758018,0.07333144457045093,0.06780326580484776,0.07486227742567705,0.2561359271953851,-0.01459511907134477,-0.10519188463311939,-0.14477753304487548,0.01399429878162524,-0.07999527910295888,-0.1612248564133965,0.19464426313109062,0.1019693610513404,-0.15653615483938407,-0.22602042395003297,-0.08285653286012996,0.09669407911479617,-0.022282468839228565,-0.05470808767105028,0.01181166048963651,-0.01779704209582685,-0.027173986487184797,-0.11560094433291944,0.16134480692508318,0.5500081226895517,0.1973789635118144,0.07018436507820047,-0.0716277251483696,0.04978357240704316,0.04932662376285998,0.26812531330555317,-0.20008943149076533,-0.7817118362285774,-0.24687642727656697,-0.2832221239826378,-1.043545535126917,0.7791682943644751,-0.5451956659266274,-0.45755836667330557,0.37346746597633546,-0.5049346989517354,-1.1927280647183736,-0.03154339109549638,-0.19390014573029118,-0.9429404029281362,-0.3371663039904212,-0.05644429757024704,-0.16090243394971282,0.22664978154354526,0.7494035013751004,1.175033278053269,1.542698912460228,0.7844242985715647,1.6814864490747616,1.2347965042292013,0.8875973751577256,0.3152463144979977,1.1177043178659472,0.9416736421677704,0.6740372028857095,0.680880619072204,0.8063719439763244,0.3155053572723312,0.09436480691494964,0.7736194092141784,0.4083290552132926,-0.4535101222092818,0.6884313994419992,0.3721463128775495,-0.8816029598353822,0.4460630664595626,0.22582920467570392,0.3955546509192786,-0.10444396448533912,2.145984251436656,1.2058581411443245,-0.5283860892848786,2.242348412007802,1.7074244903673115,0.5017773322136682,0.7741628299722684,1.2801957031188396,0.09593721677419263,0.725837419309036,-0.47292713753658994,-0.704211930924142,1.6808050080421426,0.8573255724560116,1.2286276539403533,0.8834397571654953,0.5959587850449067,0.8262528445419864,0.24659557481034566,-0.5472442042718426,1.3523700109506473,1.3784909396584384,0.6503357596835617,1.5527386800167513,1.633951967053893,0.7815473286913887,0.7824837543162398,1.4728821743297904,0.7174884927226288,2.1901610594881307,-0.035605105131462395,0.70124039973398,0.08620431965683113,2.1188820850202754,0.5201925228777817,1.7476213436042671,-0.13289042471603693,1.079688196381999,0.5205704396190468,0.6885611532878078,1.1232954953343937,0.06410647997556615,1.0133213730922659,1.3649928476717565,1.080463523401918,0.91682387670917,-0.23074473214828012,-0.7244340112056833,0.28662981831305917,-0.09988080281838564,0.881602696457244,1.4388778114098122,-0.7587805437546575,0.6936749472222753,0.3244560475303741,-0.021919727526440412,0
0.07531118825313275,0.19248372492921934,0.07163764974785738,0.06059390966953898,-0.0710498424134072,0.00023569315731189532,-0.09651061574942411,-0.22001998959309677,-0.25532304460978505,-0.1572705743714685,-0.08535205086535544,0.0971930140638661,-0.014699343936565997,-0.20288972034551217,0.2358952103367659,0.2525586441083355,0.2903860392807114,0.017338941702821024,0.14867193784711213,0.21963376332707862,-0.31906877214677637,0.279000978046963,-0.22304672330229428,-0.19090157263219154,0.022385536877057268,-0.04705437248812132,0.016553750333108016,0.08173519684893624,-0.06601527606612781,0.005647006561052331,0.04214375054275606,0.26407172043569677,-0.09371747743185337,-0.0759732689389414,-0.006807651463395634,0.03870907333734535,-0.01351368846363919,-0.04522426888266609,0.11526136858591919,0.010105552630260117,-0.08047547204030678,-0.16694212630129976,0.32117222196590023,-0.2156402902365935,0.054156167754402004,-0.06552184554071919,0.27142084329494226,0.07616116142550092,-0.2371103516198327,0.08336652667652451,0.09708515475188763,0.263368569052162,0.150961625258202,-0.16221542942072326,-0.006412007277872988,-0.13518292894965495,-0.0009280498991566718,-0.043539389970010035,0.0068006600742381434,0.0588569640683201,0.14051472115304095,0.11177875751448943,-0.31381684063693494,0.15275488428055933,0.21566959552860018,-0.12287401917899976,-0.09684996449583542,0.10784047146940255,-0.020449604297866533,0.1552978422695474,0.07581278690619024,0.07139437075766895,-0.09684065754514504,-0.05177744969748529,0.12309507633195547,-0.027628954729641112,0.016242385582396122,0.17291946775003708,-0.07016536927901622,-0.1549716278760168,-0.184110890650702,-0.07067469907840063,-0.2188710310130122,-0.20949281553435012,0.11543223212634321,0.029566698443118565,-0.1821823251492819,-0.28964372305279956,-0.17877857874929573,0.05164402263577444,-0.10805707678485794,-0.09288429102364215,-0.034940081763647116,-0.06976193482195163,-0.09071663622320986,-0.16167258951298796,0.08649304921792961,0.46512505403237814,0.12461238691159841,0.014239959866048089,-0.18021604130137758,0.015758542284723582,-0.07515315088644206,0.2254135216698388,-0.10369420032956914,-0.9011324942103586,0.10874035449876518,-0.08126470018242067,-1.466670846045063,1.0379386167504507,-0.7171902440197465,-0.29430010717698996,-0.01925990879790239,-0.21103962609628857,-0.9352819948915406,-0.5426131173312336,-0.45257353264058986,-1.2337740317115056,-1.0784130484029055,1.104444605272338,-0.5687842890007643,1.2546798595258821,1.655758053032551,0.40876091312791807,1.1113067351095345,1.0791556023826139,2.0035859466394794,1.967199883098305,1.5959077799989734,-0.08086798255350486,0.7849330872375049,1.3723336387941534,1.1426021252676672,0.677484688775986,0.5226702613082664,0.08565979831887792,-0.26846864505167517,1.173968986011123,0.8064420981353942,0.4743055211728074,1.2442374498737208,-0.1978456605833834,-1.2503064243282214,0.6939601130379028,0.33636771052476916,0.024662966443601865,0.2245414520032824,0.592049306120902,1.2444247524603893,-0.16991907348012925,2.4517396834118377,-0.34225098709453877,1.1076588836963597,1.4646723127727492,1.2286928025253812,0.20893899838915614,0.4231892080724519,-0.08038152393760783,-0.756534103088656,-0.8787253602655939,0.7862840214795469,1.3108534225280617,1.2880637737464011,-0.48738318508308787,0.3842003578939137,0.15315702241531068,-0.6117193905948219,-0.6383932634314557,0.7822380096907501,0.3465017815541042,1.3448267956973765,-0.7872500762545498,0.10216512146280358,0.6617539097682199,2.1856505933880763,-0.09841702582245727,1.6700865674134668,0.5213823864579326,1.454602012858815,-0.6945022959970485,1.496112091501055,0.18733856668494595,0.9249902611170445,-0.7317333568859958,0.2031060203125687,0.6932122371191286,0.3634730487969742,-0.610785223589723,0.5301123677706322,0.8471510763064933,1.4158181019250147,-0.843664865707299,0.3319857769894932,0.5001731567138269,-0.06724833863458698,-1.0401698647184943,0.9298278894621614,0.7485960550563633,1.5839341117527537,-0.8686156362168633,0.8580232566401288,0.07709809776318685,0.8520208233135403,0
0.04029016774036833,0.1368643152225562,0.09015255561600799,0.01884384750318571,-0.05108243387881578,-0.011182389832496387,-0.06822319619348104,-0.18407128776756534,-0.24530330950590468,-0.1129117384027502,-0.03797772773595611,0.11727762999836384,0.031998326972270355,-0.2045730629260023,0.16798821438769368,0.2561278222355412,0.2641924881846094,-0.009615615390022767,0.171071277098718,0.30052656161659513,-0.3502298562324959,0.2188286035988317,-0.15564852718667502,-0.17063894949774788,0.050886503136710975,0.07712666084420806,0.046194614114452075,0.1000286141271835,-0.03541768623240801,0.018161310877397144,-0.004861644718411569,0.26058030894480133,-0.09342939112201651,-0.08274855532897013,-0.10491673649459562,-0.015872730141042145,-0.027705029712650937,-0.04686344168447139,0.019396446354726243,-0.027259554140308895,-0.03911736221371698,-0.18093549422932495,0.3103356109130718,-0.20509662196452053,0.09730311932679139,-0.030206332748303765,0.35319356123848056,0.14847581494576026,-0.1933522218574553,0.09571410705104506,0.1559330090627404,0.1554895386051394,0.16085733396860713,-0.15540652234962077,0.01794572158358505,-0.20318905638010007,-0.04788414922271464,-0.04361115648306373,-0.05718296431926073,0.0048106101022743165,0.1528608010495963,0.061411317096819504,-0.27258503416861135,0.202671756691308,0.16094129792205794,-0.12020802933426852,-0.11766524740579096,0.0672606122511356,0.05498554130415804,0.11553113998885642,0.08501086019571297,0.0966646507443927,-0.14501827602448822,-0.04281537086769165,0.12285111132213036,-0.07993078199325297,-0.05300646474666344,0.16075899303677493,-0.11455967097871911,-0.1390012883356763,-0.19239499103924992,-0.11929088437353937,-0.23684794066162837,-0.15807017964998218,0.014797436468006147,-0.01725435006939116,-0.2732882551652287,-0.42248196817134787,-0.0782523295455813,-0.024441429492543996,-0.037542933457580585,-0.12649849766383328,-0.03178477791147154,-0.0739250928488795,-0.11717080983767464,-0.14211233749201824,-0.027561617122442674,0.3190776655482355,0.17683401339984428,-0.014865693913572852,-0.12771954922302345,-0.09166576006573535,-0.16208451420605782,0.15139423061505136,-0.04313133446241955,-0.6642013439016765,-0.0520940963176473,0.09402378169652204,-1.6218876907481308,0.6061467033242441,-1.4256171284390344,-0.5361854703263185,-0.4606230201955587,-0.5275679530309053,-0.725181937945014,-0.6191088633982013,-1.4570210907327728,-1.102120641315672,-1.2445592121066122,0.8956376026754446,0.7683909261937893,0.8921268065089801,1.4123029354335526,0.779100465304116,1.622478786127086,1.131999768220632,1.8019518897585711,1.4858258307745795,1.4319311974627236,0.9888631832302605,0.967379968649895,1.5793059989135696,1.0955964866932564,1.1231204016080143,1.095857519070395,0.5732294743107419,0.456366513367382,0.47836741162196184,-0.09947447206903676,-0.04878507631503462,1.8580347141052445,0.8295029290362816,-0.7311604299302091,0.4219933598356131,0.6137901413923658,-0.02149131590898699,-0.22155301949131515,-0.6720396207951055,0.9222574349832428,-0.08647157249487973,1.4603556325049674,-0.12428858342169867,0.22840819090259032,1.0003317259525326,0.37134015928521646,-0.29642816278333495,1.0869593949115186,0.5385256069010161,-0.7021374899406306,-1.4428873936741653,0.5511928195345001,0.46220173954519944,0.7020795053894904,1.4446718620297794,-0.08633596529146915,0.9813867443473043,0.216173023800106,1.4659795259076749,0.5159934127636017,-0.176980913527848,1.340235917295902,0.03590718976653226,-0.028952222720907073,0.9694577669657785,2.298635452301688,-0.2359146730215695,1.5765430228246802,-0.10568931041080665,1.106427872514956,-0.45843043591486377,0.7178274095832434,-0.4305421838591923,0.5749179257319286,0.622295433036487,0.2064780164596218,0.4486006444745946,0.08183954175171398,0.1726191389646436,0.11882994559172586,0.8093693362817889,0.8754103042782329,1.2829227191824097,-0.11989718224471084,0.11906076602922969,0.006605683716781993,0.6547808471140028,-0.3005982012472913,0.3274576317186998,0.946868479018889,0.32880828891611646,0.9794276794193757,0.13140154233598678,1.2739148630769064,0
0.09199560608863831,-0.008983157562563087,0.15666081939254634,0.1161787704216748,-0.08206639255960821,-0.03022123791133431,-0.05970167642671216,-0.33099991076964086,-0.25425260265220356,-0.06458465175634051,-0.11178840651061865,0.12505099440067807,-0.0014624131589742156,-0.2676149481615782,0.12850254571353056,0.21879359776713622,0.179947893362943,0.01815375762394663,0.1468227373463222,0.3084195369493695,-0.34201863560629786,0.18261311815979595,-0.21969780311486595,-0.07467562886541368,0.08161047698146134,0.18386150260965126,0.06611801355299188,0.14971114644404937,0.07157370139110512,-0.09991777890379092,0.008823068487365778,0.18644278640647627,-0.11567174244004469,-0.30786290372076236,-0.1804622790324217,-0.02572835684556671,-0.042553705461237976,-0.02906109948948225,0.04331116845915511,-0.05968121522864361,-0.0351092750174804,-0.17798214980892063,0.31717290554657274,-0.22453852404324487,0.06124791933551471,-0.026991046812664718,0.33745282316941594,0.05249739320241558,-0.07178561327966408,0.12693688406948445,0.12110888692238272,0.16935196091745075,0.19378421112197552,-0.14149107063207156,0.08887132091027362,-0.10495371282331482,-0.08642293680420315,-0.00822250420575109,-0.10442660416251247,0.08465856744434937,0.08538498908860388,0.053244892853114546,-0.37091774783422904,0.14927635405735787,0.12996092106630106,-0.057778326099022906,-0.07049533891581933,0.15793324589753713,0.004200582999890835,0.08588407892457654,0.016651530526681002,0.1005731409223087,-0.18135002356150146,-0.11399443941381385,0.1556795560096034,-0.024079271233155376,-0.01798817108592358,0.11671440888242868,-0.1070088614424264,-0.18281540751137304,-0.10109180774456918,-0.046985962693395784,-0.23219478839970015,-0.16738752037490612,0.045297165780014526,-0.03012960327123715,-0.3050724895754511,-0.4458160781032132,-0.08871416051878146,-0.07964308705962245,-0.10892548036841955,-0.1483613814330539,-0.0793816630964618,-0.09093364435745695,-0.12570540423794144,-0.12840522720308595,-0.031665232567035885,0.20331063196283164,0.17049893186902315,0.04299321637338943,-0.12540060180675208,-0.1665505072179373,-0.21192529537953786,0.11390761637006343,-0.07609905886475177,-0.8812105845752799,0.08439505829154866,0.1726832768190546,-1.6524441010006614,1.220087918833847,-0.48340416201552366,-0.26901803181821565,-0.7193343687591904,-0.24460124684024795,0.22090341741831407,-0.6903003062754665,-1.2450728794392543,-0.84079595833419,-0.9600676642171511,1.464952248169104,0.3090646999389583,1.342250818563058,1.619067862138817,-0.2511654070370438,0.05227817581998463,0.346378860970776,1.9360890313982304,1.6262988769990099,1.0725525898437154,0.2836980407983285,0.1738743785317043,1.469240751327757,0.8912653442867362,0.9367421041701127,0.40451694738819144,-0.261135263644698,-0.11435750245265079,0.8248767893305685,0.2526425426456395,0.26118726984905616,1.6007020206427849,0.4958985077577934,-0.770684326803933,0.1707627966452294,-0.019095641926367916,-0.15986537683410218,0.032550775100769556,0.4033182072349025,1.7086007580267326,-0.5576148409714922,1.2621790357727558,-0.38859150316615637,0.3252936553027758,0.6089850942595066,-0.504300421770973,0.6661250013080635,2.1600378638668043,-0.32068155006433513,-0.9720657998688571,-1.512345260797479,0.739871719096573,0.0951727042711533,0.17990156567975477,-0.15242000892739258,0.09209261414213016,0.3070908266187624,-0.21118456200908006,-1.1521567740425211,0.7816315364971346,-0.542110014364713,0.3455069666558489,-0.9260850296991193,0.1748697608754017,0.4666375015698272,1.2347880060080147,0.4099866473115352,1.7818165593310347,-0.5086204516813433,1.0162268672638095,-0.3090897119093268,2.115373518241288,-0.6598001736992936,0.7518540864107958,0.6972634653197517,-0.43157500822095296,0.235250826273203,-0.06031428665528263,-0.5870555284604142,-0.23133866822375684,0.3376479855540929,0.041429754672320115,-0.35960640193146187,0.4121863031592489,-0.013105962293231974,0.725204476765352,-0.9969637959113506,-0.36144735967422686,-0.13442918256868863,0.14594356387868246,-0.9867314334135365,0.9775263089579491,-0.34607092284390706,0.5730871723758028,0
0.05547738159443977,-0.07774366059688309,0.2203731421545236,0.041026673186865224,-0.0754055148318303,-0.14230144176009174,-0.08842803680102546,-0.37660145658138844,-0.2263078776940288,-0.021870796732292027,-0.16524013512212107,0.187143475997155,0.013107607193710671,-0.26415146068871387,-0.018911389068102524,0.250573308295349,0.09817550568247695,0.018550370445055486,0.24730265911853344,0.29813970476680646,-0.39054858579793417,0.24472570855942702,-0.2171429255696346,-0.09353686852318864,0.06595696471394219,0.15058078757201349,0.05138455651136856,0.05669181835521238,-0.0014570726804644695,-0.10598333398522734,-0.1191611920647779,0.08738232364175594,-0.16236687724343332,-0.4094845795619984,-0.2782072358725823,-0.10745273099439039,-0.16201407822580768,0.06362561859735384,0.1573196286065813,-0.03246634916492345,-0.1157638760475478,-0.10444228506924455,0.2579899631580024,-0.2846983133474892,-0.029773721263525874,-0.12643729453513203,0.23935812256573874,-0.027529311246196217,-0.09001322748484736,0.2621120905525456,0.07162698294460511,0.07413890705288964,0.18222822789671503,-0.0673672751683749,0.12262070505512504,-0.12170746534762497,-0.046777507559432024,0.030217284230348366,-0.027023977641707043,0.1225873772364398,0.02456635064461769,0.005267614202209766,-0.40716998367430085,0.06960041822714637,0.042610166941689384,0.04566438336275782,-0.06273233216308008,0.14787013900769563,-0.04408880154936884,0.04118804484886742,0.02788991028568785,0.1312565334432256,-0.0819050937535352,-0.12012449789839207,0.1110165442594738,0.07113425483721979,-0.15041382738010045,0.04103198597554019,-0.20835287584546394,-0.2405725824495809,-0.13444771524769286,-0.1160473455414237,-0.30435333616805055,-0.16756194444264197,0.06048130761192021,-0.022282701639641085,-0.28966949719329765,-0.39963436914434364,-0.10413973428485422,-0.1195747435120413,-0.1280926978507977,-0.10518368576737654,-0.14593895107350374,-0.06777094038274555,-0.14876973003736152,-0.2294388225817997,-0.15363709929099403,0.06694764678187055,0.11485098612995698,-0.03623789175236171,-0.09255308300143746,-0.17526959154451402,-0.2867247104563156,0.07822925294814485,-0.1081865596934346,-0.7472169055357353,-0.13807917667740674,-0.4303142772962267,-1.5213384341028302,0.993954188977485,-1.0080594912155314,-0.6167682442680384,-0.9055281533747714,-0.31089676448503384,-0.4938201799094597,-0.6548010441053294,-1.5312047960784498,-0.9605245150497433,-1.5136272902025947,1.446644355524539,1.013533330763218,1.489815973520079,1.5055476408798016,-0.9449017091898405,-1.2449863446322313,-0.8324459225085344,1.1582098167841475,2.2118867434786376,1.54374531581801,-0.4894083771922341,-0.7966628700196671,0.30406822831316543,-0.32491740180884576,0.5313564997400301,0.05876805764397882,-0.7114795332336799,-0.1044761854622529,0.2951018009620507,-0.5978929102707385,-0.14501871930632523,1.123875726875081,0.4551972134547127,-0.8460357965173473,-0.15980001456413634,0.13869192337049707,-0.7177161191580469,-0.35142364679828,0.43318558323940215,2.3953078424406145,-0.23433647798468027,0.10580722771668381,-0.5315750937751157,0.4126360304232189,-0.056881576437141784,-0.898807119979776,0.40192450377999184,2.282598848904475,-0.9201424154564865,-0.883121427259507,-0.9249443094440117,1.5970235195097038,-0.7426924449233151,-0.04637054200625058,2.643426730267489,-0.5113932644896119,-0.4702189349534701,-0.5109042182277352,1.9700250429856088,-0.1551700134225368,-0.09019751411110209,-0.4435249733565591,0.0649543674201847,0.23343432944009573,0.17153168341576028,1.0622456932147715,-0.4667007392820917,2.425980137485777,-0.7447520373892506,0.14546291077753584,-0.6554362221012917,2.296530794425832,-0.10003957614104282,-0.5842937181032308,-0.5118051035055151,0.12143570364833552,0.26735704239724356,-0.4180783261864853,0.0025512002991453474,-0.9017315966565037,-0.487203179541339,-0.2635065236295802,-0.580857070743766,-0.539361717192424,0.42388942926161605,0.1525418073732083,-0.5488123094225126,-0.4789120469849808,-0.68515214214597,-0.2679007160642459,0.8520842064865922,0.6611352730994177,-0.6069229680666819,0.4458903706181263,0
-0.010240791005980965,-0.1997658693721386,0.2788997649247007,-0.025773885374666555,0.012820841489389912,-0.0836155780991465,-0.06645694669601071,-0.47315032537611107,-0.2647924999308027,0.014830789661168492,-0.22646356955583313,0.16359560301539353,-0.05244368433997695,-0.31647867954261777,-0.18584280730809663,0.19650469483233657,-0.07119264374651275,0.026369416829009645,0.3485855527081187,0.18283460763763126,-0.3743185107617321,0.13078308015998738,-0.31119220402470965,-0.06637207498975074,0.021563490120459806,0.19285509291566075,-0.07588621225437849,0.0025081575065895013,0.014223181560593675,-0.16662078741664552,-0.04072984455925771,-0.02547360507627499,-0.19038942475132134,-0.43124632852041267,-0.35594828161618836,-0.10960138474338628,-0.18663257888473164,0.09251538106377731,0.12007621390158611,-0.04147573182644702,-0.042265073145265966,-0.06607712190264271,0.14468820542393424,-0.26025072308286606,-0.11821807059149567,-0.23403081369973874,0.20738064763665845,-0.07238959330415848,-0.09347340617174901,0.0758796389482436,0.02185491333123127,0.04338126364028873,0.19167655034431869,-0.13737669292710175,0.0829077682577437,-0.06824535287434717,-0.008422938015006739,0.016661462195630174,-0.0074992831393788425,0.2153428202924356,-0.1902305832257726,0.1339237413562092,-0.45038398515769795,-0.024933503576568306,-0.04097992035773185,0.047265389554467026,-0.020127488034123585,0.049479002338935915,0.04489495662454758,-0.0770674027505195,-0.07364205803167326,0.03594742865748466,-0.06633761776591719,-0.08236079199269553,0.09769906443949072,0.0658149650236842,-0.15248027367178255,-0.07308954910504166,-0.22533970958581545,-0.20016488437637897,-0.10891867474712998,-0.1306310891776352,-0.2702376831311328,-0.1081037227713965,0.025546297698618967,-0.18199103014583548,-0.2958213884621206,-0.41762943368664235,-0.1270662902864597,-0.17035112436112973,-0.2799450874036502,-0.27435743392607054,-0.06209897863395186,-0.08033276337779426,-0.19960823986195908,-0.25433838593628955,-0.22756419929173866,-0.0849383697308025,-0.038351459955792644,-0.11133776138991788,-0.10864520755730275,-0.21466843932169838,-0.41166280210977824,0.019555863172243625,-0.08021592987058684,-0.8367654662328373,-0.04369502141837644,0.4620611316838866,-1.37353457292198,0.9419153793142503,-0.541791516246274,-0.4126799484202563,-1.1933193835295564,-0.4466251551241134,0.1095057116825391,-1.091108453347022,-1.0736700291532422,-0.9030322235478457,-1.0606110972315137,2.2087854684588386,0.2894101375094505,1.7061120106132603,2.104029959876414,-0.831281054106138,-0.7417766647651213,-0.24795608301084862,0.8106842204040555,1.4068778163986726,0.15610640888309793,-0.5460746956554231,-1.0432097835146665,-0.36160605813493546,0.0634659646597502,0.3515343553940123,-0.3893507159300191,-0.8640006923076031,-0.4090584034526831,0.26662849879562045,-0.6277308479364121,-0.20438530883680486,1.2333266045783058,0.11468159961807463,-0.4172582361643007,-0.49563950565290826,-0.11554304265640374,-0.7552015607085725,-0.31849270336052776,-0.8599898990988328,1.6127980023200663,-0.0373037801372401,-0.005022346758442743,-0.2986977716506209,-0.18007836521622944,-0.6365667743524007,-1.2706503838487064,1.0790949447371552,1.3501361823786577,0.21730055286457256,-0.98921357198829,-0.27894117816359043,1.1787560955449372,-1.03447256882056,-0.42813555685683924,0.6546371888931903,-0.7150964170077194,-1.1089605714708295,-0.7117002508515076,0.43827292537167567,-0.9839517660685857,-0.9064387470665927,-0.861722253076676,-1.2169749788105633,-0.19699704187290432,-1.1795018569236044,0.9377538916259259,0.1106617445626279,1.59187963135318,-0.6765195394811867,-0.39581475070526645,-0.4381662323980884,2.770638580638427,-0.4797236892068782,-0.03652970242105133,-0.07134142580732901,-0.6291990303571072,-0.33371091346205145,-0.7090317400241591,-0.886294614403033,-0.9281349124409877,-1.2838709706742366,-0.3467363745362381,-1.0872820670585912,-1.0063652882863399,0.28616741496559267,0.17552630474468828,-0.8807913264926177,-0.7240507906495985,-1.270168640084977,-0.5732194660977545,-0.20533306036687865,-0.6057976356118565,-0.602352120412795,0.36056455599093185,0
0.01460799890715099,-0.22057524003400014,0.17025027386843056,-0.16116866669682142,-0.038693249005652075,-0.14942040223354172,-0.058997624720314924,-0.5215199421372188,-0.25218305893780435,0.01924440937459916,-0.16514753973924579,0.14078123951824031,-0.1468323662945234,-0.3161024713417211,-0.277339605594481,0.1651393358615386,-0.185386310067075,0.016024498336976462,0.2761133465236401,0.14712427152796362,-0.2760781976771535,0.005755738000469363,-0.42221474823238864,-0.22344852731270357,0.10093126551898166,0.0965412797898709,-0.07627815206644335,-0.010559266457193846,0.07837266788962068,-0.1663947417296029,-0.022796714946752124,-0.10168567674786093,-0.3459282244963032,-0.3645939534653616,-0.27234320562774034,-0.2262162173341287,-0.2658261961458186,0.11248570205280974,-0.025680724191351596,-0.08900670592337111,-0.03693899206573937,-0.037300065273388756,0.11390919946688527,-0.12865544669999734,-0.14256932783120993,-0.21505489227477473,0.03167100747680787,-0.06635514179395911,-0.2967959224274893,-0.03478031018758695,-0.008003908470430724,-0.048256997975927966,0.21310337863623305,-0.1590134780682793,0.09318490525838422,-0.0849717519038599,-0.09163483576963981,-0.0921493339540556,0.05131174278654929,0.14529378216186534,-0.27609417107098694,0.20541111311077884,-0.3437449550197387,-0.024853201393598204,-0.04358848261451691,-0.038917938843844514,-0.1692679175963826,-0.00698839395649986,0.017079446350732212,-0.1307231925905694,-0.18262355001949512,0.018563969830066356,0.018192296378020535,-0.06706792596771924,0.03517881882839061,0.1168737920797488,-0.2434502342852026,-0.2658945034708926,-0.11029538063955611,-0.09641234329723164,-0.021520284309008514,-0.1667329052625933,-0.11156950556229835,-0.1134429346899286,-0.04206711662023726,-0.14868515513666605,-0.259848280043197,-0.39931721864625636,-0.14797595352999743,-0.17646867294498145,-0.31779501912328717,-0.3277784649483255,-0.1769955731852805,-0.03832589566891833,-0.22619521163565512,-0.3193714163873616,-0.23493539711059905,-0.2882851270049219,-0.05449033333414203,-0.06753359006593042,-0.09936480126609719,-0.2127916032316426,-0.6525426121642952,-0.13713021857554808,-0.11332893967357234,-0.6139369358912006,-0.4003441118761956,-0.38657665237542244,-1.2162204778390036,-0.628605096527097,-1.3604769919961566,-0.6609603751353598,-1.0152140635900913,-0.49012462742680746,-0.2165715806512797,-1.4118523093293676,-1.2201787203094825,-1.131037118123311,-1.3612141279415433,1.5087454009890993,0.14021606297168202,1.802671246191755,1.2352018531021678,-0.8007602705495196,-0.4659985136186121,-0.4330278774783037,0.3458327166399327,1.1866343128941446,0.32591262722707665,-0.201354731011513,-0.9420010677001776,-0.8157825185330597,-0.49144024042797024,0.3141871160714385,-0.25575561743825015,-0.3038505372271522,0.04710357382729951,-0.5683944259507185,-0.6831568596992201,-0.3440055264222877,-0.14784227258346935,-0.2713073245895044,-0.4275365369783888,-0.43664043603240554,-0.3369413913819966,-0.8442507840199232,-0.5800564599291469,-0.5436248225071234,1.6089360728647482,0.19561064423377925,-0.43513460964308454,1.0875127448511077,-0.5495265759620748,-0.8402059584924306,-1.2635092915540216,-0.4738851772205267,1.5377815678254712,-0.5910354828508859,-1.1585771502328734,-1.3313489395072697,0.6839178429666248,-0.8993758474713509,-0.5137673013705604,1.3831667229814788,-0.2819761323736517,-1.2118492576461044,-1.3638776295065431,-1.1609634735185939,-0.4634738190087237,-0.7486986540593366,-1.342726519260561,-1.3576750463504383,-0.0077568211131476715,-0.5695669355854092,0.25428358749176394,-0.21968875559288858,0.44997825833886546,-0.977619333891449,-0.6082731825866439,-0.33501938206768384,1.882373330090975,-0.3324939196692652,-0.46065925672630553,-0.05542489649592221,-0.04687153978493123,-0.6117152807768254,-0.6950716077188815,-0.6670432726995486,-0.3951906692442548,-1.2932924781973683,-0.7175793657020194,-0.8704926329090432,0.33428860711775454,0.37766073292566066,-0.5601109328559927,-1.2764166810796502,-1.1252077728934724,-1.1972770879678036,-0.9743654779602503,-1.0940209182439957,-0.11295317364629999,-0.045306838891448674,-0.049917874285261704,0
0.0404215841996007,-0.2635650466298761,0.18837297281396992,-0.08410618358957994,-0.10277747149112776,-0.1767935833161726,-0.015660467868603492,-0.4789788890055556,-0.2460738924084664,-0.013282933261144516,-0.13763047288406288,0.09872186581495959,-0.08637184522740747,-0.30810575796143863,-0.27431584137629655,0.20898470545005646,-0.05640912258626786,-0.026664552562720698,0.16833612825413516,0.2622692186254383,-0.24286901069756367,-0.0734058090854999,-0.41038040344161075,-0.13018368780631004,0.14160378837586482,0.20602237585227565,-0.05026653611605179,-0.045716101960308,0.09994576901530232,-0.0819630399776644,-0.07945098725783656,-0.1553935772326598,-0.37417876185347665,-0.3289796299066943,-0.2962679370353367,-0.2616682417164071,-0.28480950442483394,0.08981705536127749,0.012148468098159514,-0.1386360245338788,0.034401322977432966,0.0003508896115639995,-0.14372057968058408,-0.2567505606985241,-0.21667371802378177,-0.1860351381304418,0.10285654394193673,-0.12273894112371735,-0.299198754008296,0.061224545453823935,-0.26743594801905124,-0.14887311815396465,0.3814891474791342,-0.18021421997262652,0.033675472215719454,0.0706027554235013,-0.18467159867310287,0.0675168127600516,-0.0386308404865296,0.15734477590263207,-0.20541782135226413,0.20443873459413311,-0.2669557097150299,-0.001967438317782419,0.009347902486305404,-0.03834331926754042,-0.13310191321700118,-0.06964852182611563,-0.03735917957731228,-0.17119049480351645,-0.23682772270609884,0.04614997693554357,-0.06546190143536866,-0.24294240610632337,-0.05304569492404612,0.05188480217413726,-0.21475246683118387,-0.33199846693418217,-0.06859261924095329,-0.16284148385852423,-0.05152949902582424,-0.1981165042939251,-0.18170308344593167,-0.08388527273060183,-0.11001038430528892,-0.21441439746483648,-0.22603571396913053,-0.3313217214428972,-0.19810275472817496,-0.2705935980338477,-0.36268700547298144,-0.20960576953504506,-0.184817012989245,-0.11528980337041825,-0.20602606911936971,-0.3703767097619007,-0.26530985231311577,-0.3386683994613849,-0.0210320036399,-0.10821250811461337,-0.06330021454018114,-0.24310520015224227,-0.600822084523978,-0.12343354935294278,-0.15690490977919083,-0.4736728643740037,-0.6612496847029309,-0.25051127283339036,-1.1634948860077174,-0.03287667440894185,-0.5609259200687199,-0.60917458253197,-0.7988262594377632,-0.7753489586525067,-0.4989020773750453,-1.1188251884399425,-1.151459228122955,-0.9638682114643123,-0.5312425227036683,0.9878971537872656,-0.000650513405214252,1.5057746226934816,1.2242063720219052,-0.7765791812130518,-0.5383205053708646,-0.6672116300624844,0.235358113538789,0.8627208873015687,-0.20947882524014955,0.13987503276662744,-0.39253840716424976,-0.724985857437198,-0.5243318827726435,-0.20269912761937756,-0.4925825036659798,-1.0216851147304116,-0.633946519890984,-0.6184192125611853,-0.6281212117213043,-0.8717764397978357,-0.4896672186476444,-0.1814435751654882,-0.30970685907047757,-0.8797752513273744,-0.960754357989991,-0.96223634552772,-0.9155448889381308,-0.21597166179184496,1.2594384426342826,0.8690059089515855,-0.31711248745573833,-0.21766812331686117,-0.2825925121137658,-0.8410765117066352,-1.053914506861741,-0.6653487085968813,2.024458067848801,-0.1070551842805709,-0.6594099840224977,0.3530460691930319,0.7021305499463193,-0.9152082251424005,-0.6962935717762411,-1.5384776846552697,-0.4221719115617484,-1.1479254970573576,-1.2317523447863032,-0.6350386961944612,-0.7520660254899643,-0.15068329466410643,-1.053230745068172,-0.47637427162567153,0.20205297227070285,-0.37979664160622667,-0.29319458016542765,0.31325154518950643,0.7582972992730133,-1.0784661132491768,-0.431079906153351,0.2717679584514923,1.6223902571892377,-0.6229555984800497,-0.7428736869698189,-1.1283551950878559,-0.679329583932033,-0.6894171526129493,-0.40121122842032914,-0.6758783609930935,-0.4812864218829824,-1.3240000604462123,-0.6938642137777783,-1.2746975253346082,-0.9310917482419575,-0.00011935076660398251,0.23551503606225954,-0.7501638394454436,-1.1457974397491446,-1.120916218189659,-1.0371254179199365,-0.6194679999754089,-0.16768103057994302,-0.11900960830237862,-0.08217551204863623,0
0.16059620878650366,-0.12910107240605745,0.07523097021165456,0.04035530200030686,0.05104329275843842,-0.17773145374023824,0.13096040785955188,-0.24096823474763268,-0.011326721646935685,-0.03227132846955423,-0.10593591208827514,0.08088627128634665,-0.0934005938587057,-0.31382761935537246,-0.26616547533088597,0.012445534028983317,0.2854394982324168,0.09284135581871507,0.22610463378672616,0.2889746804733198,-0.14732135515198008,0.06491606630348724,-0.3783983060777032,-0.04592791393783921,0.17477566760708382,-0.03202780736711513,-0.13058679583451568,0.03367108376758962,0.07425531135736355,-0.1101135598322544,-0.06853737757348277,0.06259477535929327,-0.15422677449233974,-0.2821524395422961,-0.2717099307667742,-0.17810604121693113,-0.056947363572070586,0.07670723936439156,0.03256164997481619,-0.1969045058043038,0.01075398121500398,0.05576425545915056,-0.06250164545428322,-0.1736555213579033,-0.14142931297668268,-0.10775562733656363,0.14427450291851043,-0.16437983400785391,-0.2942976466457159,0.01589649227290969,-0.16172919684149498,-0.20408316184929962,0.36409124363419343,-0.06025802710448754,0.1091328073791619,0.11785061932018785,-0.22870725102221676,0.02569283038243964,-0.029486289379681306,0.11949545216318155,-0.18860679635214142,0.33859062262049067,-0.10551570693591457,0.11124691346763872,0.012086309398385684,0.054341694654734055,-0.13595815529880367,-0.04770330979884595,0.052288224702961024,-0.27063394396031826,-0.09953717648556099,0.2009809345155314,0.003053829453079673,-0.15702936739831821,-0.08993741845322437,0.0025057813850111054,-0.22593875693660598,-0.23194957246595063,-0.023632568828356997,-0.058009568850926306,0.018937232821583404,0.0112435327821507,-0.05697842412676822,-0.001239304661811209,0.02501913662348898,-0.2059063444652814,-0.12352130528390877,-0.3120719829218813,-0.09072349309026044,-0.18669369460872642,-0.3350103103183132,-0.11435998856765585,-0.12818089466079374,0.04539456340623161,-0.17837536078769858,-0.3333728208266754,-0.2808559183179576,-0.16832820154809539,0.03713050894195739,-0.054713558474111954,0.006864390904090005,-0.2647882642271165,-0.5504084286325726,0.023784099604689593,-0.15186987891170353,0.21992599335249974,-0.6345281987556691,-0.42933221475798244,-0.5706972241571562,0.019968825948176335,-0.8306747150710814,-0.7133590337296198,-0.14002957436589725,-0.40623778422852597,-1.1618399919182707,-1.288368567795358,-1.2569055986298852,-1.052011775066969,-0.6147357918721426,0.8655622269980059,-0.7040744808750183,1.6699984644641521,1.0330680225486049,-0.5157108776757346,-0.40360880599472904,0.10533396813833076,0.24478153990645335,1.44817745038577,-0.2049735922588425,-0.06936531417921508,-0.1093106916679792,-0.9615531071430343,0.03001947775865435,-0.8694928101072775,-1.4303427039785144,-1.6501251121462337,-1.453443607861816,-1.2413868336854628,-0.7078491772738428,-0.886246936336023,-1.3878669025192276,-0.917780347373998,-1.5535689689135546,-1.4142838443741406,-1.029454315037313,-1.5163645042098446,-0.9859385236073214,-1.0575585046586937,0.6909372039770941,1.1645204046041255,-0.19309713913187856,-0.915452429233769,1.1171992853934092,-0.10195010685781757,-0.7261907371374272,-0.2751061764353933,1.1673533993665999,-1.02690580225833,-0.7600565666334597,-1.1677280592181445,1.7350418146418594,-0.8075692458756831,-0.30960185562571096,-0.5708607858821251,-0.6497671127263779,-0.9814334992818526,-1.132187403276856,-0.7831605347649246,-0.5997696230906319,-0.43623515540576513,-1.3748846127802552,-0.7691300537130238,-0.30347601494076576,-0.7627961138134036,-0.21139197244198116,-0.5414438464381676,-0.3992359199689984,-1.1331504793007836,-0.20305630839307423,-0.47074671205694385,0.37387363419721686,-1.092687048959439,-0.7769951782081321,-1.272048163689864,0.07489660391063806,-1.0531761546106944,-0.19594928544189447,-0.7994031793785153,0.979214009069193,-1.1805233101828336,-0.7717848477023883,-0.3886606865421724,-0.030056248028957216,-0.6519547794114315,0.46138702342766036,-0.29045573485236,0.27945055187893764,-0.8750994266308958,-1.0647163264802777,-0.5519457357693852,-0.2155160272027285,-0.27918390605899934,-0.05069429279824993,0
0.1021797598652993,-0.1880583640635674,0.06933402994070934,-0.02592755281267643,0.09507106993553614,-0.1724010165038278,0.09880553318867037,-0.2678584966260255,-0.026177295572152266,0.00732050685579705,-0.09331704542509929,0.14031561544456975,-0.10192200829976822,-0.12115263200256066,-0.3860389804726948,-0.08786230892598797,0.16852187411734174,0.15832697755383157,0.1936386433972845,0.2704631467338008,-0.19686609215793438,-0.07897562837750803,-0.42621409197326926,0.10090404118154626,0.19616055971738017,0.02272881145517535,-0.12876564101386648,0.03904434946869458,0.004465465727331233,-0.15242596816590817,-0.24904576452020574,0.03828420660966142,-0.2105535294178613,-0.2958503133756213,-0.2530426029274591,-0.20489482473835738,-0.040404849454585556,-0.021349927089776122,-0.06939819292279648,-0.184146312551839,0.043791888563480416,0.1480814204762961,-0.09920176531767283,-0.17625040117440668,-0.26700046930421595,-0.15425124425346493,0.10391560367939871,-0.18738633143295033,-0.058242609933972705,-0.04326952707501423,-0.15699997509196742,-0.17413904453540324,0.3545092971148346,-0.08540843064818618,0.0019908895664164017,0.018358514442317453,-0.2112995513491184,-0.035191068508906215,-0.0653213610364004,0.018663049479568237,-0.21119041305598352,0.3886785179686901,-0.1157255546513322,-0.13833397816576665,-0.01615612349785566,0.13831076490905742,-0.2876180378244692,-0.08416385207243555,-0.06568685744103477,-0.26400099253592735,-0.12473576525714869,0.21296653750918887,0.08504224200986031,-0.18789655976194583,-0.16016999449349864,0.023121080430954663,-0.269996101834399,-0.19717201574489232,-0.09576503038999878,-0.10619316598519392,0.007975530900083764,-0.033962094431979714,-0.0920290477059293,-0.04971548676126445,0.06718910430358226,-0.2180468652951147,-0.10827943680666702,-0.2992973094209398,-0.16336903066622313,-0.1167615377134538,-0.2902233551847188,-0.20996444509146397,-0.2033567174671379,0.057136696703921214,-0.20194638870642687,-0.21621673933698657,-0.3015379038741709,-0.3282917505069283,-0.04177468127598844,-0.013283479008243398,-0.16604090202657446,-0.3219787557940359,-0.3931798353660248,-0.16321280823602033,-0.20273142440988476,0.22124284154863444,-0.5812613650292019,-0.39015514837815796,-0.8365997790164282,1.769270838607998,-0.14865719502309385,-0.02794312918873635,0.9668185306386392,-0.28067392420277615,-1.4606331626323188,-0.12823822986748554,-0.7549994287492816,0.1608018446175946,0.46831713291763827,0.8345445734871662,-0.43409914391908533,2.1009103271678637,1.6971762656502147,-0.3932935324445556,-0.41354581526459283,-0.10220174420461181,0.3294846491970388,1.9613617942623314,-0.36449875093568745,-0.4367833495252253,0.4718473540518994,-0.5310027633990972,-0.29634261167375003,0.060273275293947444,-0.6975124003472264,-1.8768559714539743,-1.1336058406295169,-1.6604952866683107,-0.5043758628238553,-0.5769608701322162,-0.9141106628025373,-1.0900336341102936,-0.9164429123458047,-0.9855188509862297,-1.1725433074453442,-1.2116455887393363,-0.7058146319188607,-1.1869824891780316,0.7062773967032219,1.7560705708296986,-0.7080550353623765,-1.0162293058514034,-0.0012931232361322487,-0.3360398066139782,-0.9238307067128518,0.0013698873310959855,1.0270613907220811,-0.0020044636489139327,0.19244875807037815,-1.0398082267429785,0.8852515640876885,-0.6993583221272865,-0.6309524400283775,-0.7907180295662035,0.5587344195404724,-1.0216710495345644,-1.2330575710288632,-0.03098730977324642,-0.09718122730497805,-0.4868802670919577,-1.6638019535757216,-0.7256977425836622,0.027786159707572183,-0.6974725219129556,-0.8895420093715587,-0.2814512632985741,0.18017086444646926,-0.5643074505662959,-0.9725721042729006,-0.3042620008287216,0.741558796660001,0.20566322224993988,-0.9148850337891437,-0.23495322910591243,-0.5185136518070618,-0.1533479599783198,0.14112883089677608,-0.7731757544298813,-0.43689965033433553,-0.7101978596875002,-0.6106983052129942,0.1945693276619656,0.7622317783491739,-1.0130115724131574,-0.2903954039538502,0.008251259401209434,-0.43953548845859247,-0.9718858103437024,-1.1781010319286536,-0.8484225692892833,0.5141853107382561,-0.9219538206552844,-0.768580360174878,0
0.18155860256224388,-0.07370140982472831,0.10553236511348091,-0.026381221051334742,0.07644752931277046,-0.10466850744617162,0.09500229248155388,-0.2504038312165373,-0.03453456885781828,-0.0008984342027521402,-0.1964219392225437,0.18011486862516085,-0.07942674070312651,0.050077615488460354,-0.3122811295885598,0.002787500586963609,0.15491862561803238,0.2053877365238341,0.14908181274202045,0.2622650449998617,-0.19284763034672553,-0.10431593523242338,-0.38230163872289163,0.05857724052526931,0.17297538296759518,-0.00762982595165132,-0.05366475380741873,0.09724506553297775,-0.05027773692483281,-0.2257435631507582,-0.2045095739155568,-0.07250684593282132,-0.24158242482857972,-0.3856494160887158,-0.09715335576788788,-0.1555489116126694,-0.015661036593128435,0.022122241047416735,0.04402335922221675,-0.07617834986626425,-0.05415482420967818,0.11147767952752508,-0.11780623536180818,-0.15814465234737177,-0.2065652638840275,-0.22686422746163007,0.08248697321343543,-0.1956830672145561,0.01517095554583082,-0.0413084670447782,-0.18068919016933455,-0.0420409355467725,0.21063473472815447,0.014143232037619097,0.053259973870811654,0.14478893874973647,-0.151243950237835,-0.12474794582396799,0.02155924931424821,0.0366744935989006,-0.18665631153005766,0.3772409879453868,-0.21123028577838646,-0.24113595229942003,0.03683973613211402,0.1920536478266739,-0.21464610405557571,-0.005656476391421322,-0.024918803072264337,-0.18072753719757098,0.026551617940764084,0.20000316727570536,0.08704492583233456,-0.1875315556054727,-0.1443138469364852,0.03800225277468826,-0.2849439299545889,-0.10585117466423138,-0.06431821045672179,-0.1694835872713019,-0.0070192600102697575,-0.041983374203617994,-0.15459281533294258,-0.11245769098309376,0.089881221227757,-0.21512625515035394,-0.07675546115303684,-0.2570575553258104,-0.23192439317676858,-0.08656671835832111,-0.2896979496907551,-0.11287344062732965,-0.33834512403007694,0.12474500789412811,-0.3051233984042622,-0.1436779608327458,-0.329728623857205,-0.16981812088253606,-0.2429373067527435,0.030744704299033122,-0.20999735429115965,-0.18120207249250753,-0.26481595240630146,-0.1415180478859201,-0.13280038718022302,0.00619558920453526,-0.5578525863252463,0.2618079997652176,-0.4046053170226808,1.4550924443101618,-0.37396485212293895,-0.30322617038590727,0.2685857823282202,-0.18781156469981283,-1.09415107184637,-0.39792834918253006,-0.545634911115133,1.2028255243130268,0.2705405929336987,0.26103640187496946,0.6512448621115093,0.7878782953755293,1.09510879434851,0.23117141357655513,0.7482558981847038,0.8826084418176796,-0.12036452030907226,0.6291024482539751,-0.845645951631412,0.31544207354634646,2.1543638371962945,0.2875976215892913,0.6459796916509218,0.5378724577011224,-0.6135880068106558,-1.545912914243085,-1.0083737877826544,-1.7263580405289822,-0.44877287642810787,-0.5688489799387871,-0.4207947044838443,-0.7203795106464718,-0.7890739346751116,-0.7502409976207963,-1.2697348279651504,-0.9116086104422001,-0.6448107065138442,2.5287933519797328,0.7746122712768845,1.2411837084369488,-0.8389244595584123,-0.6225921196566966,-0.19765150714024474,-0.6144950322968068,-1.003659398706086,4.95077856066249,0.8764920038230922,-0.5997526383355725,0.2545562180467064,-0.4314913668720753,0.19588402718261683,-1.1801162102001654,-0.9743763404016175,0.7988670077304436,-0.2592190813094219,-1.8322399100972908,-1.6485189732153662,-0.8193014770996606,-0.26959484730054956,-0.661469429827064,-2.0632350689165437,-0.8682361963901937,0.1319636357861843,-1.100257437702838,-0.40761636242800015,0.9134473272228275,0.4177287218292981,-1.187405738029823,0.22066285676640562,2.587857740834649,0.6973156433827564,-0.3355086965845332,-1.3552788053317684,0.035610006494608167,-0.09050877815225468,-0.9497660334985917,-0.24174144158465025,-0.7039984053696946,-0.4567133086763643,-1.4918583106725536,-0.7496230405269219,0.07574825714547072,1.0233255337555263,-1.0620830631871672,-0.4124626628310739,-0.39777942395858645,0.029255565498321395,-1.3763512836143148,-1.1760825041029923,0.014349560484848164,0.8464606982942973,-1.1483500655675207,-0.9183077273205255,0
0.1218358421301554,0.11423006575954008,0.16262188988795973,-0.0743733949292106,0.03370618248402865,-0.12062107926482979,0.05693746934644206,-0.1474884043320314,-0.04302966237391245,-0.04918249033262583,-0.11651638279246283,0.23942205277405954,0.034296776693997756,0.20487365870307284,-0.2562521911166802,0.06300666788179571,0.2800838706305824,0.10181504101404645,0.07104005679219824,0.2305656734941479,-0.2720727679233425,-0.11177916851742986,-0.31161278100442813,0.18128275884748316,0.12783263514703785,0.037037479179363286,-0.05741426499069635,0.06377916758564485,-0.04614492032169879,-0.1360985854818859,-0.20987274587024862,-0.17399823421271546,-0.27533338253068973,-0.2151300185208692,-0.06554273205338441,-0.05216498546751291,0.03483376092944534,0.04839665203353002,0.036774690223290704,-0.011026067773356883,-0.10271146368602069,0.11180499050876784,-0.08461477745724891,-0.1536888258784665,-0.17766351791607085,-0.19007183215204485,0.16639024217545909,-0.14386082799212205,0.018437957509727217,-0.038480614100643754,-0.09280668342160849,0.11860806931102848,0.263307550774466,0.025415737490991932,0.1109783955248081,0.15733806764598496,-0.15445646316330128,-0.1448635158412865,0.003362198214047974,-0.14283067278236147,-0.16151733077194574,0.39745628870654787,-0.16084868371860173,-0.12633550332646942,0.04660319947446263,0.2109192625797369,-0.2679125128074088,-0.013838217718218282,0.01325679411610859,-0.11715103948962248,0.07810233890337326,0.19379950763992654,0.13954851367859092,-0.13426756396196732,-0.19071218703781523,-0.03861088805036006,-0.31840129147396756,-0.084955174679511,-0.007166553675715936,-0.132448025388639,-0.01628968422488467,0.007881217698083053,-0.041204186335343715,-0.060734448911839524,0.15968973295067365,-0.1918429490170509,0.03991029518738619,-0.2444065203125093,-0.19649341055370548,-0.05137510856245068,-0.18873623632160827,-0.0221580685517117,-0.21619772594636436,0.23364475305262614,-0.32196689121891614,-0.1144448235971814,-0.24581316982577292,-0.013462879644488213,-0.14965065584276646,0.048939089221849065,-0.07648313674677681,-0.12347419456507358,-0.2133090321884162,-0.04137355065059988,-0.11027384361031656,-0.004086151289753476,-0.6467865006772792,-0.6490535211367651,-0.29817843698836777,1.996726285498923,0.7434841389559496,0.2550070685177107,0.8323665780145443,-0.16011507011409076,-0.6162502654870307,0.0801220434473867,-0.3415660205770777,0.7455718499253647,0.44421077990727575,0.7144719543510686,0.5323278857171755,1.7805196422271456,1.05048461715994,0.21200662755773508,-0.1921203684059289,0.0751424825953584,0.3791221426057967,1.3936103103281732,-0.5901357144329691,-0.3083259191517227,1.871834443924081,0.18347921109857834,0.39009814170436574,1.4751731411206388,0.013491857897330088,-1.3743869437917724,-0.5772028583585861,-1.0626153485914558,0.018442306092058918,-0.17337649662203267,0.46671813852809146,0.33093276727935056,0.0009228463158268545,-0.006356675402193182,-0.7152763015799259,-0.4285506484676669,-0.47272640451568976,1.5527375218852297,1.0672614029981022,3.209737407853952,-0.7783149706616255,-0.1289313968827549,0.31978619472200415,-0.47263439471951896,-0.8391730019794824,3.482541249408345,1.3557136455190595,0.08576519486708799,0.21264354448738051,1.8485195383895372,0.6241076282138346,-0.8607957737633309,-0.8966019330718034,0.2922458428339472,2.2046602903465535,-1.5744453435816972,-1.692560721890474,1.4643714493472735,1.7747886149816596,-0.5381847801629625,-2.101914044570669,0.45463822892510314,2.511361885516999,-1.1079331405891506,-0.451189275451439,2.7973047544129854,0.15819496449073278,-0.1761336210440509,0.29162965277500125,1.8359156604107643,0.8449901322315473,0.41331530370077935,-1.0013983662702144,0.1938723452379729,-0.4028578060799868,0.07405485102134352,-0.4684292152568924,-0.6457685595141082,0.8519443832896231,-1.556815828196561,-0.8157295426449803,-0.48914686998412543,2.9243127883026365,-0.2583861252370879,-1.0613646167633417,-0.32104906292919577,0.7662211902725606,-1.1862590266088435,-1.1207269801630642,1.513014837771293,2.700287727123138,-0.6871608668551055,-0.7285608058168515,0
0.2060010319536784,0.12932873861553937,0.1220226853814772,-0.039029059524974506,0.02346081441379636,-0.11118944512868859,0.07579452163031457,-0.11356852873167854,0.004618869029321687,-0.06571176339652351,-0.14573262098041992,0.19001686876841556,0.023087111782568902,0.17509037049242746,-0.16659459748401947,0.11441985992681103,0.30786248377521064,0.117573634351859,-0.055317241211132184,0.21132906353667016,-0.3188013999869626,-0.06921792136541371,-0.1759823177535942,0.12778870587081614,-0.011438904915452427,0.09302130498721792,-0.10318098245396688,0.08941893263161471,-0.0280601209488748,-0.08537012252571695,-0.11518020534781812,-0.07229191600668163,-0.1824821914192572,-0.22769711152951963,0.022096170474143768,-0.05884676153846087,0.10538283129828027,-0.013537164432398711,0.008117524540204544,-0.09405708383274015,-0.05213682222250344,0.10766906711841234,-0.05437324130258657,-0.1796134326807554,-0.1471488841414765,-0.068720638659806,0.20592680751688325,-0.17980549539815086,0.06726542906477596,-0.15053486137453073,-0.0508092186181754,0.10471784162067313,0.30589610204157214,0.034538257768723914,0.031877408982224624,0.12444909918700639,-0.08108806884633106,-0.15769797011133727,0.017911850038439044,-0.11159757094017811,-0.05867137365628004,0.445944583054637,-0.08695420774508984,-0.08905804595808046,-0.14253358417613138,0.17802639723954636,-0.11180559473913042,0.032501273509738686,0.10303477720988383,-0.05360153338136155,0.11947548427429407,0.10140769472212013,0.06770800249437892,-0.0732213619806759,-0.1323929723413962,-0.06693560180109544,-0.28508986436523326,-0.030386105662751572,0.019151357163311497,-0.24464565054863074,-0.030722465808332707,0.06920385557320648,0.01600776993927981,-0.04804371165876354,0.12961596379359172,-0.11702629195942102,-0.09752610212491226,-0.3490155474841192,-0.22419197074847227,-0.04168482853778328,-0.12080216574577098,-0.09899420872529804,-0.2755477682735483,0.2418377469699182,-0.27195749552854676,0.0018914616667757014,-0.1555906458452089,-0.0012368366953086959,-0.13437867890590371,0.08989142482521717,-0.2015053660844783,-0.012635847612446238,-0.1572836114666322,-0.07394583321241256,-0.02059009578171327,-0.21460567599617028,-0.5706338788576877,-0.39927572258793986,-0.2503829195076937,1.2739195273462554,0.6189073726021741,-0.034253820372852184,-0.006999293627803162,-0.21441698590286523,-0.40866533468904115,-0.3000990195279077,-0.7221925431706214,1.2510571224089517,-0.1023591915829956,2.305093484149649,2.2650876550252677,2.033659869700345,1.83081973400541,1.2358980054951068,0.9579625889671723,1.5580367787673743,1.1364336612633432,2.129393485504971,0.05379378388620901,0.6323791901379522,2.8715856174507595,1.599937667037293,2.726277756513021,0.825108790587653,-0.32961595442267105,-1.3694734526563634,-0.9750871759958669,-0.68796161013975,0.16695542782786874,-0.3183047084622848,-0.08839622032283949,0.036111800884325966,-0.8071652985460374,-0.46534146322428066,-0.2994930747898705,-0.6102752118672505,-0.24950643362280306,-0.2588160082788045,1.4623128519284863,2.207982760883698,-0.447249518249126,-0.8373869715088552,1.127546206734512,-0.3660271763583464,-0.8662175006636531,0.4928819085633155,1.402466336989021,-0.39289501480501143,0.12476728547512504,-0.746110259667719,0.5934021491034985,-0.8809142127224009,-1.057699220341847,-0.6871998047855588,1.283156964135249,-0.8841750599837847,-1.6574308227427041,0.048542460367065755,2.16164458598541,-0.819535972150647,-2.028328348075481,-0.32419400820999855,1.8930135141087845,-0.4249739403721841,-0.02654436190764442,0.16019766857737533,1.1236910489471719,-0.8301203305948741,-0.028953405452379736,0.4618831298956123,1.2125406558052545,-0.633808180836832,-0.86170590816094,-0.3072108069004903,1.1304377004416262,-0.46064524159473214,-0.8276437222384636,-0.6699368424838279,0.2193531975839745,-0.6654591922663036,-1.0006038662652053,-0.49198238099244423,2.4620484772500384,0.10599297451728537,-1.2720264177315572,0.06732288513922202,0.26250200295889864,-1.1173624813429435,-1.106700909245411,-0.5163466180744667,2.438056986040809,-0.44116430956593566,-0.7725589298806879,0
0.20770445029293338,0.19573366797557368,0.10423537184448399,-0.08382395729253267,-0.05836302869207242,-0.11573103769121097,0.06179650108107985,-0.03641832714785301,0.041699613640062104,-0.05857667018672094,-0.1252681173048007,0.18909326353238742,0.0495649035323342,0.14529202157531784,-0.17368324636517907,0.14995781163940325,0.26883008584097595,0.09697727978477907,-0.10639100429251683,0.17822885510591904,-0.34795671368407055,-0.06077764125391095,-0.1613144807075891,0.064534664884046,-0.016926881738729853,0.12365805526530592,-0.11933660579630667,0.09109040177060126,-0.09047341060183776,-0.06474947245273276,-0.005246336376277763,0.021511344326066488,-0.12290179933389138,-0.29629261773647175,0.0049227799781546835,-0.12305202975369432,0.08017984443100648,-0.005701319249847239,0.04334823065487594,-0.026520627161353623,-0.013814085389134074,0.062285832850678194,-0.01922490407617173,-0.10194222985459955,-0.15114940585278533,0.022701558481161403,0.11637815211553978,-0.18621389409350422,0.04699103651886859,-0.03371795825059956,-0.019849146283249075,0.05609478725941908,0.2999307967570906,-0.0002764091010322481,0.04152506431034184,0.12512584356553824,-0.0072941842852533,-0.1107220652147453,-0.030635231007706817,-0.09663328320982456,-0.033077550519577566,0.41018530815007775,-0.009603426614321012,-0.09332150619387315,-0.20629570593513308,0.17343661660994858,-0.09034437366519842,0.03371369055799904,0.04297593494243475,-0.030046497629653703,0.15645761122730883,0.14792404358532665,-0.05449663047812719,-0.04065130205419473,-0.16733557576200075,-0.1356714110660773,-0.2409464036444826,-0.0033753706089193107,-0.02321023598676941,-0.24140955510990617,-0.09790075234469646,0.05113540704498166,-0.02559257457193963,-0.08377003029993689,0.1349973705262038,-0.10483249797751429,-0.17259500270749606,-0.37485520674032824,-0.1743920801717848,-0.028776090759841326,-0.09925108914396301,-0.04722928479803516,-0.2577003803554874,0.24973317459163547,-0.2821610943810365,0.06938288718940745,-0.07158319242865194,-0.05559533197976485,-0.17554422373124814,0.12001709442846015,-0.2223949219593219,-0.014824739618293505,-0.09440572255477976,-0.0695144634347763,0.011462153191138066,-0.3557262508533892,-0.7267297867007526,0.4570684438367538,-0.6355666920989385,1.6625010995665164,0.9925777262290105,0.21632015476384192,0.17774430677164518,-0.17064922578799016,-0.07966080438760262,-0.03545131580160222,-0.4230074124383003,1.1792557660111427,0.06346502826426019,1.8025622802975958,2.2234639745470455,1.8985987935636406,1.261356697050024,0.6878502864182005,0.8643140552896356,1.0582401256983218,1.2175275331152302,1.7750342566870634,0.07470121549074621,0.29695787044364075,2.6771342972045318,1.4818982848274755,1.97089855683684,1.5852937367998436,-0.003848638528605147,-1.0018079127033521,-0.42970835665051654,0.27357699354036946,0.5448324620589716,1.3445762473572251,0.4660955816392209,0.3733990195064769,0.9854254970609059,0.157217027607059,0.3840339019523982,-0.16354312678143285,0.44874199589529534,0.5663426316134688,0.771951111005647,1.3270431784269712,-0.422764608252347,-1.0997781186516926,0.9655891215544777,-0.4963844214230944,-0.8096613208602685,1.238261186522423,0.7504803725110112,-0.6032455245473962,0.24199328963966318,-0.5155722290717772,0.13915707562314183,-0.9999300595971199,-1.2480996758482024,-0.45764492941629903,1.03895741816803,-1.0274621832037611,-1.6733478716838865,-0.47689866003835407,1.7363485952051363,-1.217285855422166,-2.14578117609825,-0.6024522741269929,2.166449945972206,-1.1674440130367447,0.08646853686394643,0.1994322474352135,0.498016105010493,-0.6048095399780552,0.1398950914521342,0.30215058451804594,0.8243471904060047,0.004357597331540284,-0.7138885491374648,-0.7965597985920482,1.350795682741049,-0.1795473841022398,0.08989308152975305,-0.40589920503634513,1.4286237369536419,-0.9394614043823669,-1.2604064527676009,-0.5374597401751952,1.9892073985692271,-0.3890921616230169,-0.2852908169388223,-0.14870196276067627,1.0918349613539007,-1.0354345555971245,-1.0668076746064523,-0.38957262942624665,2.0424792234425904,-0.9154710580681746,-0.8247722462589386,0
0.22783145017851433,0.12848621490850393,0.16994990647531952,-0.014901029264046874,0.01785095099421882,-0.1381393352658889,-0.017654334635069456,0.01576719951177472,0.12867045610583713,-5.4088933589711785e-05,-0.16793576654248468,0.1833300850233352,0.042295890880260895,0.02337817505150726,-0.18210399132090435,0.23460062872898987,0.2820786029394051,-0.0063279850420583,-0.10837749222753217,0.19415706027245933,-0.2759369988979664,-0.02110694455959016,-0.13069678157765494,0.10697548422531868,-0.1163442308380849,0.17357905103791166,-0.026981606526567607,0.030525005213211248,-0.18812501320000308,-0.20501957119718206,-0.03497481956576351,-0.012992192082380038,-0.0619284438247413,-0.2846501779568371,-0.04813403344879075,-0.008835635170899737,0.05865560751837972,0.030003516273900674,0.1776189129681786,-0.0068288591128183316,-0.030115570862731637,0.02688801765135169,-0.01232917153635293,-0.13106085587183294,-0.16351911664329444,0.10493318598724813,0.12687556306889716,-0.13548870264375273,-0.04588669687585037,-0.027940989338682307,0.06653176808388325,0.13562997725906728,0.3413578877859038,-0.06133286684836171,-0.03502503662234528,0.11225626566912894,0.006717694114164862,-0.090147410363509,-0.08001881528917701,-0.13036960230308614,-0.03280820830876946,0.5108910254211271,-0.04805085428878998,-0.19332862739179224,-0.2915552530521964,0.13533171471041014,0.01195414143021229,0.03751254624459977,0.032126555542239026,0.020052844016513173,0.1550548931547171,0.08146502209376724,-0.10936492390591708,-0.128152570547748,-0.05717148392499078,-0.06591908036735933,-0.23317394881087042,-0.007681112900812719,-0.05070480742132445,-0.2161408605792219,-0.10308402831772022,-0.017328478775302185,-0.05367026309596958,-0.06476984443654395,0.19786885920567715,-0.06173461434542003,-0.0474659631863052,-0.287646708622879,-0.1514913256368015,0.018262945091334505,0.059788936169464325,0.04097456569177499,-0.15063879214243925,0.029463173078683878,-0.26575223162656286,0.13965574928597868,-0.091064169618379,-0.08306447412319987,-0.22367224648562914,0.11618433569656073,-0.13954315449257088,-0.052340693897755086,0.13086437831621023,-0.0023921464252740997,0.0600360260745722,-0.5421444351849296,-0.7211507005133477,0.5984708808992457,-0.2938200435760857,0.9767716491220838,0.0422190840994921,-0.1258887327612611,-0.9173698628718111,-0.5552452162389994,-0.0938260281032562,-0.24202354091927644,-0.6136968043449008,1.5174457176258271,-0.28026052738925006,2.1773502937635856,2.896694362316559,1.760712962193902,1.6678009399125817,1.1525769571088442,1.925310490723632,1.6476887573998935,1.3366068608526689,1.8331265733743507,0.6751183092909672,0.4939936209245305,2.3027141746163515,2.0435079541906025,2.561692872799835,0.535834107683194,-0.3014597923083362,-0.5506501448842838,-0.9568900390298712,0.021929659915164972,0.37116658626239224,0.7998077427650339,0.12572484297170866,0.040572743397782114,0.7720274611179072,-0.011478822094381697,0.9488627965105668,-0.41566060860982157,0.27375242894214796,-0.4960937065603994,1.4086352074272503,1.031572998167288,-0.4976539874608916,-0.6045832479005682,0.5836967999981975,-0.6396666911705978,-0.8483079963125694,0.7448719146962303,0.3639742941203561,-1.2581242479622705,0.5697564862328536,0.8242281484148491,-0.09315580506105704,-0.865925049288574,-0.9311563680262629,-0.698021937027904,2.1253225197225514,-0.37890684101359223,-1.7073340530003065,0.2311126035439967,2.5639772346510727,-0.9938652603575842,-2.092707125577503,0.5475463697566347,2.5736739549436987,-1.095888041803474,0.30583603942138404,1.1845100371680948,0.2350313687203631,-0.9035932632050095,0.17546398549219497,0.3536918390187704,0.8232021019027663,0.03949058566583026,-0.7296833141509055,-0.969327694101107,1.9708768504140475,-0.27653255983635683,0.04986547961310364,-0.5081333707687712,1.2576771701139253,-0.5360471192638931,-1.1001680213728886,-0.7686821431502467,1.5888038494033114,-0.7652599108090875,0.24124297403689546,0.6777432308277609,0.6455364769597408,-1.0020116938814443,-1.0462313228249132,0.4969875837102481,1.7820423674194756,-0.85671384150744,-0.640016440799637,0
0.21026209684096123,0.061647268775646503,0.21332354716995963,0.024120884742220048,0.029879065132962686,-0.15377623621468128,0.09765925985907808,0.004501901593341701,0.1758212163061469,-0.0766278343229138,-0.2181698116267823,0.17335851186817855,0.01879848236089197,0.046071923593153506,-0.02634530993160463,0.15616456770137235,0.2169239862193349,-0.06440264855415626,0.007872608210956268,0.02870528515293138,-0.16867696663191953,-0.008848551277687586,-0.09422770395151003,0.08612654802708815,-0.1367364145820391,0.11233803607498184,-0.06669348662459905,0.12106398831337041,-0.1911963203050656,-0.24742179543189155,0.0221371923725205,-0.05055557515915573,-0.06674029236545617,-0.1742463393388062,0.04441076123812195,-0.07803073657188939,0.06507831126418961,-0.02880076687155447,0.10373331861684862,-0.03223185566638094,-0.020182646905823456,0.028074299714981762,0.09323189291964169,-0.10202025987572527,-0.12085854956668692,0.09257481156615428,0.05262648043601688,-0.09012492404167917,0.018406554245366715,-0.17529841985073458,0.14175230502050223,0.1546513105023114,0.3857497021823903,-0.043009868926399665,0.008871503564221658,0.07903769151792112,0.02591276377230299,-0.06148741674213471,-0.11115553500911962,-0.14420021321595436,-0.09268584713254548,0.4760201095914734,0.022315610914866522,-0.19871533788330392,-0.30993992338416954,0.11114990886599106,-0.025946284104434086,0.06388135046335491,0.00962531131874106,-0.05918929956375496,0.14626792174348724,0.054189354305620545,-0.12042074816165403,-0.04159552773578617,-0.0906626007277059,-0.049437622261897164,-0.13940415616927734,-0.0009933844318406296,-0.15176396427286704,-0.25493476194113485,-0.07350945588190641,-0.024198135993456014,-0.01637508606085556,-0.10096385134493131,0.1844155524697741,-0.0014697852256162305,-0.035167137008019156,-0.28513579663565736,-0.16432000191010177,0.047511954115793495,0.11843346916182103,-0.0015979016472627526,-0.12756541798786689,-0.003407019119428626,-0.2438261386530205,0.1669385393717444,-0.04893170361814579,-0.032807379775575234,-0.3137188714663479,0.1327007655794765,-0.12370692349764453,-0.01076640038452338,0.17786408423551814,-0.01676527630201216,0.17009550165517187,-0.856098974283918,-0.947909979867574,1.0545938066495695,-0.46528138613797304,-0.31090944549362354,-0.10860622150728778,-0.48653181402695156,-1.0057285972038854,-0.8324845674669142,-0.5566758018041468,-1.4771576395040138,-0.24430883920137567,0.5903681434271235,-0.41810524270935523,1.7248417530783764,1.7080270403282822,1.2170265429494178,0.5774411241874048,1.706519988337042,2.2834870568664147,2.127718899828429,0.9657367070998615,1.680886629764627,1.9025113762576882,1.9592923009316652,1.8511132881231542,2.562160299029056,2.3107143584333643,0.24246646069632807,-0.5595837361125874,-0.7729050783189763,-0.48685214825409845,0.7202532194817468,0.4571183569169897,1.1967368220828862,0.2885346440535816,0.8511945093351629,1.5779381710013907,0.46564261032729154,0.46274984800234825,-0.4239128551606132,-0.1934356834933096,-0.42204056661588557,1.2327992793974254,0.9209684896126527,-0.2977477272445738,-0.9584748738711412,0.6859617382989797,-0.09251125849735588,-0.8149344652034137,2.3538713904634956,0.9227109434567238,-0.328663050961065,0.3025704974134301,-0.35069198315964656,-0.4307410724552201,-0.6589771412312082,-0.7207581657541409,1.3969489415358272,2.139516901785951,0.4016435802042796,-0.9478448591751057,-1.0090586403586124,2.2018022058094147,-0.6333365445919723,-2.3124163927966923,-0.8553711986548947,2.0576251341407223,-0.4703965032550324,0.532084962255463,-0.4991670056603513,0.12162693364719825,-0.6233495149471644,0.06489000780816674,-0.4836924321985598,0.34240112436542247,1.1231038283375487,-0.7421324887338185,-0.5558414258712616,2.024850474811581,0.4423965501108651,0.19403577877353156,-0.6914509531875863,1.8245018013798426,-0.40632706825998477,-1.0228784602296281,-0.09550994040220323,1.579974279236195,0.03961410324086429,-0.5834383373701589,0.7404877828663752,1.1613609891325194,-0.6567426825261331,-0.8101601427981077,-0.4146096910224541,1.8895233852262872,0.6296520257928444,-0.48837672418944494,0
0.5110095562828503,0.543581651136935,0.12046575148499372,0.39704595230918993,0.2816914004133124,0.28797739708299197,0.2543189923272218,0.632900423036743,0.5216284035022848,0.7238246867679742,-0.05382952246507923,0.0353809142527964,-0.006976958519993836,-0.03381681987988436,0.15639113602952284,-0.011834126939936735,0.567064043366035,0.22659454039278826,0.34813490432906885,0.46073954672033157,0.5025255515482547,0.23476272108229063,0.2233554699703848,-0.2514880165948371,-0.15414744763344573,-0.12763461458744954,0.02539192367935,0.1395672043445396,0.07816129285863552,-0.10384767735041203,0.054689778799871566,-0.07988449373323725,0.2788223374726262,0.006875797936127892,0.16437181603287013,-0.14229425223316972,-0.015993247261808414,0.018857999756910795,-0.01181223674950983,0.1674377922302658,0.3948904248928591,0.5231687344245489,0.3853194822097961,0.40598731855237824,0.33328230661155867,0.5335301946428694,-0.14155021086153058,0.12712622037526253,0.16695711768032243,-0.06641906367981874,-0.018372107875848767,0.5734811747829609,0.6970168006014718,0.007053078299503708,0.3709615270675768,0.18592616325140288,0.0744869827637369,0.1360486296166854,0.05843731087720708,0.3312056293931249,0.14623276356654596,0.36039815765570227,0.25308333588259924,0.19888754478200368,0.3553484921916194,0.4451303470499897,0.2824781439218372,0.18895501852596353,0.1191712523550964,0.1464329855248367,0.455787342453014,0.397690393530799,0.3128796468712832,0.37503496229019234,0.2857059574733767,0.27090076716405537,0.07213783216879904,0.2653181826006736,0.3610802951769718,0.5885903653104835,0.18558090123754228,-0.09016582414453456,0.13678260569208903,-0.06547363896490972,0.16584277007791579,0.6400284962332624,0.08183651926104223,0.018845819839649638,0.21790273827909434,-0.015050177954089132,0.5594659798932847,0.019423326174322,-0.16210491971343227,0.05559021878288228,0.3417558925339774,0.12677227876063749,0.5995123696527167,-0.17651759742743003,0.4881578086190812,0.11944921087216442,-0.2728566928950916,0.322962261908527,0.5354581938940738,-0.09168970435802223,0.18496234490840033,1.4076807903406598,-0.059487280729426426,-0.3984227111703746,0.8004892501752782,0.8034993020674099,1.7518762394417466,0.11034074257778108,3.1911494644509584,0.5081674298578205,0.9310903861876311,3.4021331937079724,4.642708515028187,2.869808676303212,3.023188126504034,-0.14599548695683726,1.9786283347594384,0.5065378166397199,-0.39570941969348833,0.298911678609986,0.2448451154873759,1.010900575474782,-0.49783159775010555,0.5150318006651463,2.2198714757749625,1.5552864351442774,0.6822817981406567,0.3413519298976393,0.244294168135964,-0.5199773241862342,1.3060636126794405,0.7969614174937449,1.0060550068776715,1.0997723600749019,0.5283013064186354,-0.45575716004071415,-0.5740719976554357,0.49199645367848205,0.14064602157750367,0.8599837757097262,0.04901257803078178,0.36726249338598693,0.5841263063053869,1.2039088323861002,0.7759109188620801,1.1390031180451965,0.04592459836769726,1.4609287222142788,1.4036364731768725,1.8804812686647794,0.23801646166347998,-0.09594169841290379,1.5414685771508563,0.2931062525916868,-0.5611913071232868,0.999610600678059,0.5271186717803643,0.6427242781937793,0.10741925860806881,1.7222987411369537,1.8931189070571042,-0.2042586845965959,0.7114990035638946,2.570488923934812,0.44119692854743553,-0.45676450006127417,0.43532280429859527,0.7029618135449012,0.9722824669289268,0.49900983738449367,-0.5605437499326741,2.263826819018036,-0.22727932125158412,-0.018606156605670256,-0.5855704603222527,1.8549747416506848,0.42481941815317764,0.4168515286228654,-0.1570863158728256,2.952095556331751,1.1932502182864524,1.3184476614970295,-0.513248393488726,3.223171283512573,1.911397448242946,1.0825433933281887,-0.12511080741910688,3.6320254565082495,1.6230684203281018,-0.44667074401926465,-0.8654290604700817,4.116748490494,0.8930079843792571,1.072076865975299,1.0050115068783765,2.877599920333046,0.8103232635615666,0.2643037920075815,1.6581024356614784,2
0.23203723148658056,0.18077644101240675,0.04108928966424916,0.06286998312303065,0.19316951563214105,-0.00966032352363054,0.11882330606570778,0.25028376779395095,0.24431422229307825,0.2922589499499526,-0.10032065282436123,-0.06219793904949781,-0.189308841514101,-0.18341299060009975,0.014529427142051831,-0.05140443595431955,0.30968463631324694,0.06348315869091781,0.11736136545528686,0.3108123979228019,0.29431197013440213,0.017055466621387735,-0.11583947831468537,-0.4741416436203959,-0.22369910504980964,-0.34018097985230505,-0.091722624070927,0.13651162164292446,0.069134353095923,-0.010563540558844824,0.052739398555718665,0.02904758749430283,0.19909320955955953,0.03709401477451557,0.11625599347344857,-0.0968030101395148,0.12663697281946024,0.001771479936472275,0.03783237892613277,-0.026892590222115122,0.14840774387716177,0.18915472994033128,0.22473693469856587,0.1158725763077013,0.05592308340041496,0.17671057199129822,-0.24702057378070447,0.017929179915725676,-0.08203728484915787,-0.28708815075108723,-0.23333566763803162,0.45443374502200656,0.4042605524734268,-0.07267213890606092,0.2733588985559936,0.09594744221849566,-0.1683466251919396,-0.1158331078735805,-0.1362469203522275,0.0906963905489565,0.10843344726465207,0.1227853946204242,0.10192385931306698,-0.0016610874398058414,0.03255781740348554,0.20491270911714776,0.24271851408119555,0.044828193952437076,-0.004434287481313791,0.07110061448707618,0.3317213284909405,0.2959003325972417,0.06565674220003671,0.21517863381569516,0.10860267446194999,0.10960288262233589,-0.07416755034153244,0.09819686676983008,0.17786752694822314,0.20741280839624146,0.1836751251999418,0.03691352043247378,0.03417386247106749,-0.1061103521421829,0.13169676101251396,0.31409863008045114,-0.03511995407346714,0.015983671422598395,0.06361261010998961,-0.02453517081598576,0.35063688881676475,0.020482079290661728,-0.161914346451202,-0.05131778538890829,0.22879869558002183,0.06621015441573398,0.28275678424293066,-0.29717798416286706,0.2713245757206216,0.04425877441082721,-0.4638694231710281,0.14912793068640334,0.4494509820336972,-0.25063478547110907,0.16912483149656443,0.9609373818444912,-0.4994451337859266,0.08534541173833556,0.144485072694897,0.1459445631561416,0.34919163520782515,-0.11934196692952191,1.4451781986523682,0.028193575757968364,1.101713205700503,0.8288172145228134,2.9179366190348195,2.8822963684874052,0.3469968405738017,-0.14723570015314638,1.1516304946436566,0.3129537497076057,-0.4857092485029211,0.18096293877504166,-0.09296166079204671,0.4316692504815977,-0.3649494973030926,0.12137688041522651,1.3670935827735269,0.6571405153890012,0.5576260287740943,0.6874163321116968,-0.24989842120150327,0.30666551078987897,1.4237495007541903,-0.45577409322048235,1.221544271271063,0.708620714806337,-0.13042978302168423,-0.5783923257959668,-0.9750690790211449,0.5519342289717512,0.7176682346562404,1.38100881851688,-0.15706199890448247,0.32451433397770524,0.8691954694718115,1.910824659335008,-0.17570336571161385,1.2404169616055924,0.004222281826077,0.9261667545835899,0.9572426876517157,1.7433604314180302,0.6797530616872073,-0.14894405250605722,0.41506015672976754,-0.5322165887998075,-0.8103789638587713,0.6405585792324635,0.6226559227173669,0.6539751266486789,0.24225139091131295,0.04693061786512024,0.6718910355933517,-0.7574787442127134,0.8834223111325364,0.3204353424336254,-0.20447388432622574,-0.5884528342026124,1.7429241362721457,0.03435594893963539,-0.31651216262218745,-0.08618129130138753,-0.36961730173424645,0.8012601490333762,-0.4975113807783362,-0.3134651706431664,-0.05438456631172489,0.5507767322954317,0.23211210333642912,0.2333292418208233,-0.6960201440462075,1.2623748972071147,1.1512304695617106,1.905044170532353,-0.11262740416848224,3.4970489703343537,0.836837256143301,0.8455746293155572,0.7147075287893756,3.397790219845986,0.7871732644973811,-0.2381184478691927,-1.5237583206552583,3.4114255852765636,0.03739826472486837,0.8106259480709871,1.5012598988374075,3.4270568282309157,0.044668127003796555,0.13540843760882545,1.9384541008024834,2
0.13562260214023736,0.11831733063387988,-0.12958301410089404,-0.10786504655306148,0.25635889834100667,0.00488629810516178,0.030830782959185468,0.15945291575197168,0.11892058080618162,0.08647467176165885,-0.03329310749566896,0.04341021927954742,-0.3033407655894217,-0.0948981572700391,0.015777625533906478,-0.15838638899498275,0.11826744955866342,-0.031137999011553903,0.06280923000786036,0.22916700756666183,0.22681049675892703,-0.06444173889470392,-0.13760539836515617,-0.5811647652199584,-0.13587304098520078,-0.41693142536732675,-0.05053175546491117,0.014756766285225667,0.0062954612353211346,0.08810061904864505,-0.07812400624898257,0.06871330441575495,0.10426084583093345,-0.0342844775631303,-0.017161213001550376,-0.10318064801645527,0.30508630506979906,0.027070622135728147,0.12834292418162874,-0.10113374421641402,0.08809073554354517,0.027994468200784977,0.13781341715193512,-0.04024339193419364,-0.042980468949028364,-0.16924642483813562,-0.23321723913838796,0.11726874732729514,-0.08314102194911191,-0.33386222305661356,-0.3335701512304777,0.41838166460262527,0.33403233684460937,-0.012944488845771158,0.2589814374407609,0.07629033311937243,-0.21882245177828372,-0.17503937993525567,-0.1777376666034492,0.021519725371697856,0.0194312938512468,0.09883907296731936,-0.043644603052572235,-0.005292494193795579,-0.18970554344466306,0.21383483606422288,0.25801670568203944,0.008136664849409494,-0.01583603197226578,0.008952065751870915,0.2440355296537315,0.183085929640303,-0.17408136170820662,0.2362786686485405,0.1461744092546072,0.050138833345346204,-0.09617977269147164,0.10789630320023111,0.13179212816142508,0.023206633712747286,0.2778761635278173,0.11743795691185965,-0.086639973355484,0.02730141327486535,0.030112444625770257,0.19444576758736168,-0.07512919139804813,0.15487188542513003,0.04098003598001309,-0.018567279107057147,0.14722199373351882,0.15258987514705874,0.014507083670593019,-0.21825487507030308,0.29569387111760004,0.038292845110186054,0.16797066891446624,-0.24854461300367636,0.2531764531890086,-0.04009561965063115,-0.459747245379596,-0.09988858460495648,0.4222515727596891,-0.29491679441751917,0.07825781510284334,0.5665928778263869,-0.4038601602463323,-0.7924008207629097,0.2406758563959494,-0.302132279812807,0.8392020572276745,0.05765891858044135,3.201355295357312,0.5297255969234494,0.30361589552810947,0.2783740163676224,0.5882001770369057,1.756070774926464,0.623324443202221,-0.22884602338275592,0.6102987556072683,0.5238041024621177,-0.36928175294520865,0.49799078147379655,0.3843565805832019,0.44421981661723964,-1.0369578480571837,0.13500987771730133,2.394730610577625,1.1439641196001373,0.6111699972219031,-0.5885074235513714,-0.47259904956420684,-0.12665795888925768,1.0685490423211148,0.6782356673828723,0.5216376232560808,0.23357107296903973,0.3395144623721728,0.060822367546605915,-0.5703707185447718,0.8168728642165021,0.9584389670176608,1.2052442558108536,-0.9670973726264156,0.7578978522074064,0.3144936143767916,-0.38133618904905076,-0.3047369142872022,1.56658909063359,-0.2836418442468845,-0.46416235573095455,1.6556320275332628,1.9369832163750356,1.007643151098137,-0.8263340948352157,0.43666165217457714,-0.8030502899189339,-1.0155980657721595,1.509051683969424,0.1908139049918976,0.3386895390495431,0.3988402123088954,0.11216126640579976,0.9084853758754585,-0.7510759814159844,0.3784643776325985,0.7721032851097854,0.3026006484634828,-0.6015607679901214,0.9794347864932931,0.6987621639602819,-0.17229456213878255,0.42208899175188047,-0.5835901966018692,0.6084239333648742,-0.6359119647710648,-0.02651584427541709,0.30490217183154633,-0.7718278478965054,-0.021221885375549497,0.6570633273727186,0.14800189678280343,0.3983347556066552,1.75982794287335,2.2297895113921076,-0.3443840488957002,0.4291199157178523,1.5816241471149146,1.651277492207903,0.6988448547830297,0.3719835562037137,1.2725275729010195,-0.7985171245864898,-1.6585977834968817,2.262544555617094,-0.03389188466921248,1.235752842374659,1.166798549295247,0.7205035260231197,-0.10625026833754322,0.5643834445982282,1.8058293936771812,2
0.07563805458320266,0.12773253488926836,-0.22943360063858637,-0.10342787871293335,0.2789130946633087,0.024873324575878503,-0.017560623503562096,0.15055009548880122,0.10125902784502067,0.0010722668814460857,-0.07281483145899463,-0.02729029139478176,-0.3269535667784143,-0.1441316402685889,-0.06641185365069979,-0.044640480356614526,0.075684783019277,-0.09647323098472643,0.01954011940974526,0.13759748212559683,0.16219154615944195,-0.086675932362392,-0.19536350555953957,-0.5971023356049487,-0.1958911015895422,-0.4375341124962549,0.0044416206175580146,-0.039896629254414916,-0.0660542715226548,0.10703885540624096,-0.03834997968222166,0.11249224395903774,0.16610845226407006,-0.1426817025948351,-0.07949936328093526,-0.040291761208189295,0.26903798962896047,-0.09267411031542006,-0.02507374220769198,-0.044644247711636866,-0.004434344357843517,-0.08140158940564084,0.08477835514834597,0.03452592702087905,0.052894056601927586,-0.1272884407625428,-0.21611696690977356,0.22463351386579095,-0.04539000042780688,-0.2439641528697441,-0.288389144109134,0.33257677407345226,0.42473932902496436,-0.08120244072621587,0.2102256956050136,0.012208665315508653,-0.12742279248698943,-0.03935142813501206,-0.23978905592827268,-0.0035609046748802165,0.02524299078747638,0.09590689208864063,0.00896092612103053,-0.09926725994314443,-0.09014854240818525,0.14697115240043138,0.16990394998616118,0.029504961977788666,-0.11793948724075377,0.019114293584379393,-0.014118748598244506,0.06185484363587059,-0.3270695245236413,0.1995833301179122,0.09216455023282615,-0.0018580557992248386,-0.0832919813215873,0.06531465981299789,0.17728998187782682,-0.02728662577471146,0.22685360645849403,0.12410985471985524,-0.19310436091423072,0.03495916922347353,0.06449903523651468,0.14759229721376463,-0.15687139153554033,0.14319287848849166,0.14339264057251527,-0.01815995507081622,0.07805509028032416,0.07456622688575147,0.0059175470007766465,-0.2110285702735208,0.2826430087189982,0.02894688486203568,0.024086996355046183,-0.2195515084326998,0.15493480076111057,0.025908647930503147,-0.35670050027611855,-0.1178693920756826,0.22405687329570256,-0.19442782237525066,0.033335435728726,-0.4568957394141192,-0.41281442341804797,0.7696154543578527,0.4259611951365871,-0.13632422852643714,1.1262413081806886,0.062285917236380335,2.172232001564087,0.1243011067638371,2.3098440916121414,0.6119777835272987,0.4385919944943196,0.5716359816886218,0.6817150353241546,-0.8889028520498228,-0.16153438579954033,-0.16736248864643058,-0.6233890531008477,0.20287301712614206,-0.07267200879928197,-0.49098497106126465,-1.2981679627489118,-0.5165987968471069,1.12044991582631,-0.03135262871384276,0.6219080067938968,-1.5081419414115806,-1.131860356612424,-0.37797648239803405,0.4625327073561134,-0.5076862394475248,0.26777785826800904,-0.16166784861270914,-0.3852628055100364,-0.2718272077502666,-0.3379820988004661,-0.1632974776096607,0.7462845578699943,0.9405802021353569,-1.0665004502648459,0.7756451877274237,-0.02226349970596167,-1.1018634544869128,0.07611424033342803,1.768571935841361,-0.4334938859637785,-0.5237961639809207,1.2628830050533524,1.814604411311311,0.9934443594183759,-0.6861297206419746,0.22438471096390664,-1.041088654660723,-1.060734343865247,-0.05843127163020132,-0.3763825106499441,-0.02783527476260626,0.19579091121971084,-0.10510301165061361,0.4835738447930835,-0.6875879694810766,-0.004271907961343194,0.21258429753118915,-0.05119628751028935,-0.0753928208845774,1.116223737601693,0.9158443806281741,-0.02239831670934829,0.8243331476826101,-0.188059692507042,-0.2859448549463162,-0.38431667202673125,0.18594303607492554,0.5758767017342562,0.3529208047677233,0.6149751720862788,0.7407593200130485,-0.5789264272801028,1.1278826969172246,1.5967226560787136,1.7251001458746986,-0.23763322559579828,0.12536332672349218,1.1180578220075044,1.3939041772418328,0.46438902465242005,0.9299875527136422,0.9353779912766289,-0.05373859857810488,-1.7829448077653849,1.4423728180996525,-0.6584093057575533,1.2805482973211844,1.1784659428140118,-0.005062771815849967,-0.4625321075755552,0.4986538025561946,2.1182282151568774,2
-0.021672796987129445,0.13423591176438232,-0.21118325651146902,-0.07311793518117289,0.19733972401948924,-0.0011026355436512185,0.008823358771869712,0.12379367441345729,0.13076953550943884,-0.14866992592142694,-0.10399169602178183,-0.15241272048870508,-0.09634269247178262,-0.24835217682689936,-0.12657339484363556,0.04279367204878849,0.09156792685319312,-0.0788186294426956,0.08360437163073342,0.1216872495553651,0.12059641838105005,-0.05911711037473812,-0.13174530847523097,-0.37261150755786815,-0.09355382425412918,-0.35799117409856235,0.06432466921000073,-0.012145996175925686,-0.016311405408530197,0.07172839716624693,-0.021159801234275293,-0.0588513572449156,0.06848451085930925,-0.10182194304594906,-0.0966209675187344,-0.020285101056144388,0.29819685563082393,-0.14800934487768652,-0.01183548884103975,0.08215014471563381,-0.02339629182821667,-0.1643608075241857,-0.14304072973892784,-0.05429103328066412,0.1370486889945841,-0.03710956170917944,-0.06936146076649408,0.24361836937396553,-0.09853015906032479,-0.12892137453932906,-0.3077585360527168,0.34018361495117744,0.18344720768684722,-0.15485134627145972,0.0874944074452061,-0.04756967516554183,-0.2262227168966167,-0.1599221947795826,-0.23085611016103894,-0.052231706700410614,-0.08302662304155023,-0.14591364320667777,-0.0995927522433862,-0.1309931356786587,-0.17273428307310296,0.03662908214938157,0.09593001468836962,0.17127291760066754,-0.21200777271984558,0.10962395111229185,-0.02670139694179616,-0.07539617416300107,-0.34741924282927317,0.06391108379637406,0.11651274450048309,-0.1644185969617064,0.009197415430723858,0.11693849858823072,0.04228452833498229,-0.09869721446874707,0.08758090962835428,0.00884913442243662,-0.3772989855448906,0.10783286046025073,0.07361485143226881,0.15687268110224425,-0.12632382847147228,0.12146215510517176,0.019297840625072064,0.0008148042180115041,0.027944352155037135,-0.07522503040387647,-0.06886849420796617,-0.15769246218390026,0.3097466903003127,0.03565976806171047,-0.019224482265615836,-0.00612407643459871,0.09241462609289082,-0.028235752366672622,-0.16318446291852146,-0.12237967371380797,0.026185466728231768,0.026601370498179185,-0.0002807238471221496,0.4623976088869236,-0.6103595560306484,0.2627706805128815,1.2336390725280044,-0.569759318407049,0.7041093270292643,0.039030956793854855,3.0978544825730214,0.9481206255716128,1.7915108140997422,-0.2691633289398957,0.7478551108691088,-0.22339306403696246,0.4733509168640439,-0.8557599822119066,0.07564281336688647,0.2690332073284836,-0.28267318881645526,0.37697340801926704,-0.48361423073587667,-0.19601647812532955,-1.1421868229683578,0.07825061854478729,1.4545866472965934,0.33909427966643335,0.6779992448497737,-1.2419700142736638,-1.3519546475881712,-0.376788500190972,0.5396535063946156,0.11227638231252013,0.0062307610833730685,-0.22475451302180716,-0.2774244597432509,0.03980174408996249,-0.1891673653274945,0.2625848291740332,0.8779128778804645,0.4153870827121075,-0.7759754895294528,0.8522844268449596,0.10114551800450912,-1.4131414513664908,-0.7386666674079042,1.5137630145235312,-0.5569021601180072,-0.7659055346704718,-0.060160527022531766,0.8573789250398748,0.4761633814030908,-0.4154167468017515,0.3481497436242158,-0.9201261325841859,-0.9421349149599084,0.5649026467925666,-0.04361685228621221,-0.557534355101998,0.3130312120026083,-0.526180391570333,1.3949881860044333,-1.2718923537194982,-0.5218178498392205,0.8138280842532947,0.6912568895112208,-1.2574401679058735,1.0141938872590834,1.0100249623561017,-0.13018841137190976,-0.3287568052207719,-0.4704425452643966,0.930401569877844,-0.4662158595615484,-0.07751470149273555,0.8029038634575819,-0.7798484089962991,0.23929842631632237,0.7555015035443455,-0.28789282597717464,0.07743762870497072,2.166362143695466,0.9761427585741975,-0.010604704078563287,0.0035906330080657176,1.4935234421623176,0.6951520959168846,0.24049161681002135,-1.2171129979519137,1.3052846949902035,-0.42085355902652394,-1.750986970661989,1.6251679931138192,-0.21356872028147153,0.8326224450218681,0.9959232333480706,-0.2553069769594003,-0.32397485366127754,0.15215835662974103,1.5245996992370532,2
-0.005890560181532364,0.2581977809110174,-0.11752202859590924,-0.08441484624303465,0.17312897198078506,-0.01819730999764467,-0.0002579577420085133,0.09613356644387218,0.2216533217388506,-0.08076739997039936,-0.07487184110029611,-0.1524532074026571,-0.0010785247849388413,-0.28066711835137403,0.011873762326666714,0.12286975614048626,0.06388535337220558,0.03453668707553711,0.2059581399021694,0.15544625452255825,0.21406541381808716,0.03972736509093454,-0.15089713188146656,-0.37843025843987615,-0.09201428846908186,-0.4048138406162876,0.033864911853957666,0.053843908473556676,-0.05384511012486932,0.14023823911213842,0.14545861117903713,0.026021506802456136,0.25328069800127423,0.013834705168082722,-0.1755468434308952,0.019895406277954265,0.24723690879977792,-0.08793215907977452,-0.04861225636484933,0.2081061844397439,-0.012769551337176617,-0.1981611844624234,-0.06674998565450772,0.006324892778788864,0.12254943314404404,0.025302377186006537,-0.0516902041594802,0.23300569704440335,-0.0346178921823999,-0.18941265302611127,-0.2082515893720914,0.34679003069266484,0.28038289025494206,-0.08118786747017732,0.035563305231275114,-0.016102074797884506,-0.24956237820985944,-0.18093182620406797,-0.11015830132708669,-0.08982992479970306,-0.12884479635878185,-0.1528083356990401,-0.06445761081636964,-0.054450370761860274,-0.15247444430790108,0.05635263496248586,0.06089438090680174,0.2398709235234208,-0.24496891843195412,0.1378603652854207,0.06665097135773188,-0.09491614741487238,-0.302312455667948,0.08777546627700476,0.07091446511835736,-0.06593199515567846,-0.017607834562266705,0.18774587341826895,0.07851491744404598,0.007811967618296967,0.1201679070934904,-0.06098826001052596,-0.3354514405215978,0.09262674079503952,0.16452289414084656,0.12093682547740428,-0.050942934589980365,0.09962185296437513,-0.04866712870474471,0.09838244604943916,0.0920964728908175,-0.07362331701782535,-0.06371539051827474,-0.09723243033765946,0.25596380360257565,0.0479852165650991,-0.028985449366252903,-0.0016330304343979136,0.11199115036879059,0.07217996469087733,-0.12185823595313941,-0.14690842577587052,0.04419163568046826,0.02991141202896185,0.0026618931069068556,-0.9997225283199556,-0.4444520665546338,1.3236787400565644,1.3909218268533756,-1.0255585940859666,0.9044237034154836,0.6874207143549356,1.265966507612207,0.3841811518127602,2.2452878285839772,1.019576701605831,-0.006278577947072601,-0.5521802408421925,0.09016827071015764,-1.389076932716774,-1.0066069907638313,0.02409056163493097,-0.9953176518421439,1.0402596772477162,0.0032883334586511753,0.1087349687279122,-0.7377101564203836,-0.5791440003751644,-0.18136643842546865,-0.36909213149268827,1.0640885056780842,-0.9194136314158584,-0.845122008910165,0.05538381890102716,0.16922929962393904,-1.0255918851833092,-0.16745569874863944,-0.5771068042446013,-0.6986403789467074,-0.1429543058548417,0.9038399252851661,0.47525218520139056,0.7766197005683046,0.31659311223397096,-1.3348085771308424,0.7377838210610086,0.07257793028738027,-1.439953937148978,-1.2283486794970224,2.072266064182084,-0.38412983539848794,-0.6233106744559171,-0.2077815742218374,1.697151919097075,1.033326800910999,-0.8036910392602903,0.3261491498164247,-1.0813153634374335,-0.7351267628515779,0.19052485612132472,-0.33713779756945794,0.1755348382313395,0.7078313075697729,0.21388921749604403,1.173809255290264,-0.365152813909347,-0.46497250392202183,0.17989739522509482,0.03267595488774617,-0.9639298083030062,1.1335608688070864,0.7548947032716079,-0.3847955606441947,-0.12023998047045924,-0.5995377040726576,-0.3275565001384103,-0.7430666460098893,0.37869525968970735,1.2766416260068956,-0.268414319410398,0.13964107779264565,0.9782371651736962,0.09081274078297694,0.482558210457488,2.5352313577476684,1.172671780715526,0.7178964428683265,0.0859028563078202,1.189096423161212,1.135284093576972,0.7411822744994595,-1.2124856423336168,1.0998858733037145,1.8798846785055834,-1.6025272683971714,-0.22696970055721147,-0.8177690825253859,1.398891779385231,1.5955084172524787,-0.47878384978605476,-0.7974937758997835,1.0717764882921912,1.8548900088472202,2
-0.04544991147027831,0.27660160308035076,-0.20468498201215235,-0.20616675768738613,-0.023839701176158405,0.10654232398664974,0.0541316105437097,0.1769800405056644,0.2281837911751167,-0.1581968682775342,-0.005605138188361472,0.034321751351993786,-0.07696459192462309,-0.28446498326788755,0.010673664269732914,0.13651053540273939,-0.06555737789527392,0.057229625268827404,0.05489297332627547,0.059821513102207756,0.1922745514043282,0.16099317283234635,-0.029095495796106353,-0.27749615937631356,-0.10568282868619913,-0.5012416240178914,-0.10734564600375808,0.0680661297098037,-0.07517749997534381,0.06635884653439814,0.1863790497438592,0.020196613704452568,0.33616841395093366,0.09588768152124817,-0.2049006154878503,0.002843698197937157,0.2046122601129956,-0.19504605289916377,-0.08549990734019267,0.22573709688634946,-0.04115286720127748,-0.294038544060792,-0.07086929906873941,0.05179788596801969,0.09326764169180189,0.009101141538614292,-0.11320800877626709,0.24483574695681096,-0.11315178677181392,-0.281991950804466,-0.13710520729426526,0.2996061889636351,0.19537308233657116,-0.08624527863649663,0.11391524557948338,-0.03162005002093774,-0.14024450495163415,-0.05557760082469094,-0.13686405514216635,-0.18195011089621407,-0.22172086376260397,-0.17942250434057447,0.0011150437287651132,-0.14468914935598118,-0.15951587304154222,-0.09094616187974074,0.022530223201006623,0.16079949573930113,-0.3122220907491369,0.05084905821313088,0.06326568516627545,-0.0697474310388718,-0.21061353323906437,-0.10402997826902427,-0.11436682403420047,-0.0752541496119402,-0.06566032362350421,0.17902940323430597,-0.03353370443518313,0.012286581640759131,0.11297404502011277,-0.09480327212519832,-0.4368135316540825,0.10671467457039374,0.19238387593333187,0.119230002023461,0.016113711460695387,-0.01493070356598446,-0.07972396197317513,-0.0014987885647841722,0.0762561087026601,-0.07144811336164984,-0.02365175338947792,-0.10423185558376569,0.15552184790111998,-0.031305860834811544,-0.20038350139645514,0.038092863797757316,0.12106788594169726,0.03414327331983088,-0.10231239244303418,-0.10886688013413366,-0.07129305352676316,-0.0680996273768399,-0.07287463962172713,-0.2787253348425628,-0.2755335410123682,2.1850500254228358,1.7251321359231389,-0.750424078812267,0.5532319875782887,0.40457441089473756,0.6072768303644466,0.22784492939615808,1.8956330998128883,0.7001090834292288,-0.5136514367233846,0.11922316104615557,-0.25215212494414035,-1.7424722138247755,-0.5955190122891244,-0.5427613822818356,-1.2644900535288948,1.343238703728027,0.08850016062701684,0.06976553353368171,-0.9849989323351395,-1.2604548326110205,-0.18893200935861332,0.21942780024594488,0.5877041213659806,-0.9378852762031892,-0.5272927035523155,0.3681154839491434,0.23536591977509758,-1.092319041676699,0.014093628588708499,-0.48791790365191207,-0.247356629403551,0.23881343559272317,0.9554838301269837,0.3327958504469516,1.2638947338200088,0.2663727668242938,-0.6311182656217504,0.7907142962691694,0.29760910919091843,-0.7195566547191468,-1.9326161317954162,2.237218991421125,-0.1487250124106652,-0.5273136695625187,-1.3478040750623899,1.853969908177636,1.6857036670416505,0.581340684436993,0.27577303723891283,-0.9570646277945879,-0.3807052988471767,1.8678384554212581,-1.0903326331265693,0.38099219738070716,1.158089586148967,-0.0033701050612368675,0.9872791234638324,-0.37885770706692684,0.026352647217234397,0.14414069379893965,-0.27686776350095266,-0.8642668109581804,1.477820078660859,0.1961674301072853,-0.693375683223256,-0.43169602425770903,0.010313494404930929,0.7385009560008085,-1.0501011056135305,-0.15277195429599286,1.9584638384107225,1.9850537337768628,-0.6194654155945497,0.45188512979220474,0.34809294227129683,1.998694112691806,-0.08845920368947839,1.2111510097305815,1.512252413602999,1.357639214250952,-0.8448209818878891,1.7190597597212665,1.179621405895494,-1.415057932077588,0.9596707538581678,1.2523437414117293,-1.84366915059676,0.10166887307555815,-1.311171230975374,1.8044908776716255,2.3719108637597413,-0.8715105271216886,-0.9150920975618905,1.6217479897495934,2.530106075323161,2
0.034409374840422315,0.3476277300963851,-0.20164025968202248,-0.38934585765633206,-0.03936378348215491,0.12603935005496886,0.04793132824903711,0.17655335226442873,0.23413430603597088,-0.2684264121834244,0.04752905109822309,0.025678137069593328,-0.05465533784352882,-0.36092624114218275,0.03785931730336024,0.15483975209146136,-0.022444618334849488,0.11437567462571915,0.040437765836598485,0.05116675998011764,0.1790349415158531,0.12919970187486782,0.010488355907424488,-0.4067905922779431,-0.15119581455789866,-0.3996228415670865,-0.10463040933063157,0.030357691711233422,-0.1411592650892498,0.11348454639577861,0.3162680861278668,0.11881711466185849,0.3581710468302338,0.17983274693842985,-0.1126048983045335,0.05956871114818205,0.08756018983213844,-0.23034041333054453,-0.1525370288227149,0.28011331252434285,0.002785872926904682,-0.2767187923125315,-0.009045984396342618,0.08589338009267722,0.2111574768222558,-0.048803837067461144,-0.03446967602977008,0.146119380119132,-0.09597769606812433,-0.2707207191180042,-0.06008784459316581,0.17715729048450157,0.1527299050852465,-0.04967043734513476,0.06595623652473591,-0.007731571817543649,-0.17474972511734688,0.0030670278622558227,-0.18150265083994493,-0.22701713077875116,-0.18021419573105368,-0.1728499154301436,0.024040656402461433,-0.07003736350584512,-0.12830789390194428,-0.008457031393709832,0.05247860673625999,0.1225578376874766,-0.28625492446426803,0.08466083889499908,0.09907219216275806,-0.03264001909669282,-0.1855540591806239,-0.021566291687035617,-0.0616581112306493,-0.11642270568567134,-0.02580774965399978,0.15338833795408055,0.0022057633006671773,-0.008490081476408657,0.09499530593896024,-0.028120649497880425,-0.31785527412906495,0.10816152645185123,0.13849740496972887,0.10490212052839572,-0.0005024060749257387,0.009268195701291457,-0.13261851465723168,0.11643487337720759,0.003865094437872917,-0.0015738012158738302,0.08100212164446502,-0.053386496508792756,0.3025975644327738,-0.0964788579309403,-0.15637981405336365,0.0958359327472891,0.17616277681886522,0.02390903979424777,-0.059116568929827765,-0.037845913756516955,-0.03514515083151139,-0.05709715489438664,-0.10984321561528451,0.09541986428260046,-0.07960669152388591,1.9020562764127091,1.848808175376183,-0.8877830805272279,0.6371824822017029,0.4746561830949132,0.2704171330026491,0.5690485193318957,1.2765945914962906,1.3419610125176478,-0.5036623819271515,-0.09634252001387696,-0.49983890295454153,-1.7328649936833473,-0.8077067162270937,-1.0418477340721042,-1.4261688005595166,1.1402856424551504,0.0158160525156912,0.5412183987323371,-0.6442503016515343,-0.8306164227768381,0.45675565142060115,0.4487249518406672,0.0942332400479914,-1.0850035470233692,-0.6382498084394755,0.2764796411408668,0.23322322283552832,-0.08774601690513653,0.016069753840472236,-0.4013935798331714,-0.20252667172022978,0.13003484828831804,0.897403279893796,0.9683557481694864,0.8160926511415375,0.47993104352433813,-0.6134176700637998,0.9190884000356532,1.127969323449992,0.4551405930646733,-1.2217765269987142,2.0261936521782675,0.34949503065272564,-0.6620212201683274,-0.4420538229186758,2.1706307733265398,1.881242161202186,0.9628250261269711,-0.8782801389964646,-1.1069270034844993,0.12882301345370736,1.332386671874962,-0.17086008776699493,0.19878692690292862,0.7324656401425559,-0.9696279209928708,0.8722450668746076,0.446595287509239,0.3937433723986179,-0.5945603173556511,-0.8552079008519035,-0.08247117162954028,1.9437500388115554,-0.00013540878801879377,-1.1281736424084476,0.6018553224486026,0.636233436762043,-0.8373102771541179,-1.056391651838631,0.7416797840592011,1.909179406712988,-0.4100606173319446,-0.8312657519046547,0.8761712479451412,0.5379065890376413,1.1382734890348922,1.0221615029567184,1.2651892970296625,1.009374739318007,-0.11208501946951871,-0.2139483523738527,1.8948993209458127,1.1548608598313839,-0.7757811237229459,0.14106282826899316,2.227085245764448,-1.4813446321908625,-0.7030357295381179,-0.6134533290638831,2.012283082382437,2.3959145094407,-0.889384650670267,-0.9030685152213336,2.1497160177170547,1.9581584248806378,2
-0.030104105618995458,0.3032062492105209,-0.17712219314919744,-0.4568610878518781,-0.035006223272661806,0.270935244929714,-0.028648484809820973,0.0815193108682028,0.15126534552583557,-0.19363216985207085,0.13452665024416502,0.06715551210730038,0.00508072581826415,-0.29457798936994206,0.0673256533253465,0.16675949292737102,-0.013875608866609228,0.0983199584636279,0.06843477575357441,-0.05564380494424889,0.15661503134076488,0.05773326160421641,0.050734818701339654,-0.3771554971951035,-0.12381624133058296,-0.31208591060695057,-0.03619230380925521,0.06238898781605067,-0.12719699560490394,0.2389766271564256,0.26178303405911824,0.17916372477042802,0.27643183199034105,0.1294026765593373,-0.06925800248274379,0.0791151038562101,-0.015439963652338297,-0.30229084483106294,-0.0976090874100591,0.24778703962997284,0.04309728731453342,-0.2503641477923239,-0.04060253959852146,0.13350100324044775,0.15735192113956067,-0.040457004583456614,-0.04687363517919097,0.09129279495061972,0.0070560045269645365,-0.27441809830479147,-0.10328032250396198,0.07737039021956148,0.03931024455505035,-0.027271444945297166,-0.07992336933047567,-0.034185593653686216,-0.16996082942111648,0.029415193361177188,-0.070176298992018,-0.255449167785275,-0.19176137906229795,-0.056101537340090143,-0.029191039300087502,-0.0323689645740613,-0.20866431419724507,-0.11631193747476425,0.10011053905344541,0.012594812154009531,-0.1727012939258157,0.05678255842243018,0.05805963657157126,-0.02260596283297204,-0.21095244986752615,-0.018532127133156714,0.018819057513420653,-0.14548056071261406,-0.08001223785167554,0.24441760819672403,-0.017537567311913003,0.04671509757628937,0.06807769472703268,-0.15883697851004305,-0.2805607479640771,-0.00841092012478317,0.1825461281112402,0.007330389234690769,-0.03752169973079757,0.094770366912811,-0.15524887916229868,0.07178020750596756,-0.017898899281790292,0.05541562345133126,0.1369031545029707,-0.09717245331265648,0.2596545012398678,-0.14876228761199004,-0.12817004694259243,-0.04160610567037672,0.22102986659294097,0.14177783582757872,-0.14519861288671318,-0.09115164492105482,0.00434550026897977,-0.1217348881763252,-0.04601771942283712,1.778423329407663,-0.1873897371130695,2.8810465680185238,2.8845027451057415,-0.9312890344456809,-0.044117449331493634,-0.13816053494887,0.15685574493943652,0.32974379727666536,1.134795043083492,-0.31622780364017133,-0.40375048066938274,-0.5970545691069274,-1.663581022622835,-1.4274845731917123,-0.35827944624386293,-1.3845364850857296,-1.2909180079612284,0.7570878383814184,-0.3575966218075163,-0.07864583999738256,-0.943161893031914,-1.315255162465542,-0.019285609417653848,0.2696118254779561,-0.2530814253650028,-0.8493698153833855,-0.5867748043111798,0.45874597450404714,0.6933279128579061,-0.06142623949971105,0.2152574557948385,-0.08259618435266033,-0.5351364746824805,0.0860690826435376,0.5095836763243988,0.04648885817913608,0.6623959511303283,0.7066843809937966,0.21481368640111312,1.275465557720857,1.4567131630381684,0.10561271408370836,-1.3555523963033271,0.5961920878459902,0.5663786486517296,-0.09479327185486751,-0.933630819079817,0.998918518316703,1.6462754050444073,1.1336936158360813,-1.1258642987633631,-0.8446511985503674,0.24160222673214635,2.593679406428005,-1.0538286699376507,0.01846939555744627,0.04386004017627269,-1.2603676452792012,0.41390143570513943,0.18223107121308602,-0.3399223900028354,-0.7171367564522828,-0.9398869209634475,0.2919275021383476,1.5643731017716647,0.12213431644003096,-1.1337428033093349,0.2983981612540734,0.3894957866998587,0.573850727127055,-0.2478170525222915,0.35322188121880127,2.1424893322371945,0.9357896087710995,-0.21716080585079228,0.40125884847720295,0.6849946191628424,1.1065553519049458,-0.46624117795819564,1.1783161422931259,0.28936533831791356,-0.28193637333286,-0.7060489696055944,0.9514325585272874,0.867192352657345,-0.43586360241381655,-0.1468573950069198,1.569118221660298,-0.9979186108730087,0.09117556577568954,-0.9758273055071905,1.199267939950034,2.1613539651571645,-0.3629366386737746,-0.7458131987685692,1.4573134114902755,1.6571592104987147,2
-0.035294275898969836,0.3189858646466557,-0.17050597848006321,-0.5067508980134646,0.01069102951776937,0.3486102374516025,-0.08281697922116915,0.18350126111503876,0.12156123234234156,-0.18113830457276278,0.09101106331911263,0.02410149013533483,-0.010659853600478988,-0.2474753893863212,0.09523652852522625,0.18673732051289155,-0.019659710581616564,0.07078881851816538,-0.061823960809250164,-0.18248058986440538,0.09007128474832764,0.05757807906958301,0.07202014367325418,-0.273461178233273,-0.16404699480816773,-0.30946319922485205,-0.07037988495040434,0.09014493111231307,-0.06700853258871452,0.2252913244035505,0.3065414353423442,0.15486564226306693,0.29603571573317505,0.07996867667653661,0.021348329077098438,0.004981682312647281,-0.007392991552617282,-0.27583688360788494,-0.21393970268453882,0.22176373211676187,0.027737151886820036,-0.22231730003577607,-0.17785942480720696,0.14133864010630776,0.14307235513886957,0.03791036154995613,-0.18116081555229344,0.07897109668653401,0.0428483920095167,-0.26992232752409934,-0.06414927986370664,0.08993770371557215,0.08803435939831163,0.01527046432390516,-0.07589171599208842,-0.016099575597298976,-0.09417800144827304,-0.04408423696962829,-0.12893955200629317,-0.2813215764826989,-0.32702259274531975,0.009023992492293298,0.00844662742968431,-0.022281453363484954,-0.17021282808043015,-0.07602152045831315,0.04668672970159795,-0.012149599195916327,-0.07352101656031017,-0.0038734864905096665,0.08998608740525209,0.00899071821369108,-0.17787330178415098,-0.03509811239038214,0.006157875057873432,-0.09337523322167081,-0.05379184007265615,0.22749135764120093,0.0027789050499320797,0.0643950830731078,0.04992939535613227,-0.18011436425271785,-0.2764732666948435,0.04243335932425698,0.2253476591808055,0.0032503564909079595,0.09163384368032684,0.1084133175576359,-0.12139552974769681,0.0519992044674534,-0.035015990919035345,0.07787061225525947,0.12814993004598355,-0.21774299643291503,0.18879594934035437,-0.16016318620357406,-0.15435108982340132,-0.08664886334845318,0.2556636481396298,0.17677320298073187,-0.05138209098665336,-0.07126979899402627,0.041931397905237665,0.014155999831288627,-0.029839611927975258,0.788547514197266,-0.3326713504388632,2.293596768273873,2.1215243102959787,-0.5073677317081288,-0.025964753248046857,0.201856603376664,-0.029565681665308652,0.3823517951260866,-0.981903007634107,0.14294976601058137,-0.6835197736782809,-0.5865493052686952,-0.9626772460641816,-1.2266517082484039,-0.18804281355568306,-1.080992032117366,-1.0090359850064108,0.9965876760791471,-0.5733825134663214,0.33933334773595375,-0.5646190854200773,-0.5514214451318966,0.7167086643599935,0.8814623463421829,0.045952233006083115,-0.26921490249364566,-0.23697987009581728,0.6822725970887616,0.46109455834116864,-0.04520021237937752,-0.12527920665413259,0.3770421274051938,-0.11602240252318138,0.1158374190696615,0.2978014676434611,1.5261507029567223,0.4208415698068875,0.514293260840359,0.2195933677537225,0.6649393653797678,1.3835436604927474,-0.3163343803033412,-1.5125829976163747,1.3242953541081977,0.09973036206266898,-0.05054920791098347,-0.21895182239823663,1.532358198413658,1.2812792294587594,-0.29652764472731946,-1.108291131154844,-0.20981898759971676,0.45870889834328277,0.6782855045222377,-0.10708954356065291,0.9199470711971994,-0.16755422887223367,-0.6100289607448065,0.48369497177951426,0.6157232779069847,-0.5503895381227343,-0.7462250922643967,-0.7201995708265534,-0.05520858075364749,-0.018133914797741853,-0.08264655782676547,-0.3207649635647679,0.23137086841890644,-0.07293574873369599,-0.4008550219652538,-0.45857442091412537,0.7836214344897215,1.6787214763809235,-0.5692393040040216,-0.826645867748458,2.237277833550341,1.238537095855242,-0.6254724804876085,0.43631981270122766,1.2357133255018216,-0.028656585747184295,-0.4072876041600056,0.2307608790178768,1.7471571097872651,-0.24105756785801585,-0.6938978133913898,0.09789561138823262,1.7058297793734776,-1.1233232486720608,-0.21103000899228957,-0.3912172598017725,1.639453892859146,1.5707196507919539,-0.5012610557673441,-0.664085230481637,2.2301512110921173,1.069700705399094,2
-0.0013092192530800811,0.24768645081931526,-0.08738622193754297,-0.4690356816943766,-0.011953637598010663,0.39585159087515387,-0.036085767184072456,0.19113032309500558,0.045825254277097036,-0.24968074140699134,0.029599679328374685,-0.04282421597782516,0.018254283843933693,-0.24972808413246103,0.07094684533007241,0.15969681404970065,-0.0050574176346923965,0.1120591973494295,-0.06581790493438303,-0.22075191467077676,0.09004745838812739,0.06750826654192224,0.14190045248593594,-0.1876358045633005,-0.14088958180299646,-0.22910122770851,-0.10407909969699929,0.030760395709714894,-0.05938502327659463,0.23629009478568794,0.27104550659833476,0.16448435509738296,0.307014548781053,0.12539609151232264,-0.04442945965985552,0.01570342004908027,-0.05098117711516164,-0.3591212343188521,-0.13471659432258049,0.21757161790566645,-0.02749154589494237,-0.3070274842997794,-0.17279474130989242,0.18877307825914333,0.06562263419990938,0.0760451353410594,-0.14546765534346423,0.13233441484828484,-0.12083433210451791,-0.1720989239490765,0.010810758500019528,0.02623211790719851,0.12550737755366664,0.03810298443590919,-0.06919577548977751,0.03926039245368914,-0.1321964238670395,-0.10898141631287822,-0.059330818175342304,-0.3285131406214272,-0.24848235814595002,-0.08438312387659655,0.03315249552809424,0.014506355090988401,-0.13507623809210095,-0.07398389027829357,0.07376641662746136,-0.04797893090889562,-0.08835879636451156,-0.02374914433600911,0.14679303320807036,-0.033703011898107364,-0.1324917167210091,-0.012476989409383032,0.04077319503113368,-0.17372826251816306,-0.02044692532772029,0.22167408358435833,-0.08952717686507974,-0.007420668028552975,0.039135242724629295,-0.21184097724686063,-0.20557694668024207,0.0343135194838248,0.30116616685512854,0.13080837262157494,0.044697919015577486,0.009206193835307401,-0.04228675346043834,0.009261014886219025,-0.05421261749144343,0.005707609965294586,0.08796168702262533,-0.13588433473078812,0.06398902860090104,-0.15710482715112448,-0.04423343878306356,-0.10273046933123377,0.249171361747708,0.1548469749939955,-0.038093439442994155,-0.052030080344901114,0.035751251929660846,0.04572026797263773,-0.0015839365359828757,1.233374025170282,-0.17345647987225263,3.024446085270389,1.6587255413101933,0.6737698244910907,1.1666976579408135,0.0509929357764807,0.3304093177119882,-0.04136231584380258,-0.04053400782268816,-0.04068885859406796,0.730290603493958,0.21875533642890382,-0.39998912813301163,-0.908743099038553,0.8913872072516522,-1.1484280742970525,-0.7745607201415359,0.2869762635801683,-0.6651196336101225,-0.18405079756962586,-0.5832468223112057,-0.7972559236498077,-0.5606288797591253,0.35814808741024007,-0.20586773637313716,-0.8115902768221421,-0.05143433792472502,0.6611221210192942,0.5243830564172883,0.47092624796527033,0.8559134753594566,0.5749020214537561,0.1276344345482306,0.4607028053189198,0.8362437594933885,1.520567375360749,0.4307036422828808,0.7960805476918076,0.4067806716952432,1.1632292633169787,1.8716233632252774,0.45290836764371195,-1.4192280399961945,1.0644102132209639,-0.02926477921231725,-0.4182681812574782,-0.827298139368997,0.9878334607039825,0.7977336646578799,-0.5747029936787287,-0.9790827840276504,0.03275860850576202,0.37204179794432707,0.8166456223411529,-0.2524256917867858,0.5035828446344909,-0.26505239777792006,0.3479502099714417,0.4258847405221362,0.42521075106587924,0.18926699893496843,0.4509486898962222,-1.3464423664476706,0.01456609168365402,-0.12769890406688833,0.5446277585169297,-0.9835487834329453,-0.2837128863734872,0.35645884757152196,-0.9053945736492575,-0.6566569119616151,0.5478128241667938,1.7369611166165282,-0.014707003833375629,-0.4116438713172995,3.3293945268422593,0.393320050825606,-0.36810152283523995,0.3590185495342674,0.13399292682746655,0.05923723246267927,-0.4201147777628372,-0.6227457279685991,0.9810437810628427,0.40087220625696823,0.3977794498737518,-0.2983973042149154,1.9706971940012017,-0.4547836761046914,-0.34577211397865387,-0.4826678662068904,1.2225616848252236,1.8009932646591087,-0.6831330479611674,-1.1037024962620021,2.37176136630135,1.7296334811748355,2
0.013939315450175419,0.2671644647807884,-0.049556692520423655,-0.4371368074321409,-0.15356107617532064,0.4111418091016314,-0.09707974503707109,0.149329242161508,0.05384787099269683,-0.11768862672119405,0.0009302225044495315,-0.0534554995283512,0.05375790017956261,-0.25896466924768413,0.04016765467673518,0.14636836253618135,0.021247171177201617,0.1034910217308366,-0.01994147522786963,-0.26636016716513816,0.039081671344854414,0.08422703786770283,0.18794796514996195,-0.1612927716216916,-0.09630691235101105,-0.23534158583640788,-0.07896867739304028,0.03447383554478304,-0.008211877403431316,0.2369781225937161,0.17665526482692145,0.18436900818988822,0.3774144174776279,0.166061500450427,-0.04188711684697126,-0.03093649930840589,-0.037818002705384116,-0.3405260249042373,-0.12503460172349082,0.13721774077549667,-0.036828738349182336,-0.2620903896240185,-0.11686410681050789,0.16273967221138871,-0.03684102045521351,0.0785298912565849,-0.1218483451918711,0.08014319004649804,-0.13547329851830758,-0.22678992117606117,-0.04259056807818586,0.1060056436517286,0.07555359783885482,0.14116158685845723,-0.07214163905023863,0.021133674923128603,-0.22844429574420452,-0.1789535848766639,-0.0037998677749586742,-0.31889487733370897,-0.27943698882394014,-0.010053104864156726,0.006984083239019914,0.10119728462764985,-0.21363278533138608,-0.12624303895364072,0.10037327080990253,-0.06093856473164951,-0.012999966470611761,-0.21802188915512213,0.32667650321676645,0.012113329107578678,-0.16824065927318627,-0.06602254776523901,0.08223760122573115,-0.15687697229417935,-0.04990006878443747,0.2353474080854591,-0.15304982501587414,-0.09771095737184367,0.012524986691927071,-0.19013762048183822,-0.23433374458080763,0.04147177935681772,0.23978844437163602,0.06207448662677311,0.1391045401332011,-0.02347283182919719,-0.05706775928918741,-0.034093966134016114,0.018101513379439292,0.10708203599775774,-0.010202588747122305,-0.10984790334627113,0.03812796515408602,-0.22486401575048742,0.020409511756289845,-0.031307953299151786,0.1887960393529155,0.07568903971565463,-0.036799035074238796,-0.05832391724194468,0.00015502174393195296,-0.007557308107070527,0.0081400386393393,0.9904539993868018,-0.3372242254143359,1.6894420487103454,1.347306281793365,1.1333016731416257,1.0559696734814126,-0.504358782497983,0.036901816842019916,0.2886213966643114,-0.502406977849166,-0.8249110705438893,0.8956661455974188,-0.34629157133739646,0.07196025472802786,-0.9293819902653235,0.4008611415944109,-1.3090626712863167,-0.5289050573909276,-0.45172250030745315,-1.1021640387141347,-0.4322239286715317,-0.9929964304358041,-0.7848677584168179,0.5252659691551622,0.26668293959556105,-0.8624492511151512,-0.2858851097428414,-0.7948030587012481,0.7754120506684067,0.8968210568251428,0.4420549519674929,0.69251273684111,1.065145777822374,0.4287316802633179,0.5010083837011496,-0.13296395239268058,1.632030032049845,1.114702356933083,1.0529136565245214,0.3027234979277108,1.0144370085453427,1.779872246193931,-0.6346463571024453,-1.257025420371496,0.5206656022812176,0.6448830095053456,-0.20890471360213445,-0.9619596175354527,0.8082470422451953,0.6696980525051898,0.632765378971578,-1.1080816621426435,0.19419115050290353,0.3573742303578991,1.0595525576821214,-0.2064802550374721,0.46783920512209815,-0.27699606972216984,0.3628207873506036,0.13400093267633376,0.4197134947537284,0.8147600070895176,-0.11067401644662408,-1.26319365219315,0.14255305275398886,0.2517153385690759,0.0009108569199538341,-0.3150617779741706,-0.6158128389935076,0.7996855267083655,0.8136152174750035,-0.6048677411756128,0.6655429717184513,2.407368921762722,-0.05580841020237549,-1.1971808953813299,2.2113145482239847,1.0074756883435052,-0.5740914593841933,0.11166853442252346,0.4772790569265916,0.40056518385500833,-0.15067641501752482,-0.4261403495016523,1.0295649391387156,0.4722691641281088,-0.9836562354098957,-0.2010909025888397,0.8686322139011682,0.42720071140811294,-0.5558977179192268,0.2504442312382681,0.8478926619263001,1.6631623984966832,-0.7077059547174334,-0.6903518183919003,1.852113650454814,1.2810447752675767,2
0.09762669861258455,0.18481339233219418,-0.12013552346386694,-0.4440781412884754,-0.10150787352210561,0.2973844523986426,0.025042458355655297,0.16572898022555,0.007072509678605516,-0.07397018048782683,-0.07439013986355152,-0.040817765580632645,0.005245709438498179,-0.34420524262482016,-0.009929885207271684,0.12589082142334768,-0.028732040513929795,0.10474220987028424,0.07463224877618797,-0.3561604520659058,0.09912614423924886,0.12207831237498017,0.23544399392414803,-0.1748837447601599,-0.2058308036844182,-0.30733313580985366,-0.14317576522058917,-0.00024422822868626673,-0.040588430495625674,0.2077950384787881,0.12286041719767278,0.2845590770018168,0.3908345088003828,0.01211408382371011,0.019166322159997022,-0.019846159181794693,-0.18089047137322814,-0.40719061558146996,-0.060476316097113604,0.02082579234072346,-0.03840228939423755,-0.3890581935476844,0.13005930475611668,0.12839067347310623,-0.236828966509057,-0.040438498672210325,-0.25228411746955126,0.017967094334385664,-0.14532977022704965,-0.24888612505331423,-0.045046021845361474,-0.12591785655537646,0.32443445307938523,0.12261618359898509,-0.09604102368608253,-0.03204890530426806,-0.27557044040828577,-0.10774555352674228,-0.027397083541765458,-0.19462146807859446,-0.2163176739690995,0.05955687224386363,0.09069513799796543,0.14892708739032484,-0.22748633790411563,-0.1452590677402366,0.10199838606931175,-0.14102639515959042,0.06596488839274581,-0.4175845694383564,0.2058224860081474,0.05268362638253202,-0.09118927655766118,-0.007729990775659059,0.08940526544667218,-0.10733709177579336,-0.06496902364715,0.2095164746179756,-0.043291416395055494,-0.2021256679418686,0.07925307801378573,-0.10199290919341533,-0.1315714300936106,-0.06633392458495938,0.24614005968632358,-0.08536571882255532,0.08106894237052216,-0.05217940018117811,0.027367494638290017,-0.11304318742209656,0.05058724578007436,0.1904657273366049,-0.05961692087120669,-0.059103280988822705,-0.024863119241231284,-0.32878800302521083,-0.05647083123822993,-0.1892626092871545,0.09326026982365872,0.0813623048858276,-0.1292864843833795,-0.1439287697017013,-0.07322542683032059,0.05109289955889039,0.05317043259546772,0.7599416143840692,-0.6892823973572931,1.5511647733159544,1.2203751936395004,1.2648931709800855,1.562390550696801,-0.453096295987964,-0.4539054691486954,0.17109015145681866,1.645531481791337,-0.7162417618945568,1.2254835216342403,-0.5086317076597655,-0.17856977123083287,-0.6254123466645752,-0.08892407084048552,-1.1571104729698176,-0.5956749450404498,-1.1097603577700172,-1.8859140649576005,-1.0826321498900768,-0.4914331012997207,-0.7320380151605355,-0.8531059612750043,-0.9377458453201458,-1.3579911290163866,-0.2815726498393571,-0.8724140186147521,0.32915991074320294,0.6921159518911223,1.171688931736789,0.3857129950998152,1.8055623659580526,1.2396329660135637,1.3134540693010128,0.5829926339958563,2.0060527493361584,1.0901901037846826,0.9794412430993898,1.0654520667782277,1.158807800595015,1.9861393784482255,0.12188211231259635,-1.1499743504988558,0.17793623590701532,0.8725750663390536,1.5078231728623066,-1.0494930438887122,0.7377106497762586,0.6621133951140412,-0.9016553491824411,-0.9573602278908715,0.5946590779614643,0.2624911722470798,0.09237102042786331,0.5838778398065769,0.6203178949831437,-0.3582253494635229,1.209736921904234,-0.4098925209824927,0.17485198782525604,0.6844114240138482,1.3875597642298572,-1.8031821273714423,0.2945307958374965,-0.23090646387353905,-0.16350910716109465,-1.0900202219637352,-0.15549266261600925,0.7240334154771749,-1.1286123618229993,0.14518203253191733,0.5605702777118163,1.7471266007098982,-0.5765364503669025,0.2571066095407421,1.2028027682979192,0.4090708317368522,0.5310105657029506,0.5410879205563777,0.2737490947336719,0.44590175783568103,0.4810720388302391,-0.8006584321326887,1.0014931526231265,0.5268722408677833,0.021070549857772413,-0.9465563562746383,1.301685837085705,0.5843545146042431,0.20224676260279298,-0.4909096342047209,0.7258904575944062,1.596645307154685,-0.01268354340121478,-1.2018910524712347,1.7068829556822427,1.2949066819251749,2
0.15427733476347635,0.06235721278869333,-0.09240763276744506,-0.4924624169441068,-0.08576647303467165,0.10506098855129233,-0.09218951345936402,0.04974072834085449,-0.10177254289513128,-0.1399860847212114,-0.04187100346757685,-0.07326506383482914,0.025198408949179033,-0.41313216211141124,-0.1731556474916869,-0.07147346130640277,-0.11829457802757504,-0.013424898007757542,-0.0828225099394464,-0.388811601075714,-0.0643105358994863,-0.0340528796395811,0.264563378007429,-0.062311613313147836,-0.24499805762315294,-0.29524352629534395,-0.16003151241171934,-0.025633417935137497,-0.01896757984470532,0.1280666949780102,-0.07239395376425936,0.17284361077819724,0.24100726649048027,-0.01630581124915963,0.05788658224038978,-0.0036227999255033128,-0.1973116262144104,-0.47928456771352,-0.10458734308093731,-0.09320512368030417,-0.043829224405888795,-0.4004463891846904,0.008050993413478622,-0.02538916060270991,-0.2727674667474132,-0.10681450219221279,-0.3391351500112256,-0.018047861591169244,-0.2048244784835382,-0.15505489952992893,-0.050896079405509345,-0.2541855257954294,0.1874052591328813,0.007309500991676337,-0.03259487169631472,-0.05528652475228023,-0.08823106831716236,-0.15428956702702165,-0.08356144914996064,-0.209012212158749,-0.19061808111699874,-0.03066793387434418,0.1230285253756887,0.10285826990157984,-0.1448288915881843,-0.27573356231062995,0.037562143632474065,-0.2466647568555191,0.1652009090254068,-0.4227727479218353,0.054071903869930764,0.008320649259586761,-0.14618500177807148,0.10225609210068927,0.14769090315842254,-0.20465465689965978,-0.08073468156646754,0.21508939209733144,-0.053123744487962546,-0.21033061820754922,-0.09009433084779327,-0.16153789969897012,-0.17547885804877836,-0.10851539463257648,0.21264119852717622,-0.106603441268807,-0.04730920442721964,-0.028107046223429133,0.040334136106724976,-0.1839760174648725,-0.08037979115142421,0.0955431506501517,-0.10978631636988755,-0.022692316332873164,-0.022712409871648506,-0.20695777353044767,-0.10301780138356334,-0.17600958929902086,-0.06472428705015441,0.12867912120238595,-0.13374968306686305,-0.1081159598580843,-0.22763741939387394,0.08685244913166458,0.07048967024526516,-0.27547540261133713,-0.6938079893102507,0.4323194636840238,0.531605902269196,1.3142021515550857,1.1851206249919901,-0.6256939327154012,-0.6336007116250174,-0.3853829685672251,0.03304819882924345,-0.617149823902356,0.5115238271723738,-0.86960632114684,0.7037685980471277,-0.7167783572157722,-0.21479102964880017,-1.1464505848418156,0.11246455530179676,-1.2020208126225895,-1.724879125416333,-1.2218280157947934,-0.9490221293108834,-0.9510939493095613,-0.13926157269726505,-0.809590979809676,-1.3346118444189927,0.42315439709993713,-1.220197645946886,0.4977689507341623,0.49384720848066077,0.6799996028245099,0.2514309315401162,0.9143623341337141,1.0177775317257352,0.3050130860631996,2.5202749651375096,2.763038169622223,0.7287423810382185,0.4093703871872201,0.5330901006073019,0.5925861011737443,1.089452067512174,0.25170011495982164,-0.3803030047567172,-0.056610045197038196,0.7054750068551923,-0.49162908824504364,-1.0344116816280262,0.40800364247720217,0.10072845974607214,-0.06321229125839259,-0.5977500681490175,0.6196658832411697,-0.11755677689891303,-0.30707281041532714,0.6446673547266438,0.4166370301811564,-1.1293748937367902,0.17586264118147052,-0.931197600282194,-0.1685753176954069,1.103987225534539,-0.5835465247319503,-1.3483749399727984,0.19092688400020838,-0.39966726515608697,-1.2048006163115805,-0.5266173977879592,-0.4888203741992296,0.803858320789136,-1.0568393784320718,0.17672650299828493,1.4509689822010217,1.2155297816299204,-0.566995115294061,0.11744810040324845,1.5320352424406964,-0.3069609436192827,-0.9766831272495411,-0.26533338652239685,0.24632779044438682,-0.11395141967699703,-0.9141103872798767,-0.3936244657801014,0.5748827126927447,0.039031653146608496,0.08961596999377985,-1.1240752162907657,0.5907147538308387,1.0988034529580024,-0.9182384461934043,-0.12723513635665168,0.31344994555766403,0.9824291251014151,-0.5221274215733162,-1.2522630794752285,1.2440823520659026,1.0299759118804637,2
0.09136005043310544,-0.022600131669467862,-0.049854244464218475,-0.4237624524161433,-0.02261878808256293,0.0583517085698237,-0.11240871760274898,0.031897215193881424,-0.03066753335583683,-0.1754104586723678,-0.04233168339296001,-0.14679997202106365,-0.010781036013903053,-0.42345071304287557,-0.3013877639851062,-0.1381388192961052,-0.14508110055715132,-0.05362301168179103,-0.07628710464755294,-0.38756428309869606,-0.08134675429406128,-0.10471899964193104,0.1853297482611933,-0.03745192422852831,-0.23562186763428264,-0.20155333373371934,-0.12069562582018137,-0.06738612446277857,-0.02760307475738875,0.14462124925817627,-0.08557444500386563,0.06154790553755042,0.06925912225961364,0.009246270018278966,0.08967997211504658,-0.037738550624428144,-0.18862985120391487,-0.44531157667415827,-0.07923666539409702,-0.1541337764157016,-0.003082317435882977,-0.38414389573104785,-0.10608464029441696,-0.08109759996546881,-0.2246775581843897,-0.177986260022945,-0.2273886752770111,-0.0886749836883269,-0.24782703272412832,-0.11225430727630054,-0.14263616934645992,-0.30479541088551115,0.2119599418701734,0.07532902617553751,-0.042241655273777295,-0.04595134373868216,-0.14119522460438935,-0.22159938415145755,-0.06768898900570894,-0.17568907161294164,-0.12250662486233205,-0.17946822827110404,-0.018219625031839208,0.14975669852349782,-0.15342488380672484,-0.27707660422860253,-0.01090429418710973,-0.27300014305196835,0.032564294018876096,-0.39443977587580575,0.01455948976250372,0.011799735941837407,-0.12286680925022515,0.1361787458532562,0.11557283621438169,-0.28491917364439134,-0.008099364031694794,0.2635400136021227,-0.015498655349834835,-0.1614125484077593,-0.11462462342767278,-0.18469400721059392,-0.11731959428751894,-0.16311911974773227,0.16431801095676823,-0.15009703092372603,-0.15741583487064364,0.054937216112206186,0.048073551957487866,-0.14208835746377826,0.02172514631732075,0.05081742933042144,-0.07455923300661807,-0.08426790968873742,-0.025020847120550013,-0.16635048129609614,-0.10601217291747153,-0.2523470432013572,-0.06690177531291205,0.15567683011534716,-0.12995867449434523,-0.1458751901934444,-0.3085569514658739,-0.03145140687574406,0.0876174194338877,-1.1260380724080303,-0.6737054230454582,0.7161127278308458,0.01848147980034508,2.176936693422001,1.2999412386165439,-0.3885038775309357,-0.5039594678312374,-0.3813568699259312,1.1065932438652903,-0.06056478694495792,2.027446813372463,-0.4692370609933591,0.9443599499158932,0.08911174485795584,-0.25228594883485267,-0.5954652747644475,0.0002610416463874382,-1.4121406982318887,-1.363408315622603,-0.9438395748722922,0.23360616144310137,0.04149271288735339,-1.2291632864147168,-1.0559795378058057,-1.458054918698438,-0.44803132094262205,-0.9400681909746346,-0.024607192832964215,-0.4514827815558384,0.4305278579281366,-0.14835870200349952,0.4834701832921945,0.9563787631933267,0.6210250211856705,3.051177860144996,3.5296994300732374,-0.004967318335907837,-0.49164543789127974,1.331375893508719,-0.10978711654947344,0.6830184209132265,0.020902310742833535,-0.5589557432633625,-0.13719715077728536,0.43690572960746193,-0.752988837793353,-1.1367870565211462,0.0049952946406155935,-0.49084880401451064,-0.3728347681529065,-0.9632007774104012,0.15889379488412994,-0.4019863959337452,1.161531237854513,0.0865322298060878,0.0836926778559754,-1.5051022780191208,-0.8323839046162614,-1.2627633295325946,-0.4461257693063191,0.2580282174138187,-0.0614872990688759,-1.5048592664744274,0.03804406253223828,-0.6650136269943094,-1.1903583906409942,-1.0837659049286494,-0.34160681101699997,0.1141128973131914,-1.3880606971051868,0.4237795620170335,2.175845208971807,0.38633089044679264,-0.8991098513843526,-0.2413674224179564,1.6424940490426396,-0.7591493591648028,-0.9052560870173461,-0.1683901913974796,0.4378612523941061,-1.0531765485929991,-0.7596672099348792,-1.2638572363567373,0.10565872308712618,-0.4758874965272271,0.046924006857141376,-1.3288534635889027,0.7048384791582258,1.5071895061536769,-1.0988969286318149,-0.39166983038591585,0.016614955843700843,-0.25694009145713476,0.19328059297796363,-0.9137655513096279,0.5612659126969838,0.24441587806700432,2
-0.013581911046005552,-0.09456506462502841,-0.08619012712641128,-0.2895845033132605,-0.020537831890324494,-0.02275606601620055,-0.10779550660161752,-0.00710974522940234,0.06483296200621447,-0.11295405629444834,0.023900577977985824,-0.10025504294201111,-0.018176736533421667,-0.30943173272125485,-0.46366565697010803,-0.21793547503107083,-0.28116389779386836,-0.12108402322714303,-0.14607778146470557,-0.4297559839110886,-0.26996409343180083,-0.14145823884663508,0.24774744555823636,0.006649635023323791,-0.1850760217415776,-0.1535049233976219,-0.07513211493543592,-0.06557041815656342,0.005442498642468039,0.15344820082038646,-0.23098923460955084,-0.06077333454765566,0.09576839717604477,-0.14745533945919928,0.04853003522394901,-0.08615657613768364,-0.15224603848167126,-0.4670200111764987,-0.07675583786124883,-0.3481622971006307,-0.012016423732423119,-0.46671289425070445,-0.1974154740200029,-0.20942939260997254,-0.25116835685953115,-0.15089489535790748,-0.2601326290537751,-0.03415804899710761,-0.2494576439489078,-0.12336763097818318,-0.17353276127592265,-0.18548518832136535,0.1785159641799343,-0.021875556481515956,-0.15353713921502996,0.0002447826615746375,-0.11287335412009984,-0.26330521133920165,0.03760037622006885,-0.2762926727479647,-0.13463169818334136,-0.3454283511342369,-0.14553326018258217,0.04027370871524983,-0.1510744412035988,-0.39896709484259796,-0.055726563132643424,-0.3026424352571237,0.009835467841288496,-0.37046710438231156,-0.1601528092074196,-0.06876549380169296,-0.09437876257957195,-0.019429957528020098,0.07167494627314956,-0.2547856795327204,-0.053746692393113304,0.31404479631495286,-0.04144421867449521,-0.2673229503501115,-0.18688996090990434,-0.15403081876009833,-0.22939597329533182,-0.0839140607801572,0.2019203610713442,-0.25224060353530076,-0.2218699367650893,0.11587697634887462,0.016584960222569098,-0.15686160782268824,0.02975791335025293,-0.0462424137815305,-0.16551383484081528,-0.1557867482026325,-0.14841222573067436,-0.21584192046827588,-0.08809206057231396,-0.39753048477423075,-0.08767365175146381,0.1288078882986733,-0.2202260408688724,-0.1018236452714631,-0.4122094153993166,-0.16916398798927887,0.05888516822334945,-0.8902500659321734,-0.55165574050272,-0.2085053383727552,-0.4960246968006082,1.7367209188594293,0.860387286886831,-0.6280568030729192,-0.5069148076856655,-0.40877062307686685,0.6520409632307401,-0.6397190989895561,2.3007197887534985,-1.0272699768698608,0.6262101891625,-0.3532318126005833,-0.5055279734126963,-1.0672633223107468,0.04853363076267548,-1.496549941704842,-1.4807803087342335,-1.2883965156991253,-0.31205004350371296,-0.5153414936428008,-0.900322923494048,-0.9050492142575548,-1.5108805488867738,-0.2979914301572477,-1.5045128247104533,-0.018065229552317083,-0.2023096836380181,1.293313311389644,0.1052926774093034,-0.5264877642120542,0.24679833412922755,-0.5356193235227033,3.0240693760685917,2.458108222186391,0.7612235031126927,-0.4547415634796423,0.43967961293207697,-0.08183946011983964,0.5964507126300949,-1.018714068159387,-0.7443452144491497,-0.7183210442729264,-0.24269776964409737,-0.8212744192233168,-1.3601073520373377,-0.7493987093869058,-0.8272038314293357,-0.15624303343212534,-0.44794599392042983,0.40846472228307446,-0.16273305176137964,-0.9314397011770834,-0.3589852942219184,-0.36831240934372356,-1.529772145722604,-0.378774019838191,-0.794008282867597,-1.0813085795988604,-0.13908783701071223,-0.4382756721473972,-1.3288290177835143,-0.30943538411545407,-0.16613802131803823,-1.0247914755488037,-1.0877970351788626,-1.1287569586556316,-0.44347938239941737,-1.1876918311232751,1.084662682496824,1.248457281011433,-0.00957904585196734,-0.2790989992641096,-0.2649108451061696,1.8328696273179974,-0.27171959641250454,-0.6141338727202147,-1.0024252720474505,-0.30254602366965316,-1.0657606773479684,-0.9598322961547683,-1.4461425390277152,-0.5585879578203797,-0.49047643008312874,0.3101503863315026,-0.2781051491796313,-0.6551847868912226,1.2463533621060856,-1.0867381120216497,-0.8241925291968951,-0.6574722639157777,-0.6126888606357133,-0.42340480155333154,-1.156467280602032,-0.1602512347710055,0.06166260521836174,2
0.06284518621510266,-0.07844434072449545,-0.1633770102609319,-0.1748565764024977,0.0055783393704793,-0.05085441477629081,-0.12517660726218782,-0.008448924408259171,0.06631520333704742,-0.1952697764479003,0.021207354479654057,-0.13246054934586377,-0.0215448446033519,-0.36854837899813336,-0.45617656268593443,-0.18592057190586037,-0.24122109266359576,-0.1839423697767384,-0.09666984813941235,-0.26971321269241355,-0.2792719827964939,-0.1669454510671539,0.19530644536262148,0.020934377567268483,-0.14197805951169118,-0.11723961535609655,-0.1396523583182851,-0.0026305216458527535,0.06835240143681556,0.1585408249738135,-0.14732746671516467,0.0761698878856697,0.09717050540314753,-0.167937268825656,-0.04711163078358497,-0.09282935523398189,-0.12312728643267579,-0.3341578349604086,-0.07625024101856347,-0.3234724195202258,-0.0031311463139654344,-0.36299381854975066,-0.0588703612333732,-0.33760143858385544,-0.22884003771339598,-0.16385029126332687,-0.21335432240347613,0.06277782457197843,-0.3100935699705383,-0.049191805662539695,-0.17529603038914435,-0.19752298078152583,0.20049699301114185,-0.006330557718398984,-0.08492887663876429,0.005655818348029463,-0.07665114416778976,-0.22358080634001448,-0.03841005650917739,-0.23195112869168408,-0.0828860124439586,-0.3054433937989541,-0.12701907660311346,-0.0418704289368367,-0.12300932411515865,-0.3495790225586869,-0.07577350288410625,-0.22600062756223085,0.008066054855550554,-0.2668194132767237,-0.12905664011835588,-0.17242620840479028,-0.2012256011359904,0.03829707581421427,0.059223057909383224,-0.08730049629738205,-0.025265097405894044,0.29319324034332417,0.010903338787538915,-0.16962450554799877,-0.2359225073810169,-0.026263144268730155,-0.3115219161555115,-0.05550337988651048,0.1758987234195825,-0.09203693073825768,-0.1728464898426114,0.06842026262147123,-0.00975779881842757,-0.08699548114949111,0.14461342245390904,-0.1449356449184251,-0.17162873939014678,-0.20809049115799225,-0.2027014270900928,-0.18583309899633405,-0.16202420919277274,-0.35488990758034084,-0.12127262061806833,0.06268572943464772,-0.15041999998691893,-0.10061560690169957,-0.4755894425206841,-0.18047081051123795,-0.01617954020753287,-1.2860751763509277,-0.7709168158271347,-0.7904864854267528,0.04428328986504301,0.8536160546195849,-0.03428917543065494,-0.6700779992297374,-0.888683084336641,-0.34903469510754526,1.6467870796019695,-0.7950151465410651,0.8326228897174229,-1.3820577701128105,0.12835558158653998,-0.12460546048105486,-0.914009170741353,-0.7975040641362121,-0.04782305652775857,-0.9741838010207254,-0.8124318221673033,-1.0784565515690319,0.5781993029716898,0.004681298561592963,-0.9909435496428783,-0.4722048435394093,-1.3406606078250416,-0.512300744086149,-0.6680842854878981,-0.5533249844830445,-1.0651540383564169,0.9051793764049118,-1.049148413264285,-0.4449255431385776,0.12034387303178362,-0.432698514780481,2.663371307689958,2.0036618995223816,0.08687150155727778,-1.1754454800001297,1.2703773016171729,-0.9745755119583233,-0.2338618827911308,-0.6988926180866054,-0.3423180102391939,-0.6331587322042165,-0.28903782625598234,-0.9341266890414731,-1.2833076933924548,-0.5011700153906196,-0.8506958113505171,0.18625674992063743,0.13619382349374143,0.5136487916599843,-0.08848993300312057,-0.6842924903448148,-0.05422629520117544,-0.512118607374533,-1.386721266402304,0.7023932917775098,-1.1547949370329094,-1.211637270238504,-0.025735114816092402,0.8395052795248308,-1.2778170595715228,-0.9069782380476511,-0.14046414806589266,-0.4614595349646771,-0.6798828671031352,-0.9617766010659049,-0.5374029422129342,-1.1872306983876837,1.3331067491201678,2.1346743470835112,-0.13648865859245116,-0.6975661904717781,1.8009009275201089,0.8869518593082285,-0.8043061402755234,-0.4623695052598393,1.8225488521686688,-0.21925961233484764,-0.7059100139021645,-0.7232709776715489,-1.5462145922191106,-0.7575764582700728,-0.4616092594323274,0.914241621817487,-1.1098640194616167,0.021281718210308352,0.4477915281528757,-0.6784798275666051,-1.0492130166083116,-0.6341492228879413,-0.7286896313189937,-0.1793321779693467,-1.7964232647749618,-0.23015790210149922,-0.00370727028086635,2
0.20455513499636632,0.008623965129085484,-0.08297882996709337,-0.07466311786727596,-0.08604742149485571,-0.05327585180482502,-0.18686812994326793,-0.034503929210062505,0.07855194280745571,-0.07426460094557766,0.1642582047720321,0.11592049063677264,0.07455693890243323,-0.14962237873507295,-0.46884531886971476,-0.11957940826395876,-0.10091754880002018,-0.032614118262488626,0.13776849874561667,-0.08567778815468408,-0.050423114259670894,0.0072109711944252555,0.33387237879786463,0.15093609635378447,0.01820997522991403,0.27762137812523247,0.10113936235246951,-0.03734204770849867,0.0168996815601864,0.13000993074251774,-0.18838339654731365,0.056929837272653924,0.12475241174613444,-0.16145484517386266,-0.12248793736924139,0.05626289515930395,-0.13474873618074254,-0.11929320998395272,0.12549471574825807,-0.19226080603498472,0.07182103832115237,-0.25293929966055045,0.061661289399120627,-0.06541191740669983,-0.006518883597294094,-0.1122717792330001,-0.019680663998906535,0.03931369407819456,-0.0486785032832532,0.15031482158707207,-0.1620883848752017,-0.17923336351384395,0.28837560602057055,0.01484259921664665,-0.048915625206948976,-0.003674276502349036,-0.13621951301111176,-0.18093253087436445,0.1191611832194158,-0.17952798426698716,-0.040157858044953774,-0.19332342091665117,-0.05372534656068129,0.11854261757491671,-0.16867249461082073,-0.25694500465889814,-0.09642810126619858,-0.1499718642072692,0.0031775013133018746,-0.17848591682923542,-0.0795307408977687,-0.09548679300488754,-0.21176698744529585,0.0932174451378254,0.004622765487650957,-0.040805562777242226,-0.043867422562444434,0.44419551975601484,0.1614260507323069,-0.16079473790617457,-0.13976494618002935,-0.012421366999622593,-0.09144154531496386,0.016325208186627676,0.2515495978619658,-0.07176892723794882,-0.07766018367367303,0.01810330081081721,0.1751542600060606,-0.05911232830961477,0.16122941533976268,-0.09637447786360484,-0.17497862353152602,-0.05268243367759809,-0.02471483363492503,-0.07473089579501017,-0.025591968756074758,-0.14730430890825819,-0.048052135325115264,0.06490828015313461,-0.15536328247206294,0.056738404372703076,-0.24242788261185746,-0.15121982371949522,0.048972596371761976,-0.8420615630828069,-0.7810993153929892,-0.6306451345593438,-0.25594677398403015,0.2152913518903347,-0.6091293057609861,-0.7093808380493981,-0.5350971755063956,-0.687484906245993,0.09549813777384174,-0.6957208592997833,0.7784840508919721,-1.549677204876254,0.04224662439901557,-0.2532301685545105,-0.6572438590463965,-0.48566532062364276,-0.3312363040391403,-0.7996673305153229,-1.373235551273644,-1.0156239291549067,0.5479497027674565,0.8598784598239994,0.36478094017010476,-0.7083534695424464,-1.1331658545765189,-0.5780357798832342,-1.0843685219970745,-0.1306440420169044,-1.1943457060809726,2.2513868098160605,-1.0907238565262516,-1.3870093597287045,-0.14468397898652932,-1.0230719444259737,3.023330395681944,1.3399184679995377,0.3331330626342054,-1.422411105014637,1.0596510619265493,-1.060109681744415,-0.4631468135249674,-0.2891734097642047,0.3893882863419966,0.4082505927362886,-0.21060893817275805,-0.43632476952998345,-1.4188435249690154,-0.6971080190341312,-1.2004511064371275,-0.5175413453561154,-0.5368247356049247,2.3927896180147674,-0.3149304307267699,-0.22896388421729974,-0.26022704369457655,-1.0884306133504718,-1.7224034636432044,0.3601400241326906,0.338934406828173,-1.0626446926404265,-0.14399481570340908,0.17885785098428963,0.3645465913566461,-0.33705934964325185,-0.1820113375263571,-1.2971665477550776,1.0222852474936535,-0.5218390772724217,-0.5762819137402342,-0.6760207127807023,1.4251101049440007,2.3764838966560875,-0.03354013875462776,-0.5583750928170469,1.0810245822596658,1.2477188161913086,-0.31376449085780594,-0.6938049583847318,1.1063554902835857,0.15747742507314813,-0.7834885378084445,-0.4616941046239757,0.27399517159539427,-0.9229741308535337,-0.5783873499810788,0.5499488610808372,-0.685050628225766,0.21461572562716524,0.5138339562956328,-1.133539250361923,0.6612847442977664,-1.0497977398121898,-0.8968803454846045,0.1126755085804675,-0.10353903126937337,-0.2049832908602959,-0.3047882310843624,2
0.15472467651126792,0.03279107410520584,-0.03960684518929143,-0.04407839264568417,-0.13856403862669095,-0.16986474408099164,-0.2686990791319249,-0.06037933439404554,0.05137910466219125,0.019537336004924397,0.218081848662681,0.2007395452903272,0.14705299923379195,-0.1567280188552437,-0.4909470317701,-0.0785396986221913,-0.18669731684394308,-0.06359547782818059,0.19353937480426958,0.028005845758042117,-0.014533799622545373,-0.036930995088628446,0.2974296283798802,0.15507653814154077,-0.0039048679397139007,0.3386923089235981,0.13361288229586651,0.04118059311816418,-0.039714461193073494,0.07306940701555617,-0.162884094921096,-0.021956304356336748,0.1170026407457995,-0.13815256386788075,-0.0678966918795772,0.06766472444909108,-0.07866848426522875,-0.05076375834269315,0.10816569703504487,-0.15255694301817818,0.09146412035635779,-0.19492350761676547,-0.04602299138510161,-0.02977093888724729,0.05055818012417621,-0.06697084426020579,-0.06670681863482322,-0.024205393733915052,0.13796845288051682,0.2679575103103082,-0.2607613783185141,-0.12720734597019073,0.33250993965212794,-0.07465560363143783,-0.05981872424651001,-0.10842738801513138,-0.11190116104649953,-0.173302740937163,0.033293245915051006,-0.17262002905733032,-0.14154490723678395,-0.1728623611541153,-0.04199301794143172,0.08301830879207533,-0.1372473260104277,-0.2827298552606182,-0.11046744330803476,-0.17955548207017102,0.012995873092239815,-0.15337486758433172,-0.13326865166252116,0.018718914084701083,-0.21787440321173307,0.10523938738469348,-0.0013777983919574183,-0.04377567060433581,-0.03387567956700008,0.38191380900112964,0.19042103902440205,-0.05971274771739395,-0.15589613634974772,0.008747591552345058,-0.07322273497367082,-0.02027499094365623,0.21732219054119675,-0.2130521127528113,0.037827724718385414,0.08366036178513858,0.12203680280519803,0.02972929106933964,0.12871480940582414,-0.10894726151781775,-0.21152618537827964,-0.0017214754637640507,0.04744044325267845,-0.04660169171078364,-0.0463276513876389,-0.19863936943547575,-0.10278558212028181,0.033951180129378616,-0.12045684822380022,0.11924966283769975,-0.2796927407352156,-0.1709222637412009,0.03577683885868775,-0.9508058723308838,-0.8416396580469812,-1.5037055701272117,0.10631622919303382,0.2500410387415967,-0.7377685540842642,-0.7313620511162845,-0.486115175448065,-0.49811028732310986,-0.7830009399110401,-0.6576248395546395,0.622333137931234,-0.6669039116532713,0.09412448853609262,0.8257387569612137,-0.728549550482175,-0.3655813438527495,-0.31340218854892754,0.06767369386635719,0.6725516318753048,0.5411764446450824,1.481310229624432,0.9816928084686267,0.28634066856953355,0.6394400769298362,-0.651313728846311,0.3508344200927022,0.4520562672519796,0.6300457399080561,-1.2358418735932108,1.8598039080761055,-0.8330586771678264,-1.6773469531465486,-0.9637216508153273,-0.797859227309569,2.415478765591892,2.354156005991583,-0.18242613234774158,-1.485439779862658,0.8251662188771838,-1.2901627647900464,-0.5964758881619178,0.3371962101353654,0.2826097436552693,-0.8244476170529397,-0.253070989080653,-0.7785090120497185,-1.7596041160583304,-1.0421978808406072,-1.1447471392238833,-0.30535909137464406,-0.5339563781698509,1.1244323446342588,-0.19050423153976542,-0.24958476250287387,-1.065171973769518,-1.1533740627278206,-1.9330245637997456,3.434752013817698,-0.35350221127008663,-1.4319102006293856,-0.5650028837579217,0.8074271571828024,0.1716915013661445,-1.2959138994595172,0.5284267090009025,0.07811761444780914,0.7013545586942734,-1.1014581991246506,-0.911931181248027,-1.210681099753806,1.1547887572186077,1.8858269047273768,-0.43541068347549544,-0.34165348238284654,0.663436457175315,0.019125659352384555,-0.4106957220464664,0.37800418145097214,0.29260050620335987,-0.5845613248533269,-0.9903892972266012,-0.14931241248298063,-0.04299116569549004,-1.2650285505142325,-1.0837084305891314,1.1065660578757306,-1.1065194006361563,-0.08381869242939229,-0.035516790641083186,-0.851693409879134,-0.1607829643917011,-1.2915782835590557,-1.1737580098698237,0.13630676153051258,0.34867060520357124,-0.9515895821457574,-0.6233603507760272,2
0.1270689925617765,0.00037681684898009454,0.009285356919341653,-0.14401264054842655,-0.08769830680368454,-0.16767751195533154,-0.24344108255858066,-0.011171725428832534,0.004573732163424943,0.018921363091752002,0.2781738120417025,0.1321406293523044,0.12947259930776742,-0.05618119877691072,-0.5417909507699616,-0.11656777380000136,-0.35025474465915146,-0.007232940145529946,0.19539073966422668,0.03774827917241776,0.010225752857772347,-0.026711724139148955,0.3328164359988978,0.20314159935681664,0.009141926259974493,0.4044602035315472,0.1670875855256493,0.05268875832336598,-0.09828373688072761,-0.052716696495408596,-0.1606816520437347,-0.11344432191256057,0.037128660978335046,-0.061147912035129606,-0.06643756805996706,0.09655488355298505,-0.14953391189875473,0.04158623186000243,0.19262534930522357,-0.05938951642952392,0.03627771045618171,-0.2651890583850439,-0.13305636050565053,-0.07284669311301865,0.04573230786747673,-0.022607865269356958,-0.07343858146872007,-0.018748763344526024,0.28874020945739187,0.3180541102227645,-0.18932142127992502,-0.2056469198677277,0.3178808109323739,-0.12710842180851975,-0.10711537036492563,-0.047460798167825446,-0.12537792260360373,-0.11098514688121451,-0.02466847495843356,-0.16253226126241455,-0.05800923880700864,-0.1728559593667616,-0.1162709578572399,0.12168451720424044,-0.17274227618850255,-0.2604011847644628,-0.12103166469328545,-0.14554981613681123,0.018813586357892806,-0.09957082849436974,-0.18556411553000873,-0.005851742884507023,-0.21520355426607346,0.10509524336503046,-0.0701514041859913,0.03606326305913703,-0.02386096968958893,0.3297678311364196,0.16337694792661545,0.02142989046636787,-0.14415237324100477,-0.0260723774491414,-0.030315333768876143,-0.005447438965012667,0.2552561224533415,-0.18949596472948746,0.0888493837647074,-0.00035971830326988997,0.1674109781102312,0.08455467088235245,0.049772634052451865,-0.13283613556737298,-0.09991755938111707,-0.04890260757509788,0.061903040607596944,0.01909468529466538,-0.10483532885964954,-0.2469543977183822,-0.1118362813460209,0.0191233219766492,-0.1428766317255798,0.1507568084261827,-0.3554677687243435,-0.22416662707708934,-0.03182908639912055,-0.5894293965868914,-0.8105748606713472,-0.682460012746703,-0.0024643418084970108,-0.11516395065175737,-1.1602274708996703,-0.707329977878716,-0.46515653204122903,-0.565494251424629,-1.229154515692409,-0.55806164568084,1.0561312762120099,0.007629968857596439,-0.5505474760967838,1.231778731615249,-0.49935763026793134,-0.4484639936304682,-1.1159101498053372,1.0271302094333667,0.6180061633827482,0.9714519695113255,1.302291402181959,1.6750774319057626,-0.054673955417188586,1.0999689436105715,0.2785928910336947,0.4543524393957213,1.0794125797158745,0.057402859764079585,-1.1769873697362998,2.785205531556832,-1.2554626926035433,-1.8122450220692115,-0.8044604453475518,-0.8424230569312666,0.44350357498892384,0.12501836141256942,-0.03168496705581413,-1.526398681094011,0.4427740171947294,-1.3348260209935625,-0.9334725667879137,-0.3316073886940923,0.37130653760510335,-0.611885521751482,-0.9124787318809329,-0.7357899494227631,-1.752777207187754,-1.4580322163004806,-1.144977736825964,-0.2693457895612715,-0.6968482885600374,1.8272209739272631,0.3678985558809893,0.000787989427822712,-1.1079455729221837,-1.476457852836999,-1.8068187545067342,0.6401024096046483,0.14377250828186472,-1.660748224912728,-1.197923857473181,-0.03941171844623707,0.32214016145585955,-1.1262290769833723,-0.1251914009505405,-0.597287399287694,0.7021444048179429,-1.0116082609457573,-1.6710601659417965,-0.24283286975418042,0.8600893024219769,1.9170783871164256,-1.0828995707595865,-0.39837880941606574,0.5884191526045031,0.5202106958014231,-0.4091478123457395,-0.8141323836599251,0.16441901606926812,-0.6365758727205246,-0.9195469903628862,-0.3968690924779875,0.29479829764801274,-1.6246306595293978,-1.1538721063076998,1.1196423873420362,-1.14437281886579,-0.9110942373446685,-0.5038802615514455,-0.8377335367029264,-0.5670280170294851,-1.4677336954967437,-1.326789795446309,-0.19915180756759293,0.4423594652723594,-1.0944621667338938,-1.176671876179756,2
0.09671756033332744,-0.07412378970541388,0.06828215653893308,-0.12168214906340856,-0.12004872119127409,-0.0928393301991741,-0.31907888543208063,-0.027750638879026002,-0.019421982429346965,0.09552256878457134,0.2883619146966346,0.05856374964522136,0.1957154622784209,0.08551438151967558,-0.5237032434806271,-0.14120757594615124,-0.2723460151783331,0.09306867047984249,0.1055022645674377,0.07621317454320761,-0.006722369409712997,-0.024359070401955063,0.22449829224719609,0.2041109619735365,0.014395185909115303,0.4234657027980044,0.15515975336401816,0.06942002304009263,-0.12380903143060494,-0.08123315114907786,-0.15130172294706845,-0.0880263743854502,0.06622167665906191,0.07749933225399297,-0.13430346972161417,0.07784992253742205,-0.05481340053251751,0.1254008990459312,0.08145688927700853,-0.10110462319322641,-0.02654659056246165,-0.2387408534831062,-0.18710941626346306,-0.06689227744683332,0.1983753476896159,0.017455939971530766,-0.04007840161898813,-0.037794347322517456,0.2952750098409516,0.2858225910133515,-0.25716536026636094,-0.13297189635902648,0.27579301923325067,-0.14449563486908623,-0.11696264696238312,-0.010756481908957248,-0.07584171318824884,-0.17820682249963796,-0.07961960537380094,-0.20991806728277945,-0.12284140196643976,0.00018627216807898898,-0.1709684859932769,0.0070003446943323585,-0.12126932806388234,-0.34180848107254247,-0.15477673354117089,-0.12486398696924039,0.03439317257660884,-0.11386532621973851,-0.19800542268953725,-0.0179994828515822,-0.23803400186910756,0.10282680663422879,-0.15171692881230106,0.024341417720771297,-0.04278211138665136,0.33954060845665385,0.08456901594565872,0.10092523145555027,-0.1555629068223103,0.06680011079815926,-0.019923271812907904,0.12563195339839373,0.2426092294648193,-0.13720500069712338,0.16251128959718963,0.014683834519718301,0.10843969827660951,0.11206012717044783,-0.023030008940102323,-0.1472249407462409,-0.08778739147829641,0.005985140187764387,0.11621962457441175,-0.023746405987475207,-0.05143639116572452,-0.1969604688512781,-0.015895412098774334,0.009012095288304416,-0.10507130774990822,0.2013011854420381,-0.3645642108285784,-0.28170072936390145,-0.13741472058059567,-0.8119768392425425,-0.8419706354011178,-1.1468947551073618,1.1282512073581912,-0.16556461869470332,-0.7140513241328694,-0.6860163360867472,-0.3698858846339142,-0.10906622811664105,-0.7430453398651756,-0.9613004533366912,-0.2629879807958796,-0.25490271826351746,-1.237537928903352,0.32578475065430057,-1.008040530228593,-0.653818170077311,-1.3161429437547525,1.803169156161167,1.615805841793296,2.1494963318338094,0.6975224017426768,0.20919952947148138,0.5342409066552338,2.134708301826059,-0.022791667244554996,1.6355593830755546,1.326654269209998,0.6874863578922479,-1.3100186288953086,1.5763805916753328,-1.2907503137652234,-1.585848132069012,-1.2097299218634374,-1.1677885799105043,0.16634660828982922,0.4704948434457061,-0.2721367378087625,-1.5513541321349458,-0.287976897469532,-1.4402434781286186,-0.7614637795260947,-0.7578698172258856,0.4723832018398563,-0.2664814937774811,-0.9988364031383972,-0.973603249747615,-1.5368896728144892,-1.354290359396636,-1.12992526840572,-0.6451401718659138,-0.5127693151266192,1.1706955830511894,0.6585660367212218,0.6061316963704497,-1.966911556734069,-1.466161022974146,-1.7985954555148067,-0.6429718069535528,1.491476232868184,-1.9171929189414607,-1.2646825282333534,-0.23525905280574236,1.5129830792249477,-1.0871828280639164,-0.31223757032369853,-0.3864718948323228,2.02085958919164,-1.0548801568818726,-1.6936622292338752,-0.9004866942550125,0.8347853087092476,1.8737151277399207,-0.8926447878236897,-0.1649196608803003,0.2215429330686658,0.12101501497252705,0.35460376242548686,-1.0413616945746684,-0.7711344543635114,-0.8087099447245267,-1.4588767331590924,-0.5775486115474395,0.7434929411916764,-1.5731214936689906,-1.1507524198603527,-0.0860590889599831,0.9087086026656718,-0.8297968588305811,0.14462665828404503,-0.9432686161044517,-0.7474824068666454,-1.4795855663498338,-1.291456789448549,-0.5860477248541088,0.6681735236016588,-1.2712217162895538,-1.249265203163286,2
-0.01567862621320264,-0.10827074222882363,-0.019732041742220877,-0.116997393720447,-0.16989991367505694,0.06551352320920245,-0.24763420424037452,0.009272614847991233,-0.014449446875688646,0.06346039038025528,0.21376995207062147,0.06892236393109147,0.13353286717686885,0.17475113087119717,-0.456578103499561,-0.09151565098982851,-0.2800076668418086,0.1430054193758282,0.153878334318614,0.03301098229567784,0.07718433817907289,0.10071931767255249,0.2264586333663848,0.12678177549764966,0.052808929961205786,0.22294614477232969,0.11361829057348558,-0.0005199555255848557,-0.14649017823660235,-0.14904139733404537,-0.12175900197147388,-0.14183285945116628,0.055326743161279994,0.05791717983722029,-0.056074766220599995,0.10344141765855334,0.005928801020763209,0.10639319861372239,0.14524279327832446,-0.11246914790413913,-0.09170318381350069,-0.2430349294239743,-0.13053359555773433,-0.0028754033048390246,0.23617608019831385,0.04760994108119198,-0.07724756681363806,-0.011253659004058053,0.29341644146489004,0.25254167902200236,-0.2370494507128207,-0.0367674891965812,0.2513671093180655,-0.04494167334524434,-0.1902815487587128,-0.10128395897533708,-0.23504649363224717,-0.10323236655535353,-0.11187453149936197,-0.1845882808843947,-0.19618458774293207,0.08611029666429362,-0.26617093139612413,-0.015537409752981193,-0.18589308889133976,-0.31032246680441433,-0.06142227569297392,-0.15054501998527595,-0.09898912915953878,-0.11603904776863838,-0.161274882949965,-0.04368231249252204,-0.25714684895689643,0.007153688931345093,-0.20049870617487586,0.06753510513599117,-0.05713967557427489,0.2803674007716069,0.02830225227721809,0.09590253941228269,-0.09465065139402043,0.16118280365424625,-0.02538811313126457,0.11334537207632338,0.2098039705764036,-0.12556527230307923,0.21720388804588037,-0.04451782441642607,0.10198631581405407,0.17279052866571853,0.0843419633746782,-0.14126196240742953,0.019331658123696735,-0.05822669592388127,0.1290692579651494,-0.07534281894292412,-0.04985563517702871,-0.21427981475116314,0.13599241951048702,-0.10127503733041678,-0.21056378519429925,0.187269911003061,-0.17953122257756993,-0.2262464315462307,-0.16477178072461737,-0.6875883796733177,-0.7669185539781834,-1.0135461558337722,1.1116711609843142,-0.7502423243300939,-0.6128964756013315,-0.5587067225110698,0.6455950865653158,-0.35556313346155255,-1.4286859094818238,-0.6564154848777984,-0.5521964245976363,0.22590323382662725,-0.959701197553013,0.34481648507676754,-0.9707577270334055,-0.4245577164580818,-1.775642215331894,2.6791254024113287,1.7974858186650156,2.813419683354602,0.39629352599754303,0.8511105144206355,0.4474775334683065,2.107762888612493,1.227004184301047,1.3945813225592034,1.4276024372702705,0.660351197699912,-1.2622124335109481,2.1299462109950644,-1.5485570178692591,-1.623073904211401,-0.6406248380637936,-1.0328620180895547,0.02827468498202286,-0.50581896829857,-0.8317682546567704,-1.6131956103426595,-0.42691608540754206,-1.3462099333648088,-0.9092142572257572,-0.7739497970798233,-0.4137961371764964,-0.5788453684598782,-0.9228633233966119,-0.6816723259553811,-1.1538619415425806,-1.350722008620629,-1.1929178379985732,-0.8833350545429562,-0.8198516821121449,0.8390834691478988,0.6094585913088532,0.7102256597656902,-2.0737246734413777,-1.5927967932425966,-1.4523174883625642,-0.1010333474420401,2.4925189124992344,-1.2659081319726637,-1.6302999416937505,-0.3747542966776952,1.430051183234513,-0.984847278867727,-0.5803054713002058,-0.8190517282479547,1.954827163032125,-0.7663525394139147,-1.7988014360291575,0.7962792481010316,-0.2991716508309309,0.8400218128319998,-0.5500011160274809,-0.9376903339609527,0.1630200291353844,-0.5122940562834452,0.7379523861767328,-0.48646293489066084,0.9673163151437765,-0.3267129545625636,-1.6311491431930762,-0.7054100966624105,1.6676608517770635,-1.3923866837517065,-1.2308202904430618,-0.22201147743643887,0.8512639813578176,-1.80606966721367,0.6161760921608886,-0.2190708646228913,-0.28627704007926597,-1.2915802238144796,-1.113438131258352,-0.6028777019966041,1.2035523986505345,-0.8410954699870999,-1.3476662149385017,2
0.011120979451903643,-0.07469513867486127,-0.02088163201776522,-0.18915815409720335,-0.2026433572480119,0.03158186910438382,-0.2470505329876208,-0.0027107329889601893,-0.06360510570435841,0.08648633268721202,0.334246398109376,0.16420788093843816,0.07305394633564628,0.14936997880896696,-0.39576777133758634,-0.04377773067020415,-0.25638390327067834,0.1159296483392332,0.15088622287296344,0.005642124390293649,0.04274229655959439,0.0988053149487227,0.27413986081993374,0.07532699786849543,0.046376051253781435,0.16909051407780604,0.018442946058853608,0.04608688117362509,-0.2164785322825576,-0.16294538060729144,-0.1674613448100708,-0.13663745206680827,0.06313710032604455,0.0775012494622649,-0.035246362044325866,0.12735799991128968,-0.007593686222790427,0.16004202113447333,0.027981865622781366,-0.006764787063797342,-0.15336807847383785,-0.3313940442771161,-0.11630273229213607,0.02298650739235128,0.21877943218175344,0.07862061498581673,-0.03663280299219141,-0.009011671753351096,0.29448614342272267,0.21622334208345445,-0.20871007755174814,0.022976690957576408,0.34457397350954033,-0.030980223432600134,-0.15963905900463052,-0.06756285189035315,-0.2042346149293541,-0.08884906213231224,-0.14824293429219468,-0.1670467829336925,-0.3354599310761363,0.2301858659015915,-0.22460998054825956,-0.03274602353842893,-0.13790411778080433,-0.3493553240253301,-0.09655264915656064,-0.13265518304410828,0.0292953988554011,-0.22898498425322017,-0.1355360870262374,-0.006840044248773166,-0.31903072652649433,-0.0424358494665623,-0.16219877917010095,0.05698533798070273,-0.07628559153304036,0.2339536973791905,0.0457005995258164,0.07574716508323373,-0.05955511737902263,0.13430763317024008,-0.08423170054037048,0.18283691844932431,0.20261523979258236,-0.12006449385115033,0.3153710789646517,-0.11544209200034401,0.09551327499161319,0.18710051604882733,-0.027261655285619125,-0.18032524382798581,-0.03675430818619362,-0.02705076796618544,0.1754185823532313,-0.15147344402548102,-0.07968836069778924,-0.21239921593507366,0.055195090749144485,-0.14068892670308636,-0.22493792089334616,0.2996798155921244,-0.1513621336500315,-0.1295182121922132,-0.23011394281371184,-0.6252940251160907,-0.5489726063926786,-0.8996503288633427,0.9537711200546295,-0.6677566347952916,-0.5561650129076883,-0.48207632070450773,0.2716014292403279,-0.2550351860894531,-1.4718914852350753,-0.5030347959534377,-0.16399562026065131,0.3813970458161021,-0.9716747430893465,-0.05411935877123939,-0.9879221160846043,-0.5338060497405023,-1.7160453326001803,3.286655229188784,2.8658541923952288,3.6763309770410837,-0.33811752394888717,-0.10412671898816735,1.357530537540869,3.4112487680126304,1.0181510080305778,2.380727773715044,1.5721983915233708,0.8762232081797673,-1.2830108296292912,0.5651642896887622,-1.3278268943072842,-1.2687128828808154,-1.1502710412147896,-1.250852734803812,0.06702772519283352,0.11902574188844436,-0.9892851610232043,-1.5613943197077675,-0.8972267717456259,-1.2425659490020353,-0.5749974541104628,0.06220848875223052,-0.4962101632343222,-0.23555580240008034,-0.9056038798226987,-0.5968825898654989,-1.1368716494627369,-1.4313634256187637,-1.0433730302399666,0.06373359693409707,-1.047268893976413,1.0026418242404331,0.9285647420856408,0.81642136841889,-2.2632875273763573,-1.8855248763276282,-1.469705504542594,-0.7944874056011354,2.040688653267528,-0.6921254626439409,-1.5995146696439055,-0.39536286925720604,1.3959310669087974,-0.9718729205132881,-0.37441952881691193,-0.5295675063025872,2.1053473982209385,-0.5567885813074553,-1.843455151745535,0.4400708957484503,-0.5113946341522294,0.4655177179428301,-0.37562838602898974,-0.003929572566737004,-0.14828914840836968,-0.8992531545837563,1.3846886426782596,-0.8093702579496661,0.23883087284385038,-1.7984614116576638,-1.7372015335739435,-0.7617183164978993,0.848804338997597,-1.268239096386435,-1.22140231208966,-0.5245337086361636,0.6609692141081313,-1.355707289615826,0.2240176691008703,-0.407014278543558,-0.5629235007863749,-1.250537584223279,-1.0705735813323012,-0.631766401778114,0.925844544414086,-0.9245768566213467,-1.1973153552698688,2
0.003590646988176243,-0.05103497458920077,0.028310025594297926,-0.20566120321202425,-0.21144476251038727,0.111205839831104,-0.2728432231939109,0.027471854449417306,-0.15876371112041177,0.01692677498636324,0.3173579445485599,0.1514967822706694,0.05349287686033502,0.17821597126385985,-0.3811370854658906,0.007346113436683405,-0.21375365261859203,0.12375055591456774,0.13092748048808614,-0.06969483882487922,0.044280507190117495,0.08440394442278142,0.28115817219626665,0.04414291441618293,0.02490380413049071,0.1595086747591825,-0.03847229468352982,-0.04746326826698636,-0.2100588836138273,-0.25436650876539824,-0.156576707826871,-0.1289008705509686,-0.03527571035478486,0.14205611391168968,-0.09517998147901453,0.11543361116496997,-0.0014809250300692129,0.20528685211611974,0.043396129710457344,0.02974035479180277,-0.21213892551866,-0.30200908912941477,-0.1410292647243533,0.08660426927930728,0.19480865839851083,0.07942440610563493,-0.06599719536891438,-0.08748954009124806,0.29218240646129084,0.23304522319154664,-0.2531383629463234,0.004554868828853442,0.31747191123661744,0.13683435992000395,-0.09498851028303738,-0.2324994933878535,-0.16013797142547534,-0.0818184658065553,-0.23249177601909646,-0.06319291725554624,-0.444115664384671,0.3856624557211746,-0.27785312208028395,0.05047702087518622,-0.17413584628139284,-0.40426562096338337,-0.0034054931605905256,-0.16150549729426752,-0.0015655213133247835,-0.23754294284138217,0.007832026196622188,-0.008411203000351487,-0.4355665834998244,-0.10133968035696705,-0.09657308879043212,0.017412238667902268,-0.04818540315204503,0.15008266848137083,0.005014304305410822,0.17852503552897958,0.03966839853321221,0.09800058652094645,-0.02148017620903072,0.13827966866517621,0.14449098102105454,-0.03566108856690972,0.358677405281997,-0.12511440958901932,0.10257934180391154,0.16759590496850046,-0.0930902492880606,-0.14180975736547005,0.006769095253436615,-0.04889499534731917,0.1731251579356566,-0.14923983889129105,-0.1528809297742016,-0.21732026228451626,0.053936103843364,-0.12836440559127474,-0.20351143517296277,0.23529075813825878,-0.18971728793506404,-0.10605172230472713,-0.27737559277184276,-0.5152881856242634,-0.3957869414725173,-0.23321986288603178,1.3739122012583953,-0.4818591369173207,-0.5193873370538733,-0.5129649996759369,1.0967551124978434,-0.00015685165735709525,-1.5023309352062846,-0.7437601980664169,0.11514940320497705,1.1787423403745416,-0.5898166353506891,0.02848575723123841,-0.5875830287754049,-0.9678763883817952,-1.4891486391326405,3.2540134079362106,2.3994286324397787,2.9784970964833954,-0.566693191112955,-0.7417353970326442,-0.2012971845299886,2.7367595955928787,1.2968502192498785,1.7084112439312458,1.4892427930212653,0.35820272520098856,-1.2519785071123744,0.05427423859311245,-1.6799659357115764,-1.2958186252790358,-0.5856610003209936,-0.8626307655570032,-0.5428862592239891,-0.7338268541466558,-1.440883483920852,-1.295891055168867,-1.4716505228011183,-1.0595547254283926,-0.5540481288085745,-0.3673727566211315,-0.11546510459073266,-0.19581838996089487,-0.863171754648828,-0.82248970705721,-0.8684703943302938,-1.5210477196187047,-1.0979373071967857,0.044607472414941216,-1.3623851670733944,0.26028707307963644,0.5471506511087205,0.4083328575940633,-1.4753414781290555,-1.603097129306546,-1.479750359271731,-0.6249405607253274,1.6732275086503459,-0.5290366229602134,-1.3030320394781219,0.2230453687901891,1.1034674536679203,-0.5578631774400212,-1.079017308953573,0.18196706667026896,2.2549080894919347,0.1324596857919879,-1.6969701841814502,-0.620294068357137,-0.28487472212760756,0.5163696347892979,-0.38000222200751793,0.8905976077818808,-0.32984344735575716,-1.352449047443066,1.0197521330657195,1.211234144758591,-0.15379147499121879,-1.5638901843894055,-1.7980923038218797,0.0058751038937168215,0.6987184779115196,-1.2235970732418566,-1.3586788613504732,-0.5865471657844543,-0.2200348196470359,-1.6860120635318587,0.6443898364984653,-0.47516634642696864,-0.42593991663019387,-1.2157731577083237,-1.0451338652875306,-0.7385141722686209,0.47712664590529275,-0.8400522864872857,-1.310369963067754,2
0.013591099298529082,-0.021086107317897982,0.08701153076130651,-0.20019840680504375,-0.23476136703449896,0.09036884878840157,-0.26843051758467934,0.10916967176400479,-0.15024104772248495,0.12079582224858215,0.276639088786734,0.1632619641630697,0.002412469493561589,0.035247567107133566,-0.28776818740587334,0.01705986256563819,-0.16809415773157563,0.16806928576534283,0.027979084589482867,-0.06196004978817142,0.0432678116821161,0.2555613638248345,0.333041174984665,-0.0964291086944278,-0.03423852784687841,0.0008653304681589726,-0.01698831545864398,-0.13537926291011432,-0.22179300040274463,-0.2274479009674049,-0.13410275310239772,-0.3002774178998445,0.012109191255501769,0.26325489196572305,0.04426081650374266,0.06061893283425824,-0.00727502617723214,0.06275947729308076,-0.09766523690027135,0.011725076488937171,-0.19294684839586335,-0.38318710814672724,-0.21772215650670165,0.12784528069675136,0.2664044788734602,0.12498415542676297,-0.16365212161579842,-0.09290950228428058,0.23599037419914012,0.12376904690280192,-0.29425166799096847,0.08691758219379746,0.3534767987208605,0.11627671429946132,-0.12590814219336421,-0.1758701455006337,-0.12149303715260827,-0.12822464811214648,-0.2934644878402584,-0.1436036467594546,-0.5080233659528868,0.4282779253167138,-0.1517385457390429,0.06175081453451784,-0.22064872319904427,-0.36843187786660364,0.07029924678926301,-0.20454205051824087,-0.042398847285370626,-0.3834492708323505,0.006073169929085519,0.12507680385361084,-0.4037014956982444,-0.2098181296441315,-0.2154297640203809,-0.09369789465956406,0.005599228024486212,0.11310839931630294,-0.12782896093082896,0.0426240674673246,0.07301704477656722,0.058661014270226484,0.03981287599601159,0.2551846142851408,0.11799029181139946,-0.21940672567777442,0.37526336615169387,-0.07096680455296706,0.139767833628788,0.12930374111856277,-0.20508150335074363,0.016566750992785633,-0.05779620921091354,-0.008351621012018065,0.2386818528826529,-0.10213485057073136,-0.0800227434230533,-0.1954439451278766,0.05842305786378935,-0.1364078053201767,-0.20307572073705513,0.20879112819278922,-0.1175113193093013,-0.09176512357551865,-0.19025434905468708,-0.022329979084773896,-0.36471131336300455,0.5711728740585279,1.1584037362671205,-0.5428195433451187,-0.4669102867564518,-0.3723072975900482,-0.06142058773479254,0.18848289156347686,-0.3034338563942927,-0.6957306635556133,0.7372269769591023,-0.2747708387255062,-0.1787399346604481,-0.7896329060032407,-0.36245198995948363,-0.6346115220044061,-1.3209431560849787,2.1992582435017685,1.6506646984913502,2.29051959548213,-0.9977244619999007,-1.0310902728415055,0.17136651818664161,2.0158953269377955,0.5442520385924178,0.6926864328232153,0.11440765961219228,-0.6278922283079537,-1.5330421085568942,-1.1410244318002345,-1.7066011923182645,-0.8363076173089631,-0.84006355324979,-1.3437104896392629,-0.6812255608797503,-0.8232326379228759,-1.9364224118774345,-1.3399456040359186,-1.8312354273146385,-1.2830181222040713,-0.8371954069731594,-0.6383603469112973,-0.5660029940923357,0.9910443742324178,-0.518111014299859,-0.7372389791590395,0.00970226929897686,-1.331021279006696,-0.7131984950563848,-0.12037517814788404,-1.8870254855341266,1.1147536060765955,1.5553585865594657,0.15134364392738656,-1.0236919674407108,-1.9036705731003296,-0.812649060939074,-1.1218654561217256,2.6582488339934516,-0.4276577193753493,-1.0616358636069807,-0.24132798323494237,2.011852203224956,-0.15115649552475638,-0.8528664493589047,-0.21621574997591114,3.2309969228897453,0.21761710558941685,-1.7306406934439886,0.7147045630688712,-1.2620670214702123,0.08348161610333281,0.1256961749409682,-0.8015109585459665,-1.1477093219604213,-0.4649559099152537,1.879065394485287,-0.7757566620047276,0.8163350050978376,-1.0371122324300681,-1.4959238703367108,0.4963972423575347,1.5977989454852692,-0.676379177458597,-0.5333071473015284,-0.1064572283002082,0.23199890563189135,-1.5106519901316606,1.4595292057950227,0.12525326040839474,0.7611662636021371,-0.9758504210171536,-0.5892402919774341,-0.8841354872315371,0.916994596960384,-0.6136202842904979,-1.0051747699628137,2
0.3498977839746142,0.3679266391021357,0.16864078263536406,0.25508089077720614,0.47905643767613487,0.5416955068524085,0.4814117989118499,0.7346453148741205,0.4508374307636792,0.5509941580619535,0.08158472581599178,-0.14446125876024252,0.18144313056392009,0.26143437874364533,0.17855157407174543,0.2336542507616745,0.2968649391879484,0.1532581927712551,0.5821882924314359,0.28382068885980616,0.27119498296450956,0.3436444972072405,0.530029088762607,0.23654158882619872,0.10211949489708863,0.46889834920282975,0.11150708577219878,0.14413778515903253,0.05856097359265583,0.38528018062896147,0.5585222959793482,0.09551008721740528,0.3995209896198019,0.6595736926071459,0.6392377618064606,0.1411958384855803,-0.18445746057007525,0.14111775045819497,0.022438646030150056,0.025533807117135442,0.1701815807192538,0.5142043110249345,0.25290551594223915,0.45901591230440725,0.5818125972217051,0.5096554336738798,0.19725790785979858,-0.10815406665282618,0.151246665077801,0.14290008067181512,0.29347326909332644,0.27776784237200486,-0.05807402516579857,0.5242481532828857,0.35159879998513777,0.3531423377718217,0.16429132536854987,0.3169761806595137,0.09523091999051589,0.24815690572261156,0.45347880672652674,-0.4526801116301685,0.5458729441338132,0.27924608018680713,0.3037125717428373,0.11021047160120954,0.2272163775557286,0.2818958496178723,0.23334644941768515,0.9655860792477512,0.13897514501727143,0.2741970390152371,0.45723022356850124,0.07397631776339167,0.05347362876866879,0.1288276903082968,0.23396111401767503,-0.02517518714536426,0.3901661144437484,0.5759476116405235,0.007073017234007491,-0.14000351353681967,0.2178564137699039,0.038392457454274366,0.002933875887912621,0.5364726671776494,0.007923474555330323,0.050443223633969546,0.3822292086157344,-0.01210485820583379,0.5700181600055103,-0.14613217255741492,0.22475661253983542,0.3615668538172825,-0.13616121329472816,0.25573225579349645,0.2573951514252457,0.15411043463458848,0.3593322591211537,0.09885908752736552,-0.01850837779106104,0.10040597322595521,-0.2789340800920826,0.047506910092557066,0.022707690594340652,0.993826935445207,-0.21701255025977603,1.6397948153543083,-1.7661659375585834,0.8994182384510547,-0.027979732154144878,2.8439424722150983,0.17287296795537677,1.051344967218204,2.105679512207672,2.3902290507397095,1.4060449989879704,-0.2599221064712127,2.020780376322077,-0.5690088439309464,1.280277003190373,-1.6982709897107018,0.5805542558264476,-0.6468815972166237,-1.1642419635509833,-1.1853350777712053,-0.6785445248312554,-0.7125356076041517,0.05916513599319021,2.0383450361198427,-1.0027002418069668,0.6133508082406468,-0.12319135682543414,-1.0318272985869845,-0.9604047510644346,0.2590544521156487,-0.6929321094758456,-0.5879021284952022,1.4060718997167871,0.5501850723658612,-0.3657538595607645,-1.4586427752561086,-0.2660461255244017,-1.0182609235588858,-0.9018413693163231,-0.6419452559413527,-0.5386377085679214,2.183901553399266,-1.185572547383019,-0.36277699149458054,-0.29103772495797414,1.6148041714910877,-0.6549733453193627,-0.5492681493764234,-0.6750213584404295,0.09653606538851983,-2.1905079690830656,-0.10253999135477952,1.5491724916325582,-0.47982461123696074,-0.7885620801252168,0.048262374315680576,-0.6970322988183637,0.4528537501949621,-0.7624556062990614,0.11710893275642725,0.2531367499192495,1.190571614326609,-0.5612858327050503,1.0776059088194128,0.2934819990985346,2.227473501753883,-0.5424204245407614,-1.2424536718271622,-0.7992198677646573,1.337114713321146,-0.9374939456738866,-0.8802409251055858,-1.1125239666696844,1.9728975909815731,-1.504502682168292,-0.4332225694694894,-1.9179378341153945,3.193218800641626,-0.26794790986256567,0.08430301754662964,0.1994048642648271,2.814123247215547,0.11175543306811675,-0.7179980482526866,-0.9602979201690558,2.7080222595345287,-0.9956004400346538,-1.4577352740279972,2.478662708293204,1.2083259143498564,-0.27214653037343794,-0.4377346439387718,-0.9534935045535785,2.102649676485044,-0.04635499904402115,-0.6527885822933454,-0.587479450410549,3
-0.0093067894620457,0.03989568382985807,-0.020901982675351496,-0.06151379574825273,0.2797177697001141,0.32388899200050014,0.05477804233392275,0.28707763642559647,-0.003470770667951293,0.10940827979859527,0.03864004595465926,-0.009278231351452403,-0.033407066245589825,0.1852254201430562,0.028026222489475956,0.14967540332969315,0.16901716780288903,0.00871861126563972,0.3639352805793809,-0.03651704745399654,-0.019214611189656353,0.012318648332319064,0.18898225929800247,0.12766895375430312,0.08451259611242706,0.3403590235156841,0.007233943211057737,0.05666515825441669,-0.06374350569533067,0.28395314891352885,0.4375612757874006,-0.06913331120294465,0.22504163321613982,0.44713537928555175,0.39771678358769336,0.09152246126599355,-0.0834668780139781,0.07118689297831424,-0.062065117995456255,-0.12666132628376553,0.038247612886198525,0.3424916327767903,-0.02823999786072162,0.15726922004475144,0.3108159651243898,0.2347739622777475,0.08554703370821835,-0.0474099681567075,0.016859469813011712,0.047301802428879255,0.21794101247420372,0.07262832938200371,-0.38366925391863094,0.2085513376642851,0.11666211946114222,0.2264518255389857,0.05293965680923977,0.16587479350226159,0.01886580267013451,0.09599897924411878,0.352163019801909,-0.7273332525351913,0.290065008469624,0.015450530780519457,0.06316243640931234,-0.017969445099217433,0.10023136709688157,0.14693695981400043,0.14105037578365673,0.6349215837044163,-0.2206956335318395,-0.13142368904213594,0.05966892605293073,-0.17040008644867946,-0.004290667847800995,0.005640594862918163,0.0616886188472396,-0.12307668431903573,0.08145683619238986,0.14629126180402793,-0.12509418963138044,-0.02046695376192219,0.10623431974910791,-0.07358332319993431,-0.15479624474095177,0.15570338954885082,-0.12785846791156205,0.16014311060094935,0.17959303842262617,0.028469895920288067,0.3845742985016252,-0.18788361838437342,0.22870479806762453,0.14011284837174517,-0.1933759495630708,0.17750015133149608,0.17765277173365204,0.13610440541068278,0.14617717358857327,0.048957788132847346,-0.01988595382925038,0.014475829237600771,-0.27230091124245065,-0.01771721740866202,0.09962848099114895,0.9561715795486314,-0.0760440401080216,0.6819404442452954,-1.6523774927303123,0.3439126985217835,-0.3819942445192762,3.3210480918149194,-0.8540832599245792,0.21887240398052926,0.520085786344807,0.7485000590542604,0.6398370530227252,-0.337729383241488,-0.6447276232427873,-1.2657687589615234,0.0395979014057031,-1.5942063148450527,-0.4123977069745808,-1.2949283497810142,-1.6224791523906785,-1.402867029803037,-1.1575698456050787,-1.57352176564138,-0.4735709637267234,0.4285520812793128,-1.2427648693194648,-0.5748315990091258,-0.8394994464688381,-0.40398751504018343,-0.35622474737200616,0.4706343943818547,-0.1415074307893393,0.031015722443563164,0.629062518418241,-0.9617066714827445,-0.41104030931327434,-0.6192972974016814,1.4085259477698264,-0.6215560453999192,-0.783518117130478,-0.11862782184514373,-0.36755623759960404,-0.19480316141063644,-1.755404114956778,-0.4793475556572784,-0.6550996416601456,-0.1509674216271908,-1.0583620223410628,-0.525805841868548,-0.705740650357764,-0.7772512913847561,-2.336634487930545,1.1009622726697965,2.2079421592028536,-1.5870300679065958,-0.4417386046484645,-0.09546048232676385,-0.8509891635721849,-0.26718551146563163,-1.2148773923828,-0.11999659698732584,0.2872745999260557,-0.9808744634933315,-1.2556052231142472,2.4680020122494146,0.5184092354269184,1.872488152366125,-1.4010651984061777,-0.9625128219531187,-0.8467021427483357,0.9170963370075265,-0.9908056974981758,-0.9806535934172422,-0.988940745860226,1.319016963780364,-2.0729748979108003,-0.5593057751262726,-0.8815349574301538,2.039462631339319,-0.9860674102275089,-0.3498234476372749,1.1627361719444833,1.8825329823407568,-0.8014662094041535,-0.7045168333463496,-1.1348332234398453,1.896736480504444,-1.3603861631826744,-1.2228031089556963,0.9996736651666865,-0.6169364726949556,-1.3445503283756526,-0.3466347557409291,-0.9842406450074369,1.7847956022294562,-1.123831220189557,-0.17132524620228395,-0.787379789980296,3
-0.04461906376772439,0.09274856332417906,-0.094349477317695,0.09456370154431143,0.32858732603454,0.3212630640293786,0.07534191307503334,0.1885197332189066,0.03048631681058197,0.053808239132663346,0.14846243722057748,0.04864681577372928,-0.07674986737689259,0.19409391787971375,0.06977527241382363,0.060086473889064095,0.11387131310774523,0.11636102923714965,0.2935717007436742,-0.026485032067744017,0.06947495933077426,-0.018855532716998323,0.09505362354074845,0.08937022964799246,0.12562789937489455,0.09424547140102667,0.009773031116003358,0.15045688775795732,-0.027449391819062002,0.4566634029797164,0.18485260756915523,-0.1435589385935094,0.14138464342518467,0.28352951631952883,0.33011171679955176,0.13504331125824345,0.03535361700779867,-0.0003938394267841065,-0.0187075865469614,-0.13345821879225983,0.013658895974778302,0.24658398359132644,-0.137533094180919,0.0873413939108743,0.2843523986334836,0.08257122357193761,0.028665494370946405,-0.08596410113888643,0.021426576998705153,0.0384339457673907,0.15632974984410553,0.07259176666076077,-0.4049505894246024,0.17576690802237804,0.16777064964597874,0.14583045768150196,-0.0017097389134409122,0.061515600358251536,-0.08440228009497344,0.0525418063538354,0.23983847650670387,-0.8977728154891547,0.3032736478701784,0.07216545468932731,0.03785453793155285,0.00779463602774875,0.14987520700636286,-0.009178367625367907,0.14519921402385957,0.5604865177841418,-0.14723220656831065,-0.07917271631794617,-0.059799392711329384,-0.1410493704802089,0.012643315575929452,-0.19843122356655943,0.048486801303250636,-0.06424724230413624,0.05059783161258497,0.053122695300112294,0.009202817897585069,0.0589336684131135,-0.04514810821598559,0.018038911975593024,-0.15704654297059598,-0.017905579646120117,-0.018584366231945988,0.30801879780462077,0.0750311563365305,0.13778272917197965,0.285672394456319,0.007385493804376219,0.33445688315680816,-0.17573921446408589,0.015351414137121306,0.030938582060969742,0.10011351322777537,0.25116424319435426,-0.05032749331094675,-0.0820421905778502,0.2206268618432958,-0.07897377353401841,-0.08745176124910332,-0.05839954990871249,0.047099374813855045,0.8625524737834427,-0.11423154610068516,1.7266128880587248,-1.6077411975994589,-0.11995426874272029,-1.184732306115396,2.8658383007451054,-1.1392002552534164,0.01902243099070581,0.421494062877092,-0.5048907110154184,0.4740352540607635,-0.5876593462499147,-1.7067138376627486,-1.2626409966011267,0.9045064533374383,-1.7073717625625278,0.8743394511761299,-0.33142052207036843,-1.0741195433620536,-0.9796251348419723,-1.2639452192105058,-1.5309761914160729,0.38926339447037245,1.8532331030952078,-0.7660553968406503,0.37341296157935533,-0.748021399277659,-0.6441471060715072,-0.6901436316116253,0.5258572388034062,-0.6429137234319394,-0.8958918474983791,0.5161119139543381,-1.0129029869832258,-0.42885155833336247,-1.2502627047273542,0.17292141780868017,-0.9521778457145198,-1.168342410957075,-0.4134298525385764,-0.375333462715764,0.3063161623223914,-1.5181306932471403,-0.2759616788898975,-0.5103227001162801,-0.38219762640315585,-0.7884586870849191,0.5324358869159502,-0.4472081079725674,-0.10970878196783464,-1.1520922365989446,1.2534816237377808,0.8888200492210021,-1.716693301571342,-0.2910030080712894,0.5145470249889312,-0.4840714774368241,-0.3488545965754573,-0.8355043399063667,0.9004469645080204,0.6477918846762066,-1.7155707991634297,-1.403937636380295,2.8202442060535167,1.1017027051461301,1.5870797940915342,-1.1162344529825468,0.3732665672200234,-0.3944218693753472,-0.36178669090274446,-0.4594377743902905,-0.5907794841257187,0.14010087129564028,-0.30141741218714646,-1.099638337587061,-0.3997047332656227,-0.5919232531040827,-0.6014210234546611,-1.0605981461624898,1.0527950476815107,1.9926203187582523,-0.0573084316514181,0.0653767013919397,0.7320299847993128,-0.985333404642934,-0.6021576368822218,-1.4959340432363903,0.2999743063432946,1.1578355816049137,-0.5514230182124292,-0.19463988205540533,0.5605367353352786,-0.3596450267161919,-0.9076471130768738,-0.7292809522928477,0.5581290643179957,0.22465435194080693,3
-0.10427824667507989,0.11995867808135444,-0.0783594070266791,0.07837135049830693,0.32981379995749605,0.24782930891888047,0.06793468032421279,0.35651243701656504,0.07942357198723975,0.049524703817954936,0.09783746460452251,0.04589948015773996,-0.09066653586742074,0.14778350773602628,0.0993501121065738,0.0178075325942045,0.2512830893229309,0.09778402606346277,0.31481061072755434,-0.045264087132544165,0.11949701591129223,0.0967250095756334,0.07310170788105629,-0.08302695582839964,0.14036344819848423,0.009899985983324486,-0.08989884644681286,0.1362226890294582,-0.055195614571314784,0.4478787635135677,0.21308692678511557,-0.13894711376508084,0.17175028389961372,0.42400422383532077,0.2838267978803399,0.0825929111039472,0.0915034922970691,-0.060832068676709185,-0.04802122149194722,-0.07403414005847676,0.1089335309820052,0.2915597925866294,-0.08861436130100185,0.06641601302038243,0.23134499305926112,-0.008756922478093274,0.03631679278058574,-0.06742520287671253,-0.02797901680952802,-0.08359687211689255,0.061143912026864956,0.16628099373120622,-0.41291213781144825,0.1539278390312085,0.09726077689062261,0.1719218691746425,0.029242845908547116,0.019903995488372826,-0.020255321365011382,0.0229377931419472,0.21648560674843606,-0.847734827258023,0.17932865222312405,-0.03329843011948394,0.10220615807327986,0.14839664927413157,0.18916024522093242,0.005631165432964947,0.2068259182987943,0.5426322466629209,-0.15339064127688842,-0.07087386058444001,-0.06829689097346116,-0.07179411529749367,-0.009290208584390417,-0.2145388844844196,0.041838048750097674,-0.01581058375774554,0.12552875882502165,-0.0338096762594163,-0.005213735401114549,0.08117862648589481,-0.11497271370741767,0.08360683971997382,-0.1690262630282212,-0.051943748556073,0.03277252481397093,0.3041745024706105,-0.011100077387347841,0.13892220273719816,0.3007490464229791,0.10070748708189997,0.30297882002112303,-0.1278885013637961,0.029708158954257873,-0.08774257509908491,0.1463298377603389,0.32272018176666645,-0.04067899550143165,-0.05431598702038591,0.142084639305856,-0.15898689332685714,0.013709156128954353,0.006430522770308287,0.044718596665858805,1.5904013742749223,0.2625878232992337,0.4030506842228922,-1.3443177446460268,0.0026626816397395457,-0.65038734278888,3.1162684335234707,-1.3997308302972746,0.04429874873544952,0.5480277218483247,0.7130884133905409,0.5316292948600733,0.7110923201376235,-1.5258110866254382,-1.531527759916282,0.048373634277102166,-1.1689345545320793,0.14021371943054547,-1.0952261007548147,-1.61969879981972,-0.8643708932906684,-0.7980369729508116,-1.546285110359355,-0.662936460456796,-0.2911305392493181,-1.464079388196968,-0.3719583854480947,-1.0767246783618776,-0.3592659866530274,-0.28020956104970407,1.031539133338806,-0.10148699187072256,-0.5452476706742875,0.32345533249067143,-0.42311170211506777,-0.959280018063939,-0.7454424180710953,0.7916669523194143,-0.21720289308368704,-0.6015869300839778,-0.030886646234019748,-0.4681396883069697,-0.6744842263178638,-2.153958610627143,-0.25781007669428757,-0.2776706872901267,-0.2330527260671616,-1.1840266505786126,0.9927435058523814,0.15188417443582392,0.2909027502733971,-1.245693067805129,0.12511004446855908,0.8512003611605636,-1.0448653835241466,-0.54325368182756,1.0955424262117104,0.09382074943165006,0.2163009144126611,-1.1850893527531794,0.645082499418629,0.22406283701226526,-1.3776476287429198,-1.5542778644017838,1.3599634010869535,0.36699995692199755,1.3778940112456546,-1.539185117716966,-0.006988452278207079,-0.9342602268085854,-0.4868271394982992,-0.5336158363041132,-0.9637117749723717,0.23918164618147486,-0.7000858347790518,-1.5780135665380874,-1.14339870394803,0.3576554451335667,0.6078178815113101,-0.2666560910771096,0.7094110883960855,1.607618185102167,-0.4169919247540259,-0.47317059018275387,0.3909265534428729,-0.6387517438211402,1.4243022139097665,-1.5643151624572442,0.5150441575355998,2.554336308983769,-0.6267388920603733,0.510761554506654,0.6932560015417046,-0.05833677663853903,-0.9587570412245384,-1.162541013419587,1.0447429520990748,0.1554462398072417,3
-0.09016160069461612,0.1621079079173754,-0.0036930430573152147,0.07359914033443751,0.35807752322209147,0.1601159151778201,0.020321304748781164,0.14281443934922755,0.03634060679893082,0.0906572682122325,0.053423302131526226,0.11238842468552165,-0.04902684667948573,0.11278652801919543,0.07169155196184021,0.001562972897843823,0.3428359918102725,0.23598192105072832,0.3403212314109504,-0.01344045717410374,0.07288783345281045,0.07641545987372787,0.07914017206381342,-0.03548373557288972,0.11182649134024909,-0.007568209566584922,-0.20139365390808797,0.0880327317558126,-0.026162039816214157,0.5705257660734365,0.12370929741990322,-0.17362066198709764,0.2649282667718946,0.3149626020244743,0.11529915778703234,0.11551674290808994,0.015664911297951247,0.010463670825029936,-0.03213274940469341,-0.026850673698561298,0.12275745286455216,0.19405352629198355,-0.1561300266565191,-0.05425880764983082,0.13238342284927732,0.05810160576520744,0.006922349758275661,-0.07754849179358686,0.021642888730782763,-0.07464567696791997,-0.06631963534565523,0.17438526197531876,-0.4361040894410232,0.12484322827972986,0.07079239110228133,0.2641195627977686,-0.03585325565742936,0.05949104418994829,-0.0745783437012898,0.06862183693994474,0.26471412509281417,-0.808007339454802,0.21990528536440954,0.018493149160910192,0.11078738248807136,0.1877711297284115,0.304590484650127,-0.005567708831927988,0.23174829521858367,0.5527410615964361,-0.054536586031919077,-0.06885073944369623,-0.06092528877963409,-0.0824760445250673,0.0675399942797885,-0.25995264673826135,0.0458863519287214,0.0482633274771981,0.2763911307008382,0.03241950687319444,-0.0002258976328065847,0.21693313561200048,-0.18569518229976897,0.17909664979818843,-0.15332723695682554,-0.039186221850155856,0.01926015099765348,0.38762224215773267,0.048670884104647726,0.17098858707004486,0.21017428419826448,0.12097627954933113,0.23707051609976038,0.026244072918331633,0.08700394229427519,-0.026838162929409274,0.18794671458048984,0.16115756807577414,-0.015647722910613348,-0.09954332300111506,0.07750302263727464,-0.17892815950519544,0.11943629082905699,0.006470652043912498,0.05796440519178238,-0.2779350011568123,0.2979801564120404,-0.9308566096748947,-0.6014507126877334,-0.25553448612671475,-0.81773772580768,1.4542207807989742,-1.3822409504789306,-0.23115020010577125,0.06886177386250157,-0.34436383635010803,-0.5056047967307427,0.1833458594743445,-1.3113218330521466,-1.6061900912577816,0.6863083143501624,-1.2879000180088087,-0.5862492631132964,-0.6029776286218926,-1.4276245819244295,-1.3142276312795886,-0.4822571686811033,-0.7709008884159402,-0.9396780863165548,-0.6262479589784332,-1.442909184760687,-0.47068383230471067,-1.2159800830389358,-0.14859887111201736,0.5494129844243789,1.1117643420737549,0.4897945281708138,0.34733733336722916,0.9911653163982537,0.16442367738274566,0.3328958556287336,-0.3250838566360566,1.0135791220731094,0.5768419983330245,0.26989395179297354,0.7717301513405973,0.44267453735991813,1.1404725338738733,-1.3747178879895803,-0.2729862972744488,-0.8018847809356733,0.06801167480988268,-0.19217818762448163,0.42554108633081966,-0.1381281261654653,-0.7100753544103781,-1.2786180025748013,0.4317186248196381,1.2444430656023802,-0.860167383125213,0.49819876961480486,1.3636098305187672,0.22483359710483172,-0.8148919515571863,-0.7107188443210346,0.019391218146074432,0.38737521351566157,-1.4768946766815982,-0.6885339323214924,0.8525822693381716,0.3090868211278817,1.3932485000432653,-0.9910408514409416,0.9984673821105028,-0.8378847158697008,-1.3741414987746403,0.6145477690327307,0.37364784581357113,0.23504318264370164,-0.9056221886171939,-1.246035820445375,-0.27638871112909263,0.5288926214562251,-0.03721009228480783,-0.21142603021730985,0.480962259104594,0.7982841421402,-0.4946286489174523,0.9124350344735784,0.5913990587811296,-0.31392690155983644,-0.7478346998271922,-1.439430813304878,0.32432302722869794,1.5608865711979703,-0.645697749692177,1.0596345225501709,0.849252544742288,0.05036796426381277,-0.10356458183792469,-1.618182254398184,1.1002891644137707,0.14748467024921175,3
-0.35483706583606134,0.18936173052934663,0.01785788363199744,0.1395418660478942,0.16871899316252992,-0.12215424376930539,0.08327797063498021,0.014680046972859918,-0.050490836351041284,0.08620778452284429,-0.09422975446874503,-0.011370192017543369,-0.16693087855636926,-0.05036610826944254,-0.02593123388118005,-0.09181717568453138,0.35310655054580137,0.20273245359237754,0.1680552284471554,-0.013763086148190091,-0.06408308860600337,-0.0201080435245636,-0.15522449401002555,-0.25090283733073837,-0.1646025598719588,-0.3171668426734086,-0.21790444336157277,0.026046447077725132,-0.020037712656782534,0.41757778677845525,-0.02500302592807919,-0.14065029897691053,0.09015879147570682,0.24296881976857487,0.008805899315956316,-0.04399910123242007,-0.051330950901837945,-0.21962751653735907,-0.07468123841485541,-0.08305531818265058,0.16734218684736846,0.037506417194005374,-0.21135796413661823,-0.11862610436616626,0.09099846243636467,0.0032385731570525565,-0.047621763393898765,-0.010419943159488963,0.050788687067682435,-0.13518183239611584,-0.09147709983788797,0.045924142779147394,-0.33578081100847706,0.005023823297032406,-0.16403948607104304,0.09611272725180867,-0.19814334519464094,-0.09421084488090964,-0.1258634006111148,-0.02052172085658686,0.13003723626638616,-0.5585378000525625,0.14710047416750424,-0.007357510002346291,-0.044141047123267885,0.15991483009068297,0.22657292677698013,-0.20496440376188174,-0.018281252047469953,0.4770671824353618,0.10042526880837478,0.07285218981351833,-0.07572466665904032,-0.0173459427526258,0.11129865012372983,-0.23868474055523697,-0.007843070474795884,0.019272433035926777,0.2120162554098548,-0.19200652261330076,-0.16111110883721005,0.09527816410542422,-0.31967797152194377,0.08991510328181955,-0.14036830839676853,-0.14184734680259659,-0.1671656376886184,0.30521613864313385,-0.19330774581396062,0.03254195512879197,0.08522577012161354,-0.08737823536268706,0.1358340956320396,-0.13470808674636542,0.02281785319903558,-0.18245850301373154,-0.0741018472403634,-0.1726380579944811,-0.05252854583416117,-0.22660103739631363,-0.08348580833497961,-0.34297192847940755,0.08205065137497818,-0.2074059480142107,0.06564608048496022,-0.21628959840041395,0.1409253355735007,-0.9315366190974423,-1.161958153016917,-0.7103843693453326,-0.6035701684071366,0.12127162752034844,-1.1997797551043536,-0.44433889276014094,-0.4066986594041448,-0.18251068325319253,-0.3945407781710017,0.9637992822008221,-1.4167255439307944,-1.3111853606662986,0.5056342313132621,-0.8716781007337343,0.24189806163267646,-1.1617706533781265,-1.8561872440856764,-1.0459830059069999,0.8629754549350891,-0.8154730830604338,-1.439943411855272,-1.527549971959915,-1.4310715474273208,-0.5167964426654437,-1.232081046160017,1.0033423991654227,1.341650876649866,1.5990775998693998,1.8110992223606095,0.5699481619929304,1.347684649714639,0.17064494288732926,-0.25702220989257113,0.2500207005426902,2.501427757903614,1.1135678985721265,0.3971106790278056,1.304866519683934,1.2984402444338852,-0.11686957700565126,-1.4355913006396,0.5085140397220731,-0.8242817829563038,0.04384301970286303,1.2087784922214262,0.8846375983836815,-0.10318620645623383,-0.644056978048131,-0.9633657970465632,1.6581731732324612,1.7516766171424822,-1.3811100899351312,1.5386514681144892,0.8427770838366558,0.4523558123146692,-0.3254016438780893,-0.390571882991506,-0.31346094548318476,0.11605868040683305,-0.4106350799034482,-1.2800042651499766,0.6035567683356416,-0.0046232541670421035,0.9203721854155458,-0.35796944612577447,0.29391685219970887,-0.39236161234422495,-0.7712035675102672,0.6941867458624816,0.8136955674525658,0.2136885307246165,-0.6261780705423603,-0.9722325847477961,0.5434119397152202,0.5402588087399255,0.2581915235133397,-1.4238580029002132,1.6437241749653788,0.9774830945034002,-0.5722352187760325,0.6683840713861616,0.6047789689631392,-0.3984096174046268,-0.4176208676862611,-1.7542938711914673,0.2959939245566019,0.2408989802276163,0.6609996256343816,0.7812272787349157,0.7632395164433543,0.19756712597310871,-0.7646354953743125,-0.4899131407883897,0.8098541855655913,0.32886325365956354,3
-0.23704760533077493,0.17001579571594932,0.005172488590059021,0.10439798930333309,0.17642409136268214,-0.034780269232797346,0.0516436839877385,-0.07453328567962579,-0.031222386896227017,0.14325724230538178,-0.1215303896370315,-0.0067487804730289955,-0.20325199355767706,-0.031061152968094433,-0.033232634928872226,-0.10802120526502612,0.40233870774071734,0.20234704518971897,0.10525306371062022,0.07358161436383381,-0.113543193172631,0.03777805175479502,-0.08296951395001005,-0.19314673955692988,-0.21610162829174415,-0.3048578002792239,-0.18224747356809914,-0.002826057364417401,0.005110799391911187,0.37310683719288834,-0.13508810691943499,-0.04490497094747674,-0.018789194013835244,0.19019855286188808,0.0489506737381308,0.028769772630508682,0.1534545969941676,-0.28172973569323895,-0.08125475495300206,-0.047723807758807066,0.22273489165496682,0.05540911823082575,-0.2289193836744284,-0.1348418966175316,0.032388592804698906,0.04463196923295729,-0.13016686244283127,0.03637777304312271,-0.012637305224690738,-0.18655645004746796,-0.10067245134459808,0.04510318723792519,-0.1088537070244465,-0.02075639738820558,-0.16912928552437845,0.06565422110460882,-0.28024900006415254,-0.15092389497460604,-0.08340369055254486,0.03746345976245751,0.15073806611599885,-0.2394195857779765,0.122261216788127,-0.00867019777344738,-0.17195954125363697,0.17479128746018746,0.16446547217345883,-0.2153822300168094,0.005701160139622897,0.15422073736540878,0.3578647186968052,-0.04538333680145734,-0.14951596251761395,-0.1071023463756667,0.018567881101571523,-0.13938792095947994,-0.0038746496546742935,-0.04511944003780285,0.16837647512377857,-0.20264154508514223,-0.14402801606093077,0.2559010269715682,-0.30130485848399763,0.001710139063910695,-0.09398901772132538,-0.0924319209963864,-0.2240534542852876,0.22896760895203744,-0.2109604174140809,0.1396905399032216,0.1588791352475703,-0.02539861306350357,0.06259328125316004,-0.19763606710795206,0.04621372468328347,-0.13058740841398223,-0.04373105290630367,-0.2868650190504793,-0.09457578149743051,-0.24228195469010677,-0.02139673057092858,-0.36433161620171445,0.17174113418017775,-0.14118642799410627,0.10509740599871917,-1.0059762829148187,-0.20362516124946406,-0.9210214544443363,-0.7706652386578128,-0.39634370124753693,-0.21582020821850822,-0.7053751553015272,-1.2206876298852303,-1.0071609550542484,-0.5005976566527378,-0.356611875335089,-0.477347973758545,1.1086727233603761,-1.064237444747409,-0.6921907252469255,0.08168738576221699,-0.8913408909823158,0.8281889195006845,-0.7705537082086846,-1.138215106756979,-0.5162201453035887,1.3738824001690233,-0.0656752993746056,-1.5432505187153134,-1.7955861291625461,-1.3081726016768924,-0.8769968701834886,-0.7618458307546128,-0.041597758651964856,1.126089904871091,1.3389339519878074,1.2507519014390365,1.6051909573299588,1.4567502511550612,1.3383646709641466,0.5152499137690122,0.18114853444024356,1.659661873876519,1.516223360337446,1.0556251521907156,1.654269719465021,1.6142137125349654,-0.24453078753045976,-1.3291234038788884,0.630459820127817,-0.8261045860820179,-0.16196385076830766,1.1348956840109257,0.6565926431251861,0.13900580535791485,-1.4924750442094752,-0.6741568858687894,2.1490064104896205,2.128874220864004,-1.1456810412373524,1.0147264391742143,1.5949863662872399,0.4304865162769699,2.611098700956571,-1.0854394108244325,0.4696252683105874,0.0360757577470665,1.6945104944783602,-0.3082262398919698,1.3371624080190492,-0.5438719065769778,1.6501595230341395,-0.31531957386334325,1.4030681769743478,-0.3535280373502773,-1.3320816180094008,0.6813920647832272,1.0322493660674898,0.646451350616242,-0.07681644836761588,-0.4640554071880307,0.43357996433222623,1.2644770879427902,0.5953180218136584,0.041622116427593676,1.131080329756469,1.0905082558935753,0.8370728693897066,-0.2876498425447937,0.8124702153256139,-0.17481562371912818,1.1549147956722703,-1.774852170650337,0.7132729471315963,-0.2961073835153221,0.6810320029365874,0.8703526266487798,1.4908592755621495,0.41766071569063623,-0.47227342622378266,-1.1691420728109447,1.9172448901519727,0.33236157769780106,3
-0.05184677609013264,0.23806009308728754,-0.035096284298029155,0.1318696676508498,0.22190156116632084,-0.045145140894920846,-0.07423252805159554,0.010680452833114548,-0.006937736789617905,0.13495169003324223,-0.1437869740608533,0.05353693949298088,-0.172495513760441,0.09067051588764491,-0.17332765306276868,-0.09631437619189359,0.4995444961837984,0.24302223190219963,0.015828718976447956,0.25249142663486396,-0.0726173592909019,0.06922249529900432,0.011851383638603438,-0.12117950446344691,-0.2088118347611523,-0.2916918236371423,-0.13326163717362477,0.08912491595201426,0.08605257095716849,0.3287245990756995,-0.21436366815153074,-0.010741346358872694,0.031904873216557425,0.1733709409881575,0.17400750173248902,0.11381990125147604,0.2644886839802677,-0.177597755692538,-0.1083658266577531,-0.08849246587261635,0.23570741448638668,0.09547659525281967,-0.25009851803049193,-0.20128309468327343,0.058254062564669765,-0.023080443867294614,-0.1593793020419087,0.013364361260067443,-0.000943063065145574,-0.20705603795222263,-0.07176155113174919,0.15699647213546766,-0.01985761410792295,-0.056331968832287777,-0.23544225847884395,0.0709577410218767,-0.33400474227192783,-0.20807284959844774,-0.08875051549926737,0.01693611495860448,0.17185042459216784,-0.0887645361256938,0.05066946032243273,0.004012366248148116,-0.12267780586434358,0.1708484260402934,0.09348366685848263,-0.2293357694505562,0.026384945420603084,-0.07111572391734226,0.3060209061555789,-0.0775818150932845,-0.17349903775280331,-0.2091959052536379,0.10294153469768978,-0.09212223815531718,0.03983302538651395,-0.007547164682243706,0.21254714548800058,-0.20297251226773283,-0.09887539516994463,0.32873856737411217,-0.2838091108748434,0.03751703669904366,-0.03027080853938723,-0.11388017149317244,-0.1849481807527407,0.21758866494368465,-0.21044405414566775,0.12892561852631762,0.150853762886031,0.036898760638144776,0.13765062502728834,-0.156600054228333,0.14974445952781265,-0.06246897790828207,0.1380699483168492,-0.28609205275966754,-0.04037415329456136,-0.2291220262804214,0.018932041899378662,-0.28423409510111747,0.3420085239818232,-0.10821265460216277,0.17470508659542103,-0.2128595416690518,-0.20269575637953188,-0.8664993312744099,-0.688617857371933,0.06325278117063785,-0.23751283466055806,-0.9246862196658903,-1.1192620914767049,-0.920538273940861,-0.47782272439858475,0.25185171936741696,0.16895102079814522,1.3061989545243426,-1.0871247499708547,-0.5056810903445387,0.5490783930829887,-0.4020613963025722,0.7343005386641004,-0.7031563900618302,-0.7255258948594765,-0.14556513948699495,1.7465460906248922,0.015873199787700663,-1.229349137418959,-0.9117833780239089,-0.9194524668230035,-0.7584865591026136,-0.9234706046067537,0.7322973335702255,1.5309455457814194,1.4759221716456798,2.2318729510750868,1.623786111493241,2.2665052695598678,1.523452407122162,-0.05028139387562098,0.983198878275538,2.3883368950033756,1.1815549024600807,1.901847270606923,1.5331908216677133,1.8923263065578233,-0.928542231249245,-0.5358837579198211,0.5908288787915401,1.1047121328545917,-0.5037020937886818,1.590107775306202,0.9976374710632584,0.586395287042195,-1.1678600647930784,-0.240394708442117,0.19343751263408623,2.509627986906839,-0.7903914509439683,1.6058966490079085,2.178505741112533,0.36522473430076674,1.038157685101189,0.7850916461132464,1.3178613099575345,-0.016898194607755927,-1.1359767585998142,0.654088574173318,2.3040615794187467,-0.13287947758619773,-1.1654243397324515,0.5321658776337115,1.4498489303823352,-0.0009446202180473453,-0.6247963147742683,0.6758057176999888,1.4281399896718023,1.3403586459213082,-0.5625684752332026,-0.07621181784613577,0.8048980279401236,1.428769445149623,-0.08866278187272492,-0.5243857501782226,1.1510459338785446,1.2919733422776338,-0.27837918112543486,2.305079759341332,1.363535343996246,-0.3510464735807932,-0.6487200380682262,-0.2742513467036652,2.4698939685629924,-0.177934237619018,-0.00898196639881745,3.5005143540961683,1.1639058817086734,0.4843269605529711,-0.29729500718349616,-0.14330390793661635,1.857665263560691,0.40269291860940387,3
-0.08827112013557929,0.3503554850426654,-0.0413922514048147,0.10924306819771588,0.2291043289413579,-0.11277574584145356,-0.0640907270496929,-0.05157500156902857,0.06233114494669277,0.08695706972065446,-0.15266916364430977,-0.014654512286687361,-0.18110573730557647,0.09385372389489281,-0.07427026244375365,-0.15254841274129458,0.4374879290606403,0.2699756629458321,0.020112612513747293,0.1269014809934602,-0.08558797659983157,0.13593849590903243,0.01196123850369371,-0.11840454303412004,-0.2549129340645763,-0.3015297984661358,-0.25248490882471425,0.169924441322593,0.13447125667167423,0.3605893412692194,-0.21401703707857114,0.03305882176554763,-0.012418201191533357,0.10364901248238882,0.12402217216020635,0.11522467523294054,0.25987446885087606,-0.1988271996885565,-0.13645664435134341,-0.11535413602680637,0.2098814233375864,0.010642365082290797,-0.026021132461368307,-0.38255478081448147,0.019771850732176858,-0.0016250067824322334,-0.23967068737086328,0.0008376362638366756,0.06452074414489535,-0.12824803051176542,-0.13164140345264186,0.20012302206588,0.18087259014602972,-0.12175354040174377,-0.2553650592211582,0.04915772670115505,-0.3218856908413534,-0.309400250788102,-0.052667953936543076,0.06072263109693534,0.17775372549346544,0.20195824912540045,-0.03995434614710481,0.013640806626050373,-0.08309825263958427,0.12410473397702204,0.077475325698871,-0.16382423058983578,0.09827558885509911,-0.32155005213185595,0.42675802029620935,-0.07916496059190155,-0.1494436417492793,-0.2257885524240422,0.08965234950748176,-0.08258740023947908,-0.039515431626586384,-0.01287499785680495,0.2346045487667418,-0.16477209412593616,-0.0767540150852418,0.34026526470853563,-0.23566187604478903,0.03150176118290477,0.019961274707538824,-0.042282313468451356,-0.13658081168960173,0.21946683036685868,-0.1908576113051492,0.1346937393375725,0.07395145836087688,0.1356425240227434,0.08320577409916093,-0.14126163361753236,0.15914350280358333,-0.05284899633300009,0.17304490376503986,-0.2906274421902249,-0.05094581304281886,-0.1838556808049827,-0.062381197410046954,-0.19550463008790664,0.5092577637056762,-0.11332699407941164,0.2058220830991528,-0.32795708336939233,-0.08355406367102163,-0.6422216560866524,-0.16031756951324663,0.6412761533444599,-0.39060200042340965,-0.9528794418016799,-0.7538125774906388,-0.7936326826863828,0.6003706616511937,0.11334426498786555,0.4896905082691078,1.1156262295478694,-0.6458109000058369,-0.12067955250311801,1.1358790128652432,-0.21338450034614276,0.6783748613255024,0.5850862944233182,0.6257392919691195,0.4941608137823055,1.285555408687218,0.9398866785214756,-0.20430560832278774,1.2856365434436292,0.32417597173978013,0.13934780344416953,-0.6152152964986229,0.41478220032859886,1.611356915000338,1.7920843457096831,2.056015296005249,2.6629320701051906,2.9897287604471807,3.482530262074014,0.502710365342339,0.6574127376805401,1.9122291479627718,1.9068753367090725,2.514988001367211,2.2005235966062564,2.367693800662283,-0.8681405693752451,-0.15356498022703427,0.8125341822806517,0.8987289654706092,-0.37220635412806746,1.9996442757608694,1.3377365032078097,1.1214862460328416,-1.1371834291255962,0.17692114885359234,1.150757770742874,3.0874672114336446,-0.9487920879782796,2.7062507839435397,1.7433495576929303,0.3883553475268772,0.39501373386399063,0.7225601046008011,1.3998349985338188,0.4758927112126101,-0.07097188930456148,0.8337009782813312,1.6186662165226997,0.5275553827844205,-0.308568183823702,0.5641799747719095,1.950900746755778,-0.3339034071594492,-1.1309108203326028,1.797381660387159,1.6948081633592054,1.5499369025429885,-1.07503455104974,0.9861042936689577,0.7142404409686127,1.7684242841144804,0.6023927662322609,0.30770707693979343,0.6670752099178148,1.5030479674962764,0.487192813505316,1.4275980080650517,1.5367309542137688,-0.2613524335131422,-0.013108730666483777,0.3858178441295611,2.7301317788584676,0.453381451304613,0.6136661959541868,1.4614152398172833,1.8463054303844697,0.9576554858490256,-0.40299730219002744,-0.4308199857685462,1.8377065895880553,0.53379879534581,3
-0.08387887191504782,0.3168990545704725,-0.06898065800228916,0.10365216163596815,0.2974593218410605,-0.1439554932513342,-0.03574106671394136,-0.028523337757129584,0.06377297177179964,0.052808090684313004,-0.09374501845364198,-0.04205292020997003,-0.16798340581874233,0.08043901717929927,-0.04856589372231811,-0.11517201622026507,0.4171675905811796,0.2142831489068097,-0.04661429989893998,0.10291290930326173,-0.043021097529163915,0.1662749637968771,0.028102212177309176,-0.16285282956459063,-0.24378158600197591,-0.3397238691937871,-0.20880102339978485,0.32122221641657084,0.051600248961759514,0.2067277263196676,-0.154774396746547,-0.010209540687113895,0.09078173803305527,0.06145289921775321,0.10213356736119963,0.1077349439737757,0.14849466384755464,-0.145310426160902,-0.1858421335746585,-0.0613010780590645,0.22390507220536246,-0.022715206853475507,-0.048046098841883676,-0.34405642042973633,0.0015882338229474705,0.0013054047696252629,-0.1840884104969422,-0.012346657378672814,0.05480395984967693,-0.1345464907491176,-0.14948204814744057,0.2181090991380448,0.3728100655049691,-0.23679479127622013,-0.21784310253420283,0.04741834379723364,-0.3715605358054907,-0.2526119546594703,-0.07696633527504301,0.04833986981194447,0.1835820161055009,0.08627886228250842,-0.005270170652908032,0.055856456467099885,-0.13927996062369072,0.12853387468281463,0.08621652493086607,-0.13115878675755077,0.10367826824928406,-0.3330228485248246,0.3860971068338068,-0.038194489987482975,-0.14175189054642637,-0.2608882444298307,0.19531406410147176,-0.11362573569809994,-0.06960812769691978,0.03959999152555342,0.19775300790097888,-0.14829351961882087,-0.028711643651444182,0.24523341788431843,-0.20240100433520405,0.08079838501120358,-0.006491943417717694,-0.002970862658522784,-0.0761088440254171,0.22013355252167915,-0.18285463699165863,0.09578903257645795,0.09434796774625706,0.1853662469313999,0.1381978967310523,-0.18835283189568838,0.20025504778743092,-0.05075494555497824,0.08383251378211788,-0.3229409934840072,0.03666015338204842,-0.06274469154813547,-0.04095078923153318,-0.19160445041029645,0.5135750987032204,-0.08545900863756951,0.14365329011054556,-0.9032518837240708,-0.3863748358630349,-0.966676997266495,-0.2536338764612465,0.270101075405276,-0.4925833176008344,-0.9741494629770089,-0.7009519819733062,-0.6266220470697995,0.38534287263031786,-0.002113881340496178,0.45075421659993614,1.0081984495740148,-0.8291987793339864,-0.020896101852622532,0.6966026344180661,-0.24593849427172443,1.0905058966012895,0.44746069725186216,0.5590087810441595,0.3444369693933327,1.5255768731287076,1.1885306909770905,-0.033882793059455275,0.6942238706355851,-0.014274146432128236,-0.36002926925017537,-0.4976924996474761,2.402491069542747,3.0076168230761318,1.7039905245445777,3.0755052704230947,2.509047657734978,2.7137000082431637,1.6309485411010398,-0.10889926498638429,0.6626080510410532,2.692401448609501,2.066085629936983,3.3136182433127,2.0323507870640296,2.3855873201689937,-0.7644087224680916,-0.23647214612715128,0.5397391396601405,0.9116869758153967,-0.10275662839624765,1.12769746236381,1.304859258130416,0.9737482124498983,-0.4627231584071929,0.6857876293903714,2.004911431336914,2.2745601892287373,-1.1199172017306949,1.9469117267768508,1.3157699535038492,0.0960587320278624,1.0482943656160417,1.1547964926559637,2.137326270514113,0.15859872256596277,-0.06176015823687379,0.7117299176626537,2.1887533591803763,0.13302976509292727,-0.9632455374356044,0.7761697298878788,2.3251098465568436,-0.3774265147763613,-1.2698555803200808,1.2476525634870022,1.436307686574587,1.3123038185698481,-1.1319024055591487,0.3415126810574074,1.004770524138113,0.4640475409420649,-0.06492543777345774,-0.07089750687568824,0.6959931549192742,0.6603323752393767,0.739809606856345,1.0402519838014959,1.525399339105886,-0.45636894309562703,0.3547001775966393,0.3949813366960124,2.0114597427734613,2.43522646353472,1.164388435776895,1.4409555210326537,1.370385275747563,0.8331402928674707,-0.8156220895385038,-0.7579956042664872,1.8003733006116986,0.5678979323606269,3
-0.07694126043305773,0.21873483802652355,0.014687396520461369,0.06812201234489514,0.21277463867331825,-0.1852888303317852,-0.018130781828640082,-0.047112535007081825,-0.06397023703222161,0.005391322007402724,-0.13556208689044283,-0.010577092985501723,-0.15898873708978198,0.14600854424455986,-0.035124801126058966,-0.07812920860074923,0.406032619047596,0.2114088053097824,-0.0800723335860536,0.047811063981523315,-0.15905714741410554,0.15750374421702207,0.02986989559559621,-0.08176715164048434,-0.18757318088340746,-0.27273313944510635,-0.17698185855552775,0.2719008082926206,-0.030648608970585727,0.0641899180794447,-0.09519084845113929,-0.08723131850315959,0.009255163148160356,0.09724103868803265,0.005211195896041455,0.023993444413899633,0.16057196440075855,-0.12136326554198797,-0.1196963346701071,-0.11661635629240233,0.1943668847147582,-0.04286812126157039,-0.01613338403684378,-0.3034740964763469,-0.07591053723225635,0.05984238571380407,-0.19891993522806195,-0.01785393251344481,-0.026307065221259546,-0.17260053148946208,-0.17024102140612832,0.22472880945817017,0.34309255754104817,-0.27124515762216467,-0.14032514068383942,-0.009758029600025699,-0.30317354355340287,-0.250687079987772,-0.01289701125683018,0.025820770062760654,0.22922156610247507,0.16078680278411742,0.00551288082016117,0.03092519519689414,-0.13317451512773637,0.07732755739027294,0.08260131838113528,-0.10346970287539482,0.07290951216767158,-0.3905748721077594,0.3397295409309425,-0.03212408409595231,-0.1162100321101386,-0.28818358905760716,0.20108571081495136,-0.038041278863858816,-0.10500422066667953,0.0025314538784504256,0.18989922369659584,-0.1311967641872037,-0.00602282756712203,0.2225044977623683,-0.1933260607884162,0.0977464134481724,-0.034734798779814606,0.03149696376915506,-0.05474542902356997,0.08732702685453268,-0.24389126644030676,0.05812886752540011,0.05437602859850504,0.23546895241688706,0.1294502268473077,-0.09895421409070548,0.09052704114059035,-0.047790787957638414,-0.0026764236628551365,-0.400438587830459,0.04852998442987368,-0.01935955532486063,-0.10542764825117402,-0.10340148205030028,0.3759831659019486,0.00213213687712532,0.07970065583192368,-0.8247392594406942,-0.46900976656398463,-0.4748936354733148,-0.7941468133383417,-0.167274602160756,-0.29267616951938025,-0.8609631612236688,-0.4700071393264386,-0.6074902364414099,0.5643278323312414,-0.439011036722474,0.47429354732496415,0.8411065661441302,-0.6374688199072579,-0.09062810158489673,1.101275356631898,-0.1518566418039102,1.042878562058403,1.0884932916351628,1.1159817818427564,0.9006061864310135,0.8462473092528701,0.6397578528018728,0.6902354690132099,1.72223859770998,0.5204896517096798,-0.5024754207597234,-0.38326184886461423,1.531075030854999,1.810559464720605,1.986181942315971,1.9733128259608348,2.669649699425975,2.713317909603981,2.4266393516886695,0.6295881010270646,0.829089179396817,1.7139750740160462,1.6492383061919935,2.962215117143801,1.4343646160264187,1.731218150015593,-0.6152406379641758,0.2800919619297676,0.353047126983731,0.8665065137484141,-0.48290160231896667,1.4817392621395418,0.7650506267097437,0.8009920356168394,-0.3579958778245586,0.8099391351481638,1.0763867818976571,1.9835456895740078,-1.2552643196197963,1.7666235470713907,1.5113504577284376,-0.2753574989410556,0.354185860319999,0.5846927219802175,1.5135047707655704,-0.1254461588700517,-0.6730046395213443,1.0602711787916204,1.4769833547820819,-0.10077237432628919,-1.2150722202322133,0.7629511579051561,1.2105511955567887,-0.5026898902560699,-1.0539159846431922,1.4024970014437006,2.544449002512312,0.35534197878700047,-0.6444446671387684,0.9261778319812937,0.8540053691013769,0.12729289446491357,0.06431564999712178,0.23703580805288998,0.5064723565362752,0.29818102004194286,-0.3407155682926577,1.405942099944779,1.1149285204635058,-0.7122529584380269,-0.010301639745983528,0.06233354642845824,1.1258918621568577,2.36565944122137,-0.23218062323468916,1.814795520668789,1.1432501619297863,0.19727269632898986,-0.37265123836684483,0.4454960933599194,1.4812300060058028,-0.17776146477975285,3
-0.061975689528254864,0.1645391184456128,-0.036869769187203756,0.05752698295420674,0.22560449715546912,-0.14146457517197347,-0.0027170442786420886,-0.11946036677256826,-0.03854223114814964,0.007114932090780005,-0.16975078784689565,-0.03411153192353169,-0.13812694982700413,0.12662259911510435,-0.0694924718236076,-0.0387293830443525,0.24625812552248463,0.20137427107893882,-0.08706908473625129,0.05818084250991683,-0.21379486996969466,0.11919248050655928,0.04895652262888295,0.026149561774747938,-0.23419410666051765,-0.20597251613363685,-0.10550246945992604,0.2590016987489166,0.058999394236664275,0.011060274441511803,-0.13347062316710748,-0.03999844572590063,0.007661970558979649,0.028803966016281997,0.0029860615327500944,0.05390271981529401,0.12311853647070385,-0.0881060200745636,-0.11081175998046812,-0.07786879229646922,0.1625364210014246,-0.12343918856802234,-0.06273025111035907,-0.2691828158153851,-0.01796898598265547,0.02905228372776382,-0.16234099899618695,-0.028839748354709243,-0.0033399107674123014,-0.11754060481852047,-0.1924189864684152,0.2027896687984259,0.29017528157450667,-0.2565886683136114,-0.12917677186189305,-0.027881119338720426,-0.3417349717292256,-0.1626371372801711,-0.03268969883252701,0.056723226295622015,0.23269533264460737,0.14946090444222082,0.08674247095328064,0.037299365049479546,-0.09006054471427213,-0.05099010352347905,0.04559974950462288,-0.13386729295508717,0.1398770956177816,-0.3630449479659622,0.28453714522865137,-0.015963228952874515,-0.1890034262618156,-0.2253260619944992,0.15349771008694382,-0.06079989753491488,-0.15609914330382907,-0.06484462608331798,0.07301188826560985,-0.04402197979517753,0.06613222250009237,0.21928076143473724,-0.12410657840089578,0.0732602475230812,-0.10763090972750725,0.11555106609942216,0.030935985273071898,0.06646232874917117,-0.13399640402459226,-0.018287006096631676,-0.006563344084295932,0.09111906641540224,0.12192319489033673,-0.17736155916749902,0.12238752568961558,-0.053274857598913636,-0.052613371878545534,-0.47955889918836253,0.009959584711233548,0.007126595463259905,-0.0584949897340577,-0.07550306658649686,0.29655693954337453,-0.054606756074852686,0.09553236004421858,-0.9410285725989486,-0.2922018293896873,-0.12175819848352958,-0.4036358015645627,0.1677736597295399,0.08030054359388938,-0.8087043382296288,-0.8713621243130418,-0.40097531965350686,0.9759912634533634,0.6124611899385085,0.636250296266927,0.3326005696943714,-1.0342150743395129,-0.03167464832317101,-0.45421291351695703,0.3191191018469122,0.40168012346057513,0.9280853355087182,1.0744024022466245,0.7073861817190159,0.03071650900285169,0.3733098888831553,0.1293421914913615,0.5314117993932373,0.11506494335894885,-1.0015001790070233,0.015365557464315505,1.417134187978887,1.481380256870484,1.1811152434776881,1.050785349623429,2.098282161587555,2.3145106949374536,0.974958802101716,0.5541649310408203,0.8692688562532594,1.0851648391682402,1.0014761174769216,2.0751172209233135,0.6991189448934706,0.6519854090247609,-0.7208751934252692,0.22049076665151282,-0.10818866289481623,0.7073572190347864,-0.8174791918318507,1.831707658596336,0.21253155860782708,0.2864350872718565,-0.443032872779881,0.13096480853555098,1.0409131944501044,1.944683295248672,-1.4805855370699859,2.9191851516633576,0.606911013109894,-0.04066230296279357,-0.6358649424796975,0.41368032395531174,0.6377004052491504,-0.5318306617701271,-1.0174449130862349,0.943881759515817,1.4481166834686034,-0.21653477668512497,-1.1487652769167636,0.30164275851722766,0.47445925613090173,-0.608066968833849,-0.6599111827497052,0.8309026812934731,2.0131464518903934,0.4370229828290292,-0.940310244645244,0.9460703054636653,-0.10050813104525405,-0.7859002572307877,-0.5746756433780409,-0.11578318551868866,-0.0500408474632567,0.27039072803986364,-0.4622037184185615,0.39505549230607684,0.6825244745334011,-1.1412188989184047,-0.07300685795964727,0.1407663870865761,0.49263175396668574,0.8629432963303159,-0.27125142742681585,-0.16947886559868897,0.5693661018482933,-0.12681044967523702,-0.7535214055264636,-0.5989623523957529,0.9678263226016538,-0.2885088811025686,3
0.03354082649083358,0.08657124815161316,-0.10443022347324263,-0.05249030854746929,0.20666136961488474,-0.16501769274589848,0.0004987250760786931,-0.1057781980282111,-0.07566033588702892,-0.0502957610931565,-0.09842560039625463,-0.04332615781735952,-0.11847359250837108,0.1512463133022769,-0.14455144666285166,0.012255333721157826,0.17060441819533567,0.12189883246957607,-0.19498114758263735,0.05648279016491247,-0.15011841163372155,0.1516882335138973,0.05534077113653209,-0.011512783882689056,-0.23429578427114806,-0.20091948334821597,-0.07256337253799715,0.22917168108114339,0.07591056132426041,-0.06897028052737401,-0.09122851054353148,0.0017454754969215061,-0.004328780244272977,-0.003346070568040529,0.02429887123644526,0.0632590147180762,0.12528980981761417,-0.1162967829481281,-0.09334796094918422,-0.02839327751500607,0.042543699610351204,-0.0794070548119275,-0.054346353624847465,-0.2786536157667186,-0.012392679741353416,-0.06595318461326775,-0.2678045661692852,0.01429751303956984,0.0015538861255127816,-0.0574797078632978,-0.20230564124822625,0.1759448190748648,0.28001672628827445,-0.3121992587848876,-0.18454359338629395,-0.09955267993009356,-0.2988612655675987,-0.20322342568428464,-0.04995640152735246,0.07148881795879562,0.22355968807925053,0.1272453086658456,0.01880169645945492,-7.074662257152049e-05,-0.1205281485511834,-0.10388525315580124,-0.058804197644702134,-0.12546562764324753,0.15577658225105684,-0.33435768477564654,0.10387686989362112,-0.028409638942193234,-0.22120465977881923,-0.21989188876238774,0.12248587919436102,-0.02296580563458769,-0.13242038355004074,-0.2136219239296438,-0.012678393950248829,-0.0393437490158624,0.11468964368652346,0.10583449301134812,-0.05444239225336595,-0.057483531292651276,-0.18371206297063059,0.07342768266717932,0.08744426481008097,-0.02301598041348927,-0.22063846040370752,-0.08087961358856384,-0.08955059401230185,0.14613408400660385,0.09302505404474218,-0.2263492031509668,0.12816427274426803,-0.0562625204977476,-0.06466425789201377,-0.4428602709095923,-0.17128531548459144,-0.06198551797622445,-0.017612985368412125,-0.08382644643685877,0.1598817919238555,-0.13281123906639591,0.05593045317655705,-0.7219618593281105,-0.3094880733484786,0.22262852817256118,-0.9239522690716391,-0.3066826218320916,-0.4980717208453639,-0.7963054053405684,-0.8075446044243508,-0.46648657400339666,0.7128374169837525,0.12751881954849908,0.3638893497858168,-0.15584267981769276,-0.44188712815980913,-0.3575832582177496,-0.39902952857057933,0.3219654338098049,0.026894978598508226,0.9722549175875325,1.2468198546759062,0.3781801053740131,-0.7112149192568507,-0.19613332066115508,0.5376902515609108,1.4729606737259682,0.7507671122758393,-0.7071239871874718,-0.06556663640893073,1.0240107416245106,0.6451351045659277,0.8322180659552421,0.8084064594788821,1.3380002866393792,1.9547053470678644,1.3877912672501906,1.1885326653234907,1.0025044330342818,0.6766567993939311,0.44461832650347943,1.9850856724874542,0.12778471057266017,0.5067922700996356,-0.7325115539785408,0.09226798818085827,-0.20620944776781763,0.9500813920584293,-0.3864068929741425,-0.028310916592869054,0.22437113485055654,0.10571265056259624,-0.5337696980688943,0.06907219625829848,1.1697324003738019,1.9140736854912432,-0.14593952071313876,0.648358577613635,0.3129489242971162,-0.1174653221008013,-0.2231954470727057,0.6087556985728607,0.0718866075596768,-0.7199778580707441,-0.9675291170571029,1.410731268752321,0.7749012899991194,0.2404007024421662,-1.1836097752682162,0.7132524381287505,0.05872851946998728,-0.7866441216571268,-1.2715902617841466,-0.12322113555675977,1.1855327702415743,0.2531758282500203,-0.4862772363485883,0.121737742280989,-0.7321767007891946,-0.4602229731065086,-0.26330288629039994,0.1258577943443817,-0.2777412254711024,0.3270543292568965,0.322199305597962,0.048658989652648456,0.17620074673106262,-1.3634581319282373,-0.6146253086019545,0.028827384712225283,0.4804923648724929,0.5148696635402568,1.068178517165424,-0.4164247170898255,0.23902938464995502,-0.3320267794047057,-0.5167951782755577,-0.3666605942500521,0.20313344135094408,-0.5357135132550503,3
0.08905432499572462,0.12197876445571663,-0.10198105423589791,-0.12144675470806608,0.15054593377093833,-0.15773947786480108,0.033299467692979395,-0.035124427872231835,-0.16603981791537137,-0.20344108604388414,-0.09373320704374691,-0.08342089369157206,-0.11212546557302616,0.20163921595598336,-0.22468023292275635,-0.046440139341228905,0.0633174383202178,0.0384367249958446,-0.23843333079047022,0.08730061220347082,-0.26064495166260915,0.09130943252670778,0.06504734959084922,-0.00786043824261927,-0.15066528558711662,-0.1146694345737072,-0.13695510094440325,0.18688994636831693,-0.013997622284445337,-0.08204734854192214,-0.11243068147131532,0.008687877070055205,0.012207056903185609,-0.11866601933179471,-0.08333098023412187,0.030996510009056667,0.05585565350038802,-0.10784644671442987,-0.08391531942892917,-0.014401621570445406,0.04926408347025061,-0.06666634062270124,-0.09677085024930386,-0.2809525674336207,0.0463211704592166,-0.10074377523438904,-0.2528638244747312,-0.027284529338403165,-0.08353810004443048,0.010235675480004067,-0.2751247062800029,0.20547235541744277,0.4155238247204934,-0.23921650119088972,-0.04681843324553744,-0.0811857662894444,-0.3654767294256877,-0.19868807670638516,-0.05956471310223702,-0.10312282972632215,0.16683031012119257,-0.0037721604025206723,-0.05993444701860266,-0.16089462623663062,-0.11157127086155781,-0.1595040309396565,-0.13531662795281896,-0.06586476770503823,0.08656188581468974,-0.4068587589985918,-0.012233247916342161,-0.23291539747958404,-0.24766402949656688,-0.13479188904501857,0.07144249618451477,0.035567779534218656,-0.029273791962938202,-0.28827381277135333,-0.15489037963773133,-0.041346067248384855,0.11967722899783012,0.06132136314267586,-0.030570853935131065,-0.06851052131236147,-0.27684331138615415,0.1378421206405242,0.12421833913182154,-0.09418822917797617,-0.1651218889415979,-0.09023710202363819,-0.06603323664101061,0.11696552916789131,0.049300774303851026,-0.3167908794902177,0.08590801248174275,-0.14867171094419013,-0.04960246598414794,-0.44427291619834747,-0.3314678465574208,-0.1318245141593694,-0.0552510932815597,-0.07698650405775995,-0.018018160724044753,-0.10367223633429763,0.00489362611869643,-1.1458137704040616,-0.4224840355553684,0.33369223193421366,-0.19704024448518564,-0.7461286433048413,-0.18705293375105306,-0.6915886520780817,-1.0024422700920195,-0.5077977325539231,0.3653840577794242,0.8702351999010352,0.22218560568273713,0.19493704984773325,-0.7573332976808842,-0.2039297685404364,-1.1909856071071903,0.07127421928153325,0.2683162404141355,0.7299960365195257,0.45991976942813895,-0.19860623522250695,-0.7402116205166018,-0.2060069392707946,-0.21427092321375094,0.07689134633139362,-0.25084672921025103,-0.7643798348922608,-0.2796550548765176,0.7876320982126805,0.5018825320794423,0.6213267816271809,-0.1016967039572711,0.568307139614652,0.23320053423121412,-0.4576396695820717,0.8659796986106021,0.17478117445115696,-0.7256128446185589,0.02835857839284677,0.8585006264124708,-0.4094693610998307,-0.46681584860370745,1.7474031553626177,-0.10704726926556242,-0.5598955471958852,1.0236767793213457,-0.3593383500172808,-0.8095154157365014,-0.20334962708808438,-0.19377952789518132,-0.4631263447747869,0.5045724229675755,0.5707247401988936,0.991594169491008,-0.30103928710953576,-0.2930164149475231,0.12370950779432488,-0.5776731676326308,-0.25127191840450647,0.6520163748771987,0.9908209852295204,-1.127017662579534,0.2811584845011351,1.0718636263946908,1.1275906283360675,-0.45965444325466503,-0.9118680129694238,-0.059112625806239834,0.10360093952593533,-1.069452053634499,-0.5970000758265108,-0.7690144475737497,0.4534383495666633,-0.016900378195723587,0.026921271047166913,-0.24790053244920635,-0.9574912112424796,-0.6593792310606726,0.7175031204254535,0.8652857843159842,-0.9188510431351479,0.20462715261555348,-0.0556453729535579,-0.4736280012602043,-0.02986666642631512,-1.582946950211752,-0.509593705834377,0.2747339152977429,-0.06419716010214284,-0.25162958776353506,-0.38776578809695783,-1.1747709235240895,-0.19268209768666067,-0.6628161782930375,0.24837584059805665,-1.0513316049957364,0.1672178330030513,-0.8066299022819259,3
-0.01763961717224694,0.17978961999165138,-0.13882110996043814,-0.15798220564388876,0.07646164632762918,-0.1603284425731356,0.01179958642552378,0.03779431710166297,-0.21244728272096858,-0.3854135441718212,-0.11527834414720568,-0.05293763875180379,-0.054673720994190766,0.21875534914252912,-0.32953662576320814,-0.010244323462321538,0.03473975050378334,-0.0495402371368854,-0.2357131722985643,0.08212077624853581,-0.2110537307761989,0.013827789677445869,-0.03401850470620978,-0.014149865553446885,-0.04246469970379497,-0.06520528447495433,-0.17689469698901422,0.17844026379441127,-0.0371133934155091,-0.01846042477881337,-0.10880903829165124,0.012747530717777464,-0.10199632226098083,-0.0957079214009115,-0.08881081614256899,0.0665274301472384,0.00988166682830053,-0.017087968513510438,-0.11137905141307965,-0.073354680810062,-0.008740433723384969,-0.0408812891046312,-0.09966672590691754,-0.30882608745790724,0.028535108072496942,-0.12480713503941442,-0.24346430156374055,0.00385038816559771,-0.00970683348150972,0.05435643414296464,-0.1857968737247739,0.11055724136910289,0.36754796132629636,-0.30950413856755443,-0.11721941033237737,-0.03475307771377177,-0.2502441624355018,-0.19926348079429812,-0.06149759162215213,-0.14678855222053597,0.05234756737736479,0.012944362964811306,-0.09895753597955063,-0.11862119608627533,-0.05958566883097181,-0.23091444175672027,-0.06995550656855949,-0.03556685475962526,0.028984105145673855,-0.4948775864146172,-0.1802069065800938,-0.12469004056513967,-0.18664032597312757,-0.12042965392379303,-0.055098667659473716,-0.01589411853196801,-0.015598003311887524,-0.2867251734950435,-0.034416202929213616,-0.0729101892424907,0.030771042572024603,0.07231151641547975,-0.05862425722880158,0.03685420575737386,-0.3530384931186984,0.0956795403790571,0.14301224956639158,-0.10393966980615109,-0.179171227811707,-0.1782850994040381,-0.13588058481844592,0.1283796973066273,0.06355255670301625,-0.23915619506414237,0.08425620695792685,-0.20737851842728758,-0.027483643729002277,-0.3591148591106322,-0.3368035984348612,-0.20654785308623452,-0.09387757027251496,0.019548867919151593,-0.1388109249393003,-0.13733284136176155,-0.057373060450522366,-0.3237337887002601,-0.25001003931405,-0.0824707631726868,0.3669571438565593,-1.4322053582372527,-0.1176648391130269,-0.7331790485950731,-0.5099215697671652,-0.47137351785471593,-0.4581157038162615,0.2357592005065692,-0.8253215015271271,-0.400979186132368,-0.3337797108828366,0.27338081860278807,-1.490624077719328,0.2197985434447749,0.1190360346008346,-0.1633230729313221,-0.0691309294662562,-0.5275598576324653,-0.6994814596228659,-0.19345728709319823,1.3066873494344173,-0.646271255238424,-1.0720066788003575,-1.4501640400202467,0.018915709781020515,-0.24176665405280762,-0.1357623525146235,-0.2855217475544489,-0.3555078602004709,-0.01578103389764085,-0.9311042951724203,-1.1661611788582742,0.7585145979688364,-0.22813162513451488,-0.8032258287025078,-0.36726118479023906,0.28226238578341006,-0.8012296456618798,-0.7445015978081007,-0.06169801616317279,0.22508234929811596,-0.5184777114613331,1.0067294166498733,-0.4143783972951502,-0.9591303583908145,-0.12341162070150186,-0.509511710584224,1.3264587774975534,-0.10834279624726852,-0.09955563725282607,0.8505704017856289,-0.6377028024730816,-0.2468258517048907,-0.014422206499151883,-0.608446028687826,1.398293372074413,0.2119926848365025,0.46445320389663414,-1.294339648065119,1.3926468566308272,0.17228580627130877,0.18863482641274573,-0.6250469102523248,-0.46857944384310235,-0.3841676031377098,-0.3592157269157874,-1.2027106901157225,-0.5792024010699193,-0.7919974922984678,0.4098904261628506,-0.008253921311842834,-0.3976166372686168,0.4218609925461531,-0.34871462192972713,-1.1962399396344945,-0.023359981588028596,0.2945894898426007,-0.5210542376770829,0.45653750022455775,0.707130718095693,-0.7874566945797521,-0.048342851699772246,-1.820354682753714,0.9219839704866685,-0.26592643098028623,-0.5232733447371579,-0.39593103176076777,-0.7237940728254393,-1.3799915005327474,-0.4273367716164272,-0.8483015964811746,-0.13680145812145972,-1.13368195349155,-0.507743781409149,-0.9354332929912373,3
-0.08801171137217323,0.11718629736496991,-0.06475192751410733,-0.07009838026164893,0.11256001301668074,-0.12384089602748673,0.16734564286972264,0.16751427428320215,-0.20516005575618787,-0.18814400361865796,-0.07299570254438878,-0.026675500973748625,0.1927012998700897,0.2809904369135967,-0.09028486702836015,0.013309173114566926,0.15619061751778435,0.12296684864514812,-0.08597264195998904,0.19788213405205804,0.16785302873770316,-0.15542584127418002,0.2049560795147101,0.1390361655157582,-0.057307840274903744,0.22810209014453448,-0.03525815743913416,0.18020097191469261,0.10111829497012971,-0.08915397175726258,-0.07287219983672273,0.034349618843784555,-0.03206916986938991,-0.032475934311949305,-0.15427871184877293,0.04599182245661604,-0.11088272460271091,-0.039162626906063175,-0.02290908513002919,0.0470935943697206,0.0325289624408207,0.0326222319778763,0.10924500797800167,0.02561754161517214,-0.03320260037951192,0.10812075005482698,-0.11431020297049552,0.08061657664406299,0.19446565853209977,0.27097831544384227,-0.09279258220369276,0.27917822825481076,0.39274729863451974,-0.09813005772427696,-0.20630890515644662,0.06928297005784678,-0.052647371361730255,-0.17788273066307983,0.19997648360284143,-0.0680504113192448,0.13330228213283443,-0.008250518570528652,0.1785801971214663,-0.2442774557026727,0.10275849727290975,-0.10214554378029267,-0.012382546220746575,0.21026094938784706,0.05795313244296676,-0.33795508990030865,0.01674131744762038,-0.18869245199250556,0.006477930682969118,-0.06614098008232204,0.03614161287867056,0.2795861266749796,-0.0011662025629154676,-0.01874920089489715,-0.3614232996787098,0.17073876560779525,0.1042393111069773,0.07219868960801032,0.3530033017582286,0.11526398134320293,-0.14002078182701083,-0.14890158382453542,0.09412623630612695,-0.16535367814241023,-0.4132034850344999,-0.1928494249469768,0.04047645605629148,0.09205425109387884,-0.04807027389339182,0.13814844535646642,0.07323098893818154,-0.2801616243589109,-0.20929653678081225,-0.2335041903731363,-0.29877571782687784,-0.24019976102497875,-0.05297003655365793,-0.032488136964194114,-0.19675148167397602,-0.006042247316954429,-0.0707971988732907,0.9299732154338981,-0.08413090432353486,0.08744605858061175,-0.3437351328636655,-0.9462585724741917,-0.30111213953322463,-0.6795384410710501,-1.0575053178428204,0.06951635508654457,0.964451996694545,-0.3174261111898364,-0.9017653167348609,-1.1735477664501808,-0.30623044300375085,0.25983343416000715,-1.3528316278019878,0.15203183733047748,-0.7531747131265172,0.021481935890062157,-0.0019547854165570125,-0.7859695791564265,-0.80975101300746,-0.9393483276989716,0.20431993706559248,-1.0841366471332479,-0.8340984982046119,-1.6316960527297624,-0.13101955237504195,-1.443965526439758,-1.5407512996134916,-0.832861409017361,-1.2277601615824114,-0.9754627535344884,-1.4153516080699395,-1.544035045199005,0.34398524936508923,0.0067668040871269285,-1.7781945879273926,-1.4130532011623949,-1.4541201055989752,-1.4919752555081895,-1.3462021616384807,-0.13483855987393942,-0.4726375650859377,-0.7530585397545633,-0.6913256125748888,-0.4480577887393507,-0.6172204642217163,-0.6321570954243135,-0.7028439321749821,0.2548209420657993,0.3344262650159541,0.900441110697265,1.040834863642797,0.532963139044261,-0.505395941949195,-0.6351816856368087,-0.5039367136028341,-0.8332677002361428,0.7040179696657257,-0.3638757574344473,-0.9443699746227564,-0.8822933026111465,0.4472244792050274,-0.27179079479384655,-0.701709757437623,-0.8257132781471633,-0.921683559807381,-0.4798532184947166,-1.3410677265029243,-0.49972013844771596,-1.0436958699311192,0.506955412337094,-1.0940727291255194,1.2694438535750732,0.2714324534786416,-0.7744264677791717,-1.1999673025241047,-0.5161319229739516,0.3367080897324886,-1.2069614643250703,1.3599470791464945,-0.3975099065517726,-1.0142284336761491,-0.8871648293623062,-1.8672064325008513,0.3068692926853544,-0.49892643834517614,-1.6803405592474487,-0.46140505853513175,-0.7595363223057291,-1.8216490153057097,-0.6052909339772534,-0.8521675208580292,-0.19427640036025362,-0.9450578994431024,-0.41715379141157954,-1.1440832632257583,3
0.06497173941241961,0.09842992115711673,0.17067494712072392,0.06175048471255597,0.3621246606740395,0.18702557892120877,0.08370649150889856,0.4749758356056487,0.11753766446660777,0.000739900552886089,0.2859032239076603,0.3424194328278833,0.46866754093509716,0.5389486046535896,-0.14475867033026643,0.1506430117836054,0.3412996218897388,0.37273209001187324,0.20422392939638878,0.1513630210340972,0.46411369578687556,0.10455580514917437,0.333205805883209,0.55261539927057,0.28682406683713946,0.6535004399967145,0.30988279194133195,0.23899971941058715,0.15163251213227316,0.05680808626629621,0.08914103479252525,0.037816193740884615,0.13576072494207966,0.3180621227723605,0.057255200449014595,0.26557826218726815,0.11847094538536973,0.28594527659499175,0.204304470665703,0.16713506998137212,0.24233931180315885,0.27251085595991714,-0.031348430333421246,0.4799208361512921,0.1671381083024945,0.29659604034062614,0.2503899065657031,0.28331282138342206,0.4190273448302053,0.42643811284212685,0.18030449465414647,0.6637186920524782,0.07673768697389263,0.28240929817881166,0.15099239601454117,0.2367661146355058,0.36104596807722017,0.12551299215618325,0.3879779481502879,0.15305145758757455,0.30464568333961456,-0.36945889469387594,0.5129428297088907,0.09472958933279925,0.24316426827363904,0.24080022538893134,0.240970299968908,0.5375509841364867,0.16930965609053336,0.0769456329565567,-0.21686004837262052,-0.10492584395530553,0.13377256148640296,-0.06662206733895586,0.05666713150088421,0.4131923415543391,0.12077926771237799,0.22986960051474578,-0.26279558042530626,0.3818977356117217,0.40783652365557876,0.23590341590457128,0.614310718347996,0.349484443875693,0.36055390726973746,-0.0237735009756875,0.56169667120385,0.2651053336837108,-0.10398228876313964,0.061672118418257524,0.1975832845994337,0.2858223132138838,0.17872282078625037,0.40486765930971713,0.3375478356178326,0.008539728640339172,0.024089276067956397,0.09789022446964336,-0.024421824580109434,-0.06082925184517654,0.3105852922057096,0.1050801808974889,-0.503959037140792,0.25618630657062763,0.015107525248901568,0.6947731620585481,0.022798625273388006,-0.40178465271490854,0.6019042540485481,-1.0628210599658963,-0.7722875704188203,-0.7628505081728163,-0.41611684740784344,2.06703739743299,-0.9756818352443477,0.33156828913922093,-1.0922586356420665,-1.0584710330164222,-0.46957867315708623,0.3591608620764079,-0.5607838366321592,0.16433876842359627,-0.7644268082916977,0.9936380248406742,0.7584137915044009,-0.39951735382871734,-1.0567133285404293,-0.02925652432389607,0.8677484718524081,-0.4913791476465552,0.35414727229147147,-1.347177009515512,0.0641465795880747,-1.1419407986863408,-1.6487706480821382,-0.026624246179214314,-1.2781596114947065,-1.7140724651803945,-1.1514193812494011,-1.5375212977675845,-0.43361341792568525,-0.9892418990012269,-1.6378867870642155,-1.6887905903817397,-1.7416867000474168,-1.4809742135566473,-1.185545095388074,0.012835444607344208,-0.14979356134140154,-1.478461172981274,-0.7595224289238496,-0.43660080600506695,-1.1239425704623895,-1.2356083841212846,-1.2677930311112715,-0.058459052168123575,-0.2762940344722005,0.33685706179216385,1.2239835994999229,0.6698376747603934,-1.0795375266952465,-0.6981724896944067,-0.6118083985174344,0.6208489628274517,0.8905103028222885,-1.3050899771616207,-1.3315439146884667,-0.46145401801348174,0.5502380984198412,-1.0385896882991712,-1.1840957576889222,0.4807004822311512,-0.17775307700070395,-1.0416637849463062,-0.7734820478969152,-0.6176438428161739,-1.223346308134046,0.0342801289133827,-0.9507937473297997,1.0457650150818443,-0.7096973044419009,-1.7501602542262864,-1.3245414725771318,0.5615673515797864,0.343744389030214,-1.6408253995705668,0.8614693677441936,0.004428534059540138,-0.4051067090133097,-1.32340036890271,-1.8991499892428487,-0.7499049968251621,-0.08707916745477856,-1.6468086136906062,-0.14616824545947205,-1.05842675913805,-1.151204426567413,-1.2795654196778954,-1.2293970915576857,-0.47767960132281745,0.47140678338302006,-0.7890613743756442,-1.3034252337313166,3
0.0757368590092762,0.10771740460757795,0.1810476316529081,0.08870396350494049,0.2507726997650956,0.22484037899652276,0.09959480056784727,0.5004594588731014,0.07400838936910824,-0.051949981255948297,0.29414522879524135,0.4230169212379423,0.5330417794787754,0.48781613463072143,-0.18546339837742218,0.171212039536275,0.27782365802921144,0.3326996889915544,0.2616050603534705,0.2117271615694498,0.49362185070413506,0.054341018751015824,0.2898594745336647,0.6511330635517433,0.27360137186055516,0.6492805783841044,0.3329137048734416,0.19239146441256683,0.15255380880032102,0.1534578944835448,0.07355226665300085,-0.06974577973092731,0.12095678244333374,0.4328593650049776,0.1626600293620852,0.32922282043799506,0.23222134574409647,0.13659108789617924,0.2873042275250754,0.1843527391222169,0.24272147186736664,0.37267048047691304,-0.11316232824338097,0.5885242989208805,0.20466845066279032,0.3613362836139312,0.2010432089444178,0.174768556711811,0.4710690193182453,0.41904084123004315,0.07881723480267745,0.810550433075057,-0.09991863482076949,0.4396227177177205,0.2029943851567292,0.22513518895451543,0.38955837820367545,0.08807059540282344,0.4120490105091521,0.2552054913577686,0.26023403774070686,-0.46551928740655285,0.5130542279206354,0.09173104120160996,0.3614814730671731,0.2723368711823188,0.21546991619349304,0.37657477505733267,0.19943587438975316,0.4711919438391681,-0.2946829832536317,-0.12037127579997363,0.041017087644914935,-0.004176219442436806,0.11910798479585841,0.4236438895934232,0.14508933371250707,0.18291435865014452,-0.22423063736623328,0.5243403080472829,0.39097633193821557,0.21501413484667908,0.4965592302703269,0.3258516177067821,0.3619713906282236,0.01814172739723037,0.5931808372728262,0.2659323684154271,-0.10429181554383377,0.06296034306937694,0.15288903953312005,0.21065953338094623,0.10261848821666465,0.5205078114197639,0.3237721221887725,0.0009988926423711566,0.17911271147417715,0.09874865233146753,-0.08687175998521075,-0.0886993626327485,0.27949093104144324,0.047478910345061104,-0.45989292445982494,0.306401819875381,0.05740469641891352,1.7451449604281262,0.129395094085407,-0.9193415096267096,0.8394238165076643,-0.677745843346695,-1.5558616903639135,0.6717637574235886,1.1522699829107457,4.562275151228783,0.6165240235085188,0.48355382289251436,-0.49984873324175977,-0.40217126056419994,0.4745925224343602,0.41232064863888984,-0.26587645651560976,-0.3934069769884393,-0.6538885476426586,0.6797164732874365,0.3874253225062341,-0.9112033854645307,-1.0800739349810318,-0.9360113437668643,0.45930152135003355,-0.5339262907276131,0.03385505323984113,-0.8751980282000147,0.2268801396222757,-0.8674768379522932,-1.579556899560072,0.3086054679117876,-1.335850025602382,-1.3966430480862828,-0.8011707372385289,-0.11257281128364885,-0.7085532103647485,-0.9925776923051889,-1.6438184692893931,-1.4653976660934542,-1.1791139800363155,-1.2668204579771023,-0.5507277984386579,-0.1262430658267342,0.027888872875213227,-1.2821976021149915,-0.7475865538701587,-0.4892659091114374,-1.3115087634473381,-1.1948315965695968,-1.3347691291148933,0.17693270757810675,-0.15799756541640936,-0.5586475955025427,0.9302427682190806,0.8845613761008762,-1.9063293026403652,-1.178051297174038,-0.550199024489703,-0.27060089136399923,0.1414954306448437,-2.116159211968706,-1.4101589351984871,-0.24482703570664932,0.2291643434186362,-1.6007654123170223,-1.2449114703519493,1.814775557007953,-0.5864541811785613,-1.4131363629195801,-0.7377322867749607,-0.41868941857913405,-1.3473693295336064,0.1875511028210255,-0.9659811831963294,1.129654382627933,-0.7624993845123412,-1.6194561601005049,-1.1707051885219144,-0.6082820241838481,0.004884679502286333,-1.488426706225764,0.7896297683684336,-0.2394580753030272,-1.3119250424077922,-1.5548304196830065,-1.8310556957241289,-0.33647064861666504,-0.5316154595838588,-1.3839552436252924,-1.792959814511641,-1.1411302826233483,-1.749271819023503,-1.2522917288027187,-1.086418254046261,-0.3185038676412366,-0.7147379590729919,-1.1557936407428355,-0.7629587317310831,3
0.11061256497254725,0.3026572917056877,0.21545575467490746,0.13913077677253818,0.2846211443181749,0.2760621346438237,0.08458854420796445,0.4283889964555929,0.03808885834089977,-0.003496877882259759,0.24658017043053682,0.2889234029942299,0.4200384109684422,0.3751843784826289,-0.04282858663507459,0.1487404444060993,0.45664765419626563,0.28380706751414486,0.2665106069321346,0.25550563301186796,0.5277102079109498,0.10046995617446894,0.2647184760724706,0.47248502310992063,0.1903570234013885,0.37901285404152174,0.23831027626402496,0.179431241098871,0.21583813670909024,0.15838722523644125,0.19922980717424474,-0.010225750589222404,0.09751595142067843,0.35508719415118534,0.14220081304355037,0.43847540104323907,0.17543039692232293,0.07364970651040066,0.1629993750638901,0.2159600908358509,0.3033410489523893,0.4086531622730086,-0.08487924417977946,0.6245122842288642,0.25528197298609384,0.3618150657471081,-0.03164626360615056,0.058345428988311944,0.318609387007722,0.36950304924992866,0.09053309255044509,0.8030473341855285,-0.10689387700336388,0.4862790488668056,0.18990637190500007,0.20916648777010038,0.31319607443970787,0.1659656408133259,0.34472789353829025,0.2378334593582957,0.2766193250689542,-0.5181581927087706,0.44705808869182423,0.04850336779363295,0.2637739896672414,0.33550068929924776,0.15746460904451223,0.45598032990640774,0.14447792036671808,0.5215825436205241,-0.26477022783432436,-0.12661260315180206,0.042455129494712585,0.018891405361764934,0.1286992181938999,0.43172500160674965,0.12345970973655346,0.1468885362036623,-0.2593466135378696,0.5032910589324032,0.4808825994341171,0.249999502865123,0.518227170910676,0.3728501860691038,0.35718969613506396,0.0005111012555308338,0.556724568541389,0.39328301277671407,-0.10807837165967707,0.15116922288487544,0.18151901822413216,0.2046359491774552,0.19522325197157034,0.5097513966263086,0.3894651139769533,0.033587689531394314,0.20424776921216412,0.29674820372082705,-0.028806446897739067,-0.040496551443811174,0.3434137229184739,0.08866080385980707,-0.2823237404953603,0.43507066605225264,0.10395917159029629,0.7520034604495031,0.08965250966764995,-0.8407406065484693,2.2784717085845716,0.5778720089781437,-0.6954159451766047,2.5832115741370387,2.3748113085275757,2.868576424526409,1.040989467667839,2.0325237740829385,-0.12908615379046054,-0.5999397484661062,-0.03412251331972097,0.21356765579399276,-0.19418628981482844,0.020189714563005858,-1.1968727012658502,1.5050245969969838,0.4437256588004908,-0.5340708910155639,-1.3844834316092183,-0.10675244076854785,1.5264704486201222,0.15921638989119674,0.48021418198647015,-1.0963238783889269,-0.6688306988004857,-0.8664698576657112,-1.4403566871489342,0.25818871853333253,-1.1988334677254524,-1.4119920413069702,-0.972402962364082,-0.6568704036541081,-1.0860387770161637,-1.570692540537653,-1.6805279118284964,-1.4744138127979363,-1.1645227967006335,-1.0903955457957721,-0.6522656399263277,0.2007313232377734,0.0868213023581732,-1.5374876113232296,-0.33139999069422327,-0.2847643289187346,-0.6669973881794273,-0.8515923869800672,-0.5694447725154168,-0.32799392789485404,-0.16154949908307456,-0.39811880168524894,0.9714372284925489,0.7008067545971298,-0.7743917343208292,-0.678190852526926,0.8300694537881521,-0.08732776156529015,-0.03753546531041113,-1.9024494368044365,-0.7218146216036364,-0.559789975096865,0.363288512925172,-1.7237427584944398,-0.689305276110812,1.0586621753202403,-0.33227983990751025,-1.6899020742812092,-1.0451606103723057,-0.34728298317279604,-1.41586371899905,-0.4215455267651398,-0.7817739914553712,1.3055114787573159,-0.7442723650022203,-2.1696553369227947,-0.5690922095313689,-0.4770747587626739,0.7686355795091762,-0.9189196788892634,0.4919902056056371,0.04192392945501424,-0.41327403500513116,-1.2226200886128706,-0.9104806636564304,-0.14063902436782727,-0.7177922962873702,-0.7182697230907245,-0.5702053838596366,-0.9280508020978522,-1.0676507113896072,-0.7409334487942951,-0.3596849441296283,-0.30074102353696863,-0.3755178524118782,-0.5680499237541773,-0.40277539243691024,3
0.15140080716691498,0.3734607993351377,0.27762431996679454,0.17224850712731138,0.27833068143141454,0.27943023577003434,0.086795443952514,0.328548512494223,-0.058311527215892174,-0.023311055815694495,0.3567970590663141,0.2716429478397042,0.21511386303978994,0.4813610356889727,0.03492252505047181,0.17898835348069472,0.6132012977946223,0.2586356630611346,0.2978118902033173,0.24765727607606544,0.4618434475339849,0.04268758960637762,0.2942455202288114,0.4263510463374135,0.1835587264192126,0.22227725042667276,0.24304390923156413,0.2278576726206578,0.20584964097311467,0.19205141403054218,0.22979853898345076,0.021841007528735662,0.008818300312656515,0.30898522833441494,0.17444244649302004,0.44117452689710573,0.15318918833498582,0.0006872089989875105,0.21300705422183397,0.18471148361480708,0.268075765022786,0.4881382748475356,-0.052020925909337386,0.6298458691031135,0.18848434537759617,0.32732609284098735,-0.05538512590572282,-0.013056005474362026,0.27793904925286467,0.34097447602217174,0.07858497310889136,0.8179344034835836,-0.14917676443838893,0.45528571145759106,0.12442456831422452,0.22447725867613827,0.36476277963690845,0.047537996567631545,0.41083242326285074,0.31360184344700764,0.2747163884405994,-0.418691283730321,0.5377195583527482,0.12396016109437573,0.20389692305309204,0.3450627071548636,0.21484824992737153,0.27125409470452233,0.08989831249233429,0.5836259878952571,-0.17253850709588217,-0.08374576243138196,0.008663300568461622,-0.05041725768017941,0.22635809677145027,0.2580022429115364,0.10663846194765673,0.2576888216125405,-0.11804051888108609,0.4458486524599608,0.3248265712787791,0.3555243457968337,0.6279949778691174,0.244868255529939,0.43010933464956347,0.0017307990490086315,0.47000753856798977,0.46033494849738693,-0.07513721006917964,0.13764339429995803,0.2293318288145462,0.2717933025042178,0.3072809917567582,0.45131212492848183,0.39311340598986627,0.08802896354186882,0.23010512919386925,0.21948613249111898,0.11380744827980727,-0.03969643887269042,0.23971092679617798,0.08631873811020607,0.207823619527566,0.3493589946399545,0.13002743060283817,1.2092144521784116,0.10482962024241589,-1.2125269364211628,1.1606898620569297,1.5687335418868416,-0.1490281764115865,1.9774264341303165,1.4740736919460682,4.714882365866266,1.7292540251655513,1.8381621261104841,0.6255925361431995,0.1234997784149939,0.573804478839688,0.6026149722294157,0.6578454946558813,0.6482536288888531,-1.0349475147129388,0.7528676608702362,0.27446286710000733,-0.7262571168851741,-0.7147061209343566,-0.5086109882011441,1.3058922352682736,-0.7178956634433378,0.1582319651508526,-0.8718546939354207,-0.005238414638943586,-0.690525414505938,-0.8019166426184697,-0.12495297773668812,-0.4494491261358956,-1.0282139415222205,0.09742657409063514,0.3877524659368014,-1.2456885853605835,-1.272566997594412,-1.2728514506483521,-0.6574018231252176,-0.21810148344212718,-0.6210710710324271,0.04381335246429525,0.09407901479403827,1.27090724298729,-1.5650181772523477,0.29933996890926534,-0.487013996926123,0.9736148034321984,-0.673471009894847,-0.2410791698781971,0.042357878651422966,0.13368503685132702,0.8102717856475968,0.5134467991275266,0.8469532374707555,-0.9558786314145945,-0.24859752124483664,0.7065913068361517,1.1728915497116625,-0.09018541817543126,-1.9483242307047297,-0.6196356761772122,0.8373672523006424,0.5209839112343685,-1.8724676336459378,-0.36146964709240986,1.8237695924542008,0.36999762344232995,-1.6052768347249928,-0.831046759610183,0.34844921781289323,0.11536537881126113,-0.6145278861543025,-0.1424970025657973,1.2261733512326067,0.4078059212156907,-1.8146647230454187,0.3539780842562776,0.5482882201498164,1.0732848999088065,-1.230222566682127,1.2089504938199271,0.4800654756055972,0.4628674723155755,-1.2036353292337068,-0.730817731647433,0.1291000074224003,-0.6979940580169114,-0.664617630208666,0.6509644762663576,0.15834797850904647,0.4866078048091269,-0.7105062699720186,-0.2539483905520288,0.5459976382703376,0.9069578929607005,-0.6779274549107192,-0.43763633133675184,3
0.1375053063846118,0.5386737884291846,0.3082712625179169,0.17940749302730613,0.16316768225095474,0.32890842652008273,0.058581609457444436,0.3443764320739779,-0.023431500378118884,0.03672344457013721,0.2807858085197823,0.22868339984000866,0.14495481295960996,0.4073893117571759,0.08966119031821883,0.11982572175993285,0.6731271561585187,0.2615084188962652,0.32824029398627985,0.23303414621633786,0.46476478256360904,0.09183634035111451,0.27985423973614154,0.293136051575182,0.14811686867637092,0.120794786849482,0.19558731413100772,0.24539638817348658,0.2423587868476019,0.22651427556733852,0.20101875129908345,0.018946414130420957,0.00679832398691814,0.2885493619276978,0.12966009276428692,0.5178371185238315,0.15557874528014148,0.007834035189229534,0.16133954627092748,0.20555852192053387,0.3088126275342698,0.3085181892412951,-0.11687118023431309,0.7241020427728796,0.2241887769966901,0.25744562918094954,-0.01931020201816755,-0.0642255262826087,0.27515461708499556,0.2885985674891743,0.0640097914952153,0.8174240805007217,-0.1894907875492371,0.4885177375746266,0.15333123735405,0.24506555700488342,0.3722964467927606,0.11827195801582999,0.4326478196063696,0.2584895723035553,0.2766016311143564,-0.35230916214935837,0.48132533417027723,0.0922340582821729,0.29228176420526963,0.4913170130915139,0.17153163520235595,0.28583940002471314,0.0907604209360499,0.582142727576038,-0.165264285511501,-0.0885400676964637,0.07081809921159815,0.0025712160338611004,0.21212922134794582,0.24096472538706057,0.1283437577432205,0.32199521570185674,-0.07210331395937752,0.36229667174921887,0.23707620491568254,0.2888287312177959,0.5757072699374864,0.2906971544634171,0.4405979889098856,-0.028553261786579343,0.3949332694418926,0.46439913717682685,-0.11742677161138586,0.1200526060213903,0.31067909082591966,0.27006732528246047,0.354310568893151,0.39046037112840215,0.39752303126835536,-0.01621141697695795,0.2742636810246371,0.23950665583276434,0.3409721624441003,0.0327306380107822,0.28803994807495353,0.06364468658980271,0.3350555310339955,0.39409341442141266,0.10609721576445118,-0.4094825715489956,-0.19229776363558446,-0.6597826118768242,0.6789104088684398,1.6949325538356166,0.4857327539150974,2.921778351283319,1.622939106739489,2.6584536316476473,1.0327365570020706,2.5887211282870557,0.9066039674573154,1.8220566394896243,-0.3030614734453324,0.6324646907517477,1.6016957680872403,0.9293810707717604,-0.4779926250574977,0.9299538865271453,0.4014894993518722,-0.518165462485117,-0.3194276627489887,0.3949446308776619,0.811314091991274,-0.48285188962278014,0.586878025833248,0.41642892673558635,-0.6411766088089813,-0.786175093922127,-0.11101348582758494,0.28948351465048,0.6272965559188853,-1.1849245122570977,0.2008910397244935,0.6159890986209124,-0.8214663477082446,-1.2934772319296484,-0.48151848501817124,-0.09462788918553086,-0.10020699908654739,-0.07036453657911211,1.0179425845962582,0.41381469374354396,0.8163160325806867,-0.24615649365988995,0.7867708160862675,-0.11132347519099839,1.6647178851296063,-0.3014016729345347,0.2304739658755897,-0.03635279975637274,0.3401901547890261,1.8748747705879212,0.2545321115719043,2.616689621461514,-0.21143258328771491,-0.05452649878005673,0.9821695808125162,0.7094737313422897,-0.46854119159979973,-1.2706516409045865,-0.05452221037641461,0.9016105994123048,-0.14438339952465115,-1.7994266261933902,-0.9366173030536492,2.075599092706749,-0.38405581755785195,-1.5909124031718906,-0.820806919590467,-0.17328030050537346,-0.6205311772298598,-0.31359247314499916,0.4378806795521257,1.7130564861613915,-0.6701003321305671,-0.17761495937593477,0.24852796408228148,0.5573427964848291,1.01880742266639,-0.08337744462625243,1.8482262396818585,-0.07122712394798063,0.3942992934240912,-0.7925754094665038,-0.17878046914723142,0.6544390318280459,-0.7351909041534849,-0.7300289057905763,1.7194959111639,0.6930610817455733,1.0259318597360028,-0.23377188516098832,-0.15954851554044394,-0.1018896072934266,0.09729123491470805,-0.5264021395715015,-0.09147611513309498,3
0.07584059066428317,0.550450143984281,0.1641530235827912,0.22474337854414211,0.13572507835451597,0.31085401479178704,0.00710998167795018,0.3197255444205916,0.0936848897939772,0.16466643661233415,0.3348481843033589,0.180652552389681,0.18036786783225314,0.31635541692089353,0.13910088883279056,0.1031657676651998,0.7043797129734828,0.29797072224179777,0.26031274789722175,0.10954031519523051,0.4441931574710629,0.12693600196460025,0.37106286916600745,0.2298464967066565,0.11255099227042284,0.0937456981537058,0.15792108942619967,0.29095359381658803,0.41680469636236267,0.2721801284469423,0.19798803802067935,0.03809572932862348,-0.032683524202315566,0.2540240760785666,0.11539023918993949,0.481769099327263,0.19912880684915138,-0.03644193364255826,0.1339474340769438,0.13645864775895578,0.30335483209622743,0.369741247993329,-0.06440146237817573,0.7558540732330872,0.10560902538965293,0.18068119405373512,0.013701945377498801,-0.022877475949539122,0.23538301225074096,0.1701793524912433,0.09588621274598384,0.7474624448583106,-0.18782180486867825,0.5217461318044466,0.18154248728687175,0.27924261963484576,0.39418304744525107,0.09308723292423886,0.3322120391085059,0.21757123160514014,0.35248101882359256,-0.2801980426515513,0.4282452373010416,0.08830520377388294,0.21531120384433972,0.49258004638419634,0.23233270830665836,0.2933525182833908,0.18322450172271265,0.6584552221126857,-0.1378891494186861,-0.051557450849827255,0.06839812196270026,0.01013208791052562,0.20391851455806184,0.23331173285266532,0.12923730713980777,0.3435550897883061,-0.03315874909690382,0.4482624138257019,0.2540070944634414,0.25022266082112815,0.5514289454350931,0.2491598799605735,0.5024744232231264,-0.07902661163999172,0.29930824068407597,0.42799240960117463,-0.041326569961352644,0.14433653321288778,0.21580141974922443,0.2997514285181939,0.2738838687027022,0.39924895123483567,0.48266216826765285,0.022249876310094223,0.25553889059767276,0.21847483573890725,0.3615972656820621,0.1418569166305741,0.27717607258467936,0.15441113443719093,0.41625241242308747,0.512437652899577,0.10797920756039037,-0.8122585216157449,-0.39185072951612515,-1.098081328758645,1.4387383365561357,1.606511155702712,1.2621644085001384,2.2099842598261654,1.0591090451020273,3.8751033670831787,-0.32149421847264775,1.8214509318972036,1.6179844069367835,2.2742482656079175,-0.02732111715578387,0.555761769094734,1.6081502598612198,0.5434879171672381,0.4878645960069106,-0.12725093563218984,-0.3682137229494703,-0.9229930307929417,-0.06293681802450891,-0.22588118549120456,0.767070657242118,-0.5146509900292741,-0.27679419545521444,0.7713158092588434,-0.2335374574628905,0.8244671791788548,0.6627564742478277,1.1120648176674193,0.7238228872286825,-0.7135346731574229,1.1391545016937756,1.4328200241967963,-0.17447903787459362,-0.7823062693538563,-0.15654143693663272,0.25792391696183853,0.5729674213510235,0.31770989801576344,0.916562433434434,0.60464326609166,0.21988394604603964,-0.16014665159069838,0.8811346554888545,-0.16039999878236919,1.6128531144049336,0.41901447461822716,0.5301697901816035,0.3683546301783052,0.659986614333453,1.2347347334805672,0.5356464244406105,0.4883167877967088,-0.049836020928625754,0.6660562691528774,1.70038345331026,1.2851644281019248,-0.7935043606698812,0.027700799544676344,0.19752508687663572,0.723565096124883,-0.03988296519624496,-1.1859144302308913,-0.22423483105309958,2.063227733276824,0.024468842505215065,-0.7397962296271743,-0.5744662776113123,0.03757679672430823,-0.3455249316443366,-0.45372495668945134,1.132811290997438,0.9782287947633626,0.11977074993377829,0.27100485686583853,0.29790485613041695,0.31687678189500285,0.9318243437156204,1.2069339156239638,1.8122480220125867,-0.37962840243234863,-0.04482954884844,0.010822694049456082,0.2811016238355188,-0.38588221050641797,-0.20638710139652341,1.3990960567116264,1.5091139386850787,0.40074688417958176,0.3721241963679752,0.5707771358641309,0.11395694019630134,-0.2256016328858311,-0.28574474590576854,1.2355628197946344,0.10489858802963566,3
0.11032108988511534,0.5377701672237293,0.26185798717607023,0.2703457773741511,0.15442430372289007,0.2832543487172081,-0.010910743200453252,0.17469625109039671,0.1354135974211108,0.28518356494717717,0.3264475710572988,0.1557556280053927,0.22516166366201795,0.22594401636494357,0.2122192712382825,0.10431122474230796,0.7942875351272908,0.27185575374721926,0.19356985600869064,0.10051143386118269,0.380500859237618,0.11527997326975778,0.4352525639089021,0.25749207262139,0.0984373862585113,0.0484865437930824,0.13664233547655333,0.2730550751204318,0.44239838345336935,0.19848027745245428,0.22024065392848197,-0.0038357065935094577,-0.059230635009656286,0.23593583902211246,0.1208478830813921,0.43224602289464353,0.2680566064921194,-0.030771240084139624,0.16515044189830153,0.1674957054619669,0.29163537023698705,0.33815073643466326,-0.11700160000192988,0.7175444112335754,0.14578178013019577,0.11507407715675982,-0.03146230288685048,-0.01651878433209197,0.2586003634967919,0.11661707768113057,0.06380996316096195,0.884084854986343,-0.15180961396866038,0.5506273026902345,0.18872217432184124,0.24157819673057607,0.32472278220326556,0.12602866175589653,0.26670930994192205,0.26890452239748774,0.34953855772884546,-0.2399199547294548,0.4643784189508339,0.0559978979191806,0.17997435014680963,0.4728188401528619,0.21305304900718322,0.26236471770444847,0.2580482436746065,0.6853386455965234,-0.09181355726189584,-0.05997188600142851,0.04720144070564729,-0.021534914961495222,0.18267257011900018,0.21674145740434836,0.19497438336107645,0.4090861479345875,-0.02621807322983401,0.4692086004064245,0.35805916382889036,0.17136761859748095,0.510542296431047,0.24137886128238575,0.4885537871071601,-0.11834153447455208,0.3134091436635648,0.47999393641204857,-0.0375948879816293,0.15137395385841576,0.19017523169716238,0.26415474961369895,0.38526056066207687,0.40782651668209524,0.5114612380964662,0.04470915025990468,0.2761976270164643,0.2780733208779122,0.33193591495828767,0.15832347464792587,0.31764034428744947,0.07489630737500819,0.4713068825825815,0.5552738505266015,0.14686601878250488,-1.1622885430232406,-0.5152459696080577,-0.8733843498910362,1.3854049779181057,2.2125497244065033,1.2599564164040233,3.137991597051231,1.6054370528969517,0.1381646074502016,0.4998573303921949,2.5243949797974614,1.2424550388645268,2.682370516520411,1.0649537022385138,0.7502105769836968,2.335546597773311,1.2653497016648956,1.3009497483462062,-0.9068052668211466,-0.7967297688550848,-1.103664176879675,-0.11329629400970892,0.14124873832524526,1.3315248449666672,-0.6823752916951394,-0.8482214795838172,2.167744586366125,-0.9949991448937262,-0.18403970564426517,0.7482138182264622,0.2010265547755865,1.1535253527083322,-0.013991271179427202,0.7843121130874754,1.605982670868371,-0.10184056536651119,-0.519093935275611,0.08781964979709127,0.6253129444294308,1.4529470912480495,0.6173757748387233,1.6850329748109947,-1.083934267679274,0.58997448185629,1.1242240986197818,0.9574215556563462,-0.38330833773204565,1.7333921754321824,1.1130641480276768,0.5351287528540359,0.4446125823444362,0.9431289707045437,1.2603659658401813,-0.22527443532079008,0.4979450086281672,0.06797234232364892,1.5229447598418624,2.220210119226399,0.836521528517325,1.0713002852208118,-0.7162412128415193,0.47907239488905884,1.1453508042526641,1.1230515574466766,-0.9566967651248199,-0.05477433598869604,1.4402819932234898,1.0448566826126182,-0.732033112021688,-0.45722979254324386,-0.3333080842370015,0.12403396003947345,-0.689773263508091,1.680454337443114,0.8307751972370209,-0.25365044450324375,-1.1899315370510792,0.7311170690307149,-1.1190583301520398,1.0184271167295633,1.2188005570005633,2.073094513714787,0.06031064439869661,0.11667969659723139,0.4732567793980811,0.595574860933334,0.07704894900295206,0.6312139847942433,1.3248803038564643,1.922411969801429,1.167055983802586,1.0471837498746077,0.7116631917405168,0.3718355579831189,-0.30687443340475695,0.09192609724231217,0.9379308748081879,0.39394461928263624,3
0.11530810477356751,0.570717092588018,0.22102300567244204,0.29173093562906827,0.1892686998585237,0.26352725413079503,-0.050686923167030315,0.1085904016259732,0.10222456582563554,0.21522442675103606,0.4704356319954353,0.09875251096082326,0.13646171079433783,0.14244989300098135,0.14138323070845923,0.10114276336794732,0.8040032070508547,0.13729997124456914,0.27515556869071217,0.04484768718771995,0.27065913843719575,0.32583017892182936,0.372881938236664,0.19139856385181214,0.11476690872229596,-0.11702333512599916,0.2165352453877749,0.29794516014309935,0.29909150723430594,0.34217682226401,0.19146434257435577,-0.0020863531558454112,-0.143353077413182,0.17914495345196943,0.23974160116267593,0.46632200525439554,0.2980409410963593,0.04848890518869784,0.05100153198030776,0.2396650948281474,0.35773281690017933,0.35214984549467593,-0.10452747988439119,0.6512654758081065,-0.004409889293178339,0.11372138214535431,-0.08251906261867219,-0.018903121583223204,0.30714616031236114,0.06459132881692821,0.0233235468340508,0.7503164612569792,-0.2226990350058401,0.5516577711632094,0.23519429097769293,0.2918418446862305,0.2951621244745977,0.1700580189871166,0.14727975557504508,0.30786128330622625,0.3845300030410104,-0.19780995457757808,0.4412415395926835,0.15271375128898826,0.08653200197489107,0.4262890059514233,0.24277641666309477,0.1444991907766918,0.38698396760417053,0.6398372318379544,-0.1254255821970338,0.022755024101318962,-0.04437260910453125,0.046419417012357335,0.16516916093054057,0.0807487258796502,0.21093070273981107,0.3754870918727325,0.22945217988452393,0.4261879047000748,0.47027068109930853,0.09905647791855894,0.43585563045748954,0.17438112638134323,0.2416840460854733,-0.009928937364322545,0.15327248142503702,0.5169002533528305,0.20495802129771942,0.08110887548914633,0.10231888358737876,0.29622482759406144,0.4903371261220651,0.2728329954248716,0.5597981565327618,0.11886094510003466,0.2884645982884685,0.406581697815099,0.23069716952623903,0.12793628436302637,0.3666788136012544,0.039654035150148065,0.43576904367444963,0.6103025083820506,0.15764329724758108,-1.438919595865856,-0.7676799942603411,-0.715274735339258,0.48920234062926105,1.733000706654199,1.4268447602401575,0.7853140521579055,-0.7157475524924821,-0.7767998315223211,-1.6505988653773045,0.6356906635656979,1.1487835042096957,2.339743043218777,0.9223902822406566,0.6713411394146905,2.3201770573752776,0.9918454811478393,1.2657595617005764,-0.1761805483301909,0.1358188476238388,0.13719436233597415,0.6495440406054531,0.12882207278299568,0.8082224533188326,-0.3917965117553378,-0.9120774402447428,1.0840974595885728,-1.0017173272628046,0.18478447737215636,1.296290366682818,0.27276901470049053,2.098761679415818,-0.1892346465634396,0.8566665733447266,1.3018809442533366,0.19563189976219458,0.011325336996339393,0.9579869148144383,1.1513478875604093,1.313960188390105,0.8438678962845996,1.3053762895442695,0.6270467760758567,0.49191453971725463,1.5089881860043066,1.4891714250787642,-0.7150819555905293,1.5012206360006355,1.6976910595256745,0.7309972057342848,0.456133816378902,1.3346325272324473,0.63272575338786,-0.6470233828707873,0.137257805453612,1.2056230465273554,1.9788405141136494,2.3019299030564433,1.0645887410004726,-0.6449215276514664,-0.18602453772530772,0.4122591165557238,1.3703194311851825,-0.09681612003920004,0.18609612112487645,0.03832573428981247,2.2459119892002337,0.7846700002304102,-0.0894860152252286,-0.35885169000972217,0.5146424454535484,0.47794313664903726,-0.886149786939192,2.1715724080032115,4.003865997157187,0.8364316799804441,-0.6124025959372639,1.0537423359940592,-0.6975383387306731,0.4992458294271634,2.5960774117126797,0.8305391012826036,0.22718333527652948,0.30536760317132317,1.7106130424767005,0.759907989104663,-0.2704943559927895,0.13246944966633736,2.637522025194167,1.4530438235031857,1.975654339012348,0.9059616383557323,1.3345206014588964,0.33346548013629634,1.4205915681842878,-0.4755103935915097,0.9978157686169162,0.6179742561463343,3
-0.0033675988178598825,0.2742211756436082,-0.014728240577795593,0.29364073821928194,0.11532137887988297,-0.0011699596676289863,-0.08669307635212874,-0.26740506937330155,0.03553002509164424,0.01215529637948216,0.35282066737073303,-0.3061535867026132,-0.08139075740298492,-0.06433261729237524,-0.054393444625168874,0.11208597530102185,0.5468738496990462,-0.1942531359117965,0.04924384639872487,0.035693392705978266,-0.06590257447799068,0.08334356928354808,0.23313192216577883,-0.12633584818091162,-0.1130706102338168,-0.4774196385403535,0.07904210861554872,0.24587982115226015,0.2632020546113446,0.28874779864430605,0.1643228326268175,-0.08061197388422403,-0.3127454741962918,0.03457728570414355,0.08831328133806637,0.42182032372838835,0.18255586463381332,-0.08600009387976895,0.0034834892449521994,0.1576277770872277,0.311260350102142,0.15561684961872527,-0.13778612179620073,0.31640424637743786,-0.10863629574052236,-0.029440963202863064,-0.23291229530166466,-0.19311175935689548,0.07457035959392112,-0.06963222983271317,-0.05984736345786909,0.47272083974822926,-0.12863401462656213,0.19070795454502953,-0.01037744289989591,0.2422098983626885,0.062316549538628245,-0.08353016489824573,-0.0424387382777235,0.2104287220159187,0.23278828656486295,0.02359018363748936,0.1267839383709962,-0.07688540468776939,0.09171864199086929,0.2243984676703676,0.10650074649690587,-0.0328805344930259,0.3688028988101201,0.4562209902690087,-0.1472724232157344,-0.2276468992959483,-0.14492692635190588,-0.02782444774294188,0.10225023278627939,0.03975968506127418,0.1496176439397891,0.08840116421640928,0.48697056297541463,0.15836758244711496,0.2630621104781517,-0.2028414875096657,0.085718484624579,-0.07660475082887051,-0.0947463687631364,-0.0808629586110914,-0.10173785429131396,0.4423011861079019,-0.010037453839518885,0.037771058334668005,0.04604352792020727,0.24027875576650512,0.4204269730700549,0.14150978073639084,0.3832012892170437,-0.09182520330500143,0.1719942973642898,0.22941765101534445,0.032645078182650965,0.03217008345968449,0.12594674870568193,-0.18041647240236405,0.3203583856094478,0.46950807409754763,0.1260881163484588,-1.2037339501302453,-0.4207545403433432,-1.1071952123392397,0.06842190265581705,0.9424709929760686,0.580908091241852,-0.20472261855642543,-0.683220191315972,-0.7723808579229369,-2.1717345903656082,0.8150625368847408,0.37021626064432306,2.4353084541953796,0.953982042127924,0.699647708207556,2.89634033532091,1.4958376592750375,2.654422812018805,-0.1085116129679141,0.54334429958178,0.2965678151458799,0.47568940803534043,0.46975089992171826,1.059069778268123,0.3742234670597899,-0.04804948990035457,3.4021196980413837,-0.7970289908109711,1.0631748869614415,1.9509627177450137,1.0019232663385775,2.9201455579767277,0.1903583433864826,1.7466967362090775,2.0578714323943084,1.0868546371934809,0.6389276426204404,1.3774044272098325,1.9386152648715544,1.8918752732992652,1.2774372733380754,2.1030001033249546,0.1020692480426168,0.5973970058702722,1.2023014636711877,1.8175790017970166,-0.6792783850100946,1.5618490507728813,2.2865529784420096,1.0605200077560508,0.999897706192828,1.3697281999249187,1.1921933621138643,-0.8593651323567758,1.203333179123411,1.7708065707115914,2.385584980069064,2.508865702071139,1.7816821086683645,-0.09591135542549493,-0.025938678190210576,0.3716604724490341,0.296861362434155,0.4934376093514117,-0.11116874169562063,-0.1909015651611677,2.910571931397346,0.8032537869630832,-0.5144955203062055,-0.9564154803311193,1.6657463166480166,1.5087549236263391,0.0746986721574083,1.7616338142208159,1.2384965553895033,2.571343010878691,0.02952507316790503,0.8041723677031939,2.769815755602281,-0.19397715701428464,2.7551286277615255,0.7113221312247994,0.6681086552130264,-0.10641102422979856,1.7403454933927138,1.0644035804285434,0.12013096383290967,0.5384660425310198,1.7136080573701895,2.029251028142297,0.656089623638687,0.43406827986967916,1.9942314917517765,0.845639379751379,-0.49952310164955327,-0.8167985172322777,1.0150330024649765,1.2528719804743371,3
0.46296873220248097,0.03908058507453678,0.23625122113911623,0.32114170745514037,0.4372518921143361,0.3942126123862382,0.4149126182394447,0.5490800974883547,0.6589747213951522,0.6092144917548091,0.10503789057577718,0.03367562544105107,0.199174488290937,0.228779012086469,0.20076333618946396,0.40563628875074714,0.025433067940346093,0.23320061513460957,0.12334452527799714,0.34885417018778303,0.16179500583008308,0.263172836437796,0.30443219014825645,0.5061110645078138,0.24046468261861656,0.09628738248954824,0.21603569136834233,0.08228819975728512,0.22210227676819236,-0.11606779866264628,0.1741784094628168,0.19269922756994903,0.5405898520386673,0.4608549701824658,0.6529785504789823,-0.041389721895544726,-0.08692288087874786,0.3133190892782192,-0.09765579730233995,0.33065516378798787,0.2990680149174344,0.4388354328388231,0.1557657035572946,0.41908043948450685,0.1779414854198941,0.5505633546382281,0.3276917979578875,0.19173090384535996,0.05688698905556825,0.2562291085947223,0.5997519968433237,-0.08581976449472524,0.06437488445529414,0.37911143428900945,0.31842161003624925,0.27276945729544755,0.09261751466336744,0.22926468763838878,0.3318377453894288,0.19125066788835463,0.24199707808509724,0.47661346068160554,0.3882517610573029,0.2986558825583847,0.5517289453001317,0.09653975392456213,-0.11496733111925425,0.11573033978427748,-0.017604894448805534,0.22443316446754683,0.43361150082506367,0.2988873446277043,0.48272406857816536,-0.028123657482477575,-0.21787253720933378,0.41894504953411077,0.13439931708892472,0.07807944816650733,0.4491865076801202,0.5625765121570847,0.004056044162153163,-0.027768387745281804,0.11150355338605203,0.15858883690092165,-0.04113454087891233,0.5339040662940614,0.03449157676900265,-0.2105848440235244,0.3470535721131231,-0.009330433248987463,0.4163522613235485,-0.14547850622279437,-0.054684034121942504,0.11702034405639332,-0.0689561633173086,0.3121576381406781,0.09412203739546898,0.07141668172201006,0.33073918830995314,-0.05046924704061767,0.12587621070349708,0.27895403961432347,0.27239737493969246,-0.19898488672704825,-0.08717770371345358,1.0341851762044856,0.16181424062452082,0.4623773210738593,-0.16153586529133077,-1.2631263675586863,-0.5182448605793096,-0.18397483750891072,0.5728934054535961,1.5128367535963134,2.5075480305834112,1.1454008579694006,0.11928288243038798,0.4740937068684212,3.9597160444103783,-0.8383682469523019,-1.6190462761831004,-0.5873088437829913,-0.9186742324665649,0.0014984944423997529,0.34456305625164085,0.6704297714449834,-0.8865616137528767,-1.9631897985843945,-1.9194988238050108,-0.7487125020436652,0.7617035932774633,-0.33949937942368363,-0.6513776794946494,-0.7680364055500366,-0.9912450924097103,-0.2946490322042169,-0.26257309967590914,-0.18325124306812882,-0.3482976111693131,-1.158517392636422,-0.1758541873084364,0.551645461773297,-0.2154736960803613,-0.7024985716900459,-1.1207874331202978,-0.6963687906362804,-1.377601049311461,0.8131451033028609,-0.14446021905701092,-1.188317128051849,-0.4980625688814134,-0.3671568972429419,-0.1295878147992831,-0.507963362712899,-0.36910876636468626,-1.0856975470090393,-0.2916503913331646,-1.4873764269852503,-0.8503513643755977,0.039171532557025414,-0.48831268385065785,-0.5726537844454347,2.5959334556035483,0.714248836176422,0.5803319654625402,0.4637314810890274,1.0025569949596866,2.0421640937576555,0.3321041876101069,-0.6376655159988653,2.2667020393228956,0.8370603320676402,0.0871650336238021,0.5098693019906004,1.1429065550073219,2.367405768925801,-0.6860168778843121,-1.003623599506919,0.10922735371961091,2.4497675857878014,-1.4423225532793555,-1.3903489085943324,1.0281461142841768,2.9675266149879915,-1.3224892828023649,-1.7025316091480107,0.4234236997289911,2.1767692813711896,0.13412042919185702,-0.8872992030932079,0.3081258215862103,2.0785087566996885,0.11513539248200001,-0.6507362710779614,-0.9424117458939836,1.2572766360354926,0.929356023687175,-0.5572903141795704,-0.4088982355258064,2.9576595031817137,-0.5594156530866549,-1.3061310155925305,-1.015839710368413,1
0.0668761484352727,-0.31188865755092804,-0.23516760998465056,-0.1932451831672656,-0.1801261003397818,-0.09583608272082246,-0.07029837988888468,-0.02883309276280019,0.06010939586164031,0.06492677682082941,-0.016918601346359138,-0.09619953120344864,0.042687111710076386,0.0649670070197368,-0.14453746706265624,0.11405923284288348,-0.31241160157789827,-0.33897010442201314,-0.31832578844819687,-0.06308091582371915,-0.19412367066261763,-0.1546588254296728,-0.06229736375620691,0.23258269851983981,0.03864935224760301,0.10358367544545732,0.0036782362744336074,-0.2976403651643988,-0.14442253228728572,-0.6117908649254183,-0.28224549519240805,-0.15792332563417838,0.11388246427159059,0.028150358209715693,0.2546741533489591,-0.1702876875723882,-0.1073632381794031,0.1931739717977498,-0.24769670274382088,-0.027371410082004246,-0.14991190997401982,0.11924431372865427,-0.23175778223691545,-0.056217237996841606,-0.15226414589885828,0.11030665761777901,0.2418467054536053,0.07007181055239038,-0.09558827329866022,0.09434893028602706,0.10700555126083795,-0.6173222070640437,-0.40153030983267385,-0.23209981167213772,-0.22754933503306793,-0.30976143768304987,-0.032044742944194356,0.03462046664829596,0.20999740642434137,-0.09311058645280165,-0.029136175847341753,0.08558560044528282,-0.0821930392163357,-0.1409845973048861,0.027916008302904607,-0.09950660018045328,-0.21478673653927496,0.007833729092829896,-0.1028088898169156,-0.08832540388597779,0.022195983336670926,-0.11986668155909194,-0.0036975287257234287,-0.1734714875883111,-0.38665675535890065,0.3763311993031526,-0.03310560549818724,-0.3008144554297137,-0.09582318586187684,-0.026161583113852527,-0.13814423283057176,-0.10638689131915245,-0.010365294728936105,-0.005268902404714989,-0.07563321932097436,0.13763702279767276,-0.11218064136106337,-0.2666523688739044,0.15050832672272277,-0.18273524544039418,0.07491804430128848,-0.22218394466690156,-0.07900301869260605,-0.09024923459818857,-0.21582154639642198,0.3789096663335547,-0.04581498939390757,-0.002441565256779826,0.07754117958527482,-0.07316413254901902,0.14612314568503407,0.14457899795182963,0.1980868618424114,-0.18326372932269558,-0.053597623270601864,2.15013428298511,-0.043067185370989504,-0.19116774021628719,-0.3578970660945225,-1.096062987705808,-1.1251073457832823,-0.452859063838021,-0.49644184468170843,0.36058888491880947,0.4873155616212723,-0.45746201148346527,-1.4138738006541665,0.18027507402577236,0.8204878486115389,-1.185807697371985,-1.794719613177879,-0.6354843190419575,-1.3783117040403376,0.12222224140042066,0.663167909004441,0.6610580778271795,-1.4538742061360952,-1.9576803392785966,-1.0352338967080357,-0.1749619204217818,0.432927648129334,-0.24161283111867515,-0.6588895800608643,-1.1209514876178777,-0.5205211371463063,-0.8454127281337626,-0.5377959192139945,0.5315748519127927,-0.9674579826847309,-1.6086725232087367,-1.063613532142895,-0.5707296273456912,-0.6622415085646803,-0.46077352465770316,-1.0248170614798857,-0.634747925940223,-0.9741688387949979,1.2545557765684678,-0.7715247337316999,-1.5460784667014722,-0.6522882792994978,-0.2332200179787944,-1.3512049792344403,-0.8455050935207268,-0.6198090181788538,-1.1488321622318882,-0.8160139835520419,-1.436292752116351,-0.48052403614262157,-0.7264467095033991,-1.4295988598055251,-0.8273875457243841,2.3757542169816457,-0.7870170232411265,-0.3275705383065853,0.7497483516674792,1.1587061942563328,0.6154945970425654,0.2927993596603663,-0.9429441336107656,0.8278102713689138,0.901447348392409,-0.1704612744605024,-0.7437268642535875,0.4811733586034294,3.3759587270568114,-1.102339298237297,-1.2136897428572089,-0.18556357497405584,1.7103974416352639,-0.5915433256654619,0.38226936932682076,0.651639438528941,1.3304607327199842,-1.5586891345790044,-1.2401332477226719,0.732726154122223,3.180607967039377,-1.0644016896783406,-0.9216975955859558,0.4477219815942236,2.3123642143926495,-0.46931225942234933,-0.6067582410851903,-0.695551860965071,1.307758539369909,-0.8686753597518848,-0.7189395162706943,-0.594754988583655,3.114013858650641,-0.41019819035796923,-1.5889220586336703,-1.362597279733754,1
-0.09970210504179047,-0.4710769695054059,-0.44838483730239953,-0.37686527484793914,-0.34077919581947225,-0.22453007356453816,-0.08242145063498987,-0.0819828722773494,-0.09125667344449412,-0.13260173531986574,0.08366067112023226,0.02307766339274043,0.023102650492929557,0.10898238831792208,-0.2799639892105111,-0.11547166958805749,-0.4077347063799005,-0.5193674854816632,-0.4388781130908882,-0.09551586388898767,-0.294005939790186,-0.2556823964014694,-0.09761563979250039,0.13705951127657087,0.0026305378551137824,0.04201422215802509,-0.022404105626890828,-0.3223620213141972,-0.38482186428846016,-0.6562916636187953,-0.38131630350432477,-0.1300327811891863,-0.02271348298806971,-0.11939301999707981,-0.013031429339306297,-0.03338856950939026,-0.02359604173816785,0.12112954047475427,-0.2721442995616496,-0.2717982172433982,-0.32562271709624985,-0.1016040515161762,-0.34071375365191703,-0.20202796495300737,-0.30508973528004024,-0.031466683067959834,0.3004730500420875,0.148467862351995,-0.05812980015707699,-0.04196473073508814,0.02196324926132233,-0.7698258397117489,-0.41968468287466526,-0.4210352812823479,-0.3749660867502389,-0.489583176678636,0.0488634478925646,0.07165345525030144,0.08661432594334013,-0.06311463829525431,-0.18089733854278417,0.09043216890836424,-0.1652903316635755,-0.2524102891414424,-0.11704307895936325,0.018538067851759786,-0.20576668278800234,-0.01761934350797816,-0.07609745010689066,-0.21603150864873946,-0.16654483240142118,-0.22873029851480287,-0.20936371607884546,-0.18956157195690224,-0.38633549335255646,0.3381815901988264,0.05262193596522407,-0.5603512129117998,-0.3968584520374134,-0.18061752816030452,-0.024834130896762716,-0.037557797389542305,0.13209386101189222,0.15735569649483883,-0.14021908183241505,0.0665226866054871,-0.04688743188355746,-0.1456690765092831,0.21423711616264599,-0.048740447973723455,-0.11118010693138222,-0.035336448785900636,0.023515167801415195,-0.18588120537839328,-0.19816647945219176,0.2783253077816181,-0.21100846133339804,-0.05025971012815513,-0.12155626921089528,-0.11443943658781834,0.13476070581424343,0.09864440630785913,0.19196875578025596,-0.25060498180621965,-0.061249487644424006,-0.17093094785924315,-0.27898402608264583,-0.5647760429643254,-0.856328355302352,-1.3030673134794997,-0.8974489694547764,-0.44944152056496733,-1.1523536884650576,-0.1429848581982742,-0.8195030430889254,0.08034280697359478,-1.593160576561915,0.4264347462497583,-0.14325587049929553,-1.2930089346413223,-1.6503038719770602,-0.779858916011526,-1.64861325665618,0.2344317513645289,0.9174279990024427,0.9214817477461472,-1.326505703654942,-1.0004685620661473,-0.3609900959689114,-0.11729739267143184,0.8564696229942532,-0.04395596272477429,-0.21528710299673254,-1.7239634112811044,-0.6237975041870782,-1.2783110867334913,-0.7866972185510008,-0.3618066085327066,-1.3560056236046463,-1.5073142579038865,-0.4757491688976832,0.5673641508564576,-1.1363503522549951,-0.5139785184098579,-1.0738558992297265,-0.9794192241660008,-1.3584861737788188,2.150383862753411,-1.5760845241880759,-1.2671632469533272,-0.7163716007432811,0.5145179600439961,-1.267789744567006,-0.9258155310043414,-0.8480901037730775,-0.22209928371532123,-0.8405913395689077,-2.023412804051627,-0.30381827824040253,-1.1848072922806128,-0.8763184838240569,-0.67753784875613,1.681465337788552,-0.7964451903366,0.05394713705055532,1.3382968514259503,1.3320824719955326,-0.9990145297228472,0.009072704096642127,-0.9305168356437524,-0.41478872881653733,-0.6075441743325021,-0.29306747760941104,-1.4666306157298465,0.1684516524145635,1.3768515502136545,-1.950057884717863,-1.735816705422686,-0.5095956438092099,0.0666116660463638,-0.5040094877747111,-0.4515135563654594,0.192722326436435,-0.015058435754090183,-0.7512554382395746,-1.3461915570336915,1.3911219439944664,-0.5126357432398952,-0.9752886665283242,-0.8947162668116504,0.3444743180057288,-0.4213170428783371,-0.7183007016904172,-0.09380321219916121,0.32296316821303533,0.06693319312931119,-0.22120894033578525,-1.0077464763799768,-0.6498785016238623,-0.072065528316132,-1.1452046929928257,-1.5015017052784936,-1.2597841020474656,1
-0.34305992831036825,-0.3465145015970988,-0.24328330024579797,-0.2668163165711738,-0.510329466573175,-0.23661573362657082,-0.06416149038159577,0.0037482057869538885,-0.028669564685901542,-0.12161850058236646,0.17049155686142714,-0.024710999817323685,0.13215404332771488,0.0484013855907228,-0.3714642872341494,-0.2830475244815452,-0.4164578635486874,-0.502012965329609,-0.4955194168678409,-0.1909398543040908,-0.2625541964698675,-0.27658387486912595,-0.015726887513066688,0.06209543208965653,0.05285016081964175,-0.055092066534549206,0.03378601807197176,-0.3030005290022988,-0.4619156393739697,-0.6279521505108081,-0.32649801874969553,-0.2116315939508636,-0.06933104499469235,-0.123248893052814,-0.2314769815721321,-0.10478583967917618,-0.014243458938845098,0.08949830754351044,-0.09663745726843338,-0.28806832082862693,-0.25651791443460403,-0.10981768071613825,-0.360257761267532,-0.3288151442054048,-0.39594612812344104,-0.09384570629085953,0.2583592196097151,0.1182447542786708,-0.025701525727351376,-0.1111004746302143,0.014961392925702354,-0.8115970762543137,-0.43686317266366015,-0.36216970352264216,-0.3699753204888643,-0.5038538465048665,-0.007699926028834366,0.1529671691908208,0.08607435713113946,-0.05538695736592829,-0.20409102709097446,0.11806875566250265,-0.23774884731296808,-0.23411701423755907,-0.11335778532174913,-0.011218860470975065,-0.19440774873303168,-0.05907883947372677,-0.10738178651552119,-0.2821149205296013,-0.13092910395093693,-0.2980722720528091,-0.1834166376675952,-0.17741177929538932,-0.37332707179925356,0.22110152285939108,0.059639315100535766,-0.610322718287264,-0.3939444764740314,-0.26348684102152214,0.013764167077732602,-0.2684358331991189,0.12697808648108774,0.10086498135383422,-0.12184211527942296,-0.027122509667402678,-0.06724039075828048,-0.20009816515898596,0.18302375647213656,-0.0100617403586736,-0.03854019382759498,-0.11185784554417887,0.1633756171400831,-0.2417535586524789,-0.2681963354813527,0.3169972444853421,-0.23707006309661982,-0.0780162859276383,-0.19210026122301513,-0.1595841515576613,0.0852133766509476,0.1312413217657544,0.12143996351204851,-0.20157546642413765,-0.009239961086916049,0.37332984114314055,-0.06416660492475659,-0.7281214667883831,-1.040040235475338,-1.154867285243662,-0.7165399749155948,-0.5016332539991009,-0.8134514116876198,-0.6642957090184864,-0.8579266092911687,-0.8388385879840063,-1.343948824162481,0.36109294999013564,-0.8209166274238127,-1.1861334967904362,-1.436456043659454,-0.8162168689354253,-1.5705194770222575,-0.17547043006716118,0.07351699583183882,0.44119436933260764,-1.4505229966912314,-0.6802881042566288,0.3428477708909737,-0.5534085509003596,0.2653836098043375,-0.7512164005392501,-0.7722489900913398,-1.334360657665721,-0.561776806800955,-1.1865931791666313,-0.8761582684307284,0.2652749115943799,-1.5720970675393695,-1.9787279617019353,-1.070667094300317,0.13256979118431575,-0.6662578222878406,-0.4911802498743332,-1.136117697622395,-0.8863728153899768,-0.9495471263932458,0.14467041574892162,-1.4997538173180605,-1.3189996280547183,-0.75798875614978,-0.3955929845940372,-1.270220647349168,-1.0468846465735506,-0.9804656531953443,-1.214227530670764,-0.2669420917606489,-2.098507413048523,-0.061144359277328406,-1.2352291528381052,-1.5365974891652825,-0.42877222207421534,1.4695830027725878,-0.8757167929206018,-0.2751963024476276,1.7422724507849727,1.0967548521344461,1.0126903686518542,-0.29695561459008296,-0.7125431494912791,-0.17076392452502626,0.23852452496387885,-0.5569045387089763,-1.099584675557371,0.17198324556783023,-1.14257426340727,-1.6555372642255641,-1.9248293849920628,-0.17054805644710427,-0.6828762177976454,-0.7630195650721884,-0.2300037047105377,0.5029073981923616,-0.9862847328450695,-0.08276951833925643,0.027112669993613486,1.1720571107713516,-0.11868786317982623,-1.2611967885304094,-0.6130608385241827,0.3808154686637952,-1.0603907779241863,-0.663057419087578,-0.24579129794857743,-0.28064256759542666,-0.5657127260606077,-0.766269075568812,-1.084833784662824,-0.7225569601727055,0.4199227164820228,-0.7684598785255955,-1.2711287106974267,-1.2949672440667086,1
-0.3363702940131837,-0.2813797773044269,-0.22894529715962947,-0.25414396031425746,-0.4239809363912193,-0.18246156344910747,-0.1254924701277261,-0.10196272355037277,-0.06782010270889145,-0.09476341077282836,0.08898894472549401,-0.03581065629667126,0.11496466212763826,0.060729479842622294,-0.34617791502949097,-0.19740548127245622,-0.35316247268585754,-0.5091766116427144,-0.4840119584933532,-0.07766196073931499,-0.2903476377335866,-0.29984610975320647,-0.017958474167772263,0.03239156404966045,0.06259648849978112,-0.06597820834157471,-0.013372375969245684,-0.25050395265122666,-0.3663844987803505,-0.590458308145534,-0.26197644141195603,-0.13308346099931967,-0.05719946073210169,-0.12685421136971234,-0.2577088322643576,-0.10067850852750171,-0.024055385727069875,0.07544046171811793,-0.059946164394051135,-0.3535094847123901,-0.19987769954993181,-0.07078149034633943,-0.39058503600418853,-0.346356723983714,-0.31665419008622736,-0.15859412435611073,0.3161985082818161,0.07680819566062301,-0.013048633947222851,0.0026646241565356945,0.025624470467971745,-0.7985575287875826,-0.34341677827874706,-0.4138535532871157,-0.43116755463826706,-0.48542184985498343,0.06552420293675353,0.1632148139802905,0.05164381849464437,-0.027169025256526175,-0.1880277103179072,0.12202066916180813,-0.084613954549927,-0.2471337519312812,-0.19964167933395535,0.02665939865327114,-0.13977503997026078,-0.054579512066394824,-0.07932881097845042,-0.30515586248503457,-0.04665515823736702,-0.3433929044875805,-0.18161877437063645,-0.1362354833347956,-0.4188389066034808,0.1915294039376705,0.0510649571796458,-0.5874794134229724,-0.4097673289626512,-0.27061442104983763,-0.013412323213796283,-0.2700447235235718,0.12958692821082807,0.10592190794656915,-0.19175024858411804,0.0026492020289929866,-0.10692040807642561,-0.15975966130192115,0.19308911385126706,-0.004544169541263141,-0.006213219675957842,-0.12109288051416371,0.18207761484437548,-0.17378780236753488,-0.341495008703812,0.34675193219272205,-0.2993777522084562,-0.08328395144410772,-0.2415310944898942,-0.12753126692662387,0.07692905876482685,0.08411624059951088,0.09456042685437753,-0.264493003160771,-0.04443135005239408,-0.7843550425321427,-0.08683841817045328,-0.0006883739977375004,-0.9624912742546694,-0.9896838192324291,-0.6814162806900689,-0.6105064062430031,-0.8348065481605765,-0.8882688764654726,-1.4211335312370597,-0.9007529039010916,-1.7175199551348657,0.1084895111537302,-0.5410849239684161,-1.0576119176193393,-1.1990474883853122,-0.5070782795889471,-1.2472261433508465,0.31272819801727386,0.2266760732542466,0.5917757836077483,-1.251886170554197,-0.5299853630017017,0.11445124290264179,-0.5218240918823064,0.5603775211887203,-0.7640296518766406,-0.07630802836208886,-1.1452675739060072,-0.9535712880425297,-1.0604401443051363,-0.8612173629579434,0.20963518250573857,-1.6872302243936788,-2.0370606229355754,-0.5522283512111715,0.8097989398632444,-1.5241418678092642,-0.34676803736416345,-1.1428065594153425,-0.8882207521279175,-1.3701518683123295,-1.0388486463938507,-1.503527907559941,-0.6076358923296018,-0.830426792444187,-0.35886820377889767,-1.071983160673499,-0.837721427020019,-0.9948066732793133,-0.028799646676137967,-0.7923207260022976,-1.2458767222458997,0.11102986796680643,-1.1987674450504004,-1.8428530241386463,-0.21244286656580466,1.1639500760501045,-1.651684357923834,-0.27732535727249674,0.6984278263028524,1.1512643342478208,-0.25205102788684625,-0.023387252232733302,-0.12537018506532868,-0.10864917351023688,-0.42035161494352685,0.07312352785752878,-0.8937829915202565,0.042590062348965486,-0.3883156732749467,-1.4802231497857892,-0.9132599238412531,-0.2973098977884449,-1.4049510445235702,-0.6327565008501631,1.4742125973901572,0.14259360784508457,-0.815993863272148,-0.1647127738053447,0.7206597518117659,1.3432596827171817,-0.3433946262477234,-1.5137134323147714,-0.6276204012303676,0.5223488294593068,-0.7648187482964663,-0.8046891310048973,0.013025317533450936,-0.443138660238536,0.740292482997525,-0.7443208641833584,-1.1219410416024,-0.545777406644836,-0.6145510916062091,-0.6900965143289293,-1.1920483993830862,-1.1261100508435429,1
-0.4106019731004934,-0.18861478045599758,-0.12225032665636153,-0.3086172205352719,-0.4611493250836511,-0.32571891690856275,-0.1625058731938795,-0.15407525926496404,-0.08429409782617692,-0.13202947322657096,0.05493794239109876,-0.09865925972876827,0.12058572330950905,-0.08253568471258549,-0.3911927166746609,-0.19242309952203993,-0.39484542995753813,-0.545488532682783,-0.4124193895255744,-0.0759798667114377,-0.2726282738488302,-0.39399866363778396,-0.026231853516656047,-0.04619952594760712,0.026696554257333423,-0.07815862107421957,-0.07792381569680207,-0.2979974078842432,-0.4633057335021011,-0.6174481475772918,-0.20180403768614216,-0.18091511061546925,-0.07898845911384964,-0.16160953319324287,-0.23971729154009266,0.030555819968656358,0.01397968728106422,-0.029059106273798947,-0.0558619481918484,-0.29652333772372697,-0.2615893336154449,-0.10005411011300415,-0.46365671267459935,-0.3159912091922172,-0.3816680937523709,-0.13794466546796125,0.27913145923152805,0.021346362489423655,0.10963401165271837,-0.01717980969984056,0.09048670538657964,-0.7720706421854954,-0.49206600676925993,-0.3868416222208987,-0.49190315230970294,-0.4711138520244753,0.03349903418753656,0.06322591284592587,0.003561759929600738,-0.04730293951551821,-0.21325494102870357,0.06754565874495717,-0.2022906023416681,-0.26114522613469043,-0.22694782901601526,-0.07873227873511358,-0.28167077457921097,0.011875708202422248,-0.06027465796708289,-0.31083977304180044,-0.058871345398547284,-0.31237530845051464,-0.08606757320495863,0.009114733330752566,-0.35441907280228,0.12699555246134273,0.043231946556249255,-0.5599303176561334,-0.41624173049242175,-0.35047153727186897,-0.06948646633610536,-0.29820367690227606,0.2102999556045372,0.10603983934610135,-0.18523799296489113,0.0022139503540579077,-0.045867189848434235,-0.12470434547113952,0.04887794045865881,0.012655179142027859,-0.16489172018812212,-0.24418177419073706,0.14914811480958942,-0.1638052023620256,-0.3295276808320547,0.3348182474374062,-0.24431080581136125,0.0016571253926233966,-0.28948824547790714,-0.09257380845575625,0.01047857124952211,0.05669278926612303,-0.038594522462491634,-0.22903766010725057,-0.0205745506555996,-0.1441693374426547,0.06825944712321574,2.2141983943934,-1.0084101765863676,-0.801805061609689,-0.7581242950512883,-0.636865040667085,-0.5959603015059197,-0.5139964881700345,0.542169163402758,-1.2264001598482712,-1.2576317256883747,-0.7638364996965522,0.052842676796627644,-1.0454381918770674,-1.3265907523656797,-0.886228560469976,-1.284162605649148,-0.6207305193856945,-0.5171726775995884,-0.2564510782670016,-1.2366287013747945,-0.3779923323386399,0.1226785686089641,-0.7121652865670456,-0.606035357038763,-1.047058814046741,-0.16561873074047884,-0.6681647444036432,-0.7004406746773503,-1.1565810439486668,-0.9019930685572377,0.3290300607244924,-1.1276215019393818,-1.7006136710798259,-0.6202297464984711,0.01042845128980961,-1.012610890903708,-0.19643308197634268,-1.0192124537661746,-0.8117245359404713,-0.9539293124813775,-0.6995149725645095,-1.540010977988942,-0.42694658889877146,-1.039828348259853,-0.5369130804588438,-1.2322123138573735,-0.5375825866892654,-0.7146781675375968,-0.9893251527411704,-0.7559749456616109,-1.4125745954314306,0.1159258768751642,-1.0206063244800638,-1.3759586736429679,-0.5146012718427576,0.4231299048204359,-1.607052310960367,-0.01134946527521507,1.5812347703341232,1.0990774746327006,-1.6280948407112272,-0.17970253328036384,-0.2671408614523737,0.5901574217531835,-1.0629385299717837,-0.27936298413104943,-0.7506967858872272,-0.07388250010479226,-0.9812901169503985,-1.5136620231129039,-1.174499258237695,-0.9558550949888158,-0.8147357519413692,-0.6396377630949727,0.20550908314499225,-0.5628018897881191,-1.1666581343177589,-0.7453899357856602,-0.5758487083394255,0.7167076327198834,-0.757274812177399,-1.5188749878337948,-0.46374847901153715,1.4094136081164161,-0.8497289131948995,-0.8958899924462297,-0.0510985740726501,-0.14653794070282952,0.21455069495051138,-1.1732865658342226,-1.0029923077333542,-0.6380825536002227,-0.5686251129048625,-0.8443826465649523,-0.9925252291095487,-1.0111560386051657,1
-0.45904543204977805,-0.1565070880853595,-0.12136234489031343,-0.4133378516702787,-0.42799444932696507,-0.37463249249132174,-0.1177441907791237,-0.1188658085948416,-0.07636089655612903,-0.11455445427798652,-0.001923213273030049,-0.0823851309367347,0.08264731875529994,0.02802685645222328,-0.33240753903332426,-0.26541583740261726,-0.30805558737081307,-0.4792855845200114,-0.36672186322175465,0.015150909729569433,-0.2738169782806772,-0.3746070622763474,-0.05906277270207721,-0.13076201826788655,-0.06108224249699887,-0.12124188685525668,-0.14759029601624774,-0.2776620782186914,-0.43473259024338495,-0.5749468985019126,-0.2047917289049872,-0.06037342253620203,-0.1199578041201009,-0.1357266972744719,-0.22176078188874337,-0.019406862097507423,0.002152729623524507,0.04926339655828483,-0.02820372915181793,-0.22574815633482703,-0.2494978017191611,-0.20198637731237007,-0.4297314435559573,-0.29929581905352753,-0.2891018574372058,-0.09306094431868281,0.25010625568349026,-0.06801169686455448,0.18830855055539727,-0.024328113099922857,0.10897917594224406,-0.6697283547318902,-0.5833584985878322,-0.2903236233625479,-0.49699683726215715,-0.4639321866808724,0.09949285186520185,0.18682198558248103,-0.10677055104946602,-0.1271905158265685,-0.18842152364100384,0.05367121332022429,-0.17739589178901538,-0.21231544036914923,-0.18156459685241086,-0.058806610965700404,-0.23304002109889124,0.017993813515085402,-0.0740894131466708,-0.3776389815586709,0.06024656802537506,-0.23226598574462923,-0.0790437405241586,0.060552743434484545,-0.17964542528785543,-0.010052036175372396,0.05473412634408156,-0.5989414940548013,-0.4916547067998034,-0.36904750679399917,-0.13764250044445894,-0.32593626888798793,0.24820205907859222,0.10185898864635771,-0.1464422014678411,0.0011440947207977598,-0.07881086194803193,-0.17029632789274232,0.05328864260664023,-0.02553979150870601,-0.19637184805666172,-0.23116273972713924,0.14246790842084175,-0.10875970575640952,-0.35757184083449706,0.38327487323982073,-0.17634872827471293,0.04414407743120959,-0.42238882675580386,-0.09367059202995756,0.0007400528470560749,0.05277366681770658,-0.16171700077054543,-0.19964531497738405,0.06332864742451577,-0.4801454284288817,-0.20178250841919906,0.7909627279554541,-0.6364987652917151,-0.8692434073291704,-0.4580677850531388,-0.6538622109879683,-0.7850137034364293,-0.666643019623481,-0.5780979216563608,-0.5817623225698021,-1.065745437312403,-1.2586101604322073,-0.4042916259171789,-0.9468182957783384,-0.9990004915647227,-1.0241175051934863,-0.8904939841192547,-0.3351820376340933,-0.49382264709568013,-0.446588664363471,-1.1389609549714224,-0.08694298365642605,0.23286783690371074,-0.2580638403530004,-1.3958896123850368,-0.5432587645265722,-0.2735977140186297,-0.9988212259507903,-0.9681983700688469,-0.26870303897809683,-0.6753349243403696,1.0413593090054762,-0.9812137896279447,-1.3327024836307553,-0.6093501709240082,0.43362987304179473,-0.8628174494404285,-0.6494398086386217,-0.1937477335628096,-0.842303644039077,-1.1988665834867793,-1.1122034216651644,-1.095008018232719,-0.743890567934216,-1.2131971860268762,0.16855679514728716,-1.231360587495506,-0.571133166889406,-0.35231410286029885,-0.9148258622249164,-0.5546297220870268,-1.7407998239088252,-0.09250545079571233,-0.9816910870881446,-1.472866880034435,-0.4894663012940028,-0.18096446759870746,-0.727389927968586,-0.2760053955817245,1.818370261198043,0.9192084281980252,-0.9409121483566181,-0.30434436981259516,-0.7993551263880637,0.36965699890363213,-1.0710124437437323,-0.7386008781788342,-0.6390242251077627,-0.4738987115208477,-0.6117663230956051,-1.6556696074195136,-1.4699394865074595,-1.6334350050752091,-0.5557631405991302,-0.5914169839357978,-0.5824089094519488,-0.797671006678892,-1.3063485069029226,-0.8860553579133761,-0.9046840834570964,0.8979226920505088,-0.727491113302858,-1.7464099996394642,0.04892685489852075,1.3487888958562215,-0.9255301041518833,0.08103066188350634,-0.04810978658140222,-0.24719602663071016,-1.0767283040489377,-1.2282964080598362,-0.684664698638092,-0.6744993670481916,-0.5333309026305713,0.17537587467954704,-1.0629652435934238,-0.9314795658879053,1
-0.4640299785558842,-0.08537918174653829,-0.056551210766764524,-0.33542259761743726,-0.35121879886574614,-0.2687317925363269,-0.12945026505046825,-0.08598090217836572,-0.09138114674773966,-0.1273416424749114,0.05314272256639366,-0.032088258196814656,0.09352251337477069,0.04874600578625635,-0.24065905431961065,-0.12058318600159183,-0.08219948870274413,-0.36828276546900574,-0.30879973488570645,0.04792896497029672,-0.12555945069409508,-0.3138814082694744,0.0524365210915681,-0.20408265791376973,-0.02530224919231798,-0.11136395850894913,-0.06901347862424699,-0.16479134638965168,-0.2973162090459542,-0.4740913320341296,-0.01886878248639396,-0.0774225215146723,-0.11202918398343804,-0.06748757225062582,-0.28087318512707016,-0.05056968861321803,-0.06303825405233378,0.009701596279516486,-0.06576568997094205,-0.1252057503352116,-0.11625217929003905,-0.04953376454355716,-0.26604038699853744,-0.19140404016144652,-0.1930268814553248,-0.030300817973766346,0.23150548194181395,-0.050831758250275624,0.039423797572753425,-0.043499683262550735,0.19517318668936484,-0.6626313287150329,-0.40842659701261147,-0.0826509884867104,-0.3094672236883637,-0.35600892775746684,0.08998323273288585,0.25411372655913306,-0.07213165497226931,-0.14014121715701117,-0.15522786465184496,0.12264457869276382,-0.0070010392082046945,-0.10039120078579143,-0.04831973801182868,-0.15351881553002858,-0.12069403906855342,-0.09054216509331667,-0.08075398774297174,-0.32252095433257993,0.06033323896307569,-0.14536923350491995,0.027044373116757014,0.11371483297008243,0.026307149137783703,0.09765977297782034,0.058425665730437185,-0.4125586582000462,-0.24130167757667692,-0.2590341858655809,-0.08586849438176707,-0.39912348250694,0.17600234688631622,0.07116163350612419,-0.07515037855139728,0.19448597049309618,-0.028617918609287113,-0.17973412783676362,-0.011052844968236405,-0.055611018801602324,-0.1484199942173248,-0.2156044964068549,0.13856770620117229,-0.10236616250853993,-0.3576182055272169,0.4362687664092359,-0.11639750048428894,0.0670716386479915,-0.35698087756076774,-0.09774961411136447,0.06193928829511465,0.008986308284027928,0.08231645433253826,-0.22890308896262046,0.11250268389502843,-0.547336152946177,-0.1391162388530298,1.823790521155972,-0.13132368774307737,-1.0470293029059972,-0.6520678537803897,-0.6637474203868369,-1.0646856565703802,-0.09498051414390767,0.5967459776725759,-1.3253458515673813,-0.7748568076511843,-1.167103137791416,-0.3318626003155766,-0.6044287665530702,-0.7810940110341488,-0.9147746725476913,-0.9442380853144536,-1.139321230342991,-1.2801228780585119,-1.0825410431899811,-1.2341829705044838,0.22423196884263777,-0.412308524901992,-1.1988773454052624,-1.5008602212958813,-1.4959683901179819,0.39986645757709954,-0.9943642237908559,-1.1746307803182734,-0.5900972302192706,-1.0897445235306544,0.7659548433753859,-0.7867434410410068,-1.0343369367217388,-0.7306908125413017,-0.5395519120182687,-1.2925482492882703,-0.5085698271967642,-0.5809643363832535,-0.9191429566436261,-1.115298854145561,-0.35102590977574705,-0.6458108830025946,-1.0389534508425688,-1.3508048556212628,-0.1699004242312964,-0.8044577171651677,-0.4745339047587576,0.04184425809043781,0.4041242932384351,-0.5351738147879812,-0.17709903367984117,0.19242919676873493,-0.7115066342816397,-1.3978796677941467,0.2766098469118139,0.6712218757913136,-0.6068220176851447,-0.8460888510162792,1.5608262809225253,0.7148953122302938,-0.6954968257025429,-1.3709508159700783,-0.01679553805960827,0.5094674592356846,-1.2285027285457557,-1.4237698616688639,-0.055575619598104545,-0.37652755792584497,-0.07813117796443335,-1.2402568459918235,-1.3628877857431936,-1.7734216480330156,-0.8197324404089181,0.019895479575785427,-0.043437112420223696,-0.7785647161549026,-1.135056307655124,-0.7227917286451258,0.29673517241358505,0.4298832198467515,-0.4128574407227412,-1.6330608935962085,1.1460164299132538,1.3129688277206182,-0.6580350637821066,-1.7527980006820618,0.24947044226514828,-0.1537105109204414,0.5324199616183245,-1.1871269525114194,-0.07466663600061789,-0.46791553519125395,-0.7158089882947097,-0.39961695205996367,-0.8016305991706564,-0.6174206908051797,1
-0.3801111209037446,-0.19904505956620294,-0.09597969168947827,-0.3180435003343746,-0.20988819036446976,-0.12979517885795544,-0.1117892238495547,-0.17793864296525214,-0.1509326059444464,-0.048123534780451956,-0.003350120052945457,-0.03863267664096357,0.11963729507217631,0.06588454721276354,-0.16772342464307616,-0.18477322928559614,-0.07291254584619218,-0.44500304256264517,-0.3442928242395368,0.032154729163818924,-0.11755578283293265,-0.3259161911689787,-0.053873100314008444,-0.22256216685632657,-0.0754877059518136,-0.12478056832881057,-0.07019008173014485,-0.06386103038704333,-0.2299684521838449,-0.35181102066035813,0.09148552370564803,-0.09677124499787557,-0.14122157484017442,-0.010667611627017046,-0.3099622553075146,0.0007631017611677364,-0.07980420968364667,0.06089607863977806,0.016556879776616455,-0.0624336277748199,-0.07558781114707239,-0.01888521667683647,-0.2755857812127917,-0.15994684767668438,-0.17167029478850293,-0.025212926647042857,0.25644647745880056,-0.02018709543243015,-0.04411991886351328,0.03444550635314068,0.2568326434124145,-0.5072497595038523,-0.32515510778811685,-0.028737984547916807,-0.21329824295759714,-0.12602823100807733,0.13591386093520386,0.26269957062997706,-0.049337963214726416,-0.01548012931650047,-0.1303345819009292,0.17929462181773126,0.017524506422032928,-0.06968402881422488,0.11848650036420023,-0.12016400992066109,-0.07961710146899886,-0.08267341418367187,-0.05601028500812119,-0.3232574904037859,0.21354486053685134,-0.14896260484505625,0.10840176384672982,0.19332769861397248,0.025089011532483434,0.12410856196531213,0.02517401600239515,-0.34829773486189414,-0.22917885439143107,-0.19210094863259164,-0.03058875563665078,-0.45020859393933754,0.11714491986907746,0.05335543720398864,-0.023964462787191648,0.1998476190747055,-0.07221658822164975,-0.10373489382857634,-0.029834706155749575,-0.06564939528391893,-0.09296631117262198,-0.23620802326152554,0.12224239342840137,-0.039993498541442726,-0.29927048159847913,0.4019895411169355,-0.12039426776327661,0.009224861862750995,-0.37999860769467375,0.022461110953933744,0.16055179168612985,0.09452311514627136,0.1959894977657562,-0.16701479013560203,0.1614072289452827,-0.9466906081653315,-0.3314523849425008,1.6121028685361112,-0.1659329562011605,-1.1804746128640726,-0.9274764037602393,-0.656296229133785,-0.7502639536815998,-0.595962912621102,0.05282272822384089,-1.214739852162496,-1.0828217049515787,-1.2036580177984146,-0.2346837677997785,-0.08568715729080527,-0.7239520641083849,-0.34351585086124287,-0.8917085822351459,-0.8091718866359102,-0.9764180716991018,-1.1825582811780584,-0.7607938187951239,0.06340947504478796,-0.7376701681874402,-1.2179438061438594,-1.42751270944052,-0.46548568357759157,0.4747948642161353,-1.1245501282846961,-0.36016368513709673,0.04191377767609454,0.3823880122052189,1.3462273103978741,0.3877383941497558,0.04547343030535802,-0.6317218266530553,-0.4469413596502419,-0.5540729967508187,0.7058930555459274,0.966198650428829,0.2929900747205547,-0.7529306075701464,-1.1167418591756026,-0.5696443621074758,0.3704631084123383,-1.4947166054925725,-0.5345553622484428,0.7752891757436384,-0.7883349908517916,-0.35749565559714414,-0.20957495154903177,-0.6708124986043553,1.0567778745517302,0.36293259302307634,-0.7308689726240541,-0.7841044468634293,0.5237319178180118,-0.39006689125553495,-0.49374901609769056,-1.0588365618903566,1.7692973872058952,0.09543576765922056,-0.3053893265727965,-1.0209909828707748,0.23537820021367095,0.13559388123464652,-0.886768551121822,-0.6071283331608042,-0.15555448139261507,-1.0726416751994823,-0.9395450011639728,-0.629531158561536,0.34682846881874,-1.5713848736216198,-0.00866878816396856,-0.29329836382853175,2.0552124803282585,-0.7064904915827454,-0.6235696027924851,0.6822358454404193,-0.1917046940896635,-0.17081289968666513,-0.7626843844394697,-1.2005661973891046,0.5125536646397828,0.7839802232556246,-0.7018304767202843,-0.5065664472690532,-0.23249092020070367,0.8717050203652512,-1.4153170950565788,0.8961684919705467,-0.26176323512151295,-0.3769946061226221,-0.47407833914131486,0.39921876569270304,-0.515926282513225,-0.5579303113995986,1
-0.26207987700814916,-0.4075320273585581,0.017454845506413384,-0.07438299332013329,-0.12778726621037492,-0.11724810020995553,-0.10395599462296631,-0.16968664054910002,-0.003941499725899288,0.002135072923106778,0.0033556361378250924,-0.032927517529514824,0.13578631240972294,0.10106849371584917,0.09929373720351965,-0.25409603602429304,-0.30799161191598234,-0.47615300180037806,-0.32504580448171416,0.08019205441113895,-0.19223171839968795,-0.3225401009836466,-0.17159402905046878,-0.2042755629558111,-0.09123746285496473,-0.13690712587791176,-0.09520008905191844,0.0022667936918638848,-0.015590104765330116,-0.2663273641530684,0.11181638371119451,-0.06766015869698316,-0.10380947888021433,-0.006491986961900611,-0.2518531094992308,0.04128899606784706,0.009607994197096055,0.10866450114006988,0.16755575302195827,0.17614785321882626,-0.0012120005219233437,0.0035583314836142898,-0.238290619505976,0.011757301250803933,-0.06663118515439855,0.1039591944990029,0.22837806100997585,0.025725847319617547,0.025045259883091066,0.09699716978799129,0.33771640843290524,-0.5300488384549825,-0.25395697514896287,0.014470799647649338,-0.0339646473486218,-0.02229444701952099,0.1878044964651045,0.22462242371590865,-0.045224697180000516,-0.03845974551258994,-0.12210374050303001,0.12868365193431608,0.13084633969770246,-0.00024784751359151745,0.17917694373631315,-0.03428476941510697,-0.06495893609901009,-0.09055058362677393,-0.14691394067875957,-0.2846508668921293,0.19375339568601443,-0.08837580197709091,0.2050688264394428,0.17994295369162888,0.11060129296040645,0.10003220670151418,-0.0014475077772001428,-0.23173116452711648,-0.09544459083035288,-0.21163092931335617,0.02292796891570185,-0.42946160191874333,0.05740039773666256,0.14419236686521744,-0.1446549999607987,0.18169930427139372,-0.017592929511368604,-0.07733201455708857,-0.01589661428717297,0.013757949413446683,-0.009405375054035598,-0.20832836747531314,0.08710819797699176,0.11693326974645217,-0.282775580982336,0.3855739750596384,-0.08332865126016424,0.11914984964273598,-0.32622989066505964,0.08929957250043004,0.21126930446599967,0.13210091075419406,0.23610874479693827,-0.13708689448245265,0.14121292357073553,-1.3870042184400018,-0.29516964671157964,2.6660358817539755,0.25078006419454874,-1.2831419425237052,-1.1076592691375442,-0.8103861437541474,-0.7561260472630621,-0.3341885454136064,0.9246620430106535,-1.459528298273593,-0.9376252961871179,-1.2719403700795011,0.46505039167898343,-0.11916494897228691,-0.809723825232862,-0.5141385814035928,-0.7492164221126119,-1.0351970385783908,-0.9144925011707411,-0.8107236350761312,-0.2416779152267721,-0.24509785724590888,-1.643316788866712,-1.7775848879979639,-0.8297232697653544,-0.38033542491129724,0.40612708260711855,-0.5237789066227627,0.44386771469369446,-0.17330660086073735,0.12767876760819358,1.1030557779705703,0.023303281891100706,-0.10285637678436237,-0.705911231154501,-0.6383432036530966,-0.32173926733501346,0.7616660634293883,0.06893154608730727,0.7086705930265763,-0.6118339623473371,-0.8593289734583305,-0.2162317187797197,-0.20669819473405807,-0.9620882041214115,0.6163121165924109,0.0817151813592036,-0.8358564322111904,-0.3831703775104172,0.17350922931771517,0.5523621430728491,0.18233594230997116,-0.6879694683453955,-0.5154351278272046,-0.5199882451648127,0.0045588888250407585,-0.540731678005099,-1.2847776456736517,-0.749462421552163,1.776852474710897,-0.16949434125302962,-1.0603702706907019,-0.9898684309298841,0.40800685508090573,0.6620017470662416,-0.9952102876822236,-1.0792121878559826,0.07739680484251123,-0.7776156651215477,0.049062021906161414,-0.832900298463872,-0.5971780229250749,-1.2358970697708611,-0.11078496141913546,-1.1744942744170566,0.3911780231234353,-0.9210245422196774,1.2199552381692325,-0.48279463230426606,-0.4358127315016168,-0.7980444011480069,-0.6896368538484373,-1.7140077595075092,0.4546132136204767,1.144796987570616,0.22943244406820928,0.12861368196259787,-0.2974345001950076,-0.015023971619289823,-1.0923136969224574,0.4429689539956652,-0.29420984490401136,-0.09555161360285384,-0.044274667615250514,0.6173724950811352,-0.7334772149592512,-0.6083873108158169,1
-0.3001868362260586,-0.33202018193711275,0.0792322561766859,-0.0026952727431286314,-0.062448330484890596,-0.14376196700116828,-0.12853583609475164,-0.24327501689747866,-0.03322527103670133,-0.09365975667679072,-0.039668091632741626,-0.026386177306315955,0.10618383715293694,0.12293287060824525,0.18228580912886952,-0.23149601698666414,-0.32294375617797944,-0.45649715935330865,-0.3114037860706288,0.06897863000412632,-0.22950115108432864,-0.3732797920255101,-0.16408568566072942,-0.16248009169487634,-0.14084133860957118,-0.15003361892829228,-0.035647652266816765,-0.06010587526307944,0.019520960509075157,-0.23940062209327237,0.11665262067867724,-0.16544163770538606,-0.1834035166925861,-0.0077316693288538695,-0.26317840529777037,-0.02199625509514775,0.009212128805501998,0.10461564677187998,0.195440866395993,0.1731288256502286,0.023846115664398662,-0.04342881026049808,-0.1779268170546503,0.011428593474249103,-0.06480837112531856,0.06906083860385263,0.16434728996831663,0.029271315382378708,-0.03036235541711814,0.13679300195866032,0.32040955406166,-0.5400825062957832,-0.35228085413159627,0.051670771250146234,-0.012027505601109751,-0.00963168718166382,0.1747570123411546,0.2524290671076171,0.0982304217141237,-0.08961025266988092,-0.08932985171170067,0.21328239045154543,0.06815694963686303,0.019538150787894875,0.18624060981837132,-0.004894321873847693,-0.0672184696584656,-0.07856252151197757,-0.06732556110645331,-0.31617168871402007,0.2479278485686058,-0.05646334097480355,0.3275726840786979,0.22339611008551769,0.09242348598329576,0.16269868008498192,-0.05341371293732593,-0.2070126895051277,-0.02624766926381854,-0.10575898818443175,0.0443048170816793,-0.43155280630959586,0.005178806092458689,0.05730981912718366,-0.23560511179690594,0.09636549221894657,-0.013114598036971545,-0.042789103613379814,-0.04300508803793602,0.01847875791923984,-0.046459661403302856,-0.1648081463827473,0.10366395380122954,0.0788478369193966,-0.24507916234982477,0.4203197642437267,-0.07764698599900682,0.11203556974876841,-0.21266543512780473,0.07436769211253476,0.22851256336561107,0.08518923774766912,0.30145866897241,-0.033257013294911354,0.1995294970601334,-1.2171703129071427,1.5934653413676632,0.8103361656802907,0.14549600514539998,-1.6373082161775612,-0.8351474005519431,-0.6175509723644068,-0.919166824189425,-0.2602591085666114,0.3128578027187727,-0.5531336281700631,-0.7556850952721863,-1.0333461585045032,-0.0880166018142457,0.7804386424466954,-0.6651966871350391,0.08049749940933666,-0.7793403828468709,-0.4639333872697764,0.06756965712089878,-0.3275474450653707,0.2573566232933022,-0.022371064353460597,-1.2943779793263823,-1.4144365235721246,0.4808019077531983,0.12384319757832406,1.6719112882552414,-0.8869324343439111,0.7144574500219968,0.22707067154544633,0.88200321495152,1.163630220822859,-0.09804561642248955,-0.24179710620389103,-0.006881357020828526,-0.3211711680028043,0.6119874029277413,0.9811326063308226,1.056378442306039,0.9295525305266437,-0.5709698440189256,-1.3442668216028695,0.7567567496585897,-0.3695684027791091,-0.6514618983195115,0.8595494342792731,0.6665656920195315,-0.6829487464446661,-0.007109108923335066,0.8885683639376423,0.24957022492044573,0.16585735923426698,-0.980979088811956,0.4720823524012213,0.3242230043534756,0.538296513145924,0.051727231853123064,-0.43789010986507154,-1.2985537309531126,1.5479162435648743,-0.12788977852603164,-0.28261032255068175,-1.2497608033196688,1.5942536206459124,0.7999664421413764,-0.5113811005570313,-1.0232420425581692,1.5837281273490103,-0.5053340054845841,-0.8248139743423129,0.09235931527256305,0.15595168324920416,-1.085782803557424,-0.4842466964532755,-0.9574521111005947,0.10369345372943285,-0.7581279443239632,-0.3329509876096966,-0.9660393083707006,-0.11063415136739431,-1.3793208805522095,-0.7031393702802714,-1.7185935078832888,0.6364021394796634,1.477465629081516,-0.8245722888441254,-0.19266526557340094,-0.39612718499666044,-0.27505205595659643,-1.1925413476270086,0.27034653658466057,0.4403687632106978,-0.034897644997744254,0.24542177755695183,0.4650426448653109,-0.27083424026880665,-0.39616438491572054,1
-0.23729435222297354,-0.5282425041250652,0.11231035971738826,0.19077021995757476,-0.06417025205634976,-0.12561272960632366,0.06628385351688956,-0.3782802753014484,-0.16482123218464007,0.014633977643823619,-0.10843464075644939,-0.04202504962408243,0.0492516843439771,0.16600624412250523,0.6424837677355231,-0.14127602426867744,-0.5178504667918489,-0.18829469270678809,-0.11491747420185565,-0.3352467376005699,0.13121893484700578,-0.16097082050205258,-0.15168877529537855,0.028730247713919754,0.03953120031541699,0.14615768059179124,-0.029638478103810848,-0.02441393423295604,0.05232883449075755,-0.17891105364935475,0.163141652562163,-0.14853903571035965,-0.29376552236918996,-0.002977884345277586,0.009516336166883571,0.02231332047817611,0.03496109473680343,0.11531728960806681,0.15919708373660701,0.1756563396110412,-0.09410536507115101,0.004563348926245144,0.07184704095178374,-0.00386388904087839,-0.09301389794689102,0.09269842857618835,0.13090226306949507,-0.048915334226888055,-0.13709453464772642,0.30649036514013,0.38071190785687015,-0.3785661799817369,-0.5926951620776517,0.20683803428149775,0.08929868683868689,0.04720290834029376,0.3022932506964643,0.24339908842080613,0.16728050636664563,-0.11868598189124975,0.04234080420667272,-0.005670384011887335,0.16371382598852724,0.011593043760801825,0.26867664293244903,0.039394321639457074,-0.10292976970696552,0.03722866351405442,-0.0680224548188524,0.15367194440146748,-0.00743768211176185,-0.22748310965505983,0.3763833248220176,0.18306541714573388,0.017105027605054744,0.01338029438584844,0.09037276922829054,-0.03584475970726224,0.1720384218169685,-0.054256063198795924,0.07952995665047641,-0.1959524863061988,0.07915317459697992,0.06383613108193932,-0.21926055030456315,0.17022873316325407,0.06074396531698689,0.09724819194191404,0.017253951671492324,-0.033314630189608896,-0.05665245563190922,-0.08960910816302248,0.03888280100444118,0.16901256256721997,-0.11738013250342694,0.40686884267884965,0.013906678370295423,0.17417053556007286,-0.10771145732159058,0.13564277048419965,0.34179582962385213,0.15723376793705768,0.4255594125536742,-0.024514133606219384,0.17780373426043922,-1.2532778727289449,1.4720200990492691,-0.6778214481657925,0.0865219986284272,-1.3190448840350462,-0.8804915726864261,-0.6382537192624711,-0.38429117078090436,-0.14241478065063748,0.2086091309762653,-1.1317534883484903,-0.8267227850244355,-0.8340843769809801,0.2838031190136801,0.9739057316394605,-0.25156837284100025,0.5229975864736002,-0.23914949495549803,-0.776151417858731,-0.37851252445208755,-0.4545102799781404,0.643740764897566,0.13936190186783556,-1.2601576492740667,-1.83407432994104,0.13244774068778012,-0.20593741043287814,1.0231860950894194,-0.7947887804528649,0.6940844570658404,-0.4788329385831224,0.5246278534071078,1.0571625084859608,-0.6482590389276932,-0.27870434670237837,-0.8046870293741165,-0.8771528316085618,-0.2718353144457867,0.977591429230351,0.4900506002402379,1.1501644990794322,-0.5192308595335079,-1.0501509727919378,1.5699775705323216,0.19936016759874897,-0.639442821982675,1.9216515180489377,0.8854104340820697,-0.6545808776782394,0.1813425824990952,2.058475212783797,0.09743282938473144,0.012432111502513509,-1.1334398627377782,-0.05138331347078774,0.9409560876578685,-0.08587281288651448,0.2032125777786419,-0.627274666189381,-1.26828247722379,1.3270725462994946,1.1429472920633916,-0.9098823927759101,-0.9235083899420132,0.7351193721271565,0.34354921900201624,-0.5318847810067138,0.5640462394987261,0.4378054210572362,0.10860551068877693,0.20054481511590705,1.1191770491126851,-0.026200697835239515,-1.504384122005801,0.1271195300178778,0.6313142024108528,0.07907459838006548,-1.2111771451525808,-0.12010625641388904,-1.3213319076988685,-0.20918533135700976,-1.1106766307218647,-0.6815262326804361,-0.9554619768909398,0.4832999355682277,1.696250142940293,-0.516369805193414,0.5484150894190298,-0.35409365482993105,-0.40749070737509013,-0.9475287418761413,0.627781466669781,0.418054887043421,0.07686492929117283,0.03531219018564311,0.524127324112689,-0.15072473494370345,-0.3953840600031115,1
-0.18032274530002826,-0.6451910390946668,0.21315931264707574,0.2874079011752447,-0.09194348358869983,-0.02621528727362561,0.09956604833484148,-0.2347523115608065,-0.19498656026014838,-0.0029639038062455403,-0.09371333116646478,-0.03476738044837247,-0.009884343346294885,0.15442286099065589,0.78743609772188,-0.15790523874942544,-0.5510047385181057,-0.20009903328703937,-0.21297610561872077,-0.28275907340902906,0.11463979922658053,-0.12936900655970912,-0.26194905166437654,0.08183705333248596,0.09290337772990004,0.15979953574546962,0.032568479079951036,-0.050342193898587274,0.08858673192796579,-0.13532997368325675,0.11442306846597733,-0.22691802275736944,-0.33442062175121035,0.03387505114187794,0.048000187616021046,0.010799278317995372,0.029096824081828305,0.16340994356263125,0.15109721197600037,0.22511783670660487,-0.05131808500633481,0.03436399668472289,0.09273822183782492,0.012762190602536376,-0.04427209944082529,0.17750027723558462,0.03606495941821371,-0.055804648612706724,-0.1729886125857993,0.22958418797071772,0.37067561753012174,-0.33777113198215203,-0.6461374390978382,0.28028457674188234,0.13358223621911472,0.0381256884912639,0.2350546734012712,0.28036229728424933,0.1715289929697613,-0.12501799329875635,0.017240795005871567,-0.029173571976227015,0.10878207341062507,0.05028353645198127,0.36654776114515625,-0.013351300439875076,-0.08922195127570243,0.02900741019291259,-0.05831001435361159,0.2067393544738059,-0.051163325918180624,-0.10230793626735218,0.30805227704464855,0.22360548842577865,0.1046354032628607,-0.03971635681808286,0.09630947326290541,0.02100101104527534,0.31277784236341555,0.032254547079073465,0.056169311636751956,-0.17252915216008557,0.01622895763577871,0.0016970411633782682,-0.2838512630846077,0.05440283619955736,0.13594626573660135,0.08402188280479764,-0.015868523941841586,-0.0971444805244135,-0.08168313977140783,-0.06467364522863082,-0.004538165441325596,0.1266338624617479,-0.09153473143810231,0.3524106436564719,0.10501096452011434,0.24722429148590974,-0.10142132142037766,0.19977986918879517,0.35976658736641426,0.2020083839505066,0.4358304419979965,0.08961777688865535,0.19042716505143795,-0.9678029924887327,2.866883909245795,0.4226783835071687,0.2147462658712954,-0.611774521510366,-0.43097724419148353,-0.3395910094203534,-0.6297231412404688,-0.18867187568716143,0.058924778070452155,-0.95067568381351,-0.9091363790863873,-0.5271289482274529,1.3405796575289863,1.6596262197584308,0.002982426252429797,1.0960348129212356,-0.27069991161559964,-0.6372476118917415,-0.03539319040357694,-0.058301047145178704,1.670451437836601,0.6147162695145035,-1.1498141130898636,-1.5265070069778541,0.6438710134119392,-0.3022599505289054,2.0351305107779107,-0.8802807640258453,0.9209939929579618,-0.5549859533129387,1.203670562652267,0.3918114909339223,0.01411425684288174,0.9994199681911556,-0.640794221475076,-0.7196461843283948,0.6685073901562288,1.4351610385600568,0.5727844386573813,1.6111444724960897,-0.40587306553752783,-0.42044993598684355,1.1770255275286163,-0.23542619268931506,-0.46639475240680367,2.2019597463654095,0.6305908753932931,-0.09444067450484628,0.4322871205401152,0.15116761670650267,0.18452516381247946,1.487647148233091,-1.0888975690043377,0.07614441194195583,0.3461614126899461,0.06997003935370863,0.722499095832233,-0.2939728636518628,-0.9224883833279557,1.1161905668812562,1.5161431445908453,-0.2772219233760458,-0.3010235624328696,0.5995255250434937,0.3162622008418879,-0.6656475488230977,-0.019114882394620676,0.5753194133026147,1.0796417532907139,-0.6331981771844876,1.028520868899347,1.054849032332828,-1.2500062414040467,-0.3316194871131441,-0.10215001665570568,0.6001011528367949,-0.9259470375244565,-0.7506149803769957,-1.7588165071844581,1.3555654872503318,-1.3370594169194556,-0.7222237677967993,0.3069198201121038,0.43100808377989697,1.663227773210762,-0.6902236196266672,1.2443437179373464,0.1354858379202693,-0.0298213577074464,-0.3325864752232881,1.5018478948373601,0.7296179305655245,0.011140558374017305,-0.10040265324760815,1.8075917994637432,-0.0035749711303517764,-0.15390806677891705,1
-0.2260734805053937,-0.6556457061462905,0.20583121899160353,0.38607785578855586,-0.04549622787679826,0.037125766282193,0.09944642544436022,-0.17319789040333658,-0.23480203201529568,0.002830715721679471,-0.15522812659136603,-0.044499057334822595,-0.051491776231679914,0.2114309014169876,0.7977133437079748,-0.1811644129645001,-0.5068167989608086,-0.16535418971959528,-0.16589112388596325,-0.25514561273167913,0.12228370589513356,-0.13559615531140878,-0.3214431755664514,0.10898459902804908,0.08990459423830942,0.17701050363222612,0.03798925196844055,-0.04856352675257744,0.21570193315127856,-0.19562416130972968,0.07815497692474534,-0.27108133596374007,-0.2423765259125168,-0.023132995855887784,0.04776915138882174,-0.037570077537001034,0.02066392895188758,0.21770902984633536,0.18232393447915246,0.19995012520201746,-0.08624210757504938,-0.004450669571078148,0.12921987988090344,-0.01915097886501171,0.011214234926447787,0.1849580024219816,0.13415544667654525,-0.05442559908979769,-0.21602977233050105,0.14297068054262213,0.3231090458817819,-0.31260821981795606,-0.6312511460637048,0.27822010870578806,0.19227965584828616,0.10337857849697248,0.2979630287099319,0.3254332301906481,0.09029972346183894,-0.10951841978080322,-0.0014202216309495508,0.015924761953244562,0.10451628186929152,0.05011205010269352,0.30559102077034367,0.01715169207215451,-0.11602342066308692,0.07034774850781889,-0.13441395941779882,0.19553321392671968,-0.00998656521953624,-0.10737278891113734,0.3095734769608677,0.17044182858489465,0.08706521581091939,-0.05750700284534576,0.09274434250237268,0.07672623245721873,0.37473525404536945,0.04475786820833779,0.007549344995488523,-0.14578561448434293,-0.04300934204960159,-0.06795743697820726,-0.3507976585144351,0.02508368142541327,0.05685186720228204,0.07756939835359333,0.09803385267798241,-0.0738841166333524,-0.08598969311647237,-0.08078555626777116,-0.008965238805167865,0.17434164386334908,-0.060423596639850814,0.3421961821074887,0.13089245955198742,0.2219102046161439,-0.1247334018087161,0.16774438301946612,0.38812145516927915,0.2834288503526367,0.4151380673998269,0.09307720903576672,0.16437107853513247,0.0720700013679347,4.533325038698722,0.578778356839521,0.38758328419901966,-0.7989693891519558,-0.4204542712847578,0.12828585142876714,-0.21437890799680936,-0.35784937974963277,0.34557928279520095,-0.6543526514450115,-0.7936078437047784,0.08372282517700212,1.0656978136183197,1.476278131808967,-0.02254414751737424,1.0368558503379317,0.7874310449722048,-0.6236674299530731,-0.06529010314802826,0.11015722301425517,2.3291747972025827,0.8642269012133051,-1.3981229114178708,-0.7510712792173851,0.6893954559586817,1.0836153293849917,1.4268635822454672,-0.7253557944872564,0.556908680154045,-0.21053022708176145,0.9502299000081185,0.20107113951848052,-0.20898609560618364,0.9983314229469736,-0.7974640754903495,-0.40249493306527634,0.7064067691504681,0.9042835680655679,0.5994420341695218,1.2291477101561126,-0.4667913887870729,-0.15085813383432511,0.9306469744778275,-0.40827146032514233,-0.542432600511671,2.2865866670290678,0.8735818955918079,-0.4997607663063434,-0.030617314237701594,0.8287391220773935,0.36912486048695886,0.5520196824441301,-1.1859664564427241,0.18609030563824677,0.5151691462878014,0.8371895888441321,0.8037341580548449,-0.16505754651187343,-1.2058347740696513,0.8139089170353659,1.4474106462420495,-0.46747105483612,-0.8277888244203979,1.2099165355197696,-0.5974195895834834,-0.6503202029163656,-0.1724284738750001,0.9632340244895298,1.254869104045756,-0.579873106872444,1.1933352600748253,0.5416692868249234,-1.0256984586794846,-0.692004902021276,0.1285937336574465,0.09615788033421664,-0.9508980260403317,-0.7939470310990691,-1.9948301884731678,0.2406849704687846,-1.4047454414902991,-0.690873637299468,-0.16354189473712977,0.7626168780934554,0.7067970909219655,-0.6969945351712575,0.6157277863336589,-0.1385602634405322,-0.2592492508703619,-0.6449249359804923,1.4885934753533128,0.5611379547887301,-0.05378590476017951,0.0050029609562917444,1.495133564535792,0.001010028272803325,-0.3665638576441748,1
-0.23135777628547488,-0.6290460081859228,0.25048656956372056,0.4649604495919234,-0.08351875531384075,0.028122491690988946,0.03059801538529734,-0.16258809024336465,-0.31911675903470016,0.041403907323541184,-0.1852957259349671,-0.02175412873705351,-0.02104370936878625,0.108084841733625,0.7638742585750657,-0.13366245936894847,-0.555892255462488,-0.1692895522771509,-0.17126540709029725,-0.28649990859866337,0.14364264298091134,-0.1516410169257352,-0.3433336370802132,0.14541428248157168,0.10140957193545622,0.2088536690931212,0.03333259883840989,-0.08675144893401966,0.2774710886301036,-0.1497733568138602,0.10868703498291644,-0.32065813609913946,-0.260270521792428,-0.0972733477139875,0.03476586432280415,-0.0036752788176055485,-0.03827543928109046,0.2186827954063939,0.07687631847797023,0.15120007324732596,-0.07343020141787239,-0.023852483863170376,0.14970412243089617,0.0120207736942154,0.011803696161158905,0.05472398488357241,0.08727462024069525,0.016854860438688248,-0.22427210417823593,0.23339568533598523,0.28017292930005744,-0.3238622504109786,-0.6250264327318367,0.25533006008206255,0.2755451708921483,0.13020155346771536,0.288937735524709,0.2576075505425268,0.11640662582867999,-0.0647551391409301,-0.015140795946482011,0.028557752833543865,0.07838055500052814,0.06021869936614045,0.2977474842290759,0.0015262536451305674,-0.13958424523583343,0.056704253109556374,-0.06128279528298371,0.2475102812413273,-0.07996833249200493,-0.01419198857265245,0.30478643815178336,0.2129972142117838,0.017699427098843718,-0.04157642868816093,0.051879057755209255,0.06794589443377558,0.4116154898448329,0.06329886903193643,0.12861888758280343,-0.1679680072664609,-0.06564653582681854,-0.14424249271513812,-0.44082898319649066,-0.00014761892631978435,-0.013366366461853988,0.14192546748631354,0.11850238891334836,-0.1059024210344066,0.013060736829136001,-0.05691526112514867,-0.019169526830193313,0.1755898328279111,-0.07317334514880977,0.26217377648531204,0.10403336912091461,0.1952953136620091,0.02787732960496691,0.13129678355675783,0.4236708493531175,0.3027674748751127,0.38657193902883763,0.057473300149494214,0.16221540167044057,-0.0873889016984842,4.100580560818712,-0.21524869923786588,0.1210418178249357,-0.35126069434876633,-0.022305032823349426,-0.11468242739031705,-0.4883187018240311,-0.21298040339757016,0.12151400285028922,0.3011687103387065,0.22017146974938645,0.24959235030923677,2.3250550649525263,0.8865716844906383,0.3384119530851823,0.9376409770377699,0.4806856908038699,-0.342723602852191,0.3725331096564695,0.37591417009324407,2.027900392062023,0.10699257723493276,-1.6330356605307097,-0.4728205448978443,1.424245352243961,0.8534071622752322,1.9639555979858991,-0.6842929670902486,0.10913224763894087,-0.09113709556735496,0.8725774813110102,-0.10024943205586295,-0.8276318955306661,0.5262346733494666,-0.13082350035413787,0.2345951588237838,1.2330223671162668,-0.35624420365902976,-0.3235931211590171,0.49373343230692684,-0.7932752991488973,2.0334191630279617,1.1118210839930047,-0.2897525433050279,-0.4586965061663621,2.919341276034009,0.8122373790554351,-0.6260296381354048,-0.3364727806947916,1.2041341622376212,0.8790668459100626,0.5598754288969937,-1.0963611327000453,1.153792570064192,0.6700703581495304,0.08693894949864668,0.9079346872889471,-1.0003887587155895,-0.9826083141015107,0.3552254695683801,1.2257099105402387,-0.47116975065405753,-0.4363151171093264,1.6774587863902164,0.26853953722144086,-0.3810960917030674,0.5563247477815335,0.6123774921397354,2.1461263550988794,0.9694668368255499,1.0792447645597092,1.1808085074831292,-0.916499338755199,0.9204356136132175,-0.3553615970520601,0.9401354497540703,-1.447528493878768,0.7613916746648284,-2.002871127087079,1.137827597090282,-1.1825276667160998,-0.6557326745295291,0.25099083952881385,0.38799588252565104,0.4450057210337556,-0.3179317349012965,0.3122132871752953,-0.11982674003452498,0.1520854536452974,-0.7535646071534876,2.376303002970676,0.2964806988093017,-0.08803910683189353,0.47907381184550846,1.8201714976813392,-0.22423116392663442,-0.5394892818503917,1
-0.037091137638412555,-0.6830785025288744,0.035052911333384396,0.5091356882769938,-0.17582328094683441,-0.02984955396876921,-0.08982304525248155,-0.18385965166733792,-0.19144004648275595,0.14184791598717503,-0.12126056858167306,-0.042607005138502164,0.002858130949871919,0.06724263148569601,0.69063197203028,-0.14949344254608657,-0.655873121835576,-0.16853288619250895,-0.24681412819582402,-0.28914862322096346,0.13093651325778674,-0.17383855163762751,-0.4004861884032249,0.16330522981526294,0.10848346062244625,0.2874138011531041,0.010014319515059966,-0.0998877894360285,0.26796207279893397,-0.1259096779683362,0.06656081153512414,-0.21413229092524702,-0.20034308638225812,-0.2228266126247852,-0.018364477067571824,-0.06490936997334075,0.0006269529506847261,0.31970185770436554,0.21237024803869606,0.07670674454421778,-0.15779325567946612,-0.11331222721550802,0.039254628944797934,0.04540851566206079,0.005471833441729201,0.013514975471393412,0.1457049172595454,-0.012522407975773094,-0.20714644343360344,0.22698138824144104,0.3077943761818734,-0.2691065824675831,-0.6169460970831753,0.16878120634960972,0.2198229209399982,0.1316366851725565,0.2289569427198388,0.2382369755543488,0.008899570719894126,0.022149717481407663,-0.053048873768429025,0.08771338388954032,0.07008427756891236,-0.015493662453524472,0.21362739719591053,0.07834968182050192,-0.14083265998103597,0.14720204206102602,-0.09601556923133263,0.2858479382783223,-0.12444114934929275,0.011285968203675414,0.2512508148590033,0.17046542441912102,-0.08113652971567548,-0.1526489335304781,0.09138451973692235,0.02557405224093623,0.30636566565107254,-0.010003281057457522,0.13566283001159055,-0.10718586882146762,-0.03235208989674617,-0.1984970515984992,-0.4395474215971012,-0.008435541284262908,0.024815957219110143,0.0945984205928398,0.18094899289780803,-0.12392432593724882,-0.013187366208386887,0.11148433280853078,-0.028987372454231112,0.20987805173016438,-0.13346812655282123,0.2262062820485118,0.044315537547432206,0.1398858661725589,-0.06240385709188556,0.11611124902917666,0.40419977705759547,0.3830985644150708,0.18197995563679317,0.08529895178883067,0.089073802705336,0.41557735663324175,4.5793904741159075,-0.18712508612915926,0.10965537867820124,-0.5960796402153274,-0.17721871425861688,0.22716586845507536,-0.3795383197477197,-0.4189068698951102,0.9331519919896164,0.7002305515256081,-0.3191631065145878,0.6621908980757368,1.3820305743117574,1.4339349654017643,0.354329070733668,0.8303605018704762,1.3983819534710422,-0.4375701482857712,-0.2440743565666257,-0.0718030703158239,1.4981352075866372,0.42157726752986785,-1.2603904716830905,-0.4589149434529546,0.47428981230696604,0.23301060794301712,2.105135400570973,-1.3364559839686077,-1.0126610453526694,-0.6963109122428257,0.08132670613892579,-0.4468579120913146,-0.2457305159068176,1.0328114597555327,-0.2124989571307665,-0.8130516853336073,-0.3302270316542433,-0.589733971726204,-0.2972745708362066,-0.2929237149653092,-0.8237051269215024,0.086896889922278,0.7861068635176186,-0.35166209006211135,-0.4647251017480715,2.5672149410358096,0.8914752621072948,-1.08806764429965,-0.7450153086224417,1.421500310892394,0.943364750170951,0.04669510697929432,-1.3592027121936183,0.0428366371735611,0.8316998181810005,-0.4716744084155329,-0.16492806265591298,-0.5745940534023536,-0.5222202357620929,-0.39874963749836717,1.1283908709557684,-0.1630202226002823,-0.2943196516075681,0.844145937236204,-0.021731299942750852,0.04218637140304533,0.7821580559112551,0.7720153973827286,1.9344278339937249,-0.43455426879900566,0.820983407552019,0.6683768620410019,-0.8471957094121529,-0.7954696987437503,0.35240561679496313,-0.01918226527206656,-1.4618870894352145,-0.07001305664322537,-0.675188195893786,0.3199322732500952,-1.4276972014721687,0.027830458508317633,-0.2883102834329592,-0.844067763664904,0.30581754964257757,-0.08428062866170906,0.6513943422783752,0.061884419863223745,-0.12699173352267704,1.4903515210035165,1.15962810852358,-0.5984996155570782,-0.39802494384603115,0.16136785761185604,1.9238888580008993,-0.44600753874718574,-0.7375310678152895,1
-0.08565792120782002,-0.7006075704715505,0.06463035096833306,0.5297462104304462,-0.24948800774859897,-0.047270402502514235,-0.09402834854006903,-0.17259587752113462,-0.15209662032344282,0.09726834675107657,-0.06172965080704773,-0.08833949300794523,-0.028377572551405675,0.16952364827549785,0.5902016985509891,-0.09836184581463318,-0.785186671895744,-0.08725647121605047,-0.16544031205956317,-0.26532050730366324,0.11893622108706958,-0.17461669606240804,-0.3615891770702834,0.19283487317198728,0.10130463840492457,0.42677643421249006,0.05004976156695924,-0.21063986845993515,0.29986626170039005,-0.20435007010810274,-0.02349633275137832,-0.24128087023463476,-0.1581563812807969,-0.24881268490021718,-0.0032268954365134083,-0.1752417776268475,0.042840474537779887,0.30404973837639626,0.22322245940059923,-0.04157899327358797,-0.10086310976660615,-0.08517478872907279,0.10467032140547623,0.11281845774982031,-0.06891026893152125,-0.040631289303919384,0.0995704423773539,-0.009021937044391458,-0.07871192867330923,0.10177093189366267,0.27617129311291994,-0.37668678096505936,-0.5997496724964048,0.11820480774921768,0.18342903441724356,0.06304614405155706,0.2767106852970887,0.17199493543327174,0.01476203564287472,-0.005736398997844863,-0.06638518375669482,0.013193105498413467,-0.0019795565610412043,-0.03272968528604202,0.21990630800970515,0.03667536583991031,-0.14983219349852636,0.0570341471686809,-0.13680623787604812,0.2579616475263382,-0.22580709804020352,0.041835625427086964,0.1961131636723656,0.10958666878116388,-0.053780846632738306,-0.21963463152919455,0.11151460981752245,-0.05633816549263035,0.32607913840370467,0.024800377869181954,0.07502110417781796,0.005822414549891537,-0.03300155032698566,-0.2148340869664203,-0.48114958008167,-0.02910261147067979,0.008998968090971117,-0.02188081152725794,0.23085941634638438,-0.1353398566400233,-0.05921458503942673,0.17548617875300165,-0.1977024948132698,0.13224479928846603,-0.15738618102582502,0.1888401830221954,0.03490631806652554,0.12100265294838956,-0.12276399895721461,0.14828385266195362,0.3564470400641463,0.27751241478433714,-0.019307992539602865,0.038895837438080685,0.08518426121240462,1.875705620403036,1.9822124652798419,-0.6243400172307938,-0.0607949029697302,-0.10948734404188291,-0.035007642029272056,-0.0736659427973984,0.324500662107626,-0.6067840854447704,-0.9635156812357883,-0.2512718018871003,-0.009714006477859255,0.05729756012035032,2.3793780693241686,0.5690923749374684,0.41159230846297884,1.0558394076351973,0.5881364495362362,-0.35414144657610014,-0.1382255315945924,0.3837211473140644,1.0476603594382714,0.4049743007181801,-0.7498930109743412,0.14242442839554773,0.11569986100204492,0.5533447223412346,1.0369872745766107,-1.4481786857077419,-0.983944161296148,-0.5660970865954345,-0.012136953254289918,-0.8014620089873926,-0.22020455381801748,1.5964787775656937,-0.4349399945080654,-0.15491208244336635,0.05572505868921716,-0.8005556922560384,-0.4239266983508538,-0.3036764097223424,-0.9714749589478174,1.0792709254904433,0.18600678969753232,-0.8401157997511798,-0.21768922862994336,4.404324554335655,-0.5230533577149221,-1.1482235427606087,-0.8122767390947564,1.8379136282857371,0.5873729365222449,-0.7341967927929697,-1.2762126756410703,1.4887705459726224,-0.05946792766773271,-0.5969203820057865,-0.03980422581792026,0.6208537071045869,-0.7386687186618928,-0.5928134729513904,1.5864790978720549,1.0210301484919142,-0.45997340136065334,0.37408669295991176,-0.03952660717319993,0.6826994435321498,0.07562144294871861,0.6461692273240144,2.1682628733297515,0.4440856534074626,0.4071539900796309,-0.488896137276691,-0.8182805419333429,-0.3318148195613267,-0.08739889219140727,-0.9049789863023837,-1.3039482180107134,-0.7463622867235872,-1.4727875300364923,0.7565599390389709,-1.4746087186530679,0.07063872108339435,-0.3619087363599627,-0.7748835394047628,0.27315588086302406,1.7448784235282013,0.6747459912548229,-0.12933875209961232,-0.8518660446564551,1.0076284176447865,-0.2790882921919944,-0.549114761707748,-0.8000025496364986,2.369340865748955,0.5975774716639988,-0.7191108849515201,-0.749685572249132,1
-0.06473841877366059,-0.591217505887303,0.08993570454611982,0.3367340257021268,-0.3658275635759988,-0.10454690917068582,-0.06800202149876058,-0.16632141360925196,-0.12690309282934417,0.03285426404511316,-0.13871048037651423,-0.11856033714713712,-0.04997669903238537,0.1603761171516887,0.46311833118042683,-0.05271936925668086,-0.6953325034414822,-0.05763010764517172,-0.16066652340497062,-0.29423940041490587,0.1492781052913261,-0.10643180440179219,-0.3019055637191019,0.24612223298017405,0.08567831831676648,0.48412403620915295,0.03067226766109925,-0.26664751370646544,0.10365081211855584,-0.22380597467638874,-0.096277421533406,-0.23746916027057494,-0.23156720257917954,-0.3324730024167735,-0.09182942463887986,-0.211537463645947,-0.09263205169031348,0.24282695142859984,0.16438728386312196,-0.09273964903932418,-0.22830726337073928,-0.11685083034854592,0.0002707725397259756,0.006997308993614822,-0.17510700588829764,-0.14365096283124157,0.02113033455506123,0.018721850107073477,-0.1817339431839059,0.008598545487061094,0.17189186359178016,-0.3930399714677988,-0.7083921977647296,0.07473254941941902,0.09783054152504282,-0.024474704156254246,0.21615988601261885,0.1787377690580494,-0.09176223070039886,0.0023735916651651113,-0.059780377280922954,-0.03769120721955288,-0.16786991748506105,-0.02488104394050756,0.30898329196881774,0.015359517780703272,-0.10313947176013917,0.030343287067546337,-0.15323806248254634,0.259118998622216,-0.2111723981428586,0.01776470474571013,0.2153691493654282,0.10594322382061094,-0.14419048270908938,-0.23527620285783463,0.1364171091550942,-0.125138301456106,0.20027239904849056,0.08740011696238058,0.0301810150559741,-0.010871202602467416,0.003110446898661518,-0.28832539624964704,-0.502054262647038,-0.06879500155845447,0.0009698423895689804,-0.024528291656303342,0.2381390699759055,-0.15831144472620146,-0.12252744665702105,0.1843065767159381,-0.190357630243629,-0.039213488535414676,-0.1484209034018159,0.12753558771269477,-0.06676664701455155,0.01896272946270329,-0.1713692737594868,0.08331191278831451,0.3038739022792553,0.24872343787140752,-0.12061926078520044,0.0644679846957679,0.013696342258413645,3.3156248339137364,2.644514026847105,-0.22548163781057065,0.1687033585606912,-0.7970955524051277,-0.15624267820155827,0.19989507197599676,0.35378610582048137,-0.5865962767137808,-0.6523820001041705,0.03859084921405978,-0.23934273640011566,0.28045940506370914,1.718729024689923,0.3662853552025911,0.11036641060148177,0.6889089741074965,0.5695918799887756,-0.3563457556638936,-0.33195057770775405,0.057072934774964036,0.5155133442608629,0.14196062930653744,-1.043016414009607,-0.09294787412506324,0.44164597809589373,0.3694556146787184,1.4002480639311063,-1.9495547276740153,-1.2667126840518634,-1.0462899560890422,-0.4312892186669045,-0.8603546303332553,-0.12503111236379288,1.5096910305576146,-0.734181510540442,-0.5721527519474174,-0.6636314248924875,-0.9552898484467011,-0.19866771565951508,-0.8717108023091945,-1.101228700892311,3.9450313966098913,0.12410908627143397,-0.464806857492145,-0.7309703176112152,3.5256269003945917,-0.14660635827454474,-1.12238745650277,-0.7283042990362093,0.625340802157867,0.5983706059042737,-0.8846010546087916,-1.2930231942747166,-0.19829174587415926,-0.2540439501450408,-0.7623793555188465,-0.09567948423315657,-1.0496167827536453,-1.1128362446366546,-0.3178795735667011,1.9891832745985802,-0.5354541984479182,-0.7444826829730521,0.07985100510557233,-0.7464748569302492,-0.6864027477329191,-0.19291421922467408,1.5808452197923382,1.7906527102262242,2.9936361236015334,-0.22483614911598568,0.34039103253226666,-1.2083290217273768,0.932113183326702,-0.24491357763556132,-0.9522561386084708,-1.0722986644979091,-0.36683131902595295,-1.1156595092108879,-0.0535644278674739,-1.662399373228885,-0.745072186981887,-0.8750793531699357,-0.935446069993128,-0.36898279693454705,0.014970418477311072,-0.5251633326494792,0.3626686196168323,-0.6332376708688304,-0.26305803059462174,-0.8190996461619855,-0.6198751445706049,-0.9366770716120321,0.866584830766544,0.13070803094096484,-0.6361121292604357,-0.8219549336056698,1
-0.011823245108782817,-0.4881271223481208,0.15459364714310317,0.43707042134420226,-0.4018199807085587,-0.06458167041706253,-0.128465881237272,-0.10572135695943356,-0.07466263195554523,0.09613131775219692,-0.08115715798983239,-0.057129931619932774,-0.09466812156116138,0.22347805490636918,0.47276412841011456,0.026284504154135004,-0.5897572582998221,-0.0011506206336882848,-0.1254129083681564,-0.3559092949216069,0.21148761668640506,-0.028554737066260116,-0.32005699777920726,0.19883808871562444,0.1923076017345532,0.4834268754598193,0.06406959307135535,-0.26010413057037296,0.20244317055744798,-0.22402217817306047,-0.16691639520485288,-0.1704898691327095,-0.21048821392609673,-0.3301798034825309,-0.03981897908789766,-0.1350475050267469,-0.15376124153767312,0.3082068129784003,0.25930391485471527,-0.06482463462696694,-0.24837206175669946,-0.036645136427426186,-0.009439214681004383,0.029231112758459837,-0.11367075315238157,-0.16543215173562745,0.11309137827857843,0.040882534680959925,-0.23221938113275994,0.08120668701332287,0.1695635560233384,-0.3295806607575087,-0.7279754500220331,0.05706094266344661,0.11802163234853848,-0.021816533369077063,0.30429042507347387,0.1093970415766068,-0.182250897719446,0.14245032778090133,-0.0752065373189855,-0.15539402602896196,-0.13138234122501197,-0.12224406542522942,0.25532540795538783,-0.0745173413741433,-0.12898883173890643,0.019718066846545895,-0.28995540432159667,0.3403643590391026,-0.28051118607592634,0.11064441663269982,0.23980079518633277,0.10357397564064427,-0.165392569628215,-0.23993361354662426,0.1569826968933432,-0.12515175539687928,0.26653704350044294,0.0582271900162515,0.03930762620422185,0.014851351817069766,0.055961652560283986,-0.24322800892586746,-0.5096272545338039,0.10794359564172012,0.023267437341061407,-0.018877040285600735,0.26725591782972846,-0.1362228927142411,-0.10789914826933118,0.15643211923019756,-0.08080300232453969,0.010118683310269364,-0.035028661653659095,0.14600128432651438,-0.04884020837168447,0.14789615566929093,-0.17038046647900426,0.09641899399278367,0.26910345146248493,0.2989589130147125,-0.15979573811362638,0.06829241600550169,-0.044352703863742494,2.072520043757292,0.6968189552484433,-0.9754686003358316,-0.251915724379664,-1.192390017940321,-0.3455049920281098,-0.39023469130222327,0.5573522147130416,-0.6144924497015806,-0.9667523262108733,-0.42431534030671936,-0.04225717439680683,-0.36672980414901685,1.4847584187167056,0.42667702003035923,0.19016664143516016,0.806979611724602,-0.11604519937831048,-0.2692305794318562,0.06586444974461224,-0.0054963460981603965,-0.30366705102644037,-0.2072275415421038,0.0014598759971628558,0.09216508298312182,0.3805579026662246,0.8047272241254407,1.163239161624746,-1.8883488627771277,-1.199895201658023,-1.13521376236724,-0.6756095285329996,-0.928723690139958,-0.959833074068073,0.43118538731680045,-0.42913966586515284,-0.2540242561235478,-0.7362258455547049,-1.2498084022927904,-0.37308765770182234,-1.1424287791484966,-1.2486834111855727,0.9403594399990874,1.461938930143679,-0.4047111845942113,-0.9754761777091377,0.5774794607832285,0.6136174908953947,-0.735072627612873,-0.8371611652506027,-0.6469497423962511,1.4717237748327243,-0.5918946589054948,-1.3309371699973833,-0.11316386334332443,0.5470678674149668,-0.508192456082839,-0.6042790880373986,-1.2715372174455888,-1.0836652261151059,1.109228758898552,1.8989715556604847,-0.26892030590510213,0.07005980922577844,0.05230661102831933,-0.6365851396551755,-0.45742957931612727,0.4219731424016034,1.5796204862319048,1.820376439583635,0.7975224681869937,0.2591354126874545,0.26426089207905257,-1.2042239892799569,-0.5667099687938882,0.4577780260100268,-0.3393542034994626,-1.2129488668676771,-1.1684190333098101,0.5353148947472867,0.21384285553551793,-2.079890076190187,-0.9413398650358681,0.21614477424467518,-0.5854788650515964,-0.7189749723302109,-0.595444127877257,-0.22667495966025072,0.3979634157018785,-1.1439976429808367,-0.37986494351500283,0.11056060464444134,-0.6860778331802787,-0.7822203215766362,0.08665870514478466,1.6211832852457366,-0.755667794433693,-1.2352663733151203,1
-0.024700339419800627,-0.26818561706272315,0.06265998098172007,0.27565720530022453,-0.38011172600337123,-0.18124499721971618,-0.3120945937397816,0.06163081721746409,0.019297283445225227,0.0683205110168423,-0.07238786483328645,-0.0038411229264738887,-0.0565344813664646,0.08110907493777261,0.13082834924728137,0.04016020202364477,-0.5118714797651579,-0.2561469796809139,-0.3333939640060151,-0.1701070320028271,-0.003288908606288544,-0.17791066757849186,-0.4377382107658615,-0.0069550534450166885,0.02368271964491971,0.15617655423694107,0.0289188302124046,-0.41945858606463193,0.19510088417519086,-0.26445747488383076,-0.2824064668008983,-0.23497132921689584,-0.18365282511870998,-0.33156230212825033,-0.2549014343169337,-0.2304934919914401,-0.1725226221841235,0.2974078536087379,0.2566436143460141,-0.13578226312057295,-0.17132526992340713,-0.18054438094554,-0.21280633539460173,-0.009677713448289197,-0.03491437287294001,-0.2607734028448181,0.08635961667040046,0.026882826917631386,-0.17098491051873177,-0.03847967014733946,0.05024732697332744,-0.513528656196074,-0.6723128625375697,-0.07164854054611644,0.07078847532932828,-0.11600476138555929,0.2961347106483513,0.057904963178625375,-0.20629832904667886,0.15107188507023747,-0.17649426370727953,-0.09004992124761961,-0.20879934036722786,-0.1450807413490017,0.02524428742707361,-0.08914466849864695,-0.07978053450669498,-0.18649275199049298,-0.26111976439959234,0.04533201123646631,-0.16523369410045288,0.2879350219490938,0.14558710024350133,0.0903342936031712,-0.1748684220266726,-0.15792825210858139,0.01585100202332079,-0.3031985500317135,-0.014774681190394672,0.12140529171608057,-0.017023007071470277,-0.015510942044533522,-0.02084285984226135,-0.31105818745709474,-0.6302824775417283,0.06610644006069637,-0.07982957402910995,-0.06947093854019766,0.22759967517065874,-0.12237679927667561,-0.19820768424287108,0.029409001498506355,-0.1481892889591081,-0.07386999803819791,-0.16280479592897157,0.16078821269849017,-0.06611639929493955,0.029040204566187607,-0.18072778702746006,0.11524905482648506,0.19176900238216735,0.20652891642978058,-0.13028181889241777,0.06276800602658729,-0.11127004754782391,2.0710474023375096,-0.12821477551893298,-0.6797617276243234,-0.4021907705321045,-1.3519477178635013,-0.6144317542319384,-0.4205380192524249,0.7088670523307742,-0.13433021572486092,-0.0023219923666784317,-0.5213520799491204,0.21580098214033966,-0.5500236127428774,1.4382116446258193,1.1309629357070412,0.46767654516016666,0.8778185902673008,0.14805136415153927,-0.7380021881686023,-0.01993415597788138,0.18923274483588007,-0.5863638891355205,-0.6364427577854963,0.15942241099678162,-1.0352312060695603,-0.16203211137989149,-1.1078730656134717,1.2337264754181818,-1.6218475417918345,-0.8145865245209695,-1.7921180341972491,-0.5074097594080504,-0.255521814818788,-0.5905329095667174,0.3309777755378826,-0.6627831857017296,-0.24121781504282025,-0.7066907812261988,-0.6402728701084026,-0.4045595197742517,-0.7294738213017836,-0.9882090949944411,2.7893268802913367,0.054670848588198345,-0.8501882735707962,-0.6459050804729997,1.1553638539862425,-0.16845718665439274,-0.4505067354304642,-0.2823556816225293,0.1603563720256669,0.6984470359456726,-0.9514533384596714,-1.098479409208747,0.8010944647091338,-0.3730615858196324,-0.7685350506533558,-0.10933740501421,-1.4457324605121153,-1.1439231932705571,-0.08399129914124287,0.8930349509096549,-0.5856022124246201,-0.3621512175697492,0.9037558401045964,-0.20013769578530244,-0.7549778112971977,-0.708928625699692,2.376799158293187,1.6537473011577222,-0.37681164657800215,-0.47434153471850954,-0.43016964465227236,-0.7187545393732773,-0.8018570578236494,-0.6655428322206098,-1.2534694011546683,-0.8895479645650273,-1.3473252928233204,0.06691665648931361,-0.13410474263652997,-1.2973819176956725,-0.35163374918873136,-0.7826793068665251,-0.34946309073370596,-0.35103260338102366,-0.36899730421059684,-0.44928617859214415,0.7967075836767653,0.06761054120672466,-0.6281748963739456,-0.8549439256235488,-0.602380369510246,-0.625872405565722,-0.17729272648462285,0.5329983266728181,-0.8589758466573294,-1.083116756853209,1
-0.08852798109301571,0.05854714277125922,0.05951197825407466,0.09907976613012993,-0.3216240518265334,-0.26825272437283026,-0.30722949589186216,-0.06411273531662294,0.0463105368397014,-8.510261893316062e-05,0.03843230403956982,-0.017044578946165272,0.018460836230527355,0.08008383350328549,-0.1904647052544941,0.14377923225114406,-0.32348195803739155,-0.10923325623333108,-0.04336092207947728,-0.20527500609313554,0.07514374552343372,-0.12937670972221477,-0.27622249723433867,-0.16689319778713113,-0.09447350152796523,0.1798324547834468,0.058838385879979124,-0.34669911903484624,0.08719174732225124,-0.2372196148819468,-0.29487285538826014,-0.10703937070848207,-0.28949155416488703,-0.38633256090237317,-0.22014914238401534,-0.25562421719749734,-0.11482119343126405,0.2795303351234535,0.29711794406645453,-0.06507352624128632,-0.2078464555274212,-0.2723872834505558,-0.15589209832223844,-0.04840680628982919,-0.10186122444783169,-0.3219057367935774,0.10564519646823034,0.04737552924374298,-0.08666569708648621,0.01469883031815896,0.11897498506600533,-0.5296744080537085,-0.5741711011924486,-0.25170838411717655,-0.01355759981850561,-0.13415916816386697,0.4609157005065856,0.10982617451457188,-0.08310569944100446,0.22214707055009944,-0.14499147691135783,0.044425343221518795,-0.20321110999326067,-0.10940913611280756,-0.11727888624978744,-0.044167046924850475,-0.07859770737497422,-0.13180643371022807,-0.16716466525818963,0.05042248394725351,-0.23585937279183125,0.191389696668184,0.16066882051064393,0.025010236242397194,-0.21052766823156227,-0.08026642160834806,0.14657766778235126,-0.3848666895822623,-0.03348754747196759,0.0853975325526365,0.07609175781336018,-0.05451693010503799,0.09262924495102746,-0.24643609854061668,-0.5310800971845259,0.031146148495425168,-0.0759184985883925,-0.143904603335815,0.22839210477395003,-0.06705168612230414,-0.21815716150042805,0.05009663527221547,-0.05114221392775656,-0.021668320376595045,-0.20987313314680886,0.11752086508143506,-0.09455157751417685,0.004536873775828386,-0.2736022861063939,0.04657428804208259,0.1704987402107646,0.164079770660771,-0.13887231571312567,0.042689149262681386,-0.14183153445309907,1.3956217913823523,-0.06010525052675311,-0.49223846329537785,-0.2775382947216413,-1.2901372464140477,-0.979707483343969,-0.4399528272908645,0.6924929259167397,-0.3822155457142987,-0.8551341650844146,-1.2794189628022896,-0.45156376274023585,-0.7342348084054009,0.38724075761598875,1.1723751509709508,0.12285669350355431,0.8695821288327564,-0.15603621650395408,-0.7252965729238927,0.4557799065736681,0.20355064239039986,-0.6037309944809294,-0.3455128944057912,1.0236220688668778,-0.6611883885458951,-0.5798631501181644,-0.6902403123414441,0.75493498843915,-1.0042312407423983,-0.6781956558676189,-1.4342173052192244,-1.0411988238139154,-0.4348082890153254,-0.7044671641468716,0.3784605053635247,-1.1543749946638617,-1.1455717471985738,-0.7263072075056679,-0.7928322301325988,-0.12701672588134333,-0.820161706757943,-1.0990130397253548,0.15829398432693068,0.716611438929714,-0.733499092694025,-0.7345007363679227,0.4088263093955934,-0.5500997878598334,-0.8603338849349149,-0.3349696113449397,-1.2388946929013658,2.0523394816233362,-1.015649044857386,-0.9153330901844011,-0.0524255548111268,0.1535873022338116,-0.774659056893252,-0.2354426545752501,-0.8893669380010832,-1.335225582512958,0.07219569308931355,0.634562326735538,-0.8074000208546429,-0.2537329399850057,0.8483425773586015,-0.013462746931353705,-0.8650655420528347,-0.6331690629738823,3.0166284316718044,1.493861130828776,0.6468287742503938,-0.5114613233764911,-1.1092336547196633,-0.7691168972350352,-1.0336205706977417,0.41451542667809443,-1.7331741647880774,-0.7023515329836153,-0.6990695420490732,0.8176318587263228,-0.8627571318278018,-1.5244902467049233,-0.7520704856280878,-1.341692486478145,-0.21211947127586617,0.10684688428677755,0.2259817618020761,-1.4261550273708565,0.9910569723271716,-0.2176701388441119,-0.5419933007171605,-1.3844783836724048,-0.6758703927244898,-0.332876432007508,-0.5678505707672885,-0.11320171268122288,-1.0863309659668188,-1.0679576514309126,1
-0.09248215168444254,0.04156756047849178,-0.02018539449576273,-0.0172386013938476,-0.3057498772926734,-0.3094729221909825,-0.34206250424874485,-0.14153659559844642,0.09335611466957278,-0.06813428393652636,-0.01216488529663339,-0.023566386454370186,0.11964085783011459,0.12449675478337982,-0.27624933989645745,0.2168688465438108,-0.4629047807234189,-0.17225912482980135,-0.10579878059922278,-0.21821363436117144,0.07601999050567648,-0.11503947856393372,-0.21537018938039826,-0.10623535103546063,-0.052209860481543593,0.15420932838698725,0.1704555932459246,-0.3923982364997151,0.04882117762104385,-0.14242983041412421,-0.2825227223886001,-0.1105211532274133,-0.3538177031666218,-0.3649465864667244,-0.2207465480334265,-0.3123010481240993,-0.10413499629227792,0.26049471819453246,0.23605252693394885,0.01498147311646503,-0.23355777465853572,-0.2782279995116792,-0.13804763736214534,-0.007631259537346838,-0.04841261350475774,-0.291424058660993,0.034155102425490726,0.10191272874256017,0.01262646207786287,-0.008823137095749936,0.09273310793805453,-0.606022133505219,-0.5903777005414625,-0.21766299097327152,-0.10844497146000946,-0.1977457588448298,0.3456523973250508,0.06431567812688865,-0.010274760844454814,0.1617045522175938,-0.07302428908926968,-0.030106662336174875,-0.1867382972320683,-0.11064857797638522,-0.10916513821933968,-0.02713455358305337,0.02539743341261458,-0.17028490902977284,-0.11153174801973512,0.061892759179921965,-0.41363807593516605,0.10568452631385723,0.2094825153101359,0.08035363456571111,-0.2000095861164017,-0.09221197362318045,0.1665357882721249,-0.49362114276766705,-0.1854628661425161,0.1078119210527783,-0.03252374614517267,-0.09267526975302015,0.23142426650532627,-0.2864738660750169,-0.4100612845221668,0.002203306344139838,0.025867139063926726,-0.2043341663882991,0.23474027821064702,-0.1295159809752791,-0.23271061067935345,0.15418200200624324,-0.010694497497554644,0.005167952167333586,-0.2691146026972912,0.2667514392483607,-0.14414364892401801,-0.11753568121838141,0.011981432137552971,-0.03745317011491685,0.19763642586144164,0.012008984526407994,-0.08438801136256652,-0.12814684629536743,-0.009667085709876736,1.854302089131067,-0.32402405425245684,-0.835876635989716,0.45562062759328903,-1.6428611856983748,-0.8823224360844518,-0.5991165051615392,0.4691443247935882,-0.20877578747364736,-1.0886734559160343,-1.4286288848747568,0.18614513884809897,-0.8476107333418766,0.2768861445029457,0.7843213447563533,0.19232594889514665,0.899696729865325,-0.29598234031712706,-1.1872444995125138,-0.04456058882024422,-0.15891287772442403,-0.09555653496538906,-0.17530479343555394,0.703773239703601,-0.948632017228482,-0.8722097607273089,-1.1508267345500698,-0.12825900080691754,-0.5756633540347709,-0.4548761766769344,-0.556532319929117,-0.2821191808656532,-0.08016807525271184,-0.4536306583728854,0.28484837382430206,-0.5282667554958349,-0.266382088110813,-0.17404230591036224,-0.38490613620608455,-0.028577498460003056,-0.563232902415953,-0.9291529069065877,0.21730887715781963,0.8904195679405782,-1.1382423534095782,-0.6932621982778201,-0.8016828686469364,-0.2324726608402236,-0.8740434313649931,-0.3057307833575267,-0.6315566111676167,0.8246204450632545,-1.5707530155215323,-0.8894222618909801,0.10331277342288996,-0.04784036541533468,-1.3363464593667143,-0.4055351896743724,-1.228198124434846,-1.617872433866955,-0.2482831610420316,1.0077239786606293,-1.4180462293213736,-0.4240188728891587,0.7723739719228322,0.3644217436431704,-1.1066303980263053,-0.7023295826568945,1.9200031419824606,1.2763729130603994,-0.7424196573297341,-0.6462242427983523,-1.2675416529176655,-1.1427865553330927,-0.9910237289479784,-0.09918320680500432,-1.849377635963073,0.098953345843721,-0.4476947136267144,1.773596222387218,-1.414872508610665,-1.0043271049379747,0.30156650478837976,-0.7723489060343046,-0.6872106495994772,0.040497501289542624,-0.7919355376839463,-1.6940765716501756,-0.03336670702975649,-0.45050276113758564,-0.712808989564752,-1.1991454051094657,-0.7921537710711962,-0.4306472001941434,0.887001712007346,0.1200911486292003,-1.272583125973662,-0.9671339978163207,1
-0.09989131492890277,0.0028501089265438187,0.009376801722596723,-0.026552903520280096,-0.295118221924066,-0.320014739939786,-0.2935756909637258,-0.15407245387174975,0.11841900516543756,-0.09214810511241199,-0.01614431613633224,0.027935906664421226,0.0890133450297929,0.09800208446005491,-0.2631482401895341,0.17727979619216852,-0.40163795131212865,-0.18951565269051596,-0.05468562309977549,-0.19862077409735873,-0.014762182774497604,-0.11464402699695406,-0.14888121265518603,-0.07915935519078332,-0.07105339992856605,0.189685786793897,0.1568680513820887,-0.3913192806851729,-0.012747288801580976,-0.19978117996987987,-0.2702647964626648,-0.0755409991186166,-0.3662122052912895,-0.2934908795095922,-0.2127635465016618,-0.3784574877943772,0.002946684941794876,0.23470766359023587,0.3133736043126059,0.025849709674915875,-0.2604786501096019,-0.16868315565700162,-0.09820395032997555,-0.02235264151426124,-0.04573084042971642,-0.20310794685213696,0.06871599045503773,0.007597590207583853,0.12404597981854744,-0.005121050872193092,0.14669007656172492,-0.6632156584860569,-0.5887902607667536,-0.1335102961087079,-0.1936611706954521,-0.2428463281335044,0.3087229969220265,0.04792528056810768,-0.013760886466478118,0.189962506362144,-0.047643647083214016,-0.013344700655885507,-0.20136307026571415,-0.0775620586909495,-0.07087594183833552,0.005904552672264329,0.016491315088835983,-0.20007992087757787,-0.11119649793579373,-0.03348520669920321,-0.45420085084928563,0.04882769335930932,0.24380450514069407,0.06461578748540614,-0.19752024483991784,-0.06569274790743071,0.23863698929081895,-0.41059099661573284,-0.15727899695564815,0.07991813920904359,-0.05301725975438901,0.010685977907037646,0.23600213892054928,-0.17154905430777156,-0.32717686975292176,0.044882573303036036,0.010191760278526602,-0.17139706543363653,0.25129572061996397,-0.056004402455666846,-0.1940165748266646,0.11912584058421474,-0.03891684729577307,-0.06517732594144802,-0.30774385630217865,0.2978831300534708,-0.12945082701870878,-0.118598130516436,0.1438757126360577,0.020721352023707538,0.15512768361092205,0.021978832536114767,0.029550658265303547,-0.21737467826980683,0.0008100151401148053,0.10077476284442467,-0.10187657672584613,-0.3343285922381242,1.3233931110288668,-1.4293545796602223,-1.004676086840302,-0.7148387202300586,-0.31195811859785905,-0.16167891263615927,-1.3335971614770032,-0.36316535516911946,-0.1122802770876496,-0.6731972540567908,0.21092974306575363,0.6539039104495307,-0.3540609987276748,0.2176159940601521,-0.6857685065688245,-1.1612306333579216,0.4830020752366342,-0.3544137777644531,-0.24425421581793277,-0.432020291880731,0.533108787230246,-0.40088491465535814,-0.9965545118583535,-0.5688415292797967,-0.019483610756544503,-0.4791299902814326,-0.5826202324003961,-0.8801973612496857,-0.6908493284125953,-0.4758873570038995,-0.742031553501874,-0.13049405722513924,-1.4189195523125042,-1.2603357129236326,-0.8055346651387453,-0.616164933908643,-0.24591172698212213,-0.6955192753249553,-1.0229877693517484,0.10055484842551476,0.19477719373309768,-0.7986562296449918,-0.7704320826881478,-0.7255778910654115,-0.6701593991085548,-0.8964515852910356,-0.18543394002614225,-0.6908846668712968,0.7829082117170113,-0.9233750047582903,-0.6434068194572791,0.5766352830753868,-0.1435401244057067,-1.3331164260535084,-0.4683955580871457,0.04091758283438657,-1.1886553334505467,0.3256567821877615,1.3718061973922075,-0.3845861941956686,-0.2719662838588493,0.9779412925172377,-0.4541721840469666,-0.1313866693436604,-0.9123417911218475,2.1328472737735393,0.28824972841052987,-0.367792706697542,-0.7737813030945386,-1.0465332842212516,-1.2433802910997624,-0.15193781448258234,-0.5455594793094091,-1.443658601929211,0.01674253214273813,0.4916426825460804,0.10291952971402041,-0.7112075118208722,-1.46427552651307,0.032214549030082036,-0.8763442609555456,-0.45894681147122546,-0.11218676291016529,-0.8424529578818596,-0.45830691874009455,0.05246983507742692,-1.1037213123365102,0.565385522420278,-1.616481754005607,-0.7690226548568104,-0.3362192807803546,-0.13975975216772013,0.1537549585668158,-1.223081211320252,-0.9027558987148536,1
-0.3208700146085761,0.2157268986493467,0.15325554129520327,-0.1255265424874054,-0.152858422580662,-0.2610095921647884,-0.13189484859591477,-0.17302154510897796,0.037717690574294735,-0.221033882579248,-0.11727048943800576,0.09048088012880566,0.0451187745950222,0.09559296703383986,-0.29708993725489025,0.049881020698258366,-0.38851391243097394,-0.2674482079175949,-0.06776465951368701,-0.30075467344308254,-0.051619813749910114,-0.0544314544996717,-0.07167405791887987,0.05311922556840267,-0.14132723807624792,0.21499744641745058,0.12081067754801013,-0.3726884412208905,-0.077498125875414,-0.24831903900234872,-0.24987037439842985,-0.08964295121120584,-0.2935229569572526,-0.2035519206102527,-0.09604561246418238,-0.32999529332624294,-0.057792307424302206,0.18321675836414444,0.26282531367671885,0.14034211224996232,-0.28740539911493973,-0.17822505433019825,-0.10982648855330274,-0.0810054599411295,-0.05040530068118454,-0.2035897913213956,0.08292541783436456,-0.02379658822088705,0.11968325230241088,-0.020084442631086285,0.2148485656356974,-0.702421985749153,-0.6052014016113451,-0.17075322381765048,-0.2622999408865454,-0.28295331688583464,0.23620378178123885,0.0685028500339004,0.026609569289220952,0.158770781762965,-0.0275073972091859,-0.04538534027203106,-0.1725056394058975,-0.139094924579721,-0.03976709709362984,-0.08012421604387247,0.025442823303522134,-0.23206304113193965,-0.040091715353028204,-0.10660524189845988,-0.46091110486751186,-0.03577094088064725,0.25019576541571015,0.08841510627100758,-0.12480905967860245,-0.07215910191380759,0.26186122848063087,-0.3986960196637759,-0.16055579384710247,0.137965232211702,-0.021788978968305683,0.11221861092951892,0.25032163115715017,-0.09955895340356495,-0.3800671183526321,-0.018068822600726623,0.08412020950948104,-0.0722022247369663,0.32164957213916845,-0.03035764512830499,-0.20207404289028413,0.04444662107464265,-0.09403542332290428,-0.08687009328871678,-0.3001800437092286,0.27254469352132676,-0.09298097160169654,-0.09001830214192535,0.20421913384811788,-0.017931435313092475,0.1485619512540446,0.020301148890844944,0.032368251141779006,-0.17934239914710948,0.0015404058810630477,-0.7949301010100113,-0.303591069394067,-0.2680797284159267,1.2674914362294498,-0.8017759334749582,-0.534650588984085,-0.7135966227266661,-0.7558728579696314,-0.012523364322740427,-1.8073334248825272,2.02774358663315,0.2305203979842475,-0.4413122575525329,1.594882162956245,0.9506435320307897,-0.3877865460298548,0.2389701554828153,-0.4466816099907623,-1.3216449366516119,-0.4373992948307365,-0.7293352606580416,0.14337936680844304,-0.21736815844425283,0.16695610108302905,-0.8168752843167792,-1.5401283261116796,-1.226985052905851,-0.10507760300269943,-0.2328002141672651,-0.4351451465688708,-0.4134905264612009,-0.514625434210246,-0.4277832193930835,-0.4583280655960259,-0.42839050230587833,-0.27550502129641297,-1.0322137663199502,0.4801334042090667,-0.5433386734868195,-0.6629043323743643,-0.5552019551758244,-0.8688885056786815,0.5508952236229988,0.19872038576399612,-0.7202724124372408,-0.8430990515455947,-0.8394854246639348,-0.6371461650575527,-0.7969763670502008,-0.2762119049820656,-1.2568697256883086,0.08748829525739941,-0.7844899659825381,-0.775575409508036,0.5762952574325608,-1.0282486603989665,-0.9036790336620949,-0.22823309495078084,-0.13546343604991426,-1.6375998712272963,0.05874833257587679,3.009145762544317,-1.1353998872504194,-0.16560863720682156,0.18224396060169326,-0.7872245320962591,-0.7430945003760713,-0.830706143361538,0.5737361794000243,0.5008986911691167,0.05635243094372652,-0.9163505468792935,-0.8854734623079105,-1.1871289468362205,-0.8398406884812074,-1.0226334432728093,-1.1701077409287766,-0.3174513361537411,-0.9570543330217277,-0.607373307532756,-0.612498376973697,-1.3521233655199703,-0.19586081020323978,-1.2515349106321272,-0.5152446489704494,-0.23907261481943165,-0.25530778267716026,-1.2241971176276087,-0.34396384732234914,-1.1200707530691791,-0.5367465515324004,-1.5114428806781124,-0.8058698931290549,-0.3192726792586555,-0.12725841565031173,0.06501636760886732,-1.500901225485523,-0.7158126956109386,1
-0.34738452569400774,0.2768099805663191,0.1606051081635034,-0.11398489643182132,-0.1639565158971584,-0.29952465385390425,-0.17110893651413642,-0.13075802093959546,0.12788176460251405,-0.2605723644004826,-0.10008125092996831,0.0943545640004048,0.10536001951181893,-0.08504785896037041,-0.32490489864552563,0.07551753021414855,-0.33477174167169765,-0.3207592797973099,-0.10752070301231442,-0.2831771201779382,0.005564265676021072,-0.07399030350789457,-0.10454708493314771,0.020912899026319022,-0.14705657785188572,0.16984309921187496,0.1233280574617479,-0.42763520938248256,-0.07195339123973242,-0.15245206171205816,-0.2333360167585268,-0.011681614950615545,-0.340647361193809,-0.2769705128635772,-0.03928315365301094,-0.31514148387111324,-0.07405210888664891,0.19033714019722245,0.3113560893736822,0.19611777790074889,-0.22957466902596246,-0.20835748645371918,-0.11720377536249299,-0.11990507675812681,0.023138489473562156,-0.13304730258724992,0.0753070039733484,-0.11435976677590322,0.07450397462296843,-0.06523699143355192,0.24063059736987724,-0.6645889728832566,-0.5684395374175061,-0.21231042492353847,-0.2373609701218019,-0.27571434575886056,0.2477651316880633,0.12213932629072713,-0.032098191404951786,0.11434967599323015,0.012031683536809971,-0.004309422837452603,-0.14380898725008118,-0.10133724545882729,-0.13442043654603483,-0.14691957940376302,0.14876109634255402,-0.22479037934781493,-0.014035013175579193,-0.06743065567884206,-0.4495809642865252,0.027183472847308807,0.21000011151864184,0.02147933783782104,-0.1544446598639037,-0.09654323216758785,0.28526541933395244,-0.3958610389689301,-0.11371683187598289,0.1350379809456901,-0.13218184007546482,0.11789386689951635,0.24061384333052613,-0.008122060070193464,-0.37927451625078484,-0.09370596792069197,0.08237819376776435,-0.08445064705567969,0.2663876262663738,-0.08071663043106445,-0.16662503295019537,0.06102225017847329,0.035904831995429244,0.02401388065546894,-0.34510230500768685,0.30545188371302523,-0.09266012063206411,-0.04772430767525013,0.2655778476109206,-0.09121138434627862,0.12351734014518223,0.11599195279690905,0.037767016545460025,-0.1567055057236118,-0.012803499191296756,-0.2081468988066731,-0.11515556829408233,-0.29637353468089006,2.359332161869595,-1.177213156254288,-1.087216094942159,-0.6583049887128005,-0.3030824474197923,-0.07827714477413796,-1.511108856778021,0.8141213315835969,0.04720341883182891,-0.08518610285930966,-0.121278880342128,-0.05493596614941525,-1.0058942012729217,-0.34970237929499626,-0.7191775690086488,-0.68082226282403,0.30416618976516435,-0.1627295676630532,-0.3261308608427479,-0.5333290286076142,-0.0676640448057203,0.03822368827688813,-0.924039919205947,0.2304963674637774,-0.15085535466795782,-0.43096865076431845,-0.5959433114667925,-0.40667338091188604,-0.6343378860361124,-0.6487438335891207,-0.41930195585613833,-0.6117559529040931,-1.179732834737953,-1.583359686588979,0.26110047834381483,-0.5340555442357453,-0.4872191454009915,-0.7461299198328106,-1.0049048930209483,-0.3359869353582035,0.411154177194882,-1.0274105934626008,-1.0047055137979064,0.17049854331653433,-1.069749600376963,-0.5736265005667744,-0.1779114067819516,-0.7864727575904882,-0.41693623000830143,-0.638704887815029,-0.9077422404106579,0.5050125496151157,-0.5346149144065415,-0.9046817382827914,-0.11411699468337742,-1.6241728390018646,-0.8028871155452952,-0.09234735574150313,2.58588830368744,-1.5354706297452325,0.14901012604538286,0.715651141227107,-0.45092054342171395,-1.0911338339352106,-0.7042083505347275,0.5079152106861283,0.14764980204706793,-0.7147125346699581,-0.850401413321388,-0.7835396900227276,-1.168828149979453,-0.687066256561932,-1.1116516948652662,-1.1047943348605969,-0.18064233790114692,-0.14128486921007152,-0.6073940726327294,-0.8162156283458136,-0.7915856037596164,0.2746898934032503,-1.1471511567213875,-0.15963588597723874,-0.3056643991559997,-0.640139468968189,-1.3425819917963344,-0.8298363573521381,-1.2095307478113613,-0.2638733125514904,-1.3106475374186595,-0.8266463650998103,-0.2352996694319637,-0.8940539218215992,0.17007079721826365,-1.4590807502392542,-0.4776169753182904,1
