feat_0,feat_1,feat_2,feat_3,feat_4,feat_5,feat_6,feat_7,feat_8,feat_9,feat_10,feat_11,feat_12,feat_13,feat_14,feat_15,feat_16,feat_17,feat_18,feat_19,feat_20,feat_21,feat_22,feat_23,feat_24,feat_25,feat_26,feat_27,feat_28,feat_29,feat_30,feat_31,feat_32,feat_33,feat_34,feat_35,feat_36,feat_37,feat_38,feat_39,feat_40,feat_41,feat_42,feat_43,feat_44,feat_45,feat_46,feat_47,feat_48,feat_49,feat_50,feat_51,feat_52,feat_53,feat_54,feat_55,feat_56,feat_57,feat_58,feat_59,feat_60,feat_61,feat_62,feat_63,feat_64,feat_65,feat_66,feat_67,feat_68,feat_69,feat_70,feat_71,feat_72,feat_73,feat_74,feat_75,feat_76,feat_77,feat_78,feat_79,feat_80,feat_81,feat_82,feat_83,feat_84,feat_85,feat_86,feat_87,feat_88,feat_89,feat_90,feat_91,feat_92,feat_93,feat_94,feat_95,feat_96,feat_97,feat_98,feat_99,feat_100,feat_101,feat_102,feat_103,feat_104,feat_105,feat_106,feat_107,feat_108,feat_109,feat_110,feat_111,feat_112,feat_113,feat_114,feat_115,feat_116,feat_117,feat_118,feat_119,feat_120,feat_121,feat_122,feat_123,feat_124,feat_125,feat_126,feat_127,feat_128,feat_129,feat_130,feat_131,feat_132,feat_133,feat_134,feat_135,feat_136,feat_137,feat_138,feat_139,feat_140,feat_141,feat_142,feat_143,feat_144,feat_145,feat_146,feat_147,feat_148,feat_149,feat_150,feat_151,feat_152,feat_153,feat_154,feat_155,feat_156,feat_157,feat_158,feat_159,feat_160,feat_161,feat_162,feat_163,feat_164,feat_165,feat_166,feat_167,feat_168,feat_169,feat_170,feat_171,feat_172,feat_173,feat_174,feat_175,feat_176,feat_177,feat_178,feat_179,feat_180,feat_181,feat_182,feat_183,feat_184,feat_185,feat_186,feat_187,feat_188,feat_189,feat_190,feat_191,feat_192,feat_193,feat_194,feat_195,feat_196,feat_197,feat_198,feat_199,feat_200,feat_201,feat_202,label
0.9157794374516465,0.4339831391884647,0.3509833309516217,-0.07598156971617152,0.1893153889328051,0.5225758300458826,0.3955856934349028,0.826293086082381,0.7403967512223553,0.7466302209292102,-0.13184633886042918,-0.03694550449628915,0.5153840360574763,-0.012963613621105123,0.25084566445959344,-0.06874808202419462,0.10715969554672478,0.3319404998982255,0.4746670178579184,0.769022844230913,0.6512590571965629,0.3631280778129213,0.4426181771402436,0.016043563575906517,0.04499400041330716,0.26222938261123174,-0.19807672520642602,0.21477622627679904,-0.24558745877981566,0.32885873221055073,0.4466211054025333,0.5091507791188941,0.7358664445402626,0.5911054840716149,0.4922515102569515,-0.25389297836971375,-0.06184247169363459,0.09556221378912431,-0.014705533885003053,0.2911465815502688,0.15788200612635744,0.2467600766744763,0.49222440784239974,0.4137696388180449,0.15030476441996607,0.16123053757506037,0.24081365410808628,-0.013350617752560467,0.269715654112023,-0.017546466751863027,0.33965807101208567,0.10024509721587911,0.279538899881463,0.7043672961833098,0.455243273544514,0.29405673115390174,0.13190807354626402,0.23036071324787025,0.29868419972320936,0.09278638610711114,0.20431078007432046,0.06415208207043799,0.40912783690085996,0.3369479654755866,0.3830234738892682,0.2791338507826131,0.4919491820728976,0.43181489994562783,0.0003567753235452374,-0.12045537231125031,0.41243546562960226,0.27161773718960985,0.5473376917788931,0.3550194344075626,0.10296742574756712,0.12475758849935469,0.03353110198875166,0.3811541376232626,0.12504337069580435,0.6828767603817536,0.009218887328133793,-0.09077394960571222,0.6217188127764111,0.19054998348991695,0.3860064506978162,0.539114222361851,0.2132474504373804,0.12797251363306109,0.42734829859232215,0.3136155653048479,0.42602300574564833,-0.32397955658373334,-0.15581806665644674,0.2720842463065139,-0.4748395746011449,0.3689190028351632,0.014166976100506361,-0.26740432365890154,0.1306560312481633,-0.0019111201996656762,0.10530868646093773,0.011605266784968135,0.34090937633858537,-0.07419530799701383,-0.026975941591072198,0.464853102352828,-0.20991933349861644,-0.006289266647165085,0.16724532018181948,-0.17584601482339285,0.7867653688314097,0.48736450633106704,1.5882400112985078,1.0866749964547608,0.6480871358796383,1.0674732071473867,0.08918486524686538,-0.5703797338850365,1.074662604079231,-0.9528877796922983,-0.7098707159538455,-1.103641784486631,-0.42166044848830037,-1.0891559581247707,-1.1381599503894686,-0.9212240218293157,-1.098780442211447,-1.1030592808467308,-0.651509204662277,-1.088609727835597,-1.0144591506705345,-0.18798691310143087,-1.0769306029728005,-1.2973768101274488,-1.0173639930591665,-1.8613562845385045,-1.4961070385888209,-0.2881295995638298,-0.34205734415333733,-1.0953344568993235,-0.9491296716365782,0.9116533509124133,-1.0903221785650103,-0.3008849437390581,-1.1305156288825808,0.45878138255458484,-0.18802149866717252,1.6067408486064285,-0.899751778805706,-0.21416127328079185,-0.7896261405451666,0.48449953651416616,-0.5756181141153905,0.45796536982791025,-0.7371971301803693,0.25237846278298587,-1.272673870108616,-1.3890690042660994,-0.8586173452075772,-0.2727419379680714,-1.3702784380605804,-1.4316161121672693,1.1195339197927965,0.2780900668951751,-0.8790861332801134,1.2182068830294324,1.0997207741014985,0.24879896745638258,-1.0430454703377825,-0.05243525139301947,1.039583013902454,0.11560059308652797,-0.9508501190330315,-0.8108011166689932,0.16541781498477143,0.2998929375848572,-1.0762723343401108,-0.5403012220360736,1.2821263276097072,0.2817223547596407,-1.1342457091029523,-0.105248663522176,1.048026088809191,2.3698797133459517,-0.39693248518591123,-0.3322473405881767,0.17286216336489485,3.007945868189605,-1.0195377740242897,-0.09754132986713886,0.36844331603679414,2.3435348996644656,-1.106832424677099,-1.0321730614756184,1.3115177044488853,-0.7119384591740338,-1.0581021757815894,0.5091656590897747,0.8616171120688355,2.4051548359274704,-1.073684925485414,-0.7250169776333208,-0.6748943916286365,0
0.16619022429023853,-0.14902495975877106,-0.17083743921509612,-0.38520088180806045,-0.32111151674880195,-0.045908446486722564,-0.1875754020804708,0.16202822773276632,0.05372342131964419,0.08346128929800015,-0.3791492585345127,-0.3014431739430935,-0.24410488873625985,-0.061240984716282414,0.09821300314283449,-0.3683188485103378,-0.12366593745393062,-0.0019986294369315058,0.20988818079463387,0.27967162508623994,0.26676511228202365,-0.11577276683911751,0.05063526150629588,-0.19246478330714795,-0.13295880273013788,-0.2983213949741856,-0.2049525433852026,-0.1417429822096041,-0.4398953585066594,0.04819272042580654,0.19341377684059677,0.0363765021587347,0.2613766817267628,0.21246842994045256,-0.0340499638620954,-0.4053664226318811,-0.24859102589525145,-0.31123757839799443,-0.09571105597629732,0.2549186354001224,-0.07534126624847423,0.09511647616360336,0.06783882572567256,0.13507412159661716,-0.09590401794199076,0.00771821862129712,0.09063546682931352,-0.28808752064729803,-0.11478248202144833,-0.1137741184102407,0.25862828242745084,-0.30306246220429134,-0.025295310757120854,0.21782493834307531,0.06333424109513594,0.039979221468069426,-0.10998472284603909,-0.01907959227227658,-0.09614490728124386,-0.057819110239495666,0.06996886621206783,-0.46620737522567124,0.09600888419238664,-0.05147810791167919,0.0020977056209066994,0.0964091394186321,0.3166245048201657,-0.08511584364880036,-0.010212234628070692,-0.1719290758082529,-0.005320589194220769,-0.08768670540237902,0.1429954903594313,0.07066129164506153,-0.09103382890242552,-0.08273684258786078,-0.26447646517724077,0.038696928486298576,-0.31109175434091013,0.16935937806294613,-0.15065131572864335,-0.23981943919191867,0.12390268431352376,0.07658279146748223,0.08525423026360869,0.02188116372030932,-0.12560598070659595,-0.05140491024347667,0.0735688417390429,0.05654854107115231,0.18458777924125802,-0.3809335149292438,-0.30588353655545947,-0.23319962150679066,-0.3950276305659934,0.1277670224930819,-0.29043125359731775,-0.6019477177523599,-0.1083818618730735,-0.0405495609046669,-0.15549335046716495,-0.18381845732871566,0.24152380276218374,-0.4497553261475994,-0.13093577076510202,0.21025619894067707,-0.1610971259518509,-0.06976509589900322,-0.055003582659786734,0.13942980386147186,0.5120619904248366,0.49644495063064503,0.5667319685865891,0.1276183284277405,-0.08059343763078501,-0.4742874276049654,-0.06690527106984549,-0.4377116880342448,0.6551138715567127,-1.0739684694437375,-0.6321458427723423,-1.0620806690318088,-0.4819281150035046,-1.147909062386983,-1.3035859823088427,-1.0615788378303535,-1.0888819465195976,-1.0553200166254495,-0.3764624026308328,-1.1362249613200524,-0.7473984358065151,-0.6604664560647068,-1.189008262699461,-1.2758150782972446,-0.5649085177536323,-1.4559563434915668,-2.002711123104973,-0.42896472829681564,-0.0660633099017947,-0.6240313123252892,-0.32337744357971754,0.590281163859993,-0.7107849700746188,-0.36569552565923524,-1.142792256282917,0.7102589735891681,-0.3669862700952939,0.21477508987631305,-1.2213330028925402,-0.7131339318732425,-2.285571987442651,-0.21755835841700122,-1.1409510320313816,-0.9250063816002019,-0.8690902594751456,0.5547140535156003,-1.3429631949938132,-2.194573536454564,-0.17807863834972285,0.7529214833854394,-1.3353563230081293,-2.0471424159447795,0.8919036402742022,0.5387711996225105,-1.3457257202068729,0.4449143927218253,1.7907276665347753,-0.9547848347296224,-1.4235439854540153,-1.0558383494767412,1.3234103062946607,-0.8407650499683481,-1.1718223445232736,-0.9777925469028662,0.1493182434624171,-0.03423233912625323,-1.2849226902660695,-1.2413900308370087,0.6125083678221075,-0.2986347438485977,-1.3320235634336237,-1.0471196287479194,0.7615787364395478,1.2690818463261748,-1.2160249742525984,-0.7077848699905868,0.01270780469195605,3.1952695106413107,-1.681182548685144,-0.5823662575249539,-0.6929805698067404,0.18980276122779732,-1.1163099160057761,-1.1300340530318622,0.20492980585984452,-0.45676852309764104,-1.1095873598273576,0.11017779144680505,0.522567816097583,0.49770410724133807,-1.3283922146272071,-1.4538678495416202,-1.1368402874736063,0
-0.0265331446160473,-0.22074372475707865,-0.27973057583108357,-0.39348729984519326,-0.3999300482140349,-0.09718637568341838,-0.16040427688801034,-0.03960704578848753,-0.02467556525780744,-0.15953032160240457,-0.09391481321858172,-0.22000599514820676,-0.32463473610668325,0.047746935708666116,0.039862911107010644,-0.37607671499733564,-0.0457720371207246,-0.08324076665795913,0.19070823868996833,0.18954030605966377,0.1905825288348544,-0.13430908441523662,-0.11002975621019172,-0.2591986620270591,-0.118865945342757,-0.36534140297673656,-0.13490022541280708,-0.20203454924241765,-0.4230950853684675,0.001694133473118248,0.26630637806853114,0.11984756939268386,0.16251567421408145,0.09531241003189725,-0.2033555450006392,-0.2276590346426713,-0.25376932614966113,-0.3104162951154546,-0.008877500768756147,0.2305852140952661,-0.032937338242897976,0.10474710430876293,0.09008887837073844,0.29188729795354607,-0.09508282562326668,0.14336116446265348,-0.036115774249418746,-0.2776031974071078,-0.17351373203410367,-0.20709140838443194,0.28327341938831424,-0.3794048302460524,-0.13865655683634187,0.15347681056520776,0.022333448065625087,-0.0518211208893368,-0.13239050442434214,0.010669424837165173,-0.06050318280565104,-0.03388724945787244,0.07216724738461071,-0.4592314350546888,0.06444385990586367,-0.05080697660415345,-0.021378103548775694,0.09739528829475277,0.3972006625918261,-0.1891489151181557,-0.028751814411726823,-0.19045255182908075,-0.08270904510642119,-0.021329776292753608,0.13859600615471204,0.12644082285781888,-0.04193233745145568,-0.11875250460235137,-0.2373620971640183,-0.06727468601413397,-0.3626731383289373,-0.06752483733324226,0.06593604298803457,-0.15673846158483545,0.019681155285674615,0.145284725710697,0.026350705607276138,0.04255173754953939,-0.16455630629023135,-0.01639144720399664,0.07421415862694598,0.09901874464164243,0.0014045691002981223,0.06860731523606511,-0.19295541226077917,-0.34711838352431995,-0.2762941571572232,-0.10729397053084369,-0.3573926786309786,-0.47687180479171243,-0.24700665942989092,-0.06939988481472471,-0.14696893035466288,-0.22456323526983984,0.18283854905490896,-0.375038003082736,-0.1392542239540995,1.2225654386302653,-0.38895772692613817,-0.01689197607879725,0.01470367056918992,-0.24194024345349982,0.5401808456811391,1.0196120990243431,1.2979121464220662,0.7703723316721912,0.11132175245350696,-0.9551579340353271,-0.33784322550924717,-0.016057073204152297,1.2847423018692448,-1.1113412115110524,-0.2548747973040276,-1.1040763435065357,0.03320929433721903,-0.7794615593914578,-1.2789890605362013,-1.0483306336562856,-1.164342986493697,-1.2064177385357095,-0.15124981124628878,-1.270773227728183,-0.9613265865216806,-0.4821678720634093,-1.3711136921875744,-1.2198046875084103,-0.6701467140353264,-0.9463247391131036,-1.9061432726389984,-0.07452312385582571,0.054246495679068786,0.34823861063992656,-0.1960570415998123,0.7976680603804618,0.6246256492885045,-0.3206635578212828,-0.41901254725108583,1.2440176274724122,-0.43976484937495675,-0.029436272831267932,-1.4257474872518847,-0.5675562507177139,-1.3479601732227122,-0.2308798456373636,-1.1957075107600392,0.8842203004778152,0.03304437870571914,-0.5821739167030227,-1.3841436299878929,-1.8148915197469988,-0.41249835963010784,-0.2758686167643366,-1.1303175250817277,-0.32053650609912504,1.018898607655718,-0.8953415287232074,-1.2561453952292794,1.703646425056036,2.2046114715538305,-0.6605882658337299,-1.3773168337719073,-0.777032572958667,1.2492934666809814,-0.6184920912597403,-1.2127905287970828,-0.7473071254082686,-0.009993790879679037,-0.45367648482019945,-1.3344778029518416,-1.5177725494776584,1.4914486922827142,-0.6143828448641833,-1.4121886651489408,-0.9251470713674108,1.5196192890819753,-0.668558694615155,-1.2568661945904371,-0.15101653603144174,0.8281014482605975,-0.771582146331821,-1.6256320369579023,0.8993397192437492,-0.5484978567269505,-0.8880003101468655,-1.2413062364194314,-0.8512316249977389,-0.10118074399413945,-0.3157915303708105,-0.847715570983166,0.484637594333332,0.323713916894782,-0.31513223372160676,-1.3754512062347015,-1.2026456216185593,-1.2563729422241037,0
0.004913774563222193,-0.20101927661874555,-0.12403406345461926,-0.40916120885323554,-0.37370459556623803,0.026606764537078234,-0.17425966964720135,-0.05896153056338471,0.002054777830612329,-0.12720221950470129,-0.12032058807718897,-0.28372404919202565,-0.38244587398927354,-0.030556936672713374,0.0008508149340087131,-0.3098926851331485,-0.07379071781553109,-0.0883905331005504,0.15993872639215104,0.17716767774622433,0.20411383615933923,-0.13557073740872347,-0.15135385284660463,-0.2714949834637475,-0.14368245865538776,-0.357099149380209,-0.11620612526783518,-0.24045546356946962,-0.25178439146583587,-0.08208221381317665,0.25945815446316056,0.10674341977466381,0.19164650108462167,-0.07756374048813443,-0.16743321343872267,-0.30293896818411176,-0.2741560174488021,-0.20206094709138878,-0.08791087193697028,0.19347343965083882,0.04327473285980255,0.1598200120956394,0.05164455329378994,0.31104640524177346,-0.06202335727493022,0.1897211995685849,-0.04789167177917838,-0.2751756795932241,-0.26603241220646395,-0.27775378811967955,0.2800604510414143,-0.3051108983946444,-0.11218653329270374,0.08354608513845813,0.025467604312075363,-0.07805695971531108,-0.1030796612242674,-0.015700763141363323,-0.00777932681223738,-0.015827310117039032,0.04448084342791872,-0.5146400314657834,0.1457602177085491,-0.06129405640246069,-0.02681627410635883,0.024968324914323173,0.3120671806503179,-0.13892390455056844,-0.02923261113681984,-0.04432860307657181,-0.1371979425664423,-0.012678518986231357,0.09488463309317173,0.15833760764477842,0.020969135555330743,-0.1328047814961377,-0.1633337952298033,-0.012435216014313948,-0.4067013986859987,-0.02525830331154262,0.061719377473915746,-0.28800235994435547,0.0764638376826394,0.20322416108427774,0.029975529387191262,0.018103488087101296,-0.07135445734229989,0.03804150461297761,0.09216825580507859,0.10937580632848237,0.05423649239156363,-0.005416872832360599,-0.216995951508921,-0.3211007119593727,-0.2590631280023848,-0.06701671479798584,-0.28603041952832076,-0.4715198672314383,-0.19404786270422725,0.025393697512331222,-0.1088268696326395,-0.1498596709951047,0.10665774988400983,-0.4029404506664852,-0.1530008057793286,0.23184729019891093,-0.39786409284585816,-0.06221785341841734,-0.19946937253187141,-0.5149699455218868,0.5321348113623677,0.8133415945681748,1.5312739588204771,0.40489197313011516,-0.2196554481454938,-0.7009312535320655,-0.29503596248982217,-0.03562186927849205,0.3096090024294775,-1.1992403887884402,-0.65776275161173,-1.2521865727690036,-0.452002345708015,-0.44480333482246853,-1.27986456333115,-1.0956444171923407,-1.1934239901280677,-1.3633310686967257,-1.2704736282093447,-1.4225537517406406,-1.0098349908768163,-1.0158582498579087,-1.1954348314232262,-0.6982767802946245,0.4310733309857707,-1.0530451464897235,-0.3889101392421376,-0.24144229101554218,1.3461390966097007,0.5484143502477637,0.29799956159181024,0.5448046512907362,0.8496040720111702,0.06597528757628184,0.002768463326281772,0.8522076648854795,-0.30928224649732455,-0.3902663167141658,-1.2812601087180582,-1.0031308098625524,-0.6095760901374186,-0.5349178503936235,-0.7677450530089174,0.8100041580185813,0.24992511634191916,-0.5426649924763906,-1.1224071836720133,-1.1894938744112025,-0.004870527838755827,-0.0036101592025482485,-0.5693844671283771,-1.7861944346335734,0.8562386467573334,-0.7746727123980219,-0.6847385585854493,1.3475993233887693,2.001634061149097,-0.9564534185423906,-1.3878802442886204,-1.0984819925993936,0.9852974404805195,-0.7667253349781551,-1.1765729501128728,-0.48574929697873753,0.11813367639081378,-0.6460195197044828,-1.3270099707211742,-1.2227061481369192,1.6950315987320346,-0.7118535462867323,-1.1719908931270542,-1.0501240094252253,1.4766554804240601,-0.7684429315655203,0.13897448366228912,-0.621536249254338,0.8392568220640992,-0.3674113116499383,-1.1951776156732392,0.2939151162069582,-0.12398344962623668,-0.44657340860626,-1.1152674115031391,-0.7247554520897761,0.48848836784367206,-0.15452819787199976,-0.8092126952939503,-0.06531812596891912,0.3863108219424451,-0.40038969827007825,-1.5367197360486846,-1.09184446483423,-1.3054795374209642,0
0.020755330353431446,-0.12380140294023961,-0.24175955021998521,-0.4077890751065896,-0.3219874449377886,0.05200446938823962,-0.19867191303159812,0.048167715929503904,0.08948233720179224,-0.06047050407962188,-0.09674844410498214,-0.23614787415335517,-0.35926357208370846,-0.09945185983708794,-0.03293178716295419,-0.3348688751413299,-0.13592932448097408,-0.1405092471216456,0.13091762437351145,0.15181386322159657,0.13419926590591263,-0.30094391740214566,-0.27757344579113297,-0.16982882533919305,-0.18314681444755207,-0.4138282937460299,0.01677603564309977,-0.14888124765757768,-0.09070160856411263,-0.11864866757777534,0.16475858285602768,0.0900066118848605,0.1884577008539181,-0.08431257863913294,-0.0833314376291813,-0.2628452933345164,-0.321319794955243,-0.17619462548638903,-0.12424695611502191,0.16941693779511424,0.0007312639155299464,0.16525880112966476,0.06633114522117041,0.18027594262072882,-0.08930011207278772,0.13789395629097453,-0.0857118537348143,-0.2809089341451192,-0.35306151388907264,-0.30959851915706676,0.24529782498619257,-0.2582274068007384,-0.08960033097523167,-0.017428939578668045,-0.026028660425721814,-0.1056862888821573,-0.14986030647046206,0.04419362890440278,-0.07459177003686374,-0.01667542222986187,0.15438398637101106,-0.5020816320407312,0.11275705571294466,-0.1167974745929979,-0.11555433234420205,0.017796323476372257,0.26629572175178673,-0.11428821545369301,-0.04301949552266919,0.01826497380818493,-0.1612680923537904,-0.045610044898274506,0.05845327662027664,0.1476431880049541,-0.010879198962492235,-0.1134627168756506,-0.17662321711957546,-0.09690707547225709,-0.413308245787961,-0.07680801385961109,0.04505009461998149,-0.20477290234981527,0.018846682859086285,0.261182410176748,-0.07876209935184589,-0.0713413831938141,0.08825836244977533,0.08804111209352006,-0.03260753905359671,0.13355793633725244,-0.012290352718116347,0.03915588032591489,-0.1664522450569822,-0.3487729573061727,-0.23317546486363355,-0.10864060869982452,-0.2965994357590923,-0.41750365018187086,-0.24346732921881356,0.012251537895766032,-0.03588902349335615,-0.17009418486683098,0.03524872905989185,-0.3983999548235804,-0.10391636649081412,0.19721960723133802,-0.09681073661058567,-0.1403741984924434,-0.33447126119936926,-0.907116357478918,0.3195482535245682,1.1155753355041933,1.477109029440354,0.7654877343550012,0.12643776294259806,-0.6156551886709736,-0.32911275678878527,0.007264934909797741,-0.284550814575619,-1.0417667432823638,-0.6075120219989386,-1.2506502071833918,-0.9509848627011653,-0.6129023563498066,-1.2589181721698537,-1.0697707073420968,-1.2873579746528916,-1.4229505594216538,-1.4363266560736734,-1.4262531153948652,-1.0836129595175474,-0.7490970285931999,-1.198207131848722,0.878413528370493,0.04221717497275605,0.39968234863136376,0.08030249562645231,0.06947847370516864,0.8493957904651934,0.9130257189571162,0.4444244450800931,1.3102894069306679,1.0416154503485928,-0.44423632884629416,-0.495496671105829,1.1210612862179523,-0.41033034597251716,0.8745916088818322,-1.3944202962001875,-0.7838828114124727,-0.9511997671274328,-0.4154476084303571,-0.8808761552398668,0.7788675340302433,1.6163736414922756,0.35959648876482425,-1.4103257884757137,0.23397878423934,0.4430450358279849,0.6760564009620188,-0.5192816468621718,-1.089196113107291,-0.034306853387453706,0.03302004618586167,-0.9339867178955152,1.4858782267189072,0.6631600234097539,-0.6783564322278499,-1.3189571011881487,-0.4486882164384159,1.5128177050908511,-0.3627450891790486,-1.1989601877713956,-0.15587498970652067,0.09119403781153557,-0.8357421147659366,-1.2801091115468508,-1.1932945991724475,1.1054577050121699,-0.5754691681152762,-1.3002013046952863,-0.3139118221255865,1.4696969697193165,0.7232224771041013,-0.6799024438484175,-0.5339148850182811,0.7425615786673125,-0.12089941088624166,-1.4394076023014692,0.19306524506007625,-0.029166935528729825,-0.7007188799907477,-1.2022425221102513,-1.3760840335092586,0.5208636206092607,-0.4086898928013343,-1.07574826884276,-0.06097414836471147,-0.0037057629070688684,0.7879530554963883,-1.5911785476557652,-0.4453734456747222,-1.825608574667847,0
-0.10438141237800139,-0.016495655969620354,-0.29604432194703745,-0.41495583306424405,-0.3480287948015673,0.022378314561560853,-0.2863022241613635,-4.8937159714618635e-05,-0.0342943038803216,-0.09301247760496865,-0.1568633534599739,-0.28234430633102636,-0.45570534946176916,-0.2011670248175699,0.014814190957771804,-0.3270899426433168,-0.17675920836633494,-0.21514071003409443,0.08587859650178806,0.1769650661245075,0.20193893765870524,-0.22780454817880055,-0.26399181731041976,-0.23565016761015842,-0.1410681643284779,-0.35130813980182596,0.08004544691112678,-0.18066333246782862,-0.16270453170405383,-0.08301401192871108,0.1487282283728181,0.028160832031722472,0.21787076514355855,0.02767409187940119,-0.04456176735734793,-0.2930388960627988,-0.2587387926803969,-0.1641526367290056,-0.22154032070620142,0.11951301875715234,-0.039297701396918065,0.1095142379475872,0.0565992817422644,0.22082548886139503,-0.1335173452806276,0.26845640619434724,-0.0032998960958814825,-0.20887452657167727,-0.2444862175404752,-0.2780916357373875,0.27443939941427303,-0.28484808853939786,-0.11586162756864359,-0.08204478439449775,0.05550311131432802,-0.18190144300772546,-0.12142627982615517,0.0011407005889324548,-0.12849132565629337,-0.03066250993741095,0.1866011027414921,-0.5510237017320924,0.1451203447386511,-0.11044091887090962,-0.08084747921612956,0.06684059815757572,0.2908533232961854,-0.1243397700542966,-0.06660666609131108,-0.027248851453255146,-0.20087540479719798,-0.09136507851779599,0.11511137113854607,0.15457900859458767,0.021918691054208562,-0.07297553617856249,-0.2605603545261586,-0.22877053992687085,-0.46529228812619183,-0.09811262595892847,0.005938082529808973,-0.2172050074185563,-0.017990680426730864,0.29931446298501285,-0.046285579797313424,-0.056662277294329065,-0.009213105769953314,0.06144457638472838,-0.15096906596015328,0.08470293252798405,-0.041614738600400186,-0.011431281347066247,-0.23001554553038886,-0.35133174904184533,-0.2603335282248892,-0.11236986854618533,-0.308158313215521,-0.49348897116530943,-0.32893771441523895,-0.01138910822575535,-0.10545609746352351,-0.26070492811378854,0.012254500255598145,-0.4800657549000548,-0.23021543463878877,-0.008247156081544655,-0.2878524126898361,0.00771731072413699,-0.41593449846636316,-0.6945635140355435,-0.6447470470270512,0.1705946180974812,0.8421054741400626,0.06435461014773167,-0.48846740214749224,-1.1219191964061201,-0.2629459134793564,-0.4478797252438058,-0.4514523018482688,-1.1542587848086743,-0.849073575735059,-1.1328887406187962,-1.0331729651711734,-0.3073429979624281,-1.1864539144139148,-1.057924429917426,-1.2975391423271752,-1.4021866196895048,-1.1946471715353846,-1.0160512232387422,-1.0269804073811735,-1.0445655144951216,-1.2121168921298136,0.5966060697764328,1.2334068973476826,0.15066809817540305,1.0768685491393373,-0.09378892492046288,1.9048637178119283,0.4782746642139378,0.7036009121783433,0.7776831414077992,1.347377564229777,-0.20321913993235602,0.38061751564248564,0.44631456828930743,-0.9298787275021917,-0.9156780739469158,-1.4926960063784496,-0.7530060170042261,-0.7834625014464693,-0.6940530844246604,-1.1297784732333993,0.7274278500442071,1.94453843456728,-0.9679590528869888,-1.468255133128652,-0.7998550244096377,0.20061217846312515,-0.7935391516694992,-1.0777240085596322,-0.7144460376646817,0.20662150649709335,-0.9012586631188583,-1.038623723122563,1.704607369069525,0.9604916851683699,-0.7497562791766023,-1.3814306875874978,-0.49278510397993924,1.6635541926119268,-0.6490684854672907,-1.2078958444938692,-0.4896190843788019,-0.07744499399174452,-1.1284775278673211,-1.3236483262530732,-0.5310725713841978,0.7082285006083493,-1.1200532004091033,-1.3982513644825805,0.3326504482395096,2.3179208811259784,-0.6517827456873814,-1.1232608093523284,-0.40755195679746103,0.8843172723586779,-0.9420909906739525,-1.6991682003303938,-0.1606153557780349,0.5886864915900645,-0.16554382397853493,-1.1652847822413173,-1.0575293845168787,0.3299385156540009,-0.7556224311638469,-1.191518799850181,0.33376847405612475,-0.0022391119737162155,-1.050545349431034,-1.6453170909179444,-0.9675120743959983,-1.3897158842720105,0
-0.08773186236565406,-0.06060811839701271,-0.3151164117287832,-0.46017904581384306,-0.40011592036720484,0.08198797496393787,-0.26671093556187403,0.004263437545778799,-0.000141011777577708,-0.09419610350792575,-0.2237551128713196,-0.317543148333785,-0.4574592828455008,-0.16032766798754924,0.06693866912747161,-0.3525907695307056,-0.3603182922527439,-0.18335316547351663,0.04319763302427614,0.235375315723495,0.2692479327253983,-0.14332434288530574,-0.3646371270285122,-0.30196308440572356,-0.11871887942325583,-0.3229402153677002,0.10702830571960009,-0.110605087563105,-0.06785877289149883,-0.11284354727615868,0.0745926179553277,-0.05922892909939273,0.28493599030734656,0.08316928390047323,-0.10358019303578914,-0.25209971157130223,-0.12432793070161977,-0.2492084017823064,-0.45767027486689643,0.10440383505145795,0.04108654697234897,0.16303503716597834,0.11826045585343134,0.2305097220252156,-0.024772416169080002,0.12968956077106553,-0.04175611682834091,-0.16517509629414515,-0.345417563481103,-0.2261641129453737,0.263840266800458,-0.33291135467693717,-0.1368886517727038,-0.04717686563921991,-0.013731926012369106,0.009530270819497233,-0.05990988865217851,-2.4701475262949417e-05,-0.15877595232770605,-0.04027768419250356,0.11789425915527595,-0.6682528642924737,0.07243745289946839,-0.14788382650904677,0.045823595411245685,0.07374215597516708,0.34851549832517736,-0.09998012189246375,-0.019813123938106074,-0.06551421974856358,-0.2188147653505633,-0.10439915732471682,0.05279451347950315,0.14682124201885652,0.07350532598752864,-0.0013522147290907362,-0.2404762803346029,-0.31095671065743835,-0.4967228683449233,-0.024362362148945427,0.08634357048574627,-0.16876303532779643,0.021977912648140134,0.22920092493397728,-0.15909771617367363,-0.12106233644236886,0.11050309488674699,0.12342718464113478,-0.14181566363126905,0.04872326762912908,0.09097543754543316,-0.063512976953408,-0.27975233004899575,-0.32682008039796306,-0.25830712575304193,-0.16387840018523248,-0.19384236297590648,-0.5973259141540018,-0.4418316010120021,-0.11716223598411668,-0.12570356695053486,-0.3575068979872085,-0.02023189340801618,-0.4645948339881717,-0.16231879943931232,0.719710814104232,0.11459566210693939,-0.13200890674444066,-0.22813550807243388,-0.6696162587716045,-0.744124636457342,0.33731188833700815,0.821606272792275,0.217407052633643,-0.19200007263225008,-1.5368357266885606,-0.4072383642073954,-0.26941944926944966,0.2636789384204717,-1.1658110652290539,-0.7880363638427121,-1.2363110835991782,-0.9334769558722228,-0.6090722136452236,-1.2290684348795964,-1.105947234063748,-1.3308262334668441,-1.5222062756755403,-1.5213625672193967,-1.0918615920019352,-1.196184916371472,-0.9613686260061616,-1.3227543193984002,0.8038365186953278,0.4477129489808844,0.8087203467050936,1.356578810249293,0.19655968626149883,0.3066021131609572,0.23605709760571306,0.3354812432729891,0.7991456977968424,0.6622438319836662,-0.2354483031563429,0.243002526515997,0.1058330935657502,-0.8909828067620007,0.20893907367074688,-1.3491589651263804,-0.9505322931624051,0.07399417978447319,-0.7046478088119532,-0.9137476372144314,0.5734799215477001,1.6407673307471204,-0.7294389261301916,-1.3952158569709603,-1.08562030079141,0.39658058002079905,-1.0221914485886063,-0.9314338554605037,-0.28499772885633634,0.012037137381214091,-0.5271671112261084,-0.41853898662293104,0.6809854003221295,1.164842812883528,-0.21671158510779676,-1.4155619065232472,-0.884366272444624,0.3823788330565764,0.0138077300463516,-1.2202191424535367,-0.5004977163614205,-0.3999586643097118,-1.2548853549577372,-1.4150229828049967,-0.8886414348682223,0.5522581197977539,-1.1738106354567348,-1.5354882522777842,-0.06429716551282127,1.8283880596224829,-0.6081158683956482,0.4748269035811003,-0.8403744888447638,0.3488329114099925,-0.49962790150503705,-1.7905572334910849,-0.5556855436564638,0.31340695687897857,-1.0835501855854144,-1.2862465779482204,-1.0204539218083446,0.13301723494483972,-0.7282343495863741,-0.8561093135467228,0.8594898846111197,-0.30583329588295977,0.9170637843902405,-1.5947115043840416,-0.8636992002622711,-1.2560552955873374,0
0.013474821833194801,-0.13329339253739958,-0.32268088790783656,-0.4880912760546416,-0.40229345307460773,0.20396109738089563,-0.14712017399452357,0.10703508527400338,0.03876797291753747,-0.2360573081107239,-0.3324434257546848,-0.32099562403156906,-0.4715112149489099,-0.09505095780707185,0.081983547332669,-0.5118213582380866,-0.3711961924848983,-0.15365856459328095,-0.011571620053094192,0.1389353631618243,0.30161645041057383,-0.22626593632168474,-0.29056227433914006,-0.1979007573901691,-0.1525951843695188,-0.3023432316915493,0.06933408359325073,-0.029757434851000783,-0.06363653670268926,-0.19815669923074372,0.11435681100826699,0.04280305590381465,0.3300394947925207,0.21059281880555195,-0.06374971994440597,-0.2199363656547738,-0.20535499872087312,-0.1881199140598864,-0.34431896632158876,0.2142706912418068,0.03619461229772508,0.155157332645608,0.02304238608241158,0.15854403550478877,-0.02594649259593394,0.12534192784364712,-0.022550832871269612,-0.18251840365619648,-0.2669100852246524,-0.20587613848551903,0.25740219690723926,-0.3094939032142765,-0.02459047175815886,0.09106866390092794,0.12679607391048564,0.02065541929397088,-0.16995309417923238,0.009574528797709514,-0.3112111763977741,-0.04181805846547338,0.02928020619808988,-0.6630181769699841,0.20455720661898572,-0.11063269053994935,0.027300795504583936,0.08866072695878123,0.3154407263165457,-0.2478276348820487,0.018151556939681027,-0.16075820278808398,-0.198888739396105,-0.06040683663415887,-0.07345268512742738,0.10775770358993503,0.09958301763483589,0.09483359408917703,-0.10992084490916341,-0.3021038619515507,-0.5397685845052552,-0.1198520535416327,-0.027896755721890494,0.0338300454756681,0.07795227173561872,0.18110110623169326,-0.2441181234071772,-0.24290552885650876,0.09843341514890729,0.15791073466361882,-0.21015904793885157,0.04405131894801118,0.09215058857157664,0.08551164088268479,-0.297790627118298,-0.1767581512835657,-0.2733304566356775,-0.08340607364746414,-0.212033625347265,-0.5645842306748075,-0.5748917531457124,-0.11633620345996781,-0.1770010695648899,-0.20208130270210667,-0.07432346458682093,-0.49269710002082273,-0.17620615257479738,0.020182743723438444,0.02469636264998893,-0.21731671416984638,-0.4356342081601969,-1.0550455185504501,-0.848360593576698,-0.1928316214710949,0.508238872246217,-0.10057654330588459,-0.3517280660225236,-1.2407830219486797,-0.5803443162536261,-0.54865239446996,-0.41302567640420146,-1.325812807861541,-1.135005708354974,-1.1660549287229665,-0.825311465544763,-0.5622355728267425,-1.2329545876697938,-1.1241385453595694,-1.3435222288320119,-1.51632333691728,-1.2360060475045382,-1.0089126564833635,-1.290303951446102,-1.1753899510632753,-1.3886375557752735,0.7632760058309834,1.1167455923016196,0.08864987680740671,2.1024885474965487,0.8322499919224187,0.9475048667376461,-0.47000378858555314,0.22126707326098255,0.6126912596032593,0.986809102512889,-0.0203716515730968,1.2326173319929794,-0.19417160979045278,-0.34689836315762446,-0.5957507974516986,-1.4666353818919353,0.2878642771287007,0.5479616304017634,-0.45150460266131714,-0.8823206479664677,0.14363466839388753,1.6030409735156905,-0.43967177510380945,-1.3959363125986826,-0.21134890065343626,-0.48928925389103733,-0.20670024062337178,-1.1235110921389526,0.30122911444079,0.3732302862918092,-1.0412087576123508,-0.8726806076987295,1.5877999089836143,2.2443437502960295,-1.5592396904939503,-1.2968599572479274,-0.93458968823425,0.7607807418732321,-1.1310399231339843,-1.2415921779904981,-0.6972976081061023,-0.6379656568605038,-1.1952479547485961,-1.4729723866987097,-1.0536455622216636,0.49265053191357133,-1.3223647561488385,-1.6900065566886493,0.2765970182623266,1.8735350883076152,-0.875361465659427,0.4565882169875094,-0.09052982281768361,0.600435763248777,-0.985536462290529,-1.3471917123548751,0.3453615212850606,0.5021870239575944,-0.6018133500146041,-1.2983513986889323,-0.5311991278864634,-0.08114077999167277,-0.7864871710381923,-1.3026009862838719,0.1495235823283317,0.41101652362084273,-1.0921157326366682,-1.7200718703074902,-0.6883835508052509,-1.1780843583485112,0
-0.0013041712419698003,-0.1859578983629321,-0.41578343740346535,-0.5019321660916073,-0.3726569975342181,0.12534365119571456,-0.011881240084420156,0.17264462213549,-0.06650848358300301,-0.3303383782954198,-0.31961695057764083,-0.334769220503277,-0.48059041206252723,-0.12513519392065098,0.03229862454653633,-0.41417729362206146,-0.468434555842663,-0.3174586706889085,-0.06453218945884509,-0.028021296884811933,0.07086209859212902,-0.1893701806455978,-0.3212971125173527,-0.33476408320102663,-0.18600245863355358,-0.31506188244180916,-0.013604224609290004,0.05993415393275129,-0.015072007423626776,-0.2055284126839258,0.11667337417718979,0.06267912907031889,0.29168475559139956,0.2061942342663239,-0.029498474828783577,-0.28832112726023745,-0.32886008501486447,-0.19558575683040944,-0.4985510845648768,0.18977379010176282,-0.06397686747540007,0.16215881813984767,-0.05209482605353853,0.05629450839270781,-0.05264844648539869,0.12622038255803117,-0.04104418486326325,-0.31868293276694204,-0.27002663668147964,-0.2745771325470986,0.19838874980865312,-0.4973798026598538,-0.07254395763623309,0.05377396452125308,0.040388406895281094,-0.03985680646830226,-0.23600159971980592,0.03317809809315564,-0.422615863069318,-0.10309935379170478,-0.05375166658570324,-0.6768611884856663,0.22992012823446545,-0.10195611014335633,-0.004904879494039763,-0.030246922541743375,0.26220913344459174,-0.31014108998989987,-0.01469702753576595,-0.2155265010330191,-0.2544434216532753,-0.08174451370303774,-0.09920147724620576,0.03567206210689108,0.1401991294903561,0.06005616079935943,-0.10988099332625638,-0.3642551725908071,-0.6329387732610559,-0.19264591145058985,-0.048451540066301445,-0.0446926697396384,0.045246489315960585,0.21192819279884353,-0.20453096238548357,-0.20329566870495136,-0.012931063211597506,0.09841527218281701,-0.17588616122641268,-0.06396939347370688,0.042885431946400286,-0.01694618022328789,-0.2954720667926133,-0.2782311361796763,-0.2703320233780849,-0.06427172956401181,-0.17879658310164198,-0.5206812891948184,-0.5159738005106015,-0.20093762028141837,-0.12059536891086016,-0.28726280137957594,-0.12069750052708425,-0.4927322992501387,-0.22447308079389272,0.22966906117884645,0.45376746220757386,-0.29845492919875355,-0.49139244192660775,-0.994548832688358,-0.7130870034683698,-0.3273903425830151,0.0002359954471494323,-0.4371881789151706,-0.059195524174549,-0.5051046231445653,-0.40662439643963827,-0.9256770156467607,-0.04382161050367239,-1.204553642728188,-1.248129228140476,-1.00745251392962,-1.3700513135947208,-1.241913708957345,-1.2807204781022834,-1.142793170201932,-1.343194280247805,-1.5186378588261564,0.27005582900962605,-0.7944528392322325,-1.359315973462542,-1.2676608118470498,-1.3239199879655488,1.8214177921581105,0.47428085600801756,0.5991802338281415,2.2259280020856957,0.8550428198536758,-0.2670639612100906,-0.8004144372301736,-0.19960028304882954,0.8544274280321703,-0.301293333700855,-0.4913651068000694,-0.2597523003313504,-0.5980068764085928,0.03271951551833455,-0.499787781082568,-1.3802286917839883,0.36214845433410603,0.4948988432761641,0.8258172880645372,-0.8423739127307548,-0.38104047872186725,2.0547480359696704,-0.6162945916553947,-1.2981862280419252,0.29407847320986913,-0.0038469760668190475,1.0894340409988132,-1.3902350078101764,0.6265999051776381,0.3908709902442717,-1.447824183883224,-0.6849683246141197,0.6236369446736002,2.9117537718357553,-0.8909558207130496,-1.4540025022382084,-1.2140524477903842,0.3272345606827822,-1.198207670238752,-1.1920394867842112,-0.7261796215983282,-0.3736658522091597,-1.0061736230752651,-1.441324688598875,-1.1347247219675218,0.4434655208794202,-1.0395215595363738,-1.7131114898706399,0.16978408260218006,2.486659448274398,-0.8722205599548615,-0.26243278028019473,0.11684906182867119,0.5567176446257474,-0.5782512388393048,-1.34480264628355,-0.5162525786256393,-0.36366830384750687,-1.217138901431708,-1.3810945679777822,-1.0666364123962493,0.08049409005758175,0.7810726935853441,-1.5151680866520651,0.4704125867158358,-0.06894380542727306,-1.010578850789171,-1.6462239249094262,0.2115389764688977,-0.47733500174826426,0
-0.040213970211765794,-0.33141649947200025,-0.5203119085941346,-0.6551490567929601,-0.5264600102142222,0.021282500538823985,0.03682574058797912,0.1922138806743169,-0.022853459204759893,-0.40500697439588274,-0.44526257471990444,-0.40841761344934735,-0.4318055187170182,-0.17763697592103292,-0.06285267998433251,-0.47467882134023104,-0.5496759407051749,-0.35970888269478285,-0.13771297608375416,0.16055560531726917,0.07444590209219744,-0.07156204169217104,-0.32919078624588394,-0.4904737634290178,-0.29670613311379723,-0.24305535651678403,-0.2068184505373687,0.008731430721301045,-0.08171650279483476,-0.23791825203060785,0.1123808699346728,0.1777506793397845,0.32050484222505965,0.17003313216792737,-0.016086574412566394,-0.3140158423628706,-0.34024507315186564,-0.20658850820915722,-0.6122124587248794,0.14277825196083815,-0.08749653850317957,0.11002099405955744,0.0689961055475802,0.09108059594433358,-0.10408389830343681,0.11281058909075004,-0.206416154714652,-0.3389180299468428,-0.2744947334125068,-0.4052318251574821,0.08130209299531074,-0.41418495097681624,-0.013872985115168176,0.11535245316414709,0.05482460047787713,-0.10470370135576207,-0.3383667070385522,0.019012477084044507,-0.467968015586416,-0.2204633254261,-0.07599572475306612,-0.46055522003747296,0.17463482283305817,-0.11830916422163046,-0.0051811359534392355,-0.1051169177547631,0.15609643694498532,-0.27987595500984236,-0.16775548969588455,-0.3073598485076543,-0.3194002167473087,-0.08770570044544716,0.0026598974827518732,-0.0013340312104381201,0.09120802250394874,-0.20596023404444902,-0.08892653480466992,-0.4222760564199571,-0.7235262780816297,-0.13840105319116552,-0.05163405476376957,-0.03751367827460328,0.014306416494429385,0.2535502502256177,-0.2635320951151511,-0.03836720613302569,0.03286571107207179,0.08264600914446243,-0.3753516374472829,-0.046681343007917625,-0.030894830736353046,-0.1180641264458706,-0.31477097840713986,-0.21851355179444515,-0.32262042498403093,-0.07357258648998727,-0.13988826170448246,-0.3644592790667594,-0.6308405156551464,-0.2674842919810655,-0.09019783265514583,-0.35459662596438934,-0.4250382157447006,-0.2748228417201664,-0.31361698790720216,-0.1643537223321645,-0.18055703951194196,-0.5583133898121576,-0.6162265416905575,-0.9757433053502657,-0.7505348428141778,-0.42878326305068143,-0.6440900636560114,-0.9293751498146458,-0.45191664281661587,0.18141594411384382,-0.313828513196863,-1.0825404662442264,-0.88358530389747,-1.3929413328155609,-1.0631795193183804,-1.0676815872833707,-1.035581563315006,-1.38369707641888,-1.2712991960936095,-1.1334253366165816,-1.332268613658177,-1.4937902406468233,-0.10443813218978702,-0.4879422780328991,-1.311710343098518,-1.1540128942384247,-1.5334039086066473,1.8187652603450712,0.4085628991818788,0.8965041145350063,2.1675836621158764,0.995910445205689,0.03096974041619547,-0.5310383466786512,-0.03903115296563758,1.2389047232525932,0.4950096199388181,-0.7612473196630506,0.3615981209123056,-0.5595192768220915,-0.22058461951303895,-0.04047945765285985,-1.3876587380009333,0.16202066703667156,0.7296541912248311,-0.970310359353168,-0.49639003186218317,0.06212989983793343,1.623743270472583,-0.6323375989576547,-1.3524848705397052,0.6401685098508124,-0.527418708408294,-0.4720069268718912,-1.0025778712076474,2.1410111236814946,1.077566153570379,-0.1784882405968749,-0.6796858239495284,0.5722672159970317,2.2197936996519654,-1.132692370286176,-0.8903409289442502,-0.8615486510927753,-0.5381356593240775,-1.3219651450244914,-0.8843455682697738,-0.9120508450044243,-0.4221505925406628,-1.376534202933112,-1.410064231571475,-1.4405797953378103,0.4725356696233005,-1.2480140614358781,-1.6766126960586334,0.43402569484934544,2.294127049288877,-0.845284226038791,-0.5232204919785527,-0.29107499768872136,0.4061285679607857,-0.5573616122125209,-0.050670829037541235,0.3391325729798475,-0.1968032223529666,-0.6716473725051999,-0.9737001445711211,-0.7925489503886857,0.0996883910327079,-0.9303363779071688,-0.05569655352763265,0.4271350401962207,0.023872234680199715,-0.266051876910741,-1.1801345716756355,-0.31599970155875273,-0.7408191311666177,0
-0.07602266151032891,-0.2814507474758594,-0.5045848537715234,-0.5712003237587646,-0.4399954528659137,0.08053266274518206,0.0571298969166462,0.31453324023860146,-0.04932151465027446,-0.4628887990987044,-0.4634690534313503,-0.3401787356269003,-0.42430054474337164,-0.24191360501244036,-0.03468833898514339,-0.32156366250848806,-0.5423851543848534,-0.2859894890533971,-0.10103988828408425,0.1899943293014937,0.029377905708351273,0.02737094635668106,-0.3006933805749743,-0.44745170921058675,-0.3390026537483561,-0.1991031769882604,-0.23280869496673248,0.046196831915030524,0.056992138733677596,-0.19547998073659603,0.21922904315409458,0.2671944542462724,0.29139355404720096,0.2642211144370781,-0.13862649039027777,-0.3283429597760642,-0.35759159006662733,-0.2632425866889126,-0.6481670299815844,0.1123900089861134,-0.0808537354668199,0.1462053502264949,0.17882880333763868,0.039422724843520496,-0.008901332764123209,0.08005112417873896,-0.2470108239887403,-0.43712279751084976,-0.17754879759204795,-0.4594719632803496,0.06888312584860161,-0.3324095409840983,-0.007112302278879942,0.11510767944794689,0.06823887994927509,-0.02868540450132624,-0.2928191342233773,-0.005427823674525112,-0.5702500683488841,-0.20593909433943483,-0.04498711290466384,-0.38406715329422864,0.03356633342680354,-0.08296394802714993,-0.10395580700917405,-0.13359487680792503,0.04411831421548119,-0.2182306185712586,-0.06179647161246143,-0.1782672441981542,-0.44334798308617696,-0.03907214801266263,-0.24126430150978356,-0.16311392154301732,-0.047891127028442546,-0.08793945252664856,0.023789214819881138,-0.273520584263673,-0.6991697093308729,-0.15656279544522705,-0.017428126581623713,0.0693577126792623,0.0748841630333121,0.04888617664200264,-0.22932245550753327,-0.16604348814616496,-0.01408681072805763,0.04531186170735273,-0.25660749932587473,-0.18596417932283044,-0.0384614523029339,-0.1449630860719356,-0.27459281280326236,-0.16110742827427169,-0.25180677605166263,-0.05874256377742405,-0.03344641212157334,-0.4678007929653361,-0.5685258373949165,-0.24398611181221766,-0.04263674364847939,-0.3852262244523525,-0.4105220255218685,-0.38259754438881444,-0.12226503605853158,0.17863534596594005,0.19531867061428265,-0.3179945648749709,-0.4519340535695195,-0.5105018409740952,-0.18112496535738148,-0.34258077789538244,-0.7242942706504738,-0.9389698848949246,-0.4469008037107424,-0.23244551709072087,-0.7995892749745205,-0.9087869369645405,0.3012094500279363,-1.2155316257326163,-1.256084823848269,-1.160831169081603,-0.9806934937127029,-1.1505077117899896,-1.1739641648226673,-1.051937135464394,-1.3159707403181822,-1.6220522977538818,-0.059950276274503105,-0.5783665677712773,-1.13366790504545,-0.9341658207590541,-1.0151669982880924,1.1895022409745877,0.2201861600377859,-0.049368391978421945,1.1728903084649704,0.8450854297742181,-0.6761712708167833,-0.7850745359740154,-0.5566797636681421,0.8059805359408557,0.04875682136255998,-0.6445430465614286,-0.14685720398197852,-0.6944692059649836,0.05798432620989691,-0.9597973657962848,-1.5976247161248307,0.4301170945885227,0.2758945645914792,-0.759980139686614,-0.7393080354507294,-1.3303098388706884,0.7272470428254931,-0.4241612358933407,-1.2635488189409398,1.2859703617500946,-0.03364468561353773,-0.491054964736216,-0.8476516168397924,0.49509593203060565,0.29333115421249983,-0.9426681926111449,-0.4576719165942587,0.9493508941578009,1.9155317227850512,-0.8373184040999706,-1.1132737071187262,-0.5379357756652848,-0.5279427608777342,-0.8841084067740457,-0.8518151613863758,-0.7267745481414608,-0.5446913976447549,-1.2900306819827783,-1.384278076591408,-1.3440406508446674,0.5021405886876945,-0.7331595061990961,-1.7140062668961678,0.3211823650921893,1.2149939102529628,0.6010535759472048,-0.22662255249570323,-0.5703499973305702,-0.6472926019485046,0.607938972615544,-0.25295213544222733,-1.0308431738011459,-0.4330999434478448,-0.7675786346641624,-0.9471481782803011,-0.751490554879646,-0.15425382620167766,-1.0915480014983308,-0.6105936268253235,0.35640513204267593,-0.001257756905809346,-0.7414189113072347,-1.1102214401335295,-0.6542810571515842,-0.745672047881388,0
-0.160053673977591,-0.2832502200567495,-0.6122757793846123,-0.6129832199902483,-0.4740138145523074,0.02449633032390996,0.09404496674773628,0.3113713968162924,0.026424133381214313,-0.5144249579382385,-0.39306605948265644,-0.300544976442285,-0.3323961099045128,-0.21179871456444668,-0.06426525797297247,-0.3093865419395733,-0.4919652428643451,-0.2290149526769787,-0.07673077487873224,0.2018169584895836,0.059956920966138624,0.06029480822276328,-0.24361130235669676,-0.382638155623685,-0.29811993525848307,-0.19209657159522162,-0.12821112773104604,0.021079333340324805,-0.015326578514778578,-0.1420899971676215,0.2226570681546983,0.32887138755314493,0.2228810411438691,0.3528733228160311,-0.19307417084268644,-0.2974759752389122,-0.3252366083173781,-0.2883105857367222,-0.6055399620968889,0.11889251583502679,-0.05910171815778145,0.23901424015708198,0.25703944417682056,0.08581361594638029,0.0012302975395968017,0.13243305378956371,-0.13292151582609554,-0.3866220926723388,-0.1936082382673852,-0.4588066108562822,0.1396058269275917,-0.17020688890299956,-0.0581172365601081,0.08652570879704725,0.035475902172839024,-0.054884340234094865,-0.25865712900890786,0.04360930745433589,-0.5103006632558293,-0.26345604084213253,0.06097180174619739,-0.3043288979424591,0.0036463296984752852,-0.04143190103848697,-0.2221926311745484,-0.07025711507697728,0.08219932016229962,-0.1911149046110022,-0.04003559183891277,-0.3148274847830293,-0.3269186796353254,0.000818134489802367,-0.13881636131724726,-0.16734801136958238,-0.20259295165899524,-0.005777077280953571,-0.0030491921024592113,-0.3238304459740282,-0.7334810034831786,-0.18173432424890046,0.05431812245255065,0.28768451347841834,-0.017674153629001814,0.02744366322212476,-0.32527472230588866,-0.1491417721429062,-0.09252600817685769,0.04368394334656223,-0.1574535097624126,-0.32462025195939,0.024136201813073993,-0.10243467307242136,-0.13181533872684614,-0.15692480413891832,-0.2456874063340573,0.02444011823235804,-0.10183803887445679,-0.5118839535486579,-0.6903266274725955,-0.41012116100237817,-0.02537106162446274,-0.3183126798916056,-0.3132322159870562,-0.5481903595576225,-0.062123430396659275,0.303840273297444,-0.36411892922549594,-0.3539228464181531,-0.6603621938363082,-0.6978093855254676,-0.13206543447047,-0.5945625560929909,-0.6718121022214535,-0.7980274545909055,-0.32293571084382056,0.035628764517304144,-0.9612440320356745,-0.9069893114214189,0.2452264712531929,-1.382967896891198,-0.6922692306166108,-1.0638941912689275,-0.3463763944556214,-0.7069333722662597,-0.8654434964574744,-0.7805967321412401,-1.2328185175485762,-1.6204882863612882,0.32532394636582646,0.9125473098320669,-0.6262280237428217,-0.1803622064324828,-0.7773012270865369,1.833068365168419,0.6080200554608108,1.3591761827820361,1.3008222467273356,0.921407726522174,-0.31485166493133243,-0.6924874646906091,-0.33102765063103107,1.4384350732343938,0.9020099740001122,-0.9558047487542725,0.5323895996728496,-0.2373762910981741,-0.6956590647677363,-0.2611794400516619,-1.5945690923353721,0.08913197405966004,-0.6050586501640939,-0.9120713578828642,-0.9369829233137356,-0.8105372458492535,0.4487680568948893,-0.95361866813231,-1.3251415935995656,0.4694977978964862,-0.3382685391937066,-1.0602647493409947,-0.8551900165856724,1.543742771678254,0.29818126005960655,-0.4384733477611389,0.3551350924103297,0.06783179550772817,1.9100993072406516,-0.4227728295528378,-0.9739768342104779,-0.14271214296993223,-0.5778843270950064,-0.5104261078555199,-0.9532000913381553,-1.0442450716352443,-0.8046606371054585,-1.3198332558965218,-1.4382522007989105,-0.9192215281555312,0.11972701584307628,-0.8801387877803465,-1.8560394609096105,0.05304949291711217,1.0315091852832965,0.09161215711965022,-0.22091200826034368,-0.062172827175892544,-0.32245437704942737,-0.6803215910181799,0.021987961355982327,-0.5696291384325811,-0.8000211702961559,-1.536572526224826,-0.979507902303239,-0.29774597594892216,-0.6096186556114646,-1.0774518934144834,-0.48122147204974364,0.20186367303347114,-0.01621499403681033,0.24388127695367826,-0.9446137839281624,-0.40504402877440576,-0.5913486984218083,0
-0.09603191411319573,-0.21709118134801686,-0.5009884573036932,-0.5884347081547919,-0.38876970635096947,0.03639845551094434,0.0914363948221236,0.34442420524649836,0.07961148693398204,-0.516031022249155,-0.30986594726129535,-0.35178026755882535,-0.1885745150410917,0.07951474685066791,-0.07886706366537549,-0.21611348332035335,-0.3676930607213958,-0.14953837117047303,0.0017193943949690648,0.3847444901942794,0.16496760689275713,0.11930988879722484,-0.09798036899176854,-0.333905905447124,-0.16321770934560761,-0.10944076016801167,-0.11250346041961715,0.05834637109507056,0.028332049730517707,0.00667450910865078,0.4288991916324914,0.4342814840165555,0.3954423238576277,0.5305432533477158,0.001730164223184977,-0.13494625168105584,-0.24465185010380233,-0.20355809567073577,-0.49974535320191765,0.24748513568314107,0.049111816770551084,0.41657987368311,0.3680920007336602,0.2752446927757967,0.17016356808605027,0.2654969072559401,0.052246447933189354,-0.2341870086102868,-0.08369142170471998,-0.26768731769821874,0.1949402052837132,-0.008392959672416402,0.08852650547976128,0.2623873123769641,0.20332655702105498,0.1632806279484207,0.0008726513611705999,0.12092737544275026,-0.39508383730594426,-0.08847904771459254,0.0452339293910563,-0.20507690628662859,0.24737274501598058,0.12499165999234725,0.02818199420298725,0.03680537122743216,0.18850398190646075,-0.1465237926928634,0.10832289635848286,-0.18972043566791438,0.04074955797163864,0.17975323539692284,0.13123017925040753,-0.08814669160485909,-0.08591149891733083,0.09036143307835547,0.11514791961882273,-0.16292681881318527,-0.6592176398310365,0.057211731510003194,0.22315337209870742,0.3206593902204379,0.1113003614814632,0.11396110982811117,-0.3328009538118419,-0.09809849311342236,0.023693441222742646,0.16065273479609454,-0.008114421438720647,-0.20623424134802454,0.236494826609286,0.06583093647997172,-0.005192606273144939,-0.11557385877716383,-0.07416159907603911,0.07801090331139268,0.004534694035797397,-0.38315348580154895,-0.4683253907116564,-0.34766223373718325,-0.0069052797051387515,-0.20993151730078433,-0.19884555617177585,-0.39427831048889894,0.05421638316918871,-0.3172004087749862,-0.360184924681561,-0.27327452443545963,-0.7775540196920178,-0.8254459634455809,-0.0318230733960719,-0.5719421485859324,-0.5015283818836435,-0.8721009201423072,-0.728713414243956,-0.5707751894114377,-0.9286868532809279,-0.7759917067447366,-0.05397412783832225,-1.1153478198317972,-0.8497048117535486,-0.9891250218123582,-0.5565083153473166,-0.11516181457969471,-0.6889047968332156,-0.7193929891847155,-1.2497139982136858,-1.5711141447456989,1.9242861739412613,0.9502547117454386,-0.7846407862282017,-0.024038938467831287,-0.5158171198612105,1.819108698576902,-0.044377158093318686,0.4232469601862965,0.2148440688171155,0.5716266644779605,-0.40509300257145675,-0.6346443460178358,-0.7812520990867361,0.290775520213861,0.4432727745494846,-1.308593418951136,0.09231603731257994,-0.05032676597829698,-0.2228665309592806,0.9893686056060996,-1.1762734425160242,-0.2674212705364639,-0.7662838738777001,-0.939680952173257,-0.9011919492624356,-1.8434012481283952,-0.9651481401018582,-0.9652960979419293,-1.4544902266159154,-0.6901187637309855,0.3694868201426049,-0.9820680444480938,-0.803966330199999,1.0638540406509576,0.22942283568363597,-1.4287708311960672,0.40626742551244727,-0.2962795046176392,1.8578824381413501,-0.714788032391145,-0.8407803410492828,-1.0213266821819023,-0.9847221938704175,-1.034831354820897,-0.7616624487144495,-1.062407993962134,-0.9161978779901437,-1.123752043394571,-1.3569365467670575,-1.5930907619314065,-0.31731161392723256,-1.2203967352680085,-1.8664030235848648,-0.542136068143554,0.907683044254592,0.056886717848993955,-0.48074243085316365,-0.2285093613148096,-0.13069397195613003,-0.7894053455153764,-0.04618321052669797,-0.9465918530579027,-1.3206639854570044,-1.7041575439791448,-0.9294615578038542,-0.2326669444715657,-0.8935571465373068,-0.9133846734176662,-0.5880967012202369,0.06415200775219256,0.16979940984339884,0.5599191319926767,-0.4128680615488487,-0.5314166935677316,-0.478602487727064,0
-0.11196100277930392,-0.22749890867196546,-0.47101066853188245,-0.585014693785577,-0.33558698510575197,-0.035742222076358424,0.11742354525836592,0.34467162997610523,0.12175254518711454,-0.5609378789115578,-0.34713899154366545,-0.46072403646651905,-0.19669760380800252,0.14192166053682112,-0.07039526464030102,-0.22587011110295485,-0.35792746614397547,-0.09313601958506122,0.034815057692473096,0.3571172231584184,0.13030759552819857,0.12085661429896119,-0.11911166310431767,-0.29529239705877297,-0.2771582213629084,-0.03859004359100908,-0.15014056815677054,0.07505891123072796,0.07360414983762528,-0.018616830022295052,0.43067788356894277,0.42540434255523957,0.3993043356439916,0.5171817428148917,-0.0008257955765407029,-0.05833020910253165,-0.32197211166280987,-0.1600099956313057,-0.5725148338657102,0.15663131530620167,0.07664391601076809,0.4601098983640572,0.32172289731678094,0.2718120604733463,0.2495901516218393,0.23121153952476103,0.11047677425428058,-0.3130186100945087,-0.13300962231425956,-0.1937819159242598,0.14126266442040877,0.11919179272523436,0.022087590472939757,0.24743819872565675,0.1989200794933903,0.2584077890948473,0.04652351617269163,0.1710954222034342,-0.32035627144148776,-0.1978679809771097,0.0576834416538052,-0.28014734220193954,0.21242495866677924,0.03155924907951746,0.08901445323270743,-0.036268433072757074,0.19140818727339032,-0.13125811893387396,0.0964777111811499,-0.12032060957138045,0.11086380915368102,0.2900342296544367,0.048455971094149924,-0.15234050060008658,-0.12144189567751064,0.010374868549637189,0.2020806078332282,-0.14036009069795813,-0.681921661529762,0.0641629513894232,0.19615555529133233,0.4003968410575697,0.0544208740486836,0.06004070388581834,-0.4401529100691146,-0.1656853449381619,0.07075449422659606,0.22996433289601295,-0.0007535857127176127,-0.246943609525061,0.20098845963870654,0.08887271630119245,0.008982160610006677,-0.1261776045946823,-0.06347040319227445,0.026234273737631503,-0.05089108581321346,-0.4103500478040949,-0.4626422928998632,-0.23413817219788924,-0.08346694570439975,-0.23359173743186223,-0.13406134000682488,-0.36080444082788243,0.13291142088169136,1.2202702091809845,-0.7673698563363419,-0.5373815258216016,-0.6354610544742557,-0.16783819153764581,0.6379410113426851,0.05474125638488077,0.20896194585736333,-0.4939493206808831,-0.5386621995690614,-0.20835165964739116,-1.0955842091638117,-0.5655840939377969,1.4318035082061167,-1.0607034703497544,-0.5536231804224295,-1.1173195255986954,-0.41823957983312715,0.22403336738268428,-0.6022741514329067,-0.6320564597465577,-1.1581986938346802,-1.5925444732019538,0.11313896294844474,1.1875104907985632,-0.5246440301999692,0.1622212203310115,-0.1949752696146079,1.5870862091079927,0.19502765022779003,1.0088478564827148,0.41973273099683167,-0.14725425494930028,0.009224079774340662,-0.15392863104722648,-0.7507363798408268,0.44489254773122267,0.7401094043888475,-1.2146319990552736,0.44154017063251133,-0.5095339155046195,-1.1385715247005703,-0.08570589693110825,-1.1998719915711076,0.7832509132382203,-0.5902354361668766,-0.34285302721110844,-0.8355027834490484,-2.160791260997795,-0.9023521458049705,-0.7185875949091006,-1.4980706284669603,0.03742703284182115,0.1051486854324141,-0.7579351161639394,-0.8871288505280689,0.2694276274780937,0.24574102442514942,-1.286949598134872,0.43636136685904325,-0.8101424155413097,1.0527825740990346,-1.027162986075004,-0.8264805723960167,-0.008831265073058236,-1.0730761515228286,-0.97853406834183,-0.8353116962339385,-1.124451522472787,-0.34786359297541575,-1.0122659768196138,-1.3444810203306643,-1.1190418452894704,1.3240559499006717,-1.1906819079721758,-1.8163778320020751,-1.007050561651717,-0.1614861082023921,0.07222786921483094,-0.5202642434165673,-0.24088584459287224,-0.23523427988074866,-0.5486987637535572,-0.17451474380950172,-1.0422590948215211,-2.2730036792752806,-1.5485547375457964,-0.7344664077025201,-0.7162825187760403,-0.3204447670073297,-0.46147922602082975,-0.550070220705096,-0.10741225077836765,0.4532636222524801,0.06899364175159903,-0.1033406120840406,-0.29539416662011014,-1.002105601278057,0
-0.0622711669753899,-0.29673749793396875,-0.4689098216710489,-0.5695800378319517,-0.3285699127166435,-0.12015595253529648,0.1509478675841618,0.3234442202511565,0.10023413800728967,-0.5871037554545615,-0.30645548465325306,-0.40595153549701973,-0.11644996142336955,0.14930232390561085,-0.062449284852026166,-0.12302505689357894,-0.1701924412692679,-0.09738564055423936,0.19010981122950207,0.16510775891481594,0.15197680338456387,0.12238997275570011,-0.07799564537375472,-0.3154604413619393,-0.29231123467571274,-0.13659657970182912,-0.21921435905070522,0.15127555286919703,-0.018017792898768172,0.01087382927652925,0.4821205651229974,0.4780155160908718,0.37502363411257705,0.3760133636596303,0.008011485788127024,-0.19810150977453223,-0.3012715421965732,-0.03495006243362335,-0.43145161758077094,0.17148695652806092,0.05359817757653637,0.5251658276046888,0.21378483512892693,0.32064879851755135,0.29913663127612206,0.3161825571722235,0.11161829393346707,-0.3763220316739949,-0.13952614330965663,-0.23308770339235324,0.14161453154547032,0.17978777078345598,0.05913124463153536,0.27299328216013424,0.24104671933910582,0.2166056704466131,0.007830061507612488,0.23406435788183344,-0.3070077044920705,-0.24764065893299192,0.004941499885651272,-0.24480986749999295,0.23397683427058177,0.022425655293238558,0.006072007477974074,0.006950763837644005,0.1236083067981876,-0.06568506904975843,0.0326011142182296,-0.05635863237533617,0.03243641438179614,0.2402279137169414,0.17427855288159186,-0.17438165278832984,-0.005882756366424242,-0.046907009519838165,0.2209756348679286,-0.028306062015488756,-0.6346821133651398,0.039619612947392274,0.21168689039850974,0.3981602440025465,-0.05220993615433739,0.04676981982371488,-0.3508962427410967,-0.07424684564964278,0.13022621389260827,0.1231972245225728,-0.0287495539076541,-0.20593996483095686,0.08146772289708275,0.13717163520781345,0.04969447492397186,-0.14445582397290627,-0.09226909806520936,0.06834538879051706,-0.10327414804107501,-0.4232471590178141,-0.3862759734355244,-0.12626798787658147,-0.12350958777869082,-0.1884318159111407,-0.0737578496612349,-0.33062198142461163,0.13501527622426834,1.1528766844692169,-0.3443976672660723,-0.7650699907383456,-0.6558065394077617,0.18987560077445642,1.0194961349913996,0.13592695940308067,0.4246384918150326,-0.11287365902010921,-0.58082024629018,-1.1395582777756064,-0.7779683542580403,-0.48926533336730854,1.480271070920573,-1.0112951018491247,-0.8362586306096492,-1.2415764357732024,-0.2700596141857631,0.20293242054697969,-0.5750057245241897,-0.6321878172125013,-1.1976320060790884,-1.5648072927722454,-0.0015848815865400802,0.6615945862584043,-0.7802763771371257,-0.06362435212862447,-0.2524528465314434,0.7946384962495149,-1.0117555602346462,0.06406745336981155,-0.9638672736583104,-0.07641196927691521,-0.41027602212175807,-0.4606284168445455,-0.47611629396312527,-0.19948228427925302,-0.24470605963685535,-1.1374530345707796,0.3524775963999211,-0.38758710695799564,-0.44540736008395515,0.447649603767623,-1.0316959544809265,-0.16123145114997453,-0.9014978288289864,0.4335013958934749,-0.9221200574209639,-1.6926776811537199,-0.8423563894965281,-0.4407277587806362,-1.2128331412361544,0.882401876681923,-0.20034407896155007,-0.8078398426614218,-0.9616944221612043,0.9927138783202833,0.14375337063522264,-0.21852374826396623,0.3451523440758762,-0.5072049442506271,0.5428964318560774,-0.6555531633691435,-0.8102242713915334,-0.6450892665336189,-0.9716350422684723,-1.022387443422679,-0.8045223752119061,-0.843974769362242,-0.3043268577467487,-0.7279708843939565,-1.3187068833369107,-1.2824661792446697,0.9975807061437266,-0.9351398387759517,-1.7619378906855612,-1.0392447136547185,-0.0881175078697456,0.4266024854166273,-0.026312642439583263,-0.16839942367569885,-0.042975307020687845,-0.0031825213124513025,-0.10862763656041294,-0.5185006400149987,-1.7846939241355457,-1.1845845961692576,-0.40060585942035054,-0.608289925172833,0.8904215073926799,-0.7923986858030878,-0.26368696141959097,0.4177582597858609,0.44243284901616253,0.383558027871839,-0.051351474421701654,0.026064787845456287,-0.8598655826994968,0
-0.05474961151759464,-0.30347545135054205,-0.3003230797439283,-0.4006805447391806,-0.26297343187004085,-0.24959309663930992,0.20697326159236698,0.23871187910454356,-0.015723157008888967,-0.45380494201462,-0.348593556583954,-0.30485202259397753,-0.08226744328235688,0.14527430344217007,-0.013689040614480863,-0.033081918290346034,-0.12980427246544823,-0.1471367660804778,0.19384674456686077,0.08194335841234453,0.11029571393891334,0.2623012460513331,-0.16585535127004664,-0.17877630297400635,-0.3433570805212285,-0.1875353462181072,-0.1345166137945751,0.11286533665632821,0.11233352657077018,0.1527840941635435,0.46185109955986003,0.43695221738731016,0.4141437734686892,0.31365949305570645,-0.012190511211628268,-0.36488578663268,-0.22023872804727318,-0.06758342514279331,-0.4284218194181546,0.08848324374436761,0.08189284432977849,0.5549801547078701,0.2687769955152137,0.26390921018368463,0.257340516139591,0.326551216722842,-0.02355417559710059,-0.22787302712248336,-0.23191842284659503,-0.2219323175059351,0.06813771662694386,0.19726890455543553,0.10990637876567787,0.1491341924089947,0.13942867214632074,0.3754681681311407,0.12952605640181009,0.1460957633130242,-0.22818099562116484,-0.3251943748474445,0.006386834704272187,-0.23980284467902654,0.2569493414003195,0.046577954587758465,0.0833659099729428,0.05700268941630492,0.03777059345599127,0.007667061672702719,0.028552573804588397,0.05272246351644647,0.055278892568894906,0.25282041261395044,0.1355465436310496,-0.12559723595659034,0.03905411302137619,-0.16797317028530828,0.16597506401435785,0.014547600883417663,-0.6021771919984212,0.15456758496707262,0.2429635253113619,0.27100498464512984,-0.11441920640009119,-0.04333153428409687,-0.4242614632503222,-0.008168088283087757,0.24582747888998702,0.13726131267003996,0.08511151644296767,-0.2447555382438414,0.035194598210614735,-0.08761831496465491,0.19192534650163776,-0.16759673363508956,-0.04822483185942965,0.12947817615015242,-0.12305275076585062,-0.35824460397636493,-0.25441872976973673,-0.062097846889759875,-0.15128371999866316,-0.2386743358359882,-0.05400246629654982,-0.2856351837588797,0.11913509046664772,1.0454449428020434,-0.09573352838140609,-0.41035794025681904,-0.31342623163196026,0.39450358679498637,1.0367133803773503,0.5215896764261333,0.6881814168049611,0.09766020297114755,-0.34742565365099043,-0.7803516275868005,-1.000110553904811,-0.3465208163566258,2.009222429550265,-0.7122312359603431,-0.4779289887857434,-1.131352860350227,0.10715197195444386,1.0537790526435202,-0.49303609261893566,-0.6370107299219459,-1.1442078775509597,-1.5145445987381456,-0.4522539492700032,0.7191873500866985,-0.21323137175414186,0.42740461175996713,0.5020481213539093,1.4536245875267533,-0.4392469883130223,0.9463240737482327,-1.0443281469537435,-0.3696267839759011,-0.30484980496886194,-0.9650265489068366,-0.02575835605616096,-0.26783077419071993,0.07649654764127445,-1.0784045190008773,-0.0017449189368221698,-0.28981902798845327,-0.19087295025580567,0.25724344166409985,-1.0517748397842142,0.03125916355018424,-0.5360601955440331,0.7509389262315557,-1.1134919135088694,-0.9904525935397828,-1.1004119977739328,-0.8764390532346792,-0.9026622068089334,0.0037216430044545593,-0.28264658383649177,-0.49765879488696557,-0.6726124851860945,0.7045795028197531,-0.7243292921628582,0.04866281509395722,0.3388173763767487,-0.92932900438281,-0.1277582924679398,-0.25941516228993416,-0.8137155215401173,0.09596258696818717,-1.1373151390669143,-0.7547162449676943,-0.7089630459244461,-0.8961619320426935,-0.1571754176535453,-0.6333920378709834,-1.3305157372235725,-0.24062057891105457,1.5148935040716234,-1.0278034957433864,-1.6456808923408983,-1.0635651793939986,-0.061035750824863934,-0.35048473696389854,-0.27498581054940413,-0.6038981602203864,-0.3722101645918199,1.961281289753991,0.10136037028518785,-0.6779049715656522,-1.5169647840264735,-0.7274611069599558,-0.7186510395303034,-0.48292170158032416,0.8430480433825509,0.18461858520398725,0.2691521204376703,0.09972060414181841,-0.321050529170877,0.6932901024189433,-0.3247743165784763,-0.08363347214476417,-0.46809766585697626,0
-0.07387012665264925,-0.21446202100464368,-0.23833210820843123,-0.29901437140844633,-0.3373354449339042,-0.308626984160758,0.18675365416496528,0.18866440783237498,-0.10787171230079776,-0.46450678140896096,-0.2923280961961905,-0.23654501577679374,-0.11963827945783341,0.07485126887341922,0.018305087830719657,-0.041997438510562625,0.003980161049058833,-0.19090404016296997,0.1392366737553086,0.09682830545352485,0.12204580019472738,0.11869658602560777,-0.29847027140153265,-0.12964480553120702,-0.25687583276429,-0.27156041000348197,-0.20551102558735396,0.17091996139093268,0.24761961211238714,0.16428740828634847,0.34274429420557784,0.4346761277409971,0.2355910858208258,0.12253760720592961,-0.06482907704994562,-0.22415270448943145,-0.22882769122148122,-0.09107464452989929,-0.3308776048567803,0.06899852928712763,0.13016995603282935,0.4212609694645216,0.2594780445369095,-0.00436539075482094,0.149568929242753,0.3562908769271113,0.011511650710165933,-0.24345115037027198,-0.27598154480314013,-0.20520662137636836,-0.0020393044287868763,0.314346722793007,0.09469264956465796,0.20938843928415704,0.19634659444433325,0.4653003046547864,0.06524651880326897,0.059679190523528054,-0.1671950221313891,-0.2924858300195421,0.05201718210454454,-0.19723091293293307,0.40055162393412846,0.18130782888656558,0.05474381640289682,0.057934335820569484,0.07316405497029428,0.05340671821061675,0.00026393340472024885,0.0009340071914219793,0.09466547434893025,0.27829789537154104,0.15912037043240077,-0.16502496872576028,0.06898106204492115,-0.09276372576532178,0.20274438727421404,0.2589670403004353,-0.3399701613706442,0.23681946830093542,0.1122618554690876,0.25685340783445115,-0.08514415371871614,-0.08097206377148922,-0.2840304033958698,0.014329354441687505,0.18303604710049168,0.06129384480733399,0.15170992793909371,-0.21349803489014524,0.016982980907058808,-0.03319921628527903,0.12291128810653547,-0.07234403306332732,0.03566254514496435,0.14024402427639363,-0.10605089823891876,-0.310368808606369,-0.293087193520486,0.0032462991617189744,-0.21658714224102957,-0.32391203163462223,0.01611863676023431,-0.24873774891336609,0.17045522458087423,1.48495216440251,0.7624712144913883,-0.26105987032412087,-0.05984847803126433,0.2067509345449156,0.8041101587374043,1.0400295492477794,2.6189436400668495,0.839557373009148,0.4487111361813921,-0.36065455927922596,-0.7673238337072922,0.712606321219303,1.9338248998657366,-0.8283180077608666,-1.0095237339219119,-0.6731531029012888,-0.3746231759307889,0.24689586463359686,-0.6125828589888426,-0.6881440550657246,-1.1425142462941225,-1.4193430418825903,0.6619292778349373,0.5768684603520458,-0.5890182031323397,-0.34343487918948423,-0.5297709900811912,0.005404837408075484,-0.3518574055768419,-0.06400373617335395,-1.492198101412323,-0.2109465361271825,-0.38678686641915705,-0.6876609562407358,0.1591038052108789,-0.8397198446904879,-0.8526078476276948,-0.9560488151799011,0.35794276956963306,0.41395297385636504,-0.023577190861751647,0.36103417220636297,-0.7210074222338585,0.7459813797854816,-0.07842045339198433,0.36120155177362134,-1.0149350821172975,-0.882907384858808,0.428118050919714,-0.8885933132775414,-0.46292283024272746,1.6673739532049854,0.6706985378795369,0.28332292952449084,0.21487069715167595,0.09358641108395643,-0.8584628675403653,-0.3624720925616982,0.5965003471891669,-1.1511111513768342,-0.9264634817720336,-0.7011911759559949,-0.5400456598973471,-0.3356334424922598,-0.8655774901908755,-0.7635124404988263,-0.6990965554360663,-1.034497466746506,-0.09522581292065893,-0.007165277794169804,-0.7450397719281386,-0.1792518314933238,2.3949213736331916,-0.6833762914626136,-1.1745264619304536,0.1520759570075047,-0.6102368047730032,-0.3601722760461798,-0.5142083592415594,-0.5190834300090736,-0.20011650919324192,-0.7983355699919592,0.059854921785549096,-0.5992209766128328,0.3366272271343139,-1.4922983078903493,-0.380869550546277,-0.6274185835119117,0.30728695523325555,-0.5007087077911405,-0.19947074921598956,0.06325647095574048,1.1891689388355324,0.48014864779178185,-0.15201186885878473,0.5852591999424002,-0.07672317361180364,0
-0.07763341808090611,-0.18390288070397884,-0.0906622587393562,-0.12429875709429158,-0.21096838133666795,-0.37163176012113225,0.13721034958499548,0.16892116616219455,-0.21219672838330306,-0.42919816161046426,-0.24417921925568367,-0.16325902853077615,-0.021449454972255973,0.05005978382312607,0.08863101875130973,0.048203925926928966,0.15057958329305351,-0.1408232382242462,0.03610609113163782,-0.030183752731684714,0.14375267098188993,0.03465803318489163,-0.3176254965440967,-0.08350579604085777,-0.11296775693933854,-0.1497550923134224,-0.12743055206951306,0.27584474399845604,0.4484246936986907,0.26320677110706636,0.13073830752167045,0.2574386595254081,0.12073113417100276,0.005005511493943543,-0.05479727791278032,-0.20593372996031492,-0.15414427635695416,0.02509969956607863,-0.1979665161917233,0.1167293937715598,0.1371460264478276,0.26993464769163283,0.08600723639799315,-0.10055219333838772,0.08011697898450944,0.32994545732229663,0.1127016598047542,-0.03613297886116892,-0.13744828375769932,-0.06480466793637243,0.09334163027342511,0.2722371846064614,-0.019375894960745075,0.2451833129830204,0.17000892588383484,0.4586250128859953,0.20635122244729945,0.0666584548487274,-0.06162838789697562,-0.1336325679503642,0.13548318264070003,-0.07335653387422215,0.4817399798396946,0.3140282010020418,0.09011982883928062,0.06967959765238713,-0.0476584537938529,0.018895579387876713,-0.05194789703136156,0.11316518752590526,0.2782285002834718,0.4304793818825642,0.13141916961228756,-0.22939562222343673,-0.054623402626961116,-0.12994346851724695,0.15395420308151392,0.40755165197200954,-0.04155178689405205,0.18483982394724463,0.048559609774950864,0.16356434160185154,-0.12989235485574874,-0.1587965842178734,-0.16884668400913944,0.016323079317431093,0.07823982592236062,-0.10904685823954685,0.12843087856351465,-0.21135802971071477,0.059987931851938375,-0.03055087332861114,0.19628345870532982,-0.08909384608311988,-0.0413267822834895,0.17125163131367005,-0.050287088706618244,-0.24356887309212302,-0.27358521650691864,0.0799033200109044,-0.12534234139977912,-0.2708469426786782,0.17519037451875502,-0.11399147807228081,0.26409818720724565,1.2214838492070776,1.4247301187692512,0.12898066701498506,0.7706258682186785,-0.16464798187722962,0.4221804127245532,0.858515246385997,2.317697632463016,1.2335639734063804,1.199008661262503,0.5912741168100512,-1.0066597832250102,0.2687740364970004,1.0367380964495512,-0.24146587509047246,-0.7510588619455391,-0.4956510481085957,-0.19258253635074696,0.6105932063460509,-0.7334178634593016,-0.9420220914274582,-0.741287653261435,-0.9832588685892262,-0.9280302253502616,-1.0664629617090264,-0.6817289355092578,-0.7144260596537444,-0.029409856443250563,0.9733186588182847,-1.030782078513382,-0.9025868691681697,-1.4748133686931,-0.8599788468358811,0.46026931607865984,-0.6214404268699526,0.4225084287326857,-0.6367479761550262,-0.2622792854435004,-0.4955224215636799,0.2601657038146103,-0.16142416653812955,0.4190081052629612,0.6544600498770465,0.4224191697459594,-0.03558895358326837,-0.21127914452817295,1.7121764326115154,-0.8245990830770074,-0.5753825347458674,0.535679137062991,-0.07803627952938134,0.8959724070232411,-0.9746076545519324,2.6099491190997717,2.484798287769059,0.5879487386415282,-0.7907451775382947,-0.7799993034845971,0.9105621087940666,-0.28824230863121914,-0.38870636299600236,-0.7108044084561984,1.129201272086196,-0.1480035449490453,0.5749337674534205,-0.9153475197480339,0.5679086601528032,-0.1290320025035903,-0.5364916010198236,0.4859385370615401,0.5870148377253825,0.235934763854312,0.23516313147332624,2.6830352630118153,-0.20941891902011928,0.17342342305867095,-0.9162152844695097,-0.29277708165760263,0.08410866564714432,0.5200152393389486,-0.423035659767336,-0.243080852713635,1.7484782665127165,-0.36042741431134223,-0.7459451386427828,1.1568802778783016,0.6265252048004165,-0.47673315662402393,0.33756945521130216,0.8243302963842243,-0.11437034130659639,0.12816472754068153,1.0510255310228702,1.554017032122531,2.373760992119499,0.5261129969407216,1.3303815330912645,0.7788505674047356,0
-0.051516908447855975,-0.1644288020501772,-0.08659920785044985,-0.1277777577369643,-0.18109288067393395,-0.30874964215973877,0.06648142188828321,-0.017790945997307968,-0.09860175655794151,-0.3812284817427686,-0.3535508118593356,-0.1881799227788358,-0.04512348415758668,0.06531211531845342,0.2917412263750807,-0.20998650080255943,0.15268223024737185,-0.08712095880494751,0.11156526193640906,-0.08398808359109226,0.10481829243509946,0.07694753112438589,-0.2197862122817199,-0.019308113760162737,-0.24647244255317705,-0.025336371590787835,-0.1805376100828331,0.29559099978654646,0.3574155577242181,0.2716621952393134,-0.025667546579658224,0.16472820403638697,0.08210785802814134,-0.09702034430719793,0.03850613444601303,-0.17622531746874212,0.003869973340277969,-0.10021485825270991,-0.03976119033848235,0.09035053278479868,0.14028312313022703,0.26789414806260337,-0.07954074060715242,-0.08506710385633642,0.0540456219156473,0.38399454143156203,0.16462188037411768,-0.010512505960700767,-0.09950981503537878,-0.002706967542495156,0.06347448209333684,0.41397291524212343,0.08057639187310608,0.1977350319322143,0.21644129876699525,0.448794554188309,0.1403353831208128,0.06675640763836058,0.010583381576137016,-0.20255889663647628,0.11382335775409247,-0.1512026918584234,0.47259759721127614,0.38181477520576024,0.15928643178674015,0.026998852335763355,-0.1299086898022973,0.1001892849686345,-0.16753828099780577,0.3214726016253095,0.5576357023478331,0.028270916031771162,0.15403209670574447,-0.014525029594503634,0.08880042892967382,-0.1233650524384923,0.028670004202679115,0.5777786969445866,-0.19728740443025158,0.12891285023596358,0.2008373375690686,0.1908799345974206,-0.12880244725232062,-0.015798839497369852,0.02238756152247353,0.21406309119218384,-0.028168209727543872,-0.19504702043533892,0.1389480551505803,-0.11169374370649635,0.035715993803498026,-0.1188081520332805,0.10251063986443336,-0.0865434432330776,-0.0805291060181653,0.20412886499379249,-0.15186877140003147,-0.21865480478375668,-0.30060212805009395,0.10300874724857882,-0.16333855269165368,-0.21463322907663648,0.22679867410082308,-0.13416922251120045,0.154248143348848,1.8000941735044096,1.8237554364165771,-0.20490870316199764,0.4452788819413773,0.2888935707911279,0.7023022690766357,1.2361189476032686,3.0478170290754267,1.3391747560623561,0.9531949396010703,0.4617947799186333,-0.29388241895958844,0.5963081031441492,1.5193068094925333,0.23934295031501165,-0.48800373775998807,0.615434887680146,0.9050245914385181,-0.7068067339362097,-0.38309405631211757,-0.5136450377919521,0.0688225253856324,-0.12530181036901347,-1.0098380826950148,-0.9546406982930143,-0.37621103308663845,-0.8806165137550481,-0.1537201054415787,0.0827695821400068,-0.5474756013063561,-1.1349839906354584,-2.057859721542153,-0.09049248517067705,0.045461063154870515,-0.061860819849585615,0.599363719839699,-0.49944178486833113,-0.7104533427072179,-0.5522336483995166,0.06851386374732601,0.5859673296289014,1.5032005141031757,0.7994341318143623,-0.09966944816332476,-0.8253712657876219,-0.05025496021705751,1.6201484847814704,-0.35691140610063005,0.16659897100667637,0.796074946282007,-0.22615044671161105,0.35217949095774753,-1.0713856172052967,2.2543917132643947,0.4212984830819758,-0.08108080639733845,-0.200582024434257,-0.6466521664749424,2.047674055839828,-0.11061638619145021,-0.7591145056754366,-1.0057360194023752,2.514944554420077,-0.5144024360832746,0.43911810951407126,-0.7188376860248401,0.5940946234593213,0.1425456668765619,-0.8358395635113934,0.8093390757954241,1.3912993870352968,-0.18905311298154992,0.4252089439874228,2.0067363724278553,-0.044491612851343704,-0.15208449944946403,-0.8166635408899153,-0.423828704940547,0.6817785313564604,0.8349988930983462,-0.7267679820952372,-0.3396523058985408,0.6771717042476951,-0.7678503864537013,0.5774956146784728,1.071189108389471,0.7671308894102256,-0.5555869954219861,0.3605146513540368,1.2270423854444463,-0.491622243379634,-0.23591386059944103,0.6613968668204444,2.2157993576215644,1.0929192014012044,-0.23233983434324998,0.9767830819082152,1.3125879404991454,0
-0.06179738295035449,-0.172354394556292,-0.026521391615610533,-0.11302971532470048,-0.14052948506821078,-0.2661075605951425,0.06577501284389305,-0.05291999140879834,-0.11716798541803296,-0.3783192209877755,-0.3593659577222973,-0.16237954848370514,-0.08265072120059593,0.08321261098398547,0.2987545337798407,-0.21685192609283593,0.1505842472999765,-0.10596104247887356,0.12130693831707318,-0.11409917260268443,0.11222187667881173,0.0681378223462259,-0.18187230667838647,0.04055628507207099,-0.20267014657024907,-0.03348514455660564,-0.2006551792897629,0.27320493286137526,0.4321849815372598,0.2556849536905604,-0.0012927806074000108,0.2162806101457507,0.038888247135277276,-0.16142327014392252,0.01516908411106147,-0.1800136489646825,0.05895282778008429,-0.06914881442254468,-0.06933364502985898,0.11991347001820145,0.08399491301758541,0.2052162896938631,-0.027205129897726894,-0.1199157469356695,0.021184645458494085,0.3623788468198128,0.04209160779420363,0.03823670405505641,-0.07255302227966899,0.015679395248874465,-0.0407940910812426,0.3216036394404402,0.12562887877872295,0.2429766793153067,0.29887832105972306,0.5317373748636983,0.14264832150200651,0.009774114667737116,0.04343928598065468,-0.21024723975822684,0.1681374353736036,-0.00572920417893064,0.35344703510356495,0.45061465394549216,0.2188700148456083,0.021047656085922326,-0.1693695003094543,0.05661964697666041,-0.16400557629370854,0.5063675877105067,0.3428932783640225,-0.05134878787198329,0.09806722106510776,-0.0062272751197733605,-0.005349586243643085,-0.16366169520585,-0.007884599915332089,0.6992549152002189,-0.04873092087038715,0.12409056289391797,0.1340792175668003,0.25170146725108894,-0.09125335370761493,0.010675814291662597,0.21076700982550298,0.05505148719386694,-0.12036352412012959,-0.20171437725671904,0.01844297933065405,0.022397227844890087,2.2943604422220746e-05,-0.07836749288387394,0.08296253943930045,-0.10723827961387822,-0.0824730371353285,0.16422061941329702,-0.16713155321404274,-0.14726562424336045,-0.20692768929884514,0.15940075620162655,-0.23455152915412658,-0.18475212312705885,0.20781239021859413,-0.04483042031985567,0.01039875209932861,0.22918289962031427,2.4961111578310935,1.0763028856641552,0.8483225547779033,0.43782086978826285,0.14607700420594907,0.3655893057736388,1.7754768040243243,1.1412417138856314,1.0282007427710935,1.2551855846041726,0.734355437149239,0.030808548698508707,-0.19537426662291538,0.7981657223204373,-0.08608474274696834,0.871438925238758,0.9571615159188502,-0.13365904379925686,-0.04140540810612308,-0.01568778631744776,0.5564927119107248,0.25270397388271115,-0.1708402664788764,-0.7107380038375305,-0.07981051687952204,-0.31652171760267744,0.681725264389943,0.9366890809997829,-0.7027353225115964,0.04595246638837249,-1.7094866428938276,-0.16801737303745645,1.0471321497953265,0.3532310141061769,0.8359462355525952,-0.3600358448023578,-0.669951504604689,-0.17668020713010973,0.16493005406047445,1.050559671838877,0.820775981210225,2.7191368756025933,0.06882462596238345,0.0738275796406134,-0.26473814860145456,1.4240951981990084,-0.7612177813586577,-0.1204247599932444,1.1501080652054443,-0.0748449652972792,1.1485282330058029,-0.4197912204974682,2.028053068089125,-0.06470991934295608,1.0527005480638936,-0.8653999413060911,-0.578022395381193,0.649864280728388,-0.8605185951242782,-0.5780724559647696,-1.0730145276969176,0.6491423725813762,-0.3374785184800947,1.118093220697849,-0.44609559356125916,0.3389849271081593,0.0005886394403682387,-0.09209244204120991,1.1588486520286339,2.4661943770050962,0.0956713040586065,0.6524697348582247,2.286353275499797,0.5295612133753059,0.6274836438991909,-0.6908402996151874,-0.5805040762334479,-0.07781946630715796,0.10174848286108262,-0.772160550089206,-0.7032840779770644,-0.10554463154713357,-0.6534874510482197,-0.6251475625185174,2.303257764826418,-0.19632287422675893,-0.02885275592511188,0.7224569499620653,1.2256319489235674,-0.016452503528724887,-0.6699844589697261,1.0953083115025606,2.572651111147779,2.5402230612870724,-0.4187548326202758,1.4253119542608892,1.0831650965484745,0
-0.11286411347505759,-0.11906438322589921,0.011496132238284893,-0.03996227052738656,-0.05363701169892552,-0.2807763363449024,0.051480614038304555,-0.0727236158180894,-0.1682723384113858,-0.26818083794233616,-0.28986676077168444,-0.08686183700214521,-0.0961147889030092,-0.09665012888174682,0.29036163739152027,-0.22199238475636046,0.11994329390820183,-0.05008156289027133,0.0315615337116145,-0.26874812400018944,0.061263930371687945,0.05390496807203022,-0.2020727100332852,0.06785050053108843,-0.2028022365186984,-0.032837768978391205,-0.22834427643250305,0.20210958262015116,0.30327156491332447,0.23830984844388542,-0.17768232295542855,0.04428252038208202,-0.10150716093734258,-0.293797596082274,-0.13693432305511635,-0.33381162104678586,-0.05396999311653981,-0.03178624461603248,-0.06761259600999024,-0.049735304247785626,0.0037060011766470932,-0.02281957369197976,-0.21695029508578273,-0.22920020707909436,-0.11862080090111249,0.2775883781458125,-0.1787846292343844,-0.0588063964745991,-0.14914807917141282,-0.008547906565055687,-0.024820239837053705,0.19846063792616522,0.048751377465044446,0.15163819387113045,0.3108051148032574,0.45553155160438025,0.08199927068869176,-0.023874454075221718,-0.008043130267709772,-0.2233622730560765,0.22004105436913604,0.048906209749868666,0.32771812388114474,0.4644774496432534,0.033037513029448934,-0.12704869672606067,-0.2672616089265663,0.008011113464132111,-0.2708404246818083,0.4751912451470218,0.1948817683294347,0.05753979110395407,-0.12513696422086948,-0.10827092527093199,-0.13507346230322964,-0.24398166788866846,0.0012226327114398786,0.7331205915855008,-0.21998301379681526,0.04096745754423187,0.10477661341306341,0.3188410488050806,-0.1764794701672959,-0.06877198044260766,0.37495484234837057,-0.07912565010818273,-0.3037045739875077,-0.3717167107965472,-0.038571972964424765,-0.0015574069251414317,-0.09989549608141571,-0.15186072288815303,0.001642594594247525,-0.019384978311514246,-0.1956989998821798,0.12211400005219686,-0.23466376032672825,-0.10048483192096175,-0.3000818590994371,0.166066458945234,-0.2527685241910203,-0.23664837057200577,0.22265247392999105,-0.06822485761090177,-0.11320574776546502,-0.0681355335840459,1.9832288094697583,0.8699226331701313,0.27194644058631706,0.7500535932403082,0.7805281595497634,0.7055964178440556,2.460628579896256,0.594916785955256,0.7720573880440569,0.7627711257893365,1.471952176904452,0.44015335960845325,-0.013783018199905118,0.5053307777689375,-0.18206245972536525,1.3512655227981327,1.5688205956097137,-0.2894197911370169,0.33748283209805996,0.3725684869720081,0.714536288438796,0.7491073085438662,0.2881647648348648,0.3503482427741683,0.13020865399235637,-0.4413356627665865,-0.056449219484427625,0.1843440049499946,0.35443852567965517,-0.33889071465831777,-1.4127966120147033,-0.44763415507895166,0.6334069288200492,0.6432658787571448,0.8790949984452738,0.4116336279750167,-0.3277760641080841,-0.11254931281671049,0.05276494774886,1.831814953955688,0.6641934911940193,2.321688908813633,0.36529009459681067,0.07521626041980556,0.8786444077605245,3.4742979062383648,-0.8114750691039246,0.13402845219544493,1.3531611850506091,1.0010167586100833,1.0869450446401434,0.4785315455550848,1.9651939987879854,0.39811765995181664,0.7474193507729465,-0.28498798621484556,-0.05632075147132643,0.3713853840785846,-0.8244749019297858,-0.2929589292185568,-1.3498272760313967,1.2032729530189636,0.2144857219766361,0.7959627093094425,-0.22773603259920358,0.412596935156396,0.31322979075554414,-0.08405087488828415,1.2577401542949473,2.988589316209713,0.15649069809685134,1.3412121395660097,2.2585840025388624,1.0719641939826956,0.717298218034998,-0.11213059062238696,-0.569732517177979,0.33975806256297036,0.10165547007885213,-1.2214942146770884,-0.9004030363782862,-0.04035454483290871,-0.19397842803134177,-0.05589092260478202,2.5365954544351372,0.9345023920912426,0.6923341953818211,0.08403574361346193,1.3379267693876953,-0.2290352538177586,-0.4760082231524674,2.0305226099871754,2.6962724015239146,1.782585930458648,-0.20683341198671668,1.178304797137015,1.7939529813609907,0
-0.14109095113569373,-0.12460741615295907,0.09363779316350468,-0.08926250295473925,-0.03347972275957504,-0.1881028341285017,-0.09062942726162979,-0.13081511950855335,-0.24605745431164588,-0.050614966822874,-0.23739500660029675,0.09421308652595968,0.015462326538952832,-0.2745748111310733,0.360602569692951,-0.19616339877348662,0.05131080662622331,-0.029445086747732715,0.03794073257339192,-0.2865458893535254,0.00838135797557919,0.08398215036178593,-0.06888732696003855,0.18039444356517667,-0.08342879910164337,-0.006338638201979158,-0.21511605667992326,0.21498652757785458,0.3409897656106278,0.19374944623478388,-0.18510390876181845,0.05341449663880641,-0.07113963555762,-0.3602442210186457,-0.14335387428382446,-0.3420260971202971,0.026217045865058995,-0.03785506283241654,0.18618411909909932,0.03343350530742384,0.10301007660982021,0.004794677072335132,-0.2076654614921675,-0.2379499821366811,-0.05742279724860336,0.20597892545721083,-0.20258733435755719,-0.00737900534660512,-0.13682566167180232,-0.025148015076056615,-0.07884989642041522,0.17859254408837477,0.18065031389822261,0.17134905768336453,0.24757204014192397,0.41662419066653433,-0.009300076441302691,-0.15639501863573269,0.006825107298964792,-0.05889808504879465,0.1871027534233035,0.18874530857630134,0.3276358178626209,0.5808593843100959,-0.025343103191685687,-0.17369473951381562,-0.31628872911062383,0.045584796491326234,-0.30887116541052273,0.48934152424754,0.194599239653017,0.08506306343317473,-0.0830227708316323,-0.06176296410315589,-0.08159851716312753,-0.2726677930747943,-0.07365054059516686,0.7793820965782333,-0.13028356698589696,-0.015200491424140657,0.14242844260739826,0.41547487176807635,-0.22929756435264123,-0.11020407008054128,0.44645283544099484,-0.12751594224644816,-0.3682618066129517,-0.34557508812657434,-0.0024004347560713938,0.12099613339777301,0.012265746762001274,-0.13133068681247842,-0.09750728936686658,0.081187067188701,-0.21508145958232763,0.090751971689223,-0.19670115722323986,0.06589320740093463,-0.11787430321415886,0.0983847267299416,-0.20132336079706648,-0.03536768993639371,0.20249690509745846,-0.04812158336935144,-0.2866262447026618,-0.10469731142465047,1.6326341471360462,1.1106184215706612,0.5392950807526437,0.411439302638685,0.3315623217972091,0.07077544585030407,1.0302322290171457,0.5116496487860285,1.520577671844007,1.2028476639793768,0.7580695352755998,0.012878841265831054,-0.9128069680764969,1.019163553360058,0.1254871342803819,1.6923397097338848,1.7386401214582907,-0.4995245670645608,0.88434265996836,0.7290576544815044,1.2334619898695132,1.4567021445152615,-0.4260792008945748,0.06820577767680698,0.7394321280623695,-0.13320892770528195,0.38586129068604547,0.33784666653608164,-0.1526279221864602,-1.039930529586359,-0.8526735746372004,-0.5397023142205275,1.7867212135576476,0.776176339927589,1.7560542049620766,-0.18579981535413248,-0.5011462647796668,0.15360661092259098,0.06354954026171893,2.0444916431469866,-0.214238154299079,2.106965288437647,0.4928097866201176,0.25563600716252505,0.7228005046875389,0.7761753154796397,-0.3258946968245231,1.0239195734355868,1.5559390294971627,1.6362392800083847,1.3280059098548227,-0.269698818609076,2.176515286101784,0.31469020185932417,1.1867756185788383,0.1691191905949435,-0.1374373981316603,3.023273281179784,-0.17776299450868036,-0.5091633083473386,-1.4310050549937832,2.7153348276813465,0.44003920537311525,1.6996411753495326,0.5149130102169526,1.3433541603912396,0.5578536408556988,0.7609610361420851,1.3175375215117975,1.2529607686846027,0.5726911641812474,1.544399703190131,1.4867111105833768,0.81444945132012,0.8747688279906914,0.41686855985984944,-0.4743217666975802,-0.0991594312769352,-0.21186304238685957,-0.5170625923401736,-0.7662187121545783,0.44498004122474216,0.0020856904422300623,1.4825553250440917,3.426009770582907,1.1667746754106303,0.7485118239465944,0.5241557091782039,1.282384695887827,-0.26828699185028215,0.05672406932792376,2.916787678706102,2.6151616144112735,1.7518201633180361,0.07271625733560583,1.2089072459462609,2.5096161548084144,0
-0.21844012801557644,0.0485076992868337,0.13292300513150554,0.018143070385501222,0.09915167774799205,-0.017391540181104025,-0.1720953852392532,-0.12625727831061456,-0.27947083400910994,-0.0013437635561615038,-0.2037237750091404,0.12360275677039292,0.011162125639727625,-0.35907048550369913,0.35406421336014504,-0.3205348917113405,-0.08848755342861903,-0.04134893139959333,-0.08718164525991043,-0.2879564335477888,-0.04516774006666013,0.04153822600381973,-0.017513833650751078,0.19928616202764843,-0.062032165743609334,0.143319621801375,-0.14192132292116288,0.17972004395298827,0.37007758847568467,0.1166199837987271,-0.3716800654070499,0.030195633455883913,0.043334683351253615,-0.21348110029538697,-0.19591554973530195,-0.26874995537960894,0.09645527148396232,-0.07207643964726274,0.2495799675033236,-0.027745613592761946,0.09480502534364331,-0.06407952926056691,-0.08489434231101949,-0.25905288340460525,-0.08375099931848891,0.21443255410705422,-0.26352591158092303,0.08690410433006344,-0.03205975623820012,0.13945123373987633,-0.20201867886532773,0.25099237398366936,0.1830979124929413,0.060024767954284707,0.21167417934641575,0.39874798481520035,-0.006941222580750195,-0.28430103513919863,0.05522941801146628,0.06035313173672408,0.2173744365342398,0.23218113877961954,0.2574123092349891,0.5633624117149701,-0.00704538113555433,-0.11321910851683,-0.3240963188667709,-0.042560487921536064,-0.1741432700533094,0.5147360663064241,0.18521647327187443,0.1714656915357059,-0.15135770753469213,-0.08550252277377285,-0.18000944285846773,-0.2906051895728827,-0.17013543680271784,0.8877886127222657,-0.06291901601648986,-0.03238343412980904,0.13788847764030093,0.49662513493971716,-0.2026346187019994,-0.05930561497814375,0.5222076673474509,-0.25408887270756364,-0.4479611279257213,-0.3132921527652278,0.0649305419631888,0.06470472702597117,0.09476851293467121,-0.07586112897436681,-0.10613348596868309,0.15593000261476112,-0.04396537760804647,0.019823859892231635,-0.11070179855266689,0.19560691327402566,-0.023510847388343206,0.07331147690033933,-0.0745155918107669,0.02172354385973142,0.24317867790958567,-0.1255560980744989,-0.3046676355406201,-0.6250276944854045,1.1364530785375393,1.178810088698977,-0.1029115537867406,0.25508317040830425,0.4200287810336382,-0.24272414190569777,0.42125170743617185,0.08757417649350827,0.8484024996207172,-0.12610424632769954,1.5379550054865025,-0.5357101215703639,-1.0308874813074782,1.3206972305253284,0.6878828897200335,1.6541871745119732,1.9063226003499147,0.13877991881746246,1.5130598359255707,1.2542263515048337,1.7288152467676183,1.7804123291117064,-0.33788022956841585,0.7267538167061968,1.0505564974073456,0.5720573723831868,0.7115913856356278,0.1128589428350852,-0.1639903648689801,-0.5544825818877968,-0.5109298956409839,-0.43293244790371693,2.0572672854452665,2.0069523339046005,1.072372850671552,0.2623815749328731,0.28210285214292713,0.5709111964395672,0.2092238632353433,2.1462489322788505,0.934428937011994,-0.5909193942002394,0.8927490110245585,0.8362336239429137,0.26740531819095853,0.9356112925372944,0.5227663002415841,1.0611403197118905,1.3160073490662423,1.2444416992514586,1.3504199473277492,-0.20407493268753177,2.8947404548785887,0.6491902597291527,0.8249539592771457,-0.7051056701526444,-0.08903018715206903,0.3269463551054145,0.1895699730513523,-0.8245298878932906,-1.6294079130225085,0.6276066768043743,1.1610591731133983,1.4650995165652128,0.5053622028629188,0.6945251675518438,1.2920113337258867,1.5828397390804303,1.448022924560921,1.4429856784159614,1.2872452684684237,1.6835629287186211,1.7039097884471375,-0.2730967766202397,1.3064246726346078,1.305567430024142,-0.4085806416772395,-0.2155508830595401,-0.3188078925406475,-0.3685967108757775,-0.6281319228757952,0.3522780832322775,0.6512069648228104,1.1162059590426434,3.0811827974753205,1.5671714161488348,1.018244493562782,0.45424243921771496,0.3707394968176099,1.0620494750849436,1.403743860034136,3.1145833586863994,2.4005346005309605,-0.570416934112324,0.46420977639201133,1.4123140643666057,2.4009475387656805,0
-0.25990449501416163,0.10361021375168727,0.03053740481944444,-0.043756359491170946,0.03331678754224655,0.04489295555405064,-0.3088796651102713,-0.1779311467345083,-0.24440187521395682,0.043297624456349874,-0.01942280074018888,0.11125520915555712,0.055372740028187636,-0.3740852865463953,0.2345853796092853,-0.25444543475101916,-0.06695292611102195,-0.030789392943304572,-0.07215223846051116,-0.2969766034730697,-0.08075578369911225,0.02244459704284527,0.04043554854472135,0.18381985399336156,0.002794721377057653,0.2742130092997129,-0.16493276213119143,0.20559336721322724,0.29791399604248786,0.144495593545363,-0.3259515979769884,-0.1101714993113275,-0.04221412885782885,-0.21231888113004174,-0.25888345721140954,-0.19562271276235083,0.0505472290594373,-0.045854305566191765,0.2111867176334124,0.03554932514933759,0.09517417104517877,-0.1515614426183506,-0.1431922377711174,-0.28548582747438633,-0.06843182867481676,0.175396012035198,-0.16984811489836613,0.07473016864525982,0.0573704211443386,0.21683544876666208,-0.06062981316909617,0.18373157354351832,0.011135693021537914,0.06852980795569599,0.21760389486783868,0.2556088117624201,0.001098844658142525,-0.3391136752986466,0.11428946481878853,0.11846280329252859,0.23580099644353103,0.25831168411590194,0.23146798704117522,0.5938283474846519,-0.06813418718268494,-0.13105009007414853,-0.4185914433659674,-0.00013820078571041185,-0.15665077570210834,0.5438251950431671,0.21784117072922743,0.16127786751225504,-0.10551249113567013,-0.054666765809628474,-0.21589955674221353,-0.2733110204262239,-0.17094031343012994,0.8731539816658427,-0.049987898291015145,-0.04158446538394195,0.13329207278524097,0.5157418894496604,-0.19531131502553306,-0.0499017680007907,0.6184469224991328,-0.17361794182632845,-0.4788215580347302,-0.34507420121761484,-0.012360512834369662,0.010201553111668848,0.14273198245928678,0.03361353188100891,-0.10629743571031885,0.04671749936809436,-0.05458537307213871,-0.05049715572718167,-0.03401555695137154,0.17318615932634204,-0.015134855685192714,0.07820587233301676,-0.03045870286300931,0.07759157203936676,0.21631175154641205,-0.026792560327841452,-0.26094450355997395,-0.8365568237685935,0.4691234345911144,0.9357673323903676,-0.26243354258878604,0.4326386741525541,0.16602570992367385,-0.3576485717333389,-0.32858550412010956,-0.18473052605407161,0.826405168145781,-0.21688554715125094,0.9501729597520479,-0.2215180453159165,-1.1127751571145121,1.3368376738554077,0.2996543275578122,1.6136148895284912,0.9386094210896723,0.3848284701269539,1.8786491595663173,1.649888612417382,1.5626990912879422,1.6598305657694605,-0.6358444056181343,0.760364433867446,1.7410813969948484,1.3382608592569203,1.1202846266218285,-0.42466009862425985,0.3269290595312523,-0.9103684822132937,-0.016634159944205053,-0.511498915158489,2.226008122773915,2.179001705459278,2.364352373206488,0.16530513977384573,-0.21411678797698955,1.0933622035766573,0.6016595953407217,2.010284895238769,0.5280988502387199,0.5518627658505653,1.5267001949581256,0.7722834369867421,-0.7002964333417826,1.0982053116445678,0.8487410056083786,0.48552882245979134,1.255786024992643,2.45703734547636,1.7556891825468466,1.1625857631022594,3.231422691543946,0.67136334570363,1.9145131967243665,2.2598623008462013,-0.08272843553239455,0.0351144690313713,0.5708207657515193,0.0022087755305724498,-1.1111905691920643,0.028047576970126144,2.0009160492145015,1.0510249702660068,0.2229967448144904,-0.6414030131377573,1.9097128267728873,1.309147782812997,1.4456789437718887,1.7335072673395482,1.7702315031671798,2.837940394798312,1.8982038175775335,1.4781017595768988,2.063622952224805,2.1280539718024785,-0.11515991633116349,1.4883684334990928,-0.711926342722691,-0.44023559865410883,-0.6820315348744268,-0.3303112306123998,0.6671809024364529,0.9900663261950767,2.537088254735068,-0.32698028137944024,2.156857462843725,0.5850511258518118,0.2417258874263622,-0.618182303060473,1.6898381588054177,1.7749264400258866,2.4474790557174377,-1.0620858082640874,1.154956041256205,0.7575347124168859,2.2596732260491788,0
-0.20610578380423009,0.0052404182334191765,-0.0026044124316535393,-0.044113541947515884,0.040043180540485716,-0.03571488159829306,-0.2751785848967344,-0.22521066398042205,-0.10552928130404136,0.08403211937030458,0.008349876623161117,0.056925346750539355,0.12777062352204188,-0.29159542857451104,0.17988775665179457,-0.21324407283906874,-0.020031489453121887,0.0016187920200240358,-0.01661866664069675,-0.27349420614053294,-0.07995620416402582,-0.03120011825765552,0.1997637026734736,0.15894833849552056,-0.039151251573949074,0.3944462903619451,-0.05712473809861462,0.20335949076318552,0.2103675740910431,0.11195798313112074,-0.24135327377100488,-0.11466592175050526,-0.0029338470976480817,-0.24248518081943138,-0.21456283402531337,-0.29642889680546375,0.11588942035225924,-0.1156712085553547,0.18216523674305976,0.0072244254514767115,0.1231401235432161,-0.061011378475715035,-0.17248640894831546,-0.20014823605012616,-0.1265985188381381,0.20308687507966006,-0.2341374103967362,0.17531198018253508,0.11997189458950394,0.20330044842504189,0.014996107245425057,0.17166594054869772,-0.04660941557822547,-0.039072636823576305,0.2055551175887261,0.17026101419572665,0.13367919091947242,-0.1352610535869598,0.13164064854069085,0.13486675911047796,0.23336896881496075,0.2608967189814664,0.17865191537901182,0.5059186890989853,-0.08981422696655747,-0.12980076702882593,-0.43427645119968905,-0.044656563341552574,-0.2128067869664835,0.6257571119391288,0.2898089843859166,0.2647921518707295,-0.14597222798902548,-0.054124415273986974,-0.28204835568417946,-0.2661934350168203,-0.12452170413774412,0.7924383353223368,-0.035364227829212495,-0.13621432539526598,0.23306246899261587,0.5106162799846837,-0.24302723960490896,-0.09266570781842298,0.7133122764421633,-0.2535786070760433,-0.39274354159086233,-0.3907261675314105,-0.039796603139490024,0.07645006525634779,0.10375654153560249,0.022554331280029278,-0.03797741279264183,-0.07600174040803188,-0.15788273007550496,-0.010081583531891794,0.010599493792428092,0.1299909151160492,0.013863933574001116,0.07747451225568056,0.011359199451198124,0.14476196604613575,0.14946666599333183,0.03860178549015064,-0.3011474533199605,-0.8890288661968855,0.2639308231812507,1.015223559366182,-0.48897707697426684,0.18866968578672894,0.3289982007192571,-0.3812183182687006,0.37918408949212856,0.29991425644053143,1.0682194578732915,-0.6038212111405705,1.1051516013540346,-0.016050248796796163,-0.7102310146298252,0.9815037087809396,0.5723120555045649,0.8230069638050812,0.26698432719430987,1.3482824963639488,2.003051206193276,1.8593949891301331,1.2598959736685933,1.1640049756847768,-0.7486307913107583,1.7860192654882858,2.0885185182643244,1.6882212997281196,0.9002857860858219,0.03452335810755271,0.6599777821534825,0.7466702323844584,2.6252706231391705,-0.9054111727573722,1.7738773768317277,2.217196135325971,3.5986161942446135,1.980276994574493,0.23995531543988272,0.9751627306965459,0.7036825662908432,1.53539547292158,-0.06590639985837207,-0.06531511691388793,1.761318423569561,0.24245297692950657,-0.8942533616045246,0.15424338996704448,1.346895933620646,0.6175292316342648,-0.4794541088487684,1.6979905182192612,1.284136735635282,-0.8071020445717069,3.796885060509338,-0.16136411938894302,1.5248594040653107,-0.19049986299900254,-0.6974525756397532,-0.4977164153755676,-0.0778175514618764,-0.7123351284450575,-0.7132440040445129,0.36372492571522536,1.9995345162807383,1.054690148292276,-0.025518637935423243,0.12227729715962647,2.137551837800122,1.4508447912487472,1.1008277067518677,1.211930089414932,2.205390493600415,1.0745011636814032,0.9793501880168779,0.2779389374628303,2.522326334144841,1.283578489715114,-0.11806571156259785,0.6062250583858618,-0.7650070337572891,-1.067043551422847,-0.6935491379152741,0.03940779404652679,0.5385141542419157,1.0546554387938283,1.415643034853829,-0.31416002534900617,1.9438634280858176,1.0292772437178186,0.3514479687360069,-0.5766131704683871,1.9143868192090494,2.277430252874416,1.2909168778545137,-0.7290998235321241,1.6492138552508833,-0.11774357268590392,1.1339211929307456,0
0.30582889627496745,0.6589116178704809,-0.15976868056601495,0.019994007370035732,0.2559181991941179,0.030129954656593544,0.7294516866549684,0.46351728506432566,-0.059986179592255565,0.5330511778311956,-0.0289028753718511,0.06754529179568426,0.747909962656441,0.013744989939233076,-0.22932678540795445,0.45703057712539424,-0.16166543415289966,0.2271913075424864,0.18769523878053215,0.42985105281028874,0.4026273250751501,0.17289074608859425,0.38970562977293427,-0.17964526665270292,0.26925931346119175,0.23737951345827665,-0.06801938416577591,-0.19915939740484942,0.11488693312857423,0.18550804545352712,-0.1330312046761438,0.0693912756723511,-0.05220463337316934,-0.23256991818148334,0.21151620075763447,-0.052515480594799276,-0.1912517130361517,0.5350881731694853,-0.02548150720531622,-0.11314287741724308,0.12890207405234103,-0.03839719926134842,0.023307103515818967,0.11115696253026196,-0.018589837004155455,-0.12842277854462408,0.30487943016429264,0.12395432254432434,0.19395382054012344,0.17245350899930992,-0.08554698676020753,0.09852952759892378,0.39938457201231586,0.26744644643242993,0.14715103709450766,-0.11989312517050693,0.2976467540902269,0.2963842439686398,0.17318236081876925,0.20610034236189825,-0.18057367437173066,0.11328233951083592,0.31945543336533283,0.3193847032588342,0.07789787124689293,0.21004687769876426,0.2508662687116448,0.10844984200616138,-0.018348737551218425,-0.4555855028647706,0.5935581330398643,0.34461253396470937,0.6634411787277854,-0.1280301860841414,-0.05449639331467634,0.7467076123787765,-0.12513303879693355,-0.09870856644597686,0.17125466759119726,0.5272784801464607,-0.15572355972387109,-0.4300753392748374,0.6303288068596099,-0.2509971128140583,-0.06299040178583153,0.019962696933346326,0.11645688955089271,0.1503095399280653,0.2818586750051536,-0.23552942835289706,0.17240770176336156,-0.45703689311338497,-0.11230558742662296,0.6200371316795588,-0.4270048354505941,0.44323748041201216,0.24070127560310955,-0.613671986858307,0.29423623855094866,-0.2121540514590097,0.1137569235496048,0.3554834415539713,0.5099936251028511,-0.2276701713817806,0.07377699702381248,-1.009201272456378,-0.5676866603483682,-0.9240936428167287,-0.24482599034498798,0.4161950168981951,-0.8045644370176768,-0.5619224375879912,-1.2433405214907476,-0.8785236110209538,-0.25200854463299327,1.6083530551828293,-0.1742674857704938,-0.08720737099218152,-0.6811836245588799,0.5189743531711767,-0.46064247690744703,0.21257473998521106,-0.0315508898602846,-1.7141777065612414,-0.6216710441730567,-0.7607255909668241,-0.034596933096015615,0.4196060260913746,0.7821029877434857,-1.1803224838439077,-0.6340106865609473,-1.2512853266630475,0.28523429448614324,0.4337868297975437,-1.5830765555209805,-0.5384721445266347,-1.445016860764419,-1.0925952095075526,-0.8435361205982382,-0.8601361005108565,0.46044751462001493,-0.3220427291366917,-1.403603161112635,-0.441156846833201,-0.6666897181237417,-1.136230630766967,-0.35295632007412114,-1.6491611311867627,0.10557868498202598,0.23409403715025712,-1.572760239667628,-0.4245970738744118,-0.7290584127171543,-2.3702305925778036,-1.5621147103309454,-1.4111764733653172,-0.05227949148774921,-0.049981943607317975,-0.3251853677702626,-0.9781070920072091,-0.5644598024805669,-1.9409641668383688,-1.7291414669623655,-0.7844546869086214,-1.8277814238657095,-0.8522021524120056,-0.7570945096718972,-1.3002848539419871,-0.7740142626793682,-0.7589301414209523,-0.1292503717887902,-0.6965165497239644,-0.680221570350364,-0.9484386818829428,-0.6227163808572383,-0.9078850145032004,-0.12428029391775752,-0.6588259183988063,-0.3323110900319752,-1.0152599571878855,0.28532279259547444,-0.5496710302014044,-0.5000730293827215,1.4948094114198713,-0.04428500034616059,-1.013146503920356,0.1843123207121702,1.9526399437811226,-0.8015980989884726,-1.3476715615821513,0.8668715783882903,1.1357896621163162,-0.4755718167800094,-0.9936285907011563,-0.24354308194393953,1.4484112219468697,-1.0244455190723147,-1.8395982349505626,0.09645081612710583,0.7513191369237868,0.13912441380348878,-1.2122293699699396,0.7189710074923716,2
-0.01931853610910425,0.1245752968363985,-0.2037861525266262,-0.06669031527907449,0.1903432202022899,-0.27845626002181195,0.21970659066447454,-0.06639659728771431,-0.46764213588080816,0.12036200587179946,0.04914657465503623,-0.08364509567165991,0.20434768358269884,0.18688254382859773,-0.5564130642533448,0.42689118128823095,-0.25446673717087354,-0.00762530188981998,-0.13114416949538096,-0.1511123639454691,-0.12974277222771904,-0.3057661799375424,0.029435966212958516,-0.201904736171791,0.03320520729899085,-0.08756545267476828,0.0028197045985226183,-0.25686058543937484,0.10570358610300278,0.1823895827967194,-0.1522440880270568,0.004306074657363517,-0.10878318443231982,-0.20698960718686782,0.10835803730401455,0.024343914138548785,-0.062399087764235424,0.4077716501249532,0.05921927481252095,-0.09593450826468237,0.14528006262535317,-0.1474837753430458,-0.09284880269040159,0.09102138563028656,-0.08112210094545985,-0.20831388887008678,0.2643779259325448,0.15310528860618045,0.13237079733561646,0.1384170538802466,-0.29179279699875155,-0.11163820626309383,0.003244649713974798,-0.02717883353678197,0.04369684497241501,-0.2317953124552102,0.19726573820339158,0.05732215131566027,0.0635394284663242,0.12417863242341161,-0.33203521746417647,-0.16129226014836687,0.013093379892883936,-0.1060157293436166,-0.05243064096831018,0.004152638904971563,-0.02822961341752622,0.09405567587872808,0.017867852024804717,-0.8415554233703582,-0.010324473718879406,-0.04160214387616891,0.21680719556997383,-0.12117698785418725,-0.19759400246603548,0.30547125579744766,0.00944203192443766,-0.5503580750320326,-0.3267818791609667,0.18858071745948296,-0.12113661346746894,-0.5842953951245178,0.275085645751233,-0.21350831835206607,-0.566661708299855,-0.09768871253182206,-0.08174876393265267,-0.20645878397853593,0.12370857897216568,-0.2511187853550607,-0.0569006098337333,-0.21906787557796978,-0.06950421007444355,0.09616775751995421,-0.2367601509151735,0.30286888251250227,-0.02719471260882493,-0.27088508952979906,0.11181728051518003,-0.3388666348275495,0.17776812284108373,0.1875189450460888,0.04354571433745652,-0.03337170502180128,0.06811897239388846,-0.6712197994317229,-0.18035850783835897,-0.9986051715255664,6.89057711929385e-05,-0.8533459611688369,-0.8714298439846568,-0.8699072204637206,-1.1482719346901125,-0.7746367216244291,-0.8227600820456904,-0.03960650126927711,-0.7076023846267656,-0.40940667674975734,-0.4930593487477295,0.267561344700774,-0.4659799968134847,0.20953415446397305,-0.053213410225271526,-1.8246116961507342,-0.8691212958822813,-0.8130420670292522,-0.14860621070282798,0.37647537700011063,-0.059249892434268425,-1.2420365973940786,-0.8181385438590235,-1.3640913691989767,-0.059050781098469673,-0.16892396770564794,-1.7756416412656562,0.07270138046468505,-1.3511728326595762,-1.287202084175877,-1.425241893382778,-1.4379325982353015,-0.15513876619397107,-0.16335903277336955,-0.6727158167533596,-0.43562988979871076,-0.8211182018524518,-1.2511620628695117,-0.5375176497924318,-1.499379407336408,0.14630439240765983,0.08450148505153178,-1.5445541129783023,-1.0430431732188257,-0.8966923570256412,-2.4334893969101032,-1.2778808561985358,-1.395543061091729,-0.25571095752219536,-0.8627102671207617,-0.5439648478867735,-1.0763754600141708,-0.75773345559078,-1.2947161471117252,-1.5111023470326987,-0.4443437537716031,-2.2861217575867414,-1.1668918920089524,-0.9696618789926834,0.34728114961480966,-0.880132324715899,-1.2723646178155137,-0.7329274298884842,-0.14367227388657466,-0.9047929333622132,-1.071297646974135,-1.506686342993011,-1.0015903442725034,-0.3259850866609603,-0.9802201526619212,-0.541711105112965,-1.3020956709486555,-0.022258627403469275,-1.1617172409678527,-0.633640337021739,-0.46611220150801297,-1.1450491364188404,-0.6166451978961864,-0.011209879122070847,2.6191942983333503,-1.4032099153751367,-1.4151107952820057,0.353357528215997,1.553968220761135,-0.9319020559404045,-0.9955679585362709,-1.4440217576771606,0.12639856182453243,-1.8120380741182327,-1.6908306462924865,-0.2564222533913478,1.030681368364378,-0.3556598674410718,-1.019651945462741,0.16945049404697263,2
0.012341303156863867,0.11129548716859665,-0.252420116330454,-0.08633574138494801,0.17300423868862916,-0.1690401735276029,0.08248271956599901,-0.06650417033258171,-0.4272496032738639,-0.10036934751614775,0.05331281291530932,-0.178354171736166,0.02616976059679087,0.1765284302100942,-0.5556497143417699,0.2732405117903909,-0.199121941731631,-0.056754091881600535,-0.2666527494425164,-0.2067683495657079,-0.20093875348007362,-0.3572702050731857,-0.10489885153327538,-0.0977206860267737,-0.005898841184584071,-0.2111353887260235,-0.020153074010211245,-0.19432615205800857,-0.06067827490271678,0.08356458524788837,-0.1532149615176125,-0.16028272733226404,-0.3459220304758366,-0.17792349270998015,-0.054863670013568,0.06543748293772594,-0.0062919526582713905,0.3011505927973625,0.13762079091151652,-0.054463403488003846,0.0781018513041906,-0.2732765623639962,-0.11987714146880338,-0.05961079465021572,-0.12289965501270224,-0.2090439796846366,0.19292703217535873,0.1404058571389111,0.09056072199345623,0.20015722725281532,-0.17111162833131982,-0.26918450453995596,-0.10503107834741454,-0.09156630961717256,0.004532996056058338,-0.21423279800421308,0.21972223557457815,0.06847457177057661,0.15838799849767912,0.10800720620545044,-0.43490735662861285,-0.3861199792470967,-0.2752420128115085,-0.03537333004814353,-0.20949988757925123,0.03452465262376274,-0.08947500016836787,-0.025240433736225896,0.12397510415959132,-0.9285325621929137,-0.21469086444126811,-0.09081081465074826,0.15963347980932058,0.042397151317480244,-0.09800769493434747,0.17504442554856722,0.0756070531891397,-0.7617829507064112,-0.34596187460843614,-0.013652314008909306,-0.06611574544258313,-0.52967671025817,0.09887102357837385,-0.1516569029734426,-0.592468828956138,-0.11290838817900643,-0.17660055068589994,-0.24016696763528073,0.1416948322070635,-0.29618181335937016,-0.19475242487241054,0.10413533631945401,0.037097846059092054,-0.27522170357757325,-0.26040660257736187,0.05755216922288545,-0.11916988530938806,0.1192293419613477,-0.07562576702286478,-0.32324057954145496,0.2998457801558131,0.09697566338020605,-0.36273663446730825,0.020537981570731997,-0.0035862788665584544,-0.8566624211245708,-0.4638819892224718,-1.0429348778628798,-0.2414991357060243,-1.229507470481745,-0.9385834314724596,-0.9405021740441816,-1.355192530229293,-1.031073592837697,-0.8640401140399456,-0.9693051999263329,-0.9149012622253292,-0.42580425786822257,-1.1220114025013057,0.5803684484628493,-0.389401681729644,0.3533698893819126,0.00013585681631562497,-1.7884473416891582,-0.7661925670372459,-0.85976545612035,-0.057951653952258424,0.5082000120136777,0.20134305466741825,-1.325361319934122,-0.6182249643165838,-1.4919332377455696,0.17662733570078662,-0.27763933230311877,-1.4463637603418231,-0.9325734573161641,-1.435792678230721,-0.7714608983966891,-1.5274994115056373,-1.6639777449180118,-0.29459250901699907,-0.4186887105913884,-0.6350179892666459,-0.25343586747228763,-0.6902739361229967,-1.1539360913619847,-1.0047704102502344,-1.5067809141018234,-0.00942799896269153,-0.7447635034477245,-1.9326572436108866,-0.6635834418273644,-0.8914183414486769,-2.4220748568315056,-1.498752007329304,-1.2629683009746162,-0.35364186514894325,0.5076114444998002,-0.30158222387517697,-0.9174873903391054,-0.5690320034876911,-1.1578210129753137,-1.2063501029841635,-0.9421663554012583,-1.9954034317904197,-0.27090544754255685,-0.40587798554524906,-1.5086442710989576,-0.8254726597406615,-1.3123376689780826,-0.6944074550699109,-1.6089961098293983,-0.919749363390689,-1.1889548567361654,-1.325926873104012,-1.3758152578203597,-0.36164540932885636,-0.9123470772476043,-0.6399826262296401,-1.1974023895823231,-0.0950407877636538,-0.6446524997840758,-0.6031260617865654,-0.9330685959507653,-0.9876152767081997,0.46062451392024245,0.21828125677087917,-0.3752300071058358,-1.2894008221044575,-1.3337711755205255,0.5837677390971624,-0.717332558005861,-0.9587727729303337,-0.952168766846469,-1.779423659165334,-0.9670159449109332,-1.6934041536554911,-2.133105354823936,-0.34679680942863195,-1.5248763511030163,-0.4332062507747091,-1.545488997551117,-0.08465520059781863,2
0.011869445685556788,0.07196106558685694,-0.2262378603902686,-0.01327514025430794,0.15045481716295495,-0.144214622362252,0.01968349796600943,-0.004131356894769538,-0.4231364365078442,-0.1702604950734903,0.10654952478703072,-0.1309932757239709,-0.05277149116400502,0.20124644856387694,-0.4938364740019904,0.24095066809049798,-0.12228131891765277,-0.13213092645375446,-0.25892601442899665,-0.19471044932462392,-0.2425305009510419,-0.2089746008878554,-0.17467368866804014,-0.16741542765900175,0.05483137141725477,-0.19972369631711973,-0.10629694341705204,-0.22729357775645176,-0.0594216200611882,0.054292311893384,-0.12028747252332125,-0.14377476760768687,-0.2785557700871113,-0.24325721447722756,-0.0003389781282755976,-0.0073016312656521325,-0.03186278605447308,0.25746337978410117,0.19632294217905943,-0.09535061274647695,0.1218885342646039,-0.22811860527528133,-0.09772872378847808,-0.12781616458508993,-0.10221585807094281,-0.17269787225048097,0.14216224157692448,0.011336497839566308,0.0191100404208094,0.23191568652137012,-0.18152742832614324,-0.2127269460307106,-0.1206346789235696,-0.029402755945839253,-0.027512763869626367,-0.19999092017369094,0.20148305729532526,0.12879600490283835,0.12000919894270594,0.1073255340457969,-0.37735827340852857,-0.41652221853061394,-0.40414931825827255,-0.02859102217499478,-0.16657500797416727,0.004146058423241484,-0.23708006722318292,-0.04940034367747772,0.17462650270030808,-1.026531868853389,-0.27891301425682624,-0.04925109429295681,0.20020499143134107,0.1718419305326653,-0.06744373757526034,0.25168415698537916,0.02019339352612534,-0.8027190903402691,-0.31317306693842173,0.0869950164183459,-0.026048817965524215,-0.5292495844714048,0.1245466564424576,-0.06794435132387144,-0.5183093328735455,-0.14323673350260055,-0.2736191549646337,-0.15015954239271884,0.02267185446172631,-0.31735784975688347,-0.28592770346995977,0.11062517632255253,0.015252383964040253,-0.32054816346001547,-0.25602486379406425,0.025078261110208975,-0.08954023700461365,0.19798983266089082,-0.1060875153776721,-0.3056441448572708,0.26842238456962947,0.14002642997393885,-0.2746116169451646,0.0008519058230879621,-0.13521484807105455,-0.17341249696889594,0.28200108835137444,-0.8738303748454728,0.44663998338417765,-1.2166060894567634,-0.8477013544228738,-0.9284042565971846,-1.1976481298496482,-0.9894743881365494,-0.46695035207628344,0.483794009831049,-0.6117802620461403,-0.4557851676655524,-0.9337326666983765,0.24059114853046787,-0.4291983901842299,0.185572752858106,-0.11010329522111248,-1.8573184397863383,-0.7998410939834518,-0.8196055977015626,-0.1761092739222972,0.3479803986271148,-0.783988741492921,-1.3315839981751851,-0.6866303781257773,-1.4421881432095718,-0.2881890510403895,-0.4444705010393937,-1.7113472215400405,0.4001309377520228,-0.8693573268154814,-0.3902698300702685,-1.6317672226946776,-1.844432354208695,-0.6512539020534487,-0.28979977974269827,0.1680247686270676,-0.07143305665559131,-0.8988972002291662,-1.3046366859095817,-1.501590798897661,-1.0161557230503213,-0.16986141843548522,-0.6015701364097925,-1.4355566418103083,-0.8930985858597371,-0.8678178408846996,-1.838298589368951,-1.3052093936557236,-1.04069747600462,-0.4361883124658564,0.8574777909300053,-0.8971798619001835,-0.7842612147276594,-0.6838027989120303,-1.3303285590990124,-1.3155505142760349,-1.3294065254936096,-1.850402365418607,-0.9491613191231602,-0.19140864495003101,-1.5907615117418965,-1.0016193849541484,-1.4512006257817427,-0.4497035377462852,-1.8334639157583625,-1.061580104786085,-1.4266536580654414,-1.276817077410986,-1.283020738666469,-0.48416122505391057,-1.1637343529609179,-0.7583232049300892,-0.890163057860569,-0.10904076485304993,-0.5878511023196044,-0.7392711693551801,-0.5324553644038152,-1.6125726849970772,0.2880464745684136,0.293276592394482,-0.24693651106584136,-1.420128949373413,-1.0976278346088004,0.7781959430663079,-1.356374001064507,-0.8209634839044935,-1.3328397948135984,-1.8057148441237276,-0.5571949306692939,-1.7519352849956937,-2.0865120961406847,-0.2267762634516005,-0.919728260598575,-0.7652803575544334,-1.9028047371062966,0.1966902544691191,2
0.012487093324903142,0.0384899337953954,-0.1680531006697592,-0.0417286382545195,0.1464493654689375,-0.1486873121005776,-0.012668456261282806,0.02045086654367294,-0.3619683472132882,-0.2368296504507196,0.07464743599076916,-0.15708554476274683,0.021877311609186607,0.15642381563680027,-0.4516146643641163,0.232504979724906,-0.06216255016269637,-0.18191075374229287,-0.21984556831579516,-0.24636380092408408,-0.2159158988880295,-0.18756723055082777,-0.21889480209252407,-0.269481254600272,0.10466169247909875,-0.1491001861629073,-0.14187791923176105,-0.1800553960877234,-0.10255921300455911,-0.027094020001437846,-0.13644039908284966,-0.10409459253436174,-0.28144096500440674,-0.262910105238481,0.006224369435500754,0.013975530014419157,-0.0043727857291356,0.2625293453821689,0.1964214934204703,0.005399009993375932,0.08501185308697756,-0.2057525732398307,-0.10198230303349265,-0.14541531745934186,-0.08858605574946804,-0.1449845357085312,0.027017115261038782,-0.025652787841987986,-0.008233634927279083,0.31252714695241085,-0.09118743268579091,-0.24181334754131,-0.13429388999787675,-0.033574391876505495,-0.04541048758425219,-0.23582426269648615,0.25404991926558695,0.18365596789789113,0.14086585950825853,0.13771151891213257,-0.32278206710994256,-0.3522047805234434,-0.4576129021097557,-0.08753201708979144,-0.1346355606644335,0.054455622738121524,-0.26338000612597295,-0.16369960740212583,0.1575800297477952,-1.0299147022681596,-0.26818964202020296,-0.03864016361744659,0.20232322202392816,0.15427176219236008,-0.09498962258261022,0.23777202012395987,0.00966077529349329,-0.8344135812109764,-0.2588388512067147,0.10707521204788749,0.0021201782679612377,-0.5310621739211039,0.08212515945450281,0.009547050007977247,-0.5599023732356084,-0.14596872146593085,-0.32347692296943237,-0.1322860987996007,0.11027410588180794,-0.3225528755097711,-0.35280489686980177,0.050454662898753166,-0.005155712584812673,-0.21365450148950796,-0.20090256352598979,0.08112568174846996,-0.09742461260254931,0.3078784133009699,-0.0952232949779583,-0.27719304906952497,0.24172429588085592,0.0939570383575927,-0.33641229119166516,-0.033521899450878814,-0.18063182439434192,-0.45536487040866097,-0.021684366774564257,-0.8462460965089974,-0.2631780831842028,-1.1982674953702444,-1.0558575032232445,-0.9648325686970317,-1.0932456135867967,-0.909358294293311,-0.5268765205900005,0.2611171409610917,-0.7111180738885802,-0.14727671223324854,-1.081695418038213,0.20751447468002446,-0.5039409967384865,0.0060390485977683,-0.0913473029906196,-1.7644803254816581,-0.7114922301776859,-0.8333970784939383,-0.305287870055828,0.07473884392830525,-0.13684802020803824,-1.2643621775101592,-0.5266934836614071,-1.3737202432836828,-0.11659999427077199,-0.8186677185466479,-1.329044050279113,0.2397407676721266,-0.16621227967035906,0.34212135595476745,-1.220500042911364,-1.9907257113405892,-0.7837854213513257,-0.6460386165532365,0.5415306464516858,0.4586828286014362,-0.16169206973294267,-0.8561984729903712,-1.3003127247520816,-0.2476570239111249,-0.2720879846385723,-1.5793237391647295,-1.0884350459925416,-0.8148344921642384,-0.6795624057391811,-1.313303786107943,-0.6508507674127861,-0.7367974518013206,-0.45023300259996557,0.3758379825426898,-0.3141990757780015,-0.5925868549213351,-0.5581572155164178,-0.5672290204234184,-0.5450408612209421,-0.986565802087461,-1.8852563655047367,-0.2256560218145601,-0.022536178731880463,-1.1011127176254156,-0.7633994777632923,-1.0662328955980507,-0.42902031148286746,-1.7170805176472537,-0.9960560845471688,-1.417921883194101,-1.6423852057747659,-1.118834727659075,-0.5099877660143092,-1.4626412797469421,-1.0743143675507254,-0.7420257084022068,-0.2294930651653046,-1.0426795469429917,-0.7426539244253674,-0.9761801744360378,-1.877137272041338,0.9481255938897468,-0.356557061235746,-0.18510457695177657,-1.298731876985807,-0.584695518102792,0.42974448416138067,-0.4465998639438533,-0.7959055389424061,-1.4657782579880434,-1.7422566276969134,-0.5973713137734435,-1.635841853261651,-2.0740027760972595,-0.4857918994499368,-0.9848251693649771,-0.8206497546444189,-2.025545475080947,-1.3565475313272786,2
-0.03574674535749785,-0.08614799787426795,-0.20204620664916784,0.08108152699590392,0.10415911126427199,-0.19828116770246504,-0.03187524188561937,0.13431215054342838,-0.25276047139000785,-0.33627822228605175,0.05888511756843202,-0.16301854440880312,0.047824495719235964,0.09690394591923686,-0.46076279955473187,0.23132671245299533,-0.028189237581172342,-0.14530382692182867,-0.17461414627397032,-0.32802954475025214,-0.050489916791935485,-0.16334276443519144,-0.3018042198727002,-0.27256086199378665,0.09441035292387061,-0.247155990025071,-0.16839437754187234,-0.186245407842159,0.007855875538536021,-0.12132796224472406,-0.1786738902699221,-0.23821870184442204,-0.09691211172557797,-0.17846347848814043,-0.05203860019368209,-0.02589923028111756,-0.013062055846755004,0.3068787705499175,0.27453420630411346,-0.1413748512460227,0.07059372489980971,-0.17677188660314386,-0.030826750610172867,-0.160607399664076,-0.1672801400750878,-0.15090652866062101,-0.1517672002460614,-0.009067693541148631,0.03893402590664091,0.21366347167422706,0.019766927389143034,-0.16120573576020694,-0.2077473653261632,-0.07784295280361889,-0.18207058989374558,-0.20302279755906788,0.2349063176304821,0.09657973936136281,0.18712740805487177,0.22253092891064005,-0.24683500958974872,-0.3283128829335292,-0.5906653983002852,-0.19748070579464375,0.04652604688389134,0.045925848271281204,-0.397529517021007,-0.15118803321643656,0.12826159485180266,-1.0391557092266177,-0.2018739415835174,0.026184735136369885,0.19286005322156458,0.14334664619338033,-0.10494344010963011,0.24722452749551269,-0.016558377584403566,-0.9148796770668957,-0.2697308767329804,-0.037344789300089026,0.10790430163354499,-0.411896427122301,0.10489200604375801,-0.18930931500348455,-0.5033512614215874,-0.05352106833552958,-0.20700854192416523,0.05358864227954261,0.03456216482724409,-0.1255586504390343,-0.15525717498204347,0.024124956845492776,-0.07776727827210199,-0.24014078441259284,-0.06187840586968479,-0.006058976907469469,-0.0037507918583442918,0.2711590839352262,-0.013679008830652954,-0.23107002237832286,0.16181622840791074,0.018042401502002058,-0.2516461734128568,-0.1471902174514797,-0.016455442766781618,-0.20607520437918997,0.26285368849022617,-0.6623451702051917,-0.01533229850106177,-0.8396714895927491,-1.002954603876116,-0.976479390147986,-1.2283203372932316,-0.9118571174799911,-0.10392237379628785,1.8423866563791687,-0.8604894790660965,-0.004620797599245696,-0.7995520084626921,-0.5859074793769942,-1.2003291281073518,-0.7292229210541608,-1.3886150699891375,-1.5336123873891556,-0.8162253870023294,-0.9043406990651529,-0.9048025490913376,-0.9464834007783604,-1.6940310114095156,-1.2433694996108597,-0.854036533602963,-1.4019946045576126,-0.8996013725944825,-0.30149897889414107,-1.4112326580156729,-0.014924677337538824,-0.41984041669413497,-0.47154403796275,-1.4266068646916814,-1.9618842431049974,-1.080249096537031,-0.7386251525972848,-0.33211544071083604,-0.1349618500219528,-0.9622993304900361,-1.0893780830391797,-0.9125966014750247,-0.7647211607428097,-0.44536076634530236,-0.9826722214019066,-1.2379112807287436,-0.8252288608814244,-0.7747029558713358,-1.4655665376304567,-0.7940827867490788,0.5391957244101214,-0.5407094032934473,0.05765135639311796,-0.6261834126472194,1.8121819934335164,-0.7183708283989634,0.3882538314666172,-0.9002708763480227,-1.3408349261509496,-0.7785947024168746,-0.40168871739073364,0.18204141695629258,-1.1107417543043334,-0.8098440094696193,-0.28556936032429714,-0.39865991316554855,-1.4727657696221275,-1.0522994172258575,-1.0800429379644645,-1.5303779834696472,0.6308147840787707,-0.7257862103266252,-1.5289591119119212,-1.1748368023937505,1.2391813030600154,-0.4407685543051125,-0.8214496191906883,-1.0132534463248635,0.49628142158863053,-1.2574788300457422,0.8010413174111353,-0.4066248548926439,0.23876824251679982,-1.4827113686098803,0.04896002785336231,0.2329912166248286,-0.6151156496110023,-0.6412291207407149,-0.6916019856645361,-1.8988965506499043,-0.30022563291098553,-1.7823876305646582,-1.8568694354044346,-0.5906106571716639,-1.0264355955928486,-0.9184724396015996,-1.259786175280631,-0.9099623259304771,2
-0.02094161068717653,-0.18275991360533916,-0.15935559518276798,0.006511886134870624,-0.028805314295152613,-0.24016190865174072,-0.02609207536339436,0.10373759525304675,-0.41904931879273694,-0.3247354127822579,0.043677560257491255,-0.021626803105496577,0.06483270576665552,-0.11958800654307979,-0.3619232568069194,-0.11062143081962275,-0.0765767021098318,-0.1925251566366946,-0.2949526353781759,-0.4143666542134672,-0.059455419722007116,-0.20194132682604304,-0.06134874204826163,-0.20655702593025205,0.19283610655728464,-0.06482240729819992,-0.0767803382267965,-0.17547595939974855,-0.049637941788865755,-0.2926269956199825,-0.1192829743785531,-0.2897625895397929,-0.17135855712174286,-0.17922710429485653,-0.27744283551862153,-0.16448375027674078,-0.07296241541926073,0.04568988110801206,-0.05832253432358773,-0.34177962127531863,-0.033889314787152264,-0.3534140180721818,-0.12342112508456639,-0.1242513350873842,-0.2301031696128801,-0.10303199824686024,-0.31073960898096187,-0.11459125482374485,0.002519408067369167,0.06016398117466908,0.040934950297049126,-0.24678061314556732,-0.331112355378586,-0.08574295814858947,-0.25723603488593333,-0.1506690532102688,0.15600962871311952,-0.038263756255464576,0.043044583782035774,0.10473082034723516,-0.27376387170479366,-0.235582449796265,-0.4958111538480615,-0.27290187262018856,0.05093942399374959,-0.12184936144959335,-0.463849731527318,-0.30130278938099275,0.026172163043618437,-1.0187377289934871,-0.2603560060541297,-0.235756959588754,0.2077447526053778,0.07302562099376296,-0.16812680639578556,0.05102351592297952,-0.3020249979786203,-0.9228295404279978,-0.163082515731115,0.08134381422887714,0.09149028641439622,-0.32151918696011506,0.06667269485933039,-0.045024579960829265,-0.39984797204195144,-0.15235895809714448,-0.3678686596421079,-0.09434684443145183,-0.09747560821081798,0.12878033785352538,-0.03138708990656402,0.11071371954929461,-0.02915951131445794,-0.230772543034057,0.0457527908274098,-0.08469333600344243,-0.07567958899671452,0.3170754105960159,-0.03450602576332922,-0.2607306616699201,0.0508962706408852,-0.19956703679979276,-0.21705608435498752,-0.15437703801079553,0.15845828631009287,-0.5710660444036221,-0.277261925408474,-0.6309234315264562,-0.49498979555643063,-1.032985379848112,-1.1400044078052702,-1.044706304623211,-1.139660117287432,-0.918636092168954,-0.6776731544599178,0.10456554416845443,-0.8897192253874788,-0.29616597637403347,-1.1239336953150623,-1.1592347506191651,-1.302657314013527,-1.0510191492710463,-1.6007109682473715,-0.8738507328918631,-0.6215593727745935,-0.986402268719633,-1.2468007705324362,-1.2953184233006947,-1.609384564590457,-0.963855829401278,-0.6203028875013464,-1.4627191920567202,-1.3900875492267628,-1.1598434977088066,-1.2398025436960147,0.14649876363719222,-0.059198558218679725,0.44597099471626905,-0.9306030344991786,-1.8941322272962828,-0.9847302732498332,-0.9625319165091623,0.17703913587349507,0.5593818179977131,-0.3040961011265904,-1.0135986255391105,-0.061885005288764505,-0.11685820924696434,-0.6474690004390607,-0.8401433066629445,-1.677791828044395,-0.4440834981101767,-1.0041189324843083,-1.1362160876419818,-0.9303596467113433,-0.3072568787132928,-0.5606545287876071,-0.3007019905225833,-0.5986389074862478,-0.5709071431381121,-0.9760996639931084,-0.2741790353021882,-0.3932388829957426,-0.5509168725280128,-1.2770657367220428,0.0723009707378306,0.7438404809356848,0.09841419755742445,-0.6990674320622158,-0.8306824316059438,-0.48150996288893644,-0.2986462988383185,-0.9772376201928077,-0.9628119712951325,-1.3573323122497234,-0.26783421030799204,-0.8912902958103521,-0.10720178053732685,-1.3615545569195844,0.21118123811253536,-0.6492833783665498,0.5252064377183133,-1.1758933823073956,0.2141154408069414,-1.0094805281520118,0.4071815907301436,-0.5498415823349673,0.837197308390372,-1.554214618029736,-0.57378313299959,0.02513591771267836,-1.1008908762387226,-0.5148608934949841,-1.0568284448618324,-1.5810524093453973,0.14323697873805752,-1.335982012153088,-1.7363650792151064,-0.4609149210253833,-0.2795782861138657,-0.8910456422436751,-1.2363922403321208,-0.3564364556710758,2
-0.10729662621099537,-0.31892449008533214,-0.19122486650248946,-0.1078435387785412,-0.10982178140394486,-0.34798922953270994,-0.15447025734583064,0.13103194098456555,-0.35878596985298605,-0.1715666735811152,0.0006601541983953497,-0.11828741786031113,0.09230070867377899,-0.2691846404750505,-0.2715451679972351,-0.2330508434068433,-0.14773127514506607,-0.3575553326785927,-0.47506498619343285,-0.43471749728859055,-0.16151980812248795,-0.3034707154412586,-0.0405873353292969,-0.12825495750111743,0.18065739363347585,-0.11770663673871445,-0.10580565047087621,-0.23272408668979652,-0.21637127173803328,-0.21937304088335988,-0.18805571346475497,-0.3190701709749587,-0.21036167264996225,-0.2662969415869704,-0.3337349433375101,-0.2691690551582475,-0.08025615277237926,0.11234587301463927,-0.022572385185956566,-0.34017922534260936,-0.1527561007040499,-0.4311613230540224,-0.27514178266257094,-0.1982640212976732,-0.35496317266921606,-0.12496460051354158,-0.25030545653119124,-0.1062726068607244,-0.01000305233447403,0.0741359480133432,0.07409980905968508,-0.26848783295103223,-0.5544296459579897,-0.09399509695460585,-0.21712158936790338,-0.12748083773826804,0.10728333072482897,-0.13474305184611823,0.07558622230872195,-0.0257419884646302,-0.26682107400913063,-0.4349755135490488,-0.4774321617346888,-0.2968648097919364,-0.02108645883682612,-0.09019528149933627,-0.493287137377364,-0.280347232816499,-0.12517326351549357,-1.2456794583077637,-0.4023246989392658,-0.36948160319849166,0.20886129431851644,-0.024217996686864383,-0.12624778412148494,0.027747114146274586,-0.3397029569170003,-0.8544013405967977,-0.26748476229512824,-0.045266159982112995,0.08312320925374504,-0.27892124635301885,-0.07497885515989167,0.029001841313883534,-0.4384595004034763,-0.22975787017628446,-0.4456826106038944,-0.13222749202203285,-0.19546938303739703,0.10186179367716124,-0.0009351134233713764,0.04818370013482975,0.03687971861576199,-0.312199177320419,0.209985700270396,-0.06951512710204526,0.12029843735003473,0.2978722859016594,0.05197491764062205,-0.3223159215086978,0.005679004290274849,-0.2922298956334227,-0.21873285466088574,-0.044615558517124204,0.0912866651126072,-0.3681874755822961,-0.2808072774192161,0.22445436431713542,-0.35044421466166004,-0.5058244589396776,-0.9280545365469571,-0.875474526247293,-1.0609960888583345,-0.7960707004487395,0.08225164828330804,1.6196114147098235,-0.7725705491810259,-0.3989730640402282,-1.130308617223019,-0.8357726311864593,-1.2382503625563916,-0.6928233741069502,-1.073648237603635,-0.9243584162094974,-0.5640991181716554,-0.9473012478208015,-1.0110323855080987,-0.5850584757304517,-0.541623997615611,-1.1405567709895748,-0.7372721594197584,-1.243637161472978,-1.29856153713212,-1.1226503221554698,-1.2467039927581516,-0.8735319463249509,-0.03455202790755623,0.80781879195211,-0.7269088952671933,-0.9020476538757215,-0.8688897660022554,-1.0093512049248543,-0.22662372275982196,0.23256412241220797,-0.1886553745298495,-0.5013970959722711,1.9006815962731625,0.7238882874159291,-1.017456623755933,-0.7840965934943093,-1.424414363197033,-0.2847312407586137,-0.5515783137992449,-0.31101567118426876,-0.7584453046531704,-0.01174241833510578,-0.6043786684504124,-0.09701085903658861,-0.353056643060406,-0.5082537837805325,-0.6084293376093409,-0.1061018612065404,0.2459505873742201,0.32230665815666504,-1.1756017631550535,0.43584904019736426,0.9081159568494713,-0.009037622620711195,-0.49706713893332516,-0.8497036667368573,-1.1199105301741141,-0.4870702247675922,-0.9160765742057667,-1.2004282066086644,-1.3282818590928052,-0.9230219836675809,-0.6702307826135326,-0.8959210547165974,-1.5643703779856972,-0.5115049847037868,-0.5573276379793712,0.30879220308961847,-1.0866291305809184,-0.5431659539234767,-1.4804045971767013,1.1006311960140798,-0.46142756273793256,0.7007868767301401,-1.398686901815425,-0.7612660442360911,0.14686246913216128,-0.31198796696162884,-0.7056737901707779,-1.1580844577227376,-1.6529188571091598,-0.8673823735882709,-0.7925402645879701,-1.6107605934231843,-0.600199942780976,-0.29554717803382186,-0.7389727662341927,-0.9339420229276493,-0.5093490118186513,2
-0.0918746373617357,-0.24097306009613173,-0.1632650496519759,-0.05147310915072644,-0.11221774964685055,-0.33560503569880673,-0.006724193144111747,0.15319683095603842,-0.3719468636994968,-0.14450300304569225,-0.0929583058717674,-0.06380970842793046,0.07299255449635302,-0.28647539334414895,-0.18450992005359074,-0.14520419026137196,-0.1323290166054433,-0.29375760875009616,-0.5208524562041725,-0.37715712013186947,-0.19438870588363008,-0.2761059010319339,0.019103301266484823,-0.13572684644847346,0.1814427457107606,-0.10803018632258667,-0.15898590685925007,-0.19674717225103286,-0.22246370812496202,-0.15196396489443958,-0.17722666035383122,-0.24773985847503582,-0.28600366352293544,-0.31638878612275295,-0.41053585477293786,-0.2622322165385215,0.0565037967797626,0.24041199248499515,0.0164248741628197,-0.3088953749728041,-0.06074510048911941,-0.3490961472350047,-0.2996764171304436,-0.21017899574243867,-0.37902038884813816,-0.1914007592216996,-0.21575778279387117,-0.031494809900076734,0.04513596623532592,0.12146687543278574,0.1958561467832174,-0.2753503391856507,-0.541344891503904,-0.160505815963671,-0.21737848111642133,-0.12575411169959647,0.1836360130216183,-0.0792502817317297,0.03371979121895078,-0.03934573645721719,-0.2646053089568827,-0.3854209970589975,-0.47424610221465613,-0.22976596626123463,-0.03172754489349381,-0.06558815395248821,-0.5226582193778045,-0.2848397852398307,-0.102844386747794,-1.1789588178338257,-0.42349301152000046,-0.3900016209097534,0.1580700423747737,-0.027319338207429374,-0.05505161431600765,0.041488279237201456,-0.2413536519477397,-0.8028820844171958,-0.2074730943878943,-0.003852383644442394,0.029850220987862712,-0.2564525672969992,-0.006490760083985079,0.02526264004375133,-0.39234660596858334,-0.1435971863013537,-0.447526964995051,-0.16100671913771306,-0.34878792270562586,0.08427872957503982,-0.03590663427980272,0.018174267126893653,0.02709163014073304,-0.23558546813682552,0.1798154548196316,-0.09835792405223397,0.2144154272700868,0.43550736501553244,-0.00029738996738320377,-0.36469362357027735,-0.03064712589050302,-0.20998344542521935,-0.3520858554287225,-0.017670274218835626,0.10702372735503306,-0.7091111042155052,0.12430246262897447,0.2119731506094003,-0.698369442128965,-0.405104490664507,-0.5306705627676723,-0.5381258236282233,-0.908921002296816,-0.7628729396026324,-0.01730565850942112,1.3792339597269134,-0.5960800171669136,-0.41013176335253687,-1.126396895594556,-0.6856525809232304,-0.6853294795188855,-0.5584206173470417,-0.8422944979808191,-0.3046053935946433,-0.05963762148289969,-0.6711534924879468,-0.7140740193367062,-0.38882537350109914,-0.5949974109902242,-0.6800653628368833,-0.27521603691277313,-0.5135832222138735,-0.7586877194198652,-1.6295316180322958,-1.4488009606419907,-0.5049699452172227,-0.1415297233476413,1.1326429633755026,-1.0557644997613547,-1.6189785497508007,-0.8465154633011207,-1.1001026806802192,0.11174786844704424,0.14663478591419446,-0.5369832940727404,-0.8367463857610606,0.15738396068141358,-0.7535415888579009,-0.5298949019873951,-1.5544203344144512,-1.3204844278475236,-0.06816743654185232,-0.7779862550347734,-0.9438500009815879,-0.6855035391119074,-0.37886526477232924,-0.158021718055541,-0.3866057345035127,-0.45820947806122425,-1.054437345512865,-0.926448043431244,-0.22537028925992802,0.3883367079586303,-0.837020360204411,-1.0227126606106223,1.8782978649990263,0.6493567606312782,-0.941395196279662,-0.336595839198668,-0.9445015689147914,-1.3118074233351815,-1.157715330536723,-0.8725681001243126,-1.2588614339750908,-1.2087830141936717,-0.9628778199139675,-0.5824430790514327,-0.6657306051385529,-1.4545233892461424,-0.8791886782551268,0.03921596693159386,-0.16073636389784163,-1.1432447528286735,-0.8881801580361579,-0.8509199046269038,1.2296424585280539,-0.5912216180859905,-0.17158263487097794,-0.9114282672710352,-0.8843177444611108,-0.003179389144129871,-1.4091146713961016,-0.2535040398120718,-1.3757366505471165,-1.6382400601736464,-1.2230271122407559,-0.3038373768701261,-1.6413126497588586,-0.2494942508901109,-1.3875285496236867,-0.5236786345759809,-1.2350795499403646,-0.16240670166090151,2
0.3057911529710261,0.20127900519933234,0.31179754693596734,0.47119082744517016,0.3031878913905193,0.2806212102168059,0.6595718429818007,0.4607364941293704,0.5037740195623982,0.1191439144403184,0.32376733092945303,0.5171431868378324,0.17587132433301694,-0.23142242259558454,0.11234806334412048,0.1859890935288431,0.265826980884864,0.08540204891642214,0.03413268698501493,0.2912325616651036,0.2204233336964511,0.37888040641553195,0.1792783602488374,0.12187612099998868,0.6502671410805909,-0.053618189106484825,0.02289193491760813,0.02421214980682963,0.023538658227325853,0.13871152500512882,0.3168789837613675,0.24089973199389136,-0.05930919590974486,0.13161830664114962,-0.22797670156194766,-0.03359748851085003,0.43489599314786387,0.2786141485245472,0.1068568739146729,-0.06504811479161028,0.3267512388869387,0.15760880504661717,0.33138436651597825,0.05569432495849403,0.274074401189408,-0.12429466425957249,0.1294567121216212,0.3196847538262814,0.16134879731666094,0.3097339350661323,0.4348740592602116,0.2890118662407001,0.059998703339249816,0.216609743462434,0.45761033779798393,-0.019977004140408608,0.4202258977774012,0.38364468923462125,0.16124207554512116,0.07241081012580136,0.16853759796298323,0.5216856800353159,0.11885894041772564,0.7340122338549754,0.14596435864206322,0.28650337818243987,0.10200003278851248,-0.08151309308379263,-0.05877376011054182,-0.46983064801686514,0.1787742618236429,0.6255057172174826,0.24054653138890925,0.4831309021623435,0.5813245779812286,0.1615981545329628,-0.04472987082243433,-0.13555180435025238,0.5019776739828922,-0.12009944572562471,0.06303321714784324,0.08248958696400924,0.30466965356208925,0.11895331637879332,0.7642980072872192,-0.12879503070621504,0.00029610331989345215,0.4944369496198335,0.016197558986534587,0.1448248645076158,0.1669011599004304,-0.016362465524085663,0.23636053925269665,-0.10941550352254963,0.22025258808770845,0.2157146102343629,0.5525323195597887,0.09138329654548069,0.1683347866251746,-0.012939412937467025,0.12055237741897082,-0.09061588832744386,0.19215575951538602,-0.12849664383134882,0.15532193737444164,-1.0426470112863433,0.06978903515952428,0.06389167029117684,-0.7551298513159591,0.03944507682328912,-0.6711192977664281,-0.6242195663902812,-0.9857271332206233,-0.7775797304736685,-0.542049436499294,2.044955041858603,-0.6028876849358412,-0.1275145500324202,-0.9181982751258825,-0.27584079724047345,-0.6725956490610024,0.12284771896376266,-0.09083152069964912,-0.5204880670313219,-0.1862812663011232,-0.7361080909921442,-0.4266929754603083,0.39134621982107815,0.28011205320069993,-0.9286432234546272,-0.28227637907131986,-0.7751068164800086,-0.5291612618021334,-0.8009533310209407,-1.0992205310489194,-1.866728853269539,0.16310308595458048,1.8444250719784492,-0.5101526292665111,-0.7523467158099568,-0.692533965624663,-1.357259507856248,-0.3220372746338261,-0.19364845679793508,-0.712989008316447,-0.12664347931278683,2.6003378615693595,-0.147073176204724,-0.32386376588885313,-1.4807349189166896,0.4949001403814983,-0.5097683359503282,-0.6174116652703864,-0.643151416533527,-0.9754712719792902,0.4745247264755265,0.07765181433871975,0.20773145525159745,-0.24311106967919024,-0.40629180826720096,-0.424576296712253,-0.19035870919221798,1.329047500282778,1.2537339302792287,-0.8813726236399646,1.214480638748513,0.773768429533488,0.36472525656968874,-0.30717299950310195,-0.8964562410377133,-1.148935521297974,0.3311324579794686,-0.7748558229713092,-1.1871292352375868,-0.19059070933460914,-0.1402182872040995,-0.23038348380742907,-0.8587396615785552,-1.22308708107794,0.5506608134830747,0.25565942658398105,1.14308551185945,-0.7349489318253873,0.8714285957438425,-0.8846755346492041,0.8997739618860753,0.11902021973414428,-0.3477076157138944,-0.6678104499582023,-0.6114297533100644,0.22157439790495703,-0.1724684989560082,0.15272455452682304,-1.2566525960927584,-1.3356110158161636,0.44192401779677665,-0.40982428627350376,-1.5913016140504064,1.182646840981287,-0.37579908411158913,-0.38820834637012386,-0.9739120197328228,-0.2291199484170025,2
0.330445227514642,0.3271335688473229,0.5385844103296955,0.6052377302326414,0.4790672140729176,0.35268284886340084,0.9232439536386454,0.5353189365262235,0.8742749270542927,0.2578451535199034,0.5919467298241295,0.8208559967598709,0.2702097077040029,-0.3509982509030021,0.22118800944808,0.31413870001027405,0.4220376387200657,0.29000866437491396,0.20599849668333087,0.5136621567378923,0.4245515389315893,0.6966308536928104,0.20699204658449255,0.25143533598897183,0.921693891328723,0.034053216219608606,0.0900231957714562,0.003884371726472631,0.2273046929172924,0.235477324185313,0.37943212574426766,0.372064854683028,0.22434436788302237,0.3057068349509901,-0.08939693975434532,0.06304462379128542,0.47268556106310766,0.29264264353611147,0.08774732503906658,-0.11158641170497909,0.4314263945054614,0.3734439012032735,0.3248477419842835,0.24393387458543206,0.5326710001853969,-0.14985783848276604,0.27905454761825477,0.471948328018266,0.22233322996172877,0.3290713859689896,0.3915611680140049,0.5578918312570198,0.2421203415750293,0.379158403029439,0.7300551531772929,0.05824630289463168,0.41655066385375383,0.5646716293841848,0.25870884826844415,0.16112957888059368,0.17736105771044827,0.813130223724225,0.4069049159857011,0.9835819522737981,0.25615607473963525,0.3663263464785185,0.34582377926892305,-0.011142351509880617,-0.10622184037094844,-0.41310447571042935,0.13712214384425922,1.0196568187362371,0.20017459568624946,0.6238983178378992,0.7349476582335838,0.2980831685160056,0.023814456154165366,0.5140214889321677,0.5941136604677447,0.002718877050032145,-0.011750697694712577,0.27628309584412797,0.42917566227238796,0.1811176793402715,1.1958271821480322,-0.12228787505351364,0.26583119397401694,0.732473669524742,0.10109826095913076,0.11640900832945648,0.23778822447664022,-0.1313646191335333,0.2699349939215211,-0.056137142348645995,0.24802701938505242,0.4102826280015794,0.4779280213520962,-0.014260452131005753,0.24687054797906224,0.06569693603265628,0.2346706737277954,-0.05810920411473427,0.33915416711878393,-0.13756408922091987,0.18923885448907093,-0.6085650531823019,0.18983892032117025,0.5546348405191284,-0.7435743475016869,-0.0866642962011806,-0.2034528168158231,-0.11755217518435686,-0.8244505699282237,-0.7532106642716252,-0.04948550968468737,1.0060732811493787,-0.48274372223465195,0.3639988362073785,-1.0665078266136667,0.03782022809103957,-0.29383664343651855,0.41171966605687826,-0.24308245186968386,0.14870067603088666,0.2200515284717944,-0.41239020314381863,0.0696528381443303,0.9229503913849039,0.34083266114995586,-0.6105472634221131,0.20097192463040128,-0.21480346546027856,0.10385692589384042,-0.38680006969685793,-1.9771076659335445,-1.5427753776966842,-0.36932110792745504,1.5732804036842414,-1.1999043404163563,-1.0291676481759597,-1.060252669844975,-0.7174735555717153,-0.10205346777661463,-0.4470130421406876,-1.2429044928571753,-0.3417702426450923,1.2840634608015036,0.8353478221636554,-0.45472882062821346,-0.1939594805727879,1.2472119559352646,0.936916378221495,-0.5960641579257664,-0.21438603419400623,-0.7258277146686669,1.6981919604598397,0.05001214974473574,-0.14404048511529377,0.05178089417634011,1.083938052262924,-0.23248418595509013,-0.14117292442815638,0.9736714838696329,1.6346720377962043,-0.10164356358749656,0.4643345898243923,0.3376352177521277,0.6388011735362861,0.15928583454724754,-0.43539083966221415,-0.551227659198483,1.0206614806178773,-0.4505184882682934,-0.8263143601731447,0.24741637061772492,-1.004713912498053,0.08145468016365105,-0.25278246327512044,-0.794796593121342,0.17201770655884488,0.6496452874605587,0.7874096878946705,0.02224577434796991,1.4533497294047697,0.012212166371802544,1.1378854754358252,0.023935374033497735,-0.5818593007746681,-0.01828140155400368,-1.0938137118500435,0.04055422758823462,0.4816623672854296,0.1863642685214466,-0.146902618505696,-1.1438509496965992,1.5763200900734693,0.6147754351741369,-0.3255291613878925,1.9642008030224727,-0.7777912931176912,0.3462758979171015,-0.9575597120885744,0.24742933190870084,2
0.3692133546030494,0.476221200631479,0.5556599047045434,0.5936185658963269,0.5310612146763135,0.3057801438595165,0.8636963253100776,0.42118803137142985,0.913173059995599,0.32226589160234737,0.7159504588920715,0.8219063725261836,0.2094276996510188,-0.3405011940918279,0.322821588925548,0.3004488387976079,0.3964122454963809,0.39981496923448906,0.33874298620882165,0.3654204598547864,0.40944927507957257,0.5819557658500287,0.2948018862467189,0.28261995565852094,0.9629398456005652,0.057016832098908954,0.2990315052488871,0.0957370853153464,0.190928709516015,0.18675217554678644,0.3325110908058268,0.38161433662110816,0.19976069487949788,0.3244791698046065,-0.1610633455980441,0.253882687540987,0.543363298025692,0.13297036006137125,0.04839249165071458,-0.0675728002441635,0.48392557790390345,0.37529481561666145,0.3886275252255922,0.33123591924976725,0.5922436314458287,-0.11804801501868495,0.33703156438536913,0.42687538860080454,0.27937512817196863,0.4199887380339115,0.4475878532700771,0.5743973367969889,0.25730672353539513,0.3515963371624725,0.7367498495721787,0.07637007503907295,0.34757694391004385,0.5286037963747557,0.3911411856981984,0.2254467282699067,0.21083210140663622,0.7642378142915147,0.47794980508391155,1.0791507409239882,0.3456416723939963,0.43381815070101765,0.4100979918220101,0.04805341570502279,-0.0451567175275907,-0.251872140207019,0.1826505950948059,1.1491342547050685,0.14978471150362996,0.5126203634719787,0.747301237640582,0.2824143596866745,-0.060301155781338885,0.6107256569510247,0.7460206518956233,-0.014379663841709585,-0.05638653488961923,0.2589154677300063,0.5101592950300995,0.057481283444648944,1.2474265779548164,-0.18086405832139565,0.35261808007063733,0.6969012024036882,0.1341870199495365,0.18847995164349113,0.31476653508490526,-0.15941727113269025,0.14480746839091255,0.07148900518275482,0.30098256492591746,0.5177345468900485,0.43636851849831076,-0.3694236436233546,0.28383865805473746,0.2478391826619673,0.12787160179123777,-0.07723838822888876,0.6226386579449755,-0.18304054619926446,0.2774998821222669,0.9273106035168439,1.1743892944131737,2.0375452423732328,1.1610273507514368,2.1501738532760166,1.4443508686693312,1.617307664853251,-0.5064836599164055,0.993132009971719,1.884399133234621,0.9217600028093276,1.3285385184154015,1.7487275063630996,-0.38812816483193796,-0.03460649716245023,-0.2459757727403533,0.6446722789683721,0.5383464254725184,0.5093078279319085,0.3986932135171806,-0.15956504915778866,0.5393603648953655,1.647561239430233,1.435096497081236,-0.5434282663099176,0.30802987260865333,0.4440104745215271,0.765546254922307,1.677515221576813,-0.9127985984820303,1.1350764801347575,0.6764852586102208,2.157427830470585,0.8801630181505292,1.5910545937399247,-0.4315534879373172,0.8890782992376594,0.854338334875916,-0.06054808806704545,0.12439888418495028,2.26311507688983,3.8595141640413675,2.016494581001813,-0.2779572088276727,-0.08412825013781661,1.6374977087504132,1.6743378688462731,-0.30618898858967136,0.9260121845193175,-0.8238219162627897,1.7001660543317334,0.4481320846087884,0.8048555579048057,0.2883702115100012,1.0867571005365286,-0.04091626559190541,1.995966223313365,1.0767099484858604,1.665555666602566,0.38241120779238424,1.7996731750987602,0.599048931284438,1.490578250158465,0.3584866747637204,-0.6212236922944816,-0.6874761027669982,2.3791226703298753,-0.39871496740657214,-0.4120307774730664,0.3669474426783643,1.0276195428794537,0.37054864669526216,0.06298755011661546,-0.2804772329290624,1.7249297168450644,1.1501748594397656,0.9612497514918574,0.2343474030783002,2.30713121039794,0.0741868343731667,1.195852509547482,0.3315205637085039,-0.5353598880832918,0.12363096527267659,0.11403657861720785,0.38483876758764485,0.4747553446802237,0.7242809359812946,1.8848183914365244,-0.8396497234520067,2.813030191383871,0.6882906243082934,0.09864677438110193,1.767058074151861,0.9253508288104574,0.514563832456274,-0.3532260697199664,0.740753293479868,2
0.37166830027860875,0.5170771160466628,0.5299990047601457,0.578875247003209,0.59512852284405,0.42389355118529937,0.6540912783629069,0.2866786633808652,0.959868995703502,0.3339700712040799,0.7184273331211455,0.847824985406172,0.20927499902614236,-0.29688446935270596,0.5181689066728303,0.2306122910056661,0.4108455549088349,0.4603039703038651,0.3243710558029711,0.2974111823784757,0.34574099306621503,0.6918805484077538,0.2328652108853394,0.2896917045544565,0.658393794402897,0.07325515182674555,0.21378140481419416,0.15843876784489883,0.07946875824275791,0.1264102360390871,0.2358929417928151,0.5079679214907623,0.27106337963771965,0.2904683330952476,-0.16104144378241284,0.34921994391316474,0.5768420657566944,0.18339300172703724,0.0710755823120501,0.013894944951094376,0.5998970720187098,0.2641426158831352,0.39626112095909144,0.45583871787538943,0.5722273221591018,-0.16989218894159672,0.3936095631429438,0.40616557474880177,0.14349023149431314,0.25251254793474737,0.43064642093973443,0.6841885673949059,0.03821772367166263,0.23615521270513773,0.8306398530188285,0.1695620399611504,0.30398634689407894,0.43903019020318823,0.4149013197804098,0.24934723212732285,0.24945698875082223,0.620267047189849,0.4318577393875998,1.050300586894466,0.3641142062920836,0.40020842751725455,0.4687112544249497,0.20251127385568246,0.059708329223086644,0.09438160471983462,0.41241722176563583,1.0334672929546342,0.07553775323818888,0.5018051322440492,0.8742101047165365,0.26753530821032717,-0.12416942832980553,0.708220797203372,0.680229371838025,-0.04103511718645191,-0.0951700310946901,0.33208846659256913,0.4189979390440609,-0.00524568467708261,1.313285130577381,-0.17936679534625083,0.3898430468824101,0.5518392263904296,0.1094727058811768,0.15136969566442776,0.3363872874441096,-0.17121124943577223,0.20121842568293968,0.09663554553381815,0.3577776056646687,0.440435456091665,0.4623474302590251,-0.4151427390264409,0.2826786698808421,0.41901893279720404,0.09893585764303592,0.05715405025573456,0.7346916409053584,-0.08889871202000028,0.4093885185648467,1.825493324734739,2.6211659078610814,3.0530089201926636,2.819710221758472,4.178005146579183,4.133841221333936,3.838437012653691,0.46925876098771774,3.5882287337467775,3.8886595860651783,1.4851193267715428,2.3696894697598005,3.4613335133873577,0.796780796703362,0.17635466573660596,-0.03689809871659059,0.5104138239123015,-0.34281704903111526,-0.16997152518495928,0.21535258017957185,-0.09595990210827404,0.9115236191807662,1.466474185751321,-0.1281967343489208,-0.5069982339769097,0.3537731155231627,0.7164094591760949,0.8861611893397905,1.2740654055004728,-1.8159273336657533,0.43985152224539037,-0.7573731542087945,1.0951390564895838,-0.4658481890311668,0.08184498322120952,-0.5157512915874569,0.6408058157064402,0.5612450620952061,-0.42613748769716264,0.006635815644194808,0.9545805114183096,1.1823407801931376,0.8564498635128779,-0.2880363057779825,0.773665694569462,1.2670678908658808,2.3456959218298836,0.4604347005757492,2.0020065393687725,-1.3039662927057083,1.8848159885489304,0.5019057857092749,1.2712108511371574,-0.08084338784672247,1.246387684514989,0.2028054138160296,1.4762945070133044,0.45593485550430274,1.3886543578275057,1.750301265953398,1.047466842690435,0.2225087376274837,1.0147204737466393,0.23957023652603834,-0.48309363558932383,-0.7925436455719895,1.5635176577553243,-0.11446604204932621,-0.5596493831717985,0.3593622492909956,-0.2943178136010372,0.5342579105228502,0.42023283303378206,-0.2669624086565121,1.1965658384328368,0.9306748354690174,1.3418532552718287,0.592083225412314,2.6681809367333833,-0.2495069105970471,1.4448908965237666,0.29268664767635205,-0.4402309683262374,0.05405039783697472,-0.46263010274909594,0.04040921328315427,0.6480448737233938,1.0791904001080277,1.2351759497763286,-0.8157934303062017,2.788210556663033,0.7832615782759799,0.37112840928815655,1.4634967902390172,0.7760542171806865,0.5922336097837995,-0.31432978257032906,1.0583837600165207,2
0.3984379379311407,0.5497463433093304,0.5754840968187523,0.4924330861404541,0.5597820762103073,0.43834348149976105,0.7760725917501771,0.2553966430243104,0.9341637386236988,0.31056135024647413,0.7141690477734447,0.7661529577529262,0.1983685899793104,-0.18580857776616996,0.49542975824587987,0.17153716325186344,0.4952540232327875,0.48887609630936,0.3433406093122277,0.2627086588808927,0.29451029471525725,0.7625395940820927,0.2724397462236094,0.22347534201704544,0.5779371632960739,0.0711742776114047,0.18299754306948218,0.12190168058915075,0.0506557288723094,0.09985727307786449,0.16893196061168295,0.5628015599158017,0.2958336792927487,0.2865349525879718,-0.0899296042754471,0.40045760769997024,0.602756038395463,0.1672286759029377,0.09210858887291881,0.09069227685323857,0.5521636366156268,0.26631759115279385,0.2746641759060358,0.4127503938346495,0.6994328726772686,-0.1763225411011545,0.4056201251716704,0.35629793698588097,0.13278218025228727,0.1940521212496619,0.36086649118015396,0.620523747498638,0.03110277859207273,0.23648392256683556,0.9404363329736262,0.2157303983087215,0.2810588591605999,0.5164449504531259,0.39902489055560797,0.16824445042544975,0.25213140065573386,0.517487187881252,0.5073194130061026,1.0689648746418883,0.2582855104718917,0.365018629962588,0.601168637312622,0.17393371524406048,-0.005431593222605792,0.3204835582377481,0.46221092999557556,0.9039213180564051,-0.047625619041367,0.5257432309042438,0.7956986840785595,0.24422984448967863,-0.027163422285653847,0.7028313717335033,0.6837232182735892,0.07425060491821399,-0.11769645478318436,0.30018203514464054,0.4016370590691225,0.06105890094660107,1.2703984205224896,-0.21069785166833216,0.42620215370603676,0.5152907032021494,0.1405009487607573,0.028719280897703137,0.24031886572807884,-0.09404981631486513,0.2630508425380366,0.15288899122286342,0.33206983032242693,0.41918947938029677,0.47484059275188967,-0.4120665845381671,0.36517487554083455,0.4950844104210483,0.15082052535360202,0.11988693394922037,0.7110720613272623,-0.016287387842070976,0.39707118298841765,1.694324700009759,2.625136688657774,1.9678570193423497,2.624327911336413,2.81429038875375,2.6171852102573396,2.795297981940915,0.42840437460599434,2.7460129171729646,2.5538374997476976,2.191077104586839,2.576961750757954,3.7913091411091298,0.7382845703487271,0.023250835346890836,0.8256254720470316,0.6588014521186448,-0.11372557251286446,1.244117499294675,0.3186745337108546,0.16869515780449928,1.0580652392774446,1.2870906945638396,-0.3887008604822235,-0.15773776900876332,1.118996393360671,0.7775880569705824,1.2906256379185395,2.205091990753446,-0.18936272069989854,1.9598547923595064,0.4349490417542471,1.0813874190835149,0.7757696125158388,0.8638130128207941,-0.34992407019608857,1.1935871681988897,1.471654647121397,-0.10589347633760673,0.11792142823060187,2.2669900962361096,0.8697582789782202,1.9707677276084747,-0.3496546502086624,1.7498578337070594,1.495091590121326,1.3783526851754941,0.3451984853609664,0.44011111548825915,-1.269364726172053,3.729010121768175,0.19826175125187484,2.081846999985285,0.05809095211984322,2.5565663973797657,-0.19615213275656954,0.7749067046606575,0.35941500584378977,1.32832832504209,0.8609161445918373,0.9815481467259217,0.0650358517074109,1.4663779792865488,0.6244899923747924,-1.2870153455438718,-0.9321470441111663,1.2480791908367483,0.2256315598189155,-0.40849396533542,0.33059049189146333,0.6413755280615432,0.4494963353574579,0.8369132451648232,-0.13092221085298467,2.9966847013615854,0.6502834611103401,1.638358963023949,0.8279359462780552,3.6010190618529894,-0.8928286056607708,2.1034770942889525,0.17287646861429193,-0.45853790795905747,0.645665226334498,-0.9365800057825957,-0.39611526519411694,1.3032443402542384,1.3281024545520677,0.4914774221358209,-0.9221613103453155,2.5029069986143697,1.4281379501446405,0.4853660568142383,1.3422754957114185,0.8619302505401265,0.9886690073237419,0.024094473582645073,0.8320675587208953,2
0.3806053247754176,0.5974224360071785,0.4746557366041634,0.47396574840743216,0.6091238933124522,0.44789158268186463,0.6899236768078745,0.27369182656499164,1.025494133481811,0.336469301480295,0.6675225565965824,0.7320352414011898,0.12598854754143546,-0.05927034344197774,0.47034772852738493,0.320650974219391,0.5852600745166342,0.4543574635890041,0.4164691104933284,0.1512383838327251,0.2493961054597879,0.8075017691887018,0.158913566698376,0.11027501765637451,0.5586874614552688,-0.0034326013866336626,0.11621466083248112,0.07489120041148044,0.075091984434709,0.10333481402865227,0.011766199819494439,0.584451933841519,0.2591650800012475,0.29541095276967605,0.13005872762641532,0.534089642070098,0.6131309316897614,0.18918506115389203,0.1908008497043483,0.14425785615488804,0.44886658747798774,0.2196190341829764,0.11693482468240914,0.36308977603185516,0.8380297571730808,-0.12082903478543588,0.33209530395050973,0.39061504714306977,0.0903608280927315,0.24331137846691722,0.30203911482235757,0.6157674838881421,0.07515722145516045,0.27524795637576477,1.0027582166691693,0.1875270368100392,0.22102300239624478,0.5137603834879145,0.3893251646954981,0.1877869410179864,0.25864677468386177,0.45789785448467585,0.5822537361545206,1.0294689801354495,0.1847553024594321,0.4327143489611562,0.6204675362298063,0.3102467967887688,0.03213421301224735,0.38720515586254783,0.5065774833831707,1.003135974072628,-0.06132691862932736,0.5049831924991305,0.8176056063203825,0.2478026944435752,0.09217307713080432,0.7340467030591376,0.6253630700499879,-0.00857702219935816,-0.10104926383185267,0.2866115645623558,0.42238699163816296,-0.007710128543264741,1.0914978858648339,-0.1745609350085038,0.5496611682133595,0.5292475756306841,0.20648880147459137,-0.20170211781491998,0.11124995591835476,-0.11882937582465371,0.28619569478252854,0.2352202672546731,0.377659415924128,0.35290763032236977,0.4982081352503504,-0.4974208949353909,0.39274390716928753,0.4581952142541882,0.12547696397202057,0.20160737290533365,0.6688732801417363,0.006904687975028529,0.22065904105563702,1.905019741754324,3.2550153915281577,2.2204483467929426,3.833757997861559,3.675238604908217,3.71245931976102,3.7581577949401277,0.6455995041252633,3.9546336280629615,3.2094956813128355,1.5584119704150063,3.497334261808146,3.831555678329107,1.897059665443282,-0.29182222136465946,0.35217685158388423,0.32997904336585865,-0.5516992280731279,0.9160524518249056,-0.07726435218263401,-0.024761746599231794,0.6058721935460015,0.5183057938585085,-0.8663549464916912,-0.18524541371460393,0.7536576241941121,0.4439891127817551,0.5874072666812081,2.501713511907678,-1.2757001150884308,1.551590453856356,0.26759706450455606,0.5310448673100343,-0.17308433733441775,0.6152759892681232,0.09814041157710962,1.5043569099381124,1.0115902754235806,-0.060250872997163384,0.15726853155557988,1.2188369401903547,1.3128964049111413,1.474189410865556,0.3540316532407395,1.8544619198171248,1.7535932082393766,1.9290052520081231,1.2779477652305449,2.7166851972245665,-0.9499220143248371,1.7593541324184905,0.8542744560105315,1.7974925047310033,-0.2362789220919819,1.8116213447750174,0.819435331554857,1.9692893455799774,0.06020849648872534,0.959999470883474,1.1481565788164754,1.124991614361357,-0.4145896016429996,1.098019613155524,0.6569270201513341,-0.9906209063148618,-0.8253737024590693,1.3127215526061313,0.3541252920388897,-0.41708848488323014,0.3004751756232502,0.7636565581049991,0.8306018376935851,0.46645292250734316,-0.06713682049588418,2.235049425458572,0.7442337249577324,1.2300683748848662,0.9705347356664149,1.3528602108890677,-0.8061366916691812,2.5145873368257337,0.29541760378298887,-0.6792340298525167,0.27809570827688185,0.20681452852784668,-0.30515535381606507,0.6870688999283574,1.3156305180850796,0.7235189642450006,-1.0960608299750094,3.5637469874272987,0.12130716893819106,1.2540102167411868,1.3557562833003722,1.656010091406287,1.0272969267864105,0.3184168916410384,0.05511316685498395,2
0.42590757978741256,0.6565336273575462,0.5497142878438926,0.5705901547343505,0.6767402697562216,0.3946353695993091,0.5681372243927475,0.2172265646209633,0.9568626438151177,0.2445804111145403,0.6257133407450525,0.7976494955943061,0.12908456075511482,-0.063538555316586,0.3619690074469642,0.4232369664643109,0.6038736821933596,0.5692235274415424,0.49600003615725147,0.0710016114018846,0.22413790978011322,0.8610191051608974,0.20811306155734757,0.09101886787615629,0.4043972481778484,0.009261387970182049,0.06172635349757754,0.07228298429202831,0.11371401201011037,0.096097616529491,0.010639687694165506,0.48164382512074205,0.26477855214485235,0.25851358419151876,0.13427320759778835,0.570313932695537,0.5865668654867414,0.10847373410360209,0.1162103108057917,0.07312270629469282,0.5640807588225125,0.2456606135119865,0.17077440761881635,0.3581294253438044,0.8112618252253404,-0.09065792656985039,0.24518043950622678,0.2873666874643203,0.012893479681402,0.13398595668637323,0.24501057681760238,0.5653674909361096,0.014987000952594316,0.2419883224965226,0.8968727160421333,0.16335499156939803,0.2373632955225393,0.6327816970362656,0.3579046772704904,0.14825905109018106,0.2088292170817105,0.5417656207079374,0.5780943886810752,0.9966812419417381,0.23008822146059832,0.3685056788760749,0.7110332652825226,0.2581360472681549,0.14550003198317008,0.6239039848909732,0.5475785829998484,0.9034247133235355,0.004216496775852474,0.5188440413780752,0.8115972220718284,0.2092214370035385,0.06269158411885782,0.713005826664794,0.6527451697505725,-0.050341073137371246,-0.10989185245380997,0.3289718378265276,0.49336351569873904,0.03471312861553974,1.1694451700871484,-0.17049371431493637,0.6496353652791045,0.5185972505397374,0.28896564250220613,-0.1286011837725619,0.08815585124463816,-0.07713744161931818,0.22973085312235286,0.2775041388392968,0.33003855056324377,0.3947405116578408,0.4143083375765884,-0.4237080995154704,0.4265271593580055,0.4902826990313982,0.10368936429408639,0.18474198507590356,0.6521216176654517,-0.0018454617930274257,0.19662170031207246,1.698688775978097,2.5285223959462577,1.972714512345578,3.4361272777517584,2.164702154962188,2.318918045767953,2.8230192281489783,0.6312900308438892,2.6930957557137156,2.6175752901429936,0.7413950524917029,2.5986822310066633,3.591493704527369,0.797684499833555,0.07187368549829347,1.0689099087207163,0.5739333139127465,-0.27650547691446453,1.8893686785649764,0.7605282079060303,0.5058573684628622,0.819142916649845,0.5250698016078007,-0.9428965024240566,0.36898274255161945,1.3712351060059114,0.6525142801826482,1.3355501777051795,3.583535805123188,0.0686420379561309,2.942789932455118,1.5164464841328982,-0.2261382105488651,0.48901506957470114,1.7037167558929889,0.522634176400205,2.1738382727262158,1.2779112265540824,0.7402261930611536,1.0410446083420795,2.896627738039585,1.5892196309275983,2.4119267750336886,0.11778017073339558,2.053111357011305,1.3955759950494466,1.2748899444515873,1.7793323981641773,1.456857869686412,-0.515724773128698,2.331801809200266,0.8886364369513112,1.3930974024392888,-0.4474598456120081,2.0816285354086013,1.1755941621648447,1.624475461015834,-0.2611393728469775,0.8615885080622528,0.9489571074712603,0.4530747931786632,-0.5945369491987444,1.4374270378442966,0.18166608638090914,-1.1071720110759924,-0.66646720748258,1.8805764605761341,0.45213243078213505,-0.35263324081581554,0.29424091020849746,0.7434217334527774,0.8041408528076031,0.9297771757237044,0.06112009596186718,2.6464890910949164,0.6003837080163775,1.062929769825727,1.0007398708941728,2.546769791690172,-0.7652161261305986,0.9857587222540309,0.2238542248926328,-0.5288927654634276,0.6974739081704192,0.4097244618743451,-0.1589092304954648,1.3834377613183364,0.8463647835572892,0.9569816356744629,-1.1448165910082044,2.7963180421469622,0.9572160823860348,1.2538017697298975,1.3275917115218048,1.8171761701740818,0.2609019845761848,0.21172054343198174,0.33508151733457353,2
0.3372164049358165,0.691631213053095,0.629070914944686,0.5454240691633826,0.7735826127521562,0.4416118286595084,0.5723921507525255,0.12832388561769378,0.9504490243201115,0.27215251445712607,0.683025706113146,0.8044033042421637,0.13610319133150592,-0.15764134945307318,0.3021619245566275,0.37225376298277085,0.6707272667862881,0.5186032816448766,0.5237754001497581,0.009233525408011345,0.22214448965419528,0.8817923979103947,0.20400349786643412,0.11864468939288995,0.43632480355230796,0.029365821133227703,0.15303870392555383,0.07076863737448476,0.08521548618966249,0.04499824966030763,0.061080847674266935,0.44399801466133554,0.2658965077976201,0.3017943540180362,0.12107677739510368,0.5518308641570535,0.5570603128303515,0.0720208616897789,0.17548298232862955,0.04643002118960177,0.5805121859797258,0.27080180002326254,0.194513037776651,0.314704564454787,0.8239189467590328,-0.06658328842975436,0.19851272252264313,0.29491471223225196,0.015990258077422062,0.10512395914106909,0.12870882549085005,0.6644212671517136,0.05796958474375498,0.2798113872526531,0.9215433158251913,0.1557802064130441,0.18010462613550524,0.5645551851455933,0.33080247289413584,0.25746958337840453,0.2602707001161973,0.6225838595023098,0.499120976206226,0.8436254686365751,0.07143715774564079,0.3081464699449314,0.7192717537313515,0.3118017266576885,0.1707510874450417,0.6962910589463978,0.5807488426849149,0.8319118180019319,-0.0335235580149375,0.489962566747074,0.7585111167861758,0.20150034572537315,0.02747280249336006,0.7671466964211989,0.7331447834658072,-0.008560367552814573,-0.12109544730046148,0.29513392094328295,0.42269617769394147,-0.014415696200293674,1.1667871879415315,-0.1286586178069663,0.7267126216891072,0.5436712457369437,0.3175277967089873,-0.1854675588728072,0.12747406732376745,-0.026105403256088573,0.2437401077154854,0.29236720192592996,0.34351051090760437,0.36056895806592854,0.43095669889772265,-0.4640076174140226,0.5018918023381792,0.5249642856529217,0.12017901428253017,0.2118688781820396,0.6581849010422702,0.020257878312749444,0.12606109065832863,1.3964106381878982,3.3812259001398934,1.8419249147492214,4.456206233534306,3.1322562453422576,3.4215178344636628,3.714731919303866,0.9223234582754299,3.8278994517409943,2.798317284562339,1.104189313588961,3.532449981273005,2.945057238699364,1.8156363261362685,0.14748263107135434,1.7928074346319791,0.3704298628059923,0.6366491922734266,0.9544306357707815,0.10848182261957706,0.46344946017213273,0.6369486176052516,0.01809057906919801,-0.8654534645462469,-0.12482243627223547,0.4302144036140259,0.22181326199053056,0.29160811933883996,1.4405639486499537,0.0624358883237796,1.6516059386393378,0.3727339382617899,-0.5631346951413475,-0.270856117062567,0.324552743660771,0.20533785244986502,0.8092175302437573,0.521333275415093,0.7931329022276784,0.5399498773432345,2.0304859564773694,1.281139877028764,1.6330150479115921,0.6528184126431779,2.1431717997283153,1.740644298497463,1.483451372235407,1.542464282014011,0.7790636922964325,-0.07693971425620737,2.0665404089842703,1.096170339469553,1.200450125697882,-0.02221115898901475,2.3214096868983916,0.9136777910542311,0.568971177654572,-0.2872957640650025,1.371903726506836,1.1724526612978574,-0.7970155822910859,-0.062443929028763986,1.08879178191661,0.5163321203852872,-1.29464974576963,-0.4011483419415162,1.877106479925544,0.5658847521468955,-0.3607883496701745,0.5723817724279497,0.9635774441474193,1.0894603589272327,0.6887418641786268,0.03856098327104838,2.3933475329577902,0.7294355402638424,0.7445693149793006,1.031534795015254,2.1158610465399432,-0.39761640214076277,0.762646808444315,0.42245012035790147,-1.019983343796899,0.902925312324181,-0.3614625371183934,0.17397263317412628,0.9603734084534838,1.1698645991373975,0.7714896598391527,-0.6250388807434422,2.393894807970116,0.575094584812134,1.0287421730856394,1.7594941603304377,0.9372599898278725,0.7615192436332715,-0.24717277619105518,0.754664736526577,2
0.3207661856663412,0.6763189793819254,0.5443683503400817,0.5353112595204097,0.7148129480114724,0.42730937138474895,0.5206351227147497,0.10496611326862361,0.8251700723160372,0.18953481729664842,0.7821340181434351,0.7385697523113899,0.20033583044159486,-0.14773308807433436,0.24782044025374486,0.3174349638155091,0.6898572514402724,0.5408841313539092,0.5127346231933797,-0.002865290416058426,0.19111407608473133,0.9200348058109046,0.16959726544118417,0.07971633733015639,0.4095804681162587,0.018182062161954716,0.07521786433503834,0.06293874279046056,0.07850562027687871,0.07990632267908496,0.07996579573078035,0.4509031896256569,0.19371194466618014,0.34359630616525516,-0.03161906430831623,0.5901636240322685,0.474392533950463,0.09652497850777454,0.2685290288752144,0.03629550892732941,0.4501219496569714,0.31612229149015963,0.15412330990986498,0.3133474738091112,0.8127188591695856,-0.10585221004415102,0.1907146022117739,0.2549846036466742,0.01769224271718171,0.011002668211442494,0.2528678863867131,0.5711791937613051,-0.01658380683464146,0.30119324625415617,0.8710825489939075,0.09731130252635495,0.13071970200707167,0.49770264005554604,0.36201103782593974,0.2576150766155915,0.3701138097454938,0.5929031895593962,0.4496220378117403,0.7686384214684685,0.0367517895414178,0.2523130354152969,0.5397157968611241,0.3677256715423438,0.2426975201804106,0.6722293439914603,0.6192130308801546,0.8183592990840562,-0.013594154995020546,0.4088605423683037,0.6861707842185099,0.21424270344755877,-0.016656069468556217,0.6496876164119372,0.7490654791636062,0.11702003811402759,-0.10215582602965848,0.3722549605871645,0.3218070261877946,-0.07418495846861654,1.0348889834444213,-0.0005423315250509708,0.6981661992601089,0.6381399692682713,0.2176405712566985,-0.1728033978361341,-0.005175537391972351,-0.016345517925699757,0.221113345578888,0.2880957425015948,0.4344916793197619,0.2883883546396633,0.36899006548870356,-0.29748947742697035,0.4780028367597211,0.49231080204744465,0.06151162944576932,0.27371190068119705,0.5069246030922199,0.17149687313369014,0.024752194400544752,-0.28917877814771026,1.331315878174902,-0.10011656523109748,1.6664196108820846,-0.11564519462226892,0.13947978597694438,0.6828999529699068,0.3648999523659938,0.8465998598042808,-0.041519604532397766,0.20298495741430947,0.8810900033544523,1.020870856378085,0.1050920994648229,0.8740521609799359,1.6521843433751913,1.120161385342146,0.1691616641340346,1.1732182686280677,0.5861394360263541,0.7072056221686037,0.8115311207460669,0.5673681078207782,0.21090342670011397,0.6785388544838646,1.1905130734637854,0.045530594994343476,0.6431906379944723,0.9005385810714077,-0.16516347876584636,0.4135776288628289,0.8322059519746353,-0.4646407750056938,-0.7701791280459792,-0.3336911691662158,0.5877092770419059,-0.14699227147560676,0.011137759542594399,0.8199055316403464,-0.08629033335458287,1.384580808058706,0.15030292362733333,0.8068171755270139,0.409275969829983,2.7385923024139536,-0.19930055408822495,0.9562137383911663,1.2529460136537205,1.2225727241199236,-0.08025297701150594,0.7905434076355787,0.6676432968850984,0.8566906226752109,-0.3402657396806644,1.4448759366919308,0.45676510609618043,1.371366384000304,-1.286598224510258,1.520579536765372,1.0376661165049779,-0.3118587090739942,-0.0055835790051842115,1.5195440271234641,0.5015722722311062,-1.3052552369785098,-0.6433968220336899,1.841244628493151,0.48351188377026977,-0.3336272240585918,-0.44300672190084667,0.7224760116765397,0.7676967369488159,1.5444393349738565,-0.12665998966470204,0.7918844053770034,0.7234279646431835,1.31000771673769,0.5830325977493515,1.1391412717842828,0.038340041411279224,0.9217735176511874,-0.6515123538461715,0.4678087862274941,1.1918151717220928,-0.5561590628365762,-0.32002339302922345,0.7849209751315779,0.8987756984029109,0.6170464094470789,-0.8919573891780405,2.0527215303953734,1.8664036809982874,1.4469598314795264,0.3558414099088073,0.35075110421087724,0.9866394747538377,0.39407561243068495,0.7411755109042123,2
-0.007981019114363322,0.48028179240417884,0.3289888172575355,0.4318952206457311,0.5236040517362753,0.2923515753643419,0.25065960789437247,-0.1378878638716887,0.43210723897692604,0.08478644470759386,0.7119485161167315,0.45710726718676253,-0.025971261861301314,0.05725946249722061,0.13395989340109074,0.1840162524732758,0.5838887844101245,0.3666257108931751,0.4088732046618082,-0.1631940227902865,-0.035489529420221884,0.6851672311059527,0.21725208421085337,-0.04803377522188349,0.18344913573158125,-0.10776789321119648,0.030506208823807626,-0.02143957255139566,-0.028474354777673336,-0.0015060445584347624,-0.05998962681695001,0.34016001414864305,-0.09251543337623319,0.18058739129453857,-0.15103235243896346,0.5793164948796211,0.304685557914644,0.07416323886540255,0.34849809680713206,0.0778806419117889,0.3935033984417141,0.17821224334902902,0.08613903612836894,0.14495941866359074,0.5935934030811684,-0.15985966119759898,0.10234464375646103,0.10494073126222067,-0.010799513934899613,-1.376685133637548e-06,0.18937036444867883,0.42537672395305104,-0.157783571697799,0.12997395126344571,0.5462698130430753,0.016839486136436144,0.06451059802778869,0.25312684616717085,0.3127562805709324,0.23675344794764233,0.30517945497255194,0.4266880476348697,0.3718861027394809,0.4384311964862205,-0.043385622954303524,0.14246614172316702,0.3522473866116085,0.25563086983700495,0.24707654564503045,0.5261596829075218,0.6886436584409841,0.31558805393164907,-0.11872620627063886,0.20447161528171534,0.39527615393730153,0.058734756145799344,0.040890862031539896,0.10512577135487533,0.8195491443561227,-0.015450909156780632,-0.08012295411487957,0.27290567168186525,0.1623274597613221,-0.11971912125187398,0.6453749164307468,0.007232700668423958,0.5151968240204364,0.3097532464756803,0.1249081840193468,0.08675224329264496,-0.12019403899168836,0.11834702085576553,0.12494343966397928,0.31488790163935493,0.5459408723378169,0.09480038197310295,0.3660359058854099,-0.2201922811419817,0.46896671919369803,0.30085175093946165,-0.07723290985164355,0.42158921804942945,0.41275603824484886,0.30206203090463485,-0.11934563560269502,-1.0607173983517029,1.0836065404221962,-0.9459307452795827,1.4588655516152913,-0.5777688728548869,-0.8977130793629343,-0.22405122403820982,-0.2150907104855148,-0.5172416329316626,-0.8326268391749746,0.6095154313758655,0.585161008968986,-0.5108545183102271,-0.15310291145838076,0.7661174824091069,1.6275563212980408,0.7218055588708013,0.9170150580441774,0.67921516236359,0.21809171129858082,0.4916168584325723,0.6457451806379028,0.31818187697877365,-0.6892710917705736,0.34307102048644267,0.3816620655986682,-0.0670055614769569,0.369138244598112,0.5643403957618986,0.4734792376513427,0.4616876867008668,0.742390631502482,0.09504391074638728,-0.4473798666295932,-0.6375529635222926,0.9898940606201231,0.7657944406453124,0.8860863044570427,0.015800386377244492,-0.8754466023518783,1.4719384344869604,0.14115208494488793,-0.05731019914617586,0.40215466643247827,1.4487754869093774,-0.7582540342705987,0.32133534828615573,1.4260425436015627,2.4027361041009017,-0.2639209639314517,-0.4332261685913584,0.7571480225143208,0.23633312355425556,-0.6475294984740323,1.2424038373118798,0.41366079517518717,2.1538356195449246,-0.7463657654087762,1.012489105285825,0.7715672139356513,-0.10828928400114846,-0.1425360434240444,2.06378962791679,0.3849437137243258,-1.0687550381385296,-1.0520570491602192,1.9743322167149402,0.5933300357978671,-0.3171266073200268,-0.8959102026511947,0.7536829913221187,0.4559233512449623,1.620219913697009,-0.5184848882532288,2.140156762192902,-0.01553963793331305,1.6615622238401935,-0.09521373253204198,0.4470156013661447,0.08603282803809409,1.5327445195798979,-0.5665262970321758,-0.541340353543227,1.4379900059588036,0.33984241895171624,0.28150068604191286,-0.3098854832736883,1.4226756453044647,0.6095707064143846,-0.701335614692215,2.8028081311052926,0.761194547189712,0.5066042734094948,-0.3665515648031897,-0.40916578110765095,0.4231682504292014,-0.18028487318119793,0.25539079423086186,2
-0.3128140193158831,0.24234197579378197,0.09771049692544796,0.16294531395753425,0.20661226097591154,-0.09476546526978014,-0.10732352300709465,-0.41122032983108336,-0.13308750393583285,0.03555088005495761,0.40755875342798276,0.1550310416991184,0.02885654042433471,-0.016977275132128263,-0.10115562515584124,0.028525072480786076,0.3813852989693767,0.09144013976685673,0.12282496114271095,-0.42350452294686974,-0.16164990870627813,0.34375441947628105,0.102946969918788,-0.15806260796098517,-0.16607403354732614,-0.12111350992432235,-0.07483822364517805,-0.04908996898664598,-0.08264515636105713,-0.25052322082107953,-0.392397970118616,0.0029195069910556916,-0.2679047822979473,-0.11813758424169092,-0.09052735815438005,0.3670150674573842,0.1685398824393785,0.15663669745724965,0.5108325711032148,0.004521602975153847,0.1249700165305906,-0.193208568223156,-0.225426529671996,-0.22513672872362067,0.2156056144780864,-0.21281564679236048,0.0053632890082066995,0.08537099219468736,-0.07867513831137986,-0.0693705633690863,0.016906400602344676,0.16189926655839504,-0.442270160764103,-0.18958052478976126,0.028185630131917352,-0.1328957401014496,0.05581103791754976,-0.049945966821231084,0.21162686637821207,0.16258048525620117,-0.04829257628081542,0.05668057662172637,-0.03682003768281304,-0.3263122204431339,-0.1423644144736684,-0.1929734437365144,0.04339949362151422,0.31802446008783264,0.1914069694284708,0.2683386751981989,0.2998769353916266,-0.43493867089673777,-0.11828209001368918,0.026221027368296883,-0.004709856288141614,0.0120294264539709,-0.02143515496120796,-0.15350925030137022,0.25501387547314586,-0.03619123886984345,-0.12329768723107243,0.08321330099767915,-0.12707486500956086,-0.010883747528865548,-0.08755176632074524,0.14741793854920549,0.13163911147687055,-0.07556861462244158,0.056401563374014745,0.18378834878322917,-0.1912561950713379,0.09729940673719831,0.2752121169327753,0.22759600702371094,0.4238384436374338,-0.21920603165637936,0.2689111777200722,0.2847146702821954,0.4561805997734403,0.0007463932855744904,-0.04856731066560595,0.5287423111878603,-0.12647277854040948,0.4378409653321671,-0.2856826274802547,-1.0461607293082085,-0.06808989495168097,-0.9415230796421591,0.7504024068608172,-0.17050158439587165,-1.1356189149764755,-0.6866415640075834,-0.5616577340077155,-0.7936803661337573,-0.8536152722499007,-0.7185253185319906,-0.4269933741272584,-1.202069034286353,-1.2038600722280925,0.6319831806792123,0.21517027156077795,0.5912244049244549,-0.014884202629860245,-0.0052159329333738135,0.6307975210269795,0.7081391147076109,0.418768954549228,0.3366856466730492,0.5877188849327571,1.0992338659306198,0.3088625569616276,0.4552728257129082,0.4223245957147317,0.8784472335085014,0.42895553690076654,0.5911095324773831,1.4768001061247888,-0.3903072243058996,-0.9214904770931186,-0.3306076577913676,1.3891919671832045,0.34593994362288594,0.101427667037334,0.23081196823020325,-0.3678624316695194,0.9353297566831332,0.17406242975928207,-1.742562004437728,0.5792208498753173,1.353710610395939,-0.9593846261512914,2.476092310389474,0.9612464860433371,0.490549634383777,-0.22339267393554144,-0.3180028611918561,0.9269579472879487,-0.30962213821011425,-0.8473872310121874,0.7594464479332336,0.9210558840311893,1.724982026837781,-0.12458036056717599,2.820144267939318,0.6405742800841772,-0.6263796895690349,-0.5717239103631103,-0.0784710955486923,0.6680115158735777,-1.0321501554696275,-0.9692890591723031,-0.26067528392773776,0.8209156401496744,-0.20636333380536864,-1.0140597008209884,-0.4390797597541961,0.5807849279259166,1.1668227332568244,-0.6734800103247076,0.15028664976518036,-0.05968949313609936,0.2199157585689006,-0.2834072571606581,-0.5115282353479684,-0.5203780949470881,0.9145382396595931,-0.8111544695144891,0.4206342110582675,1.0157995413778023,0.06593346840468237,-0.16484466133366898,2.011824998641672,0.8122729015253904,-0.6378342176559363,-0.5911353583713653,-0.7635930310272321,0.655976574837906,0.5852607112495046,-0.31601528494850434,-1.0825296645614466,0.8778214778023373,0.10790566982776585,-0.3686920194862924,2
-0.29603244092216335,0.26961788623691524,0.18250158820800574,0.21703856997139384,0.1171382085611622,-0.16499235644231075,-0.12228017979437376,-0.28722930397267227,-0.2754067214922617,0.139813777188635,0.4673430951932601,0.17780440467963232,0.04755536634565321,-0.0708597626662319,-0.23350026009777294,-0.05532573739448207,0.38850181470300355,0.05808609616682171,-0.01608791520540782,-0.564891263372199,-0.2898476164233576,0.03911650810641346,0.34882827011366757,0.019545683967639706,0.021167902134185138,-0.14800825784154445,0.08279121156861662,-0.06940416403798631,-0.02227144486970042,-0.028289393893703548,-0.30919188232832023,-0.15112442685356184,-0.40419635007433613,0.02674865012785783,0.011059987643849347,0.28504565634472384,0.12162645944627624,0.06844177559549229,0.5796268552325289,-0.10326818395399867,0.0430423344540394,-0.1407410440203801,-0.3314023243871183,-0.4299856136568171,0.09713400259524177,-0.1710953425928429,-0.04393676019533527,0.11717350346355104,0.07331855722096986,0.05602319691209705,-0.08526634492777234,0.015745604185003724,-0.3952262582208566,-0.1317346105600934,-0.14898439041182168,-0.23608337573538632,0.03401058824399273,0.07915975447540025,0.22177695352123553,0.07648480233505099,-0.10299130493064305,0.03867032927287559,0.016370975912929884,-0.4855062572017566,-0.22978630740920883,-0.21663633434946045,0.058305801477155424,0.19635777933030632,0.13408465818946141,0.05715848471786115,0.0691419854820145,-0.5459325997884108,-0.021657179931771516,0.09311438958292424,-0.07535415171433975,0.0194959489362943,0.007624373761445145,-0.2927049387838344,0.23596385838446146,0.07908339082683195,-0.02315397516108252,-0.003420748590294469,-0.17051907673185593,-0.027493473053837456,-0.2975218204161321,0.15879881452624983,0.11591136607000058,0.10113820649499412,0.08372548210629231,0.04215322526092644,-0.20909656625255515,0.22309346628978832,0.35372430545505695,0.14532802444090145,0.25528310177935304,-0.12956994843608785,0.2829918582677778,0.3785552619490528,0.3778058075501019,-0.07039786909922396,0.04460241288269009,0.48738961955261006,-0.34178847577151433,0.49146620288064297,-0.2714357255976486,-1.2200948023343479,-0.09829647889861728,-0.8496990313876419,0.6478068337036892,-0.68415499118077,-1.2119896374693258,-0.6950891062350126,-0.523015122045508,-0.7735254629185873,-0.8347619486686161,-0.8572837425036461,-0.724763576387223,-1.1047794135641242,-1.3923874957117919,0.7695575390544076,0.8777827679625948,0.758212575190014,0.8748663987866074,0.5834263860395349,0.7886148045601065,0.8574861949399161,0.7647317702133161,0.6231478158613654,0.11970008550123092,1.0819189535087974,0.6911792317015986,0.1569978810920474,0.5866305606378357,0.22110045215442606,2.1029681866472836,0.24293392994906698,1.8837529393785706,0.015194935576603504,-0.4320640124363758,-0.8700439498797663,1.2711813254093862,0.7661662251288648,1.1275216390668321,0.3506887297297987,-0.45149102721028794,1.2180471096099028,-0.6520715317093142,-1.2228813551878386,0.9090595840116622,1.123447373265856,-1.0664563359612445,2.0771418271660513,0.8473258237214726,-0.629569504625221,0.10865956552337712,-1.0236633127267962,1.1148423078353795,-0.5212015391416026,-1.0936276334111177,1.4737346768796076,0.7674407589474797,-0.14296797336758318,0.21956690071994156,0.8045586412738767,0.012810197080158273,-1.018816879886612,-0.033149677818376425,-0.34497579641803683,0.8556482646127205,-0.18186551388905706,-0.8641922839105277,0.6144237968712638,0.6359251814718941,-0.25587796043059374,-1.0658142797053658,0.20286295982331412,0.7367292681577035,0.44484541481634104,-0.6087664501812682,0.17013734525684643,0.26505563172419727,0.027104257608361864,-0.6277330303193138,-1.443973867307669,0.16152938123337857,0.1674971080890815,-0.7916425350912046,0.29203948825698706,1.0205050794108916,0.3923741533195655,0.25639014468967136,1.7572891334255392,0.5916201623605981,-0.12382949252061305,-0.15542753457853317,-0.8692150574510525,0.08844064378608209,0.13524677664168167,-0.28070273325742545,0.6665293021272553,0.737631118618752,-0.2467992172241842,-0.6549227605866215,2
-0.2843668176774212,0.27847500125905184,0.22545017700915038,0.2864720063072777,0.1663009882998772,-0.01383189193061252,-0.3202895196330231,-0.2851886724653751,-0.2364818101508641,0.3071836019890702,0.39443734656928003,0.2575462837487848,0.07562168351967162,-0.2146032942454386,-0.14021880806034542,-0.011837801948435993,0.4282705366176626,-0.01840578007966701,-0.02048647180397896,-0.46642321076462107,-0.26048410734374305,0.015232249063074006,0.36400103408356205,0.08215620645405666,0.14159728414959055,-0.0340482170171677,0.1574999647792186,0.0001994662567186298,-0.01663016270908342,0.14003780329280197,-0.2371549918307039,-0.27684507806992936,-0.4090470123776057,-0.010368069121850012,-0.03130349760013959,0.16759157131302643,0.19483063180408927,0.0994178317057969,0.480146937840779,-0.0916011770888664,0.04753868949370863,-0.20117201222970987,-0.26134888667038253,-0.284478197055425,-0.029084240141936314,-0.14845515401784062,-0.035514311723283225,0.26987986899283,0.1270588096067387,0.16108539146653733,-0.05064841834437195,0.044547823671174255,-0.2613127675136661,0.0061021100750810854,-0.14127743365237094,-0.3004078378151177,0.03939261502470815,-0.044717795810405504,0.23532111133240916,0.04046269205700544,-0.1621996217011127,0.2114072990234533,0.0403176201391385,-0.4182939351165815,-0.3450325701511885,-0.17391289960757758,-0.0032904628121303253,0.2547062176304446,0.12949392150614802,-0.05385881584003466,0.12334765947007177,-0.35975318225206476,0.03216983088570149,0.10946671962624349,-0.07851003939414722,0.027588699476462558,-0.18148042974014478,-0.12280660225194699,0.22239380273272516,-0.12720193830570026,-0.0805771721434188,0.009543198151182446,-0.1800407963438246,-0.11414402145296469,-0.18305275097891394,0.17470147945130368,0.20467219420711744,0.06961410105236232,0.11560259746580746,-0.00442836088778625,-0.1431021503059551,0.3526833173167628,0.2314922711376616,0.21198863012109334,0.2789377488351144,-0.014240936452749958,0.15514222570217368,0.38859013673908815,0.457852340062065,-0.1127523018550437,-0.0382777430528062,0.353576466685598,-0.2146417715488171,0.49456811548750895,-0.3529343042260341,-1.0692150650107761,-0.606944972214932,-0.536830586547276,-0.07389861214244993,-0.15253060522974266,-1.0796579903349595,-0.9151663077210371,-0.8434437312440539,-0.6533234448423301,-0.8264565412792035,-0.9016907432833517,-0.6894882118210559,-1.246603375223981,-1.3119688338275892,0.6673148745475387,0.5926324161918662,0.5516962984344823,0.37031055475542796,0.35823169477947764,0.7470660995443742,0.8891604267211113,0.7768456359977801,0.644663773787134,1.482910389279628,1.3956514558880266,0.2988572995996962,0.6774157347915778,0.5450098451265294,-0.5804765668926949,0.7961489438888429,-0.49014658282562146,1.677936729889258,-0.65788066149813,-0.8430759508710888,-1.1783117186434167,0.7144505217554724,-0.37649359300061247,0.005049065194096449,-0.28626248470814286,-0.9726596821889795,-0.11725337196781113,-1.6922599700322225,-1.3830527164719906,1.696773717818716,0.9263522126577557,-0.5496119685895341,0.07306308957293357,1.056555615047208,-0.022630930221623012,-0.1766523430601478,-0.9012760979060092,1.7898505552146815,-1.4494330817185013,-1.4029217780492194,0.35673081905667486,0.7697180816956904,0.0314180547847647,0.9403341742998936,-0.762770615294362,0.4837033132315642,-0.4712945556103003,0.2514473210167779,-0.3915638649634694,1.2247261281648296,0.0751701263562388,-0.8117290011730172,0.25762010525821444,0.9786991254330203,-0.07697798474552056,-1.1144606663101195,-0.47155876508128525,1.2554252437294118,0.8040775362306986,-0.7741010746650876,-0.3282889516640628,0.720908191548879,-0.4948221903049718,-0.9714663834379357,0.2790506386968039,0.35619086202447575,-0.6449920018466424,-0.6699680279557361,0.48398421971068384,1.0458595725757807,-0.26374451155787576,0.9496922624052898,-1.069330464115468,0.5181232504219511,0.45280631224110657,0.1145814612815306,-0.4636348671081967,0.3595357229329972,-0.0039078716203168155,-0.22756351531737934,-1.3338164656987506,1.014423622941429,-0.04506933060700266,-0.7463996036855653,2
-0.19715638746831238,0.19550951047501544,0.2615001054049364,0.18425407671512667,0.27002479747177655,0.08699352170582624,-0.2780204037938935,-0.3169017862636227,-0.17573638288953786,0.596698202596117,0.21336160140969535,0.055332097828934904,0.09187499491448885,-0.09997827105152969,-0.13877421873804022,0.09742909965728766,0.2910399520628676,-0.03772071193437429,-0.06299653612159169,-0.3406701063306931,-0.2045524151378759,-0.06498670744065681,0.35051482633247927,0.06721439792746556,0.22396423068108004,-0.034656474889775184,0.1803704910902964,0.024139198937091665,-0.2263787656928505,0.1321502556064899,-0.3824452169775853,-0.38724710933794876,-0.2152359580877024,-0.14386435844584167,-0.20733807131737098,0.13868420280560145,0.23455677332062624,0.2538379438152766,0.47209732681984934,0.010627821253619786,-0.03780006935280559,-0.14256122295884618,-0.13303089704246276,-0.353428981184714,-0.0527339201623829,-0.0645950819514348,-0.028928677441680085,0.2665036141929136,0.17480197019399005,0.17596861233499284,0.051722716144760775,0.07778472172949936,-0.2985127856496496,-0.039199129656913904,-0.11985521754400652,-0.16924395303881137,0.030232176107228042,-0.11561939650644984,0.12583382722442948,0.18773539614692472,-0.09024471507320507,0.2419254199406732,-0.16088724564610254,-0.28772757121186243,-0.19575698835902453,-0.1874582369130722,-0.061280780707440814,0.1367107629349816,0.12262526125728751,-0.2031635485806993,0.157635295357716,-0.42296578157541526,-0.04318595901056362,0.02529308108072379,-0.09166061502608631,0.058798905619275636,-0.20083390484036925,-0.14279480288111335,0.1874539647537631,-0.2147877518706217,-0.07537716235102175,0.10149640166398506,-0.22963277481882133,-0.13847710623313525,-0.1456111593605779,0.2829693623617933,0.14571815856199516,0.005494345297890056,0.06767571631007545,0.07571618537183325,0.11659453145217642,0.16856701609663155,-0.028720912707292857,0.1390095772319565,0.34184783768504806,0.0869033164579952,0.2037591045255048,0.4606324581693272,0.3639417707344192,-0.013529762947468962,0.03584488373755376,0.17750362949404858,-0.30091646658476223,0.4443456660128664,-0.3014354910286031,-1.2976018192337475,-0.4697009628359833,-0.6215830516974868,-0.10328995202593333,-0.4517370247332355,-0.8175975473066411,-0.8062839575397662,-0.8224973178048889,-0.53995835100223,-0.7751132204156781,-0.3571821426651147,-0.9153459857738377,-1.004897211155949,-1.126174813454795,0.8860057875824154,0.48214781185845135,0.7858335207600348,0.2419714954870878,1.1230788307872257,1.2307200115686907,1.0230330893443906,1.0168171736732368,0.6841492528362147,0.6360670276580251,1.99133236303931,1.0225737707617648,1.4363845882423731,1.3668187863654475,-0.08666144995217809,1.0534350443732663,-0.6917830627714066,1.344704014859281,-0.01277733049989889,-0.17376715440595486,-0.6868772202427333,1.036397266047561,0.6974449697561551,0.840224316358207,-0.9328974165028535,-0.55682225655364,-0.2842321682957049,-1.646683111912103,-0.7827626990140174,1.0802176892325719,0.06380861676301254,-1.1805618879648594,-0.5226220937723791,0.7415404723104919,-0.79127301751921,-0.42868180597419503,-1.2029159378237975,1.4292576527990555,-1.0122903795117808,-1.1808466384285523,-0.25992627342323477,0.7140002161247049,-0.7837028651412675,0.9771284931242883,-0.6917843961516216,0.23577052628898726,-0.583130661351718,0.04134817752112264,0.8600848407104966,0.7395222665419569,-0.5519340262815345,-0.9045809591057363,0.8995145167551456,0.5191162016999005,-0.2968484079064677,-1.037968940953448,-0.28840875686652595,0.8181954987172432,0.8549878801867955,-0.8922730309197404,-0.3688367790217444,0.6833817991453599,-0.6365805774847403,-0.8291072505796429,-0.3784064825163861,1.578766814554815,-0.5517605898772285,-0.7559178773834476,-0.08363734234904484,0.8182821008511636,-1.0507386507906409,1.1512494968064273,-0.5989293363725605,0.6075387766933891,-0.4996089674155057,0.20410823743331302,-0.7330927143326316,-0.0017044292832284677,0.20872925196932166,-0.254913230076865,-0.7923010134312912,0.5011157109188815,-0.6383105611749867,-0.7002966417370414,2
-0.18791626745062384,0.1937103665344907,0.29376886035670563,0.25867074597543877,0.2569086171450795,0.20987014654520256,-0.1230467819169158,-0.17836694399926983,-0.1125420438358684,0.7013846927803832,0.36307640200704655,0.08146413555265096,0.15854912206044008,0.05302589617337908,-0.06333774419162974,0.13941603869856953,0.36240972113433784,0.053199991239183474,0.21200502436733581,-0.2967301017954404,0.11227208759226773,-0.019300418953348924,0.438962217299285,0.18379028840069947,0.4034689625225571,0.08691985123991244,0.21739392799198393,0.0911568727636463,-0.20636681536025153,0.09640185602931849,-0.12693515500360755,-0.34739643654221336,0.10406459448203942,0.0335293015035487,-0.13221210868029698,0.3065484521937117,0.3466699678256649,0.28178153128864636,0.6190264439803772,0.18128123274396196,0.07699870914665766,0.16852820059838466,-0.21244574292939433,0.08544486428149242,0.07359112262620407,-0.01593174495882535,0.17038578549442768,0.3342498053652648,0.3055205985110769,0.3567382676688853,0.08566687833716978,0.21442086859492157,-0.152671075515948,0.3180030713707354,-0.030815453767158902,-0.034143505252012346,0.1547363384906656,-0.11964492387212795,0.27346981619696165,0.34362104705973534,0.4030054442598931,-0.13582834747011754,0.5000249139258927,0.043823911703197674,-0.08866212722029283,0.02562623724665361,-0.06030479639559152,0.10859129433611162,0.2796899535501662,-0.10459745788104846,-0.20474068341910057,-0.3271711341151466,-0.1361063885996656,-0.12475105944941867,-0.12514187996712448,0.18628722364558653,-0.2546267027718472,0.4151622982336807,0.3021562333398645,-0.0496126682244252,0.2541271161904859,0.18882857739120454,-0.1790472609973849,-0.08251654234716543,0.008396611578445628,0.28102764275753056,0.13980236753524364,0.059603393417119656,-0.055804387780771854,0.1140117235132674,0.11208183417529016,0.22138918152464881,0.059110526688263346,0.2684277365368006,0.41007405083833004,0.12163413182516118,0.26391844202559167,0.43629465257441513,0.353586899827487,-0.1413262195219866,0.13146991278965373,0.2840740455785201,-0.2802487731946887,0.41897138606299533,-0.22417047059496473,-0.7234007435474427,-0.6180953560652357,0.059806073645569564,-0.26210685721011423,0.06938878036572264,-0.09045112924668972,-0.5107242694121629,-0.27738537227604143,0.3097591470754421,-0.49488544861830547,0.5733551459621098,-0.11921577852816935,-1.0463906667958685,-0.6022881009842692,0.48326046452095084,0.4935079332591191,0.36363269501743,0.2534375141778881,0.5419819117735677,0.905708746466818,0.6927539571551421,0.5706892280864058,-0.06236908941773295,1.1940486641906576,1.3645351403817463,0.42800138295380585,1.2444027711125265,0.7978904076622841,-0.21200491813483913,0.16186563907909685,-0.612525099514941,0.9292585669312033,-0.3703543912677891,-1.0445388008512078,-1.2030151712714472,0.22037002016207954,-0.1859955350160148,0.10154879538381338,-1.1226009547441547,-0.2998036125837174,-1.1155163201202676,-1.9344984766936952,-0.04602840820769466,0.7139871391428538,0.6953785810057516,-0.9886082156363615,-0.43013662831320587,-0.3110784440785547,-0.10768492797727469,-0.5165586030431827,0.4100829298063535,0.7425379482784863,0.9047603033633314,-0.8903766880798379,-0.11982190656189072,-0.5837663033491634,0.4783427878466194,1.322429794382072,-0.34892792454430055,-0.27780552231575767,-0.5249323362991825,0.11462644686567582,1.276540980307826,0.7028131517356767,-0.4217152874268357,-0.5057854554951291,1.8381233486709607,0.5401212785253017,-0.6000990704541049,-0.7483421662560727,0.4944737722827191,0.8181283292893272,0.45916935262523867,-1.135972722808096,1.6140617665124402,0.26287921448080903,0.2500231296506484,-0.933804443486112,0.9356047043814425,-0.08555775965540709,-0.08796175887262661,-0.6920293049046431,0.7235953972237971,0.8396004787540516,-1.1580956175178567,0.9338536703135292,-0.05699859351636719,0.6603298023168658,-0.33481161934320974,0.3629301174185638,-0.7255152214939096,0.4373015846252759,-0.16579422167631191,-0.40095819175200614,0.5016966801972913,0.6866921608653689,-0.429861232811392,-0.7130092920265882,2
-0.18068250318320464,0.19951825818865065,0.2040986716351916,0.2640143436654342,0.297366236819643,0.10696014183531993,-0.1748722140663011,-0.1590365497636918,-0.0964607953276057,0.6763529945804522,0.3456756753681346,0.03615791399498065,0.23272166233272576,0.030981758689937078,-0.025743828783857402,0.11930785102604581,0.2855513503220784,0.07772726230730345,0.21762962722261475,-0.3944000284652206,0.2030959502939445,-0.04303611796547518,0.3703520359089479,0.1958336840635792,0.3623530966325363,0.10057488993551773,0.21750543480167875,0.0885706580071019,-0.16808531514973843,0.0985892301344663,-0.12568419544158693,-0.4107768775669531,0.13518626408914372,0.05988381431192657,-0.04389492401320036,0.2927497009954633,0.25444015887596155,0.312479410587659,0.5911456929370186,0.23033495586156003,0.029743831354136826,0.21977233942781518,-0.19648432006504876,0.04298076167846209,0.027802174870264925,0.009148690476925351,0.1528854817302564,0.2747193409533622,0.34311125367401674,0.3274791618862685,0.020083941104123502,0.18693033489831856,-0.14838946700081573,0.33119630101102765,-0.01029882714433774,0.013470125177263956,0.07185853363915343,-0.2063573892584254,0.2605009291830459,0.34189201476254744,0.4627764036581291,-0.4967296899161315,0.5753585768307417,0.09437237786757954,0.0271498526850949,0.00958439574255584,-0.19617210821059985,0.035466098072603584,0.1336443006064871,0.36193235222234815,-0.3527341097982521,-0.3018269326045356,-0.14382148558185787,0.030073055937140523,-0.020884272072081163,0.26439209047227924,-0.07798927918064437,0.4566251233944146,0.30608846334548157,-0.08225382858105786,0.2976875700773202,0.330437399921076,-0.23263588165383534,-0.0778210036821521,-0.015743943701239726,0.20582244586277487,0.11093592993617743,0.09545562710714522,-0.06393959089278664,0.17508798141642792,0.11496487283126522,0.21080110240638367,0.05502752063685434,0.2779327788410259,0.4234269872587538,0.1401046573392143,0.2725276306452121,0.4611654783706664,0.36808156438196415,-0.09242267763931629,0.07864120661224552,0.3491608084474006,-0.3112453159657808,0.40031456029762663,-0.18314686736201888,-0.8363922761124962,-0.7220758019145445,0.08523294466283488,-0.4646224291701109,-0.5968997652545244,-0.15028942293303482,0.23130576983713003,-0.5730135617972313,-0.12258684333847523,-0.6100118947329308,-0.12303515750070906,0.02873958489539331,-1.0034007997604792,-0.1917477290720385,0.5148872851324291,0.4648597357027303,0.5166474990439898,0.32466433784439874,0.9526377082976621,1.2278711425023354,0.9919926758729063,0.5873165991239527,0.20514659776949276,0.4910227137263801,1.6450654092555135,0.9491494152580592,1.6991768311331343,1.0304316407519067,0.05598245592173331,0.4164137202451733,-0.32348298217115184,1.0665037346737118,-0.8338848811367782,-0.8132788356015672,-0.6966003410860342,-0.2239055691239409,-0.29907468235327855,0.2253641357620423,-0.6917148545113025,-0.4637670139628344,-0.9803110744077308,-1.599466527030779,-0.898141379352177,0.53562583113694,0.0804022368004221,-1.3407369213554652,-0.2586477824700966,-0.16543590179391948,0.08236372888691632,-0.5169999130002273,-0.8065216932135261,0.5243647430905423,-0.702576214956798,-0.9062917385662889,-0.2853506213748011,-0.0598464276656797,0.8626480278462563,1.5300501361744043,0.0792988806433514,-0.14975023652431213,-0.023029092125415884,-0.4700618212707416,0.33203183385027724,0.9146302082880866,-0.5638749969319418,-0.6439926001128208,1.1721071884757401,0.28861938486302685,-0.6625856763878604,-1.0657909324397032,-0.42902450247278634,0.737472944625007,0.33892273529867906,-1.026105179522884,-0.5859987300358627,0.4769233861256703,-0.006490336767490532,-0.954739470842214,-1.2457529561579508,0.24103946071621063,-0.12737200835477008,-0.4999000063006688,-0.08092640281679105,0.8197581315114596,-0.5171775869230483,1.0253971194007874,-0.3721186145994315,0.5750620337422779,0.11291774500148044,-0.20056776890418987,-0.7861518718994763,0.6916453827414218,-0.37446758011826436,-0.7554273338891152,-0.5159907319215862,0.6076854777719319,-0.10936627891332164,-1.4098256066049712,2
0.4226264031882673,0.48220027568501483,0.46304091886040116,0.6761747754429709,0.5324618911508391,0.2609413408641411,0.6332712784713458,0.8849583568126596,0.5045093160302957,1.1406417163226905,0.033725233374806464,0.194493575009361,0.09850901992847493,-0.2701045213314632,-0.25688426006227877,0.3340094806376926,0.20685424375107825,0.32375084674169613,0.20174942774491483,0.038820744970480506,0.5252617528111923,0.34122863255645147,0.2713162346366688,0.273520893249233,0.3259874848272301,0.36973098694801904,0.06073318131492906,-0.4860316332612035,0.21276371993166035,0.06606896951970627,-0.06729502621112285,-0.2820187466914,-0.02272980805572822,0.09864208980510278,0.2312897257409187,0.09203447301111288,-0.2939615714006222,0.2719137611664842,-0.036495202047889835,-0.3083839161341706,-0.13137879690518992,0.39985663716904596,0.1814501729296268,0.10671247347862325,0.3303917835100004,0.1030580763455697,-0.034259743188499406,-0.13339474394182727,0.06524399726519838,0.19726471994240624,-0.17148047433105557,0.32961207147296584,0.09389167265957211,0.28896336881541357,0.4737462148939238,0.3502657579613453,0.012477883453630061,0.07456673924923805,0.21548552979786256,-0.2312515740720193,0.003396559960719367,0.38208260228362756,0.12921381843065713,0.15291089029416377,0.3777165087970171,0.13830874621956019,-0.028930896272605765,0.12440118999506587,-0.34892580167988013,0.4480280419038961,0.44651738706666266,-0.1444697743575917,0.17489193719373677,-0.06985182934103205,-0.32639958205844316,-0.22508108998315746,0.1849419172528974,0.12400969503043029,0.45880223538781584,0.2052124050333164,0.04509134493750261,0.16648051884641102,-0.09638857676691379,0.3042736919153493,0.0027063747975177967,0.6433536126573762,0.2945816122654491,0.28666490124639105,0.03509324622960306,0.14710763670343752,0.4009318285495086,-0.3558845628505758,-0.18076499285296171,-0.05722897329042102,-0.2326033287709108,-0.09041743113452543,0.4405823880617109,0.464886917406905,0.23620583857627486,-0.39634966429395985,0.2057132061366931,0.7478041983407407,-0.3148340636501351,0.35516731084054926,-0.13700911130357304,-0.9103831686678274,-1.1464538722810858,-1.1959316361896646,-0.8597907217540403,-0.07398995425328626,0.2310753978223154,-0.5178861007980387,-0.6004747655532244,-0.5747784334846141,-0.8256597179401405,-0.22910430506179763,-0.1600592148516031,-0.8944945388461315,-0.5892719244584582,-0.5682816384468974,-1.0265280547164675,-0.8950309899202351,-1.3838711412469495,-0.2779553690570292,0.2613830189603328,0.5778678161448374,-0.9019045732854782,-1.185810796187005,-1.0403396294393492,-0.12244107839845579,0.3149809848782377,0.09778330996823306,-0.047466244222551565,-0.8262616947113386,0.3937312620545396,-1.5552191052623343,0.12707614090922761,-1.215888802975832,1.4034141042944626,0.2711215211102257,-0.5265880251394958,1.1813226404346273,1.2321734061697247,0.643795652884371,-1.4286928747122585,-0.5286116955589389,-0.642395499856211,-1.4009802415400197,-0.1512355143195874,-0.5718959009639787,1.373779744380547,-1.4353123500329643,-0.19921425558474756,-0.6978173397617865,-0.37523751255472687,-1.4966226949552786,-0.7530932415605659,-1.2951982834282294,-0.2490809623383944,-1.1853273232443515,-0.22744161252365463,-1.3714064937728565,-1.0581347110680066,0.9851911987645009,-0.4700809853473667,-1.5555163554496563,-0.13662049992913217,0.4833842132979003,0.18606255342270234,0.724139615029989,0.8918475034897028,0.4365096366985454,0.5263234622980438,0.3357425886291629,0.20280854522368197,0.5024824306799673,-0.7086328120356521,-1.3209951972586456,0.3393904893502067,0.12952155351331046,-1.0021307414971805,-0.5020159678768037,1.5770618428948218,0.42500798503647547,-0.7449480341751482,0.22000791548100465,2.775570071469651,1.8643628845576197,0.6334465864329286,-0.2899967329664916,0.2901187605845082,1.5952355230688111,0.013049114382402282,-1.4028173911827089,0.8281099700270953,0.5387579662188947,1.041484475811016,-1.2479561561576016,-0.28865137590528633,1.3787486139240774,-0.19023868338256023,-0.31694304428681913,1.2601850173173548,3
-0.17708912343716338,0.1747179446019941,0.2068242217924433,0.4831080562480945,0.10664326554162565,-0.2300221582425359,0.05547140165728127,0.19801944022930826,0.05342145276673713,0.3618279539847235,-0.025008903327327765,0.29624942311023367,0.20329410730278774,-0.016524903938563373,-0.2685927834419511,0.2543760011573706,0.13072200803299994,0.11164880925450903,-0.06400613408874076,-0.21210099221025197,0.33373121502003844,0.09527580406691769,0.055407168587870426,0.31159249801362354,0.2995775084728615,0.36940821704292276,0.025375427036702137,-0.7109024803992801,0.2008326082439385,0.05431089434373919,-0.19491301251065515,-0.27700059937187493,-0.10712400760988149,-0.025836473769653995,0.03462797217450726,0.09106428914179611,-0.07367609199023652,0.46266145257270375,0.17134128137843138,-0.28452805488528726,-0.3425873166239275,0.08096362024732195,-0.12063125318718321,-0.13736390538533885,-0.0657958012138144,-0.015322142916581705,-0.020954946758726,-0.11635269700080275,-0.017621107405878536,0.2091654657893574,-0.3039114968403238,-0.014060084765914001,-0.2692669182591238,-0.11928743099858527,0.004659922345623913,-0.0011471352313482848,-0.09466406956645437,0.09112768664784446,0.288756905666488,-0.18321411436071147,-0.2096793398204539,-0.08235929033486226,-0.3998662475855933,-0.35476116216823544,-0.021214100681478474,-0.030615776238805792,-0.09105977833592074,0.07423797712583687,-0.21546398521310506,0.12494524653371446,-0.30689728927210597,-0.6653314911099713,-0.27345098812430796,-0.17272875368808538,-0.33882820026923116,-0.1746049923289749,0.271299634942698,-0.4499168524425034,-0.263176620125866,-0.42016527514087315,0.005600011496895619,0.20796941400301608,-0.03726432196549128,0.45002998451870013,-0.2171581434634687,0.25723481323739456,0.16338983556309022,0.10123019926643982,-0.10653007676513279,0.18592764799458744,0.13440587757884964,-0.39542522434057337,-0.03402724010491561,-0.024089503789874327,-0.012491799154964693,-0.08403285118583341,0.42092199431499727,0.40003660638967836,0.16927720901403284,-0.3861546163956439,0.11779147542541181,0.5685134975794037,-0.32955164718572594,0.22646342995746563,-0.1241983781664602,-0.9906706404228962,-1.3177089454041808,-1.187531675536713,-0.8965683669130718,-0.473291140334409,-0.5544299528818593,-0.7496291560514392,-0.6860267827770367,-0.6898632693329737,-1.4248749141690544,-1.0165512130743126,-0.9208970853660752,-1.0673363761782566,-1.0348588324116734,-0.9112455308780554,-1.3190301003551246,-1.3106835443279239,-1.975182451451408,-0.3686525875393692,0.2435893965164883,0.7003695856715416,-1.164611091566814,-1.4460976973729007,-0.8765224121961633,0.11216089425336973,0.05343873160098551,0.2261209369386204,-0.1080280060287678,-1.0167054829357696,0.3703329833567634,-0.7812673559108652,0.49590309748067474,-1.1748422175656446,0.6192356873281571,-0.5287533940789053,-0.49442594681147156,1.779504525005861,0.9236347283828646,-0.10814820404703933,-1.6298551190624047,-0.8096820064915271,-0.6513181550158064,0.5978836048398384,-0.3851317483031419,-1.191712001959777,2.0508608481170527,-0.39062422614532993,-0.8094947960956259,-1.371702063535109,0.13456712983814895,0.9335307674284118,-0.6692050582539859,-1.5960869756441443,-0.3711028466575572,0.5194407254513688,-0.6676548407208382,-2.151660668863783,-0.7796404051873782,-0.18261631397469505,-0.61901827410322,-1.2870364171025936,0.0016558137829690326,0.5400763092292716,0.6905953609115254,0.6737286124595638,0.923166951405525,0.14268974732983356,0.7548728666054231,0.0460889609876683,-0.2247591107103653,2.6353120842939277,-0.9512138115592575,-1.2467213574692575,-0.4695292134468027,2.0716771660459776,-1.1243131080634932,-0.08656256814445266,1.7620802421196684,1.07381172396359,-1.7469435118961745,0.392701492872081,3.918956672929695,1.9205268419561705,0.10753752685914827,-0.9433068424321758,-0.24361296803169014,1.6752065658393618,-0.014844523186496976,-1.1470641492591105,0.20571877586979959,-0.2721017634437331,-0.022686361279814236,-1.099346079265874,-0.7653263832558161,2.021347381633266,-0.13625683010502143,-0.4561750316712205,0.14482479956594058,3
-0.28937955715786423,0.12625319669150958,0.16722702618188245,0.2111964137820534,0.017276630899129574,-0.1456743940839299,-0.10697002595699184,-0.07240852919769543,-0.08992778737989154,0.1011703220928668,0.20838053274198187,0.36857396259924,0.16213178905267808,0.28592593715679143,-0.2724787621820258,0.2933344145642816,0.04553944824483411,-0.08484171519665168,-0.13005205872328207,-0.30461513989504374,0.2969913933529617,-0.007567043663066026,0.002482663001630553,0.3345077897522324,0.34541114325693656,0.3019637689910686,0.12009107691777139,-0.7196113810580664,0.16106090459986946,0.1690767497836459,-0.03427901031860421,-0.36923035427922823,-0.13977157190841588,-0.15045077906494508,-0.06261622158415575,0.11975627203660236,-0.03192327343710317,0.3647391479080858,0.2159816104782529,-0.18352862726816485,-0.3759991762922299,-0.009475716700758375,-0.13435259620124249,-0.01630910109485595,-0.15770302646362158,0.0958947436336277,-0.0771962861747547,0.023856491417213924,-0.04835846488272895,0.13624131057489242,-0.36344325254637666,-0.2498822163978964,-0.4535011838894272,-0.1726293148556109,-0.16003227521396174,-0.12733513423918597,-0.2197180713935413,0.2378133834180421,0.20930390018822564,-0.1223247803960269,-0.3190991772792039,-0.23344762956430035,-0.5094447463593347,-0.48279688756772104,-0.07842153939346866,-0.15093846180544074,-0.07442904859899485,0.01691865134544231,-0.18807049812783205,0.08475482600180533,-0.3205996896892669,-0.7103023784917124,-0.314725798600662,-0.16879393671783338,-0.33305445849660875,-0.16119975207523596,0.22884898401578088,-0.4027039831014032,-0.291598934276041,-0.3961129487443073,0.03746660163282925,0.29617058331255647,-0.08321279859802205,0.3090072582842072,-0.15110581202602066,0.1234681425556136,0.043267597967069193,0.10808220149764994,-0.04673210621350037,0.10939363710845067,0.06779500836631529,-0.16761598180071974,0.14712602185664805,0.11763301115404826,0.060632297015599704,-0.17077931660212056,0.1517866762625217,0.5276747555799597,-0.014455799859827327,-0.5323454729963395,0.08320137402207033,0.5112190488946058,-0.2676473468431987,0.21850230072810375,-0.12208491434523276,-0.8790550666922623,-1.2750735127214783,-1.18870774355854,-0.856045827933182,-0.7957115459649151,-0.691413264782919,-0.7431614635929624,-0.7645540976467466,-0.3702114524003842,-1.104506455122984,-1.5583079707046488,-1.0462442539184353,-1.0894174901991869,-0.9209303541740342,-0.89863508703676,-1.4420927789030908,-1.1297300220140634,-1.6411575023505782,-0.2868421092180877,0.21387608435127226,0.4884724594481303,-0.9901897840482403,-0.9545961297218976,-0.7651008408946649,0.6663243226370184,0.1709053337657047,0.21239355279615152,0.015173983805888545,-0.8695229239915976,0.9877825111048516,-1.11054306733279,1.2357011374376146,-1.3529912624866454,0.9611832423028718,0.012662573458296885,-0.3488241310913914,1.6600682017765336,1.9539601740366068,0.004002206146287134,-1.5158863921235455,-0.4659766754735396,-0.8549646573565133,-0.4952171853085605,-0.2063233973330348,0.41487032595947965,2.078799744184299,-1.2571618767210508,-0.693994057515242,-0.8604351926253397,0.717413473795077,-0.3831137045331391,-0.7384597093366105,-0.49218902725759256,0.33518443496067934,-0.6751404526313555,-0.48443613491361637,-2.2891638018956098,-0.4796252138535186,0.33862112047759646,-1.4201520466334496,-0.8867890066231827,-0.15629465007860782,0.6345492975593828,0.11825245297644749,1.3551141994725664,0.8463264269900819,0.060526803912711216,0.5128865144462872,1.3914659424978055,0.007369621060725392,-0.5223747362943065,-0.5548768233577835,0.20082209357852907,-0.6379102126912628,-0.16404062224806112,-0.6922336569645202,0.7898561311215634,1.567975461175679,0.3025445087161642,-1.3726697412104152,0.6146364443217487,3.157276447962929,0.2121192532886856,-0.032545189430417454,-0.1807249324422686,-0.4058565832008114,-1.3434666437947118,-0.27691443512266056,-1.0855858035622712,0.1534175627464888,0.05862753272358194,0.25473354135898924,-0.31871988715094046,-0.7376054368089614,-0.6823413688513856,0.006444144079108578,1.5584748455718997,0.6358366943142405,3
-0.33139824873323587,0.13375408546299736,0.13543529930521234,0.15299943360810273,-0.046384843259361326,-0.07167731200316386,-0.017806414434477003,-0.07609266335398948,-0.05090763179853867,0.1653886038107379,0.28260878481892904,0.3122636057438201,0.11433330333134552,0.32519374037144033,-0.2954083681267722,0.36405924743642465,0.04207881018755281,-0.11146877835429975,-0.09056193033235968,-0.33016551417755424,0.10992594074471261,-0.08469851317641615,0.04882762475465453,0.4084659800826825,0.3594091501714359,0.21077169970593643,0.1747215462547705,-0.5295396733776676,0.21461412897023144,0.19051937909287622,-0.08676054725970149,-0.3373719704811711,-0.173541111493663,-0.1893373236276444,0.023826135477412587,0.16105429951904293,-0.031131436025424546,0.3349430380871676,0.22611661429582652,-0.13675139150198545,-0.3741225194518786,-0.04851924022823887,-0.17062834834624374,-0.07443633800435531,-0.23809175113285402,0.05805960064600663,-0.06377236661877059,0.04484754713836966,0.03850950029385559,0.17581949004508415,-0.27351734963387364,-0.05821478194390386,-0.3089699230809896,-0.19435913512418218,-0.11908292084192248,-0.045189717083837684,-0.03538221829943311,0.13280651732484192,0.24105404861208987,0.04772636842463869,-0.28395746670257205,-0.1983175227495923,-0.4330106233015508,-0.3882373710021563,-0.036761748500102956,-0.16403045314841094,-0.04064474038087701,-0.03897973157541929,-0.1608459338484884,0.03691081377555017,-0.12684029568213426,-0.5745433120609322,-0.24031113840518706,-0.1825145706919122,-0.33521208432279825,-0.11715283874990126,0.11824649950142369,-0.4039359395658061,-0.07618384069366464,-0.3000406107317501,0.11948685776314288,0.1389418814231166,-0.0139403184100126,0.23961520358347724,-0.18142998350434716,0.1754518874286382,-0.006806145333913673,0.038441219090073746,-0.12848155053339777,0.09023014390750284,0.12216260454244345,-0.10745232141973382,0.24590888030913127,0.11099009405743651,-0.0029027499659275502,-0.1950421849989126,0.3198522674314091,0.49571445176967266,-0.05638784924415518,-0.5118501752111709,0.014775420905252532,0.6044634194298979,-0.24077206260837247,0.22097220212230642,-0.13468459480172523,-0.8257064360952355,-1.2078271805783902,-1.0829061380906875,-0.851519376926884,-0.2843318738558758,-0.38977943791831227,-0.6394650746000998,-1.0806975414739213,-0.7656605981910578,-1.075204087542429,-0.49994000309186476,-0.931312787624184,-0.7590466243480777,-0.8573439818730771,-0.14785085439808093,-0.8068716616074506,-0.514822415492731,-0.7794001691688912,-0.9676915781841305,-0.17926802862922964,0.013792222346749832,-0.39844683551842697,-0.2505668167973833,-1.2114645696218949,0.004058738928605012,-0.4346604829782192,0.44139005662950936,0.15904134969262174,-0.5862601665958835,-0.990904596559244,-0.4241594842042673,-0.2610592951171683,-1.2447405885563878,0.3697898269074939,-0.18979291922359848,-0.2466377724406415,1.697427317667954,2.099001605128169,-0.2678206057422316,-1.3637981106935597,-0.6571194649948562,-0.4722172679364633,-0.8890109735306772,-0.056783298171461286,-0.6823377490079436,1.4531811147386016,-1.2934734441266553,0.01902179684642472,-0.45596217344819295,0.3782785027773219,-0.6279105313861456,-0.1739520582885529,-0.38223683987373414,-0.2502055389650505,-0.7624431286721973,0.5438257017606413,-2.005871220985844,-1.2145802607105027,0.7113845467958072,-1.3984825008005322,-1.0226389914099885,-0.6039910068082784,0.7937815855100588,0.06551002894345184,0.657452839390211,0.527530031165929,1.660557740315744,0.35756524905085896,0.9934103443187537,-0.27945689436544896,-1.0441443930440133,-0.19210640467340295,-0.2005984502709399,-0.6417689980684664,-0.9205469239213891,-0.12641333015032408,0.39356114137924764,0.9525680072075765,-1.1733774263617962,-0.7531382450646225,0.791879671572219,2.32510644134945,-0.6014681504766791,-0.16791250734937016,0.32219749007599313,-0.9215774893233126,-0.6193332967544976,-0.30647781096082644,-0.7119853371369456,0.32684488355820224,-1.2103744555971123,0.07399439316632328,-0.3575157365197448,-0.9719581116198123,-1.1837872132900111,0.11159356143809411,-0.153242694892127,0.40396608803752343,3
-0.3230246265997258,0.18898706757378994,0.07746151656837615,0.13933662524650828,-0.08860278177773616,-0.06684701140448242,0.019255509777285143,-0.19962197304320087,-0.1436333285782615,0.11732610783146673,0.20760140459753257,0.23648714620373618,0.10747071768579824,0.3447214469546313,-0.30170488456573835,0.39337939650301795,0.07090168634984366,-0.011185530444971266,-0.08846078572036972,-0.38025080060577654,-0.033118578506115874,-0.06372654744072245,0.013457530323266605,0.3829630491003208,0.29009100008050187,0.246605598333846,0.18351688425751642,-0.3453541599300719,0.24501330776588756,0.10624588127737646,-0.14067213434168985,-0.1900789173975894,-0.2577899725297382,-0.16962726581979767,0.10594948581881043,0.1348825674049272,0.11188540500740128,0.37984794530227467,0.21254279536053844,-0.09639624167661667,-0.41049749597944074,-0.07893028296332297,-0.11073819129971937,-0.1312953326327701,-0.17695421981452594,0.11556432699033384,-0.049519784086134874,0.1844738104045288,0.059311281822177375,0.24878990141893764,-0.140572544602579,-0.01197267884097167,-0.16514925565673763,-0.03127805992906441,-0.16902855302255654,-0.09663463713866248,-0.1273417013658071,0.1750149204154449,0.22500037951842733,0.09771430762586453,-0.25786157137450627,-0.07725370791771387,-0.3134641932551043,-0.3394274108667628,0.041012121297798756,-0.11259410643434416,0.035013988046632014,-0.08845584086927673,-0.08980107170147814,-0.0962268016062166,0.039198230390971985,-0.35839494407516254,-0.12082664609833178,-0.12493649031089295,-0.28666054961223575,-0.10157533283723255,0.057320854383087205,-0.32982705534336,-0.15992310758886738,-0.360404274269689,0.06281546529273678,0.054972907069211895,-0.08427546626761702,0.14208210614199412,-0.16996533633986585,0.20344038815484994,-0.015397458411248179,0.028341304178061286,-0.12264574216524145,0.07154887645248846,0.1887279392834845,-0.030731610111142033,0.09969216498656358,0.14497233353494737,0.0857725464988637,-0.0794265513373894,0.29354727461971597,0.4873112108295139,0.10579721662994696,-0.36206246258096203,0.08300790204066955,0.4779115988384083,-0.25472819671288494,0.27420532745860926,-0.0970534467418044,-0.9453801762100174,-1.1588264589671557,-1.0181034842330958,-0.5698357601074098,-0.8783958903212343,-0.16107776391636477,-0.5005066097650107,-1.2795163986077691,-0.7422583081404417,-0.46311574155063284,-0.8584827905751172,-1.3369964996317851,-0.49830028080012695,-0.9971303940244438,0.3077888122139911,0.13687043620183914,0.32611549547874547,-0.07987347244534591,-1.2570835167671126,-0.27808762563012235,0.04331735340295312,0.09322744696982545,0.2413588614991429,-0.9066454663382867,-0.3803425593625064,-0.27675628238893396,-0.38830908426272126,0.13550060659896546,-0.5409776363994838,-0.9881622248682479,-0.649113285119698,0.09921663467541532,-0.9881774062012884,0.10740145806534736,0.15041221201897073,-0.78579431458661,1.3508053144509449,1.5925746315617808,0.07939998457439175,-1.0697560451702437,-0.5259541576938428,-0.23868071634083687,-1.4662867781664815,0.8898741089787504,-0.44642417382040994,1.2324800480663447,-1.8887242986654558,0.9435017160269955,-0.2642226168948771,0.24965078732568938,-1.3078751057444085,0.3066755763367977,-0.3727652726100489,-0.31208336995650304,-1.615241860869561,0.6081443844152389,-0.27020652204759726,-1.4458141286723314,-0.4949292118018456,-0.4812745638564127,1.4150079762143646,-0.06219472740514933,-0.6418426226751599,0.6846552208765464,0.8105987961293969,0.7383769763000648,-0.7271752807422224,0.8325377890532779,0.9036560782730144,-0.3489701513374604,-0.8150876246787142,0.3470087572311395,-0.2149853001456924,-0.7919441307240093,-0.4711276779660905,0.06922584122349126,1.2834632141486952,1.0546083957550347,-1.2255561391445744,-0.7458653787572466,2.549574693764153,2.1518368463047133,-0.6463492383989038,0.43361862940734736,2.5070936074721755,-1.333921691085814,-1.0481224496534738,0.08313694446428803,0.5006060151647534,0.8370709466780586,-0.6768678332447771,0.5857916452068646,0.37638828385878925,-0.7383361077064564,-0.5331847414305773,0.9628198877579341,0.20553805006869483,0.5259759847229641,3
-0.3783394036430557,0.15274915766960218,0.13275148131570474,0.19575630538640137,-0.07933424030009528,-0.11036593463889313,0.017916798209402545,-0.280416934569412,-0.24975799554377165,0.01384947776464425,0.15929843501673904,0.16789720351293372,0.1050693938164492,0.23654279602181383,-0.2876305541395792,0.28059378921850137,0.18768091896275937,-0.05502419773009841,-0.2292365804415764,-0.5515703614749894,-0.0870507384594918,-0.0881926307415058,-0.07530571996176343,0.5056714393011957,0.07991731361590552,0.2320813692222987,0.25335416241533026,-0.33540223322125984,0.18635255130397077,0.11367712178253044,-0.16819992874611425,-0.1967167733984346,-0.31026591437847956,-0.29055779002524035,0.11514281993827184,0.030819160006080135,0.30157419179413003,0.46023352638203735,0.19100436141359362,-0.07630722709278119,-0.4298713200951303,-0.20512710307172158,-0.24658801636904365,-0.14235355083487553,-0.14530824950162838,0.04670559187503573,0.045408922419477235,0.24012297331316176,0.12433186647270428,0.31905640642887767,-0.14874287310641235,0.03797934406829033,-0.13865973520964628,0.07024149301163439,-0.1472071420380911,-0.07838885817432019,-0.10629453292921276,0.2350391866388887,0.20087677001067752,0.10306088728321197,-0.24378852002476306,-0.02144664330034008,-0.19572473079494798,-0.30226598109519964,0.20513196982264867,-0.11479040121612785,0.09735822238535499,-0.04988817517786895,-0.09422803592549252,-0.125742666398128,0.16523220040066913,-0.21464536151705674,-0.0010516224245187755,-0.1218145784084643,-0.11393602419143196,-0.007109718661292605,0.07892422821615305,-0.3288909667952024,-0.2346412150217855,-0.38105120715226115,0.17773984655315478,-0.020638484136133357,-0.12794238249426895,-0.10300432452516427,-0.22042960583597387,0.18271989544931333,0.04213863563483799,-0.0516563318849342,-0.09623784011137149,-0.07038317069049209,0.20922157314266857,-0.052076598599273535,-0.10787555226006748,0.018605853436053185,0.01689605566279068,0.01942783977978923,0.048844755045495014,0.31639165603235925,0.02582402334885413,-0.23400610111132306,0.09858897289726008,0.22054429453671545,-0.08410273368307193,0.12822815169139468,0.017786543480864406,-0.8052507633751758,-1.1864263782172322,-0.9599366819039994,-0.8659339839049696,-0.9711856152522105,-0.40461758836634804,-0.6767005737615224,-1.0003314118019404,-0.48710367926649667,-0.8224790460769834,-1.098006896348174,-1.2019356441227693,-0.721895674286879,-0.7862031272822059,0.8381195833684202,0.38221359227862317,0.9590974305300273,0.32301445002878987,-0.7451414244164865,0.11189868798972852,0.33448246599781295,0.5093863039557557,0.320441258645901,-1.727052405880116,-0.23614224251395202,0.08622620607566724,-0.13283318683355805,0.4561286901097375,-0.48758614224848845,-0.27518076948180087,-0.5627056625819502,-0.2119175475322359,0.7993487021729117,-0.07264083035103866,-0.043426410659359184,-0.5170625534097157,1.0012929928108094,2.0223998623956203,1.3345834346806926,-0.5753981352749086,0.4641234155532712,0.9961319079741285,-0.694464006822333,1.0978151537316516,0.38233478129306575,1.0658329346719795,-0.6885862823273308,1.2954249191191354,-1.4983117878876473,-0.2138418623355757,-1.1202220091801371,0.9119015229115787,2.1670088066856636,-0.15450789656700878,-0.394239612091651,1.5434071511799168,-0.607410318242563,-1.4729775886002028,-0.3814551308589028,-1.452914328270042,1.1817096695121834,-0.41868654806069566,-0.8754668017266222,0.15905958335052223,1.9587246333381954,0.4698612927146599,-0.9257349390653223,0.30541457540531064,1.4962386404826475,-0.6450001105193334,-0.3127112950982538,0.5995495108744245,-0.12505671928234435,-0.8411398065488359,0.31552463026671956,0.4472457568017639,1.3024546006126325,1.0402838943623751,0.13974857847448666,-0.08932872346794715,1.2579924516671903,1.8707856152989106,-0.9108521258095167,-0.5354402890900429,1.6139933966433109,-0.8714042803514391,-1.2511294274008482,-0.3954705774643986,1.1502815041077894,0.7596971570339154,-0.8806214377863072,-0.44535436436286346,0.7292426332950824,-0.5702184981239689,-0.615887846193166,0.5876082483249673,1.6087433581791224,0.5725880681968367,3
-0.2920039598249495,0.3235910170825456,0.06053244219851575,0.13411457480844025,-0.10703319123094356,-0.07159461557082461,-0.0954019984944841,-0.1670293810754252,-0.1929409647389827,0.02064760339884047,0.0512719541952947,-0.016995536939821344,0.17836229831234976,0.3027159229576025,-0.23132831126411973,0.09357105548856513,0.2543206310216837,0.05840204567863372,-0.2736786771748554,-0.6273618499301918,-0.21503965440502049,-0.0661994513689915,0.14097897154957612,0.44800554304666035,-0.0069822472447688515,0.3226290725065629,0.2620260021441101,-0.0898356701843755,0.18754359485749134,0.0445193274312788,-0.23651298141658758,-0.15965008881026757,-0.19310006583204345,-0.32416038918150425,0.061624725968534494,0.10249761177573265,0.2473036879145275,0.428423259578262,-0.02696294106209855,-0.09593928331522812,-0.40621549460806083,-0.3534568098125374,-0.2625845729127741,-0.047854454433534144,-0.0665194724326759,0.007313719911456673,0.06484957217279019,0.34294336993771674,0.1568095689213844,0.33978391441204275,-0.07808169064621785,0.03822449763207699,-0.010114797076610015,0.07439601945976745,-0.17498359041474928,-0.1164021839704914,-0.12605336723610802,0.3815598171051392,0.2144025362972519,0.23067592711548762,-0.25351523443112145,-0.10212339872968476,-0.16275472550806294,-0.1919626752746775,0.16257334266777634,-0.15152301100615495,0.21656397157249876,-0.0788054621728755,-0.10953079067934535,-0.1272227174927838,0.1908855976930287,-0.15375053788911083,-0.03054893981506745,-0.08889827341332537,0.060248918270204475,-0.07503811603680303,0.02780479672773153,-0.3140683799953913,-0.19644949165305828,-0.3528132928181951,0.15842388967872897,-0.15827173279765674,-0.21585093448627168,-0.3421564097204081,-0.2553251944694679,0.19362110016910578,-0.030252514365873784,-0.10709037898966801,-0.11603836711853166,0.02358919541255215,0.30360346132045013,-0.0748712767325181,-0.25887122659446304,0.13719547061803694,0.10384720782925223,0.12326832281436882,0.0795809303326181,0.23563710273152147,0.004310945172134136,0.08142056293960981,-0.07339858058588397,0.15899534813598734,-0.033123650090819017,0.19811248449329985,0.11073760099492305,-1.0176975148023286,-0.8488609117095126,-0.9357118040358022,-0.7086400866339527,-1.0389846767076374,-0.3700487261639635,-0.5795369244037982,-0.8510857962515139,0.02471788177017984,-0.2250760363161449,-0.6368735332420827,-1.0494352305404824,-0.2165249184395728,-0.7886501878225692,1.6243193180782716,2.0799586852022354,1.4943233278801504,1.5749104490255972,-0.8847912075082526,0.30689171389809405,0.6811635557061151,1.0999293667494416,1.0616391899050486,-0.42903815747050733,-0.03891111747442178,-0.21920187139907488,0.5309992825600537,1.014787203831733,-0.3761385425954005,-0.15956266882551612,0.8165550219205865,0.10348059165256263,1.4261000680296911,0.11686835946106121,-0.22697763667974874,-0.7094499072313537,0.7540695477416346,2.2449348994413616,1.2854014772638374,0.06119348348368139,0.7763532972147382,1.4639764735700007,-1.4266092525910776,1.147039811803225,0.5060552921531715,0.7394266921971421,-1.5136657427121911,1.85720421909434,-0.719124197307721,-0.9235222890895375,-1.0831921799353665,0.6342839985266507,1.7287727439882117,-0.3958438832927204,-1.498609412391109,1.1082212649483985,-0.5565501846471788,-1.3014689121607355,-1.1192341072462155,-1.4392706879961172,0.8801163609370076,-0.586228057026273,0.13905198478376976,0.14541612715644078,0.4959273573509312,0.9828608957358083,0.1306173481466262,0.4030011876715085,1.0788216635213996,-0.5499950413377069,-0.7472848462609094,0.6835084552176596,0.45144234869516664,-0.9374925048254636,-0.5549549796697348,0.27817756005519967,1.351589858481065,0.7858100955144036,0.011757250226610219,-0.7711545858185107,1.2323075133456651,1.7366069024746218,-0.2773299882634717,-0.6660744039247508,1.5230900371776521,-0.4936915132052195,-0.3319998905889733,-0.6023838524099943,1.1677103120403205,1.7913374964146611,-0.62350460759943,0.07721137963922879,0.3898635450047868,-0.5910158380069289,-0.5129301310962786,0.9594881239678995,1.521741209656765,0.45555071849861073,3
-0.2613585285047847,0.2751642629170389,0.09028662877211992,0.12040701677294317,-0.0127343070893489,0.0362040746537213,-0.20478717600992621,-0.22299797550800313,-0.1344165379898378,0.1432625057356208,0.08939147418771615,0.004014458555481501,0.21340732879818608,0.27596283106026587,-0.10287028888958656,0.1954941505399693,0.23946690384281444,-0.08483689652933936,-0.2322663572466177,-0.5055472176273589,-0.1939949724244104,-0.12053241008558863,0.10157429294767249,0.3626712094527686,0.058109259130383714,0.29415723763359825,0.28780942380832386,-0.021315094192497445,0.1914785132405107,-0.050980944073221686,-0.2077280378623566,-0.11467030217303481,-0.15129499359795082,-0.3186269627545475,0.13913911022997968,0.08540315008313269,0.3053635559991299,0.38611631555030995,0.03638413590265141,-0.05022013452696571,-0.2691829361496001,-0.26651456726776207,-0.28334900387728434,-0.06770751962776939,-0.14800248045376022,0.02878510713765072,0.1190625859776782,0.33182004121190134,0.22466727569685785,0.27420013942105614,-0.023438444730426496,-0.053243706826078284,0.012410510563053064,0.06804296998224914,-0.16761687277561704,-0.0783834314792835,-0.0409099318706286,0.3497084121919883,0.17090923114629533,0.3042920344305222,-0.2205453794516153,0.11492284182520422,-0.11265179242824865,-0.3240540934631583,0.13245026669097468,-0.1765367154785373,0.30151001323745974,-0.0929468233468462,-0.023515866726355875,-0.23418494906775436,0.22902538653491036,-0.10239959422945952,-0.0663245003305377,-0.22192046995456882,0.09819413598160201,-0.05346109390089487,-0.0660481753997541,-0.2533494444881288,-0.1788202115461369,-0.35303079485704963,0.1382034555208466,-0.1761177316721174,-0.24137242842522916,-0.3401874413096083,-0.1574626637468822,0.22694123862451696,0.0029005977599949853,-0.15677582294409384,-0.1665050101718665,0.04250643625996777,0.3889233845755192,0.01970341667039291,-0.25493264896544,0.15067381672256444,0.14692501799368649,0.1894950006271586,0.0686379794723635,0.3016576580146617,0.04560198071963748,0.12280577620345876,-0.0057958183770288356,0.1690261944954981,-0.022342002154900373,0.226427969872958,0.1748481817671243,-1.1351711614389262,-0.9834267475064946,-0.680834780350318,-0.8705084688263097,-0.9931965164469335,-0.6866149113907157,-0.7475236798249656,-1.0822202841567674,0.19921287768059492,1.1678224746200494,-1.2653017923949366,-0.37798646529872665,-0.5153263915449078,-1.0494816753519558,1.7420410779599884,2.4825346242702793,1.4783954086833924,1.9994474497788166,-0.8562597704466005,0.6832044246598378,0.8977775323166621,1.3156242318600195,1.0928701394342968,-0.08105501145543238,-0.1287036332102229,0.17576173721029603,1.1839232961421478,1.373981995738923,0.6563616938764185,-0.006193533513761643,2.309050490053606,-0.7833121975076546,1.745200356768264,1.152969511354514,-0.014373199239833448,-0.49835746023933913,0.8604484466114593,2.6306529908955905,2.43912772633682,1.237405793447884,1.2607402963658145,2.0449106816640286,-1.0903438199034217,1.5805840631908723,0.5281012695248373,0.32664920149509247,-1.58524120605478,2.459777189010537,-0.18529810420629525,-1.1269874914597922,-0.8144609009425859,1.2130807490425315,1.8428011958791226,0.29390148664420274,-1.562976485912276,1.9180019543617766,0.1744176365224706,-1.3734851732219397,-1.3356638478212877,-1.1187040571693403,1.4113431747247434,-0.4232863743933279,-0.9675670272536787,0.4731753392990007,1.5038339312406597,0.7848005001486037,-0.9818222544139396,0.7842261125554911,1.5907479286841253,-0.7183728040045337,-0.7371967329923566,1.1812416340080643,0.334821633342957,-1.0073472249801028,-0.22780802628156038,1.0877893970544972,1.4475936731768813,0.7170940429089357,0.08203608111806576,0.3210817803638482,1.0644986400815932,1.8781274245297912,-1.0650578775073138,0.20792330825286823,3.0193403500034286,-0.6236887341638289,-0.9929203392865885,-0.2982321753874258,1.5580027377913543,2.0097801184573543,-0.7302070084511008,0.7605063825346864,0.9998190685765723,-0.6347935316114192,-1.2501074530993825,1.4711722937456426,3.338929626534716,0.47402896600156263,3
-0.27879887864099473,0.2846865620626815,0.16220320592517157,0.19658889170106855,0.00039488859211913766,0.11219615431462907,-0.33018367307859087,-0.2520348443653871,-0.06704486859819137,0.15190615962737697,0.1010777678781471,0.058168196225158335,0.2612136505589181,0.2132156309492436,-0.07427605680410523,0.1718824274602219,0.29251820350424745,-0.046154765648032114,-0.23016191921935256,-0.4360023490945241,-0.2126509462841899,-0.048429515094163364,0.11216526147375314,0.3941621161058573,0.028046182317458857,0.35570199554568543,0.3179657929812091,0.029829466761023264,0.2145851307132386,-0.06854560113310644,-0.22322409561103262,-0.1789867963464628,-0.07770909971421523,-0.25998043686365124,0.21509087634017102,0.08016367571139078,0.42625177268515363,0.35177736489015615,0.06393233420271371,-0.06655068501056825,-0.15186612927513105,-0.2795988530350486,-0.26892712963273063,-0.06554938001562659,-0.2273133256095041,0.0676079439802344,0.13127022679971603,0.3742843869568504,0.29887759745402454,0.33310084262009043,0.10052702245214576,-0.1078132904103379,0.07924173087131786,0.09158230252718327,-0.2356582880951162,-0.0958724882284771,-0.0526607382506019,0.32760612248036464,0.13936784382677192,0.37238619646252036,-0.23466232914259552,0.20793295537365847,-0.0392437476670557,-0.31298039893484725,0.08781937168628477,-0.21199941076279033,0.23002102910644637,-0.09769372758523887,0.06709103450589012,-0.1784979622581793,0.12924377836928952,-0.13775175503330062,-0.06896793064832296,-0.12175551829543875,0.018167542809230806,0.00809971255181109,-0.17997377688881575,-0.216565713192926,-0.01399317538048066,-0.1908803672070383,0.1342698106957203,-0.06464502444473089,-0.16619310952053865,-0.36391153197308806,-0.018095205605168106,0.2551895413542146,0.05263237621830877,-0.05128558332997364,-0.14011787511483348,0.10950464602568069,0.4428854950816813,0.03814592349748358,-0.1886084864686367,0.15651959256553588,0.2768253734099602,0.173286505715068,0.07512247842668843,0.3309511359185576,0.07663993287300595,0.21925641569804905,0.023080627326600503,0.22853179172819665,-0.015354206246285406,0.29562260120700024,0.10324176639993668,-1.0835200839836694,-0.8854142178365928,-0.7419754299244204,-0.8039119722110116,-0.9395117790486485,-0.5592927538827002,-0.6954399355770073,-0.7843272103955393,-0.04392094804110209,0.3715525481911565,-0.7900660787199614,-0.45498937358402775,-0.15938088542198167,-0.9142789909539202,1.8679582325732447,2.7371983792030643,1.4784516549328912,1.6360548232839796,-0.9691849362895089,0.5853520868502264,1.0931915180920144,1.5552655965655329,1.287652237585349,1.6422398161465361,0.2627831952984522,-0.1512596178700328,1.8641765273179194,1.9930949206883908,-0.27505684505222394,-0.7849755429714147,1.4168743755647792,-1.0983661194875085,2.215734200102597,0.8282136583906795,0.16178648516653155,-0.8586497168697789,0.3633087236272401,1.0560812625846436,1.8600011613272736,1.0708024900477726,0.4760890049810883,1.2176970530868778,-1.2898980438109364,1.5849741203370147,0.8359520633975182,-0.20282187089633638,-1.449913980488674,2.5445377272595535,0.17217937693187382,-1.0558143625454197,-0.4331198416266616,1.1047279399339767,1.5128597447567613,0.4975928738522609,-1.4612721650641751,2.2575188485205206,0.1207627592750925,-1.4641804812111785,-0.9953530056925955,-0.25495301001254367,1.611677862710299,0.04092225001403209,-0.21893287797067287,0.774845974515131,1.5032686692716897,0.6860934322978268,0.6549016771968608,1.0073898845916054,1.193647437597303,-0.8777572774106994,-0.6252078932151028,1.2334386218632367,0.7930635040725212,-1.1251366768926756,-0.20300748369567093,1.1712260511585693,1.7108572492185838,0.6511650555166375,0.4429232411411852,0.5186244289474219,1.384896473610629,1.293424427794532,-0.013213980619094538,0.047846310942586595,2.968986439296027,-0.22517104320800688,-0.007828840336115507,-0.21350086729385975,1.7539008141983607,1.9309356767604742,-0.5485116163639485,0.841932666491947,1.1186913933909106,-0.6725126588899825,-1.1674381313024913,1.4529626747409314,1.9218620663151091,-0.2519779690919068,3
-0.24283969547539555,0.21781635688634768,0.08712533192938045,0.1914774794963025,-0.01256491631456294,0.1538564500491959,-0.46451823764055966,-0.25653852513808295,-0.08914264188439908,0.2984327415093243,0.208373816682427,0.06448683519239175,0.08427751639568805,0.2750967481606025,-0.021471961260731462,0.14871518206511536,0.22692422440384183,-0.15329791907108226,-0.1595444824071454,-0.3998778678135799,-0.2787997427860946,-0.015229057041462426,0.08360596655445524,0.2382446832346337,0.00910019764404182,0.49241618529694614,0.2695794817065023,0.06135824443421381,0.15653482206799282,-0.08374295744335225,-0.22164688115985848,-0.20264301088764475,-0.06818201103783836,-0.17631797524840304,0.21375629772864957,0.04961730244298248,0.3753767193514168,0.2646074067180824,0.03295567543420488,-0.0867970929319792,-0.049012778756423896,-0.2935708521778876,-0.25630993885215314,-0.08695185675642864,-0.19756912992581205,0.1385644839143612,0.13047122939189615,0.34503840629976107,0.27858824947225336,0.27098592285644013,0.14227790037109306,-0.13995087811402365,0.06280394723845995,0.0823724864424577,-0.1466838522030899,-0.043112354030101406,0.0016509183547320381,0.27255168210055986,-0.017117624211349575,0.4303941438259824,-0.28968801041292774,0.2920653438855885,-0.07531357280685294,-0.2455959398463833,0.03912988525470683,-0.19714512188999297,0.23909257972925207,-0.10225026661018925,0.09148742698543663,-0.281997316539049,0.15809871364795516,-0.06502332701273686,-0.06620651826305239,-0.23185044309868047,0.004061470282385189,0.022261234709786224,-0.33007973187770956,-0.16944012822382024,0.021770928248360803,-0.13657499105150586,0.12759477412861284,-0.11707474431255115,-0.19094199199685932,-0.2769983110279177,-0.0687477750919329,0.2194263868314128,-0.03660778994651936,-0.0509021055763986,-0.0484296566343903,0.061642377026149504,0.382625846626519,0.19119967828181847,-0.19153127326887426,0.1243201667787322,0.29234343984596917,0.23250730687533666,0.030594263028864897,0.1525590717583144,0.1977529922339238,0.2675712539311628,0.10198950071013875,0.2085125591347449,0.1781406675383648,0.21677798942158627,0.08742394130819753,-0.7429615980782752,-1.0392139855987235,-0.4686748110067289,-1.125011974290406,-1.3239763408851852,-0.7162877180269247,-0.6545903781693401,-0.7158748528998632,0.14446497896930033,0.8354673336080525,-1.939972790558311,0.1341673680842455,-0.87939474005778,-0.8383127632270724,1.3308693408883285,2.17540449310717,1.2374568271831758,1.6808071203871042,-0.19318251069629466,1.0576601300266784,1.4087876604852938,1.1748563839110908,0.7963512150920857,0.5153464328139562,0.6002627425447954,0.6543538388737958,1.6155231325979014,1.5882168955888494,0.06941778059168072,0.5220490218731867,1.8477499893961338,-0.145376904699052,2.7246618182856035,2.487090940547291,0.6388738795490544,-0.38887363166627753,0.8976329034664208,1.5913949914201644,3.509788174454913,1.755855734225187,0.8900759432687381,2.1582899280944767,-0.42023427043346645,1.4182878696078762,1.9225005230817995,-0.4188228192663018,-1.5714414662237464,2.176346443169945,1.2070898505916052,-1.238369575554357,-0.24447313018127836,0.6431408992387543,1.9776591618183263,0.9557282886075765,-1.435646889156436,1.348977005253871,0.2484633375286539,-1.7969737388538076,-1.3655701644649205,-0.5235969576995936,1.8704056483409215,-0.0713137769980508,-0.9926537006850351,1.0883205631042148,0.9100911608535901,0.6672924185809396,-0.8748261709378433,1.5953580469775805,1.0463885336613235,-0.5044351412968362,0.12252906687491746,1.187924315529757,1.8824057683608022,-0.8548615474967146,0.3793842423885946,0.6083139546758741,1.849657489194344,-0.24882225057995802,0.20583920864237198,0.35167524881484974,0.8675327182899361,-0.21073941589372222,-0.697215149760993,1.278594992929924,2.9819944216897136,-0.5750558703222979,-0.5137253535248654,0.21904397313546134,2.1118572542787293,1.6165619952266483,-0.14561385102338378,1.4205343588871633,1.1754532813869139,-0.6475223883851424,-0.22513774772315895,1.732911494532594,2.3574751082497993,-0.13443968502823958,3
-0.25040674850015227,0.15587286751279444,0.0008375052332328355,0.25220857155241566,-0.014160390694055058,0.0638363314561782,-0.48302149189727084,-0.0828925247705478,-0.08058410990858252,0.36052823316848376,0.24346508935822225,0.15698699872324506,0.10128625099412714,0.17161649664030443,0.038663739185228585,0.08656789747214723,0.24262029048001155,-0.15551977428990987,-0.1715923939333857,-0.3206957277687479,-0.2560580194627919,-0.015383594211480037,0.1473587892160434,0.2558312222671213,0.053995013797286405,0.53958130095045,0.2693953243703074,-0.019730979591744337,0.1387236115107248,-0.12917462667388105,-0.362392031076663,-0.201353543975855,-0.03357260865381635,-0.12465311297697892,0.28683171270184343,0.08659766620132281,0.46651641352096535,0.2935211554033721,0.00029869871382421384,-0.15934216584326538,-0.07350149580375429,-0.2953956424203237,-0.258740554158577,-0.1422132679307403,-0.1707812313448244,0.07022183462592564,0.1674017067116255,0.33343792311600445,0.34218919510148643,0.2974557228324274,0.1572709319380935,-0.163680144555596,0.2106938216745753,0.02584271472327287,-0.13293679801515698,-0.0360721905188551,0.07692463452577175,0.2044180683029303,-0.0006239378567988234,0.31361707905323416,-0.3468114043889355,0.326697745665192,-0.010697756145967218,-0.17033357050633863,0.028862073538747975,-0.1972645152500062,0.2636400897844229,-0.11113306696933695,0.06409312428236145,-0.2552992273523768,0.10987662772431404,-0.05233005615533759,-0.010824454119933416,-0.39046480984535314,-0.02320350635418252,0.009913625526670198,-0.3664452376887563,-0.17425369188250317,-0.0028204638756077825,-0.17103765515041802,0.18526704021596035,-0.12261855941598862,-0.09476432944603111,-0.15686804079293884,-0.12253742410387344,0.26277637126952796,-0.08239492416334086,-0.16876271475296406,-0.06967279488355706,0.06654328650054192,0.31762238457572106,0.25451785114731157,-0.16137790743856736,0.11930404474497816,0.3630603286869856,0.1704612051051976,0.10411294062336747,0.04573332126470142,0.21010104251483575,0.31912600199877983,0.1981496713335491,0.26759638116376616,0.08027546200997948,0.20530233295008365,0.10143076784656338,-0.665335394578384,-0.9051503728825132,-0.5722091696885998,-1.2846981523289638,-1.1745017833792046,-1.024415726933038,-0.8879731769233328,-0.777424632555602,0.04347063669315796,-0.12568696418328323,-1.970458976524286,-0.08877452526272168,-0.5828420480078066,-0.7043720144976553,1.2256939954299075,1.6000870420190842,0.4268034810112298,0.6558317377793246,-0.09788871215461367,1.0806175324131553,1.4522590127176027,0.9416446558732033,0.5178081464344153,1.164876778870252,1.4441750999976481,0.2035373222326106,2.2459930451312897,1.9823909590776065,-0.3090136867202046,0.8136277981196998,1.424281837303604,-0.5926557944515892,2.084280671816309,1.3783069504128531,0.6414788373577318,-0.7924708509893477,0.619893768113765,1.180271714238431,1.8581615006677996,1.6349079277914902,0.2861908678199808,0.8928665846168417,1.351650420354798,0.8683198080800594,0.9730591351275105,-0.8846722705677873,0.6162748971176275,1.4801618828030356,0.880374651561259,-1.4060197761500781,1.7224714476234158,0.5905610003124024,1.6273401640731056,1.0313930657634935,0.8535961046708325,0.6844262618146641,-0.08737508107105452,-1.3093478285533962,-0.9378224711061351,0.7212931827247581,2.011360384792222,0.28367078094759574,1.6850703782651093,1.45570826600027,0.8531061545379374,0.6353458982968694,1.71690965854175,1.5967444251320033,0.6111681818832774,-0.5768858478669475,1.9445117040534414,0.6664582028277249,0.26454631692358727,-1.0075136963396123,2.6247802346117095,0.11880492039654916,1.1730517136604657,-0.45513643875742327,0.35647043870037115,-0.14761108277162116,1.6083007934089055,-0.1374086063490189,-0.7794767724838377,1.8799007772224832,1.8722863398831961,-0.6371999586350758,0.8055873838153649,0.8698758052623876,2.032378147522537,2.0519251182227864,0.7142442392360197,1.6171265535353476,0.004298438953783487,-0.9267636829396148,1.7327275640762818,1.4630000735475974,1.898743707247668,-0.01079068965611851,3
-0.17188033500755343,0.14387610327002534,0.022186278404855618,0.30112633321464555,0.06314108601066773,0.14032387215502054,-0.48405121047784294,-0.007371112274229988,-0.20439437153609508,0.2642204034644409,0.22541620939203866,0.039289873623575514,0.08082614967864118,0.18153901652965088,-0.007844393021558845,0.10236637654561002,0.3025130221998338,-0.1769488717645239,-0.17837411106061438,-0.19989647865190538,-0.16392505569075816,-0.08327370001076936,0.09954498952590689,0.20966779543302855,-0.048647150976894045,0.5054916122430533,0.31425551442026095,-0.0542727259786316,0.10768096117834024,-0.23218914844977173,-0.2924760175878125,-0.037318603543517924,0.039162359395172874,-0.17946168250574718,0.26571651738012597,0.04119772117299717,0.3542585363531489,0.1571458852889334,0.042705761337275036,-0.1475136732175804,-0.10008315538030016,-0.24567749284577808,-0.13456478342698583,-0.13906870727795845,-0.15495071302305813,0.14256756947507818,0.13277175404346755,0.35378718883620225,0.2549581532111752,0.27077747677329284,0.10243424046316336,-0.23451904770014467,0.33907424587506574,0.08556507974955838,-0.16510996279777418,-0.08499070771596885,0.05795932211981699,0.1658956524880624,-0.04531426716802657,0.2658017766130171,-0.3307400337330055,0.47727037792215327,0.030492506273102793,-0.21680730007848212,-0.025017489692536275,-0.18007055235659578,0.1693003714900071,-0.1255830409540525,0.04250052604892898,-0.2549735888444023,-0.046452029267326674,-0.08719924156821819,-0.1203166104652134,-0.4465145788786153,-0.07280307318785606,-0.09314261836841634,-0.39203588310438897,-0.19076682179002774,0.01698936917155046,-0.15783624348447248,0.15619230953226224,-0.09930144116358172,-0.19974717460845232,-0.133828150015683,-0.13684098266954628,0.2841276104712336,-0.08860627189119319,-0.12418758523839132,0.030585134255408885,0.09336276308770354,0.24755413657460584,0.2177982714203497,-0.1666946200609864,0.22656854156855463,0.38845772503211184,0.15874922861816418,0.10461331572906717,0.0709123835569679,0.21157594153391926,0.3666822437011534,0.3321157953002225,0.2635511560451315,0.08189535868731855,0.08811315087948449,0.0941112479284476,-0.5538943317531075,-1.01647412179227,-0.4208807410951583,-1.2670236725676929,-1.0339380407169458,-0.9634464231178963,-0.7242470020461371,-0.9745338658289324,-0.01922621188349506,0.6834918642862485,-2.1518094903787603,0.07470381238357522,-0.40560894044209855,-0.8267064078059969,0.8620511486647993,1.1915297012892732,0.16880179227494752,0.7180353441236008,0.04874783475422659,1.1424171186777272,1.46314758709997,0.6329865184491635,0.5064612902965555,0.18691502995112655,1.476190252515875,0.635222059536918,1.8887482016257808,1.5902722116059107,0.8691793232550563,1.5422197062619647,3.2998508887041864,-0.3791204975400866,1.172859889471818,2.129732661424628,0.2537940211152117,-0.3773387220777261,0.8206661668730102,0.7475487133542833,1.9608109047857083,2.692084379222853,-0.16727755157200072,1.0559011880255726,-0.016561905551461222,0.4335310761368124,0.2876304099562791,0.0868479110681585,-1.0151935989593013,1.2451217599601512,1.4300461386698895,-1.3097582900705824,0.9939393901284442,-0.05832338971720938,0.5118576437348513,0.8680543083691693,-0.7518782574969619,0.6410429876547163,0.3250985706238226,-1.0594387755664143,0.16957779307632692,-0.022365201678707928,2.805740235081364,0.9754749726754711,1.6049714533809547,1.1645177707272696,1.674591106485462,0.6557938228523215,1.732921416518846,1.4077577848733536,0.7257138565003287,-0.6392604631485369,0.47782110482218887,0.37811443250138765,-0.3489346586409735,-0.9695344620311392,0.19019251311224045,0.06730542935980383,0.7704761572692892,-0.04924575408568297,0.9611983413607577,-0.22566042862881536,1.0888241785987602,0.16996386500032842,0.28924607800418156,1.522495007277459,3.135932464919554,-0.31459334769770686,1.3623389389073906,0.4388086110922193,3.35430750491554,1.7692713517135303,0.10397224287400594,1.5515350106142782,0.2508728804800072,-0.7192400878050326,0.4840102017428903,1.1158235991471066,1.728200940088168,-0.33721193004540423,3
-0.16414603194935906,0.1073528013123372,0.05123474513427773,0.307780007528252,0.1017743731309536,0.2004892242867182,-0.43203830045283026,0.04421911316974395,-0.1890015459477095,0.2734892759548748,0.2860874360635395,0.01966008165424401,0.08993355912113529,0.16375811743237817,0.009450677568311076,0.08383650335731463,0.3726627791493087,-0.18785381095325127,-0.1523651985095691,-0.032326092656395494,-0.10415778050032483,-0.1562839668388715,0.09331331263370828,0.24789172059428205,-0.09347436128999913,0.4476711434610021,0.32443241909601195,-0.09929588697068309,0.06897516845006318,-0.07233005087020439,-0.19035916235995354,-0.02169192643886815,0.15714216859176555,-0.2799330501715388,0.16166451817822783,0.09594000129892062,0.20865936136809218,0.2412627850450151,0.06278672420721562,-0.13785090322154664,-0.026942861397772157,-0.198976094610745,-0.03568612710815822,-0.06084685111339609,-0.3212567190549096,-0.002507054133443624,0.14582173188139327,0.25264677118090545,0.22669815378419722,0.28011742773235127,0.0954819007551133,-0.23937357122414563,0.34604316709329125,-0.016480919590431835,-0.08099786256108854,-0.07410431609877495,0.1331575542383947,0.04524659193190781,-0.01182016410846439,0.3191219285514455,-0.13007477880614265,0.48441368371132054,-0.06397490522192166,-0.30330467235184816,-0.0717401179057598,-0.10868514079244644,-0.04668531733815449,-0.03870307614327207,0.17164514802705047,-0.11046279378251604,-0.06171900829247772,-0.22802754622872753,-0.2367184270258152,-0.4804289280362421,-0.1465726795150361,-0.09801247041138314,-0.31476149680012194,-0.31170158134282194,0.10529692193150365,-0.13115626834016908,0.15728761931378565,-0.07813418674588594,-0.24315030406440535,-0.08672625096582295,-0.16083555099360503,0.28720893498275424,-0.11820418454972939,-0.048852693371650636,0.08970657134918517,0.018964846362366568,0.23495183531189465,0.18652150664864545,-0.08752388948293119,0.19296719804731693,0.27296952880811204,0.15251852793941356,0.021436762055356363,0.0995899452945342,0.15718360861903996,0.4284420083060188,0.2435768208613722,0.12907505446450002,0.11406034345587818,0.17600034988656008,0.16674417044079173,-0.34405195435990865,-1.1076072700639916,-0.4891444938596967,-1.2659111531348817,-1.12547303054767,-0.9042303395125921,-0.709001706656714,-1.0932482196109197,-0.5099612600305329,-0.3836078222355809,-2.11808676853357,-0.34997867703058383,-0.7864835836735352,-0.7816228597627897,0.32536225722734885,0.17851054867052193,-0.10947974329899411,-0.17218510695467387,0.9440380029715834,1.39586966735147,1.557670851914301,0.23323022575557176,0.13699056671077361,0.7547506192251716,2.495584194963491,1.2140042411227632,2.553720810324223,1.6338875040640906,-0.18185783416643234,1.0071968677350829,0.571752562582887,-0.6927888989225488,0.2371368186763056,0.3867485117890247,-0.10880979277283562,-0.7205410998181663,0.3224194627833471,0.23141858201417817,0.31357088539938616,1.181560562856143,-0.8013012880325345,-0.5244685632449322,0.43752856264954915,0.33785325511893227,-0.23423045795999278,0.3686463202866264,-0.019898689229416185,1.5924323328433445,0.1957880533039471,-1.0282898437206474,0.1005318935610082,0.09916883232669714,0.6342600853118526,1.3187475800849906,-0.415530147211508,1.7427312445680487,-1.363764420011861,-1.1783730083874824,-1.136795998428474,0.49382981786725,1.1512429738331853,0.950794579678924,-0.47640544337657525,1.2953293230607639,0.8223542360799437,0.8327628680316614,-0.6660098672920742,1.4963601777268782,0.23297464149219332,-1.040758928630086,0.667088651260284,0.4094673493534523,-0.4892623088464618,-0.9113127781214239,1.1623203427431068,0.7017818382759644,-0.27034234459476797,0.1764893252457161,0.1249439296669627,1.8374626904700417,-0.4172668871771769,0.12008005990742043,-1.2206443942089775,1.9672241033193827,0.8385390801770013,-0.21280154944849708,0.18805413185474207,0.4707337520653478,1.9187071849241717,2.3129733685226923,-0.5493599921035258,2.243449783068401,-0.31890270082039773,-1.0762177741807244,-0.3356988013565905,1.2716025157761297,1.209714996932853,-0.4096812408706673,3
-0.15744974871683523,0.057651577227548254,-0.0632717318196855,0.3559750516851567,0.06839071135005247,0.13407623052977252,-0.31166611925998083,0.13359525184018323,-0.12551587206047315,0.32840816947620544,0.34422031428740935,-0.07651065826498538,0.018129529157805323,0.3100138070511214,0.1914801258414539,0.15454725009914488,0.12354880719042535,-0.08318015216752321,-0.0652350137274308,0.06292946588820243,-0.0826367815079154,-0.10202544796917168,0.16682157508451223,0.15926756642750375,0.03601325148703286,0.489832058777166,0.2640815074630826,0.13388268526592156,0.0793526669505448,0.07368128291391278,-0.024556229376509153,-0.06469936553792381,0.12065877172142842,-0.16261191607077868,0.2161712508220376,0.42040543544184455,-0.17208120360793164,0.09771220421109003,0.12593101043373206,-0.026370594481790112,0.0451962875002156,-0.1854937592482101,0.14153571044122304,0.07737224775286738,-0.2979810579911265,0.10355641558773913,0.2591455413198192,0.026638516103494336,0.2744118677434852,0.33504459716484597,0.20134294635471642,-0.09213193628272784,0.26995675439300026,-0.1676300247927208,-0.11076968795171892,-0.07436863025442814,0.18654538381223404,-0.0014091496599255445,0.02708259905266783,0.2788765250371891,-0.03173347785333064,0.2305098928928238,-0.3349661349953595,-0.4296899603880439,-0.1522746831585834,-0.12591118272064877,0.020871874535692708,0.006627613388667034,0.10747008830144196,-0.0829974747313995,-0.02033997114277358,-0.21834718639700162,-0.35786643541508195,-0.45540476995988866,-0.32887243315941755,-0.10892849709641346,-0.12415448843763006,-0.3559930031051493,0.12479861230039242,-0.16964339431093017,0.08164711551462756,-0.25015104748337674,-0.18894928717545523,0.1287449449835068,-0.16727834554449303,0.21584890580472768,-0.0715755733532022,-0.20955222130054568,0.06814049647122858,0.10049156065936907,0.14435102868974614,0.21336179894017318,-0.06216526589683944,0.2848040659836532,0.2350503545019961,0.13757305209511386,-0.2184831813216275,0.15639663185567101,0.4089783878373125,0.8631508628166924,0.25918330517321264,-0.1856424835339882,0.05209888098973864,0.09944579488785103,0.2522288623495185,-0.2511948061711822,-1.1264432528753316,-0.7409655232540989,-1.1542014167190318,-1.066220898402493,-0.8212884675570492,-0.3622095669744861,-0.8492826422757153,-0.8139302726892449,-1.0930321374639491,-1.428367773850364,-0.6499010131058907,-0.3973602216954067,-0.3092494023917228,0.10171292129632423,-0.023479609454537247,0.04163963399119367,0.5776860947545973,1.1872558659263015,1.297558990993885,1.4020246986333609,0.008325365430779916,0.4454921554961459,1.1577185715357305,2.511075317726358,1.4042870976482908,1.8610053072137944,0.6777699148459327,-0.3421743705328359,2.0208854383780634,0.6856853411909504,0.33776231313817756,0.9344630932973056,2.0395883468074523,0.7335298544352098,-0.11187145240857098,0.9158578773058791,0.10489751150109611,1.494963094824146,1.793053728083028,0.2590281161979859,1.3134877023715672,0.08809081660183832,-0.3540250113344396,0.4983761649769987,1.143624774243617,-0.7781421088656965,0.9153676672596691,1.4836300887788711,1.481050603244479,0.5989279402812675,-0.3182012663551581,-0.2116621507192962,1.268010444411124,-1.0957927263799248,0.9057769146437956,-0.9642398456794958,-0.8051081543810402,-1.3225864892263788,1.2756729881995637,0.7771606194530398,1.0403609291836922,0.19305245518891723,0.9569235034541783,0.7796941835725684,1.2272332393920056,-0.04034391958187748,1.0675623459198265,0.23963537963505943,-0.7749862019178371,-0.07962669409668845,0.13453130362738017,0.03754845301565395,-1.0605962088108802,0.07628652586755368,0.6233771332124749,-0.08613748104559045,0.20538877240380596,-0.7754309448793103,2.4364655366893704,0.055587780272931736,0.21720469095798473,-1.144727881257327,1.8952484286638924,0.9420073238671398,-0.38354911219042875,1.1663338748994347,0.5702664289435256,1.3750654609592456,2.243286790309386,-0.430212537366185,1.4328263874881404,-0.34959684505677324,-0.6638055246801903,-0.13780748117318034,0.5077810210601273,0.637322166191611,0.7650003692539015,3
-0.28101773929347784,-0.02245837452947256,-0.005500223936846444,0.40444829255480336,0.1180728092603042,0.06115481934646599,-0.18857976857706063,0.1284874787804322,-0.12510046833230132,0.2011460401097297,0.5292861782200202,0.09995753722411137,-0.09351521092057391,0.3230928187075638,0.12982611360663543,0.229209078594162,0.20158059337428808,-0.0880898339497082,-0.02704624099522658,0.12754366374869636,-0.00012554587373559106,-0.13532573386454502,0.058868168752060086,0.18259744885673437,0.11948020406932222,0.24696368903210067,0.20715380232468447,0.06739616267891534,0.030923418519981268,0.055851235733975095,0.015931269239507672,-0.07127195610943342,-0.05229375111756591,-0.1954158039952008,0.29274386456973034,0.366443752500681,-0.19956780914593844,0.16320275450271693,0.32294200209914653,-0.0012674133329124467,0.07208188100681147,-0.17803424817904645,0.0799160206357426,0.008892001728473167,-0.3449355541827072,0.08939170965511427,0.21252544387985106,-0.03781422705502369,0.29092201351189617,0.40872472195949183,0.16804482457169514,-0.007676498392916676,0.08330224839146316,-0.14439601685706951,-0.14362205391982671,0.006350058234677517,0.1308737752216583,-0.1847976529325142,0.070350506113834,0.1550777728147729,-0.09491538224552849,0.06714881576149172,-0.4002993005610428,-0.42418125414154834,-0.010963260060675521,-0.1626383763368515,-0.09082998941492186,0.12653819493390536,0.015404881545370721,0.030945908231337145,-0.18786347294478206,-0.299168817996908,-0.35543640021502365,-0.38353862456875887,-0.38269883865329374,-0.07188642557908415,0.029155176976124287,-0.44153185186411553,0.15201038888442495,-0.10065802549292739,-0.029006476108166066,-0.3277490197227374,-0.010151558093331738,0.2539290141472679,-0.07783115615000553,0.07493749240812597,0.016340413721088617,-0.24717543609688974,0.0827154252311559,-0.009436475458386644,0.08102576283823887,0.23059058136982905,0.14433785190274942,0.16185174952058848,0.28556082950233175,0.018871598459223426,-0.22518085399320284,0.2312438816784589,0.5636020889599439,0.6960254288552434,0.357952369867488,-0.25473988000228615,0.11026897194805411,0.028696730946817753,0.032813129673278346,0.018656082534161095,-1.0058614860832418,-0.7201578370423163,-0.5671868477090984,-0.9763507520954806,-0.7527885899075335,-0.401057176894297,-0.8148112124970963,-0.3444966589999736,0.18457222355938646,-0.09168976418750013,1.3279553020830381,-0.3741671602185388,0.5837842678483031,-0.07824979893364949,0.4660947640019148,-0.05440547592447556,0.7575018859265412,1.8240331531898617,1.048806300174376,0.8678433520608513,0.01269304144627449,0.3063352923730714,-0.11683155167490648,1.595197642128789,1.22094549956216,0.9362127951393029,0.22520243616598598,-0.49050820957450264,1.1837224912954336,0.9045493936694586,-0.5690956971888961,-0.2161403467234738,0.7208807676626919,0.2676543829596406,-0.9923645641208195,0.23460778586179148,0.17253359472880817,0.18648928050446267,1.4882009945770138,-0.24962123019257731,0.464157218741449,0.5430568287953651,-0.614468819241687,-1.0071836175082411,0.536923918144013,-0.9911450211405117,0.39744605515517456,-0.17943701474827772,1.6763509023490246,-0.5358277736412715,0.007161004522940205,-0.7810875837839246,1.233858511012148,0.06476404252594592,0.6864996536935956,-1.7358115379776713,-0.8857567220891104,-1.0602976167675917,1.210369258596377,0.6773270551360042,1.1833120733308984,-0.9820203733891143,0.8871867955515741,1.1464328428245045,0.3659696794877397,-0.34494836850398697,0.9121413897940958,0.6003844248687152,-1.022980532592256,1.4044372731673884,-0.17215289428948383,-0.7242464907421866,-0.9036730189812839,1.1005495023885805,0.4341340227234203,0.027048877644589693,0.24740373295438964,-1.167407006015783,2.0637967401322843,0.8017080627615042,-0.1298566209624872,-0.790708755123605,1.8601747964634348,1.296367795798473,-0.7273978607296545,0.6553645500143765,0.5968378423037742,1.546177391221565,1.2135650479188662,-0.6071305415439401,1.0855793385759451,0.7372187162512371,-0.4224770400490405,1.5161015218666782,-0.2978043694903864,1.4793502608326121,0.8876522381219474,3
-0.2581656592492189,0.0939948275355964,0.049969232601606614,0.36925874362257705,0.16450619889526472,0.02677807067698939,-0.2484329755929807,0.05742332621108434,-0.22165359017125916,0.0261327029084938,0.43585882252994407,0.09655347930722484,0.031306667713539404,0.24101345633083726,0.10186092723922607,0.133088089027712,0.2688205871373217,-0.013690705457275245,-0.00797350435442183,0.07389809918620399,-0.01961255721188589,-0.13862334335136026,0.017254791658900287,0.15598946675306205,0.1104911799486182,0.2518463620301095,0.2009148859239617,0.07818548592137751,0.023972530875397552,0.1789072114183136,0.0012954734061593875,-0.14730386626631745,-0.17009172227803793,-0.18062028904353708,0.21734480072627266,0.44448255057717845,-0.18797440283622582,0.11788009216833449,0.3224118834336744,0.07095541669092745,-0.03883279775670799,-0.20731592427955758,0.053695205127855784,0.016292796544206505,-0.2722350913606362,0.10636854722700334,0.09577079518696212,-0.1440272402589372,0.24115573334293483,0.35704850438921937,0.256561271751686,0.03358223876771931,0.046554049701035806,-0.13300558416983413,-0.21176089452923944,-0.07601057916044088,0.09937517608022473,-0.1809385310517644,0.18408382846642618,0.06456402508470854,-0.08909421908122003,-0.001939473685916704,-0.44780322288645574,-0.23134508891432054,-0.03046944852277171,-0.050646374716590926,-0.09425476920232354,0.10981272608840614,0.051561844970243895,0.03705333489126199,-0.2006465161693653,-0.21234929378365414,-0.2968478243771487,-0.22617425422606366,-0.3829103630533664,-0.03611366806689179,0.06975010573739018,-0.32473054987289107,0.11347084692200664,0.027275666377346793,0.06964766773606795,-0.3649679326585046,0.1409115771412037,0.2298612605183164,-0.0943509034345194,0.052631283585664476,0.05633723005401989,-0.18654978558288937,0.026960840889656345,0.018569702651998997,0.10363267343542101,0.24433375081661493,0.14218687698857932,-0.03460500527737092,0.23961988898623282,0.05118022788022225,-0.13896162189642808,0.06262252104040655,0.6513180655982337,0.710856413974451,0.3174572329742848,-0.2453574331190663,0.3330988019782887,-0.10487135255247607,0.049863542004956705,-0.3378214614836683,-0.7962391080195912,-1.0546932857459677,-0.09366800287364191,-0.2771191549125788,-0.8946874780374154,-0.4505627797159753,-0.9909314629427215,-0.729212681240699,0.031227725673286674,-0.18193119999211957,1.2304890100081536,-0.18728441372879817,0.060860618999923594,-0.34589185389351124,-0.07952641749546181,0.08425078591902638,0.42816973423479027,1.100205604801045,0.5155364249877489,0.4966564642541578,-0.13662620239929707,0.4193991229358948,0.8032459558102212,1.3885260274455273,0.6662009960775853,0.804912622728476,-0.23480579951504024,-0.5877160008657938,2.848059404156317,1.438238231361771,-0.24499516747227165,-0.20262717655187942,1.2894034825366008,0.2290831941523273,-0.7953614311230164,0.4015080222464894,-0.28192063139149576,0.4162586909056036,2.034073463069773,0.4121544232301983,0.5633160522673499,1.5616378892283855,-0.4121710610548415,-0.5066008856627967,1.1553874661401093,0.1985971216720999,0.20738171268643407,0.34050368415650406,2.2826884755646657,0.47007958373048075,0.05005319122008464,-1.0791639937146515,1.1437243416423162,0.7746539815907195,0.5583040170866196,-0.7982611472280269,-0.5920578325043051,-0.25199201920697706,1.1253348692282743,0.8206459201203246,1.7213203317693506,0.14422027049660277,0.4158034051464893,-0.263868979820618,0.5784252501532351,1.3307884260154983,0.35063109776849866,-0.3053614706968783,-1.0777347524568153,2.218176962853055,-0.17053364572917873,-0.14007492314574527,-0.7851722266595924,1.054036554814332,0.547343120424725,-0.38188064630565904,0.4679512740804633,-0.3324346152185129,1.0497881039227184,0.39637449042548917,0.057569201153407606,-0.2504269905853737,1.3262542753646802,0.1879117696021828,-0.6667093307033691,1.04807039425036,0.7742186015185266,1.2453410674734853,0.8983453223530917,0.12751185930434514,0.45659075378510444,-0.3073194560423837,-0.023269234866632484,0.5138948847631832,-0.2282612802615695,-0.23850951004581297,2.2438452169546133,3
-0.21590497737377154,0.21539833436558362,0.09802039593504898,0.3739905446051665,0.3035128422872929,0.038427002025487156,-0.2871490091801868,0.07912203224052887,-0.16962994670166448,-0.059680793103629545,0.41204340076229573,0.09936911888482314,-0.0799681693143476,0.1415491017747319,0.09524368628617363,0.2479910147625736,0.26654613500608304,0.031180650207373116,-0.03126773784563535,0.07270990935061244,0.02989361980162541,-0.15215280081681534,-0.04122385808896294,0.07287118657336171,0.12249714661575187,0.12805157796942598,0.09134632254975848,0.1190788665018568,0.11637593351893241,0.2557767614195984,0.0639231558781616,-0.13224561749061867,-0.13027242285130072,-0.10912183741799322,0.059846540337499095,0.35081927057697926,-0.2776724517809477,0.02931736637807928,0.15960317458205273,0.09923549404067747,-0.015186443916978824,-0.2195002570585748,0.09859502195376713,-0.009399122909383464,-0.18197827374057043,0.09260099396467437,0.17407218085440643,-0.1812165833431792,0.1356155291565513,0.2235551941154497,0.21335210949698344,0.0441485790907243,0.0009432016223793569,-0.1484321447401366,-0.07288328136651372,-0.10065804655130567,0.11321118745354711,-0.1747666489089026,0.14234140467335155,0.014771607960145981,-0.04846162215364454,0.06304741972722888,-0.3557416366679462,-0.18117118553812905,-0.1006820960207581,-0.005790128432448186,-0.07169131181602839,0.08816851084267105,-0.021264663612423216,0.013371237031702565,-0.08662922395663962,-0.12736118661280463,-0.2685843945745235,-0.20204355795354587,-0.40171435286769874,0.016950732839680186,0.11422237282131147,-0.16723941613881746,0.12913086298001525,-0.22665328917781152,-0.020564883921910575,-0.48392299831443586,0.16358951860045798,0.1345103643215479,-0.0458855058311485,-0.08431660654171105,0.006039158296931641,-0.25747841305478614,-0.044935829436780074,-0.1624896485502174,0.181483318984964,0.4047094001046606,0.08745809477607622,-0.07875276456163939,0.21336401655685477,0.14167160984342753,-0.14505065858037836,0.07237383302467121,0.674493254843389,0.6530458764617426,0.26182946456852874,-0.37877422826480445,0.3525903445256032,-0.08006011971235852,0.09839164231631646,-0.11443480904672318,-0.6588568946982788,-0.940608054428368,0.6320452784112022,-0.44242364586592553,-0.5094445268062763,-0.32276822111328796,-0.6496720037930283,-0.3842541113250707,0.3779165996554991,0.593556406306199,1.7861506345014773,-0.2144749258080156,0.7879489078445256,0.010534589027121339,0.8109064047723068,0.5645080436736144,1.141262150723219,0.9026432058607674,0.10448607783589771,-0.005414599169907245,0.2917594816931542,1.0852574749142634,0.6101464941534375,0.02352564341507464,0.47105843756959465,-0.038656063816330306,-0.44538016432078653,-1.3003936834864778,0.656974162143889,0.29315429105814794,-1.0427676926107818,0.5600990663328549,0.7170704967880799,-0.17153916188038404,-1.1626524488663472,-0.6528825415660575,0.09742500745990613,0.8780328413626541,2.188539656680888,-0.028400805247434248,0.6220740295344137,1.11911497253725,-0.15027630545938772,-0.551297821880429,1.801516999106239,0.4696102942723078,0.45007708339820357,0.04066910111674883,2.080200294532761,0.0992085380631136,0.3239841726060938,-0.31673515560282944,1.2370489123930093,0.5255243770022833,0.9246906975339115,-0.0259832089726134,-0.6962330020597127,-0.3707421964633948,0.6620700913543834,0.3357163366234956,1.5309658297753002,-0.08440276590552342,0.4848423896838472,0.30927294023674207,0.46882551853681054,0.6814486699318021,0.5074165857890388,-0.2825150354405954,-1.0632073053900497,0.5443901178328233,0.28822500219963776,-0.5615347737787765,-0.8563416742323432,0.3173635641950385,0.6369932803160537,-0.17683917102074068,1.3594406999012767,-1.387681172057186,2.8886152250315247,0.546305909088831,0.48362036447975726,-0.4448578909740275,2.203034357005868,0.2952590786196008,-0.8734376589537229,0.8816650016679649,0.834396595182359,1.3880164984178656,0.6973620445228439,0.1460180818846644,0.8665681870751484,-0.16155235184994093,0.258285723401961,0.7132337130783515,-0.12845852818056866,0.026539810846659104,2.3911699282525647,3
-0.2216031278860243,0.37280070949580096,0.12896643037705086,0.2917821810469887,0.2787901626906483,0.09286250072857917,-0.3138936112252405,-0.0898100242285479,-0.06550540245679498,-0.07989448602103591,0.30171153115861055,0.040256071292863946,0.17455214324153134,0.12311154300358317,0.04089702708311442,0.19223515664179097,0.25017664897812,0.17835759628788916,-0.0015866202665262522,0.036107318276364535,0.021571923256992007,-0.11976396862961478,0.04855594816935205,0.07685452777470722,0.14351857623669342,0.011287769775925256,0.13555130014411304,0.1932772057905575,0.21053465246032968,0.2843780077081954,0.05749342880221639,-0.16185075696298276,-0.15006316815753779,-0.0913540852584866,0.1656030335437674,0.4089929394126678,-0.23048842965248176,0.015623518237481761,0.16682140180059193,0.10494127165027536,-0.045438651340906175,-0.2230605776623877,0.06698882529344444,0.03134265129429534,-0.17652254150571203,0.05226562597815586,0.2300271780160729,-0.16050650729550567,0.10287060082631087,0.21009636113325542,0.23771873508346703,0.046285427474036925,-0.0717220428940419,-0.1658357521086529,-0.13075316613288246,-0.12219299984603635,0.05931175223144574,-0.16096848839984385,0.13998665136341396,-0.004403720855266781,-0.01993046887689986,-0.036182364821543245,-0.3416580997542678,-0.23738002980324277,-0.030196795951297588,-0.050437909253732975,-0.12215004416394222,0.18618747909905387,-0.03922336605653278,0.061573260284925345,-0.011840500341099618,-0.14117908910506363,-0.2852587825280269,-0.06454515275692567,-0.33835389508122105,0.014701455732544543,0.126067004227641,-0.1958866642985316,0.08103281609108455,-0.26421939962683505,-0.003684874866162109,-0.5048813779427338,0.13231216200024157,0.013759063589177776,0.014985987134577475,-0.016775989563720544,0.06773442720630997,-0.17682325808737884,-0.013178029832730427,-0.08179124809025724,0.2266645866504465,0.3680475786632402,0.13965072982951643,0.012493653869962405,0.2434362887457072,0.1786308512918479,-0.07931483261336351,0.11448920469415205,0.5713658096192289,0.7028615288466152,0.17925181626874767,-0.3816766514601855,0.31498209441402525,-0.0166521499433994,0.1245536027383645,-0.5174254934306637,-0.7943486468075435,-1.0096610334186753,0.30863398794812874,-0.17133536193677937,-0.5812675554879384,-0.24136025632247002,-0.8650920042844497,-0.8632834782527498,0.1640881329708703,0.8183924908841865,1.7064435203616646,-0.46289652873747567,0.573179080681994,0.14607627596005388,1.1560711225578852,0.8720068512863561,1.891566613808196,0.3284041790033902,-0.19550758514917965,-0.04810105235469642,0.45599153510391605,1.04281130303409,2.816894689525248,0.6889412670142743,-0.12506051181570424,0.5572495965965495,-0.8773906586241057,-1.6962876083142693,0.8807453266059504,-0.43750824348426387,-0.4716876318934929,0.4628673056686595,1.0718019968180916,0.22545422963104012,-1.295035511017774,-0.6487842314025543,-0.05148026152815232,1.1506991250174852,1.750129446710839,0.7741499630191326,0.619917862475611,-0.30871325834944013,0.6732626435368784,-0.6497569505102346,0.8504356619730925,-0.1744137243636516,0.8361531071052788,-0.12330880840661099,1.8860064028840013,-0.9032099720936556,0.8401662252006682,1.7808265860976256,-0.031234768722057535,-0.18451370076765877,1.286351413523212,-0.5085818547734932,-0.583898667855236,0.9035523574052077,1.3491762042569146,0.547997289929924,1.3429795652003151,-0.08347407102780913,0.3013555506030739,0.16888931745597208,1.0129040512077623,0.3722583556696841,0.5794210347405596,-0.39343370343473943,-0.8854237057667865,-0.2850612638553109,0.6307551231210479,-0.7034737277309357,-1.127330395020259,-0.7147002168936406,1.000317261179045,-0.28907174879025027,1.268535816161314,-1.1807942393597561,2.218546362775625,0.22804803034997648,0.6838584179833862,0.5793807321793458,2.0367736811051684,-0.8228262993563311,-0.4183019520223837,1.2903119934207432,0.7067770356223054,1.4610312768890623,0.862531929372502,-0.006162128325850183,0.9691291703584036,-0.30331277375542215,0.17484092312998456,-0.4012654824394401,0.3143772394440601,0.22482055474225984,2.075754034825001,3
-0.15962060453110874,0.23752310112356395,0.20510723939495942,0.36432289690751496,0.16513229254606074,0.0019510673532446236,-0.19360605737576006,-0.10672691062670772,-0.06658019517869312,-0.05156625896799264,0.23190234438404855,0.031592911113434555,0.19657059866366813,0.09028275496392453,0.05898500575412518,0.08909963934720669,0.16201621065298658,0.38319319512881034,0.08552741182199998,-0.11215556681189244,0.006034142269313952,-0.09224751779713289,-0.0861375015121334,0.08242362492315605,0.054151858301335246,-0.0023516168719488356,0.12177464951965097,0.26981541308683393,0.14608156095361224,0.268341373309898,-0.0500594913052003,-0.036085882866581445,-0.1913324364736634,-0.04857463262935513,0.15036366824158012,0.36219159352107716,-0.21137205975317735,-0.05872077783647952,0.1917289724892536,0.10343234134388148,-0.023801813638033093,-0.23108062907262253,0.12994189550157897,-0.033845716222585795,-0.13160667149634817,0.05618708427536932,0.19426348702710464,-0.18974804906222353,0.019483757118611902,0.22642910865007757,0.20788043501555775,0.11732598217446923,-0.2502045865965496,-0.1343230489754046,-0.1551799713662109,-0.1539320937480098,0.0822788020267639,-0.15450205338698073,0.1875578682467692,0.029984194443234795,0.10947772819168301,-0.1353252780437398,-0.3456382818589021,-0.2598151508552122,-0.031113085798122542,0.02425759164818217,-0.17630721937703572,0.2870802859773926,-0.09529604707124519,0.08147074653025436,0.08668042871041343,-0.15904595491636714,-0.240692873358206,-0.0459481931362104,-0.2092692798198333,-0.01880787129568799,0.23405907247371832,-0.20180161296814805,0.11459104850786554,-0.24079257995450845,0.025260904065058303,-0.6064772482347796,0.11266162299196406,-0.15261704675761534,-0.017899651547084963,0.03425599062870987,0.09338135113815799,-0.10183865517013238,0.014210392995714822,-0.05046794966187917,0.22041726506230067,0.3474613611041881,0.13644197513347806,-0.018470126266617176,0.2004216714062236,0.16038633032562316,-0.15449754378644318,0.1550796482798251,0.5015953955950156,0.6502643100434995,0.09915948212262857,-0.4069874813154407,0.3084092803226644,-0.07142282857401577,0.11184750022213111,-0.42706997982732753,-0.7105321629347779,-1.0070016938316346,0.6967402543890467,-0.24679671106266177,-0.39621150047973164,-0.436837162029887,-0.493558522704712,-0.5472950932747861,0.26605760802035655,0.9655098358137202,1.9911698842711272,0.01140518352975344,0.9020386398269666,0.4931981841251765,1.5852518096284993,1.0486639420450963,1.6825539892144825,0.07764234736305833,-0.258273212051792,0.014258504724845269,0.8975413652414699,1.1835512416613017,2.335705514903456,0.34312691710006366,-0.046339845573588376,0.08694257516021454,-0.5704063116841034,-1.6848521307335127,-0.13314509320328055,-0.4337364031673608,-0.7177364620098742,1.7455208049769484,1.091562295954434,-0.42832993358807114,-1.4951423260767396,-1.2510049789896294,-0.3428990649038908,1.4591930713828694,3.088560305037238,0.04183006557108334,1.4533104414503066,-0.5258738864539617,0.48453827458651505,-0.2913928322589096,1.4967545379514142,-0.1581294527337815,0.6713456506774103,0.5654314254272568,1.9474922049985692,-0.6799464701020284,1.1419042414376945,1.3226807379942644,-0.1405315675897309,0.6862414044123079,1.0233095967862178,0.4593922975144954,-1.2236814107735767,-1.4621451668591223,1.4330295558002706,1.023169007120094,0.8544129775301731,-1.1011988275308464,0.31332348435804364,0.821159402711147,1.9642164834868465,-1.1590777601084528,0.28592230329410107,-0.2742008975237619,-0.9871435371578371,0.3357423330603939,0.3910431599054869,-0.12332043467158864,-0.728392640837802,0.18087897957988758,0.7269846322342391,0.015793792838069174,1.3364100939976382,-0.9500599627543544,2.295825960276399,1.3387636937884817,0.4821344364218589,-1.166754764960597,1.2639243125586679,-0.02935798380897806,-0.2381474019519956,0.6012845830188,0.6286464583682184,1.8284382141720237,0.30179112558263543,-0.8289905199250507,0.6635672436173583,-0.17921345702088937,0.11970334709860157,-0.9807782917988765,-0.08198724841333029,0.14170294648776838,1.4567323641633705,3
-0.1949932887580101,0.21038328792303673,0.2163037641400185,0.37172526064559863,0.1165578983330001,-0.0589647158919151,-0.17405720022620053,-0.16407563813451706,-0.01981448957280064,0.006537688842818522,0.1711592599602399,0.07538448031974697,0.1831860751135947,0.07909265745270086,0.08876429385699518,0.04087105601966164,0.0756056091299411,0.4525098427659781,0.1612955964482461,-0.10903056707653754,-0.11568035584654711,-0.057461589977787296,-0.09540209808613617,0.059412557614027965,-0.05265771244405932,0.016282224524493155,0.08436051519589882,0.2768773485085807,0.1526342675640461,0.2479949721224786,-0.08447888150171483,-0.0624431372660762,-0.2418140764552093,-0.031831301658132645,0.19902920783992745,0.3675041784843651,-0.20675247091197246,0.024688370674161055,0.2023133354822932,0.17447211944580007,-0.006568233285505412,-0.16835944137566772,0.08813496966090728,-0.0472288297264129,-0.1412685267574187,0.02070007028196631,0.19859062600246374,-0.20962385504172187,-0.017528037511804113,0.22164341115571956,0.16217547905665786,0.0416364053904562,-0.29908593497331165,-0.14779741424584766,-0.16316922977502224,-0.13762592438133706,0.12089056705568929,-0.11646950256028002,0.22977835519806977,0.0822793025035443,0.11991479814922096,-0.3408371861936353,-0.3449155461486788,-0.30280141168620456,-0.041465969570578846,0.00602496776183762,-0.1602521656222932,0.32249437684053844,-0.039319201406451024,-0.06044974431638585,0.15071488705364583,-0.1325142200710173,-0.2205497620007261,0.011663270837432606,-0.12837073959864131,0.07372211206717685,0.3473739062656736,-0.19960845835572602,0.11310728960337574,-0.19050292599205143,0.020441920954274394,-0.5571674067019842,0.07310495442403038,-0.18283744858217188,-0.06282584158266384,-0.04075479847913061,0.15618953545385278,-0.1414683460431799,0.00908472942786861,-0.09430603626477244,0.2490979769095745,0.30296452947324437,0.14804691128533437,-0.09317653908590602,0.24702045675581413,0.17847995662403715,-0.20196515524956316,0.1467811836629675,0.4523949003515915,0.602781193464062,0.00023525387591089193,-0.4321927193440969,0.26311350837023967,-0.0897560901223988,0.08497584148781323,-0.6845804536492236,-0.7682437443342198,-0.7526990022357803,0.3716234794264353,0.380978563043579,-0.22044410298953135,-0.7043594455368585,-0.8503571703335434,-0.9228433329443714,-0.10886354644917498,0.33102921939727714,2.037077510847115,-0.08009186755163454,0.303608701283058,0.7956606367366172,1.3384532772406164,1.4376837282852593,1.15987109512956,-0.2611143023599544,-0.6163347930894615,-0.22147999574933047,0.9051067367631689,0.865107462843239,0.6017178790910452,-0.3880550970893694,-0.6011307258347733,-0.5790735411058792,-0.662547300811318,-1.6093466582520057,0.6367201270510692,-0.2664857068215616,-1.1389354463639707,2.265877550790178,0.9121341439134351,-0.8603688061268961,-1.5996914130376403,-1.3124878480285467,-0.05445908115991559,1.9635463582369006,2.2548410043637213,0.20253265690490505,0.11645336478691957,-1.121304834960333,0.19953370428020908,-1.0502132739058019,0.22687327552587155,0.7181512204916196,0.6132171769117636,0.04875456298036247,1.5895927104025593,-1.0505672793154492,0.8742281829298653,0.7895821380199607,-0.15430026314516423,1.1280256057939848,0.9195232572432984,1.7170016580253293,-1.2217542193878004,0.9134846685286215,0.33317595387714044,0.30078750577441854,0.1466454788082137,0.976998254752953,-0.583518077499113,0.659157991151226,1.8648915383301754,1.2104238245912975,-0.44212834976069304,-0.6336049367487359,-0.9737594839687544,0.06599586291065189,0.4331553132813471,-0.6460419185026565,-0.9171822469955597,-0.0699355434431402,0.6824819364226351,-0.06144083527675494,0.6803667725909638,0.12129180826180466,1.8119386833749662,0.7966784720175151,0.022352631448856602,0.719536007754841,0.3948325187202856,0.3444866248759251,-0.34844260580630976,2.0349184256516955,-0.3305223246587055,1.0115509618158927,0.22436752456461942,0.7248567851402905,-0.5630318853834981,0.3709613872669478,-0.22236407894831237,-0.28336300803175096,-0.7520024211651122,-0.16827106693791938,1.539619263997249,3
-0.1728476926097869,0.1251047889306266,0.22995779671974453,0.3939211261690663,0.1427411655113512,-0.11989941439713243,-0.1318474927509868,-0.18323409248740433,-0.05112546994296992,-0.0524707997309311,0.14078016006575794,0.06534941851582314,0.10105854504551469,-0.011954173536969566,0.12338555767379639,-0.0004160432237968647,0.021355029205198314,0.43596246890832874,0.12183152100859135,-0.2251630087031198,-0.17645351240845883,-0.057243066476173825,-0.03876284452370974,0.105917863166815,-0.020631696479965937,0.08147918167177352,0.1525396153550398,0.2451907004647261,0.12294042274971029,0.22060542671729003,-0.04896038244322694,-0.09396733423683795,-0.29326271417645666,-0.01723279857777988,0.2124075488824885,0.36848874183627645,-0.2303287954805081,-0.02052175094631154,0.16370590355333836,0.12210751233095886,0.030709307575199348,-0.21986189515499555,-0.015803913682982,-0.018320588097478097,-0.0557326230118677,0.07795955166303184,0.24021633293217415,-0.213950404417656,-0.003915475430306122,0.22424398873659315,0.10632208101534175,0.07994548680283103,-0.4149259390555466,-0.22714710028481633,-0.19966318064143865,-0.15655586378798805,0.18940508063584124,-0.08842929035900862,0.24892314619719613,0.008998792207826819,-0.05052013388671365,-0.49891802578456557,-0.35489928877098115,-0.20305219865534313,-0.05017749137266556,-0.052987054234751106,-0.07449112787146199,0.3198672565637733,-0.08100161997473375,-0.2390451172221836,0.12162683055274585,0.03908078752200113,-0.1870887595517921,0.10970005198737318,-0.0611262915820055,0.08240630441528077,0.28213930675258875,-0.08237899833311886,0.06381522620807512,-0.24855713439994423,0.012361227178592404,-0.5089692264538446,0.0341769668287282,-0.15277044530234177,-0.16810885810969695,-0.13002767077136196,0.12866968643822674,-0.2584494767144257,-0.03344548152862912,-0.10810451622393939,0.19515197410022977,0.2845106025179594,0.16911871120117494,-0.052079546960762155,0.31299004252266477,0.10203591862418626,-0.22410419459162492,0.09125898278605425,0.38925177952027523,0.5489187517690582,0.018556121658225008,-0.3432187487848987,0.29649448315141436,-0.10445014755621983,0.0851288923447654,-1.0061488292493161,-0.7103749692850391,-0.7630383408010435,0.09036151839424064,0.18973357083826575,-0.16261866711101952,-0.8341903752163711,-0.9765628085861954,-0.9810063718840945,-1.0624983663254586,-0.8810157266879283,0.18731492092261254,-0.3227095523218565,-0.45887652202540796,0.8157292885309618,1.066421000635842,1.2327934689089064,1.0591467496630573,-0.5699027073755246,-0.4145000417384395,-0.10934501311973573,0.797099301379361,0.6639649927880846,1.1822269148254434,0.11233057909910997,-0.17849960319136998,-0.22640908083796724,-0.39552258125196865,-1.7479437765580126,-0.7550345417924523,-1.6802859249780118,-0.34117240361149365,1.8666317724112154,0.8550527683603879,-1.0192267551371974,-1.2483493061560764,-1.4518997047275919,0.33267206070228056,1.7275764764883372,2.0084204156935286,0.020530064963263144,0.48156238396136336,0.723467169945975,0.07221534708492806,-1.3803924691906877,0.42382642279321575,0.8886751688851403,0.9411286960835931,-0.45877976560003786,1.6281209062460427,-0.6547891800524651,0.6478989753986464,0.15303403635226415,-0.32973503977699264,1.5396059458684859,0.4974014425233425,0.9980002025649728,-0.6980583605465518,-1.1416144055740696,1.249840264318613,-0.4446354329177945,-0.2725430739009603,-0.2454304684583872,-0.7952207750827568,0.05697661276335688,2.077128963479839,-0.6900503207266031,-0.5444420902117735,-0.8685082269054537,0.2575539770122308,0.8668975554742924,0.8000214744285862,-0.62029834341184,-0.8153219856581082,0.2558030345271699,0.6753167225389326,-0.6829161616095755,0.5522856597576958,-0.9717728309602072,0.4787421466512793,1.028108720081563,0.5970605489327534,-1.0267172475328334,-0.022261029062159626,-0.48935906915164984,0.19509237381668457,0.5792311005405304,0.017537143699246246,0.3591654740737677,-0.07176584365574858,-0.6270908765132321,-0.4696023419563746,0.3327350649349208,0.5280651923149857,1.1872390306905702,-0.8791789896081148,0.022557057519277314,1.4154079544146851,3
-0.2162041471142143,0.24547460125470383,0.2719299823848395,0.349276512881451,0.1756494946901369,-0.055024119631913025,-0.19693647260601532,-0.24083185214249347,-0.13878777578579507,-0.026283307043315912,0.09629598005598956,0.33688072473686,0.22320005079270447,-0.21322083880798706,-0.1131286481588362,-0.06770135627461552,0.1272419822526179,0.49368379011548036,0.18962018209443401,-0.19200248011901475,-0.25173908657516053,-0.23262905986994098,-0.02608220618625251,0.043062012964500976,0.05712154847667528,0.09968993984847827,0.16995652233052314,0.0355021113923142,0.19164096000645742,0.1656494043455655,-0.05256217360580558,-0.0777435282689179,-0.3068855721895461,-0.0036472772104617153,0.20866045066333969,0.1719301087431097,0.049654902140834546,0.05178350015171803,0.09321483961062353,0.051176064136692116,-0.004928628681639783,-0.15102390448857125,-0.0618593391340249,-0.03642724173777529,-0.05618166695391651,0.040759312073988654,0.14730128153558858,-0.16537988547766566,-0.0812659905627245,0.20446939275696316,0.06918430404444736,-0.038086185149833675,-0.555197419331755,-0.13147989103151095,-0.1672435708371729,-0.1204811456916174,0.17756305642120987,-0.06390856707416546,0.2537877132045322,0.05816557694212498,-0.10966227662561,-0.5066724273928939,-0.2604938322345132,-0.04363311386793938,-0.0518911523780194,-0.05767789412857308,-0.28528066037465843,0.279887214748458,-0.00925659376503493,-0.25976390591330045,0.13211321528562336,0.05064524871628601,-0.2746603755763396,0.14463293901144408,0.036963751028228437,0.05106890968037938,0.24182311142804663,-0.12612782807754144,-0.03192099030431655,-0.3990141946809451,-0.1298021844956584,-0.21921642769070007,-0.01006042793942375,-0.2698930372299832,-0.19880783801639085,-0.28498436418449613,-0.05112860949575026,-0.09162283321160418,-0.07848998809128023,-0.11969148088284443,0.22497997062008637,0.36004635813072966,0.21490411737650958,0.022985288252954823,0.3160119708801131,-0.0022614871334525038,0.08486895432886961,0.0995852382269432,0.1386097789321612,-0.10995323191640097,-0.09825395779777076,0.16415225608560452,0.29904769211657833,0.08242647607606693,-0.12494195903103737,-1.2042597434668496,-0.9445442437949455,-0.7029936939858036,-0.581049718540042,0.1402842610669359,-0.29970104932530794,-0.8149486675449996,-1.1728584736665897,-1.1219005153452069,-1.1870230472848078,-0.7123451640255731,-0.1783800881734253,-0.11100041352337428,-0.17764380797414145,0.6921188355021363,1.893196518269348,0.8197423801067966,0.9903981694328281,-0.45066439710922773,-0.6693956494883846,-0.2634874050033849,0.9093117390018282,0.3440645582285893,0.21574011661714396,-0.4156258094781831,-0.5476373083755753,-0.622034425333277,-0.7830483630243767,-1.116725008342286,-0.9340190460546163,-1.175593910482337,-0.10235585241323295,1.6539386061700088,0.6734967201343984,-1.2198824940506567,-1.4771380385833373,-1.070850369939397,-0.3305258929117174,2.001239859793637,1.4796710348241875,0.23518034429666398,-0.027910525078300222,-0.5236441848087016,0.2599994797873214,-1.3340105616338547,0.76376847587368,0.1392110105226969,0.2894519631837739,0.5108407770780711,-0.12280547935725201,-0.3339624659987618,0.3603346487457396,-0.2848242590976202,0.040706773713138335,0.05403024664127284,-0.062123865202862026,0.9908128479536353,0.6392866711135754,-0.42953355325808873,0.18385848008354522,-0.4630746521891195,-0.13930228628087005,-0.9412959913950254,-0.5531984931785191,-0.1395601369954332,1.9114209129707864,-0.14985531590927317,-0.32484566028519474,-1.2165540344212449,-0.023942862707292806,0.6933578353430876,0.6837709454888798,-0.43105417258736034,-0.727399214479253,-0.07031314253611086,0.4345898783726381,-0.39327801960353986,0.42013462690538245,-1.2570694107262779,0.355509031426354,1.1678705338198894,1.226148530359215,-0.7592981381069991,0.6274017564654165,-0.5597924226176135,0.8943690127983746,-0.019668275427778704,-0.2853008727576727,0.42120407068743,0.4157398145648312,-0.16133309129298565,0.8898139775803298,-0.3145528546384869,0.23939883306981777,-1.4800332348883447,-0.41608466114939713,-0.07232694685523121,0.33464469839332583,3
-0.21638135118964935,0.23817081735740148,0.3228592474747617,0.3469065122996337,0.21283275270546517,-0.00015185924382983941,-0.17683621556426987,-0.18934570757914598,-0.17324281589728802,0.0024497697910726363,0.09271496892291099,0.3828172517985569,0.2772348103515256,-0.2511032155029938,-0.07348855717988528,0.013676096528068926,0.21037255585692016,0.49702087571659015,0.14815019937112817,-0.16565777395374698,-0.23438469677727608,-0.22644227954485646,-0.07030550579607871,0.07284902115298848,0.14046953340055388,0.24696065210681525,0.06935132601295817,-0.008435466958802987,0.2460708853516623,0.17964516423135127,-0.07598502778327317,-0.08080827277111441,-0.31402114360092376,0.04627894619520263,0.12051960201093027,0.2280509969884281,0.11032444656884878,0.020161344451325492,0.19349117047737605,0.06329991904528862,0.028774633497183958,-0.15121781099049733,-0.05249420172444823,0.006724362177569549,0.010219176386118273,-0.008649487201108464,0.15723156161175275,-0.07111456397035859,-0.11542010952541512,0.14057729967746718,0.09331464488559682,-0.02096230715353583,-0.5025560347080684,-0.13279824419860203,-0.17355691164067122,-0.09474829540520922,0.14598058601350303,-0.0358848808573312,0.2690725065162254,0.09159742307184748,-0.04381685352812502,-0.4595353782696681,-0.164907851879148,0.1014182626493903,-0.12182077598877868,0.012837459545351178,-0.2801049309155353,0.26900016562594126,0.11692111711751557,-0.34072494272884946,0.16180829356040533,0.2494102149153249,-0.2710239611168984,0.1902289714732803,0.08484474261609348,0.17613568555540304,0.2281219725147625,-0.03190824816022685,0.04802736317553714,-0.409882001959308,-0.049777188880753345,-0.22017173107564594,-0.04500754679457009,-0.17519688642648118,-0.21817575263805114,-0.14553284667136976,-0.019257990428220476,-0.0018198436222535527,-0.051066836552184275,-0.11870962186096805,0.16613572186004888,0.40221985969630475,0.15767166225496718,0.025062954034678148,0.3565889596829094,0.0934251486350894,0.08242946187126457,0.21837238376006346,0.23595528621947984,-0.15849230719363588,-0.09148889785808723,0.20711711864294566,0.2719119606886599,0.20480176887430152,-0.10979949586085117,-1.2342239691016959,-0.8916172672244049,-0.8038118676087066,-0.9233149593604186,-0.1405265182074026,-0.6303254822368344,-0.9152828337435345,-1.0163312775237718,-0.8198749101924148,-1.235295930823751,-1.4385270402270958,-0.5590525887262959,-0.4974285313303828,-0.6745563231955087,0.38773978280586535,1.0977403969670003,0.4288695533667253,0.5725367153029943,-0.17961557353149957,-0.2952859938224884,0.025478140094603665,0.855883582093285,0.043866407137301285,0.17930864573416636,0.5644151868651933,-0.20893632452883396,0.8390674858849144,-0.41519681533306396,-0.8030582680611574,-0.9761144934509327,-1.2158369613891498,0.9060771164322348,0.578759553534626,-0.08818931235168236,-1.027489342154567,-1.396657751472659,-0.8868241096294118,0.5603818482988907,0.5183819780294362,0.9553556887428605,-0.1831639656228754,-0.1749918317514062,-0.863844021513147,0.7528112579661183,-1.1828505364821962,1.4742062110209742,-0.8414809545336254,2.0121379097392413,1.1135903571320285,-0.0625537269657902,-0.8679007666100462,1.0285185031172859,-0.494583979361916,0.20228393302440886,-0.9505472932382817,2.53178859509413,1.6722834696530955,1.1178077005437312,-0.0426033248984226,0.40714930705136154,-0.12660095511543057,-0.19921029457263337,-1.1369915117062201,-0.6212465383796603,0.3776115517746233,2.4269631935544007,-0.9724233989919674,-0.4144049784470375,-1.1109730146837844,-0.02359848722414463,0.30859891975964476,1.0573524717054839,0.16642156098329955,-0.7404828064194757,0.21306238140984923,1.088910044112815,-0.2510277135727835,0.5655339313698157,-1.410839236327907,2.089888044833434,1.1171505114723232,1.602374371659285,-1.2718781783723134,0.7312254348477122,0.8940428393425867,1.4266708444816925,-0.974304729548445,-0.40920923309334645,0.7982705215155904,0.0807950483362288,-0.16981420912184284,0.6573796526114619,0.47049802595251156,0.8898567265246323,-1.1658554403944033,-0.5926928471759665,0.818488604379789,1.8320655888633588,3
-0.20545443212992837,0.19471995542675402,0.2751296093157829,0.37803377151087414,0.13660119010658348,-0.0230195880535028,-0.13989453095034848,-0.14136845301196582,-0.07800539310490073,0.12699854963481377,0.07049910985279556,0.3607643702983016,0.2939738412707276,-0.27504314537751745,0.009768886306258497,-0.007103430666012299,0.11669078123695083,0.549541935788843,0.0335413435306099,-0.1552375504283411,-0.21698386306951958,-0.16024668698206737,-0.0629106411186822,0.09908943444036378,0.19595493697278524,0.20778589014436907,0.0461241096752448,-0.007830233969518773,0.356526776640222,0.1759321804621431,-0.1819576089997863,-0.0311986826078872,-0.3799286626361881,0.057333588350505366,0.09929853743344061,0.13476752000106224,-0.02827133275769346,0.1812576212418075,0.1588150381790371,-0.02994984803895729,0.10582426752434601,-0.11040798292026065,-0.03879647545624161,-0.031278550483376494,-0.02408637704094657,-0.13413245131833706,0.25248111399500733,-0.03804162890769002,-0.14294884163742147,0.28868916627838215,0.0004246599986300686,0.01978167752316977,-0.42078366298347347,-0.177346818842062,-0.2036204524044371,-0.0306080831023643,0.12478044582073224,-0.10898248849666418,0.14620233930670443,0.13244537442249357,-0.03475158770648201,-0.43078823718730935,-0.16594899176225913,0.004950311884535469,0.008674522691652866,-0.09065416955273131,-0.4699152739727903,0.2833398743981588,0.013137251759465857,-0.3286049371431195,0.1180026586942567,0.18187347329712447,-0.2171925225849165,0.18564609779830452,0.008231032048082928,0.1031610441624185,0.21429841880108508,-0.0548650567747861,0.07299237938532964,-0.48687047731519156,-0.018847763260243264,-0.011941545228764948,-0.17782102140863765,-0.1819640006662855,-0.2642739670587231,-0.21943919944939425,-0.10869929630006732,0.05773503818580172,0.10772132824970668,-0.10110459512197821,0.11373427573267993,0.39192220166710734,0.20766979084269643,0.11938574851163869,0.35773523547855024,0.00255545142291452,0.09279706279453621,0.4349608156978514,0.06446194594498378,-0.0852380165533674,-0.21020053098598537,0.17636479305945366,0.04055840851889275,0.5105255554061622,-0.30905692264164775,-1.2040330240828343,-0.8317310014879191,-0.7125905672510777,-0.5640136282312136,-0.06573443292467432,-0.6451319432340578,-0.9046517205917554,-1.1139945556653348,-0.8918099099985614,-1.0805267313985696,-1.4822037771631915,-0.5264334898097658,-0.2779153238672308,-0.8654293125859592,0.28956026558897185,1.650149449442067,0.42133641671028893,0.8082761617344512,-0.1431966531827049,-0.5244480666821658,-0.32571771333238175,0.863992496383941,0.46128354111196435,-0.9275927646337899,-0.39423532310892717,-0.4799702497965675,0.16352756736452967,-0.5869441341918854,-0.8248724866223894,-0.8555605638437285,-0.7245266042352942,-0.13167312248236587,0.6066747859260997,0.39145528986815586,-1.048185425879378,-1.5220864205605975,-0.9485868336159148,-0.0944619532600937,1.6922488795443122,0.5330050433110837,0.9049812290643909,0.2900175679291217,0.0467017369963328,0.391189653086446,-1.3628646209994923,0.7589254741544298,0.2990263109701337,1.0701826707416828,0.5477337902548186,-0.8673083840017067,0.06667038009360687,0.6127184429257531,-0.1506890053454033,-0.023851536345478982,0.06653745021760386,1.1031729854720176,0.690777572264203,0.8377275343843992,0.055009822897496535,0.1762430126648978,-0.8712287410527935,-0.6758723447869082,-0.46495165230183233,-0.4666061490578565,0.1129761874748322,2.410810493416369,-0.44965682653109673,-0.3441644239892716,-1.2571873581983635,0.27734524552756196,0.6653609139927805,1.070781710856447,-0.25976881836357535,-0.952259942815553,-0.3302052570216424,0.5745660453573657,-0.7638611473425146,0.18988298572413717,-1.0499214556539516,0.09147198634481281,0.6048048030212658,1.5651026917035344,-1.0422016520430732,0.6091118070405847,-0.08213153867547086,1.7544508170200248,-0.6835875571140761,-0.19848594054926297,-0.13422639439178347,-0.034024864733997434,-0.7595362754426774,1.1630527506581667,0.10768251078747972,1.1889951314746547,-1.5425466317421772,-0.45379482675552163,-0.25040811356060366,0.47914089304733154,3
-0.18530123458745962,0.0696592835773565,-0.04030025515923311,0.4371980469681159,0.07243821269974345,0.009199139645027414,-0.15170533783281076,-0.2372681147241175,-0.15695579298262827,0.2171667246521794,0.05780715360422114,0.26713095963364236,0.2601823160005648,-0.21879183150211523,0.11132271193381243,-0.22794203438189842,0.08765078914215242,0.3795763025010665,-0.06064118885760389,-0.2004079001756617,-0.30798329618505216,-0.2558889739758726,0.04568248608755037,0.22010056100212533,0.18146138284779795,0.21185703184380394,0.12217310037218919,0.0367992539877261,0.25653944873678663,0.02822895961709919,-0.2615042646276479,0.016025820649179887,-0.5097036198414149,-0.0650625906810227,0.15055584186399354,0.2217755249588299,0.08580937896062765,0.44579228374940977,0.17203809790690386,-0.07357428118036076,-0.06836613776711381,-0.05041311225982403,-0.09339117985970592,0.013579319402274708,-0.1081585417881463,-0.26138390260679867,0.17461980645611472,-0.053186809017371245,-0.08056340190830258,0.2998752554121251,0.0402473135278644,0.010373184200825435,-0.46077213503739467,-0.23383667814163112,-0.43713254098412024,0.001471714067411086,0.06913816933472892,-0.051385774063472105,0.1214433216545448,0.15741145919399985,-0.03383468199108743,-0.5564369271373615,-0.30662224128427334,-0.13870398743798512,-0.05119286594650865,-0.16763859446720697,-0.46004031454984845,0.37427812327858806,0.17281196933625356,-0.3654442911876553,-0.04096545834438906,0.027424930757188104,-0.18535162092695032,0.14707241028951062,0.158378493379661,0.09359861985952993,0.12486377068050367,-0.22552933013094414,-0.0541718511315245,-0.315521088917867,0.14903789560001432,0.16912990909354408,-0.1915363312095853,-0.21695512295775637,-0.4345479319426858,-0.15252929165185627,-0.04706454851863963,0.11624966301141754,0.16758638690925695,-0.03960201288885208,0.04787443427602024,0.2567138384957491,0.20292792419547329,-0.0003600205946229646,0.2680183294139237,-0.07454875931927651,0.042223049522602,0.406381892714772,0.10804356679436296,-0.1582496043944864,-0.20844533580528682,0.27317694154142813,0.12093548326103319,0.4786870602813984,-0.33777599087156646,-1.2099388229155001,-0.7218106993615848,-0.7829022420339778,-0.8095126696077194,0.03321428008426533,-0.858391508001862,-0.9605220442739003,-1.1826686119526661,-0.9773194757077052,-1.2438883534152778,-1.4552971031389486,-0.6306843517732584,-0.755690432063508,-0.9369561792945873,0.19406763631760518,1.246370675948113,0.427292306270391,1.305149425811488,0.0728125098443276,-0.6340521329638825,-0.7539987028932262,0.8772694104722154,0.6648225885602523,-0.6415754717299328,-0.8011361105716939,-0.49218707897771863,-0.13796171367839874,-0.8286231861325188,-0.8698611498156759,0.2171270390832956,-0.9126013585835465,0.3570295797607217,-0.35619479019893485,0.3514101273928254,-0.5767844830931331,-1.5716167353153205,-1.033856147657171,1.0955681104719244,1.328282108241079,0.5961959871208737,1.1861419759590832,0.6028504728831294,-1.5032727644871593,0.11192669116417989,-1.6390810174236163,0.1308831541795932,-1.1722988676562078,1.3435946212140304,0.3148902596263308,-0.39463948211531136,-0.8596232652047673,0.3770408929940362,-0.6837133627266535,-0.4129479672739959,-1.1915176948465966,0.6406057608719565,-0.4297776803330984,1.501100738620112,2.4059238208040354,-7.32966183947594e-06,-1.0897591032759224,-0.2962303623137016,1.098129623040713,-0.652273332311444,-0.05894734417701252,2.534322749536783,0.1948797255219712,-0.5751016065601945,-1.0313554925853683,0.9728784748622962,-0.25403085606699155,0.7408915760565383,-0.6286325425171432,-0.8813067628284091,-0.9259032308810528,0.41571026386682125,-1.2552716840301223,-0.3101885525953162,-0.4306702800372646,-0.5926430460215816,0.11718438416578453,1.603389765591279,0.2655080500704493,-0.4394299695440555,0.8913233528872283,2.3038193630625456,0.009460382765296923,-0.17586704233880648,-0.10494981549613101,-0.15106254109997816,0.8908666758368624,0.02322059196005758,0.8393751526097356,1.0463300031342353,-0.15897385145746454,-0.9882445455914823,0.42306799939653,0.44380934137019895,3
0.8544644760438838,0.3308740320923953,0.08242003826138153,0.14591934492623881,0.39419617367335735,0.7739495937097401,0.6096837289584517,0.7311404100518949,0.6706847710765277,0.9279344185362959,-0.2883652478262148,-0.42286175275515264,0.1746580839356807,-0.34057638155949943,0.35710991983454543,0.25785401492931,-0.04722148764857072,0.47509050604682973,0.1619435342195918,0.6810588793502015,0.3422999467400165,0.22366800196932063,0.5664999817947642,0.04746370161889954,-0.11653721205243228,0.27103066440012547,-0.04585445683700291,0.03968294569090437,0.012643336094670098,0.3373523567460818,0.4876553735922115,0.34556776604652817,0.6096703735592927,0.38506536173180245,0.47991547779876914,-0.13231867836443942,0.11511853566275168,-0.0381162236535689,-0.320018110776707,0.01467262590627017,0.17157547297602024,0.5041152910269627,0.3374716147125396,0.4745719174556654,0.30828360008601846,0.3703701934413219,0.06063493068023991,0.2550178833242737,-0.10157976376542595,-0.07299457274046957,-0.1397732797909847,0.20215957572758908,0.3232365266480487,0.42320212817624275,0.3182367129633999,0.4154617431555498,0.2454039335078656,0.028241297616232345,0.09280158625683015,0.14453610740039924,0.2158283532226769,0.4998800590621395,0.20221082835477594,0.06804814002835227,0.34095731940564056,0.304909094204808,0.19587835860887498,-0.02295175980750086,0.20389772630971378,0.6099420586248956,0.08222324959012026,-0.05998614327933018,0.16158328279776293,0.3669692830303333,0.17128614941187426,0.027697535254497266,0.3719301189863708,0.5094495772752161,0.9132384448707446,1.0404348468969713,0.06014671783205928,0.16408248969442876,0.04824186091459795,0.18638534243809932,0.27409675647390086,0.5207300207933676,0.15741190832164698,0.08087870516900823,0.22648818834011072,0.5694653633137003,0.036414499380033556,-0.03989334485844177,0.10093323244645598,0.2626620357301774,-0.3672686186873569,-0.0037936331644234794,0.18482412470942133,0.16800039461444868,0.10258179006408,-0.07007404776469311,-0.09352453374723911,0.2636472198720716,-0.0031540352435540926,0.20377471420565343,0.2771292284672424,-0.15947536281093413,0.04293969094518644,0.0020884177426769733,-0.3339487262187344,-0.6813920017035275,-0.5292403857055101,-0.25837044720012925,1.123167953286358,-0.761267312716072,-1.1463327837476482,0.47486281311294143,0.6910442489331577,0.5512743203330641,0.5857959718172744,-1.2131275501237695,-0.12980237002889816,-1.1031640745497964,-0.8873460869886547,-0.3213180200849815,-0.05375848620171015,-0.15986585332020417,-0.609292291932759,-0.23869793075380918,0.6617303629870931,-0.2228458046860127,-0.7212588113340884,0.23098516448505524,-1.335068149160502,0.6866071043936356,1.0047879431656654,1.1453999485004296,-0.32211977539810294,-1.3237038904085243,0.25685727602182745,3.055661509612176,2.510884876774979,0.6930424885721193,0.0931707301747818,0.43950369916824333,-0.9930656809302304,-0.5275525760075566,0.4074316024669184,-0.11814570663839569,-0.9882317453817774,-0.1563693598804585,0.43827347608607714,-0.26304054883526296,0.4760727817173935,0.7113154404605035,0.44752763597667294,-1.091442365076104,-0.9332567708374635,-0.20445913647796177,0.33178576432426965,-1.2197149751390375,-0.09054144521766413,-0.013376248483437792,1.7530813789045876,0.4942893368927589,0.04840945993620946,-1.9203868240306365,-0.8577434386382682,0.2822895835095608,-0.17903528296583707,0.4911476861405721,-0.9528178915219051,0.05777769865055222,-0.13053221518742386,1.5779539072097883,1.6011529659377475,0.46383559010825676,-0.059057863887482215,0.6760761891891857,0.7465532386948743,-0.2570927325135832,0.6813192853044956,1.1396428535223162,-0.5145932107025024,0.5147203587530211,1.4226020812835216,0.04248808314266376,-0.8917249198497468,1.7099453590939588,-0.08526719584101401,0.2150092301833434,0.019779577575766566,1.9416517475461879,-0.6438863142026285,-1.1639268147160493,0.6560418788722723,1.1733331580752244,0.448041905016845,-0.5439038716779776,-0.5564823047416342,1.9304747508791535,-0.9207994266901243,-0.8019076460276481,1.175775187415681,1
0.24114885950338064,-0.291697361272677,-0.23156675739787555,-0.23586351685908288,-0.16107569909708608,0.2190797491437522,0.15031181124022808,-0.000922191290173824,0.05278040350006165,0.18153560001583333,-0.5367632449890242,-0.5813692752878374,-0.23459131631754268,-0.352784439832527,-0.02073941355445691,-0.13584752674971778,-0.5143424693725286,-0.11431776938190841,-0.2298150829341603,0.29239278296382676,-0.17959182217621344,-0.36327355864250654,0.01878435244099852,-0.2980690582493321,-0.3237133703510352,0.021245229571105688,-0.3326385445093956,0.031162111819975438,-0.2625263141376823,-0.14747397458829423,0.07737285877039966,0.017752536544239975,0.24645013640445307,-0.050663230497387364,-0.007414986028368733,-0.3658891759604634,-0.00992379038799711,-0.27131327307552233,-0.34467209705722907,-0.194320546908086,-0.32439951273988693,0.18027899180243545,-0.012090857146892271,0.015831934582510327,-0.2453553718183006,-0.035447398003411346,-0.36421183401770274,-0.006836278016434117,-0.3916691565304651,-0.3308218180305649,-0.4945738142061475,-0.199399573117382,-0.011131736532290533,-0.16810053647107104,-0.3660949248185669,-0.11503551791000857,-0.25233992371218233,-0.3422639039530189,-0.26548754565405874,-0.30989330105537916,0.017126680061326862,0.24940775643670093,-0.2533096740568959,-0.4016580994173813,-0.09834851090798077,0.05146157655597924,0.009170879567467826,-0.19246395615315198,-0.058030939423988806,0.394825899311607,-0.3489205841761147,-0.5348437899010585,-0.22600075737683203,0.1758394253873824,-0.0005683730016137928,-0.18500660866385854,0.13857389255870356,0.07413899111044392,0.3541334482309364,0.4520204623348921,-0.1841963428274973,0.03688614130156305,-0.21175191653350206,0.025727540274454008,-0.19327212722253595,-0.17404231792686012,-0.263859001600356,-0.25861402539036793,-0.13633660935627395,0.17254956547639425,-0.47616522678941103,-0.3165512053826522,-0.06903830438043912,-0.06271545299555661,-0.5443232717241412,-0.1747381244128546,-0.10012001493652666,-0.05620792710724644,-0.24598222514160176,-0.2060444058289587,-0.279059541046695,0.08037381252700622,-0.11693738392385894,0.009225421699970145,0.14981119554365108,-0.1248790697396654,-0.5225758311790992,-0.24783616691731716,-0.7038364160960439,-0.728433801020229,-0.7306859039653847,-0.15054066422368792,0.5295510742189626,-0.9789860071666041,-1.1483529439325475,-0.26797740033643247,-0.06449763414320753,0.2599198297499185,0.3956368673855132,-1.2993938234823457,0.12447535056356554,-0.8689223020916369,-0.7200604227682419,0.03543562565540153,-0.16572874943513952,-0.20979925158223056,-0.6201028454411729,0.1125565925357933,0.6515989401259514,-0.32475271320634397,-0.7181641715901875,0.16804027930783957,-1.2669413304450992,0.9704049582281025,0.8139646877745085,0.5130326183524266,-0.2385648897170067,-1.6047171143617445,-0.9852842706508623,1.0997986249742013,2.9386812250206327,1.3221032074396668,-0.8618865112941686,-0.27550058837481267,-1.3200101041894035,-1.0090914984793518,0.2535616797013327,0.2174905456343597,-1.2990638215563985,-1.1039586294839348,-0.06151859007996376,-0.3546242955155961,-0.13411590920900343,0.9259294790173228,0.242623961010233,0.569340179383561,-1.0359308566102918,0.19052825711774238,0.6086628498241847,-0.6200384128711465,-0.32195581571458565,-0.1181652588097203,1.7408230112060288,-0.3117367880064187,-0.3920514642756819,-1.9587364157579068,-1.197849094481035,-0.5231791090063798,-0.48918336188746364,0.2203902949824998,-0.8933138375835055,-0.7355764844678779,-0.34716196722077775,1.079240559990744,0.6421401789040313,-1.00008751772245,-0.38819907833786377,0.23680060408579076,-0.029048727170049703,-1.4660771257159282,0.16543515610018864,0.8314671366212075,-0.9978907350606715,-1.4120645161956233,0.11360806297228004,-0.13607428003730035,-0.993625199981588,2.5564110110708427,-0.48265348135680447,-0.10548251158315863,-0.43631893376676173,1.8476136060156618,-1.1044232059327819,-1.1265875323330985,-0.12731378234576354,1.223884149544758,-0.44243996085694226,-0.6789476402801167,-0.5325946053817329,0.9789182133420631,-1.3125326406132491,-1.3142853048378405,0.3075525841021217,1
0.058837167217750945,-0.5346826223834271,-0.22579198843911052,-0.31797508210794173,-0.225940600323344,0.16433513601194588,-0.03903138159066133,-0.12828367576545757,0.008854550792225555,-0.22390090460071807,-0.5319395041890506,-0.30736132677381217,-0.28370192216358076,-0.041968398774205856,0.04239124402028612,-0.27800950853893724,-0.5217294650559101,-0.24335445630565214,-0.30510575308338106,0.3148981954853673,-0.22332799203845377,-0.3992524257127685,-0.05987771103899615,-0.21595687459589974,-0.33920369766784175,0.07655139754759478,-0.2390038405164256,0.07972931454046618,-0.34727233361170834,-0.23939424309022642,0.10823173050016748,-0.0793775972920966,0.16293492173409588,-0.106512629205961,-0.12180161518024588,-0.44512366022026384,0.08843581450963454,-0.36335641214536074,-0.3033070650873176,-0.14944168049840664,-0.34567989297735247,0.1370820847215086,-0.04148081394934547,-0.02042322065655842,-0.23050236876220298,-0.06168897724305731,-0.3642344032753205,-0.00919861151437864,-0.35641840194245783,-0.3959968021566402,-0.4277372606349241,-0.24947565942441566,0.06002216166015487,-0.18716878754419825,-0.41815777321532904,-0.22862379737001465,-0.3375721368747443,-0.20211243062779502,-0.1973753804792229,-0.40725144056410667,-0.008871147042546263,0.21118348690025496,-0.41599183195565276,-0.4247597167044043,-0.0994962133585564,0.08316734720816507,-0.003286812409924533,-0.2518558680958569,0.04836702231731419,0.3911720813877321,-0.40496668290663906,-0.45859252100756803,-0.1332013147711318,0.17709749403365985,0.04577716244886169,-0.18027961055309644,0.15087842593454928,-0.08352778313140824,0.3288143776684566,0.2022525627525533,-0.03702035313668354,0.12537945917372986,-0.3001845345499607,0.0624269082827569,-0.17059128242225435,-0.172343240865843,-0.2898248910331422,-0.29258476068526057,-0.1015875854086035,0.10088089129753894,-0.4970927825843039,-0.18765036604382665,-0.047973961161932754,0.03108962585167682,-0.38292856983333334,-0.20106084327131643,-0.1670014082861169,0.00809868274675117,-0.3396609446764092,-0.24280189100777558,-0.2946812024272078,-0.13272799319102058,-0.13448395964171517,-0.06823644616907339,0.1575939927881066,0.4826202866393041,-0.4618188109906909,0.27836263079838525,-0.5175793487024724,0.3939948548562961,-0.16946584653662838,0.15810478640884296,0.9868207401675135,-0.6767502006290518,-1.0104977622887357,-1.120438396818442,0.1436155795195435,0.6541821397379278,1.6843539061353283,-1.1210987600714508,-0.20870741916682034,-0.7808290583544312,-1.1327736401394675,-0.3058863678107401,-0.7704069465767344,-0.7752680631237016,-0.5498659401400564,-0.18392245125517379,-0.5925919655057879,-0.7064442929514262,-0.8476513253714797,-0.8273087343446992,-1.3011303033722235,0.1336033498170465,-0.5587488512403703,1.2365015963353807,-0.12079098604136558,-1.246627708775963,0.15949516521484638,2.662304234804072,2.4667381141829523,1.3165605914778564,-0.5027563591949052,-0.2558832060655775,-0.9381514057946418,-1.0410868663909594,-0.48685406972087303,0.2992142488464495,-1.227375984385431,-1.6114644351890262,-0.8421786362917848,-1.014263060243165,0.0375458866001741,0.9299356911169675,0.3994869893766419,0.3694274011591626,-1.0240125639395923,0.2712463445915903,0.05748864129220903,-1.6040423300762745,-0.45409933891649756,-0.05429916337112387,2.6190410746034125,-0.6470394846841826,-0.3461302779339564,-0.7685621738040865,-1.5290712467078582,-0.6341064362136258,-0.3889558184973494,0.029964085434326042,-0.7375382295459658,-0.4767449826082108,-0.24183469531373916,0.38192208740730693,0.37218485135387064,-1.3615148510956767,-0.414668473980686,0.40096210740488814,-0.5021091629775468,-1.5066424516862849,0.12038077583893828,0.6559884693418423,-1.361768939630107,-1.1399594246808709,0.11512009174879499,0.21849666572165322,-1.031401606225523,-1.1832382742249203,-0.35452917740347073,0.49306101229324506,-0.885013227548204,-0.8497413139081628,-0.9459364534381742,-0.8455259825366231,-0.6632983808792635,-0.06273170291666347,-0.37495173352918365,-0.7999105458041507,-1.0786849573583912,-0.5530194182708473,-0.8541190507345251,-1.2626277500314969,-0.5176249667671774,1
0.07092060607920748,-0.59878095411083,-0.18737207649812151,-0.3766717966311336,-0.2807626213312198,0.1001505049012945,-0.14064642183929113,-0.15802008220950656,0.01120624027550893,-0.2461080830855258,-0.5435986778143946,-0.3598735825738359,-0.30559537304344925,-0.04766853284807054,-0.028918070559015557,-0.3123567323958145,-0.5591862133474262,-0.24774665014137268,-0.3635783883952454,0.31835901698115965,-0.24306785309433626,-0.4174127344740184,-0.16913274787749422,-0.11166762230962968,-0.407435122388852,0.12362924688902437,-0.19650666008464918,0.2594911597371944,-0.4142438462499235,-0.297703532596453,0.11432818807905103,-0.08074046047414987,0.032839737698214126,-0.11374059247399888,-0.2484479986013946,-0.4592130584807957,-0.009814138740359933,-0.5632347735440357,-0.17955285392333195,-0.13332203791566363,-0.3767476786597932,0.005859137260974468,-0.10199730109092582,0.06931640448246772,-0.32882483655789635,-0.0838911937455413,-0.3805110534591988,0.02455814076218364,-0.2536355411992174,-0.4301695421842799,-0.44103427954035884,-0.24488504320729226,0.09955117625530986,-0.22444692703553368,-0.5507654630814817,-0.3071149200606776,-0.37278879969581324,-0.2708823479522819,-0.36578031154322516,-0.4618157406533872,0.06747220903288564,0.06969758154986117,-0.4179882572450604,-0.47394037958788676,-0.1051844260280702,0.08567779224597726,-0.03279344005024938,-0.0937662237898804,-0.0007761088553954015,0.2837649493936225,-0.3217401881638475,-0.3841805981228763,-0.11223682271697118,0.19035159336530402,0.1175566215442632,-0.00914538128004323,0.08029778597978697,-0.06547786546033578,0.22797149152737622,0.13734758030208913,-0.15589279674945833,0.11540036914934462,-0.295081621393611,0.00229056589276062,-0.13426548726001117,-0.13517739711056284,-0.21359976648584725,-0.2369336239103366,-0.22595541147050577,0.04412698574477986,-0.5560707122089413,-0.16288795437937006,-0.020440087498194735,-0.029263873877567268,-0.4054513983273747,-0.1993005265934096,-0.15169408751745467,-0.07528327459419792,-0.3979739829167784,-0.23248575017263085,-0.31730064991338497,-0.12647900103011675,-0.2778297238765239,-0.22662899758984595,0.2714404723471809,2.089928456787215,-0.7858509616069586,2.0971183073443522,-0.6331633242464236,0.27311095992303774,-0.03920891300804931,0.35192078902457974,0.9268411293096044,-0.05656026765800919,0.6483902943553521,0.4626060945041963,0.146335402104967,0.9971038924722029,1.7142920754557613,-1.2956785700651505,-0.20400090274001353,-0.7934720742736605,-1.1635031622236878,-0.7095777779108211,-1.1743733123112459,-1.0838231023970457,-0.594527923491082,-0.157798078150052,-1.3758173028079825,-1.1265802622212124,-1.1498016473185846,-1.3209025457577537,-1.4425345256181918,0.6291090611396195,-0.06827725239370817,0.34677633318833373,0.4216011096922498,-1.233158277758867,-0.4135438618209129,1.3015757832628267,3.0447435247057495,1.6395671321430354,-1.5525760397095256,-0.4798569777139062,-0.7760435103439485,-1.214079453807214,-0.8340856843617178,-0.39151892167570473,-0.8385155213735762,-1.8799647980252296,-0.517315394498136,-0.9432064365131618,-0.13676463319876406,0.7030230914979286,0.012875821279464853,0.23500943161832724,-0.3399804034035059,1.3167577270172721,-0.35357157035119746,-1.2069500730052822,-0.7812675576387668,-0.22334801525158998,2.3851481470343012,1.0852228882550468,-0.5177275479883738,-0.09967171448191786,-1.5266495975029264,0.9447353248936449,-0.5895887355215956,-0.07538142289592416,-0.9243856654757936,-0.0526633180101185,-0.6664013910365343,1.1764474697261205,0.4636852809394334,-0.7663683137170221,-0.4771501185942118,0.14892002053361944,-0.0256830685233518,0.15403132816893303,-0.061930965125096,1.1202438845952327,-1.3492418785446967,0.289948863874798,-0.7403816394308831,0.5489711475601708,-0.9666364750116375,-0.2599532678542841,-1.0784972885664823,0.5466208263718768,-1.4909570505876033,-0.059646247927789116,-1.1463372894866724,-0.839832195093876,-0.7527621919788713,-0.21643863215581477,-1.1045970211409477,-0.46470511448864044,-1.4714051873626197,-0.31393840556639996,-0.7745142915013256,-1.457094571523677,-0.5421903577368847,1
0.15124688849981954,-0.5515116882154892,-0.17725408832883516,-0.35560456317705197,-0.284574793136357,0.10451931422435658,-0.2319106997930196,-0.2474666207991957,-0.002992427004314577,-0.3134825788577214,-0.5947375153750362,-0.37314577456583686,-0.2800299645094137,0.02373816001188132,-0.059493891567894,-0.2961849254294105,-0.4680714944551369,-0.26192559332197224,-0.34123985221495934,0.24267217683603398,-0.29703910096865005,-0.4281117750933445,-0.06933061102619678,-0.14284286481635003,-0.3265835298028948,0.11372768091156711,-0.31073282190966417,0.29248336405083614,-0.33152900487196785,-0.3202832895965779,0.0281307612412103,-0.10063752915294005,0.10887634510308995,-0.12114714870814715,-0.21051376100525987,-0.41062669392743306,-0.06397008823085208,-0.5476587225953422,-0.24377012662283748,-0.12722192281108663,-0.31970968162894153,0.051238415397019114,-0.09855310778905609,0.027848499819345295,-0.32151758317457546,-0.21158667821409996,-0.3171796062948412,-0.09020822050033948,-0.21051987314896983,-0.40028117052920476,-0.4145555106299996,-0.31201778042383405,0.03279442629762456,-0.28312785452509254,-0.5781118867462909,-0.2699599444433979,-0.39211318858232547,-0.2512137645552401,-0.4371408594375667,-0.3467701941952828,0.09316389669328844,-0.14034185846167183,-0.3858936829280362,-0.47583910638922716,-0.09983236385606706,0.1436606831862796,0.025095629341412844,-0.13984200576829692,0.12285470141379376,0.08117683999625612,-0.2939296383489477,-0.3575893432383663,0.0819314603552006,0.27186746162994735,0.25594475393764715,0.006246349803283081,0.08999259099807706,-0.003811258221223762,0.2644082301034126,0.10060743309882829,-0.17308640425262448,0.10432643636542692,-0.241268846707815,-0.10749970627869997,-0.12085389086369105,-0.13189499276839933,-0.21457821846876513,-0.25680429074218847,-0.21182391800533432,-0.03473441704200554,-0.4856145478103375,-0.14575374965171983,-0.24059480613789075,-0.10864764270020077,-0.344746973547502,-0.26170010895952645,-0.1434677688739265,-0.056445286392836684,-0.4569809711990257,-0.2677926441631481,-0.26348552173431156,-0.09157957719916843,-0.2936749135668404,-0.197079533651223,0.296092019576341,2.448447113488244,-0.5654270239219872,2.225276546509694,-0.6067047173739658,1.398521113416432,0.7735516282180229,1.166653391040279,1.8301774944390299,0.09130484794215245,0.7756600523565861,1.4162148875859264,0.2977757886833682,1.048421388368887,2.8647744081037945,-1.1658317825054276,-0.22743893790370964,-0.7644096207753449,-0.8205561098409583,-0.10095906900494786,-0.8159203507146843,-0.9467443780562306,-0.5244631106193263,-0.15730117840395652,-1.508013285080207,-1.028735011347784,-0.9853980400792832,-1.2546343485414766,-1.3971046468959447,-0.3353668509937909,-1.4579871155294548,1.3668019620835612,-0.0482982849137241,-1.243590113399848,-0.3284214763479237,1.0736530711284227,0.7942690494022483,0.18577633325518209,-1.2533766380472067,-0.7366171897396785,-0.9008452739443495,-1.3313635141223525,-0.5844506023746853,-0.03814378126344797,-0.48839842056331184,-0.9628757191631452,-0.5479816060279343,-0.9086432574518591,-0.057693996616359544,-0.14107964914892082,0.07814377063263729,0.3563628349741364,-0.4442413032551146,-0.003576057484818037,-1.0089862295821461,-0.9759032891979708,-0.5861419262257551,-0.27656320277534474,2.0538346701928467,-0.15212182248713213,-0.783058768492551,-0.39580728601745174,-1.3704816314191899,-1.0571053322083253,-0.9972395963254205,-0.7933479443950759,-1.025030947097457,-0.8916859268958202,-1.0283549508775427,-0.35585115648130633,-0.4454811981404197,-0.9868406340314677,-0.15468206916612448,0.7978894359110111,-0.02499450156721287,-0.959339177111752,0.4539386038317394,0.7467270498272924,-1.3989803945050352,-0.6740704981100064,0.03466175733570162,-0.4340710218333109,-0.8057511833077945,-0.8236778423895323,-1.1959171741219607,-0.20383548663367568,-1.618895585414696,-0.7853125513244915,-1.2376992712263315,-0.18967330438409508,-0.9057334028845507,0.03792389763731356,-1.3663212606392765,-1.0891447765234543,-1.3922373082725341,0.07415711659867791,-0.538593544728308,-0.9121543435242415,-1.2310997999848012,1
0.09369190122181435,-0.5526466639070244,-0.11002187287872475,-0.372401942026642,-0.27987311795122294,0.04049168597558548,-0.16671774682440454,-0.1661077806943378,0.0765928507148941,-0.4240001854098404,-0.651278808379901,-0.3636426355193998,-0.22260291243052427,0.045691220999935236,-0.05189889733331296,-0.3858975431622389,-0.4455334219730278,-0.297440819867787,-0.328768286116736,0.32958694058458826,-0.23852227251853808,-0.3314909705122719,-0.12825608988562628,-0.2465418097842713,-0.44902786979075093,0.0936667397831124,-0.23614216875032404,0.2442521231947242,-0.3471867302198184,-0.3061298456805599,-0.022970791263433158,-0.14330154440099474,0.06521159408880012,-0.09149001823308325,-0.26362672636444834,-0.3842126768822205,-0.12618858699234353,-0.5266572558394785,-0.24331024438420312,-0.16710776954768777,-0.3588591114852436,-0.02776034417507955,-0.034838407518501986,0.05417448228440791,-0.24913748612264272,-0.24786749875164468,-0.3695021560128613,-0.24723439197309274,-0.194890118318218,-0.41750959544320604,-0.3443287726389673,-0.4237888392840465,0.07199013819891086,-0.35919733422192135,-0.6766260410296824,-0.17726023437509875,-0.3565024389098952,-0.47214632412932817,-0.4107334241025336,-0.4033617299238078,-0.036398036391644135,-0.007267823172601264,-0.2519380204684841,-0.4858143652273603,-0.13197608057770105,0.13366193251858108,-0.12326762595922021,-0.05937887811656902,0.07808941282765962,0.046937629236564464,-0.4539259744331714,-0.27526354491117394,0.05819123020518241,0.3082003410414367,0.3250043410993686,-0.01623214290938443,0.037245939946815625,-0.06405239108821824,0.23743681034531824,0.06918066920049028,-0.19662554976191057,0.24829395666863205,-0.2924875645304141,-0.10674517290750675,-0.09750996736916212,-0.15227338414260136,-0.20414883448411925,-0.25881950842336376,-0.2535294071692385,-0.13085555376301192,-0.5099976569600373,-0.1552443561460565,-0.3763867286001952,-0.0568567698722965,-0.2815123488169079,-0.2369414460258677,-0.22210675422791262,-0.044313993037918116,-0.37189197746657693,-0.3446090661893738,-0.1333969382224847,-0.09349622909207805,-0.39746958410439454,-0.18606071579196265,0.20870827583365525,2.763964079907751,-0.5109008997870702,2.7728877870829924,-0.5221800257432895,0.8781955070180141,0.6563648317730384,0.5077171798992108,1.029249134745574,0.15311233659791382,1.0105580847125943,1.2412824862171519,0.16042031405806,0.5096113039790356,2.0504600382467246,-0.9480950888619012,-0.3719384502865051,-0.5853122371740778,-0.3569291209582018,0.28718349163022083,-0.7488213779570485,-0.9961429851562217,-0.5584127807340858,0.12741035963055128,0.09571086750058642,-0.5588419123270414,-0.7690609959804041,-1.3662445899941797,-1.027262728674957,-0.8056914315009911,-1.1064667975971858,-0.42730786915090246,-0.9971421045654615,-1.0500167779493301,-1.1490919021204045,1.233902691421598,-0.31123225482199907,-0.7406661407103212,-1.4403613606838934,-0.8108280506282175,-0.6184807966057289,-1.2329760741816045,-0.6602616127433564,-0.38782841374271887,-0.6784448728745062,-1.31779199819928,-0.8730024854043492,0.10051357607327116,-0.6584522597240179,-0.39933340242110904,0.32440708265524126,1.2523798803240085,-0.6729565485761867,-0.3606235710225886,-1.095976460153866,-0.4311486046105487,-0.777224642820573,-0.5762275067565605,1.3221940371785024,0.00345916881093671,0.07638204786516281,-0.2613143911272811,-0.9186918516066576,-0.9863737246841444,-1.0901469950996883,-0.6909540208434171,-0.9802385592784676,-0.6563141198011355,-1.0688508682576952,0.21675089021975252,-0.4007440566283924,-0.753114103811574,-0.37062071201074803,0.38988660785821694,-0.3852755984489641,-0.07234575496511407,-0.018843971401733998,-0.28330133377278777,-1.2804130190724707,0.023799727031041797,-0.6889292339217351,-0.7836984431524229,-0.8477235605158744,-0.518374099625544,-1.2661772740273816,-0.15495109457184705,-0.9117241836484753,-0.6940938401598988,-1.0091858480785414,-0.0970963278025094,-0.48826810427337997,-0.4282137122523847,-1.3703614024253459,-1.0492090181956168,-1.2872056980277828,-0.40405062657335944,-0.8642767588465649,-1.0034635603233721,-1.2174307634994368,1
0.11863618948860455,-0.5536989817883579,-0.04117238701765331,-0.3376067463271829,-0.3078070406899535,0.048643581752205754,-0.15493233683438154,-0.11863874146670843,-0.004981120567129773,-0.419291745122174,-0.5903500893691791,-0.3317012093378614,-0.24429763685698275,-0.004834378257744258,-0.10103475154941677,-0.4108414468887461,-0.40792656793954035,-0.30916547192701493,-0.27026136827480657,0.3241649650747138,-0.19678252565429866,-0.315656876560727,-0.04788575842884847,-0.21888504766937628,-0.5503156866266897,-0.08022135058481905,-0.19324489475643208,0.1678693926383881,-0.42949454814723015,-0.3301132214900819,0.055270144778895726,-0.18750728071841805,0.12803831787174888,-0.019794811303369565,-0.2987470311623444,-0.3863317051081385,-0.21872123979561867,-0.5621014272634084,-0.18119960676046684,-0.18285846970471228,-0.36425788871829595,-0.030682661554642218,-0.07812864621958451,-0.06047075961763149,-0.22754294535076394,-0.2368326817205879,-0.3898722010968181,-0.26702893357649093,-0.23008973551010392,-0.4102730882858691,-0.32302532346920776,-0.47418685389611553,0.06335145777725719,-0.38269500990003164,-0.6938596259709264,-0.23150555770389714,-0.3394467130442928,-0.4943854414679098,-0.38692878510972795,-0.41284646244194145,-0.014539678628396445,-0.04789677506158819,-0.2675503172404512,-0.5623767778561573,-0.12935805348483126,0.11757445547814127,-0.09214244651727442,-0.06662929118644147,0.04682949987362254,0.02442921546796174,-0.5581027162023009,-0.2541030301861213,0.026713963960586947,0.2856525457712032,0.35604507593185986,0.11553276232461843,0.06962591215921737,-0.14098121913995354,0.14464483676562542,-0.017915470418369994,-0.1497176297993472,0.36624108807732775,-0.12382390310399627,-0.11887689026961426,-0.08041088235408574,-0.17770777653220632,-0.23605532106757587,-0.20892626278406717,-0.2418714302791818,-0.20431616408626257,-0.4699831950872266,-0.1721343702527951,-0.3321991606652751,0.030759071996775664,-0.3272297472235968,-0.24050282959310465,-0.2926531468540279,-0.043585306523388254,-0.3323369573533481,-0.32056483282628384,-0.15234972693082935,-0.13353382301586547,-0.43552487386733313,-0.13582164554549433,0.19671390373674477,2.637687138564132,0.11666739252513489,2.226264588314922,-0.22367582938603933,1.3093718037471866,0.8940622391150969,0.5983779621301876,0.8400150711791464,0.22847886536345646,0.7744223237208057,1.3544313043668463,-0.11708381049337348,0.6341504873742065,2.6345923203797037,-1.088778296907083,-0.9114449135082762,-0.80145027058539,-0.7419505853888588,0.2802890082078976,-0.7645727467889415,-0.971741214339345,-0.5760500620359899,-0.13052854250455018,-0.22369870061519212,-1.2136498311471373,-0.6520885743336134,-1.6759037751770214,-0.9563469240025565,-0.3454871544224319,-1.5958621274656157,-0.20937786173424047,0.12767847845882427,-0.5574890346919561,-0.0715732150623859,1.0590885276227098,0.23066169018282523,-0.2059298587088272,-0.9145296230090605,-0.5508869649797123,0.25359143008080537,-1.10915663022964,-1.0584065811624643,0.8928356747797156,-0.7955804523423765,-1.5558911336651127,-0.013023999595768328,1.8811510261379776,-0.7141880285823107,-1.2382311883357129,0.32150758079546954,0.5247235284441941,-0.5913517803758076,-0.8527237919197763,-0.9556964427948837,-0.5625708742114955,-0.8839564216114676,0.44141027519715725,1.8036742211094627,0.554617598684604,-0.1007923731536189,-0.24123081829423054,-0.1923923454021635,-0.7895566921178007,-1.0686190547864223,-0.9722610611856576,-0.6343751928861568,-0.3187712938979966,-1.1336341601747708,-0.13660190301098676,-0.26627898425665414,1.5797609679328033,-0.6571871414651392,0.2077066925332059,-0.05724856156312497,0.281056827193945,-0.211527619409069,0.20772695076319916,-1.293961698855132,-0.2295221954705775,-0.3787455641942864,-0.9604613876578165,-0.6144570425934179,-0.7611814605695894,-0.9452865103485885,-0.36047974664635285,-1.2801597068852315,0.7914933885991049,-1.1350031575171604,-0.23966960176489271,-0.34703338344862245,0.05336532372872746,-1.4866436665278828,-0.9606694607695448,-0.9626430465891729,0.13230892855434165,-1.0013597802696808,-0.775245103256383,-0.9542275042667073,1
0.09281750409316368,-0.47045913702550246,0.0011202660623037726,-0.3347090728053815,-0.22581660674860252,0.02593079750868372,-0.2834728067556778,-0.15319810019610378,-0.09778233132490403,-0.4049938109553187,-0.6530577853107216,-0.3174991152398262,-0.2829835829915099,-0.021805176638582214,-0.09151017520189357,-0.302326601751251,-0.3935073019946956,-0.3143327926755727,-0.1959640182758568,0.40550175842357533,-0.09949208028497657,-0.21341626632859897,-0.10787771303024134,-0.202336390082216,-0.4097687992222621,-0.22770262767517147,-0.18754937666393798,0.07757673584156558,-0.424296095970092,-0.33449400066922647,0.05337151341430768,-0.20454380206562375,-0.005867093232014101,-0.07226873017286223,-0.3043090882340952,-0.40814560053830645,-0.30989288879208987,-0.47261703835603464,-0.17391958471069444,-0.18650342691888092,-0.28552322615049863,-0.03942838576181082,-0.06970561574850911,-0.051872583852611044,-0.263302894200672,-0.26478114105295225,-0.473656192416147,-0.2739832163124317,-0.25511892281504184,-0.37868084860592455,-0.344197760132764,-0.4051589688687804,0.17977572546709092,-0.4232177579639957,-0.6971801859111777,-0.2639015646183607,-0.2963127009424779,-0.4569690275204608,-0.38349100359936167,-0.42083730659693513,-0.0016708348807202963,-0.019181709893872346,-0.32408243425241007,-0.5435052691246638,-0.2354420423523738,0.004825232593094969,-0.17171576591722898,-0.07876217020856904,0.05753559052649481,-0.14789787679300773,-0.5997335018038842,-0.2800310368782253,-0.02487427296228988,0.1379896024616792,0.10257746273602844,0.1250526375278376,0.044144219553861344,-0.1513916442833071,0.03209402391706461,-0.11675765750727188,-0.1844488225765325,0.19143995852373888,-0.1262551383332949,-0.11923837715708234,-0.11885871408077252,-0.2748314752909545,-0.16698582567831868,-0.22063139584039873,-0.19323250436244205,-0.20232343439214284,-0.4447830679355207,-0.1417833741140726,-0.34996106964546625,0.07775189827841154,-0.3246795600423676,-0.37076387427191415,-0.3389986631942936,-0.08180487097357245,-0.29631533685656813,-0.4031578473517173,-0.05969550459835431,-0.08560949697658467,-0.400764816105532,-0.19004129707176634,0.19180203209941468,2.2683402628512814,0.1611837995016059,2.4350748093586434,0.040805606659733235,0.8220428077528529,0.394857590507299,0.25281958044173836,0.14869604456115887,0.15008716616891274,0.7293234628399577,0.3974969860493994,0.1732416098559899,-0.04153708321016567,1.3911522613828613,-1.0391803526298091,-0.7991131253992424,-0.7665165517678626,-0.6462319482766172,0.026899321019466342,-0.7519570349204513,-0.9873133514934094,-0.6279625753016493,-0.25562233446190114,0.26485614850740735,-0.9710664363828527,-0.7004541135786128,-1.5902402379853349,-1.1601350217036588,-0.22210581273243943,-0.22386960019697155,-0.28367155516762593,0.08794690133637899,-0.4492874757229785,-0.5491458589541104,1.43148177007545,-0.018710990860589426,-1.2055952939789834,-0.9286093648750284,-0.3515626299837362,0.3737599439336992,-0.6583814679030909,-0.2741865630901754,0.4043060839260172,-0.7250608078598046,-1.141125895795788,-0.014098592070591437,-0.24530118633555145,-0.9270806040028835,0.030381414218721463,0.6718184309536986,0.45076258279398385,-0.591333977909125,-1.0690262603347083,-1.2252689105111254,-0.917118719482314,-0.667264823906257,-0.09720006798273718,1.2450276166432281,0.7868286429123391,-0.3593037089684162,0.17330613488439156,-0.12702618579442498,-0.45692411060735616,-0.9558935422714153,-0.7367082484187429,-0.808341923236779,-0.7148616910291417,-1.1012167493092688,-0.1253160849558389,-0.2990482933605935,-0.9514436838336278,-0.6135225548706358,0.03944704534271963,-0.03830511663088337,-1.0161397070849298,-0.07662927123639536,-0.23236064105805537,-1.1900447754523087,-0.9785334692011268,0.7160231591052564,-0.8806166597079005,-0.6346423086331481,1.7232705254364766,-1.1684060330203552,-0.3045881564825509,-0.9571648497551022,-0.4080809459343344,-1.2328162096458104,-0.280742682644369,-0.4785506957271869,0.1685807819567149,-1.2451339880639385,-1.0548351282763893,-0.8602931726358899,0.09413988455159839,-1.1152890250203706,-0.8218318380323547,-0.9609898641232494,1
0.1428318130964035,-0.4849870294309017,-0.05163487332077986,-0.34602337552004814,-0.24169566345870316,0.061546049020271824,-0.2679173236975569,-0.10340482434717163,-0.15911572353426062,-0.4021187062066654,-0.6220675661693787,-0.3065387889767494,-0.24985115623905158,-0.06924860968933622,-0.050120387432337966,-0.3397408084602077,-0.3860933857462488,-0.30631387232512125,-0.21272554578382613,0.4118854033314595,-0.09279761208243215,-0.22519655550052262,-0.1800712557568585,-0.13132919118070152,-0.4315351004021454,-0.24284663039244,-0.190343969958095,0.10329140889159251,-0.40041386644876303,-0.31920311319165,0.009344259920722865,-0.15356873862741327,-0.04033119675923566,0.10967307332699629,-0.305545803981511,-0.39766876792260325,-0.345137876456532,-0.4544232766924762,-0.10347110507527175,-0.2033500486176899,-0.2294787014044455,-0.046264852022498,-0.050818293310920644,-0.06874885083660195,-0.22496019561912386,-0.22272540172440258,-0.4961009810944084,-0.23880686627849326,-0.23077331265311574,-0.33648290759877075,-0.3085094492055789,-0.37855966499779087,0.263493654270098,-0.4296742995928558,-0.5938044291113445,-0.28829883396477674,-0.3941035726059404,-0.3839957615378198,-0.3560673286672145,-0.384645521334851,0.05860529267255316,0.03701663970156433,-0.2582166030366203,-0.40784550099790023,-0.19269948357904462,-0.1515812510756645,-0.15595056312492492,-0.027220727856441033,0.12010493703387227,-0.15192207749334594,-0.6153922283097639,-0.21665017265372402,0.02606799312625809,-0.08985194016831831,0.056667208722945915,0.08707151638818426,-0.0858171424614,-0.10114416510783775,-0.028580874871508625,-0.16663470582227385,-0.29144889366423393,0.18438508339693602,-0.08183127933360725,-0.12149243501761987,-0.19170695511569036,-0.28352138137009036,-0.11861320289380568,-0.15378598823476491,-0.14585490816616573,-0.32924274512793933,-0.3889358039025311,-0.2297807407193067,-0.28243432573802396,0.006090606210962048,-0.3169944500837758,-0.2568341386567352,-0.5122745666829082,0.014073819958685367,-0.18613830263889075,-0.4447223723140672,-0.09538509527827112,-0.1065704330862756,-0.3646830617109188,-0.29444075391197566,0.033208276976309514,2.190004496442359,0.6439483601205226,1.9865436378350394,0.19689003865311827,-0.013866503471828905,0.2036832814580351,0.3553353418484169,0.9417454287474589,0.6093421405256544,1.0463601353637824,1.6524380509408376,-0.5084531893462396,0.09777844937564617,1.1061009243046573,-0.8464867342988398,-0.9252684062982592,-1.0105614768740183,-0.9938741079158236,0.07454005671359407,-0.6877385473247362,-0.8854375225916404,-0.651388341668282,-0.26825387957873675,0.7136668320238491,-0.8917643786544829,-0.800005886773631,-1.025855508246891,-0.8405518385573512,0.09650291371005117,-0.8226437167700809,-0.12361699943620245,0.428016284540397,-0.38276907830283174,-0.3966993792229666,0.045271769225556265,0.18445515874751317,-1.4119877683236697,-0.9744419459713681,-0.7067466784989195,0.46194351066594624,-0.9684098942655835,-0.5430086074694035,-0.5117995836854822,-0.735150807297158,-1.1250780716886601,-0.680177356604136,-0.8188879818395296,-1.073575277260027,1.0248692309439944,0.8330435834592548,0.009035546144064073,-0.7044666886988381,-1.7603384145496466,-1.2127541494975707,-0.9671002666443106,-0.9157145297234754,0.07786728587696425,0.5945464235230548,-0.2702500392903623,0.48673873243450266,-0.20080432651953348,-0.15044475574306923,-0.6541177345574198,-0.6715185094112456,-0.889144248083132,-0.6953227497975247,-0.5866313916396505,-0.9282229384851205,0.015607064136537263,-0.19059414554417856,-1.1147369892417787,-0.6443122833731683,0.12936309538735916,-0.1039074971729431,-1.1706593084067516,-0.3380180259413669,-0.29471725501990514,-1.2453291923111005,-1.1604880654425287,0.7658714872316433,-1.1234172452712325,-0.7338094097287403,-0.1609480157603424,-0.48564070690763644,-0.5625357519800691,-0.7904753976476535,-0.9713304513308583,-1.0531491362439027,0.1643397626912188,-0.4583075086406474,-0.08139224755189557,-1.1715899804327754,-0.8331349137521401,-0.7841308618882984,-0.7770701823105437,-0.9251754350854254,-0.021960987205158954,-1.0891100511332101,1
0.23013921786294342,-0.49539316855957727,-0.11973047204537803,-0.3475796981425767,-0.28626684139442543,0.039714439701090634,-0.23090395408323774,-0.12125117617054847,-0.23886333141938138,-0.4099931829212735,-0.6535485437804535,-0.39047712386626254,-0.15304178932478263,-0.06453842234157217,-0.03103892253456892,-0.3473555484455473,-0.3445739916553926,-0.3043116818762576,-0.21354432311720117,0.36731314180510666,-0.15971490048892492,-0.28017343887426754,-0.216886326131456,-0.13760756319962694,-0.4184315504273854,-0.33826678594289156,-0.21114629436031665,0.01107262696121632,-0.3644320785200829,-0.29893693439501884,0.083819094505414,-0.148673717504231,-0.05706647122304869,0.10924608169636937,-0.2698699199500774,-0.38778875088658055,-0.33861137012999815,-0.46856313734914257,-0.15183097192969155,-0.21693837819570652,-0.25397547035200674,-0.052738329933341474,-0.050621498771291344,-0.07106652779628217,-0.32739274206704777,-0.29086118027189306,-0.44488029123092876,-0.22294926622750863,-0.2190347992959163,-0.4710578545180882,-0.35348612293520176,-0.46764687019355433,0.20627356628691879,-0.43506542679776783,-0.6516695942430349,-0.3203177267951918,-0.4145726483515401,-0.3708811460771001,-0.40094909201559775,-0.3200361448425414,0.013492674057823274,-0.042141525101716364,-0.3137440194175712,-0.5123671722900283,-0.2740544793876321,-0.22920559700200724,-0.07599294194938318,-0.09815144985147181,0.1212579879580591,-0.12535990837718256,-0.5571511711389093,-0.18968525109560433,-0.0010893698504120697,-0.17617586445889613,0.06432130591707333,0.08309721563218189,0.03208171551484373,-0.09940210367482569,-0.1532823865736286,-0.17995938871062764,-0.36368573947704463,0.12527226496188026,-0.08676608598208194,-0.13523255991352406,-0.19956983945502368,-0.27218950476301446,-0.1791146065444293,-0.19332272825701988,-0.19358942776215085,-0.3261575162886383,-0.3735745370425816,-0.27292851437761717,-0.30061024879845416,-0.051411794739777604,-0.3187159472469762,-0.33730522777590577,-0.500418109324724,0.004391387192113963,-0.17114630383435397,-0.2203536423074908,-0.26584862946659016,-0.2098886977408027,-0.32687667237946827,-0.19344767056491732,0.07154885231470465,0.3967371837042383,0.4869028983289772,0.0811674210648518,-0.21421734032078701,0.22779608633485765,0.12218519825642526,0.04210388539204319,0.44884048831311885,-0.260694882728995,-0.7425869002241026,0.9671080031757268,-0.4955333993946724,-0.7979844562304027,-0.10183228238795286,-0.7309246245226781,-0.9707491616785715,-0.8419468109474534,-0.8171062221454447,0.2044121642434232,-0.4809450689356282,-0.7709019945095544,-0.6214664796436049,-0.3012621827341064,0.7316609633510333,-0.02897530208636037,-0.7052588015055312,-0.4414627447499992,-0.718796370202986,0.2787698898459696,-0.06204520014742454,-0.16613252212304744,-0.7434033138387435,-0.43371615941174463,-1.202802861418756,0.5190895016988071,0.2091044705088589,-1.870671697829304,-1.0726653533608088,-0.84180905328108,-0.2636185811685898,-0.8341214085160858,-0.1268838133082971,1.1372090575937652,-0.4390039157043429,0.0553893454351151,-0.1768198991333504,-0.7394538470198762,-0.5380720042241555,0.27171811360040865,0.4875453004272124,0.9580629962671581,-0.6710810215270446,-1.4612909656571844,-1.070430915630913,-0.8720480262801997,-0.7844083865520235,-0.12914909899286436,0.3280576500433259,-0.8234390584627697,0.4067629946035767,-0.08685482839506058,-0.1568706665226745,-0.8479421170666157,-0.7719143553962776,-1.241915200284509,-0.883766870247046,-0.639730015527812,-1.05730955089111,0.41215178525611235,0.4432046849911285,-0.9673514317720767,-0.6296794629270683,0.30321669191101025,-0.20661773504291175,-0.4942645227654559,-0.1550556869779745,-1.2322671284520836,-1.065394401568528,0.1403753574319756,1.6171818378913445,-1.196443421473935,-0.8139455613487382,-0.4982579086536209,-0.5346814692568151,-0.48493779322762876,-0.9551808954687511,-0.09006493520828122,-0.9880516765442825,-0.2528304961852515,-0.49226199019828853,-0.008449402497939632,-0.9336259514939271,-0.772814094054972,-0.9003262778077906,-0.0029331872061609996,-0.7667936443289188,-0.46320002083159095,-0.9863706837880711,1
0.23402859569638726,-0.41470905942310443,-0.3029133429282332,-0.3873233018889573,-0.33993305053610745,0.014797896529687587,-0.17937598444953384,-0.20781972413365238,-0.2865892300887565,-0.4148736575115762,-0.5775533580380218,-0.399100446394071,0.013227409442930738,0.03745517226344627,-0.1170453318970976,-0.14812452218111574,-0.35006453121682485,-0.26236811709992175,-0.09046031798278374,0.3314242323668037,-0.17937359772800926,-0.27471679793707754,-0.1771482765830633,-0.1526109485135011,-0.33792862684846636,-0.3579967827903468,-0.19817006200351422,-0.03896101786755987,-0.2966653445690936,-0.1467437512498972,0.09775095948662736,-0.12285058106285775,-0.012291016247127294,0.23276448033773017,-0.08314162399914651,-0.3051979432269722,-0.3834167641268746,-0.37116711847611844,-0.17307392104678163,-0.05387491181681709,-0.16102222828381316,-0.0392139407319007,0.0454543619161175,-0.011307420020788217,-0.17196833468477576,-0.1679893807350996,-0.3693684153198693,-0.1709261042641412,-0.1387472541404681,-0.485219976463616,-0.2591815281227931,-0.23884252571740996,0.2711332153660926,-0.3406746828757378,-0.50271817629822,-0.0054503098201903214,-0.34004914282866494,-0.3062430082980535,-0.330501138879678,-0.258231309471394,-0.048702150067505966,-0.0457443341488298,-0.25636439017278856,-0.4608510645344394,-0.20104183116219881,-0.13636197575998385,0.03258432947145035,-0.009855401041065448,0.0390267545710583,-0.13468319806424958,-0.442482875235253,-0.04582619827669377,0.033450071112837064,-0.08182665761954716,0.0827394780291438,0.042518235968336406,0.02880046184412538,-0.11851476168008845,-0.15463958069386394,-0.11103863193546232,-0.32893069902203087,0.14341308115200016,0.09385952258592149,-0.10915563557846446,-0.15122869729135452,-0.2304427041973032,-0.04878985993783164,-0.10952462562962892,-0.07136647782800129,-0.27811591739405456,-0.31710398293735914,-0.19218616989335616,-0.10645278159110033,-0.009434083000779546,-0.387396437564859,-0.3378142452007419,-0.49125595964861124,-0.02437794177967088,-0.15730136705938008,-0.20130855226141645,-0.2832466604242627,-0.17315156851719365,-0.4495812986148603,-0.10767361496221235,0.001519111667996345,-0.023302373562223512,0.8097318665222725,-0.40763237382666256,0.08343478315381966,-0.1872693840733471,-0.5176963700992644,-0.31375531612773305,0.41013309313693314,-0.030420771967491784,-0.8248745317741284,0.5773907640117749,-0.40976188570702854,-0.5664914471638597,-0.8157977149936008,-0.590464857262681,-1.241087940888754,-1.1487563795346882,-1.1140836868681878,-0.3479042453878449,-0.9530538258603478,-0.9729587431245607,-0.6503544998560756,-0.29203116297635545,0.6020561231917914,-0.7938908249501677,-0.9561311489239781,-0.2602255098997087,-0.687332162315993,0.230588675362805,0.06822804017346198,-0.4241088700649373,1.062704182514343,0.4582910885841557,-1.4941567103235773,-0.1526572475751373,0.47699732410248025,-1.4335043122032853,-1.178759802342505,-0.8037859218791883,0.07595867286745274,-0.4224115939178415,-0.3011500016225908,0.005775156645870962,-0.10948965619931676,1.2974730245317283,-0.46367352449748295,-0.5875706120275104,-1.1064190903301387,0.37522295421337165,-0.1567876456265046,0.837534868951193,-0.8753983135782425,-0.30101240866800966,-1.0948564594298213,-0.6574098336117158,-0.8570638767999256,0.5446925408087133,-0.533358015779458,-0.4586122588726051,-0.17451585770003558,0.08617616514773589,-0.3422119697503336,0.4705365353376978,-0.9847663020990136,-0.9427653627778372,-1.1372928870855394,-0.6865870632320641,-1.1037168211868387,0.5231147360833188,0.5832462743360493,-0.16085283154722244,-0.7643954477058924,-0.0912858570113674,-0.15044586165947818,-0.4628153501857648,-0.4432610127973308,-0.9514327012381354,-1.019896035052416,-0.3737858392855729,0.8998725453441458,-1.4681455754344095,-0.8096973967042226,-0.07903352101957836,-0.8175648089353028,-0.67966069199328,-0.8791778105281397,-1.020545039394534,-1.0459605386383046,-0.3152952031094381,-0.8639297927646097,-0.33921639141537135,-1.06936387897307,-0.8965382467783669,-0.956489223185449,-0.6884852652882683,-0.530155390585122,0.1499729476455186,-0.8939604759804278,1
0.32139248356770866,-0.45426471497270604,-0.4707431608672716,-0.45457220309074986,-0.3403574930944887,0.060168502431082245,-0.044663116837977204,-0.19844316026789394,-0.3142235061805157,-0.3977815007384583,-0.4982400413622333,-0.4255358613375397,-0.08104423674689004,0.06557284015309613,-0.11023012298551012,-0.1040990974785724,-0.3386257471416228,-0.32282680484770115,-0.024764630568518034,0.26280264765345634,-0.2581766195297476,-0.3359931503809103,-0.1855598824769632,-0.12089403363651728,-0.355923385237182,-0.27001740448758726,-0.26828811744430886,-0.2721596399868596,-0.16563467992435493,-0.23069213600677316,0.19217021454049643,-0.036859052996646935,0.025501960982913272,0.09893284062444373,-0.004675653455871354,-0.14003983064628375,-0.27700710875013246,-0.2646300830445966,-0.637661987265511,-0.02783573916814048,-0.16856613299034545,-0.05206969591593049,-0.041695724142105164,-0.07612198841249965,-0.10410940328912618,-0.18038702377037596,-0.2727705624120964,-0.16763057512032173,-0.12720195902464362,-0.6433223941561323,-0.2527278227508875,-0.28677452511723056,0.23132304318531202,-0.3586812179305176,-0.46859750937357225,-0.0644105677477858,-0.31243904616642454,-0.2957386756860488,-0.3449276284762882,-0.1977508648491882,-0.3473623060571505,-0.09669217677583326,-0.1867762158202032,-0.33231109852993357,-0.0978380994749234,-0.2728065960421909,0.11115259327005982,-0.03180408136338366,0.16281509220536772,-0.2239470144026784,-0.40090035686153086,0.12880556124102863,0.14384567917348445,-0.16939055748423687,0.07799813867518642,-0.043772360113780655,0.2530952191804058,-0.18417750871896962,-0.1419904570896006,-0.15218895896655849,-0.2691888052598876,0.09097593440502456,0.0031012043969279365,-0.10443747023368574,-0.20517266784300386,-0.32368162481055895,-0.1824272512608479,-0.22800536921636655,-0.07283040270083316,-0.23806475897483292,-0.37581989650993364,-0.250592696602633,-0.2020837312043115,0.001000774256114509,-0.488963520322648,-0.4056545307824746,-0.4900089658013197,-0.10375394832694199,-0.31983642018268593,-0.1793015605641426,-0.3108713347143736,-0.3230690070382283,-0.4233316858076547,-0.012800759595650907,-0.023294541151167896,0.26024377558424766,0.21058544562101092,-0.6536319801110686,0.15821009379324716,0.29297598566565364,0.0508836682422324,0.07924164170772381,0.1439717246804693,-0.2113168496107311,-1.029274332826354,0.46162146138981514,-0.43602228771049084,-0.4642232044250813,0.3756936769029362,-0.7661274753805765,-1.4678982832291867,-1.3892956697915637,-1.7988365557111679,-0.3769903657480096,-0.8984272678677614,-0.8944622129660355,-0.8133349824305678,-0.791987324598919,-1.0193710204844453,-0.5864676110205449,-0.9638252191877268,-0.4424510348708108,-0.8975551614867553,0.041111441529368305,0.6590802217329946,-0.5883897939760332,1.4263494971553918,0.10884397686294073,-1.5438920710605155,0.28981142961624523,0.05306980382411517,-1.5652363560195393,-1.1664054838619202,-1.2304193948523807,-0.6368896557415783,-0.8585995287934745,-1.2239028731282422,1.158142142688639,-0.42661179078103684,1.7761600569299982,0.32090675007848907,0.32672655679348156,-1.0098989796375977,0.2682812558882404,-0.672980402808278,-0.22511049248813228,-1.4337026012961513,-1.4673487581928344,-1.2162482658698235,0.8112665693656772,-1.4035124209796852,0.8313817698527426,-0.21458002495575657,-0.7547262831197689,-0.4667865915728792,-0.7085188727713775,-0.2675619447270046,-1.3735985603513552,-1.148527420778788,-1.6468986129998173,-1.1961909838834095,-1.1376401291953917,-1.1930148728578054,-0.09418039313719603,0.49775679466028877,0.23108238086714517,-0.8329520825492628,0.38901424270790963,-0.6921369469553555,-0.0009040607231262816,-0.6759241721452914,-1.372645112540168,-0.7991271017340115,-0.5460632434336944,0.11948807004140462,-1.766544064361232,-0.7279093270550124,-0.44399018884549696,-0.9866130851760904,-1.0448257389889752,-0.9299269183557534,-1.3745627124941218,-0.9709964634386917,-0.18319965459389947,-0.9123587183115961,-0.8200105996879854,-1.1275414862131876,-1.077010175152082,-0.983002359706921,0.6339545528822123,-0.7709239720679926,0.14587387613189773,-1.2515874677645666,1
0.2813508020150187,-0.5796325030190526,-0.3822188190232933,-0.4570858013332687,-0.32276105500439856,-0.0686297638295544,-0.021723716954134543,-0.1032591973651996,-0.25234163356929634,-0.3347664823878358,-0.4114872261561654,-0.3117262080898835,-0.10240111537856512,0.115600919345634,-0.10720017565725841,-0.1420338338877915,-0.34792734606063247,-0.3301347792445333,0.06535879225447778,0.2084068031926065,-0.24861462758918879,-0.26678631872975406,-0.13894313454300622,-0.1295427922505209,-0.41574508453621184,-0.23980108950830256,-0.28998583679151885,-0.3244983912971698,-0.23748341014605476,-0.1901350948399069,0.2894826045716801,-0.10418559062228343,0.016735240874153602,0.14465587292475238,0.048364590242042205,-0.09460693951574498,-0.23477066116904396,-0.3402834488848303,-0.4875598359133838,-0.08488101106534357,-0.15758373395657568,-0.15112490771443113,0.014876021042506562,-0.08727977046924654,-0.06811429773520782,-0.10219935236947598,-0.2467726222280667,-0.12196583807522843,-0.0580323483939217,-0.6307311660107049,-0.27578494272857207,-0.28464747981808675,0.184180592973129,-0.307288276365127,-0.44060929091555123,-0.01690832766451726,-0.31690722023265183,-0.3874629498592667,-0.2767294551485583,-0.2686208260312207,-0.45784119696432135,0.059296606040303734,-0.11570023793556374,-0.35459015745717243,-0.03439158247486144,-0.3396694284782971,0.12432029270043508,-0.12494032694295511,0.010515457348038663,-0.21952950383595857,-0.4138608655157392,0.15501518231852593,0.032770511835846214,-0.1875500598362787,-0.014897695173616186,-0.03690254530860667,0.27145581684715114,-0.2578808582226973,-0.1810393685787615,-0.17419880430863854,-0.2349514981225513,0.1026689667899641,-0.07153655706844447,0.028128610177419917,-0.2875448138594955,-0.37262239794852603,-0.19997193769288835,-0.12310025961908153,-0.09439582707147116,-0.15227252712395545,-0.39816538433206605,-0.24449085763103043,-0.09834262872662167,-0.0772969027968108,-0.513932730186068,-0.3831115982871015,-0.4727392271181005,-0.11882050352246502,-0.31229126353749487,-0.19494092685454031,-0.33850223129587825,-0.29820322609033845,-0.33117248677611955,-0.002568092248572502,-0.08894710457988758,0.3190497890650269,-0.30935709619579455,-0.4007312264022859,0.022971232498647003,0.3112889164007359,-0.06134402806202368,0.15675639025830565,0.12823217836517875,0.15467435642450655,-0.6026912278817035,0.23011752838105978,-0.5233913377711459,-0.42301286762497076,0.19819057843315907,-0.3073337265294353,-1.128222035119644,-1.2268450347150264,-1.112355019816011,-0.6090878485213382,-1.0354145949740234,-0.9862827219147624,-0.914966811764507,-0.7560069187223951,-0.7197664341657554,-0.8923515929053871,-1.2266287072467665,-0.3052677084615683,-0.26760850349685295,0.2205023014926083,0.3180479089899937,-0.09443705299893328,1.0439464094092739,0.16062092197393457,-1.757960483391883,-0.28803639291222827,0.6722640019534605,-1.4607564650318685,-1.745334956822217,-1.8168280692773955,-0.3280903588593174,-0.6702446208526122,-0.027205677596868413,0.42120405455480064,-0.5836346707043549,0.7046129974854437,-0.018121712014592388,-0.03878394405704965,-1.1254318042822262,-0.08083998514328306,-0.7584047091322541,-0.9150905688914243,-1.4544694333399937,-0.25642461195966243,-1.3963835037927013,-0.6026094687199393,-1.7025878415968891,0.1741066759712221,-0.535625610237954,0.19191658084937552,-0.15974219182617222,-0.8928341590797786,-0.4485975955535214,-1.2632415687997283,-0.9608151474868123,-1.1181611469047321,-1.105313079767993,-1.161637907714631,-1.0701081375735335,-0.1525710766631629,0.6949242285544743,-0.7355700037446927,-0.9914257725756613,-0.5814430013927736,-0.8522811946266108,-0.8604381139637697,-1.0067174568914767,-2.421585267398272,-0.8488043289156186,-0.3031861008931578,-0.8497055479546646,-1.812064912562427,-0.8777777339706627,-0.9269786494156247,-0.9291510717532426,-0.8031005904472606,-0.21317857679379548,-0.7692365661688637,-0.655258975319355,-0.7148563645579025,-0.8672883115640752,-0.7936828450137161,-1.248229851832226,-0.49529805898445295,-0.74819735464239,0.5599598189371937,-0.7809338538061756,-0.48267888238860396,-0.8330646692657696,1
0.27325683922036487,-0.5605899482693578,-0.42768874600505385,-0.3982426145744305,-0.3564498588578311,-0.07572038846186432,-0.015497094490592393,-0.07040854705847026,-0.34044786081121864,-0.2338558647249415,-0.3265908492709541,-0.27851244444081397,-0.11052637051941848,0.18782427822383296,-0.17851719878270114,-0.13298142111085742,-0.28041394201931025,-0.276786758460229,0.0499581875965649,0.06247742464067716,-0.21680718811695257,-0.27500409331565234,-0.1348897032346978,-0.01973689053132537,-0.4131706717154264,-0.259943044973314,-0.2937777229625416,-0.16255732627141764,-0.2064474204811639,-0.10221492757694754,0.20270616399325936,-0.028136589505346723,-0.00040578936824262263,0.19594835588707593,0.0542140893269366,-0.19435820022227548,-0.40701313534380396,-0.41755789026658824,-0.3587919674888955,-0.06762869310761417,-0.16207544853738104,-0.18909659108461704,-0.0347270045136967,-0.09482328500567609,-0.12806979987791237,-0.07525079827956072,-0.27840163694775,-0.18326621831151502,-0.054786020050637374,-0.611449581412964,-0.31420267198012025,-0.1878019871331412,0.16753999516416035,-0.22779406358484938,-0.3131092330385924,-0.16277987705470356,-0.3583279723884563,-0.2819194253530391,-0.25330830763633266,-0.22751400616627526,-0.2482720186640387,0.03281590181017152,-0.004736509085333444,-0.33554827756793076,-0.09029642595535986,-0.3284037213055996,0.1472065866106494,-0.19120174595254982,-0.14063794335860594,-0.16953162557368273,-0.24536632896079147,0.10242742554241129,0.11122068860019199,-0.08675173182951923,0.11970529818497073,-0.09530439422291764,0.21780392652454852,-0.27737476005663597,-0.1803113579220441,-0.0786527922008537,-0.1240583078487828,0.06382831445079397,0.09536718449834068,0.0138543851307625,-0.31378661037397704,-0.3039162566152467,-0.14987946174844097,-0.19595914438406273,0.018165070064743917,-0.08610152514359999,-0.2837722206135949,-0.1748719334160977,0.11872088612206827,0.01267820864811267,-0.32649221283003255,-0.35299944792205795,-0.2872273335505675,0.024901212906396273,-0.3171682918609373,-0.14207382172122077,-0.2318307342384478,-0.3442968971665644,-0.29628060770460596,0.1333668774007213,-0.02469962184306117,0.28832489699449015,-0.48850809450734567,-0.31187858240197186,0.49228689944976545,0.3970412894763028,0.6148361619059742,0.38491547951089183,0.2747828618155935,-0.13405066830366463,-1.0841904555464188,0.42363479664441867,-0.6100599805994721,0.0004518993322356643,0.6323006973297365,-0.4958480473047634,-1.1209578774557794,-1.3624952623455326,-1.5315021818721224,-0.4756091868488663,-0.8706475861195533,-0.9213387308179788,-0.9776647183641781,-1.0213922692858806,-0.9632327268032845,-0.5191818623685,-0.9014524332511165,-0.4902018933966896,-0.11025910921066681,0.4762801612607561,0.24731320264551981,-1.1539402732407773,0.13147455468935826,-0.7288703173178446,-1.5308710552299547,0.8974151430785586,0.4785316117356431,-1.6446120980349166,-1.536784239495678,-1.8144469024153322,-0.8114289771742794,-1.1602728714211539,-1.2779949696783317,-0.9030976162130981,-0.7198550674071135,0.4225661144462774,0.49270918762833343,-0.25079258961414586,-0.8392128175383667,0.9746323610031243,-0.9945494409218936,-1.1329768710180348,-1.2403758387854174,-0.09725730411377952,-0.883601649624513,0.5197751894010778,-1.1634714145665712,0.37009112642728165,-0.44390266045915155,-0.45327070392404284,0.39397076920944823,-1.4138628975812177,-0.6809746315473977,-1.1684314845241748,-0.6712124841827269,-1.4452931960660726,-1.1251007587927246,-0.7428365464522342,-0.8989975038066559,-0.5514628498741934,0.3174602845888159,-0.9987148228883539,-1.03882886572051,-0.7480138051526902,0.2238548155114546,-0.9784868801222361,-1.0384478264025438,-1.9292704568324395,-1.0526942346027768,-1.7637495750536463,0.3152555438370425,-1.6243464798836527,-0.8173105469817176,-1.1030787688388437,0.12473953746401524,-1.8387335401506968,-1.052951375159497,-0.6587658135838066,-0.7205822182965903,-1.5376008316082104,-1.4957519299898396,-0.41290225589629603,-0.30185944319354224,-0.20380758571884933,-0.8693635980888034,-0.3657574740107611,-0.5238324249838611,-0.5617060220440191,-0.5104627221628119,1
0.27093083192986916,-0.5133174976039078,-0.43097111573924407,-0.4281986837788326,-0.3376692998577817,-0.09821004311292993,0.08766671022166143,-0.09007575638688321,-0.3602539726681291,-0.3104125044776293,-0.33677177106793754,-0.26683991603776036,-0.09619140813604762,0.20446923192267952,-0.1953769401916526,-0.07640917308614344,-0.3004757956790406,-0.24582769529410084,0.06286294152801199,0.07284838981406301,-0.23350831418183993,-0.2626149796774854,-0.16439417972702972,-0.04665040837945643,-0.4243545706996946,-0.21904429059727457,-0.2956741797387102,-0.13423535598152742,-0.13602522133302364,-0.08122000673877013,0.12547008888997838,-0.04766620180072368,-0.018236255042666176,0.12176767705387537,0.062042840412101626,-0.19976737595326996,-0.3835232122832342,-0.4483430632333775,-0.28925163202840576,-0.008616246200420135,-0.27785664313349634,-0.20863424239633846,-0.0915119069224057,-0.05371520866874928,-0.09389665269942732,-0.10205853377544213,-0.2545238189681346,-0.13301869659797896,-0.03486752355887328,-0.5699712757994638,-0.3087597877781851,-0.1729340282810293,0.15127949079343694,-0.17756199044363666,-0.26791465006280346,-0.170960367474037,-0.3571439010423796,-0.2862264955032431,-0.2752572162600759,-0.2076690614254676,-0.24705394332968109,0.149941472980623,-0.07537759992628781,-0.28564481240758766,-0.053672859382815116,-0.40811763332206297,0.11301352928199686,-0.1486759594018897,-0.24771503438998707,-0.02622136719256166,-0.17585681001371184,0.0809995019901729,0.20647015991151252,-0.09245994555399122,-0.03737245426655953,-0.2306003812815336,0.12582515080552875,-0.3065420079468073,-0.24999209196449323,-0.04577737832991726,-0.12489400004810863,0.004905144186575402,0.06200326456993458,0.04271440742419683,-0.33075866150930017,-0.2748727969696038,-0.1932621732376981,-0.21329249889255286,0.05541274037521328,-0.07072963174318907,-0.329513225499992,-0.15499852556503635,0.09123366013142893,-0.01480523917897295,-0.28709750914006354,-0.40284263531070824,-0.21479107229974256,0.11766737526350866,-0.34842943584120883,-0.1120820228469973,-0.20445258221267057,-0.362042780587943,-0.36155749583786195,0.11214008218940227,0.002455611524190222,0.4809595533135906,-0.5087221643851584,-0.17806115738705525,0.1480103266768726,0.8864074525607953,1.0398885889338423,0.7469673482759374,0.012884456483816713,-0.29646911987047786,-1.0956337181152138,0.976588643285704,-0.12412541981174503,0.5091866180571767,1.1458341552172164,-0.4474472488712622,-0.8357370046219587,-1.2030566058854828,-0.7619492271537326,-0.13336179342768184,-0.8122032653055348,-0.9572457507753819,-0.9924946985847648,-1.0557336953012346,-0.8084858178415876,-0.6916861942757713,-0.7269081530233484,-0.6113567183479888,-0.11650156104924045,-0.08875352199502225,0.5613743708166221,0.2704391352168813,0.0037080194855297808,-0.16427461642285085,-1.1288617557020215,0.10502814960483964,0.3925406812169091,-1.5389161145204882,-1.7252495412328073,-1.7262286107916889,-0.6690944369787263,-0.06682171052766529,0.011869827642049588,-0.3323652906454607,-0.3187684056427002,0.5573716089656757,-0.18850583284871106,0.14274215753548228,-1.3068014594875723,0.3388974573898308,-1.3396278789217941,-0.057074367509478446,-1.272754296275488,-0.23144817314997138,-0.5079844959324392,1.034886548706639,-1.7159757496763737,-0.7610625883880276,0.6929210691172251,0.32455363730216413,-0.11664141133700902,-1.3087022585038595,-1.1440094612823786,-0.10037896233929018,-0.6023937837494884,-0.5604600873282995,-1.3908513537281786,-0.20866963041443642,-0.6774890092708429,0.08913284715919119,0.7179836160039805,0.06563869674741427,-1.1752845245596564,-0.442072607835438,0.23973265420609066,0.5180617730679188,-1.147404908159915,-2.415243662429334,-1.0319917245635633,0.6091656797714796,-0.6994189810588134,-1.6695927085127464,-0.9793923507810713,0.6087292033561558,-0.4640652822454048,-1.6920337236611382,-0.4154604093033806,-0.9423871757345815,-0.5949261680930646,-1.1299849839163663,-1.58049182666964,-0.022435689826898104,-0.7077286924948567,-0.33217351703619546,-0.9896453461971132,-0.5241934118454283,-0.19088813783701747,-0.044681866363506184,-0.4214061310934616,1
0.20493526800320175,-0.5576311440798442,-0.5340395471495621,-0.45770557035136655,-0.29739956863354133,-0.07464581247352596,0.08646361574613186,-0.12189329383941361,-0.26295279739720756,-0.2503277061153117,-0.2678174866475447,-0.37639396396594926,-0.08060927738710784,0.18328601989418844,-0.199031036257344,-0.151399872086283,-0.17530773777799674,-0.1527387687585185,0.08503107347309398,0.13912973906783593,-0.15019892008676541,-0.20848117579081535,-0.09799926584860108,-0.042036946259188426,-0.5494291311012248,-0.15598732018233022,-0.3369420958390632,-0.08742241556902186,-0.20390525006013077,-0.18511460089432943,-0.04538948407134273,-0.11490719214024062,0.04674205446554435,0.014250207246591021,0.020470101365699298,-0.13224326988564447,-0.1855742734531992,-0.4596764778614978,-0.2650929706995221,0.02037327476035713,-0.21927816238567327,-0.14907781098382744,0.00809922773908256,0.042341299826473215,-0.05412878658390088,-0.07478322328151324,-0.25060626924321805,-0.20393997732075336,-0.029202912478693645,-0.5893649023561112,-0.3290409348762243,-0.10752563442454191,0.19299976814783673,-0.08931557274040208,-0.10580678202475724,-0.13810019803933127,-0.3234372444216379,-0.3673961469242137,-0.26877964694389783,-0.24578345150894235,-0.16608782686884732,0.20381825035307777,-0.08967652315182403,-0.18025878259135766,0.020100861738343512,-0.35884100297756116,0.041055755177647583,-0.13797075311249313,-0.24315528543960394,0.1528788664902682,-0.06864086612360004,0.13083650601278038,0.1877702346074001,-0.10998870831521866,-0.10803356472197555,-0.3246194613394446,0.12107246497495541,-0.3081481581050375,-0.29857011704986935,-0.05023585280523286,-0.14352312920432914,0.050673620048674796,0.09611049860232147,0.08708909631323097,-0.3653176430941349,-0.14430833048207697,-0.1726264077249297,-0.33208875578019215,0.04023140850746601,-0.02509929845826284,-0.3266300035613904,-0.2188926153433708,0.051187670624640164,0.0014894268171288796,-0.24095670889836124,-0.4356146251910316,-0.17702296195447903,0.14522422782137978,-0.40061964557478424,-0.01560032541147908,-0.21096885692092143,-0.3796819704407189,-0.3392808439121857,0.19496728603120572,-0.03179517421522563,0.7332123641924859,-0.020958841080295124,0.16202350715302405,1.283483523557983,1.036215943250938,1.441766520721628,0.8708366315188102,0.5097002873396644,-0.02925292784752338,-0.36045151036476303,0.3459072025451043,0.04578374413292373,0.3762354209264212,1.1157376608961431,-0.6088045772212943,-0.8930681594180576,-1.2519868051376764,-1.3416657619302024,-0.5780324837006977,-0.814839150448034,-0.8097575032423113,-1.1102500103167081,-1.1160780841907956,-1.1583338849289098,-1.043947461977512,-0.5278709639533272,-1.1172982730217549,-0.18646945464432493,-0.06450927233476934,1.0133462243122513,-0.7494037491012376,1.0868281822577996,-0.7120351989955357,-0.9118266013406083,1.329269739206899,0.5040855268967867,-1.1115830026626654,-1.1901082331939719,-1.6320287799505102,-0.4454634351296057,-0.550954798471339,-0.48209747761880895,-1.28818940238364,-0.453475319396745,0.15032213631589716,1.07473595620798,-0.3031080237858726,-1.3284827356470184,0.3119033803252462,-1.2755444882825897,-0.30680805910940734,-1.4470481877952863,-0.1599204859065856,-0.8320791116809403,-0.1258822128995658,-1.7894589663481855,0.23864069454498107,0.7067480331930751,1.2134936813120583,0.09887502739916333,-1.744621035307675,-1.1606821727841188,1.0458235499474795,-0.5735019754317009,1.0804260736160394,-1.2741285741797068,0.2524899185959542,-0.5254158884205997,1.2068329778446447,1.1265427777150474,-0.9101190309010336,-1.183519376043317,-0.5597319213037423,0.33163756029456354,-1.167429809760021,-1.2042400052685946,-2.1107653097575088,-1.119406216516643,-0.7590561808555204,-1.288231605382058,-1.7579761231337416,-0.9157607230207776,2.233000241628654,-0.7189406331658448,-0.751094738020369,-0.7018487320590038,0.7212334456509923,-0.4876285832566705,-0.7581102744141391,-1.2912238517662664,-0.2668618749421974,-0.4459146940468845,0.5095205461871194,-0.9618272442991905,0.04655049423016862,-0.2275595349111689,0.029901168390825104,-0.24286954285805581,1
0.29798516395962066,-0.3904681978117538,-0.3028609419641338,-0.4117508735554498,-0.26072039559788446,-0.1534963139415224,-0.04770344537082079,0.0032049282386689215,-0.12135018433938628,-0.022560851966344234,-0.13645187368492095,-0.21558329324888764,-0.10515796139313219,0.35245629364699377,-0.050210221703877934,0.03386132959939196,-0.10861491103013472,-0.07358879448445957,0.05818209777997124,0.04611074933389503,-0.07613011148306978,-0.08854797319926104,0.007299800023826017,-0.05843785510808113,-0.37178236246036217,-0.17022175729584632,-0.1979438756680743,0.05668517187044667,-0.13318585656681434,-0.11937899870697048,0.020321565384283015,-0.22885766481841616,0.15772220841013596,0.01350296825573704,0.2169785747636335,0.1216758816507522,-0.01637430851647572,-0.4053034728328522,-0.03900299809971805,0.07531269072692295,-0.12031567902144899,-0.07364188739327264,-0.027884987289588013,-0.030717151590790227,-0.05873064399456167,-0.14935874512067948,-0.16719883086601248,-0.2303724714854003,-0.015001620796899076,-0.5136650702413563,-0.3360913525430543,-0.018406696417193405,0.07042865936102755,-0.22704892784384706,-0.19064154329447724,-0.09087195812792562,-0.049079840726356655,-0.3321636129533413,-0.28617568785280467,-0.0824403498319161,-0.017618846882870107,0.2790175269445724,-0.2794571195567783,-0.21790290187080424,-0.07475768786913682,-0.06697061341537319,-0.08438324976065839,-0.125026364066441,-0.12263376628182779,0.29581817990705295,-0.008820866688942624,0.16211533474957388,0.13349412902934393,-0.10160925674593085,-0.24129575063466183,-0.2711397426760156,0.07405920162028994,-0.046059550438165585,-0.02438136859116845,0.22529738769479427,-0.14764566887871047,0.13497879242614252,0.05745418172335351,0.12415713830731491,-0.3722379302478483,0.10148815579606003,-0.12687401248604857,-0.249797918244582,-0.015262376816570989,0.05158406618071501,-0.17162202099757431,-0.06548175774205138,0.18345982549256487,0.12030179081567642,-0.17939725816563354,-0.5286984027684289,0.02380460256669723,0.24673744461743344,-0.3564864561366047,0.07493263409108604,-0.17577676339950893,-0.29996311813363785,-0.3615641048136716,0.2712226762744823,0.042738159724486816,0.762988499829874,-0.4040089174866505,0.36567810415129975,0.44062235677104006,0.593795759362193,1.1344171422133018,0.8588545181491349,0.0400913687289658,0.16826465466080182,-0.1571091146492516,0.23995879345336485,-0.2715534240829119,0.40208080514446,1.1169318798298673,-0.5756035786330017,-0.8823179159169847,-1.0907028952131674,-1.2118730544006862,0.4383711048256147,-0.2267078876524689,-0.3342546052337666,-1.1242379139451746,-1.3786922098948964,-1.1306457594036645,-0.17751903595095303,0.34886434098532076,-0.3293125824410558,0.19926374532171842,-0.3136671788067225,1.0620835859506077,-0.3460501737630788,0.337776704054019,-1.066706938430822,-0.43897313424412276,0.4356135877171944,-0.007451861041522729,-1.3127328248008892,-1.4621471715820562,-1.7229837872017961,-0.02630362747316677,-0.44914052207349797,-0.5014472782670198,-0.5276038978690116,0.0007256972462316908,0.6240618703443309,1.1098292897679098,0.6423574807290787,-1.4425492334029184,0.10653992199013837,-0.3832266205106782,-0.20281989425018837,-0.8213370660591847,0.9462940556751299,-0.4504044673058422,1.400568949525115,-1.7500302559356058,-0.10858052309548272,0.7621364397971627,0.019858249917524416,1.1222682704641391,-1.2157717852120309,-1.1058441611850618,-0.9312935631000719,0.6786718159644515,0.8608972359019088,-0.4752431059060232,-0.7451847873100554,0.39335185967715414,0.8712254681640064,1.2176073018937594,1.1997120578508438,-0.9214832914115273,-0.6522953045461697,0.9223238730771245,1.0122066665559155,-1.2006064062627773,-2.2197206302531263,-1.0059102707392253,0.39743390346303087,-1.15402495992873,-1.2189822700003454,-0.8785369329731879,-0.9969468031242084,0.20294369637817286,-1.0351420051611664,-0.40388632882106223,-0.2940303283267681,1.0504629834878152,-0.8616770680012773,-0.8690939900855331,-0.733135062866359,0.03776581670199046,0.24986351278189192,-1.0087725126914897,-0.7308621709379686,0.5438306133477717,-0.6373864165396403,-0.11792756416933764,1
0.28130412208562783,-0.3466459738833232,-0.1563756089624524,-0.3624530770183006,-0.1683562513269092,-0.18682280119323508,-0.04464276997172539,-0.11882191679127488,0.00980123253886517,-0.0004990175372983176,-0.10050183270435752,-0.03740866642133169,-0.0742654794677866,0.3837876235859099,0.015132526306758987,0.13445816993906848,-0.15381894387015882,-0.045681771145101774,0.008621190627836966,0.014009287684628223,-0.061581820112511974,-0.01276659368907721,0.049941704573010066,0.02498795562047416,-0.2827708345346227,-0.062199604105732144,-0.12827363549140078,0.1745780598903772,-0.06195796535374775,0.022953439606770702,-0.04628008159128848,-0.19726709210042373,-0.050003249515566145,0.018089625313082832,0.1727103634912052,0.1098564970597968,0.11899688200808571,-0.3413931079862744,-0.06503678836604766,0.12127301285780505,-0.0992205106577962,-0.15427229843882617,-0.07117002557833205,-0.19206052559011597,0.10310618387325385,-0.07623805008835212,-0.14446219976845465,-0.10158706613707319,0.08722141356779732,-0.3454002219168121,-0.23023827028983573,0.045830864310354553,0.1716757914346107,-0.14986428008671207,-0.18389329551839742,-0.08808087356827354,-0.14991310284603832,-0.28655279381667287,-0.09544272033803602,-0.11199575419506057,0.07090149877149077,0.3117426726056056,-0.06242685810726967,-0.09514877086581068,-0.002910691220857337,0.04393909708586379,-0.27703306403264644,-0.0767952053175198,-0.19685107274797714,0.3595713666400643,-0.05646861106510735,0.05432041462088416,0.10763793867157273,-0.200674998585664,-0.3476425324615486,-0.2918998575493491,-0.09122678234839818,0.26122125518301387,0.10363405452684885,0.30739930564129114,-0.022544359905942103,0.004948723657074559,-0.03665310925113679,0.12031741218368723,-0.27150908318955885,0.16979673989145821,0.030698080893047312,-0.1260127072910373,0.08871967155797263,0.17772512799868018,-0.17505552012850759,0.008222757115041321,0.2425358617684139,0.16824596571019795,-0.10437815574636758,-0.3766569787459566,0.1161975023955494,0.20698604890929076,-0.23098495331131808,0.05707800334183725,0.04133705695808322,-0.11232486644075049,-0.2887318073056958,0.21392158193134106,0.11365459000394733,-0.2564440055123066,0.5820473654773024,0.5407945442554626,1.2238897521729006,0.768978892616036,0.8922400296500663,0.42764225368236614,0.2026423219286855,0.030310076677941663,0.1516925118486505,0.9179162197435334,0.27206294902169315,0.3107332855515404,-0.25300559190784666,-0.6336022776096045,-0.8676182754872611,-0.7900324518389091,-1.0585062074759584,0.7552081807337925,0.3110473909951249,0.10535377056699072,-0.7413257002237468,-1.0097158975285145,-0.6089999255687911,0.013487446905219382,0.7951850914504965,-0.43274264275589963,0.2666834850403452,0.08114858821020027,1.2554898932457426,-1.037561148026962,0.25194021871406114,-1.415817706677558,-0.4422313774767384,0.7665594281072177,0.32868456272694724,-0.9481235634113147,-1.2763722313834838,-1.4812277716881306,-0.4907573520170469,-0.39717956218589334,-0.8785451642756551,-0.1030680279041193,0.46403794620797256,-0.0017704268347082744,0.6876336280170785,-0.3178659921173053,-0.9872844603849772,1.189507068528206,-0.46202491370197735,0.44983072483920505,-0.05992482804606899,0.3647134724388632,-0.45653618857140527,1.120395735517809,-0.9527629703487205,-0.8055112373406093,0.9081647366636747,-0.9404549326418075,2.701893313018045,-0.19029009432357846,-0.9116469855124423,-0.37977076061521003,1.4258473527761306,1.3859411555375851,-0.22880349682677284,-0.371353862175634,0.922322788613006,1.3400398573658883,0.6118362549976969,0.9445598703735083,-0.2124305614212326,-0.2008124967415398,1.2556699377153728,0.18168847482411735,-0.7846092261253442,-0.4944192663435078,-1.138916661942035,-0.4672738688410075,-0.7178628371032918,-0.8482980852266399,-1.0256907325894653,-0.5378763938497372,0.7957351876893265,0.05493016248607469,-0.38560806678019904,-0.04010384014216692,1.6623579427791841,-0.028039132046071717,-0.9724419487782401,-0.257612438821839,0.0637618126827086,0.3121137744070189,-1.028668580150472,0.02749113299422425,1.1811067143110663,0.14058498813518855,-0.34693482856028834,1
0.21169786319695572,-0.28170958216850284,0.020682237452978966,-0.23917791699345034,-0.01728252546782937,-0.24834618107954215,0.053313164464595435,-0.11995605017203148,-0.009064751662146644,0.18748659356025035,-0.03447755336212817,-0.06401054612567605,-0.07109993344900628,0.2557627284449368,0.11309565002175773,0.10994209026677722,-0.0061872530290783,0.12965612601235404,0.06796381411746631,0.12178510641236141,0.056253674447209225,0.089003100159263,0.12195234986648908,-0.010422812205299387,-0.21695043237637537,-0.06756845506140219,-0.06302098051050302,0.21284320418449637,-0.05710057156847652,-0.1271291255136639,-0.06356954955798923,-0.2831719722431779,-0.13432549934362223,-0.07268871746641269,0.0680656162886017,0.11787706802079827,0.06954960966898811,-0.2569447202581931,-0.008782903537034904,0.15423961515344295,0.012696634064521442,-0.08555771744979457,-0.03757521876226287,-0.1750689884877919,0.1174200075338271,-0.09203084798504749,-0.0919874577036228,-0.009221274462276831,0.12853481613720608,-0.17162024434506265,-0.13486811783413147,0.005746382845010007,0.31815191170033447,0.04902999424763345,-0.10545105806792474,-0.09197602680493927,-0.04721174507110207,-0.3037161450563206,-0.200673783544643,0.005224754798586707,0.1632416475416114,0.2791959337674876,0.0349804863464259,0.18350495167675598,0.03383268394742454,0.067241827248597,-0.3158066887042261,-0.09905360997777253,-0.13768261466711385,0.5502152170586125,0.18274359630723502,-0.08285263338678713,0.1897213442240501,-0.31174227183585945,-0.2900357021145978,-0.18512964750610347,-0.08413727396324722,0.4431213932637922,0.1752624301094541,0.5070374172041788,0.0035473471325953806,0.04127168744894099,-0.10200921953542014,0.0868952261292701,-0.04266699598260569,0.2348900405882185,-0.0062785012279593325,0.060119502853598863,0.03407339825093979,0.28783932361012027,-0.14082334861083778,0.024445089149066068,0.10866917056134753,0.052891133176491925,-7.368328994476242e-05,-0.3376148863184132,0.1577205991642797,0.14859781968558544,-0.18532677430920583,0.13453481902153452,0.13084443467319448,-0.008471305137457273,-0.127938632870615,0.21144514193243175,0.11404911312017221,-0.17883989122325666,-0.009733567804221738,0.3810676971168304,0.41786557074869984,0.26691629785470505,0.557001712498216,0.31629980913936295,-0.10674738085976306,0.13479324233396686,-0.016393212498690437,0.6370640633987453,-0.11582549741398836,0.5506634488540907,-0.07664047757479936,0.03763753436259142,-0.47717599694857116,0.04307520529735517,0.3194697871905971,2.8800459389473536,1.555473164368405,1.087018709920573,0.1909790825673084,-0.15210884500240832,1.4678686900451585,1.6594635485157665,2.1370854166416167,0.7117517428195081,0.6825111574099395,-0.7868525170557957,1.9221545744545183,-0.5599835268343558,-0.9279886624883336,-1.8192329447612068,-0.4901458907679714,0.04017289858815785,-0.34831001548395824,-1.1691486257455326,-1.5271114461094066,-1.3369322012616816,-0.948861450892738,-0.6022271264996402,-1.21687159630748,1.349218624073082,0.43478623099821906,0.0910431362736131,1.4010178736861656,0.8600924083146774,-0.8482087749570049,-0.09380714701409987,-0.5679437796441382,-0.11582365736611658,0.49189591362186424,0.26533694359918614,-0.07005237890435488,1.3153308514086346,-0.738005152785165,0.31339250709268424,0.6705662885370013,0.2577651869848742,2.6450528755018707,-1.3140550937821058,-0.7953175498695959,-0.5605421387021343,1.2230632139251985,1.5230027158175379,-0.22136282708850277,-0.30325445740056,1.048287813655318,1.5345298570614876,1.2800444489005691,0.9668054350140339,0.28769683802184504,0.3963274294178048,1.128923581313853,0.2958825668560581,-0.13485813955109568,-1.000427038640752,-1.110634746641403,-0.526056490920713,-0.09796304594535607,-0.9523203592355887,-0.9967618943683292,-0.7007391643917021,0.6107841606384316,-0.1361237901426072,0.17028874238993108,-0.11193941464602257,1.990853986957779,0.09024467063162991,-0.2203028307338174,-0.6077966763853307,0.5476789256239017,0.5107172073380405,-0.9010184673380878,0.45033026514437186,1.1167929346180567,0.7648037830126666,-0.4832424531878925,1
0.044990922596559825,-0.15291109483241513,0.21677258773302824,-0.004770658002005346,-0.009724897292209388,-0.34054964178645847,0.016716086763308217,-0.17568710702800075,-0.0029796979877110582,0.1601927165260857,0.05925935406828631,0.09778985279173218,0.07443748094240538,0.07385417022898418,0.1559074091589059,0.18325319737712473,0.06688422338932425,0.14946287101111158,-0.004954440036522263,0.09102759103713864,-0.0021504805477386684,0.12437901565318894,0.11096062669336007,0.07346637790309166,-0.027830683506573466,-0.14728925250397715,0.008507188999241713,0.18842682889922363,-0.0716573904651723,-0.07923809862141702,-0.11800468316643792,-0.16790455232069,-0.1571792674149997,-0.033234398169597876,0.041268206374340644,0.17153368465697888,-0.000394247200896936,-0.1803453263405959,0.1987482448683318,0.06845328786795958,0.04152890355307553,-0.10307308827054482,0.03556631957305232,-0.2750193774538884,0.10341494228942891,-0.15590815280575018,-0.03543190768679634,0.07419542112969407,0.14139681231681764,0.1350866855691131,-0.14822505126652089,0.11136906287249401,0.30683594871279685,0.033419627734350976,0.05936535659038584,0.05184576867339302,-0.037632497520204054,-0.29387760667928237,-0.14719154953943886,0.02673907535046014,0.3314700067902111,0.280731448673267,0.19381019912952183,0.3123756589454685,0.13330142449802201,0.1487394620012163,-0.38384893931939873,-0.0411589098582902,-0.007022222281759095,0.7250542498829405,0.2787811268433063,-0.1244405663107106,0.16179731509640827,-0.2386961960574003,-0.3628560993936897,0.008144361987592746,-0.11929768378099696,0.5179526814900649,0.24633419687845046,0.5620070646952207,-0.0060536099756069205,-0.0752032188203246,0.010873583250793607,0.17401641607643353,0.10228446403154422,0.33007134443565056,0.09242946479920558,0.06958997962339918,0.09556625724020165,0.36683905789897653,-0.09795381572571622,0.11068394849920085,0.0899897449204315,-0.10533721235856068,0.21422719096069148,-0.19876653054178425,0.20585938088720615,0.1545476072972896,0.15112898879101605,0.13346469812284234,0.20193303635831822,0.12153416301481805,0.16794965089329505,0.28643468222865504,-0.10607870210743671,-0.27337018046665595,0.6113471814475697,0.41329302486798153,0.35430661719020634,0.805949525041602,0.466599997347498,-0.04690046708612257,0.42038250235891306,0.2007637008492436,0.20624979736285662,0.7864462357522133,0.2909060475947417,0.29725930126157757,-0.6197186726471458,0.8120137687556956,-0.6235159883906499,1.0194535685634882,0.19214989409249514,2.8756100903138235,1.836891614791025,1.5816397959212862,0.7227758572595951,0.6540434239785773,1.1871374864744018,1.5521909640558902,2.3670634365804775,1.1556510355343739,1.2622800436886696,-0.7971983322300249,1.9176550987476306,-0.673838058342656,1.0998427282525942,-1.2847882829022985,-1.1056750148658876,-0.3807076560859892,-0.010353277644674645,-0.7386760252579533,-1.2402495120023596,-0.9165451284689575,-1.1323592043916413,-0.8575051221326263,-1.2811446675930553,0.6861190114291988,1.0873755414996142,0.7018904616640383,-0.5152270022834387,0.3391460789503386,0.054357801642074745,0.46982855513042676,-0.11165553417507011,1.5668609127019995,0.8007868289073594,-0.3459989138951574,0.31089217283421533,1.4839347223825703,-0.08019118272853155,-0.2611951469120895,0.23088801280101445,-0.4415075378522746,2.2370327070067137,-1.2737932710437263,-0.8257192382491074,1.0118844372641842,1.8523351913081896,1.936735882990058,0.32784727784975193,1.0194252816322462,1.6100079062633443,2.15587233272354,2.102603340557965,1.5978886237456933,0.6967359737126941,0.5518738247048214,1.2121708303736756,1.0596739032399365,0.39557464700543227,-0.21856138750432455,-1.120156704620865,-0.5120631701973779,0.8800007880409765,-0.9771122981331111,-1.1346601470687658,0.28279656319315016,1.1488143313797212,0.29226872456339176,0.11433363263241782,0.8018431655047289,2.1100341695007914,0.17007804208113647,0.08649664357949592,0.6947395714629091,0.6294249586075207,0.46955584830765296,-0.96151030663535,-0.5633922640253106,1.6751185749892208,0.7869109739798217,-0.42245893054363753,1
0.012501137133127217,0.04060198627846871,0.17067454429154688,0.03534311292378502,0.01551637817408396,-0.3416097347265861,-0.10933241377176639,-0.273085695049168,0.013965328600047571,0.2776243142515392,0.07823437000779823,0.12558193453177594,0.11989661299219156,-0.031624835716875355,0.18416438929378326,0.16371770570238084,-0.007826370433437596,0.12286176111123602,-0.02589882914607792,0.08470346704451916,-0.009020906059106546,0.18146716922139697,0.015442270656760815,-0.004664758878788606,0.0770357904887511,-0.17307529557536452,0.1790090016335131,0.21980249438640667,-0.045362984904788906,-0.07706838667853881,-0.09610000056170266,-0.10845525705863851,-0.2079876091498992,-0.06438241309354305,0.009293415040756694,0.13497410957565092,0.005228012127834712,-0.04613720387813955,0.157340328812448,0.12834097903761976,0.057609471403282375,-0.13541920793691686,-0.023699450372342442,-0.19445045966796795,0.10728690507353199,-0.17873868308008314,0.07156303437212838,0.053529281408915975,0.16801233769018276,0.10466544290259149,-0.07741069946900953,0.09343846285106608,0.30828590871111955,-0.0649952678607221,0.10332248538398862,0.0571550428974346,-0.0007779503182871557,-0.1846237094172047,-0.137226981996988,0.12382572654838755,0.32421117197608623,0.3176948033863053,0.2365641569648502,0.27916113559743533,0.07204789559480566,0.1108445838701137,-0.4035202227067145,-0.0020305352201478452,-0.011125013619611865,0.7783961786682058,0.2688158277290911,-0.1650520890057271,0.188424703465825,-0.27832315278546504,-0.379568286257251,-0.0465450157959743,-0.16132400707936614,0.6811238109784369,0.17636719701539158,0.5397755437097816,-0.06388344954411969,-0.1722759295481888,0.010201368765486815,0.10366630934505675,0.20865704543588726,0.3762287231835187,0.048833445176584465,0.07046583860418515,0.11263276275237469,0.3353675282111194,-0.13880319208763472,0.17177179636011805,0.09194024960908934,-0.043978498597692706,0.28997660884695803,-0.07784371767362737,0.16771586813572595,0.12912088377181244,0.11090532115782469,0.14371568481618782,0.2962193844218306,0.1815810108400285,0.14832571954399454,0.30077379716903574,-0.05118974000570589,-0.7070931306581064,-0.007315440186496373,0.7002440289983002,0.02203049577977563,0.7599419603834634,-0.11453229873885547,-0.28579895501790553,-0.06312941924968192,0.24380054470126483,-0.06573066521197153,-0.21293885422874512,0.0872666191929167,1.0112110431562054,-0.7535404891808665,1.9324105109610044,0.865509332080307,1.5465145465210026,1.7769131671229796,2.6092125874298,2.4641786233479825,2.2314780208182676,1.6941053516954518,1.4952446781306339,2.2425040448437663,1.5793684067069935,2.9045603236800943,1.2763730993534919,1.9759943827204056,-0.6139531182730156,1.9628889442461914,-0.47929104595498273,0.2844599566044925,-1.4531946108793157,-1.4135860149918098,-0.12559933048420155,0.04039645928942755,-0.4136487540901817,-1.24760135405834,-0.3190352541071714,-0.8715136075616295,-1.302995858114556,-1.2403497726412904,-0.6599442185454661,2.0348081547602215,-0.15665568721660894,-0.45578373278572276,0.2565906811362881,0.19240383694907154,1.1395144116782743,0.26784419633479634,0.07701001742919521,1.4219716975170802,-1.3442716980859357,0.33793357205073515,0.7772578856051431,0.4601916931136787,-0.10438913536330542,0.5157343684334682,0.6062561339368402,2.0793663005161758,-0.8363830432478924,-0.969521168232371,1.5489210367545838,2.561925357740803,2.4682261944992128,0.4515548936736523,1.4879448294654032,2.2309642578261144,2.728228489732486,1.9646156326812318,-0.01676217342746719,1.5496773078282817,1.2711246547188642,1.5599482357184502,-0.24805687370157856,0.9912921620163965,-0.762803889880029,-0.7958603459305778,0.45202291969792163,1.0804597605009867,-1.601386375086464,-1.0332305191011133,1.3708798676635632,1.4560567322870144,0.5731135427612314,0.43299687114339813,0.7536695367351876,2.2754013380124323,0.48148678740257844,0.07902941193323049,1.2361884340678833,1.29973244630905,0.8963520949706695,-0.8849057036623009,-0.7164697675575394,2.243618757613316,2.255809513697797,-0.3795675348052928,1
0.030505043875034926,0.024313343449850346,0.19046158558537868,0.06665741985046264,0.09259724740828026,-0.4087089861377579,-0.12526191762476135,-0.31124600998373486,0.06633783752116768,0.19345703890840432,0.10579313774569378,0.046618652153989505,0.09474102630985554,-0.04386184071027485,0.15244643450865406,0.22967317894259434,-0.12910774757138382,0.09691327638214711,-0.08491365885426778,0.0986235468700857,-0.03242856659436894,0.1863418413093594,0.02292909349372755,-0.04612840609688563,0.09361071819650922,-0.09671939075968897,0.27893780234697,0.07376007052738606,-0.12109463837184206,-0.18052780242276525,-0.08276170635429568,-0.11244409170879151,-0.18779275130086048,-0.15469645311535124,0.07947896129518993,0.2303289381612154,0.14541805068118002,0.04095411352639434,0.16288109797197056,0.15239740166406077,0.0083300207632542,-0.08339500229694813,0.046141387909617596,-0.20409182546033977,0.11458367819139682,-0.15522386071834407,0.1384622199559479,0.12221628823269144,0.15474811126097346,0.16463414525295583,-0.10296088763032651,0.0840986311016386,0.37456785113254615,-0.04846897649592347,0.06704056978335242,0.158391821457268,0.09806015579241266,-0.11744768914793875,-0.14754616432937628,0.10629374306001728,0.2431653957421048,0.30158614509221304,0.20589893177897137,0.35726225248447097,0.09709565853894113,0.17120060901061976,-0.5324775911066674,-0.0066060590641829385,0.05285100160659411,0.7635080649678511,0.2807074762569946,-0.0885361777514821,0.14610230314137262,-0.3532738971763578,-0.46208527181430653,-0.11530324908007002,-0.1844690782153999,0.67337165989052,0.2187099554077794,0.5391809530058996,-0.03208414014171883,-0.1939145012688368,-0.04046455294671816,0.12337079825617796,0.1604432636754053,0.41754069842865577,0.03353058293677588,0.21045599777119572,0.10459465570292942,0.3162396033459158,-0.14845689386864686,0.0672922963070941,0.06100040483906026,-0.06901765069504653,0.19127562445040935,-0.10276788643928474,0.0542505558692634,0.12684751304286088,0.09511033894678518,-0.019932513845064666,0.23234576265922122,0.22160591881747407,0.10863537315905132,0.25431298678497843,-0.11708253957565311,-0.8631600484362705,0.3326450126682259,0.05545333133824047,-0.18777263068078043,0.0795940934473018,-0.7720386914840364,-0.8012886725034754,0.31094094781729054,0.402379253703251,-0.28329408542369244,0.37761517041711545,-0.24488451067487324,0.8738037079178059,-0.5587147916424249,2.616015779156504,0.6560175827405111,2.297997151362412,1.5558459074277067,2.714642056565157,3.0551932237017416,2.8079881932569966,2.246117514234167,1.8040490777825013,1.5990390733756272,1.7669873299501484,3.4430379026140066,1.7371725748362277,2.334309528443054,-0.40939089968774783,0.791109281810116,-0.5482486160013852,-0.3836481539357694,-0.8116276025876789,-1.1356370042210482,-0.2594684127045095,0.21091027982385754,-0.8513460393454783,-1.2354309286673735,0.09654661492646956,-1.3956843526517906,-1.1314111596771648,-1.0293082654131696,0.2418700445668699,2.194146148005144,0.5098268285291052,-0.5038786085134282,0.22452650254495962,0.3084716534346555,-0.3935641578343355,0.09637450186464169,0.2754495206609507,1.4355595490693247,-2.353620187919307,-0.1351706518295054,-0.1146345149962468,0.45126728143747435,-0.3877942036349535,0.7486262520240894,-0.1725035717796284,1.292987466798878,-0.2056932649351468,-0.8955021684326415,0.14570112159347975,2.260779350026586,1.6753224486382499,1.2351581889443375,-0.2704976966359952,2.1808136405652534,2.280370850595604,3.4742948365954276,0.2546484771752936,1.6770104753466804,0.5737997463851785,0.5217351004853578,0.08610582067108953,1.1291965312148566,-1.0591660415749984,-0.7888484783777857,-0.041083221545546784,0.11560572890311223,-1.7759135992957757,-1.1444212186215175,-0.5606038698108107,0.9191039189067218,0.5875643090978225,0.5539508874363244,-0.5703550647393273,2.3442499647756003,0.5544100627969855,1.0610126114791703,-0.160817868661047,1.347439408061832,-0.10742187212788085,-0.436284589786813,-1.2805317983704767,2.3010847200019637,0.8051635382055695,-0.39495026324683874,1
-0.05177313208478178,-0.0007594755070539887,0.18070626097922407,0.11245278003484059,0.035727700003826225,-0.4391102956995943,-0.1186363188214171,-0.2722546098198453,0.12865231422615406,0.18462682829617855,0.1591159933965621,0.035783791141892014,0.05176073892406274,0.0008094229640845148,0.20370237500199107,0.1707938559240233,-0.11680763310453025,0.06681305670348862,-0.08787819721818166,0.08281313655389513,0.03509012368270519,0.14290523362250585,-0.051046244442472855,-0.029570384958910362,0.16511529683404164,-0.0630096152188288,0.2721318051895158,0.0652120247632101,-0.1728303701337679,-0.22126016315047461,-0.11336355173452214,-0.0468652878802299,-0.23425993810946877,-0.10395636868138815,0.07897533976936098,0.2574270335900698,0.21460528028328874,0.06776753454299765,0.1773045419427882,0.04146219553877436,0.13891046158226839,-0.10409697007512514,0.03700003148156094,-0.22164888704964367,0.059336586944714644,-0.12501782958163643,0.14262582659358203,0.0926495060564585,0.20761475606676205,0.17092267363818076,-0.11844676743484009,0.14597046177343675,0.2986048296174029,-0.08843413303501213,0.08297658809881565,0.246563561684635,0.053325254802877635,-0.0905183023121908,-0.08932132038688896,-0.009516433060327411,0.24205832185977602,0.22492104191702497,0.2641725468269055,0.33113725394361976,0.07696255905996267,0.22475100254206518,-0.574691703570201,-0.02290130525906018,0.059479189221321054,0.859642677309998,0.29478781576001484,-0.08731907190099238,-0.020174251311175336,-0.28986433177507126,-0.3821006493968283,-0.11586259193423293,-0.06907665667785111,0.7236437658973565,0.2257304373169123,0.5620859693884692,-0.04769968807704593,-0.26048614290495303,-0.10407797977717462,0.10706706260966377,0.13546717597315777,0.4288969514424964,0.04795783691102247,0.20107136083822752,0.08774704612826488,0.3776713084757753,-0.11679259009018354,0.0347278394808426,0.06181142864776629,-0.02919528184645685,0.15869820201306373,-0.1061601776954774,0.07467541512308533,0.07191958877190271,0.10571337753901498,-0.0860191775973319,0.1896774426662093,0.2858248065926925,0.1410864772868215,0.24458041127474306,-0.15265674569007273,-0.11404390686178457,0.3674550397267113,0.47313499075440685,0.016524781260273697,0.3727308676892292,-0.3808968281731737,-0.7918735838773235,1.3075835398371847,1.3398169357134322,0.8310116990023575,-0.23217111553592715,-0.34900776949589307,0.7829835928759283,-0.4051665504732828,2.7099564300469496,1.132499107683527,1.8390833711002488,2.0348707952880543,2.0142124515749966,2.7319702188679966,2.7015369936641793,2.4961804019606406,1.8495331559436945,2.1012406499570733,1.4285402314787659,2.35877847269154,1.4506871591182409,2.3599452484346672,-0.750532710957985,0.9162676900073589,-0.010696753978159902,-1.0241703409439626,-0.5795143431068589,-0.5387719149843753,-0.0250867937078769,-0.15497258043171486,-0.999138725215959,-1.522100986605263,-0.10798342358099117,-1.302978332746077,-0.9219345186816362,-0.03582906996160841,-1.1125750119736357,1.977209836600455,0.5977085052775281,-0.13817492763652373,0.201674334124698,0.26089559342067914,-0.4287622654992394,0.2928327268840466,0.18945289545387686,1.369968757384351,-0.6578178927758342,-0.87339686975837,0.27278931644372906,0.2463368934183507,-0.2439526817705322,-1.036077214672367,0.23118583234678938,1.1534672482478696,-0.35697512524061836,-1.035909436707699,-0.4449939856804963,2.287109587332385,1.9409132086832142,1.2500974169858707,0.6692671507310922,2.2664742694386493,2.5715159144723754,2.823158072326147,-0.2504461315448682,1.9913376694542386,1.1506674107734547,0.2612399759807551,-0.15878152747665425,1.154147010646988,-0.18236869499429706,-0.6823518733742764,0.7548462158701164,0.47831515231014016,-1.5171408697430275,-0.9941421053550477,-0.2781605901780385,1.0029968935616913,0.34780270557159115,0.08515510232133908,0.11056964509312199,2.1424587097026366,0.5034375639997273,0.7062332040277387,0.2236126948685742,1.7803360234457173,-0.033060310338022016,-0.6042869835168108,-1.8592313565057663,2.1472517086942977,0.7669152547560703,-0.9028791056443607,1
-0.05890526907800619,0.10444478526479775,0.36214476719758154,0.1772958624738467,0.06926681740328715,-0.3390860617467447,0.004358895335627633,-0.26616219184810835,0.04597153942473585,0.13648518590795483,0.19269307503445127,0.23434509939287013,0.04739197488539907,0.08242122689933834,0.1744966775220587,0.26811369185600453,-0.22196986526827375,0.024127428937538536,-0.06622410140608853,0.1395331385894747,-0.04567544818672977,0.0625567483451047,-0.007041761065454081,-0.0014843096781855518,0.2991248784774219,-0.02249233457107647,0.4240451694651587,-0.01913844827076801,-0.13226672639699213,-0.13654035373985374,-0.07683032032745475,0.0007899698318962377,-0.41577882187931653,-0.054458366113770175,0.223413942082851,0.21234593773459293,0.036128128603930124,0.16224860610420233,0.24895654874046774,0.012785882687198557,0.17427761227416153,-0.07980003733023212,0.03560229940785744,-0.3181776622359834,0.05190757547965055,-0.1314764346190852,0.19318856290779432,0.14938961012576282,0.2628052601443814,0.24485332065216836,-0.04863094438361978,0.21320425633083193,0.32359789101473835,-0.09050457429979385,0.03136312948063325,0.302708894030568,0.07054630021642905,0.06442230616964957,-0.040237992293147465,0.06857167197247528,0.2764771065314323,0.3460050673351037,0.28840307198106696,0.280218875938466,0.016902801448947995,0.1868383260032092,-0.4479234182021836,-0.06582050568220534,0.15043875842683374,1.036259121308761,0.11100662880696388,-0.15588667301084944,-0.07336849599059318,-0.3073734712207341,-0.23940387887826722,0.032896456604963424,0.057918231666755776,0.7433160741507763,0.3497480340664544,0.6046561946848308,-0.048827902887295556,-0.3623417054001583,-0.12086426468757082,0.003938580377578408,0.1592250346542408,0.3803244791187101,0.10917962883084398,0.25093540486642457,0.09946011609330432,0.3115301352810177,-0.09930019907537158,0.06776785068420352,0.1233804096124731,-0.10043053107352828,0.1321055590341507,-0.0738080730792712,0.03629430325413872,0.12698893145444282,0.05851387667465385,-0.14708678907959513,0.267873788476706,0.29926902473934114,0.14280008747519907,0.1997899856465509,-0.057112584281663034,-0.37359653961352,0.26342150615515125,-0.17502735747120912,-0.4383798793534927,-0.23908351820735468,-0.5141043843615054,-0.8945982985469958,0.9209153295932105,0.7857456642682393,0.13425012037340597,-0.34383458494902186,-0.8537254791798184,0.4365052495158415,-0.37092578968661083,2.643205305082637,0.6051682865469339,2.1752556748497116,1.103251993865428,1.0919744251516295,2.2971752212815844,2.3206498957073185,2.1323899032512,1.7031267731077542,1.0347905423526715,0.8508309000282431,2.199740772473451,1.432316519750923,2.1004450090817577,-1.123772500220948,-0.05414559406912569,-0.8705766165991471,-0.9163040823982669,-0.2530230525194392,0.43042741219638875,1.1903962865689468,-0.29260994650255223,-1.384410072739584,-1.2861068182543958,0.22898461168291895,-1.0219298767149627,-0.9686660668400452,-0.2601506873112383,-0.49186694653742763,3.166912372178082,1.9557955267737817,-1.2593234016322896,0.2768250455391318,1.2347303863307375,-0.205757324151922,0.36229033617777745,-0.45014684673766636,2.509607191742244,0.36801574213337696,-0.9078286593281423,-0.065620327304686,1.459947491948708,1.124493596901838,-1.0010100111077185,-0.690001812926734,0.8499306326007044,0.4818118315986203,-0.9545369157005852,1.7388443761620018,2.2480881987635923,1.4121723175952543,1.1424146589553061,1.7262600144068028,2.324481023138943,1.8715790564879584,2.455780881498976,-0.035857087425355615,2.9243647530072048,3.5050359582326456,0.6778169407489141,0.07264775567466498,2.413073615809248,2.168345286356087,-0.5280473150109447,0.3557398685927236,1.9198470198243192,-1.034793718260405,-0.9590303947793827,0.04580482516207672,0.7246690418607664,0.047685199199061404,-0.1687497942214947,-1.1397014898725215,1.8481995505502904,0.33856376771547314,0.7271526390652621,0.4813188787410063,1.046942954423212,-0.9565772554754323,-0.6746089092782804,-1.0115414148791233,2.5119853755860553,1.0154959757000326,-1.0056915122527317,1
-0.12303883480969101,0.17091520222757245,0.3733930661323548,0.2596497911834439,0.16254792896864403,-0.2772690591244651,0.0708788290953279,-0.38573082180799484,0.032372375707629845,0.027801178641329402,0.2734511823475236,0.04822899876380435,0.11452749425735319,0.09297105637409245,0.10087285076955159,0.2956154968463494,-0.23983564991801193,0.031722371048196495,0.009676750118998318,0.1320857240488892,-0.013631688843244857,0.025165015747300817,0.04220510764065556,0.058761133647054195,0.23511019214394596,0.06512589263476401,0.44170916185076065,0.005664156529580838,0.03560022611107565,-0.03820531910862774,-0.10459484560698312,0.01815895158239525,-0.4414102889685151,-0.03111520643661911,0.1060095327679334,0.15728225164221865,-0.1588333886652993,0.29058115593126116,0.1537433675570574,0.0013320389819626555,0.17044889011893358,-0.0406763629852065,0.046813637454458344,-0.2790211894098195,0.029153634645147867,0.016081392737009623,0.2413681708468907,0.26920354336029434,0.3337580581549337,0.24170936828637515,-0.054465843179400925,0.2956467451141524,0.3808741754047878,-0.07601038168788832,0.007917696806932687,0.39976110843781726,0.06234348981818697,0.011397625587017726,0.08720614044636762,0.12510674664624227,0.25510803972498863,0.3676131083642074,0.3239758761559575,0.28088508928999384,0.06759783695222109,0.12567414654654951,-0.32809353036200295,-0.053645222650914,0.14183832973283306,1.0223696389590724,0.03875761506237009,-0.2138616516550758,-0.06608494831276385,-0.2962762629294073,-0.19336614536898236,-0.01578607364212826,0.14302483282512546,0.7139904086949338,0.35210037608544226,0.4424839777621149,0.0383672101635036,-0.47229408159691133,-0.1262302524739679,-0.045297907181709056,0.17130533631465122,0.3044851697559291,0.13868711476327117,0.2976249903089387,0.06828518248789188,0.28083908472682495,-0.18036065591129222,0.07279649496035577,0.02202647927864637,-0.12767204265597176,0.13879486616509354,-0.15230449028953685,0.07141621139338404,0.12824170187388562,0.05051029515387262,-0.034198165087199695,0.16418587661813686,0.2391551813227741,0.14835114046258935,0.19570092868683683,-0.02495490051566496,-0.1295604889886404,0.32513754027927383,0.09542642406951801,-0.16346653232861114,0.10195454310623324,-0.29707384709752416,-0.7275290596240868,1.259376369334863,1.161219993905092,0.45455384817859934,-0.6075275301688088,-0.41153063721287686,0.39445631964527444,-0.4994919872819011,2.31540863558637,1.2474912481360154,1.5913198181357529,1.0178506222822428,-0.5281723810298333,1.5387434650670189,2.0701069437024078,2.266968210885395,1.820449958267594,1.9811286889581128,0.35954264945506953,0.5742731728535533,1.5167247699852138,1.5307577728362434,-1.0969106442934204,-0.544428191056785,-0.29410650876014716,-0.5584240691070138,-0.23205990260563256,0.6916148090527561,1.1694945500081313,-0.07849395461813022,-1.054595125403765,-1.1211430293340032,-0.3441500050432887,-0.7462201961675073,-0.8928862429573683,-0.2855269142659955,-0.9545145450660614,2.8175549109043403,1.952162904810263,-0.6691963828103064,-0.19246293315906804,1.1402594339166316,-0.9170088645739747,-0.27686356998408934,-0.41248507463999423,2.232073485109428,0.545541517584115,-0.9544353760877686,-0.4206712528291691,2.017331145316487,0.5985818659278584,-0.8166917952233841,2.5679775171216956,0.8202747993618041,-0.19130410984992532,-1.1748750294544594,2.11969541036748,1.8737183718796342,1.3297718118671595,0.4669168120077713,1.8860641009684471,2.06543474938734,1.7804866063107534,2.179557559798443,0.31113621530905994,2.960163084859746,3.257388532679737,0.964876872676717,0.17548124753450262,2.624877559946946,1.1109310173173605,-0.29560870598587147,-0.007302802083570557,1.8219269520901296,-1.1109907745593002,-1.079197638406358,1.184779169574032,0.4285521791221907,-0.37289553504129835,-0.33156904831514494,1.0378283696970718,1.5198749221351995,0.23493440258876933,0.8529970955116537,-0.38298999745025575,0.9696811230263171,-1.0239556978624897,-0.5918371006584506,0.06303907289954497,1.7155760171978591,0.7714500931205048,-0.6836196550912328,1
