feat_0,feat_1,feat_2,feat_3,feat_4,feat_5,feat_6,feat_7,feat_8,feat_9,feat_10,feat_11,feat_12,feat_13,feat_14,feat_15,feat_16,feat_17,feat_18,feat_19,feat_20,feat_21,feat_22,feat_23,feat_24,feat_25,feat_26,feat_27,feat_28,feat_29,feat_30,feat_31,feat_32,feat_33,feat_34,feat_35,feat_36,feat_37,feat_38,feat_39,feat_40,feat_41,feat_42,feat_43,feat_44,feat_45,feat_46,feat_47,feat_48,feat_49,feat_50,feat_51,feat_52,feat_53,feat_54,feat_55,feat_56,feat_57,feat_58,feat_59,feat_60,feat_61,feat_62,feat_63,feat_64,feat_65,feat_66,feat_67,feat_68,feat_69,feat_70,feat_71,feat_72,feat_73,feat_74,feat_75,feat_76,feat_77,feat_78,feat_79,feat_80,feat_81,feat_82,feat_83,feat_84,feat_85,feat_86,feat_87,feat_88,feat_89,feat_90,feat_91,feat_92,feat_93,feat_94,feat_95,feat_96,feat_97,feat_98,feat_99,feat_100,feat_101,feat_102,feat_103,feat_104,feat_105,feat_106,feat_107,feat_108,feat_109,feat_110,feat_111,feat_112,feat_113,feat_114,feat_115,feat_116,feat_117,feat_118,feat_119,feat_120,feat_121,feat_122,feat_123,feat_124,feat_125,feat_126,feat_127,feat_128,feat_129,feat_130,feat_131,feat_132,feat_133,feat_134,feat_135,feat_136,feat_137,feat_138,feat_139,feat_140,feat_141,feat_142,feat_143,feat_144,feat_145,feat_146,feat_147,feat_148,feat_149,feat_150,feat_151,feat_152,feat_153,feat_154,feat_155,feat_156,feat_157,feat_158,feat_159,feat_160,feat_161,feat_162,feat_163,feat_164,feat_165,feat_166,feat_167,feat_168,feat_169,feat_170,feat_171,feat_172,feat_173,feat_174,feat_175,feat_176,feat_177,feat_178,feat_179,feat_180,feat_181,feat_182,feat_183,feat_184,feat_185,feat_186,feat_187,feat_188,feat_189,feat_190,feat_191,feat_192,feat_193,feat_194,feat_195,feat_196,feat_197,feat_198,feat_199,feat_200,feat_201,feat_202,label
0.6960783071217658,0.45968421693941797,0.20436666825495067,0.16217124676627795,0.45464449809334845,0.4988592331212358,0.41333834289358035,0.48106033775926765,0.5352734798888985,0.31946638237688124,-0.0018470563024192651,0.19314688788655632,0.12034247715251162,0.24238804149240503,0.31686296584915313,0.10457651655159783,-0.0008511193629925057,0.1399165090846279,0.6194304535032202,0.2731603256561025,0.5667401068211801,0.4844170835644719,0.4885732689368965,-0.16585142935475053,0.23584194574117762,-0.11169708443548332,0.18208735681625107,-0.016942294668803714,-0.13920019320754207,0.07576940781769988,0.32162406483429296,0.0937446755475748,0.3658809439000749,0.27778816177255006,0.09110669832651436,-0.12159885267255553,-0.09155407214352064,-0.028118941138844118,-0.007705128713167704,0.3903374478399747,0.15307003009647896,0.7019820342526648,0.1223228447402985,0.3381945377905809,0.3750504225804022,0.30991408267906867,-0.019173383091323278,0.10310055027729642,-0.11051603466273373,0.2252503128672927,0.0755255194702064,0.39707816244012323,0.03372506445399358,0.42527022857609253,0.39165214355612443,0.3365049824265954,-0.014515191099031483,0.21052965683246824,0.0609756741713333,0.1927906422348371,-0.4429035389531411,0.195302191347041,0.5876438490365807,0.347889219326019,0.4578463648828287,-0.016329833731533797,0.03498889246882979,0.029744480470722416,0.1048764565842083,-0.18184797274461753,0.36091862222943777,0.5001205448562812,0.5701544524579284,0.27860313987650603,0.18061840486851766,0.16608597354306187,0.1475011869670858,0.12707801951295464,0.42270673244390244,0.9783728282910439,-0.06611298008265352,0.13768777178085875,0.08369696315806745,0.12603940454226553,0.05237507491505652,0.4803249986714579,0.01906802888577714,0.3233057229131044,0.22121160945139265,0.3165715605861175,0.11482448935067302,-0.22695456923171775,0.03928772881019931,0.08320798279085308,0.2314453648486994,0.12470323482680973,0.20847165846389212,-0.2222183040886295,-0.08322596619376031,-0.17652511239476115,0.29411913135046236,-0.13982031236132436,-0.4279021733367373,-0.043661319815950686,0.12009281021127284,0.7168882579579656,-2.0845143234906724,-0.5753912780751395,-1.0586111141256391,0.22084126615108124,1.3766614640608437,1.2789332431987084,0.4721933726457429,1.3903125870908994,0.9397152567489281,1.0846748351198428,2.4820542679068356,-0.9049227331538193,0.0010154146519936683,0.19344935339206398,-0.1806289917175327,-1.2343861634545712,-0.3465294349861885,-0.8959758811396981,-1.3996986311992308,-1.2929982935762923,-0.22483552005718013,-0.4937317312331302,0.5028024317892993,-0.34187369132315826,-0.8311755777217499,-1.3764735390672105,0.39159344868514634,-0.5580056115313033,-0.10814398243041615,0.21135153635867213,1.7457482333448144,-0.778194230915047,-1.3092472342906136,-1.200332389665736,-1.1637183961904176,-1.3447937159412966,-1.4543249761826211,-0.958164534164286,-1.66654444460899,-1.277521270004443,0.5304336488589405,-0.08972298726734333,1.6568121530917963,-0.11444407414021543,0.03286001891184163,1.1334621804778209,0.6329219164396461,-0.35564521265890237,2.067184191896768,-0.3319297838130827,-1.2770501521178286,-0.5304782335477176,-0.14268745914509742,0.4919762541238797,0.4392650911673126,1.1493969756449314,0.7072207247048757,1.4127853905890915,0.32356112322899844,-0.23337661859315517,-0.2745394703139589,1.9419748417659473,-0.9750745622212722,-1.2000293236065454,-0.5251114416683454,1.6497218288284081,-1.2906160115415717,-1.455326908394741,0.5785890279793044,2.3198043940350774,-0.2124000196450627,-1.536860867578421,1.6660736633340982,2.4520420524473705,-0.5325062447042352,-1.5211413450739408,-0.04462531623403385,2.028214072999027,0.754274640352165,-2.2015848540402625,0.6157245812295203,1.758507143447312,0.46201902839770215,-0.7854417753205455,-0.6230729005953665,1.8754340546136,-0.47849388679914956,0.06654136568797313,-1.0059205825080815,0.8657009504117076,-0.49163469991000036,-0.3418957146786523,-0.4630386927389413,1.592786546901381,1.9427229458607551,0.03408711995776775,0.6689061693704746,0
0.13820409426483649,-0.01866310286633254,-0.04917221449132344,-0.19410754422987866,0.015784924962760148,-0.09302102651337481,-0.10274586954153246,0.09536355713644774,0.20485374406835832,-0.15955337417316104,-0.1894782936442077,-0.24981548836704295,0.00429097712700248,-0.4212326913927721,0.12207558260862214,-0.021163626200084936,-0.12982491142363553,-0.07861580216669198,0.3160634882838684,0.002625380008349726,0.17231060350824295,0.18563194421235696,0.11672692358979012,-0.13274979438190287,0.09658876953554732,-0.1898752861437279,-0.12477931977356876,-0.07619389924804106,-0.2092175011242285,-0.1438783412050807,0.24418552446548075,-0.03451713423248315,0.2558446133686509,0.16772956245784085,0.10444665775348423,-0.1425241441803721,-0.11239309995951476,-0.14294767600394276,-0.2014407250435875,0.2378422793800821,-0.04655070480064385,0.4435774333221415,-0.0696127961129001,0.10763415031602143,0.2318685301112561,0.14312556546751093,-0.15919859317243865,-0.145696318313776,-0.32012173485951895,-0.1074719183911069,-0.018381391078371435,0.1116882079560819,-0.12624033241444707,0.19872649273549153,0.21900754911064504,0.05582927676958239,-0.052189608420760494,0.04064331209320427,0.01290071627564147,-0.027177774738109933,-0.6505261720277451,-0.1958357204917159,0.29512119631959455,0.15601413894750985,0.2183805754446185,-0.20420361533545578,-0.1749434299832427,-0.04846446135489301,-0.35253899678578615,-0.2817980140720099,0.10974700528040021,0.2849761384914975,0.23608855805694395,0.1942153295967626,-0.10887637956018015,0.03672038861114404,-0.18743262626608137,0.02560894343710313,0.17204470407509023,0.6304836510002848,-0.028942304984236694,-0.09271752484633704,0.09930328335165346,-0.08149909363179166,-0.10616642797956428,0.1770297968516032,0.03180214606786706,0.254716109523914,0.18506721983914315,0.15507027790413647,0.02923481133115787,-0.19226378734366772,-0.09880361288598781,0.031351039467968196,-0.07706758655486395,0.030912400436756558,-0.010553288780712131,-0.3038465679954963,-0.29419784408995014,-0.173390681493095,0.31566007652828676,-0.5235345745364698,-0.3644735705327368,-0.21110663488475648,-0.17636477773973866,0.391011730598325,-1.5626019891089602,0.06745934838672071,-0.9030472090614647,-0.07958678259998975,0.10392665689703774,-0.02846882485993822,0.3908555562527693,0.5106072038154723,0.2803298181773283,-0.626802233372326,0.06290244117937419,-1.3982574001190757,-0.6150029435989457,0.03936575793891175,-0.07960237428036494,-1.0581315877346984,0.47262101094948383,-0.528645937954305,-1.0387583961361393,-0.9304123258164112,-0.3540442586577291,-0.583023847722878,-0.10569856596638902,-0.08391980439380342,-0.5073303073967611,-0.1349139271211602,0.7063277591349503,-0.11020245371976634,-0.1457194011043607,0.061081324689969484,0.20103474597231824,-0.7822916726295499,-0.9657174730402687,-1.0777507981512253,-1.0251145854744976,-0.5978082996088416,-1.2111857753215272,-1.1756592108698285,-1.4685318403938985,-1.0710289545232934,0.6603433521153698,1.2537641902970131,-0.290598694263708,0.13473235680674514,-0.06272379958081133,0.7217131240952668,-0.1890748250869239,-0.10134378837159744,2.374720690438216,0.7325588736513047,-1.5716821262621798,-0.8119002993416743,0.2759881788944931,0.6693064944583272,0.47093252813919895,0.893734709950421,0.7105638106980284,1.2598257251764728,-1.225165901459018,-0.3177384799753956,-0.3744179298542966,1.5775671703400487,-1.756261911282475,-1.1678840462172964,-1.010598636235023,0.6594480586675292,-1.8923035671359367,-1.1750687311213721,-0.04623217106581358,2.014836764761159,-0.558129209232196,-1.8908382402709314,0.45540542141143286,3.4214684358175265,-1.0478544430914205,-1.943356144449782,-1.0482430786210282,3.0040607243287933,-0.2956307512666271,-2.182718440940799,-0.0029824910337940707,2.224241257000092,-0.5816606370413163,-0.8897519495419802,-0.7509237324823318,2.2945845249914107,-0.7616116574035401,0.5251978318170277,-1.2234892857650856,0.3983554386863687,-1.2317182630312906,-0.5999960318366176,0.2730440921759065,2.2515817283424933,0.6980154150423654,0.40225129947615634,0.15380071865804165,0
0.02201105450982187,-0.1713348507756728,-0.22884967514953905,-0.274318435061068,-0.05068705988834512,-0.11793194062732569,-0.17283582557753116,-0.059003249940357654,0.007281691959671793,-0.1322976792085877,-0.10424085263854095,-0.1640723473023819,0.026245904116163572,-0.5495648514027537,-0.008498239496977289,-0.12165184522350118,-0.15715663801602472,-0.09725281613396904,0.2661237016178345,-0.14110679302634585,0.06649887932192018,-0.03479068822888106,-0.03256128407941488,0.006249013422748126,0.08307061470638176,-0.15729421361707085,-0.23612907273402628,-0.09929385399467017,-0.14181644689417436,-0.12754562439022532,0.11823402298173127,-0.04991921477749509,0.25774903542066535,-0.024267545999107246,0.10191206133711736,-0.06943124860836805,-0.2459260282388994,-0.12532433875098606,-0.2718082407437472,0.23671081700666077,-0.02213913109588259,0.3962584443398759,-0.13602942716053099,0.1352423585073914,0.08865390451281459,0.06309950875231232,-0.011545750539860969,-0.09108783921720212,-0.3289399256443189,-0.24996512846430372,-0.2381553725825925,0.17132447729372888,0.0018935881100025245,0.23144940606664596,0.053286335150303836,-0.08929896620400157,0.03436258413187709,-0.006810188968342672,0.007212369652358784,0.0158038270182741,-0.6508943144827128,-0.2796756002808983,0.2198975287155546,0.0908744361242778,0.1749192035933733,-0.1447927910566409,-0.12517146960751502,-0.11533996134572679,-0.3639009795198887,-0.3614864088093535,0.09757235159621881,0.15610663666856986,0.14082527456230026,0.20730666952423524,-0.12970948037714652,0.01731520799486353,-0.2605273908762549,0.06798554979596372,-0.028222908139290126,0.3383993366842684,0.07539219779651518,-0.11510035550817979,0.06926228905467197,-0.06831535746777695,-0.10023348337275098,0.21651365173182072,0.23028816029050214,0.2437848524257411,0.1969713287509289,0.028983729495789708,0.0154149569836433,0.06570899892831379,-0.024301160885100738,0.014944415235666619,-0.09512963624168139,-0.1949235501516737,-0.05143828822795084,-0.2973790037035874,-0.2417055195315609,-0.17471316268361517,0.3080989034476788,-0.5311267026107658,-0.3393154406514408,-0.20632779646380478,-0.2681606664825509,1.3996385927108501,-1.2855319701659167,-0.24909805404100568,-0.4516548622230639,-0.39605476237039083,0.615053556950395,-0.027990723435608874,1.0437625053112514,1.1000502264874021,1.2137166058220008,-0.274079838953837,0.403547843312329,-1.0798775653914447,-0.003688625739545506,0.42319352179625325,-0.28293064080363906,-1.25526450762025,0.6095649795515191,-0.7491861907456665,-1.0361661087902077,-1.0059631143987922,-0.3503675780676187,-0.5355386538187333,-0.46888066023174785,-0.6038075926841775,-0.60799259115468,-0.7783273518194811,0.27580677930265846,-0.32287578802940775,0.28068508783983287,-0.33311123065035825,-0.043223543600743,-1.3033358014471357,-1.2647375047608151,-1.315216056224141,-0.7334138654184325,-0.6805064883754401,-1.6046893518859298,-1.4424151007790278,-1.1452038993160578,-1.1559632242769504,0.8039771731962477,0.061796589995398096,0.18956207051050167,0.14555174251044867,-0.006114932982615198,-1.427947760937183,-0.3869480160191636,0.007464545044794428,2.8300637996589155,-0.08124429931798739,-1.0790103806304605,-0.08008771642380322,0.4134744106694695,-0.8793745024781461,1.539167566517805,0.3756031456372792,0.4291957949674465,-0.8844017286203057,-1.4795090793533388,-0.607800471837753,-0.4902693681819018,-0.8364258253386665,-1.6756659943520353,-0.8315792208112586,-0.538603487500335,-0.5603264022828487,-1.6638051493960668,-0.7736115082333991,-0.007724293363776375,-0.05107870612302052,-0.38394698302796376,-1.9273849180370612,1.3192837052604303,-0.17712977906114688,-0.7316284651091606,-0.3048956489786504,-0.9333448787220622,0.015934819014186644,0.14041281275487033,-0.4919659843403318,0.6537213966232737,-1.350192203912476,-0.4692034871374879,-0.6361729813386575,-0.36715712637252407,-0.5651663575124799,-0.5072240148064138,-0.17046614489212206,-1.573547426764059,-1.5916253876657598,-0.9772474429117315,-0.1485069779298149,0.6211506011339534,-1.036182429880065,1.1781434795363677,0.2643674983929435,0.253923664803893,0
0.08041398972695735,-0.2259441033272765,-0.16000949945914988,-0.22463266869847803,-0.11376432028151025,-0.09352125225241473,-0.1559976360110139,-0.10418717228808504,0.08243010269936647,-0.09817868783767957,-0.10632482979457412,-0.14088398769076008,0.07154301466491245,-0.41426830831262557,0.06828715390428364,-0.2721836960763588,-0.08597774231873732,-0.08275210905461963,0.2779516706259239,0.010256557960967637,0.08884969438272929,-0.03331569453927263,-0.04837426312771915,-0.03501272063462405,-0.004527072339940909,-0.11641713367489684,-0.3919366142154719,-0.08120838079286767,-0.10698824463115471,-0.15498247165054188,0.15506326178214136,-0.053073994796997474,0.2874203993302798,-0.011965383126908733,0.18234371756965384,-0.01666358470952373,-0.20972009102022088,-0.1591046951427164,-0.272744085249058,0.14055555874252354,0.11713856961268834,0.3991279153283413,-0.15803470044604914,0.1780269912073928,0.12886519402609314,0.03863297935951399,-0.047866054042822785,-0.0665684301723507,-0.4036757848422973,-0.26867330202954076,-0.18581908290285404,0.1611563014093517,0.08461932922120426,0.20759970640729108,-0.04422723890243663,-0.0027799194723911887,-0.010297543388871422,-0.06997538773425657,0.004735358556152412,-0.007196722376904194,-0.535192582328351,-0.3144234983808434,0.16858379655874683,0.021390232224148185,0.19455045809856353,-0.14458817733473284,-0.12873731915677278,-0.18348921498825432,-0.4000079942204708,-0.3248281177565769,0.1342533036821791,0.03258370915743281,0.200099167199178,0.11364300505947993,-0.07827031569409008,0.031995892397612885,-0.3332409780429398,0.09533321546662722,0.20723192628728423,0.2945628515492459,-0.032975013501351756,-0.12131055021188883,0.024723391275450163,-0.010836404665311558,0.08823529082916515,0.33992226159314864,0.23920016393412807,0.26974547593977793,0.06786889503865885,0.0866524906267502,-0.0724424178363117,0.13969793065732658,0.06169184764001487,0.05853140675964908,0.014476452750598801,-0.22559640400557143,-0.0008176334520090532,-0.2272627768953807,-0.09945776110893736,-0.12225102377966664,0.38918177790213604,-0.4205801505981921,-0.2772151776039867,-0.09357184851647193,-0.25870322633827236,0.5943707494244558,-1.285713536502254,0.2036707823425325,-0.7238797561808371,-0.5543000694724455,-0.18792292493182644,-0.10543575262639347,1.2819064675972163,0.5443212840103993,0.8396890007903074,-0.8563252760887132,-0.2696978665969092,-1.2685153723316753,-0.47357398722648447,0.3868732380115932,0.02035677175216219,-1.1393165343809164,1.7575763115387846,0.026636397758968915,-0.9735480918633338,-0.9357864761116755,-0.49162079733379477,-0.5704600341907551,-0.017065456632653155,-0.8844027202003533,-0.5387930170113389,-0.03897750665975976,1.197173909589344,-0.1036135568703305,0.8196477905606094,0.8165754805914492,-0.11303280048308298,-0.9015060920407872,-1.1460205900701548,-1.2687151864791577,-0.5448686461286181,0.13286458538787566,0.07350814849279184,-1.021729376462423,-1.3769083009761616,-0.7333111839013997,0.4399647079505662,0.21999707868108603,1.114086439137791,-0.1505384454515467,0.2310256482277794,0.39148900283403754,0.49624413834980624,-0.7083173215473775,2.256924919288863,-0.7775000764943261,-1.4428096422724939,0.23325070394412858,0.31757096035630067,-0.2918641353918484,0.9353920171814583,0.04788970234705404,0.41591029651208705,0.5995000949641756,-0.5423728277236209,-0.7054292560539356,-1.3424599773567538,-0.6514021275990529,-0.747385693633589,-0.7508754033471529,-0.3599839251984161,-0.37626789053163084,-0.7968043358411577,-0.6871541923204176,-0.061435781754660836,-0.5583116126817047,0.0784420088962706,-1.7135100215877808,2.046769531852157,-0.26809609375570526,-0.07237120922895744,0.3107183508256545,-0.800879958130498,-0.4567728710317482,0.5568825472736246,-1.7618955384066601,0.16659829215289443,-1.102837595303103,0.4968817104248722,-1.0647801538834494,0.2870988110324964,-1.0056095020972142,1.3186793026979342,-0.5005786375949859,-1.2800588824904875,-1.2163127230893833,0.6283649946685042,0.01281131048317564,0.7467536500744955,-1.1429950719925208,1.7881909584563018,-0.0917672928705656,0.30475144166045753,0
0.13626589479369844,-0.13412509773095166,-0.20607887328307606,-0.3202453824988793,-0.06127885041562572,-0.1356687188261851,-0.16210890937500047,-0.07927452599821265,0.11104193117910265,0.07460632267148108,-0.11483975280125475,-0.20166500211152635,0.09907630583132544,-0.2955770372414612,0.2014236083110343,-0.29004159281772723,-0.067287245982634,-0.03553868578024083,0.29656476889933947,-0.000185544931235343,0.10752193852638287,0.17916529140629958,-0.03558495761218029,-0.15612693609365566,-0.02339907482967233,0.0073329122908025466,-0.35231787402665304,0.03253937835677463,-0.044574254423637744,-0.06827695442716376,0.18180646172059506,0.009221783057458896,0.12802108912335736,0.006735867152198171,0.16250798693405322,-0.021955748958115046,-0.20851759119915098,-0.05931538681864975,-0.19874484001988357,0.13232307667276963,0.2364978833596426,0.3904570423921754,-0.20735854518543081,0.11389598956928969,0.07552532607850312,0.04940610649935379,0.05656009562190393,-0.12065052178509258,-0.33691125325094906,-0.24296310834982202,-0.14839484214227228,0.20846176862777993,0.039812220670116416,0.15727706871037733,-0.15315740424083946,0.00948619892008365,0.004919620759706574,-0.12397677601801536,0.1480992435843848,0.016239130324751706,-0.391640063871907,-0.14949408687323668,0.12773311775996554,-0.1975396669820008,0.09743629880073254,0.09134248995406179,-0.06239058455033767,0.00589398213272861,-0.36775981294419324,-0.22150304964206138,0.09777416760949226,-0.10695426766795146,0.11695573043222389,0.12879043824336772,0.016360217983250228,0.0987339171286769,-0.2345238683299669,0.1654116179966544,0.37800738507343723,0.3229789848987088,-0.0296061389377006,-0.14873752663218062,-0.07674002061598734,0.03484155505144407,0.3039879698887804,0.4737940975637509,0.028536079149021995,0.30277903924741817,-0.030874539100311196,0.1447862471076272,0.011801984369935103,0.15624747378646348,-0.00527203479180681,0.08691904839948285,-0.049550009338262875,-0.2456962118507534,-0.01732266210002638,-0.13013293477044177,-0.12222271658214925,-0.07300945963087242,0.28482934640983854,-0.2772008410225418,-0.008930200580256245,-0.028909159777521506,-0.16950054426893915,1.347759643894616,-0.788479657095643,-0.5949965410129863,-0.3279518804015183,0.2611255435296016,0.6459301498910198,0.8742453367141964,1.3380676681344679,0.9723637100654425,1.0402067396746473,-0.11851006658071873,0.8387476288733104,-0.4920891316342198,0.24557646493917845,0.6728014865196358,0.5328938958556848,-1.0023299208727505,1.3161524383128995,0.28254639004671217,-0.7519150307611147,-0.7914020278730718,0.009471962578306379,0.1582811085169906,-0.07005268120247804,-1.390576646527696,-0.104406252221001,-0.06289917143960083,1.1349116139924218,-0.06675184339143447,0.6283876679174861,1.2007392792314064,-0.02015124640856405,-0.6284210447330807,-0.7326716337491842,-0.9807681492621825,-0.9774432894383632,-0.011355924381032651,0.19338850300071028,-0.5193777098774548,-0.6935990382616216,0.21124343371845064,0.3894925918021959,-0.6431420843645025,0.7950026145604967,0.5833459547947938,0.022230703981251557,1.1950596844325228,-0.1015823333731051,-0.288014874763042,2.160672983652181,-0.997781150837845,-1.053947582248248,1.76773471011539,0.3845813593386057,1.2366362853569983,0.5394321298991861,0.372100672425851,0.2180405522123528,0.44599478782483315,-0.7489023472742778,-0.4301457110706473,-1.2580875676452261,-0.9118070954359793,-0.8580044801076132,-0.8139955146392909,-0.7354263485998598,-0.8844166456658691,-0.6828596773244402,-0.9432352483342599,-0.8501894245157985,0.5178658433130584,0.18181409184457653,-1.1131684012167609,2.212527136173462,-0.3307954280060028,1.0134840984116136,0.7046090316122036,-0.5798681856032571,-0.7213753486012935,1.5608896300034494,-0.5751853477159093,0.08597995260558437,-1.02075502585043,-0.660951785178888,-0.8292737567583786,-0.015496281807667375,0.26175301844842924,-0.11758925353875296,0.094151983710448,-0.696630658700086,-0.3263832554571672,-0.07773338291927415,-0.5222598383484399,0.2838093659723483,-0.9212765425906884,1.398684391740915,0.10938464920296928,0.04539623187638586,0
0.22361944320387397,0.031967068962497416,-0.11485196605915822,-0.31669269781685355,-0.03669263424042936,-0.23011609542062547,-0.14327292119971063,-0.10587725433590214,0.1295606466206031,0.0524820834591522,0.04260566171278461,-0.22187415136042654,0.11534368843394141,-0.34644517862193586,0.20570168323900187,-0.2034714258918874,0.05580048254952985,-0.027389263084689374,0.28202028899931614,-0.14825595921003523,-0.023175719310097254,0.14268971112320525,-0.07186801827241245,-0.12785187468756637,-0.021192444668335562,-0.017086207024154584,-0.2725220202143144,0.12196810091144765,0.17116890771420798,0.08044081510522118,0.16804694836589462,-0.06779611884828643,-0.04642025458171556,0.029372274666331733,0.2149945500648599,0.0137191071747895,-0.17152319670505628,0.07938065322828293,-0.13953009912550274,0.22500966832713867,0.19537923290561923,0.3097577278565508,-0.11531881690254606,-0.0347380279858155,0.05392261229669244,0.20205797480521243,0.18891622928711457,-0.016987857754943412,-0.2974408371097691,-0.20933349012182376,-0.10439129517580074,0.1698447112683873,0.12159511201579712,0.13139058998513634,-0.11115751889774649,-0.034744545379474814,0.139696357368359,-0.10288565058260521,0.07576780097882095,-0.006287422332527339,-0.30038229030672536,-0.09100607116625911,0.1616863317924402,-0.09555554992161909,0.08488306263412056,0.16319685778786175,-0.06379302822243435,-0.06994347037612776,-0.34656285960796823,-0.2914721185326466,0.07123703952260804,-0.0608324732887463,0.005355469782915128,-0.03492891098444267,0.09347171628356023,0.06752330201757518,-0.060226649115792286,0.25180545104503127,0.43420886237910183,0.12606399686884726,-0.08987445881200194,-0.2803908989189637,-0.10112780941993664,0.08425003213433195,0.4926957643565186,0.3026908247206518,-0.019868983825192373,0.2867944543428732,-0.08711619153328133,0.048593710562841036,0.1651165421053959,-0.025177097916612323,0.03976145197085724,0.12819674105574866,0.0020603803092291975,-0.30041187686625137,-0.027102226226869093,-0.009399023228849026,-0.04928043727869877,-0.08304834402004152,0.23151853810531053,-0.16070268976150764,0.04341424074003201,0.024273184430377088,-0.05296611850393023,-0.3625928406678275,0.9464347072738628,0.11931929652372972,-0.4298719133965639,0.41095038615293655,-0.463280912231833,-0.21167615937771625,0.7910012897220642,-0.16760639452002485,-0.37226862924404097,-0.41495318543691817,-0.08626057663493449,-0.10647514935501587,-0.6694446189517513,-0.11478900209585807,0.049579517821400285,-0.7832636502357119,1.713030779104541,0.6438335269665192,-0.4150068273337081,-0.5458590458411031,0.14018390927395935,1.0014498135401662,-0.048365492536832075,-1.4441560828275632,-0.17584518930850995,0.8072507088740175,0.8540859834886172,1.0525879443990174,0.447648759050091,1.805845346270192,-0.0321195065334875,-0.9411366374154161,-0.5979251211893808,-0.8535448217660707,-0.7573243235862237,-0.055297075206341535,0.7433202855011791,0.2410275161239306,-0.6900994619907704,0.6691542789571169,0.4200410335033142,-0.05038968310478064,0.8392210747010328,0.7114034403974979,-0.19718918434456761,-0.12881076976754324,0.498651489316095,2.46685897821506,1.0275800529375039,1.3337982234105186,-1.0903838994401702,1.4044347203736987,0.6205244746027619,1.28261315241888,0.9901707671460227,1.0378550925882775,0.43742568540198806,-0.07218863308239556,-0.6378347160981236,0.6888213501856657,-1.004171410435794,-0.9077903538832509,-0.9337433453259738,-0.25886384170965987,-0.6316530625619032,-0.7308399223950804,-0.8226364876425398,-0.7361260193724138,-1.3143386995848545,1.512001938711261,0.6628433843467098,-0.09475217507171477,1.6244989042716846,0.17507409919116143,1.1790758241953914,2.7697259972201227,-0.28487005319298714,0.37788862157414876,-0.0898792766218094,1.092407998301815,0.5091295214776411,-1.0286696035270817,-1.0444279698113899,-0.7305711516362813,-0.39212813401762536,-1.0663920463351015,-0.13902551863390253,-0.21118878738884356,-0.10451352851021684,-0.7885269222040417,0.557037633500224,-0.11672018798121117,0.05509349869508886,-0.6995013921151664,1.2122110717821981,1.0265307544380355,0.1774685306378261,0
0.26902407733787526,0.12016914388779211,-0.07310132640295665,-0.36002187420688486,0.03317599507120157,-0.2898307240857954,-0.23557431544268398,0.005804859463937449,0.06421981998720074,0.10426756872255485,0.17310075344023312,-0.15574678201848138,0.18054027332050446,-0.3947829226648945,0.20400183758332227,-0.11132243359057482,0.10144082512974663,-0.042501496980780054,0.1817993780469889,-0.17060150783909397,-0.036923659090920456,0.11014166742806422,-0.11658034515284321,-0.14434724751682113,-0.037063926432519434,0.06698657682972417,-0.167921694728057,0.19458767886956507,0.19530132277344162,0.06210550104493156,0.022071590742327805,0.0024252779872911915,-0.023305767711236644,-0.13168879626281896,0.18193017360567607,0.15811314980295976,-0.06700269555440108,0.09150285856565929,-0.05825292891106421,0.24862198325578447,0.28983676707083916,0.2613181690537149,-0.07790094343421983,-0.036846733718201054,0.11438493366059062,0.18160290282421743,0.1994653298824174,-0.017872678346950905,-0.18844308598066928,-0.14521669307744273,-0.0914562611743911,0.12655783722274908,0.24046667853820763,0.019615048798602083,-0.12644356991228184,-0.10864429663538534,0.10414927578564563,-0.14945684467390097,0.052892865952520685,0.006524535181106372,-0.14177224710208433,-0.10444949556598726,0.031141838544795564,0.1773518911662974,0.06826920902374502,0.03377509912640324,-0.13065563610290937,-0.15070114099563975,-0.331368364354038,-0.2431106756124081,0.024613445188803488,0.07851991237798789,-0.023282019127513372,-0.14165082966362613,-0.019660693069462623,0.17287509766424192,-0.01454663189116434,0.36702462494285126,0.23307773385064057,-0.02972482223618227,-0.015417464051846592,-0.14816560590192887,-0.13312849509452068,0.07124528742314118,0.7163599114847636,0.23625302374409898,-0.23105695672803322,0.16121562439020276,-0.13601588647538895,0.0710369454718691,0.20361740454101396,-0.026424971396803797,0.027694770722523604,0.15204407895437344,-0.026434830610228485,-0.2570434966948274,0.01873246860747621,0.043067692454832336,-0.025414582571090125,-0.07788459805321507,0.21139332661270147,-0.11212762635122409,0.1397137265876646,0.06144162341029137,0.08767014329837092,0.17899887102414264,0.009386231164528556,-0.2498738833928809,-0.23654504115804037,0.15831533864144842,-0.24206972204621274,-0.09780752121762494,0.5090957428358307,-0.24264541119364819,0.4635605924502657,-0.219960592110859,0.023172099075931693,0.9980590436452442,-0.4458460300927319,0.3130926073311484,1.61435087576667,-0.30105892419823743,2.8501427420976015,0.41406241094557933,-0.4726845164870889,-0.4480247797015817,1.3389745099040111,1.6071328384745032,-0.2858581204065747,-1.5323199578651376,-0.7523421630272504,0.05943373416679519,0.576132429758537,0.761980802523232,0.5402618541929771,0.96666108623304,-0.4559518049448086,0.16126309646526216,-0.056911227829213866,-0.7012281330014933,-0.8196002687341959,0.10862772372799034,1.0566053619417417,0.3869528100328884,0.21955861559812834,0.327295092093327,0.9308220434780761,-0.14226691203467776,1.9835820549971213,1.1975216991862727,-0.2828298094009328,-0.00040800697196786945,0.6897217363323311,2.0368704396840887,0.5782048722568319,-0.5254688399339505,2.2974354371142116,0.9344244621907627,0.6919687841070904,1.5009478245942571,1.223356189919463,0.597661615970488,0.19923152360592916,0.689847038995754,-0.368296405095257,0.502540994022122,-0.46937413938981964,0.328936709521829,0.5265024754491839,-0.11062832891072474,-0.2557615736953351,0.6157823921833899,-0.010347619223768534,-0.11659991664406653,-0.9362333512974912,-0.5593690075935365,1.6633695546951501,0.3525454959167752,2.0649246512020336,-0.13193532072775005,3.014121328609891,1.7033171716536561,-0.5023872557343014,0.14526033647644088,0.7037190554712812,1.1342001421676624,0.8359956312670712,-1.0398884947879679,-0.6316908729384736,0.28178649082744417,-0.25292445764219473,0.21985874920909604,0.7670266703270922,1.0112742295512007,-0.17967051230349634,-0.47198266452311693,0.9880459718147564,-0.3190448080556196,0.8330245466014872,-0.19618861533442114,1.9912409767521717,0.7152780530409779,0.26930947731365545,0
0.2620843540578931,0.22303078946443586,-0.020255409439594352,-0.3622345079896442,0.07091861239988258,-0.253775354048597,-0.22658953637491508,-0.012627793968082883,0.1109335291057339,0.09188384861209373,0.17217609204906312,-0.018298422086063457,0.18915996360189738,-0.3418888716246413,0.28200152564161707,-0.05712830583154096,0.05349003897244291,0.026373247663909083,0.06179609625321973,-0.11167919857033554,-0.12912603202555778,0.041781144061080515,-0.1570034848554523,-0.10019636781406308,0.052523679233728957,-0.012019842573585252,-0.13116253229007427,0.2361435711538714,0.26766276282644924,0.1017356444307005,-0.09530045442376087,-0.07899737574793603,-0.044574344798782806,-0.21645473476644658,0.1288774043203868,0.17957364095548659,-0.027296255606712994,0.13596826585284189,-0.07129175428819355,0.1393536989861345,0.14595566458066864,0.2892553597172989,-0.11986594487755171,-0.1872966463740573,0.0465725851160637,0.10410503497561222,0.14984692089237658,-0.10588336224213067,-0.14317006981747862,-0.15675086083193665,-0.07613293863425961,0.0985916457127422,0.13816637298149434,0.014948639914227839,-0.16936755984902993,-0.1382036382290292,0.12637983531286492,-0.12436203678019331,0.1434762852492166,-0.04348513109080564,-0.030509061391459376,-0.13740685167245356,0.037321155582560904,0.2642655742582631,0.042925618804586875,0.04087640265709905,-0.12046278593613269,-0.04510923824210473,-0.32574763427472064,-0.17605475739234053,-0.030428174447829123,0.08317605344400619,-0.11526629241186956,-0.11074252857056865,-0.11881812827636952,0.15753203723467937,-0.02343114677343459,0.39284099835736425,0.21384890726425632,-0.059483382537807196,0.053056530729929885,-0.14376470974368244,-0.0033268661558263917,0.003670841025205981,0.7916668601858722,0.20357534343843847,-0.20647617793871975,0.10536577196315836,-0.12379529151102878,0.08582886261757655,0.20381294983977685,-0.02950606230895015,0.03665729989219061,0.180396440134556,0.0015748752406699077,-0.28367416221988595,-0.032621708437863634,0.051706903472774575,0.041557737544114515,-0.05030435828846791,0.15261753528816907,-0.03961449259907495,0.21154418146131873,0.11734764888740386,0.14413814086702623,-0.5316804326570123,0.21700612125495802,-0.09452527137416517,-0.46300193601274847,0.42998524477525735,-0.23286197948015688,0.18080152514164566,0.17345190045926084,-0.879339211081102,0.11168127084504227,-0.15627416079323017,-0.055663257624225276,1.1356471634381349,-0.7846755444546487,0.2364969837453301,1.592990120126441,1.1156644504849658,2.584517623516306,0.5194034238056693,0.23282495025843727,-0.1721450713635131,1.797448610368928,2.8775326889416712,0.25585088985870436,-1.1119411851122736,0.3466220836051506,0.38398898030476575,0.27660232140723473,1.3717580239137568,0.3542404028200656,0.9581697395109329,-0.11116053937313541,-0.01875636569654354,-0.01678470164307564,-0.21622380443720898,-0.42893184343842633,-0.3928926116314119,1.5770633359285926,1.1080715164633632,-0.2868676932323243,0.23748965692256224,0.5201576567432713,-0.5707897640409394,2.487889364258047,0.41505850908468817,-0.47961584610136004,0.5353990270642717,1.3074507610764539,1.628467980297303,1.8136596136949827,3.3412460752086504,1.8878716302207879,1.2752705044931893,0.9564672380248727,2.769969013379263,1.2246226015150115,0.1591252116561249,0.27388396536062853,1.11689111297688,-0.9968316108093217,-0.028286583802095335,-0.052216781831325124,-0.6273342385016777,0.5403179753078786,-0.062041059159256395,-0.026379754318881975,-0.5573145032594983,0.7073268646666385,-0.692449172424598,-0.9548369452827371,-0.3498434301699856,2.5715570622685897,0.1687013181649289,2.2489656551710375,-0.20572923766252868,3.2496877920619136,2.115742131790504,-0.6883876528290767,-0.3110994877171959,0.39322755734512577,0.9019380403285825,0.6585557253562214,-0.6310211053317147,-1.1301002382087106,-0.26873865119712564,-0.5444437783292184,-1.0114021671547462,1.019677902673958,0.4818392893842178,-0.011600418127736647,1.311676982472012,0.08109007074507033,0.3943275723601983,1.1069460338730253,0.8272485348513304,1.0208778630295805,0.8264229787150481,0.4198013444709266,0
0.2643566712190354,0.1649223679990151,-0.006557000930542745,-0.24492738244865386,0.08123501479274545,-0.22142500342563176,-0.19883295716806954,0.017567055605177264,0.13504080236103413,-0.002247559653505474,0.16485547234556966,-0.06477210242872256,0.18188460193341668,-0.30450325710090287,0.23658003541285183,-0.09933744349454762,0.15260414986743687,0.16110775596507257,0.16908593714885242,-0.15961936126957602,-0.03551186258672885,0.005173776120642965,-0.1468971105613252,-0.034128712188642794,0.09375956650788451,0.025672126770856334,-0.1350304792545703,0.21562038708654827,0.2255718914680364,0.04370677976133264,-0.1651722857811514,-0.10732937948746642,-0.1532185483297718,-0.2700708073752975,0.1378118951545815,0.20309288572597523,-0.016943404175512565,0.169348643501562,0.019486647273191205,0.10096159279254475,0.13632281943569885,0.14589668994303093,-0.08975334272315637,-0.2089564752706706,0.06375875985271585,0.07451300823696066,0.06337789643744109,-0.1556169564512134,-0.07459519636789005,-0.08337839138660566,0.016133895185668833,0.015997544974174067,0.11176911533971223,-0.059309684843363346,-0.19030115035962925,-0.107590601950763,0.0008766123240903449,-0.07062711528668979,0.13318197182221364,-0.1416946543934136,-0.08773408020346114,-0.1630939551935329,-0.042177376686293684,0.2497953395300109,0.04934711056666418,-0.05136863678193578,-0.13599708345877062,-0.030132509666911618,-0.24418005222699776,-0.14985292693142732,-0.05398507956532979,0.10620738996078914,-0.17035594803003343,-0.10786415939348114,-0.1302557341943614,0.18149362361972693,0.01509086088448703,0.40933217388605914,0.13283030930715595,-0.07166269869471517,0.011017269195688927,-0.1848460067271708,0.027357959868249408,0.06589274584642027,0.8075744062755683,0.1641861703162956,-0.23758030712108866,0.06897527696835601,-0.13614772521807322,0.09072818619406078,0.20363207637840514,0.027035728249528154,0.042055494289420396,0.1833265669454268,-0.07626896894056621,-0.28300004771189163,-0.04649507058474855,0.07309179824896507,-0.04433897220659564,-0.06870356620541171,0.09443447409886262,0.03794410801785275,0.18346723368032788,0.03421823993110433,0.08509938823068973,-0.22508550850387712,-0.33857708772241646,-0.4754859792523982,-0.3986661957728835,0.548614428325778,0.06198619600859204,0.6570611067692652,-0.2781638530763683,-1.0706212959050447,-0.17628708221059017,0.0367336070502573,0.09861831307067569,1.6430078611605194,-0.2496384698154665,0.9611387149976651,2.6735091702418705,3.0170229853989063,2.794267442251649,0.8787222104855615,0.7446831420333879,0.45324260715694337,2.527222976129615,3.8271518073428537,1.0920829779358967,-1.2190757296425903,0.7780323403565668,-0.09090131414889596,0.8758155954069184,0.7119562190493857,-0.06016059605585974,0.4640545632233148,-0.25890575599568216,0.17135277764538312,-0.006124053641066028,-0.25449040569949477,-0.3518119038844132,-0.34286227771815375,1.5207479850319368,0.6864887499208637,-0.5458017993144616,-0.02758972936328612,0.6420977747867648,-0.3838489297043765,0.7039590140072619,0.5811801426812493,-0.18410698863596545,-0.06643948706243803,1.1584541188023327,1.558490340942094,1.829971407501131,0.058356238910147816,2.084800027035315,1.4018097730221588,0.7048601663423472,0.3646106966431837,1.514783766940464,-0.1718260318625083,0.38044192375758823,-0.04540782589190685,-0.0015370810095681937,0.4027760331797413,0.17035509327202025,-1.0104181412528646,0.08603136786966498,-0.2953326345947648,-0.25021442543650985,-1.0061830937793623,0.009262350938870794,-0.7761794973286579,-1.4220313138534202,-0.2731027847184401,1.7708694455036478,-0.29839003400959024,2.347027542458816,-0.7287580181482568,2.823555127773813,2.4568195339569217,-0.7678857128613498,-0.5903624591550037,0.17880557802931024,1.506464030761236,1.012764594130972,-0.6143535285209687,-0.7329269930304682,-0.37757342577794917,-0.46064394063955044,-1.1577161422270121,0.7853784460477778,-0.03602835349356711,0.6029819531810876,0.13946658561551048,0.15072119445067894,-0.8788534988455007,1.1435522512528546,-1.2701597579791697,0.3100278350848927,0.8310678330483977,0.30716445568503126,0
0.185991725954676,0.22950543991958036,0.026494746912404454,-0.2800874387516661,0.037541922288559314,-0.2458766403576416,-0.15283147892525703,-0.06785766247655266,0.14365324976654226,0.04821743519417582,0.11151894623041095,0.012810090979194146,0.16297995584013658,-0.321941348515016,0.2578265652052604,-0.11970270954331852,0.17208224628687488,0.14279540809167046,0.10870597435125424,-0.17879278888816727,-0.005948528735223323,0.0036546573247995947,-0.14949375599813144,-0.08726491031167599,0.08848849937859771,0.015539411020502249,-0.09754295149076196,0.21314670761484208,0.1731384014584199,0.09973277191279205,-0.18200048681771921,-0.16333574681096288,-0.22080226121103824,-0.22400940984450976,-0.04262249940925632,0.23652177178653552,-0.06392091785873877,0.2132546913290571,0.07162035577475843,0.11337512828689783,0.14865709131092172,0.10627474169314416,-0.16207605308001116,-0.18415218586316837,0.030724780582826454,0.06509249573730286,0.016175141236263478,-0.05726092677445384,-0.01439618985675172,-0.11077631815993577,0.01996520516209468,0.08198114705944327,0.13631735878201331,-0.021675870258370585,-0.1872825541863395,-0.08416019961515184,0.07482368859043877,-0.07770841675003848,0.11443271875011621,-0.20899211381281085,-0.10804754853909175,-0.14788824325213726,-0.048660890492183244,0.24745693511705155,-0.02151341204800805,-0.0006134803060697229,-0.18118288525063436,-0.0118937933542165,-0.20183005215087454,-0.13865171551987068,-0.0688741052864688,0.12460619053496991,-0.08066690216563208,-0.15262961726002508,-0.059678231151092845,0.22467431077447886,-0.019576324487884458,0.3485240401283049,0.12515505437162158,-0.15853422685884583,0.04156146675119425,-0.14684202471053584,0.04432930745516012,0.05713878893872356,0.8256790525164751,0.17842188781588453,-0.1935185176005307,0.02115034659456496,-0.14851453620837063,0.10297028764568694,0.13101187421365493,0.008649215818572479,0.0965533087689554,0.20065872386903347,-0.03358672140685786,-0.22087941354265783,0.0134944448289952,0.11162441123290899,-0.1117801727646192,-0.14392395561299076,-0.08891588881030725,0.10044677153648753,0.16187223793024638,0.09470341497822611,0.028400208223377552,-0.5841681486174811,0.13324074131162347,0.2505485754740286,-0.2074642897367889,0.9249008437186582,0.06666655493593886,0.36095444880379535,-0.634849977090094,-1.1158915210656983,-0.21747460465830998,0.697472080992137,-0.40247701361582044,1.837142436188592,-0.31930282561983697,0.5606421167125403,3.2234722234435362,3.169654536161061,2.0684919729400364,1.1458690776634513,0.6735635494401442,0.37315701873731777,2.8755505936158454,4.138738140035127,0.2508818491944755,-1.0466653014616578,0.4714246930212123,0.09645462145905982,-0.04640637884099891,1.3237321254034997,-0.1397768106055372,0.5146265738379123,-0.29913904432063154,0.25885125300990053,-0.05143534112937522,-0.3557327568432893,-0.7254343143717495,-1.0315497359340804,1.1587121153085245,0.639426303411443,-0.44548333550924324,0.3517296666088574,0.7860006713039758,-0.33480778979147857,1.005868869533683,0.3688386935572037,-0.140864357480449,-0.08508190996929708,1.172881021726855,1.7781928921732797,1.5296915726171143,-0.321795959884752,2.271011390554196,0.771383391947612,0.48113313119914863,0.8653548876572824,1.7732382712308083,0.024417339153852528,0.042837140968334166,0.2828844932336582,-0.3745232345622984,0.4976031756967201,-0.329890682772593,-0.5308023727919392,0.1076824931999308,-0.41151502559649517,-0.06203576676949726,-0.6382678075173709,0.1640178491079793,-0.8680223814035409,-1.438563177567852,-0.27638138262366646,1.7252186204740383,-0.17349172636570323,2.180849838030126,-0.4040879422050871,2.94712160844747,2.47926599717657,-0.628506194610274,-0.6828501842856199,0.23637215182927868,1.6152996511550997,0.9022976943122679,-0.6036163885370075,-1.1430204790354423,-0.38948110570363864,-0.4803852599655914,-0.4081623203752639,0.3055099749457592,-0.6890983939639249,0.8087922140245923,0.44567238743587173,-0.23644643824544864,-0.6143582107546032,-0.08344084645750642,-0.7373345485549795,-0.03069504957629994,0.9632256446967603,0.4873375888586795,0
0.24992547329979994,0.15825011577250087,0.06915812299195416,-0.17739612902149532,0.009903073256768357,-0.24898635159624805,-0.09421513050679306,-0.04648636174882459,0.18777315393155905,0.024882336429397467,0.15994271119284878,-0.05143296253316543,0.11817796622535619,-0.4255145568110173,0.32133796411099697,-0.04207784626618257,0.0742755380716288,0.17685585095024334,0.1314317193688941,-0.24340692669046518,0.02852379668929097,-0.019879145591349255,-0.12106436265434456,-0.11920122078148604,0.030371156675076217,-0.012348409445773796,-0.020761184846362343,0.2082209460817456,0.10336301413305161,0.1916023416635581,-0.1286807173555843,-0.23262385843408748,-0.34902227517366924,-0.13123658854169237,-0.053143111125790204,0.1945498905909777,-0.054135238625153334,0.17088619268393934,0.018039684222409067,0.09035038149292247,0.09169780622991425,0.06449881623509712,-0.1210388305053036,-0.16230145277593916,-0.00897598656016315,0.06454934316550552,0.005630946285431357,-0.08801903820394665,0.08591677147250425,-0.09643480366058216,0.04651780755871692,0.06362755019145638,0.06665905312333292,-0.08880560444867894,-0.15165502189621774,-0.09718832085753436,0.0818950466470553,-0.08619446839567037,0.05691599276041446,-0.20851302361464402,-0.13045825156719326,-0.16021342131544,-0.07973726621504537,0.21672185518012652,-0.04476409778546143,0.0018320822023458016,-0.18887378809178398,-0.05029031698722848,-0.19037505127121704,-0.05646725221215819,-0.07386859179442247,0.20577871623724736,-0.09832334856526063,-0.14752718853316582,-0.027114135424595127,0.3056998133825576,-0.06680680101079725,0.27691083016979123,0.13272353919960703,-0.002372805344222301,0.13517373966452928,-0.10747497036728118,0.0993401072840596,-0.03137886591117525,0.8413379087122039,0.11614328011396868,-0.2250018905353909,0.010321145458500129,-0.1889385264118871,0.1106351936465608,0.10173320460480678,-0.005996637876792583,0.0830125765709168,0.14718707480516488,0.06253659328113402,-0.2552496939499976,-0.04054739272989125,0.1265131962877489,-0.048966654097948016,-0.11413066216309697,-0.09739961694516074,0.17868022373051803,0.22343462316841542,0.06518980812597724,0.028072913145795124,-0.31805247472807896,-0.35148829920643,0.3363020782904823,0.06369207435869238,-0.6251858113865391,-0.2712697219362537,-0.3596343958401716,-0.5643751553051511,-1.0175259131102896,0.039977691948673046,0.7212442981142548,-0.994226132994216,1.172776993739323,-0.598316836209719,0.3107028927369578,2.1159851462236743,3.0077454317497554,2.217490630543824,1.0317899922133353,0.47555801127679376,0.316104041854741,1.992356379162334,3.060011846669012,0.056981243477171775,-1.2820359928441227,0.0009989188597837283,-0.5139771088397773,-0.27793643421961034,0.920051964555435,0.33891434280309124,-0.6070710711411805,-0.5469854825114796,0.2599406611123746,-0.4321900169749523,-0.583728187815823,-0.13390194849429105,-0.7128062638202133,0.22056137772337084,-0.19655796988241858,-0.2825651562582765,-1.1551716374520202,1.0656110718152827,-0.6013598402816859,0.7786091606540974,0.7900043457222506,-0.15765145089038904,0.2942963838689496,1.2650175856176613,1.1934770539865271,1.1702783343327954,0.9624563990447239,2.308277325583539,0.3675903124614372,-0.014475585183521088,0.039769746479706,1.079498096031225,0.01655136894545748,0.4073037549969763,2.436825923789151,-0.49685070225510075,0.3646552672060379,-0.7852411317891179,0.47324466674013443,-0.07554749319179518,-0.6037545013336362,-0.35295104617631307,0.8204439645171594,0.07336413153060047,-1.0452133905078917,-0.8878098199907984,-0.17368864107365198,1.5702978202851041,0.38798975799876356,1.0818446913340427,-0.6759345241880926,3.050993692129398,1.9352735148817475,-0.5525779017170221,-0.09364911438199815,0.21259555647831305,0.5207034896868495,0.44688736898579395,0.3375436131901321,-1.2569003412187052,-1.1158662696661843,-0.657534549676312,0.2885141926242973,0.3455797833326442,-0.529591311234476,1.5049148441177538,1.4636302719436678,-0.1734132929821761,-1.0162606443575897,0.10179180351009287,-0.4318833009207244,-0.2010332491861401,1.093050042295913,0.8964122744188237,0
0.23352100636694648,0.2908978877527748,-0.006341551813899779,-0.13048159801272052,0.016035616771800945,-0.2758068071796687,-0.0740615962651448,-0.0026260490922453065,0.17676222279982556,-0.006324718862035282,0.14814039571756665,-0.0008509860291180162,0.12886733468597955,-0.5583989358559229,0.1963448346933054,0.14930967245548524,0.08989884399387232,0.09027431116234709,0.05257085150766269,-0.3232676635760908,-0.024970784524726227,0.09683936626551425,-0.05167980281433519,-0.04720169115288355,0.11567122488263788,-0.07530538879903742,0.07631570030373493,0.19614996166529597,0.17593884190636247,0.1654645533692844,-0.12311798088813615,-0.14876191929978402,-0.3901024468662978,-0.12223771973842554,-0.11079944666468279,0.13880319027688157,-0.03870631678086164,0.16435633753976375,-0.03405612977459836,0.08199556788606428,0.10119154184430872,0.12338417722133523,-0.05685466820251197,-0.1482759735223635,-0.00047169051955443624,0.03781689832053056,-0.005398798160222225,-0.1363122046240516,0.06207695074988241,-0.0942429684636694,0.02046138391434263,0.08548367163477243,0.0591594338457885,-0.05601183230632949,-0.08805852471431252,-0.12489518244755961,0.04451547063769551,-0.04370512986340043,0.08510529824597829,-0.18866782911209978,-0.22586761957161358,-0.10665636051038038,-0.01438297135819379,0.2909498302787516,-0.008944801765384326,-0.015213079280680653,-0.10462992312127341,-0.00902412456594315,-0.2049743008851619,-0.03556279532568564,-0.05994680952340809,0.29880806873743887,-0.05522747642584229,-0.1546371156020801,-0.054769124783804024,0.20044375381997223,-0.023919751781777486,0.26423439679241784,0.07039807380396403,-0.05162251291406769,0.06835922109071038,-0.10986189905278948,0.07090239811364862,-0.06271468166736943,0.7527027850325072,0.048150388403868434,-0.26447064755290345,-0.1008715986292007,-0.25418931327202454,0.04401702393931984,0.045283183344159796,-0.036452598083092556,0.0894772485730738,0.14550423215737782,-0.008981350867706413,-0.20211404095753777,-0.12422764144154791,0.127176127585879,-0.04132968006184888,-0.1820365768648558,-0.19512584517865786,0.09442291284344116,0.1966782348104342,0.08422023131796877,0.042348499667334866,-0.8481254911270242,-0.6416705053489928,0.7911128333103492,-0.284694814689207,-0.4683260936932893,-0.23093495337791886,-0.09452466218983852,-0.5179528203649989,-0.6476208997944984,0.2065047774552864,0.5700340291275554,-1.3743185203996733,1.3046559145993315,-1.0211479512334218,0.4292587148995701,2.42486350966972,2.6815867694861133,1.844671831692514,-0.038127648975177196,0.01037758617285186,-0.09999206092433276,1.7163794432786883,2.380697923106778,-0.6048387184968237,-1.01132267511251,-0.4323301982812581,-0.2732390179412578,-0.626909878749428,1.031443548590662,0.8591697383908422,-1.0284655732658339,0.23037787966876513,0.14732045958180082,-0.5771021864665868,-0.8925403341639654,-0.7108442805790717,-0.867771000589383,0.03646895515400537,-0.8931870625117867,-0.23756168286554682,-1.184868051890869,0.6895168003601626,-0.741510413541632,0.6166968168411818,0.8229583389814079,-0.33849582320011734,0.1304910536671574,0.8167742142074346,1.456822890254469,1.45546862826728,1.118814832385047,2.859704837556557,-0.42195425311577717,0.04549886071801161,0.06745693555225428,0.9185889387317101,-0.36638614679392784,0.09043140017140254,0.5975848756914048,-1.0089651076483193,0.28787071873952047,-0.7104288007850508,1.1890954598408519,-0.44773504311374457,-0.6003501949924094,-0.5858099217672823,1.2880291306307414,-0.30519318524073374,-0.7115678826326396,-0.9661521938209324,1.808407363467367,1.1203933016039653,0.6432931155027601,0.2309880983865652,1.52603827030327,2.1105196067394107,1.8042074907814276,-0.6094531959588362,-0.4711093202563061,-0.5523402802737385,0.8567676265080496,0.48531864639804345,0.636626162849287,-1.0104472202299632,-0.8603880055836947,-1.3312489002886119,0.2130024158753792,-0.6519492155714948,-0.971682111885004,0.9596397979839322,3.087259950291381,-0.8003313623572503,-1.5322356096935732,-0.4824660748949928,-0.2714644377809518,-0.35445574327949564,0.9313805917702639,1.1334797615089718,0
0.08865116654071124,0.2741016055704949,0.0613573006214153,-0.08493292918196976,-0.03800909451753371,-0.2076973216935506,-0.10381279460464596,-0.08008613277448795,0.14783911688922574,-0.17285689092017997,0.16777776167011155,0.13179313857808758,0.08200364746269145,-0.5316062608248745,0.08764546340900603,0.21418326848609706,0.12451991216466275,0.080349099673272,0.08190451835810021,-0.16890161636877407,-0.10012086226272107,-0.13609245583062055,-0.07919141390433437,0.01743648987451882,0.07740246593845466,-0.22060141601497113,0.008506008288196221,0.17748707466309674,0.12703978890935652,0.18147932487324,-0.11735711066027804,-0.20026525234006484,-0.3176938009663715,-0.1308545099024882,-0.09844715539225311,0.10443032168023657,-0.08343527469847974,0.09506861831479214,-0.0021282044904137308,0.08771589113368215,0.08381061406551545,0.10473296357814972,0.05453909288588939,-0.12710544907259325,0.07056086430058026,0.04932282530331007,-0.018043349211792473,-0.15422433596762614,0.039046206668076254,-0.08474538726284346,-0.046712047988993186,-0.00836865073054466,0.0668883052110187,0.0233643871387801,0.014673829307462603,-0.06191712871993315,0.04081054166515845,-0.02042608411328938,-0.009464476009860926,-0.20097053618122449,-0.4300506988616506,-0.2627188227762412,0.10334580793052996,0.5162736630994812,0.0806799440505121,-0.182355116030681,-0.06652162839665413,-0.183503291273044,-0.1541682172383596,-0.041446794893067594,0.015661727192523206,0.4390037259355599,-0.04460469210499559,-0.17942911844844767,-0.09578730309753351,0.10772272470173573,-0.06053696199991549,0.2615337385328241,-0.11114312334791011,-0.10915135455885523,0.12601705700336113,-0.23817225400605008,0.06786413939540849,-0.08079362972629349,0.5171609645133329,-0.04891657455126049,-0.16263867945637508,-0.1180228418785352,-0.1853803819494321,-0.002627511126038113,-0.013133589443773448,0.06446517952328276,0.08551220815177811,0.1275856886850611,-0.001536444590382843,-0.27573773905716104,-0.20952949880036242,0.15511200188247373,0.0007144480156203837,-0.18078128379771105,-0.08546650062123125,0.023660912172421434,0.07802437027906445,0.02719883779453456,0.017545716894031293,-0.5302674225320408,0.24670819946728204,0.8010729658919215,0.4950024935039951,0.3030108098020185,0.5448038142111882,0.48695159245470543,0.15468630926771426,0.39068084610513787,-0.10355142849630708,1.4753443001910653,0.32500123090215527,2.747567412912046,-0.5747267152110505,0.23400356969578293,0.6837953885152305,2.3697191928526333,-0.0007257336091548825,0.12773543537918577,0.0992747264181283,0.0892313373136679,0.2870344673978025,1.3270873806921166,-0.17628635237830959,-0.7966998929049013,-0.06311313215501939,-0.9563555920884913,-0.1109781359111272,0.9064152793329241,0.3033217211811793,-1.1488429390150572,-0.12843728707614413,-0.5946856168342015,-1.143544032135731,-0.9101164200334912,-0.061969581227101986,-1.0566315981212981,-0.7958844788185897,-1.1091972739237321,-0.6944671686902403,-1.4515188276425557,0.4679021235905196,0.547321460699122,0.4431158863632357,0.28673291892879527,-0.5277219231264434,-0.1923737261833209,1.1246643296948888,1.7133365760513413,1.0382407948280352,0.3027453007430214,1.7156856436258237,0.051401563813075826,-0.4301801797830221,0.5328250863557686,1.7378298239009704,-0.7985120095920459,0.35627939772031103,-0.464984857652573,-0.8392170882090936,0.10211743886438679,-0.9886774295970367,-0.38473339397790585,-0.23676937195706688,-0.6687718190888979,-0.6505463137755411,-0.3370312421305637,0.10166145880560239,-0.22712736467455738,-0.40668232787228614,0.4601938383826946,1.1189455860436848,-0.4937803179167457,0.8043027904227968,1.5837023990272452,1.1043548747073273,1.1488241402650465,-0.5110971044139291,0.3417176096350914,-0.680220568835929,-0.30418187488085635,1.0181185661869132,0.2630002282761375,-0.7960700278675232,-1.4474275063255093,-1.3733004838605234,-0.4797512413291378,-0.29437687321710776,-1.2636601620174361,0.3081145260392573,0.5666155357917028,-0.16247231741383672,-0.9629426746407546,-0.45384738293811633,0.5167757540045522,-0.8751223238987565,0.760317251379451,1.1071252620416512,0
0.033181034846791906,0.1358854792866015,0.07055228531639805,-0.14190919958562284,-0.04588025383070374,-0.13426143057586612,-0.09292637250942498,-0.04673686888783204,0.099561625610873,-0.12905559595592225,0.07658259144372119,0.16617539820963795,0.012771030024355593,-0.46522586080429995,0.22732621253757304,0.06679659462612882,0.029992697404753944,-0.02377585134416098,-0.16195397676662063,-0.10167045053812825,-0.14646411146123278,-0.12001573569033486,-0.03969144901353595,-0.08242815802624244,-0.010700352957154383,-0.16749840810188338,-0.00924046985378956,0.11319602242385429,0.013336299254811161,0.24444704331858466,-0.14707206702712278,-0.28355177313227686,-0.24294451240257153,-0.19618949231379432,-0.22137800286275394,0.030032929403987055,-0.13999266412126302,-0.05462417334086926,-0.02501407728064066,0.014991200136448184,0.02571997521369094,0.03210504296030282,-0.006785130221463323,0.0456013796246058,0.12567752840233803,-0.0826396529487283,-0.05433802979448694,-0.23598667242683194,-0.049507994735433776,-0.1547278728708839,-0.07429001980164736,0.01636774996461457,0.02911500999397432,0.02857460631254002,-0.02372974627150098,0.029325359872901222,-0.025124558815850764,-0.10605837132686868,-0.07133349917487626,-0.25121685123357024,-0.5073190758115041,-0.23888773748621142,0.11870964575004363,0.4692349155387871,0.04337897747216274,-0.23512834071018698,-0.02567356140310706,-0.2772842867117486,-0.12909566029575378,-0.05697791989186646,-0.09385464417920823,0.3933430264368442,-0.04477078060670712,-0.1761157808245492,-0.2446981360437078,0.05930736968173651,-0.13316644361785,0.2025389446291657,-0.16598888737157136,-0.0714942680992622,0.12616160997025883,-0.13385505925221888,0.11941481778061556,-0.05213479054249786,0.3659170357290886,0.01994588942985503,-0.22430168119441138,-0.14436607108627686,-0.11317883490577235,0.006005088430180656,-0.19364832477649105,0.06340594040346915,-0.024382073740175793,0.03989967176283587,-0.00889946041376616,-0.35194675568404865,-0.1654633418633186,0.05611702222073561,-0.04466585863251429,-0.17925115143059625,-0.14156790583496676,-0.07153378968901054,0.00468663442385073,0.005793697615770641,-0.09622069441950877,-0.6456161591751893,0.7221299731862452,0.6260721319927757,0.7973468848899209,1.164652224103603,0.5465498899718348,0.7040791624618314,0.7515164193532037,0.8680564199802929,-0.4148157324797519,1.1708865534804886,1.4062019534934544,1.9681335137639402,-0.2658385688222578,-0.11445916237708108,0.6833186919592557,0.804832730155009,-0.28360470050985004,-0.7100452739290524,-0.5594405155904443,0.09020397920450496,0.2815188058424342,0.4018043967136925,-0.7644809619288,-0.9524893842984994,-0.7850358948665187,-0.4733963603214855,-0.715910048164824,0.5954014679981758,0.11733576141978004,-0.3463295413430038,-0.25955625427457435,-1.2632746105362316,-1.2064538549603316,-1.146715818665869,-0.954765942286139,-1.0316314251217522,-0.6768064193618216,-1.4776210499713691,-0.6652742624772819,-1.0962294301628561,0.051101096292585885,-0.5633521862121199,0.1925600887096651,0.356794157604558,-0.47154845191561645,0.8323218638911073,-0.0367989435498831,0.7821182660133726,1.2712916260292686,0.02618903336763558,1.65765436937006,-0.5328116790238573,-0.25894887593112825,0.5535977180005355,0.2439595604139985,-0.9751651069932863,0.20158065628067792,0.6692987489618191,-0.5831942303741446,-0.884165143082781,-1.0660012127000031,0.9357109134470912,-0.2629500737715963,-1.3302551978262647,-1.1322519772655524,0.36180115097305904,-0.2627720468157571,-0.7161652413289604,-0.3211399959186013,1.2116587399936962,-0.1888788695703795,0.06301507822464215,0.5011404934335774,1.7802791170675059,0.44112405499883034,0.7317879168539614,-0.8209002227509936,-0.09575152938145923,-1.1496085463460186,-0.8931296058902977,0.2882389227774983,0.3624366960769183,-0.8022652825588833,-1.2849369541770346,-1.2544758920179635,-0.05529988812015938,-0.1200502942252875,-1.0255749432000554,-0.16794465622848265,1.412584921766703,-0.7643013752854498,-1.2309321423540702,-0.9426971798745859,-0.6450907051046338,-1.0066480215645592,0.32460141336731957,0.7325713014685561,0
-0.05675932395307758,0.07427449729225948,0.044885954646732576,-0.18350598945546467,-0.08996813141503059,-0.05451997090286856,-0.0822889244592574,-0.12425497920129971,0.24840916517319508,-0.1529130103539633,-0.055543635363223105,0.08450158664384257,-0.1208400900942917,-0.47992034779666815,0.24278204945442997,-0.0179137436608928,-0.0738244581498323,0.01578436049268859,-0.17097123243210374,-0.08548063826293299,-0.1351274087467999,-0.15889435462227192,-0.0638568905394175,-0.09785414420953738,-0.027782397053408014,-0.2594811342338871,-0.05834545163472455,-0.01265326791354208,-0.04379789410706215,0.2728441902955755,-0.037008651148339004,-0.39827738809996993,-0.24149580220676775,-0.05742736529951952,-0.2461379389694037,-0.10274479825918417,-0.15347779170173687,-0.20481037829732396,-0.14046770338523298,-0.08415446174421398,-0.05493955072112162,-0.0054959408326427,-0.0627925068865841,0.11063775098692386,0.07535284074983567,-0.15424650937407555,-0.12486349277564528,-0.20778690732936123,-0.1800965640802365,-0.22406006481921953,-0.21427866774490661,0.10175284626842876,-0.07208520423358453,0.11903202219131312,-0.035262444477146375,0.043533951130752625,0.048021893640092066,-0.06702479727976288,-0.12739994634362878,-0.35033451953505923,-0.6528118123689689,-0.1711328298349432,0.2162434252813537,0.1874304283634313,-0.04510343656504686,-0.13685693029787965,0.04364196300823962,-0.29635518908050473,-0.09055028438109866,-0.19402981024072044,-0.02932725177137784,0.4001680830630151,-0.02471746204560271,-0.12977620242569526,-0.21491781891662143,-0.020817954538595834,-0.21360846781080797,0.11143011345721274,-0.020420355539281825,0.10645910249028423,0.14425804573443182,-0.25721730120273534,0.26319828091062747,-0.057789456170194445,0.14487236872049683,0.12785720301391673,-0.024900169778036094,-0.09184685409940577,0.010065970139682136,-0.04476329930504242,-0.2582468614404721,-0.07043441958670534,0.0427692951507595,0.004589090936485508,0.01300557242644331,-0.4118646934902267,-0.22714208378269235,0.04653195413140832,-0.10303151599610848,-0.2148815985135429,-0.09827054159392185,-0.10372216400226272,-0.0633062952437703,-0.10530077452516641,-0.25561936474701674,-1.0527822405951037,2.778801877690031,1.0633053660050884,1.3884132312387785,1.141083185965929,0.3562819362712287,-0.05659831852191937,0.38361724869765607,0.44454184633011656,-0.6840627089741558,1.021750946913724,1.6991732310485919,2.144091218277955,-0.3977580679781788,-0.8514126286230487,-0.42111669736410334,-0.8237516503974739,-0.654852462523463,-0.6697796982974872,-1.273915049477327,-0.8236364720254361,-0.6982790247056371,-0.8820323258112391,-1.274189703128259,-0.894427887548516,-1.427982435536276,-0.9542041733123011,-1.1514311251136513,0.6875687959355705,0.22338243367969318,-0.16991737506144428,-0.4328434829901322,-0.8608927875690269,-1.1454691057073234,-0.5472588567760608,-0.6210559278101692,-0.6762795023683326,-0.6512661970774482,-0.7961259442195329,-0.6761285058331967,-1.191126234840186,0.04128579032984156,-0.12618674203849461,0.10390973036767798,0.13723010822649584,-0.19788708961418547,2.104946596787169,0.2983542628179117,0.38689594970841906,1.3948534094329976,-0.24739288251323616,1.8740257577124453,-1.03440230049786,-0.16672965241161278,-0.08924224025945811,-0.13410270133181093,-1.5473693229686376,0.2581066259980054,-0.21400123171169258,-1.2823786910628745,-1.9426716829061919,-1.5510497715303744,-0.6913054824785648,-1.0616640453507344,-1.4537570314759545,-0.7915789463243688,-0.5449766846513465,-0.9188501952109109,-1.1976909060258394,-0.8473517560503758,1.8911670595696415,0.10427159774491332,-0.9044688197509418,-0.15744756321731004,-0.009813844600162802,0.699981312704758,0.07141629270280524,-0.4545113153552396,0.06337228587967512,0.5335764945915172,-1.772631761129885,0.26454403680872324,0.2770089663962089,-0.9265432685552593,-2.3148663096259603,-1.5761483079153267,-0.294851225245378,-1.3260876521132992,-1.3908204086017792,-0.3393105109468994,0.4613693099572249,-0.5936031485732036,-1.18099290531359,-1.788410983665317,-0.1315422903828296,-0.8498459320480573,0.020067574668978103,0.39454696630136676,0
-0.03651326222363634,-0.09262659101979177,-0.11873078603451119,-0.12011992628149747,-0.1790991891931721,-0.033549935138165475,-0.014199856767473717,-0.08584069658811443,0.18949491828380116,-0.11199005495493676,-0.27291608466647677,-0.0836847602955536,-0.1639979714405991,-0.6478124803958389,0.13588302625943313,-0.04608448591735503,-0.10129139022998035,-0.07947337486734801,-0.08282151973215125,-0.2085255608325997,-0.1687919759088802,-0.05646335478678185,0.005948289596262855,-0.06408573295571657,-0.12759115625283982,-0.2655702911443131,-0.15662285938486076,-0.0971490560622822,-0.12167060230823842,0.120373130501101,0.11417027468832615,-0.36726411091193645,-0.23406047023569188,0.0976489125343136,-0.28668739470378446,-0.19412642382346434,-0.26735918456485885,-0.308222217082286,-0.11779982064742527,-0.10567913665107018,-0.04728387689219848,-0.0784705669413801,-0.12965877888790134,0.2683162099730685,0.19453918891466887,-0.06833369871581248,-0.22927432357702246,-0.1918293599537035,-0.25804048306881516,-0.26527917027072995,-0.2814622424607069,0.14425508216722108,-0.0002207157302898754,-0.01023599302175005,-0.050518925265256726,0.001102631942612171,-0.1319317102954747,-0.16059973701853097,-0.19538180957381657,-0.34224193248738655,-0.7598083386147766,-0.24377149143982565,0.07194364893661771,-0.11264531068529408,-0.1014996383986617,-0.3125450996045921,9.055525531251728e-05,-0.2850029184786196,-0.08952636123694337,-0.11519441799335445,0.002860602223050925,0.2687150411123194,-0.0756150655044454,-0.2260655863715256,-0.19712722696754,-0.0768395707851832,-0.14619210881370648,0.08440302257301573,-0.007615752363868762,0.05699632727988382,0.06759184732300536,-0.2907717342385027,0.11004105497133702,-0.08977932810050321,-0.022534336615986347,0.12980644149000575,0.10248564280463299,-0.0722062417697962,-0.020190606716613116,-0.09347314587322839,-0.21559988341105527,-0.03383499597665021,0.08897499639098426,-0.018739707237381647,-0.05142774211102667,-0.21767260332694782,-0.2726459881989594,-0.09566416019509184,-0.1239968946762338,-0.2537195738367675,-0.1463969581565493,-0.19227830301827722,-0.19299859430756555,-0.20752163360191103,-0.35974194637924733,-0.2541890791162193,2.676907358980114,0.48355432152114486,0.6213675503644683,1.6445051964644117,0.9294114829471938,0.7957223908412552,1.473875054710518,1.1620136951102316,-0.36175258568572055,0.08432857518572304,1.7224949790652315,1.3677830863732094,-0.12312221725536952,-1.0101435389232623,-1.014313437733816,-0.6901734057495419,-0.8372021877641193,-1.7618418799811308,-1.085758768794133,-0.5630142056873741,-0.514663069438088,-0.7491885518515151,-0.9415814871416774,-0.6316872188946352,-1.2407793752702363,-0.13408153341311044,-1.2535431783309208,0.8224258780233229,0.9555692809930578,-0.6634573514023866,-0.4649705519572888,-1.4997970707321981,-1.2345823508020526,-0.9174040662328451,-0.5641328058945052,-0.676543032409159,-0.9923222656166081,-1.0911465910045701,-0.8417700810948425,-1.3006594171101877,-0.033439753217947295,-1.144351065617619,-0.693878901830102,0.7987396993749242,-0.2162305144699688,0.2522716499345744,-0.2428481455585787,0.6069327485485949,0.5322887490180858,-0.01576803610677682,1.1213188703693753,-1.3591986500892574,-0.06922332811534207,-0.3036930811992907,0.0904270867612731,-1.0110056046232843,-0.27808594582536317,-0.3251600630988387,-1.334325224316536,-1.183244411948841,-1.494464029718917,-0.5017540136606463,-1.856623131269217,-1.0193737063097044,-0.8126356633221755,0.46335293588809817,-1.6716135638674512,-0.7630176726140201,-0.2872696114550561,0.23995143241656264,-0.24060228458262112,-0.8783768819999489,-0.5054040411852716,-0.8803132819633286,-0.11701335388681529,-0.34331696292546937,-0.35744144905134795,-1.1691127951782154,-0.008352329890941338,-0.10148492321113152,0.0740495554696475,0.20601896609764558,-0.5203344645312757,-0.9176858143689195,-1.2841245111445971,0.1178483629669035,-1.956367222025927,-0.9521662166782889,-0.3977950767902666,0.517472633166584,-0.6438481678515626,-1.4068622773808115,-1.5598532179911795,-1.2147467388003088,-1.364369078098353,0.24338586354170186,0.433405241044076,0
0.010051189315935351,-0.14217231950313242,-0.083765836127885,-0.10691535447486734,-0.08797423746681572,-0.04046611445762447,-0.023637290515592945,-0.1490117979699178,0.17880999397989056,-0.08395688338742133,-0.20077009480707683,0.014900931482242558,-0.1269108277412117,-0.6344216225033993,0.1958237722795558,0.14827041342132377,-0.05464748904945599,-0.2630799146969946,-0.06367896607703406,-0.11313983863720296,-0.23248408522932912,-0.03159952325475668,0.2203953214821493,0.06500578962870854,-0.14181347075125358,-0.25744222140951983,-0.15282038219970306,-0.1454405865166516,-0.07040879410158929,0.24687101791575747,0.2860944915398716,-0.22747479325804623,-0.21659281588067014,0.18187360605827962,-0.18987935202026432,-0.17156031332200125,-0.25453921546109737,-0.2586538399546526,-0.1115747181573328,0.0024115583610067807,-0.25687931138386977,-0.019904718051023843,-0.13942872548670984,0.3794747546389272,0.19525452821822445,0.00869575072307222,-0.08919427743260233,-0.10977868632692299,-0.2886709967698477,-0.21213205402960394,-0.462112075515467,0.29024565023452514,0.08807639035053957,0.018577968889180438,0.03313561047619252,-0.01785248163381726,-0.1133422331463244,-0.1728537416203843,-0.18236081979457458,-0.27445662255658715,-0.7815354442836303,-0.049246020184612736,0.059490283735069614,-0.05740727559844158,-0.06020151360655057,-0.2960909223345593,0.05496346114403791,-0.04048518017943677,-0.061898095644313804,0.04209594239000523,-0.02358540778365749,0.26687037991760343,0.08834729517340337,-0.14143489518947597,-0.2122695073035287,0.10667107182108562,-0.30776536318605846,0.172901290635077,0.14145533654754858,0.053026671483614084,0.06472580777768651,-0.21818685425010287,-0.045588191970628474,-0.017393855689252075,-0.013705090115095223,0.14601724700954907,0.15657375445391503,0.01018015699990944,0.0715586040975525,-0.114190750336687,-0.09053859194600183,-0.11272999747697598,0.0342929452766923,0.11589423519995967,-0.01644078265219186,-0.18294484231032015,-0.22872798102245556,-0.06446085993126494,-0.050994250108728864,-0.08900203974753768,-0.22371869927725932,-0.28372257138533474,-0.02555826678402134,-0.18795718970746503,-0.21963106001588487,-0.7394418120221457,2.1835079773384494,0.23318544791143492,0.9064809100437997,1.3565965244381335,0.606866015511716,0.4198332527356041,0.5000134255133373,0.702338980007454,-0.48466400589075853,0.4916143876695426,1.5683393936504642,1.7875310337601145,-0.061133341250243944,-0.98503958509617,-0.8775348635119452,-0.5638983288032697,-1.2204267330471419,-2.1646665213888245,-1.1746371983219208,-0.7136576110295858,-0.11947740273967206,-0.5680239696011826,-0.12172004076219496,0.09475570364731456,-1.423578032076884,-0.40033297930556727,-1.203449091280733,0.5155402830994112,0.29770196605467975,-0.15042250359527995,-0.5265023875638302,-1.077247577141584,-0.9968806856712333,-0.25291927586274054,-0.592910817529533,-0.9955518171670337,-0.7422036486768213,-0.42429192430568213,-0.9642471908103679,-0.9751038150828961,-0.30973108788878134,0.34218567267449607,-1.0566767144576397,0.40716451916429025,0.25397695891765804,1.2494466999595362,-0.41469043859743926,-0.1624805022405894,0.25987865554189904,0.43685114386724133,-0.4015716581759532,-1.2496766918411368,0.075807918203805,1.1852431199741233,-1.1764696753273414,-0.9421386549160938,-0.3556755532051553,0.6275553697014703,-1.9429651932730505,-1.5318575992740253,-2.0605205646966884,0.5590173121723353,-1.81443862916147,-1.161248557974799,-0.7810477058188168,1.4062562420347537,-1.318385970328719,-0.9168387693624308,-0.2508723943544742,0.8731448753376541,0.1395619417005647,-0.6231450996379034,0.6867302446470647,0.32025254337708176,-0.8319986388598595,0.13934173069945363,0.10078083711838051,-0.2850302510972623,-0.2743781154858287,-1.0466819453831293,-0.2709152926226955,-0.4002767745761354,-0.7963154014679309,-1.2156066940635337,-1.1921642077256382,0.6258184906678893,-1.3353114101726131,-1.180788940704179,0.4469355275842509,0.1533706917501121,-0.10074005016644248,-1.553183707586655,-1.7628839593668262,0.3323864907063364,-1.345942223532341,0.5697526543528059,0.8484165983138475,0
0.1315288518727089,-0.10477240257428264,-0.1128911112435051,-0.014669596654980386,0.03594196994142447,0.0001678810153407452,0.04006925604265735,-0.042262073118105266,0.09381075776773794,-0.11939467708378615,-0.16627752901257936,-0.022857423917579812,-0.1049649700545772,-0.6331838626631752,0.13902396377122747,0.16083742577786012,-0.023202209920573688,-0.19157364721021664,0.006924831525875755,-0.07858029989536748,-0.2092981388128193,0.021041514348424883,0.2808611910864524,0.10407159326887133,-0.16459824024556116,-0.2350729890909681,-0.15535670838169008,-0.09089197522363823,-0.09730073291991992,0.22983292132506952,0.02474331706251545,-0.2041416806050063,-0.16377614119913314,0.11366264818207143,-0.021173904260581314,-0.19114934760780536,-0.16780974835094128,-0.25756215899614826,-0.14012032150137338,0.03525045810702156,-0.24285279477384353,-0.03089048303222263,-0.06606926753690066,0.3785263067107083,0.24396753565549337,0.08334966271263261,-0.051153851489221545,-0.15967364470375559,-0.18680452503700085,-0.1724748190775766,-0.3476138690367669,0.3983329056977643,0.07818008265135486,0.031647154045812295,0.11956888321071285,0.05910926054616718,-0.20497452592447427,-0.0989409319586819,-0.25439385144834276,-0.21093856538274128,-0.48536655703407244,0.009027733727697995,-0.011132492786005272,0.09585214419293303,-0.07145230141535139,-0.3288558176491882,-0.03570448627560083,-0.1860291525840263,-0.010664415074983178,0.09242843075650621,0.02527812657287768,0.18145040508492882,-0.013773770037761203,-0.1474578282736792,-0.20302855891356253,0.15018779580850275,-0.29815981739400504,0.23774793409561149,0.15278373622784092,0.14890149187115534,0.019387039332454406,-0.09703552739373876,-0.11230435421386367,-0.07040000583892268,0.13461905038680883,0.20457976256853294,0.11789862335392073,0.0023084265648812296,-0.012756321426396905,-0.13226940239452556,3.0081344469563522e-05,-0.034204811428906884,0.02548425400708721,0.17399929195193456,-0.14684049242621433,-0.26378630437513784,-0.22263098564957318,-0.04600036881414952,-0.007051689612546224,-0.01711752433895444,-0.20682747517823954,-0.2765551040739845,-0.025097811395226096,-0.12097778169721328,-0.13621071119153155,0.03733312238243458,1.7126726863843658,-0.4685397196537171,1.1740765008234342,1.4838863534082707,1.226123587513765,1.3478411214435484,1.4715528520229029,1.5295166282754433,-0.3693208853339956,0.42187729031859456,1.8849793612371666,0.8422575572160882,0.34698878984139664,-1.0867228720254904,-0.46818794013572484,-0.5365919593117828,-1.1625567357890794,-1.6327218508106907,-0.5945488900062902,0.14210928757550578,0.3200683445669357,-0.6151662759503793,-0.4893283227237792,-0.006366093899575738,-0.6570142707352769,1.119842619526362,-1.0819490962851888,0.4510528973632991,0.14405097882207718,0.7870553838042736,-0.5345054865957086,-1.2258938959652448,-0.9526490370876264,-0.6165509007955172,-0.34636008322955764,-0.8039337710736696,0.0728076533988257,-0.20818155868401614,-0.38604706512938153,-0.9105754560197633,0.487764620641553,-0.5662673079377674,-1.021943607469705,0.6724488817743314,0.33613095043842806,1.183320605223975,-0.7459600774249889,-0.20226132713331688,-0.3207040645363236,-1.0451878738548641,-0.06029058112812585,0.01976542107307476,-0.2590206547192502,1.7896001323032018,-1.4668709443356085,-1.2310023206679157,-0.14443999281735018,0.6990941683548207,-1.196906652496181,-1.4575028592245818,-1.381067451058372,0.029236547657547525,-1.091710519765349,-0.3468733048515834,-0.6247065189624631,0.08533530701995565,-0.5699919804823497,-0.13073107833369407,-0.3396858289983124,0.35667769726179727,-0.31376630322274934,-0.5781646914226504,1.2149563857706098,0.5974161983476884,-0.5831007996908972,-0.5453268968168435,0.48711131816963144,0.059521583044095355,0.7999071471512476,-1.4273725368993868,0.1537760192638164,-0.32451791463183693,0.06277120478872594,-0.9819552933966856,-1.306800528742985,0.040309022356021774,-0.4750750919876073,-0.8451686855534764,-0.0806250283482934,0.5940308532220483,-0.3381997369901236,-0.7353345320893271,-1.303086327241046,0.5230757094347402,-1.1234678356037848,0.4059277287588854,1.0983494637379205,0
0.13528107126086378,-0.10005660097269176,-0.11393124320782405,0.024720081352278163,0.06616837011814035,-0.05430488698169015,-0.07650494480425665,-0.09518409532937916,0.0958339358591083,-0.07854037163978793,-0.23531846373492507,-0.07079322717734556,-0.1339617967480796,-0.5262959999949023,0.11200042265906845,0.13224140435664924,0.00384923111578172,-0.21341245470572337,0.04193515441367762,0.03655435394104839,-0.2205517202270823,0.047470705581879206,0.2501968899552714,0.15028081636609367,-0.03876226608132592,-0.25878035192468984,-0.2232900163358621,-0.06886185341621578,-0.07266283327209137,0.03862244577428036,-0.011657728318907027,-0.22060411517424944,-0.12066505475145597,0.12568176187581243,0.17345218299182008,-0.13444855972516256,-0.03512175115344029,-0.2485002278627388,-0.13276560142280364,0.012718632908059272,-0.22211061826433562,-0.07333644182879283,-0.1017047622187433,0.3649595276785941,0.3510187274992014,0.08640095432019866,-0.21640328895187147,-0.15077891118067716,-0.17512424806540675,-0.10511545215078767,-0.28146920210788645,0.36762997200439496,0.16423729224808029,0.08014042862310732,0.18346722001456647,0.05289749542584676,-0.2880493759766749,-0.07759793317244416,-0.2313105452638804,-0.18922950367279548,-0.4395654865720029,0.04431911860869525,-0.03723164172233443,0.13320964124193535,-0.07984697541984845,-0.23211993999919292,-0.033333171159953476,-0.1623186250576987,-0.057528814607155754,0.11024632293413167,0.09343875814279767,0.07265278749758913,-0.08037150810411761,-0.15981262222904286,-0.17058349189176156,0.10439812552730383,-0.291813607996582,0.2500100474694586,0.2598931142654468,0.12233856837291308,-0.008868248542716797,-0.010855711939104598,-0.12078195115944411,-0.07563401300880168,-0.014998142784172473,0.221844704503964,0.19284506321460418,0.019295178556527747,-0.009365263427056916,-0.1804554124177078,0.013982836098351893,-0.08054571235330184,-0.0438926330230688,0.22630834664500174,-0.15770427759103706,-0.2154049378373037,-0.14192528261861906,-0.02226070848409213,-0.04336420807358963,-0.01804485441635963,-0.1450534907397781,-0.4313513172640425,-0.07806800722860163,-0.13693394939208803,-0.09777664645009422,0.10866218695452655,1.8834033470684841,-1.037069798722386,2.7588869358520114,0.8162702259323162,0.6709019569053329,0.28939240358971074,0.8257432514984979,1.4208130844629985,0.3635991393916292,-0.23916059856204314,0.9306292986900055,-0.16872211563035117,1.073887003166994,-0.9266989679593385,-0.0390841868691211,-0.2289896112708588,-1.1307014202550418,-1.428821417347155,-0.290170120087548,0.06482167065100722,0.2097702294039118,-0.3874322659318354,0.3561966153394239,0.10183145124562891,0.33798374029796213,0.6087477626111882,-1.3459529045542502,0.14312958033180997,-0.18676141992851442,0.5600531810414715,-1.1654841835807164,-0.4723217155388416,-0.6461127175256259,-0.22498272668743016,-0.16330299205047843,-0.5013048920687024,-0.2518305881629872,-0.19306524758900528,-0.6338379570604123,-0.7059172110438932,0.5740174463778305,-0.3374839826250706,-1.2181384003641818,1.0974201454186816,0.5343537437582653,0.7522616476710545,-0.7945288266961456,0.014433397501619606,-0.06859624355031704,-0.4297016497364754,-0.019607828331064246,-0.5659734787917267,0.3750336095906941,0.827719318354076,-1.4260170995329102,-0.9591105337906451,-0.4605247167500086,0.5338549065318251,-1.7678361510373595,-0.9802198498698439,-1.211242638221735,0.2374593980428025,-1.2913207291085844,-0.397298208382684,-0.9867881537234413,0.7031115630032584,-0.8530224060066695,0.32425987646082793,-0.598779790813168,0.7981210664449647,-0.36920336821240196,-0.27316455644393745,1.5764706763036693,0.4358483044446544,-0.8754880480848504,-0.821148802694503,0.4856560304560851,-0.48572540685187066,0.20966680094210696,-0.9547008792846758,0.1754268341983913,-0.2203308651480576,-0.07943883193421494,-1.04507192886761,-1.0725921045198243,0.05319337460220039,-0.38098503555977187,-0.7230880573480807,-0.6256341655622137,1.4909389358057819,-0.4363984233717284,-1.1408655673946737,-1.8342491780056664,0.3868313359216295,-0.9585501475345797,0.38253319674724995,1.0577758030392992,0
0.15815032514358318,-0.25618550048615996,-0.05838891497309664,0.020830770353448186,0.04179654916502915,-0.13983520281636586,-0.0256498794088277,-0.0962004380215634,0.09178042001551082,0.0227963590610002,-0.1986356841878626,-0.03917752648237696,-0.1346155362397672,-0.4974085053018345,0.08035766535237886,0.08832709722718268,0.00410387712009694,-0.17485605448260558,-0.027676306163432356,0.029745206369721937,-0.21523772834111163,-0.044356896561439325,0.2396949431383582,0.09546203980680563,-0.03562015218522467,-0.14579947418497766,-0.24203199742049414,-0.10486181043055941,-0.16654105046601606,0.04857850513885556,-0.09729450623207905,-0.3081002880838783,-0.029252843273123212,0.01286246676206256,0.17388359270871143,-0.09957893694417516,0.026267737008068042,-0.07555450162720097,-0.18351857819151698,0.03883274406333528,-0.11159589814239153,-0.09496029092004937,-0.2626231005600313,0.3209314075595187,0.17944746680713156,0.05703780949553622,-0.12443229254929197,-0.13289400128763462,-0.13588504818283148,-0.1620205610012951,-0.19899080897199983,0.25885222712627226,0.0635911874075889,0.03132088588973895,0.05473334289767173,0.026141526045658222,-0.3243533379544757,-0.07390011327671468,-0.22461766605868996,-0.24488111084379252,-0.2421942199581891,0.0596743089542285,-0.11722296383459326,0.06579927597148562,-0.06269499506203481,-0.15639591024570235,-0.08952055589643923,-0.19592075364735081,-0.10011244537969079,0.0563040039854701,0.10119784655598249,0.0016234906894521189,-0.061920362264679965,-0.04752102738953485,-0.20462469515852819,0.12105303421658258,-0.2598966954305407,0.2613658327879303,0.19045560527951644,0.2518982115187924,0.04938152258955319,0.03203624744585229,-0.0710689606056642,0.03217593437473185,0.06910239575481632,0.24846802800508913,0.01620978297517502,0.12823767655373844,0.13542447596075652,-0.03139619092504311,0.07512919104825161,-0.08684967830971053,-0.10649540912976892,0.17721156940238422,-0.12234385083706446,-0.05669985373969369,-0.15730394191377137,-0.08845035809683087,-0.1465255489212312,-0.03715637280930974,-0.1463216929362795,-0.42352425798842364,-0.0702964977927915,-0.17884082260029366,-0.08949931554620387,0.3035821327392196,0.7728015323086582,-0.6758447439657113,1.4340609131493682,0.7149879574043867,1.0031196709519807,0.40601270877938167,1.1909794388041808,1.7207315108445596,0.6800274119523221,-0.011952023760792626,0.8649324995387362,-0.2412136377431438,1.2295478480026383,-1.4696070129208065,-0.24009404557204697,-0.5462635895973081,-1.0931371975718207,-0.7110193034869924,-0.44012450951436854,-0.11369499887590384,-0.25372234301577734,-0.6090290639004844,-0.1519998563351325,0.4552685738978285,-0.6084654688373493,0.8799631776406158,-1.4906308166456137,1.029616685309196,0.10887928818988694,0.24072720876903408,-0.5074457909394037,-0.2412624017753406,-0.36503158578995887,-0.22593394751950094,0.07961084204166219,-0.15553901027714295,0.45830465720875496,-0.6569777946889614,-0.3455477979640276,-0.6515664092702461,0.8822427035406143,0.24352878650425602,-1.3013029495143447,0.8010030708041534,1.1351482771799635,0.5520562655617985,-0.4951785062643314,-0.15753235640551808,0.21333540963725953,-1.093635904777358,0.17686325293733027,0.17576544760461588,0.6965429290047075,2.29386505123298,-1.6494768383269587,-1.4577770394822451,-0.5551696819228086,0.9478748495046628,-1.293922391669539,-1.0651102971643132,-1.0746519054811083,-0.1402558745808205,-0.323053481261593,0.3961926918382316,-0.9092501456342341,0.11419253958607353,-0.1862752066865791,0.7267473234761888,-0.7016296906914268,1.0148053224926512,-0.14518626295210238,0.01607888176788457,1.6701817018265657,1.1489353460769334,-0.7504515639489457,-0.6758712893343483,0.906138673637818,0.5282286071352746,0.1844818408174318,-1.2368843127154177,-0.15765251619665777,0.03094897787715928,-0.24848637118972627,-1.0705890656671753,-0.9458437789608761,0.11671175509506941,0.36801915173179567,-0.39675891698953397,-0.3734797491774044,-0.14623369226030322,-0.24140831882551272,-0.9384518656419968,-1.3976692914681406,0.02322968808148416,-1.3880422902561225,0.5830235511402502,0.7205876730477885,0
0.19132638194855847,-0.19933402593434596,-0.0875845385362614,0.08566486833589942,0.14516605108628278,-0.16424074439083827,-0.030755289298165216,-0.019700840128488325,0.0728292653136977,0.05367670217636171,-0.19491160021479362,-0.10530503765435303,-0.15672487192129678,-0.49011294838718733,0.09361611901179459,0.055892387790914946,0.008081124699354634,-0.14941206415296945,-0.07845573389729048,-0.007799795746487006,-0.20752466651776177,-0.023728628117384427,0.2432480707995452,0.10480405909649498,-0.024730780858644826,-0.07136922123960157,-0.2064683230209734,-0.10277630256032386,-0.20303363941346433,-0.013810128637597268,-0.14221581130583788,-0.2072763730274209,0.0708257925959724,0.045747536949157085,0.16361976716089396,-0.07824593975005804,0.03669232629082027,0.013734023866733624,-0.2532153844354904,0.017341797973269343,-0.09362276385225932,-0.11480023592127933,-0.3317192783348485,0.3052184993698445,0.1227078248537539,0.08629578448546213,-0.12739236393030914,-0.16644480014093269,-0.13358402447278403,-0.09486638380296003,-0.10602654712777446,0.29867089863248336,0.04052763286480974,-0.15178820217015696,-0.04742985206754926,-0.02546762880751141,-0.293539410208936,-0.06087512859929206,-0.26619905220015805,-0.1646949994111985,-0.12237463735663748,0.021763163490856368,-0.12212344834698695,0.110218352141751,-0.12448570510429384,-0.1402015893802508,-0.11470309006975123,-0.17217340450097365,-0.12572925234772656,-0.013457250516141574,0.13735637006376966,0.057907550210190256,0.018406216786740887,-0.026554678390451267,-0.2078782561548357,0.14698591888360527,-0.20003994255630186,0.2580122389268712,0.24325193477504675,0.20221835131079766,0.0011921675516070006,0.15043318527568955,0.012105900881365431,0.018035685293444483,0.09590183841968658,0.20622414110844042,0.030836625968356766,0.14645174574947856,0.1329035083693745,-0.04434407356299107,0.02409031495556519,-0.11185524542163841,-0.06593395339040446,0.1402784593129492,-0.1251104397428864,-0.049820697203900144,-0.10313790533936909,-0.06509782712293789,-0.16775939445027488,-0.0902269325261057,-0.1450375755214239,-0.4554639252428138,-0.03717766373033149,-0.22194217304660835,-0.10495942127834694,0.5631111305603027,-1.1581864742725894,-1.0471508087119596,3.007214680275434,1.4436672872997265,1.1560346792495126,0.8137359723694936,1.1745013205664672,1.8515985722537853,0.5123571897727274,0.5115339742632409,0.9963191576797232,-0.11380368906315408,1.2549496317919566,-1.114845918502189,-0.04201364850866528,-0.13293455595923276,-1.2974082979050832,-0.9848932355715783,0.31890265790045064,0.46027463099272986,-0.09251517226641917,-0.20896602649344495,0.20514385976973148,1.1140401003231049,0.5261330017424516,1.0807538441093134,-1.4029462755284667,0.9963450762596184,0.22049466464252548,0.37350991224071906,-1.1038901740268667,0.12925170248072956,-0.40530829048223027,-0.2700520589815793,0.323247565504334,-0.12945958161586663,0.5667778576447176,-0.8287391041003384,-0.7945684227250741,-0.9939778336838755,1.0887386101673961,-0.7298970572750088,-1.3892726448635935,1.2125649770861944,1.3108552777335796,1.231043122341176,0.10910307218871622,0.1314015905439206,0.7697418667203989,-1.3901091542058603,-0.2969551697852305,-1.0289827110130183,1.362602936658057,2.3182772987905285,-0.9742717073776543,-1.030550226941025,-0.7578022688551459,1.0120763645534674,-0.8878949422815217,0.4903258556055728,-1.139696893293631,-0.08125150352501859,-0.4476392969433386,-0.19158416091405664,-0.7681505396342775,-0.24731533781304835,-0.7865302791095257,0.06880274703231387,-0.8187758376086939,0.8385322995863311,-0.20648304847635932,0.5420567867007104,1.5785789644808148,0.031615239286106975,-0.6717827792528426,-0.09473190038386345,1.246157305354484,-0.28238750728505635,-0.412563296071194,0.1457115396960896,-0.7866419028501173,0.22066136804867215,-0.3843626298317046,-0.1911309776801441,-0.6660472533564705,-0.11434871091535068,-0.21174743282478642,0.39022553655549436,-0.2021836349985727,-0.17151317213414674,-0.7613420515574865,-0.024954895824772273,-0.8037175989109885,0.1258401444539265,-1.350216960921043,0.3159361585367618,0.8755423318929084,0
0.27940928813393,-0.2138695814847196,-0.029817215200252014,0.092333918663544,0.1428307358831552,-0.18593735867601213,-0.021876498946706326,-0.06760033382887874,0.14433536075221662,0.07660863933141566,-0.13833977041620488,-0.07652734692195846,-0.11131603501566477,-0.44171232589256426,-0.06903142731646772,0.21690751404033545,0.04144451071047953,-0.027130631146913428,0.14476633668361671,-0.020564214870080255,-0.08740121431839028,-0.03336104472822263,0.28038806706552716,0.21033654401636015,0.11342560588617633,-0.09960179963090246,-0.15119329932672348,-0.15972933059638952,-0.2788720821477434,-0.1629107258448845,-0.1947795650162077,-0.13653043171481988,0.05406366999226803,0.12874498126968423,0.1843394838081459,-0.1263735195232037,0.01533300411064724,0.05202688358920603,-0.21098091113104406,0.03819734454178581,-0.012589226760286076,0.015610447504818574,-0.2929177496058437,0.40622654833945465,0.11396458010006534,0.09982697580218113,-0.11997571855116192,-0.20568825894935372,-0.10556349463736095,-0.06919764457987007,-0.11806447586343966,0.376134563278101,0.0935620588482006,-0.09589442854273984,0.005677695324318521,-0.03177815295920759,-0.31229168116875927,0.01912628430026883,-0.22977749830460586,-0.09220670506706316,-0.04245109854544094,-0.04188940891579464,-0.09920489913871919,0.13818197130993792,-0.06904364235662644,-0.07820264921402892,-0.21700014931392841,-0.11573922671153367,-0.21539679149143204,0.1422877074311139,0.18764816106414545,0.07062118861425602,-0.0678722285244617,-0.18296529800044217,-0.2274845134870998,0.12184574822329598,-0.2125759026501928,0.20386192967789435,0.20164123961657712,0.2959349830613931,0.007864513342562838,0.04970650591406973,-0.04790673894079155,-0.06910226604315288,0.10409664996838212,0.2604777312344807,0.06827685180574683,0.24779816550234943,0.1187870159010666,0.09004521139437054,0.07671590470936338,-0.04078673443641814,-0.07296238479001893,0.23096740258828075,-0.13145028759184216,0.024876885688654572,-0.07742785455184399,0.022903590442837005,-0.0898668954512074,-0.060573590217540385,-0.0633533096394326,-0.3182846415429212,0.013450623152321269,-0.1654194624253482,-0.009859226851619085,-0.19199304570398967,-0.8992724731734166,-1.145321057926566,2.8599565214453397,0.7366928334373996,0.7308478518671444,0.24983926552443564,1.2350182938588277,1.9777826543628867,0.2045102019713676,0.6087397833351997,0.8356088410112287,-0.3363812367493223,0.6839928741573889,-1.3394229857214281,0.07714303003237134,-0.883384601008775,-1.0374101578093458,0.2189129069484053,0.6139096235101593,0.4542300162592889,-0.285978371436429,-0.7144155754397608,-0.4594414687675629,0.8214222407854573,-0.29586486938947765,1.1955669692085682,-1.545534673917799,1.074498576012835,-0.5739533122189304,0.8221188240607897,-0.535812293261507,0.6779555570506565,-0.1499368802403821,-0.16949809144901082,0.38880517067373577,-0.13118540339333695,0.46442146207322343,-0.6926171481310933,0.8337533067545301,-0.09603982122838382,1.1493410690387984,-0.3113378379869803,-1.253674154698836,0.990367155190462,2.034358253012251,-0.33957752378713946,-0.48293515802321496,-0.39968677884105985,0.7197587688655321,-1.7561419974705024,-0.6803916251484664,-0.6460334356421046,1.1069073240963223,0.8643544447674015,-0.994081411529504,-1.0743811386465236,-0.727295973743949,0.3792586590026368,0.42953323513624103,0.1344176424042376,-0.967968311284421,0.590846639159777,0.3346705919715065,0.09184919540407525,-0.6276867363281688,0.0396576620626007,0.7999543468089342,0.7325511250567115,-0.9545707832301952,1.1124268647849302,-0.4623756674747151,-0.22167906738117826,0.9842916778174664,0.16146117397713142,-0.8295861818020216,-0.8015117085478694,1.0377188098309442,-0.25552134492958545,0.21279457147976583,-0.31079971875365037,-0.5699374336193259,-0.04293333676947915,1.1962757333427723,0.2938990845354191,-0.664901061559691,0.2098239757443364,0.6396734013812718,-0.1146641040444339,-0.45408702410604374,-0.429302239276174,0.7235980016102314,0.5704731335740003,0.18372719026643414,0.4346877634453996,-0.9860495514912272,0.6004604623731391,0.8544712310577187,0
0.3030585471389907,-0.26844407852758945,-0.07680359792974381,0.12908993894740678,0.19884985005179437,-0.1860018048749327,-0.06699034895565528,-0.032058858022792125,0.17706238862942036,0.07972440756848202,-0.05242794750455609,-0.001654471832993434,-0.002192080423259788,-0.3265500290029311,0.004880203833544002,0.2146976671799435,0.025788955681772942,-0.11048402675208677,0.14572633243580363,0.06823476403791229,-0.029972299331146916,0.027604802211928004,0.2508443172169896,0.10846831807649876,0.12776039363132863,-0.10365573315811526,-0.135297602848262,-0.1253607339570651,-0.27324758415124833,-0.13381119646379935,-0.2352749132412104,-0.05685897717097165,0.18825140169650306,0.1968305785156498,0.3240505922873509,-0.12321913093690559,-0.028047431823936934,0.10549470000463125,-0.15864814100806776,0.0358912923671327,-0.001689211576702316,0.011038132793009985,-0.28281508531575994,0.4510175195389877,0.1705854828916055,0.20238087465819285,-0.07753772471663944,-0.2560880905488755,-0.09104928468741372,-0.12395846369918927,-0.08466521333564286,0.3790069681767851,0.08475667860490277,-0.11240656729762906,-0.003529488646027676,0.028570031246993463,-0.22115058826863995,0.08933051804189449,-0.23353848103317904,-0.03653134372067197,-0.04307527962668762,0.015244162886490924,-0.07924883903985278,0.1455631107118102,-0.05220906725196802,-0.08639974193043554,-0.23009090210674701,-0.08994291869709527,-0.2162016559314833,0.3209831791414195,0.13516850557775192,0.11103271924127782,-0.016444803972564564,-0.23543561728981538,-0.23463918387120022,0.0016368309201864949,-0.22319104552148536,0.15897296822354237,0.19329499079114676,0.3008867945582944,-0.06311100251626472,0.11652453976854756,-0.11673357052309327,-0.03126553522103528,0.16721157104872633,0.24317918955150847,0.029079473116595134,0.2644614265755193,0.05834869098796081,0.1434252094010234,0.05751594355454407,0.07879005968845253,0.0130259663031371,0.24768428883108828,-0.13100188442472982,0.12606015625510564,0.023797516301916625,0.07691029979167843,-0.03935999895615401,0.0012879223767398315,0.040361284593463255,-0.319332872726464,-0.01538378353906575,-0.10729806383453819,-0.008393885216323822,0.28244550456258216,-0.6136451403228065,-0.9276600522925275,3.3189714813480893,1.4075368341964793,0.8158428685397394,0.41314372523841497,1.1729034631784776,1.7283270921220324,0.8442009552954878,0.49811891129823727,0.6496402903345796,-0.029525218365184097,1.1211266122638381,-1.0730166280834608,-0.06363777667766303,-0.8596213751418762,-0.7492888183374732,0.5892460311932033,1.2930056646367756,1.5776946432130898,-0.5251388778610822,-0.7217646295302591,-0.894491362466973,1.1573465650274821,2.041199266631132,1.5616918653084473,-0.8666001439156505,1.1662572483087106,0.06278415270900212,0.29048274951042435,-0.8036240506444461,0.9671433601796572,-0.49795003798935694,-0.254632346953516,0.7716023657255535,0.5718556208079902,0.8547010573876049,-1.0073276409033924,0.2725704364598186,-0.6787935532042944,1.2817129397236802,0.012254528800654566,-1.5063803292836846,0.5913843099519389,1.9104972469292893,-1.007895360194443,-0.5946928614184468,-0.36193107647104733,0.47102725844797394,-0.5878383640346813,-1.4910974474121224,-0.3874144853434624,1.0932159061236415,1.0851476258514314,-1.6295474997914032,-0.7869840799887587,-0.7687620106859068,0.7950957679381889,0.08326023719503114,-0.2778997948135314,-1.014250679064723,0.7695474349444154,0.6390544717428905,-0.3047496260463747,-1.1228835118471927,1.5013260522259335,0.9236629826883023,0.5618175038627953,-1.0064175561690938,0.12334967481426083,-0.43207388902269184,-0.23782056318625464,0.9210714728269087,0.426386141641265,-0.9203609440708401,-0.5373648209920081,0.9900657899833238,0.21750231512625462,-0.6139026160080407,-0.6279341651626239,-0.8015677644340431,1.6381249898549122,0.742804920623965,0.3106741469369613,-0.543872987914843,-0.5949023847864082,1.212401698832536,0.2033373416167877,-0.40467346858925,0.4126479770926323,0.2224364984209389,-0.28052327073363087,-0.10691143682354308,1.1413233664193343,-1.4528589613692324,0.3277731155594618,0.9592125944182364,0
0.2547078934079333,-0.251646551984249,-0.005833290174408101,0.13413261518939634,0.20643714765558457,-0.2451000562850552,-0.12171918532891193,-0.08562441930659204,0.12243796946946463,0.01916437854993039,-0.007757818831194314,0.052069477216224895,-0.04748570934126135,-0.23387225959239918,0.07062890721834109,0.19354417176937863,0.027681096806065425,-0.06093766699690841,0.1297187937210713,0.14902137108110972,0.0452270885039271,0.029796927279849904,0.18978736469365284,0.012684923865609713,0.13144736080199926,-0.013732609889527968,-0.17239188121614624,-0.12524875326546359,-0.20027706005247556,-0.13360233870278937,-0.3216466210449991,-0.07669084294716211,0.1759462526388562,0.242980907365063,0.42073642923329374,-0.10355471957914367,-0.1151559950788262,0.08693724330196752,-0.28019460070062563,0.014474154021672856,0.04865038721449604,-0.019693482782079563,-0.25137573402257674,0.3901045429045335,0.09786492086579465,0.23148176740709367,-0.026919608522647593,-0.3062061193379807,-0.10253994169749452,-0.11483910034132382,-0.06733139798834974,0.3484845025052891,0.058682871128312324,-0.1194915551458263,0.03647938526962274,0.031094893071978085,-0.20750184850834247,0.02640507251815552,-0.22124679094456012,-0.08008367951652687,-0.0874935032970451,0.0010583193292602491,0.032352436001677955,0.24783146243598844,-0.07746159818912317,0.04949073581445146,-0.21772459452550222,-0.0950140842122164,-0.2664369611930988,0.24666696427726262,0.1230492164159504,0.16146890477810844,0.054114253512906565,-0.2124188173259975,-0.2374679599148404,0.004640552510858465,-0.25910443270292755,0.08787800875380203,0.17741024066580047,0.3660811980204914,-0.018374831457120436,0.21255650194859485,-0.05510243833093934,-0.027479536173256713,0.13519538062588157,0.25635425342465984,-0.0495593109243143,0.3133142006816804,0.1276121901837307,0.15062709005551098,-0.007858646444741636,0.08283275279346437,-0.11624231015853445,0.18877494362774222,-0.09762709921248218,-0.033984361319499924,0.07167058837660865,0.15594092346405977,-0.07770380187028991,-0.038519795080790925,0.04688538000172492,-0.29374774596337333,0.02159360486438536,-0.2028684711231587,-0.035357602635456786,0.47279125667366717,-0.6577540154027839,-0.7454840064038329,2.163433470412123,0.7987052164827229,1.573526559858686,2.0427516946775133,1.139175625814941,1.4772151393942352,2.13953550514718,2.7466916176824463,1.396274054031048,1.3779200358954697,1.3190029084166999,-1.218564526373338,-0.7416641456799743,-1.1721715861368391,-0.8318626117599685,2.0787819424954552,1.5872588495103777,1.3521470365730237,-0.9263578022466817,-0.8957241567772519,-0.8713932694141812,1.404045577565838,1.689190185189187,1.229431635876282,-0.9902371777246136,0.4628182313730286,-0.02687663049406136,0.02432373287431571,-1.415176725872948,0.3540877680175245,-0.3699385218690467,-0.24459511396447345,0.11044616071594895,0.142642770162447,-0.7756230754816419,-1.2503910076636877,-0.5840049925227931,-0.20072080242239243,0.6561551191041942,1.390512767316946,-1.5277655216677648,0.5612215752922841,1.7820830229541884,-0.5731917363420742,-0.5336828525197039,-0.32190016471555916,0.815817944855957,-1.1416381115748788,-1.1510214209077088,-0.19887983736917247,0.805658314675924,0.8477222301403338,-1.0232209192045791,-0.7164329790827513,-0.7270841575112972,0.2930860613680997,-0.010567430639449689,-0.5215575722222187,-0.7584417480289519,0.9785689579159336,0.5117137280217391,-0.9051214477319853,-1.232072221985266,1.187880145346723,0.5508358405099406,-0.10326989038397079,-1.3609692388484822,1.3930442335642108,-0.9096218057240946,-0.817460674395348,0.6585675335659544,1.7236332576938342,-1.1328005372998275,-0.07452978433183781,1.1101877227799786,0.5500811274958974,-0.8271310550793548,-1.0207471171034315,-0.6924402443660218,0.9282718701422993,-0.008269489414706885,-0.04622959546294541,-0.9595045977311896,0.03589507304914311,1.026670240705616,-0.8154751424961194,-0.5263256422922086,-0.10919988453261271,0.33723851174511366,-0.35972228723640354,-0.7866318584584487,1.353392015159308,-1.4681538621351946,0.468984608782458,0.9612716499984889,0
0.2161902214667019,-0.21936026101873762,-0.03127137846212518,0.04685683258794399,0.1490777443508488,-0.2667425367706129,-0.170236867590454,-0.02852951850613297,0.08777782607251369,0.06869429143867702,-0.013766364124453685,-0.0009910528154432547,-0.05125174719563452,-0.22301204456781207,-0.10796095442147634,0.08470107872647865,-0.08459701540097946,-0.042545840456903815,0.1971039803079963,0.12969256419095834,0.12808745106253866,0.07998937623430227,0.07271307217840393,-0.1295715747009381,0.16945377827566277,0.07234618844599426,-0.16984597870705984,-0.06967062608915457,-0.16595599826396487,-0.1396982858067297,-0.3480808691781947,-0.1339602471497777,0.26651377812630334,0.25990595981123177,0.30882311876898544,-0.15983552685352342,-0.16540324577761478,0.05988224532386935,-0.3849252662041258,-0.09878385277354533,0.23455090833665546,-0.04833742827308649,-0.2202927409086996,0.26760499614061695,0.18651567947065142,0.23269001067885178,-0.11889638434513647,-0.34860244034303756,0.03658163875290395,-0.22900173411767002,-0.09905497574324337,0.29478608996407213,0.009304293316390901,-0.0745753422316697,0.0337535985274145,-0.018498112728252674,-0.16319153026250144,0.041276166854859284,-0.35681005206892885,-0.07855539361332982,-0.059120130132538716,-0.13253483440600872,-0.030661586407857978,0.2048745261150868,-0.050384509397774134,0.08105243100492474,-0.18671187220619462,-0.23933333097863815,-0.33863715703142433,0.1204877651406896,0.1712504232161036,0.1233469984773982,-0.04385970937312179,-0.2585536462151448,-0.2624173573124937,-0.13875196675976414,-0.1321024755842152,-0.022972181121091045,0.09110830304135993,0.42854969323671965,-0.09552301424076161,0.20098870600178406,0.05698466052602809,-0.08148345403369257,0.04446372762526878,0.24984024766099164,-0.023424691055038003,0.2499647200034078,0.008693744142527928,0.15994437147814877,-0.07523055876144832,0.1080725775685041,-0.001545959369315996,0.10484684790190252,-0.06884589609022002,-0.06375005804592579,0.07804504558930578,0.15877365742213126,-0.10964463307083928,-0.06967349220495382,0.1622883671346289,-0.2619481075357525,-0.17796589600200857,-0.22329824000331247,-0.059015509973735204,0.8835475759184424,-0.678692445265364,-0.42623863619767777,0.9872487480946526,0.854530125279458,1.5871040912273877,3.3344739993534587,0.7385721149051306,0.22792256546888098,0.5845942276802575,2.4526191254492358,1.1871865675549746,0.8232996257228045,0.9799446574275417,-1.177127191393069,-0.7752010189048469,-0.9426940593814057,-0.6504095171056005,0.34531863548690167,0.43691109515758686,0.5675691804357409,-0.8343307202395682,-0.84500826606265,-1.5321710031354854,0.8941551100948535,0.6372207617687667,0.3895680699849082,-1.0522067829660744,0.41608351052051173,0.0038190409230723487,-0.5383414751642797,-1.2382084483247364,0.305649304801329,-0.8973156484383356,-0.5738823955359572,-0.0632313337103833,0.35794962303623257,0.36224030637461646,-1.03708927115445,-0.6197418848389359,-0.6779441668519466,0.3765473171116567,0.3110940304330385,-0.9706974893736523,0.28533363378608945,1.1968623785477202,-1.0552684356832833,-1.0438017379520204,-0.0680112146462126,0.9010934258055506,0.01782928982709907,-1.466349194975159,-0.07273405115529917,0.7441300192104384,1.702230259800328,-1.135113845334789,-0.9589451601335406,-0.8545984403169773,0.5147957820383019,0.6668009962940844,-0.7683591058952649,0.14530003900209115,-0.06746953948109974,0.6368900903074359,-0.6891547630647018,-0.2363424422476031,0.4532451390696091,0.35066701606054423,0.11947850830175702,-1.1400638480655236,1.0308110272469544,-1.4673908836523197,0.04215682538887587,-0.19687756707081375,0.28610865158791926,-1.1659590439038867,-0.2882729438583202,0.44431876046112734,-0.16888579590491004,-0.7717925390871044,-1.1913438271692862,-0.6703140643782817,-0.037155503218013905,0.6747916416145999,-0.536164669883972,-0.9547049797459942,0.6613543661878738,1.0242409487362976,-0.014116291013132977,-1.319579276795044,0.15569340913212623,0.0007956759938089387,0.21949925712647653,-0.2846607988420285,0.6823516015073904,-1.636373001755749,0.2705977451312906,1.5525646724987505,0
0.8266622701999049,0.2079821273126528,0.18752106481824657,0.10408053512669649,0.5087063820281046,0.4476733640377973,0.5139354241566597,0.5435404294732287,0.4609570615314272,0.5603629867088472,-0.12607011522303793,0.025432418180881766,0.07762488794386073,0.5870278931750309,0.4023209712638523,-0.08363965174882039,0.16161572624467344,0.48493637815767393,0.2296795008164171,0.486437776446354,0.6958184654791801,0.3871862265501117,0.40307966269638296,0.09323304963035993,0.1685747124445603,0.03480358675989568,-0.010238075700911734,0.10246586890595481,-0.058878584747936814,0.05886654472345126,0.2215222169416342,0.12424159995234249,0.3351736013036054,0.16707929000474875,0.07340204501640958,0.12045706267474751,-0.01850907686160647,0.20397090310709168,-0.12743420701878116,0.35824215859331626,0.04333752339222369,0.2716105957040713,-0.021619103587728308,0.5120396970253134,0.12013892431575368,0.10997917021001524,0.1357546510125256,-0.12395345349273305,0.017441233053502262,0.09971166043291584,0.1989060812080758,0.15215040627211257,0.21017541687720473,0.3648030599078502,0.12237578118176495,0.09129941091290725,0.06416698147991184,0.053446398175130104,0.1359228384486135,0.05375242701644228,0.38949116560486163,0.3278587000238975,0.2971587144609418,0.17556027657647377,0.042237899217274805,-0.031072028731992277,0.21447484607129924,-0.16702687755081824,0.2784659475655877,0.5296296235114616,0.3584844344161333,-0.09316189955028324,0.4797892708344343,-0.041943648088354143,-0.1693652469275798,-0.10860697856264992,0.13090010292586732,0.3859992172104901,0.26790338889221693,0.3779168452229481,0.0471575160588538,0.3477032710366624,0.13639488357712867,0.012760327834945531,0.6635723882008473,0.4498064026108662,0.06221576005105883,0.2921376156304441,0.1088780057829925,0.2329327065851593,0.5162318043052407,-0.3357615301863437,0.11257612502355516,0.07131968621715995,0.2081003482575123,0.20042155476407406,0.37927854879640327,0.08713562821135665,0.06687456674454524,0.1057993176875742,0.059582400475932114,0.19787510128353483,0.06505659790852635,-0.01138647560655017,0.30680214175239323,3.0698294531243158,0.7184973941179457,0.32730469791180045,1.1921713580155147,0.3040278391521412,-0.7964297881198442,0.5620025873476971,0.5105632875932009,-0.02381935308213301,0.07676423915125624,1.5321883705763903,1.3009973472965979,-0.16350292768372396,3.116128923075338,-1.004447908269824,-0.320616722339466,-1.306064059312299,-0.1973195785289738,0.3965448461358405,0.7684545513716662,1.047898971230156,-0.8950480841866454,-0.4188695831673541,-0.34491468067399345,1.1872307124261055,1.2710570443466271,0.8189779315255746,-1.0667754383888592,0.20263986097274897,0.7898828225391014,0.8575055498582607,1.1815689399232616,-0.5301617147656889,1.2921853971749835,1.8663695611972009,1.5186854568121304,3.4021154602951,2.371612585417412,0.6865405868269429,1.1415631570787654,0.8371317385889292,0.14525398626585212,1.896884740928049,-1.1727054675418096,0.7135644861879911,0.8935168326862265,2.4902986003216774,-0.1494072146198651,0.17103640602923117,-0.5724592378116201,-0.13514521008829927,-0.6535903672197199,1.1479039668156072,-0.43496224439903763,-0.1146330395337352,-0.16039247281934574,2.393389454594632,1.2168990128637038,1.7010853398841594,1.3713105436352013,-0.3338037785730099,3.07315378254413,0.999632712501999,0.9725569682292861,1.8028747269673968,2.5322124666826062,2.5807388177187263,1.7954685293250503,1.2820216903403532,1.3320936899844598,1.745996923876231,-0.48968501135964426,0.24023474813068652,-0.10050425997782222,1.173908852461901,0.3807476538460045,1.7030238772484945,4.558962876137272,1.3222559384468058,0.8391924139786073,1.1008980007851068,2.1578004302673235,2.122900643308136,1.5070249407332836,0.519790100791422,-0.4208722590528768,1.855533130535558,1.7904767149069278,0.06915397217185541,0.5873187658119499,1.2081585864409832,0.9805671272924749,1.616301460983987,1.2127907388475359,3.071434365109999,-0.5464830227321011,0.10279446904816605,-0.13379764991650944,2
0.4749590445308428,-0.12470119392823802,0.06984686466150815,-0.1330562054605204,0.05481580404452567,0.06520502079943916,0.22393604077674858,0.09828395246417039,0.2020333625763867,0.028475325400625955,-0.1722875127071739,-0.19478356016136425,0.028835324366561138,0.3837220226256074,0.2160560927220106,-0.18575197955192127,0.04858433037291424,0.0944207607365866,-0.037723925605695284,0.18651852906183958,0.38339989938095903,0.16427969216218438,-0.1026811263102081,0.12492993705751607,0.09618674373499994,0.045304712227062054,-0.08133732097034511,0.11979821685268326,-0.015140699931234267,0.04387880217375211,0.2033075159104729,0.14929478009566202,0.2163694534895964,0.13827135807012755,-0.025269598827823914,0.07404119728903547,0.019062397597974103,0.17066157963155715,-0.18618610475610128,0.20849249097198708,0.011545529199685007,0.034758743023240495,0.0005693802374479154,0.3321206784696082,-0.003525664118882725,0.08904853885507877,0.12757698697749706,-0.2867271205495123,-0.0011126086641891095,-0.03904844699273931,0.10745112367601582,-0.10484597739754924,0.042162495360954746,0.10250777680883966,-0.11317855046161097,-0.2820395791891481,0.15149064903749912,0.08934656233087075,0.10969731300791545,-0.0295762830564586,0.1647673824814683,0.2828464227376466,-0.012082278822442283,-0.036624237100611114,-0.13373185191044137,-0.027288628477249204,0.04547831756744979,-0.20452066667932864,0.030473350502387517,0.4535253906361437,0.09592079298207218,-0.2166488042863669,0.16210788854808744,0.047124252693098743,-0.19542597677306953,-0.06977912313096984,0.06993962744015854,0.23438614854261886,-0.0038906130178880107,-0.05200752972050905,0.061108747957373796,0.26012890187043464,0.1372973242609264,0.02125072925616315,0.5850236857988003,0.083549448007233,0.09311550018590566,0.14870182113635239,0.1477339422164372,0.12970169061780046,0.3027060226655101,-0.06918640020689182,-0.005897038172156935,0.028478978568852193,0.03816190069158417,0.23192916266181077,0.2769756715468625,0.05741803326521267,-0.05507987789632659,0.20965296139722525,0.048433494201224905,0.1690227362697995,0.08271145702689521,-0.003208851519647872,0.3468190076854798,1.7799615336661438,0.31455479693687377,0.20303326325363263,-0.08013888390456168,-0.531042433823436,-0.9687179494892842,-0.4340108319673864,0.3225135406870098,-0.12916885349279403,-0.2305938624699959,0.2655098815700076,-1.2385488108635176,-0.33428319803353795,1.4602462449739793,-0.7807532939073681,-0.034197265663442035,-0.6521470063814222,0.19943722306160191,0.15372472483784208,-0.07029053398322704,0.3995377524879736,-0.8681532227902404,-0.4440934067265601,-0.5259151562392759,1.166239033227159,1.41235742263374,0.3776427113207239,-0.603416525555446,0.8861991824866627,0.8335760321815939,2.345432878897699,1.5581753064352357,0.14067524102158632,1.401661421394703,2.8413289700280506,2.663243841410096,4.085486733367824,3.7064778445810798,1.0047036330412857,2.5332351096184826,1.8795722795215744,-0.2986144775840065,1.6924748330042771,-0.9921904373487781,0.158732437339316,0.6400938980922954,0.4216392977741067,-1.0642723774865648,0.17947775783343947,-0.5484003026444876,-0.05560752825385061,-0.9961803711591374,2.5540474718578174,-0.013721486105680986,0.302437849982494,-0.7277675728731109,1.5556991218640104,0.4809572227766792,0.16509603237588721,-0.4511039112234051,-0.2007328859860787,2.85072914027425,0.5083454095367147,0.5358089421180597,0.9560640335487647,1.7693351368713008,2.9382667277232364,1.3353658398793957,1.062932273569481,0.8015099798649511,0.7787610412679373,-0.9854117903995935,1.0752895506026316,-0.7927854756304006,1.1698145566906353,-0.14034181965104428,2.69159116540437,3.5803186648325447,-0.047344827120602305,1.9055110462171805,1.5512298276856025,1.9657910027288223,3.0287835667516947,1.456984855801914,0.791677351288565,-0.8599517442051033,2.6784159364972693,1.246246997413877,1.4860546400749546,0.3943495423471363,0.9212740052383351,0.2700148241938993,2.197819634735244,1.1861287320446852,2.56695620466807,-0.655104500747893,-0.27394544896227446,-0.35785921270656146,2
0.33419827927751017,-0.13895931384359228,0.07332019732731297,-0.1794220414827837,-0.11699391755373839,0.0147327285729309,0.08012120689482619,-3.642180688911119e-06,0.039795960860535835,-0.09170076347154989,-0.0641208974147722,-0.14561877836985546,0.04483588336945805,0.32457358128699937,0.024941540486398364,-0.25730875300939837,-0.03132854872176503,-0.006147699290821917,-0.13756315034989042,-0.04215138767099832,0.17075148019311778,-0.005832765572129829,-0.2589760041928355,0.10391205648506739,0.04425916791992064,0.09591041488861035,0.011417825778596732,0.14240331984121354,-0.09000924225375359,0.04124571529677606,0.1474614348574035,0.12156076606192726,0.1555583475060993,0.1203289062088648,-0.10191646846517452,0.06090589123698052,0.015146680460028459,0.16132262713911938,-0.19459714947891982,0.29670669329476174,-0.06148811533512959,-0.042164629432303175,-0.015599694578001134,0.31599587130039436,-0.03373197854822305,0.019303735479216676,0.07495340789679054,-0.2109874456862863,-0.03630003851412551,-0.06524904885624645,0.0013056605549484433,-0.32858365388256766,-0.13817313060716324,-0.0939868168224774,-0.3045833384257517,-0.3415038810319876,0.15008887209432129,0.0688776612632427,0.07719637048717946,-0.05854128360770424,-0.05847117475491627,0.12072263108685245,-0.13284730537831516,-0.13088373416827043,-0.06828325503170066,-0.1693453259580412,0.06031237915805124,-0.21093556390314055,-0.09852835442294229,0.308427376349739,-0.028913579177670845,-0.3817438514275149,0.07014442381154656,0.05798161905658239,-0.13355999967728957,-0.10750634278090025,0.08692138879171878,0.17416684905336832,-0.1142328565985256,-0.1311643762244835,0.2047387983525139,0.28026395846763713,0.09794377641247973,-1.8076414650734925e-05,0.4424751678377463,-0.011826869601103225,0.11377596607544814,0.22738367174570812,0.17563752928349627,0.12094902928274721,0.16697974603999816,0.2038005149002752,0.014074253697518226,-0.059717089199369515,0.0806269778363712,0.02540299560161629,0.2079555363270274,0.01898560836756505,-0.1552782378397747,0.23435927594430053,-0.04627172924604487,0.15835018668710507,0.04232544022773411,0.02843551702214845,0.2941270286736403,2.2257946967409104,0.4696563664638008,-0.13453633181067817,0.8927853605361422,-0.301713112205459,-0.45730420642645236,-0.19931094144576317,-0.13274022410636183,-0.573650784657294,0.4520417028186442,-0.213356445339039,-1.6567251893864612,-0.6812616611463193,1.8057291424596003,-1.1620382725770888,-0.24834806326240738,-1.0864721287949408,0.36898444647688555,0.43733086969325036,0.21376854139953547,0.6699986727853336,-0.8864718187243926,-0.22958511262222817,-0.03913334979124557,1.2032376386073016,1.8643467339051853,0.34042476072687716,-0.7334055786297008,0.9115863689306443,0.541042851567578,2.6231306006890964,1.3426965499721013,-0.2651177200427299,1.068425919713411,2.3154934291015037,1.6970875105749978,3.8671050210217146,2.8943517585139253,0.3880249473843781,0.5103903280834997,1.1640363701279925,0.027651991618772208,0.67683505849895,-0.3484893569235237,0.35137875676588404,0.7572940031398361,-0.41547486118958415,-0.827355642672906,1.068766082717702,-0.011618652112685271,-0.718402015409227,-0.7244764081072053,2.419917094039107,-0.43525774147263446,-0.4343700257346254,-0.16356799093804977,1.5248917457210278,1.7786576772397051,-0.8851941369311065,-0.5586900794441685,0.008461266843312972,3.0125808800361256,-1.1031145944211664,0.04898314914505163,0.2147178444035422,2.116021734009691,-0.976025174052503,1.194115312761039,0.7793191215828353,0.7828665547422083,-0.6104867212641208,-0.6051564351303704,1.0666220660528967,-0.43348113328484045,-1.1386307024179274,0.053647528838676094,2.5532845899876015,3.072726732668696,-0.5105867852870202,0.32965102965299425,1.6380109115021804,2.033015288387796,-0.08590497258296671,1.0129029618687333,0.2931533940903692,-0.6307016473894699,-0.35500165592969046,1.0702526460028075,1.1047685761922024,1.3047633304563566,-0.8601258499612758,-0.37388079409458,1.9249663848372038,1.24556825659529,0.4011249206407736,-0.0689656903019983,-0.18782122554571737,-0.5054155217136034,2
0.29962464273679595,-0.09626085011971536,0.09569639446935617,-0.1825027671470721,-0.12908740071720312,-0.045246537109970286,0.06255103279895935,-0.020143442433777498,0.06992612833016909,-0.12906056108710157,-0.006970713283003322,-0.09714104762019343,0.021761785957765206,0.2727367171914954,0.043449791111150465,-0.25033999424456055,-0.13576230504061104,-0.09767767461179849,-0.10331090114297747,-0.038921381953954434,0.19296976568639082,-0.046777024854236064,-0.15674890066976108,0.04255968938609453,0.03284674663532543,0.10706965255930752,0.04642884184678963,0.14768564231659842,-0.024446161659160897,0.10517225317556346,0.1712760690451839,0.12075993409147265,0.16298284086896936,0.07256198563502028,0.029805758393955602,-0.07643559340967476,-0.021603363372622635,0.22857282807567317,-0.17176770175627853,0.3011316302528534,-0.060034528547957815,0.022611674746610712,-0.02841372602821487,0.38069960258115043,-0.11357995124481063,0.07760047610710373,0.14652074866006942,-0.1936015302981207,-0.03688018676466087,-0.11392535805667993,-0.006389957828691084,-0.2198683637795547,-0.07356022278996743,0.021843428106911637,-0.2502152547690548,-0.3374368824809912,0.24430402059820688,0.07526613670887566,0.14310810315322428,-0.09266426350793017,-0.12891374302426895,0.08430814355374353,-0.20159281614647998,-0.09027093946775924,-0.08913199628811914,-0.1667441802415262,-0.034353946601306425,-0.16665214100834588,-0.038769385801823236,0.31381987657654703,-0.06925514756456122,-0.3966632610915032,0.07436806953675903,0.07995753205110676,-0.11022898207443443,-0.16607534795594858,0.08560204613309218,0.20889907620046083,-0.060484695170372124,-0.0897319140048126,0.15234764035269424,0.21896486897069883,0.028617218982675278,0.023402864515873922,0.3605927396276411,-0.029641812815623614,0.1519466043581887,0.26889353302418123,0.13543035341398563,0.11860041192359706,0.19627354038606162,0.23631313966901285,-0.06360513108412551,-0.06918746658314084,0.12373534605036166,-0.018925055780802308,0.17047318349914975,0.05572935803624982,-0.1649199309654809,0.18526068705931897,0.026361168079970326,0.14619985622072318,0.07940000906393439,0.09210897276611966,0.21977600116668183,1.7276185380603473,0.4230084305651908,-0.3878602358143282,-0.1641677416927207,-0.7980806606638441,-0.5900536856900186,-0.3798977388183311,-0.18466825730457936,-0.29835062647393507,1.1266865808099777,-0.2887065509342949,-1.6072830266484104,-0.8863245090781543,0.8425218151908206,-0.7500041920019856,-0.4702431306523423,-0.5760083845723346,-0.01359418837642027,-1.0510426337981247,-0.793499802519203,-0.5325133883378562,-0.8116348644829625,-0.3991734335315138,-0.011800620193493426,0.11813598473263387,0.5106510228693766,-0.9351892329651,-0.37145468513840846,0.7020093987484478,0.43443382055661267,1.6345347291113292,0.9298435757814101,0.42319715176156264,0.45774603843522593,2.082504465604084,2.2204324263873767,3.7033968696283,3.0478613552610603,1.1789569584918085,0.49700126411595236,2.047708251664888,-0.18724323451643485,0.617751970772256,-1.0134640498148055,0.45109632168182345,0.7183684266891784,-0.3440972716881658,-1.240534796445056,0.6504270470606109,-0.24984807356356423,-1.0398901680358659,-0.8540788515651141,2.995977103749279,-0.030800924646826554,-0.17425233170665366,-0.5408116672903533,0.9750825103144518,2.463281528404469,-0.4360303588537514,-0.6841298551250626,-0.4157922559987624,2.081015163449841,-0.40470031174947624,-0.19497683062271862,0.24585364613124758,2.0150719074502286,0.5279375090988451,0.826861747773655,0.6292309880737277,0.882943656153866,-0.6904512708957693,-0.7415291794106651,1.1586926136017277,-0.09337773064415307,-1.1737529027197267,0.1251290638722626,1.5352567523331218,1.9046606279941585,-0.5757283337227238,0.20531043658769277,1.7910451505839176,1.754986064821596,-0.24258028664315873,1.2467794879732501,0.8642569491880601,-0.615867718269443,-0.5389661161344808,1.0831051399276852,0.4523606891827293,1.760122336140824,0.45261744625877576,-0.12696083960277452,1.7228053834219226,1.1124462126749537,0.3783646495209286,-0.609533061292193,-0.28548872309182655,-0.488217511921835,2
0.2838521480569216,-0.16985939355564672,0.08290781455307297,-0.24990963054500154,-0.18283910928291996,-0.07956374694843055,0.11345860018031796,0.013303920065470874,0.08502054101685257,-0.16913621066915913,-0.027251600774088374,-0.1171956787221873,0.04168682977862298,0.1486957305446579,0.06406887071501591,-0.2671945306919193,-0.07900306457630196,-0.09960103964110915,-0.19258630372513463,-0.08937082479648666,0.26263781156227484,-0.045676972209917,-0.21613012580995516,0.005471654992610364,-0.018779602404604204,0.08724556956209306,-0.050869355304748225,0.21320056821794428,-0.04539932250075448,0.13686971648113166,0.13858510102544458,0.08448439004951169,0.22442679862260362,0.032652316968796974,-0.045472142711517526,-0.135455357583854,0.0009837090531562885,0.13220447832100848,-0.093464576460357,0.23573985887483467,-0.004806879215238116,0.008194148948306399,-0.02463181658070468,0.23737702591940682,-0.10266486633413548,0.07609258433583058,0.05511460688319907,-0.24140540851454742,-0.1424405143746098,-0.26523652418526317,-0.014531640354985028,-0.30918034871441447,-0.12492647300061246,-0.06606627375749355,-0.26220139860402725,-0.3319359375750199,0.20823429252256273,0.05703553457310853,0.16390552927797644,-0.1293121019724968,-0.1689416302869469,0.0010349081687368,-0.23484052437341957,-0.1093725538582709,-0.03730902289091056,-0.024079023288804215,0.0833653078460495,0.06489428984579411,-0.10049405200776389,0.27145221619361665,-0.1019111755927037,-0.403986491777194,0.04611419874418171,0.0959388174955908,-0.05299627495275882,-0.06978483515639647,-0.019448040419203942,0.16678575413177482,-0.025189340167662756,-0.1098679169422244,0.16880431103618046,0.2535929196654183,0.09810240956300974,-0.029040858059650287,0.30809516917010554,-0.0255300547041254,0.14657511646216728,0.2910545190774501,0.15403055649144679,0.16637602323119763,0.22201774318387177,0.265225628727453,-0.028534752596509876,-0.005510194078701221,0.07787672531912071,0.013461993549602003,0.17386214582064663,0.06266322222271734,-0.1257032945566106,0.1762170220044102,0.005113550451177711,0.212464675239689,0.05778833255872563,0.1367668991418447,0.1530269147811055,1.1618352595387027,-0.20337090393722557,-0.21854406929984094,0.7412639719506237,-0.44501037440473934,-0.015889617451019685,0.23717948645483267,-0.16153230570910326,-0.5463457745024037,0.7152171473467808,-0.575845685005209,-0.8625214946028312,-0.6958601516079633,0.7901291367493875,-0.9889342454203097,-0.8217298040878548,-0.8459770397104993,-0.20938662123178206,-1.163544663411225,-1.1804736213529312,-0.8397367030131127,-0.7460065464477825,-0.4910196257798979,-0.6409192172828158,-0.8675795399007621,-0.421734109065476,-1.4608232611207146,-0.18590085772343945,0.735129399088691,0.16484153686506137,1.283754567218059,0.612013290117424,0.021552365831405844,0.2616805813601199,1.5127911507445746,0.4773003675793231,1.9737580191143385,2.826855410260284,1.1107492084431745,-0.5908879179164662,0.9210942979823561,-0.577780678639289,1.8394243323744215,-0.911724943731757,1.251188587525756,0.46947297958067424,1.0107561338553148,-1.2662378930905283,0.6498423248103252,-0.47974436924667585,-0.9665708560022184,1.2769901591563015,2.148291408686185,0.11074529909337558,1.299467364604552,1.003461657511775,0.04455899521500187,1.6976635892614123,-0.3268668431004982,0.6808071357284196,0.4982402924042278,2.0812504874615687,-0.801159943937174,-0.14944887888390196,0.2101901986660652,1.7223659465509582,-0.5301674976347648,1.1216217531917743,0.25418354708546714,0.8244456527038618,-0.615617915615153,-0.9458809361130991,1.5968952741270506,0.1262053526170504,0.2755249831215095,0.03245166383494393,1.0093532510592789,1.2806669669136803,2.0702990284900284,0.46631256393093923,1.1586675156277293,1.833499207980432,0.910397889647931,0.3313100678521517,0.6625103803792304,-0.6946793258871179,-0.6673039246131185,1.6555946674553865,0.3827238587840202,1.7494093916623723,1.1122586741801466,-0.6140266828903471,1.3028358915469735,1.2426539619720172,0.6900287752742083,0.24924926466451375,0.22545795319985093,-0.272974877277509,2
0.1824533213525515,-0.1487887433617717,-0.0006283419290422963,-0.30999548540409366,-0.2554231472685383,-0.07289036324843948,0.11198525759353413,0.040183300791475564,0.01850269616675763,-0.1632085567308728,-0.0013529197455772978,-0.15436410740569007,0.07436627320536855,0.019622560426503566,-0.1468688866192103,-0.2859840101775294,-0.11388789901565838,-0.2829524949306509,-0.16352392919832265,-0.1615805838508382,0.12708966966256427,-0.08634597338025898,-0.23356016995865167,-0.0758155713295291,-0.1134925374641141,0.11155489182362863,-0.005488110390312411,0.23470439651567387,-0.14645243222986237,0.07802105777484082,0.02861766034629218,-0.009084819642585867,0.0583442300371869,-0.09284183881764939,-0.07984110849269359,-0.20696111791470934,-0.056493437272448904,-0.03782665256768402,-0.21406956157862486,0.19584187516569954,-0.13980702423226202,0.007538840613026639,-0.07226906103051627,0.10411666089585418,-0.11692013025465654,0.03159833698153753,0.0712975738421252,-0.191317880724269,-0.12623423637189785,-0.3700396079261486,0.036847335310752176,-0.30742186389832704,-0.17497386059759568,-0.04738008087207906,-0.22641350406498573,-0.3145942719060034,0.1715062261075607,-0.03127159417438282,0.044579012234105944,-0.15246008407004397,-0.17458587705192383,0.08252655836754876,-0.17755554455564262,-0.13036192748261724,0.07850372964788899,0.047182119828993466,0.1627139868567721,0.0644447669741374,-0.1385152528622794,0.21983974489873329,-0.06525852890425782,-0.27429936904737695,0.025531369423331653,0.1666167069589529,-0.10046097193078367,-0.02726049049585699,-0.050833982261541795,0.09038453159421067,0.0004050931064550408,-0.08729508977933387,0.0387709376252806,0.15058397835351103,0.051518429169902284,-0.12094027990474557,0.18449350147516025,-0.15786555767619365,0.028522928849284607,0.21707879626795784,0.2001980066166967,0.06309506713932131,0.1873162870605304,0.1632939476375786,-0.2315818971153979,-0.0654830804451965,-0.010324160465375149,-0.038587518026873366,0.13675925658533275,0.10653561438732682,-0.16449757258825928,0.09398339141912958,0.023218067054320272,0.165595978658632,0.029229806914997884,0.23914325407770673,0.02401246052575445,1.7585591233486793,0.6703257701252561,-0.9427532008079389,0.2846438023653353,-0.21759891115555555,0.08367355567829543,0.4931225939227988,0.018454674849410622,-0.2704586644533228,1.3763085033144613,0.2533397855699382,-0.05757265006582849,-1.0894757995996966,0.8064419321491241,-1.029427575656187,-0.49897239689468464,-0.28772459210926005,0.7319265889763479,-0.8599983865574845,-1.1573070927389442,-1.0335417800647213,-1.0441102333662842,-0.8006799172404191,-0.6174890433491136,-0.8220058672770362,0.19658696387238805,-0.9563817257272246,0.10502142960392795,0.3277834889717855,0.1265238367150887,2.1948899128799484,-0.3920942250554547,0.00028734352989830933,0.40400948413116494,1.3731773236506224,0.424689930470834,2.0450631661617633,1.8218658797728278,1.444503929113487,-0.3245894986006853,1.588840790558733,0.046209924157811416,1.4594515703927848,-1.1442130471822565,0.32685177171269736,0.4336335273449833,0.3081200986475942,-1.2391886676434674,0.42635738956104213,-0.705176893232011,1.3737683536282508,0.8549481706480261,1.357267733948843,-0.5089880718610226,0.5322636463529004,0.34192341323901143,0.049460245840834714,1.4999797105530932,-0.7465175081150667,-1.0788204956624283,0.7829338091844509,3.260141388922052,-0.6523387235335442,-0.8369319132041425,-0.6591047780546292,1.8329430429251485,-0.1516814362539808,-0.04243346675328095,-0.044593396101941775,0.5034720867473074,-0.8897897834537515,-0.7513518834689459,1.3381382113725964,-0.10210361346614613,-0.4902814137590812,-0.34264730622662204,1.3086394362311267,1.2497630044961519,0.9883576412482101,-0.22047279458086289,1.942044279574692,1.5247005568672947,0.6976751527800442,-1.3762923364521729,1.0476190465024826,-0.3950322400385097,-0.6186634102772486,-0.24948879656803774,-0.036606497870466416,1.16561853911365,1.990765701057032,-1.3589855742604209,1.4561416625636698,0.5312838678735498,0.502857151338841,-0.24862461543285744,-0.3009802834358999,-0.35023390618459616,2
0.17122961169148182,-0.15797860571811734,-0.03219846214883433,-0.3576096117902199,-0.20364335385975607,-0.07985085207076273,0.07638372926954994,0.05691662656066801,0.0018162378650799773,-0.11125314136916208,-0.0025887315908095262,-0.1582940412455172,0.06869211043145285,-0.05682926627981447,-0.07852034025991567,-0.14993320225419632,-0.1777610844603778,-0.3546962853200422,-0.2549643757672552,-0.15213184451193004,0.028371909388627905,0.025042195055440666,-0.2766108542457929,-0.09868767356901371,-0.054041762105637825,0.08356453220601631,0.031592994272797735,0.28275988318546974,-0.21452325294787955,-0.024780086878160842,-0.04704694939238985,-0.0397925356591015,-0.1230529497164023,-0.14828308469957407,-0.06701132204465651,-0.17713392469877096,-0.09766882796766072,0.047657344363001744,-0.21792503923555664,0.15606006066136224,-0.07759440384028525,0.05581663493808016,0.03754676841569363,0.15940053017874967,-0.1428703936634597,0.06944067567038893,0.08642296809492879,-0.17598546486208277,-0.085593002495923,-0.3891971790562684,0.016241972019920742,-0.36791380100063864,-0.19047253542079723,0.025359898727892433,-0.21023872776300656,-0.23637024841812707,0.19345308043692128,-0.06891194956810555,0.03776483535192048,-0.20172868171931166,-0.16147930975974914,0.020583095356380508,-0.14553572481199015,-0.10842174592723423,0.12323859390371607,0.15681702968032277,0.09807757925116378,-0.010212274677321852,-0.13744247753200792,0.06167833033564757,-0.10169087246020203,-0.22495129276348536,0.00957014821039169,0.13780020651454605,-0.09703725879561272,-0.02058628623247973,-0.16724902494526128,0.05786237774163802,-0.11703104136065494,-0.030555983310410165,0.14475185698064305,0.02726091914685743,0.09434868451791352,-0.08261506582607663,0.0529940810670877,-0.21565644052742275,0.06740634461770535,0.19593670854116288,0.26491920800620244,0.07504664167236046,0.11280092997427799,0.038837111295927325,-0.26012535256334907,-0.09351750169730143,-0.03481687341689169,0.01296950410320948,0.17125423652637017,0.07648004446115389,-0.1917289032003932,0.12131947110144754,0.04390367400215296,0.15823803353557936,0.017306495306354502,0.21452152839992444,-0.02121736641698917,1.49429993680625,0.31624476177708943,0.12461185811536615,0.9524984914026224,0.03458739607508431,0.3170113939805276,0.6675087922211838,0.25631772015406185,-0.11304574094228385,0.7810072356059531,0.6017155653848849,0.2737606962123315,-0.29589662506376424,0.8473631401990407,-0.8916560499668007,-0.9363290624332826,-0.729313884961419,0.9380067103259114,0.16897546900737437,-0.9870115271513566,-0.6954196752820407,-0.9179892618759742,-1.006618248229616,-0.8119470793693007,-0.7511747521294183,0.6345851297998032,-0.38928564569276825,0.3405884434390023,0.8634193177796685,0.42518508748911066,3.279967906102836,-0.028652662402845325,-0.0505019309735993,-0.027031680882517384,0.11643521181015004,0.508339247205697,1.0475660445821393,2.1476859974355023,0.9114440738492036,-0.7444741778958699,0.38459709786668544,-0.45760949374764837,-0.020520825780920012,-0.9808110461096552,0.922357962659732,-0.4427872631856823,-0.34511837863720096,-0.7110228737764419,0.42590453520670335,-0.7306843448796622,0.4708592682161696,0.7410230671163429,1.8521717519038778,0.12076125239827874,0.6779849323942676,0.12101668895993759,-0.46125186548025604,1.314033706611152,-0.24062220550886107,-1.1524688714975606,0.5126855726854617,2.392760879958619,-0.578905979776871,-0.748685313770425,-0.7392423464758412,1.4477590271770275,-0.15930907442770503,-0.13193037884419287,-1.0309266920939808,0.9443047280447926,-0.8118340686580854,-0.7178735955877344,0.4282802560084256,-0.16923034261799466,-1.3264160870422437,-0.7537096923429843,1.1331662003245293,1.0312331267803367,-0.5825083435125025,-0.6827366547673712,0.8555062185517001,1.3780238110667642,-0.31258458122385413,-0.9296600659983779,0.23658949771853724,-0.21456051443646482,0.10267886154529794,-0.21379670286251692,0.4965310462920319,0.9263097603807263,-0.4979054187908564,-1.1761343706074197,0.5503150116306533,0.23892765650811434,-0.35242533477978655,0.40525474984467746,-0.3955659198690105,-0.3213335811753327,2
0.1089116749972768,-0.21916317480262806,-0.08545718893305618,-0.4171025738652707,-0.2563710394496487,-0.027655754778405296,-0.015852179275637243,0.04835240012583424,0.05841219809123081,-0.1472341832901553,0.00945248871145445,-0.07728912066352882,-0.03760957802929121,-0.06425598245976412,-0.08763810840909153,-0.20037865946966224,-0.2545157883393971,-0.38020364465243406,-0.2407650477023381,0.0291803749395684,-0.01480262857291736,-0.0017108747323179175,-0.167295440951238,-0.13134400448465314,-0.14312125306223417,0.05493278441587692,-0.0025266327758615027,0.2001442865159977,-0.2071307501745087,-0.0523249323254674,0.03667352207289463,-0.10321482658392887,-0.09685938407456636,-0.04462917747035013,-0.043865113163042126,-0.19661391400201242,-0.05421248293173393,-0.08863404666247361,-0.26204605314860246,0.19060005323768464,-0.07306820237374519,0.0784603636950436,0.16593332364744864,0.20275168643019081,-0.18816197756611044,0.09748699564467302,0.030728586188987904,-0.050291363080725855,-0.139258141477901,-0.37371542550345904,0.048278493391262015,-0.25455362908730594,-0.14130481995605312,-0.01854873586415088,-0.2121707316230384,-0.10389468787575094,0.11089476901144002,-0.07629184328559543,0.045605812597680255,-0.21372817920544063,-0.20864918216068382,-0.07335852381188467,-0.1434075588014755,0.03833411277881184,0.1548592210075144,0.18281054259808274,0.022212232605715792,0.13626073780339165,-0.14737950317087273,-0.07810733589612294,-0.05640764036850887,-0.0061621005549536275,0.06467634452392491,0.23600043846675153,-0.2062813822142837,0.07450040268280428,-0.24390853021647035,0.03035780320046581,-0.11226384402144872,0.02418836857005234,0.07816833467069295,-0.06210060585304308,0.06590242461795616,-0.0757801095452697,-0.07527704380439859,-0.26233079994243325,0.06700917388071835,0.31101135591214907,0.24807392070787204,0.06099809204429646,0.10187331631830927,0.04347340619775294,-0.2918361024117635,-0.08952386140050166,-0.06976685853250143,0.08747197872899146,0.14377180099345782,0.02931103760068634,-0.24251710761402356,0.14432705070943022,0.1187403892763967,0.19913710710443056,-0.03684812354498338,0.2739909681939332,-0.08492462117434611,1.156129485836672,-0.14238492179350606,0.10506739007292706,0.8409651543979052,0.36519729184027033,0.32827257262743775,0.6469181581859914,-0.21093644317148863,-0.1855438096232556,1.0034148119101922,0.056766074344436424,0.8314684763710224,0.07116367467918137,0.8282844241545244,-0.6985628021762235,-0.9163358538052533,0.021479679135531084,-0.0013231486411361092,-1.2624329652954809,-1.1750965970039673,-1.194489298146653,-0.6825384581060339,-1.0770715082072368,-0.9828423210194438,-0.6982611834689364,-0.24740795197961823,-0.8242479184232621,-0.06749015733857078,0.03109056759097453,0.5418213305725268,1.847824705112946,0.06746601485940214,-0.2771719271738602,-0.122310727479091,-0.26074614628331716,0.4946361632302297,0.5261699676374076,0.5000964321263623,1.1999478002961308,0.20402519049379444,0.1633765261693243,-0.3337358112716107,-0.07112662365829668,-0.5483854380448011,0.13672773366577104,-0.1725541366958413,-0.7463566521353777,-0.39873413273410147,0.4596244355081868,-0.8628114498659984,1.3533332339845356,-0.17639688965081443,1.129696870969086,-0.05258559671904594,0.4566379544889267,0.5567647452070896,-0.6073533045562481,1.3585193074974802,-0.5008560006595298,-0.10038357173050173,1.4455815265568766,2.2625353876226435,-0.8973446708003825,-1.0894308281512712,-0.9801585164989076,1.0843216567291323,0.5256634034136549,-0.8463923428883932,-1.0193336467163596,0.6830717420984698,-0.7018937366698917,-0.9129976604688091,0.49624661523594077,-0.35798281172916957,-0.6156790965816762,-1.1316363776985041,0.29794036129261753,0.8966925951563369,-0.3495785871791031,0.02020556177948604,0.37807930357043923,0.727972567608993,-0.28756300935753965,-1.185013701635479,0.7763322056595263,-0.17705221468613974,-0.4546236243958705,1.2757940541928723,0.8106925169931202,1.5628432077934808,-0.6443136859465949,-1.3828251517853392,0.5385570967628738,0.4711903818877866,0.5584789384915434,0.8677284801915567,-0.43790155687636645,-0.33298092681868285,2
0.038369447790954726,-0.24828302292381177,-0.06069352543116044,-0.43996838152081863,-0.21299183817135695,-0.0663042831759265,-0.14721543589181454,0.14246212914043505,0.13385448731409313,-0.09011534146476224,-0.07036626075852252,-0.0703821711597054,0.03670497380092311,-0.11799256275534352,-0.18300988941734272,-0.15314230138728396,-0.3172623488881419,-0.30537831165306756,-0.19974076345049108,-0.04860424175929367,0.0934313272337038,0.09535386894127144,-0.17487600059108013,-0.23861524102400308,-0.12886225272571605,0.04081951558388719,0.0855491706695509,0.08714419848560531,-0.15758920764790954,-0.023520225048617994,0.003633209470630317,-0.22502114850557947,-0.25860513715835626,0.0032044058781021106,-0.038175966568485285,-0.19062595324078152,-0.02616243741941223,-0.11484863662950505,-0.1551170911251289,0.25666668551988414,-0.20498347394700356,-0.0604461004286137,0.11207271521239129,0.24744557731250016,-0.15349838988751324,0.1458880105877822,0.014327561183793943,-0.00485795163805359,-0.05396408714887097,-0.44145197076535814,0.049238219727504765,-0.23984395667783667,-0.22142776653955537,0.10915278736742637,-0.13877604524290463,-0.07488511960788867,-0.059010528703285506,-0.16243556491352898,0.039751623172283625,-0.13472287121525767,-0.1919942967405221,-0.1269399151301572,-0.17704742767140752,0.07676527421725242,0.1585346287390051,0.2624986778233979,0.08768978026613423,0.1601500351893814,-0.12207844789973626,-0.1855068257947789,-0.10879286769486668,0.27042686278633754,0.06916999073011686,0.24845992097331396,-0.16543638099570304,0.08095515352744609,-0.12601190773006213,0.0014545328403761082,-0.13614120840847865,0.04584371718727323,0.019366207259606843,-0.20915672032775554,-0.01531326702584526,-0.011090614650377825,-0.337539862251688,-0.40416246967745423,0.2906939394537191,0.24084576949684783,0.12961432863258485,-0.06713673667875039,0.09710289313265034,-0.05466297913086043,-0.252731730111997,-0.07230522185243819,-0.15252255851033641,0.05339980837515754,0.21799088212004264,-0.0013491520702330199,-0.1624860776370811,0.15831412755669672,0.147277053476598,0.18724336100211805,-0.0027251343960301476,0.21313586515630434,-0.09624360809992559,0.22054225047573653,-1.0348325501751496,0.4557289519942959,0.6520638962137046,-0.23176057649053827,-0.29961990145175194,0.1262333792067399,0.04486064137839627,-0.1511870231644035,-0.254735476843399,0.18683946255667055,0.7334831055939278,0.2640736256739769,0.018477223863757324,-0.08845189719644199,-0.6535503140844737,-0.2717232491220374,0.5221230909516358,0.20695096443248864,-0.7335785705144491,-0.6446816999407718,-0.6594765686124829,-1.169919208328417,-0.8130059676393624,-0.6754075610581776,0.7142698931281306,0.0047148262847778385,0.9722235040304146,0.21413742270692146,0.3560889333200174,2.5438532629168673,1.1892241135368926,-0.2795119181941061,-0.4045325765973218,-0.691808123497742,0.3286291146063648,0.16633786946057227,1.191946500740915,0.5885984525066329,0.17504342027262992,-0.17873963094975004,-0.6690877354915297,1.048002272017533,-0.7822470548111605,-0.15099663415646666,-0.43521583713941653,-0.33815453494540715,-1.0633996862666286,0.4469171033703227,0.05922665805562439,-0.2048662730788278,0.09859155060901187,0.808163702979446,0.008968815012012764,4.148474460845571,0.5068962647790798,-1.1229009559644552,0.8886382559247221,-0.034708832985935134,-0.7137886693841397,0.7755804728738397,1.763453395893444,0.41564397324667607,-1.1903736087107786,-1.3427484780752124,-0.11866689043070838,0.29513611998299233,-1.1377674400075204,-1.3893006703989235,0.8411554562773778,-0.8282666796236492,-0.9029735437160084,0.24398490641167372,-0.402816987637224,-1.2404836669872767,-1.292818018255998,-0.020124082134374423,0.4544193717541717,1.2355911375230761,-0.5941206844578218,-0.32010923013764125,0.9506180725326355,0.20942778659504652,-1.4390797684425523,0.8782018984929972,-0.4150580489216892,0.43056747278268936,0.26257225088231206,0.8961539218070517,0.5485708380285262,-0.518170773625271,-1.4013572209109868,-0.3179010088970345,0.3397691410867955,1.0258414316118467,0.8061572500675205,-0.5009776751582969,-0.24097564771591676,2
-0.06430621258036448,-0.3265951892407721,-0.045781000374065794,-0.41834638767127486,-0.0501899353423835,-0.043216316440319674,-0.07158982153121803,0.12596692663375506,-0.015480084934822409,-0.153118953418726,-0.019643034294441187,0.05602472106907979,0.03993985555709836,-0.04052345330023021,-0.11914962303099731,-0.07765410780634695,-0.26830690823989645,-0.3735713878736882,-0.27589080599477117,0.0707189109867399,0.1327210632941629,0.07948277542500869,-0.21088911689796844,-0.1713292525280402,-0.1380567750128703,0.06433420913127434,-0.04413483109973414,0.15035981037178148,-0.17517052216951629,-0.1055932974432739,-0.05558795560651995,-0.29661545768610875,-0.14658937704380473,0.129937016183727,-0.015910850406165987,-0.17748223506029637,-0.023508524145318843,-0.11779365441290454,-0.1031594564211786,0.29322658441293725,-0.2256176523887033,0.03457538068537174,0.1360993678388725,0.2274235675385218,-0.24410411181763492,0.04059783445266396,-0.018181764741183735,-0.0019569825082130067,-0.037585411727684585,-0.45721023837607727,0.028034612975415065,-0.20342285152350972,-0.2534209464858541,-0.014930410072558485,-0.14079722731335756,-0.1102734418253605,-0.1487958181754134,-0.3087835727329939,0.010264987738405756,-0.09057581577678898,-0.2044362332245204,-0.1934057348868435,-0.17080483901472374,0.13879537226892352,0.08518748996075681,0.19543276928310976,0.058052991090507884,0.2436107167770712,-0.003910032890561929,-0.15398321124296568,-0.0781731836643575,0.23413912841112788,0.1443270237635332,0.20258505549662448,-0.1258660066412899,0.20697424803250933,-0.09147978953122181,0.046998038194270626,-0.03426809306059818,0.17546949323800545,0.07685240182438159,-0.23910508005917683,-0.021083712700994618,-0.14768595624065453,-0.45539727413647,-0.2936692751004302,0.3914776669525856,0.4281365193447836,0.023666600006167694,-0.020767449233460886,-0.003813542253420938,-0.1937771797867288,-0.10648384281617776,-0.10303139533666646,-0.06891605950575105,0.023371183263815036,0.2791344579088642,-0.03223718446717335,-0.13489558611199498,0.005376130019081531,0.15540926729976165,0.18458562147626795,0.06329188151776202,0.15398189170219545,-0.11490143099673357,0.06451477174981296,-0.5114078204893224,0.20428418772581755,0.5773772715986889,0.004166087692243461,-0.1954625738041462,0.35061880641813986,-0.25864941807997827,-0.343306194462548,-0.6189421843597371,0.6186356489497264,1.5182405736486355,0.06744011039508555,-0.07264715265158336,-0.5309259419197796,-0.5482229813210986,-0.006084537018162158,1.4882884057171129,-0.016043434869701587,-1.0262925388789597,-1.0934112995364853,-0.8292626022620089,-1.161213321251237,-1.0713271396476274,-0.9458854600036909,0.8059015004905674,-0.5266543418067532,0.4342129473486005,-0.22205372216506547,0.4014553035608068,1.415872556383066,-0.012706738165163265,-0.16138836294405715,-0.3600005285054689,-0.509159021624626,0.1933904901835335,0.07816757285335248,0.6400421125453005,0.7589061597616655,-0.10413553028405505,0.03332147307461879,-0.4612690198439826,-0.6663559295096468,-0.9776340356213753,-0.10205722932526656,-0.4349637765280437,-0.0022979104283762583,-0.9483001464940283,0.8949409583481371,0.2691973512826182,-0.5482254391086444,-0.05004447801181391,-0.05086585305600687,1.1374254681493206,1.1848650553698905,1.0341256083545756,-0.43500872893103676,0.9784165737266912,-0.8711717154527632,0.6127807780294382,0.09934703193880201,1.6393388204007304,-0.9114631833270586,-0.6380148056094779,-1.6574971715856759,-0.7764184577743507,-0.48281773624425295,-1.2298963839107866,-1.6904965343867102,1.5800652162840279,-0.5749762995119039,-0.6477250841016068,0.36565000345917376,-0.3907914689400662,-1.0726410932344281,-1.1493483088757244,0.09964992340976135,0.6935820880009136,-0.9114894825791827,-0.8728186086107288,-0.3087047441930147,0.913526456230682,-0.20369698243209172,-0.5816933195874198,0.2923974919327621,0.5997819225194575,0.12879042341143118,0.9381412501268118,-0.8043118539496729,0.030147526163698726,-0.518020266415526,-1.5426748843805067,1.2273320296958306,0.15625062294882197,-0.31086258238927683,0.23007964511490103,-0.40449113010043114,-0.4201881923655679,2
-0.06214572788081969,-0.27622232339923064,-0.050260057423086944,-0.2856571146452362,-0.040780152982457483,-0.03976644271222213,-0.026316916142945134,0.20358897477438073,-0.0004828044650746725,-0.1651722187936161,-0.014722009170223656,0.11028694238211453,0.017698080990270686,0.017638296397411192,-0.07004273282903692,-0.028958912710709862,-0.22394854236972087,-0.3803928079511294,-0.21796991427236892,0.07797734846093597,0.14191135913629055,0.1127636621003291,-0.146887304853623,-0.10532136943076248,-0.20288093241577004,0.07130979701664007,-0.06284241094070318,0.1439753935431487,-0.10081769695371161,-0.17086243611741558,-0.07937605284483432,-0.22165088312208422,-0.01376045652127156,0.08038222028823672,0.002762347508945554,-0.1506188369748622,0.00037985679366644363,-0.07567052341538222,-0.07460997942189442,0.30657711133565335,-0.2377152103799589,0.049637534023944024,0.033781392924820984,0.21864339424726573,-0.1538452185093067,0.10526013835148018,0.07408740870752621,-0.08055941979883778,-0.03312475507651625,-0.4582505354536515,0.053746000448411775,-0.14309818213858258,-0.2430095318786203,-0.012392977404782273,-0.03988853491859242,-0.05297795482848094,-0.2084590771516468,-0.2504567495731426,-0.010337440120641108,-0.06244250971894337,-0.19353509975993463,-0.09600697853598081,-0.16245177379898001,0.057930116521573496,0.17685354969048936,0.26033736563232,0.05691778544265875,0.18040401365159855,-0.011276662793839551,-0.030386790883342882,-0.06000518574282232,0.08291694877223399,0.10930543112197606,0.14275901601589983,-0.1251486221869212,0.19152698787751596,-0.044906019325181706,0.11788096926534468,-0.14121657108000266,0.04710317736253073,0.12425863271913515,-0.19384774386326611,-0.014712229705569214,-0.11428292167862258,-0.25151783802684835,-0.18070519348822237,0.3926676467208534,0.3675932724510018,0.09702920179792672,-0.05554998344687172,0.013559347100751174,-0.20542791194907384,-0.06498581954747795,-0.06682972616188891,-0.13544561430873062,-0.003318731595632721,0.2441414446891638,0.05463136967094803,-0.11190955966508467,0.015561005397183046,0.09551134598641674,0.32821006265682157,0.18820500568748685,0.01963141071160226,-0.08878437602935356,-0.47282838475644084,-0.8070509357471927,0.25915426092618155,1.6910507361247331,-0.784933086224492,-0.6515856612274066,-0.5272160077017444,-0.41180015290183153,-0.45353373329922897,-0.9762333874607955,0.6169697140114219,0.4967484013683166,-0.2934059611158195,-0.6531589377360952,-0.6278356095569949,-0.6351149023082466,0.0024087825618818145,0.8900864243329134,0.4706467206114041,-0.5707696604240617,-0.7695387016072307,-0.8262746118874938,-1.224184108847423,-1.0591386948158399,-0.7437300857560093,0.8589731905582179,-0.07039949213656652,0.6036186758624812,-0.10234392136766265,0.14648576943118127,2.5251475460903396,1.23818492479339,0.6136809351175899,-0.45422349901222847,-0.44770408757872354,1.3181357114533099,0.4405025820546699,1.0504521347731124,0.16285535155410755,-0.16003496167322204,-0.125160358878717,-0.38479360265037005,0.13311419973046154,-1.2449325635575261,-0.19946939615910883,-0.3602751515270114,-0.7358716310188749,-1.1667993360728857,0.3702317083676459,0.5122887339429938,-0.35816087725242635,-0.06748679405516396,-0.3347407936564855,1.2096992063140761,0.9870817472662854,1.2478775397188542,-0.47137879568822494,0.16148336522513362,-0.8377407287884784,0.5254252589771989,0.15925566876847538,1.5193186424442857,-0.36250852113532644,-1.0384512135816402,-1.0808512982600802,-1.0161504971084858,-0.3572333927538198,-1.2450263872642224,-0.821478810272083,1.76296851591551,-1.0447965913160988,-0.6647910481821717,0.8550959500239775,0.012124745367084128,-0.726631724531387,-1.1743381998399087,0.3829814400729618,0.05399810101732231,-0.6932301439015666,-0.2937673925040467,-0.6241935137231635,1.1554578974849437,-0.26129467940544104,-1.383396275541055,0.5527861792404553,0.38154808289872577,-0.1177876907602648,0.5144227300747454,-0.41785476810661937,-0.08721141085604012,-0.06756661015553411,-1.3543357240518972,0.6947425871116996,-0.032575693869525295,-0.058949020070524674,0.5646054784315152,-0.7179703112256223,-0.38419897376553735,2
0.007556191856922092,-0.2584417818071191,-0.04968325015209756,-0.2051131657949584,-0.02637477834256592,-0.04306317355054304,-0.027937647877723657,0.21723166964736668,-0.04781235319608854,-0.03837074621220701,0.043834581920464445,0.09953635728945362,-0.05350738026292682,0.11898375825629746,-0.0115996546000169,-0.07647866036493045,-0.06505759166979337,-0.31206732804807014,-0.2232720584472222,0.006365166108810936,0.17325093673590647,0.2193411078449634,-0.07148951416277974,-0.01925006146482768,-0.2403471896361298,0.04609012730611771,-0.06333904155407988,0.1297604112328186,-0.21639717569418174,-0.2119939241648867,-0.25099258103495004,-0.15540534476704052,-0.054712152823604226,0.11981661096682514,-0.16408540614820363,-0.11096625000542193,0.012820478488765252,-0.08458814262762776,-0.044154093241859475,0.3169214006980697,-0.2300408595300356,-0.039385452460549975,-0.04725701066801756,0.1744649061249175,-0.05847592185486428,0.13500216045777033,0.13526704478588378,-0.07717315196049455,-0.0218567496323918,-0.47677036592120614,0.14467883258293943,-0.16744856494176932,-0.2790166183716498,-0.09269319113662278,-0.12280954467072273,-0.03444981840215055,-0.16930009398517817,-0.3123631043415841,0.011531288313662945,-0.04482894302721463,-0.14104242328372096,-0.04581643100725315,-0.1783845194160449,0.01813996874966008,0.19773846628360944,0.2826934346189147,0.05235498678717841,0.07456561077116285,0.0015921915978909806,-0.010781219008982913,0.0035241687877797015,0.10991230106682247,-0.075677174851422,0.08436054802730052,-0.0890875113403099,0.2002844179824589,-0.0741193801140278,0.23602030633416263,-0.24498926957528422,0.08626380003755597,0.12942693514572157,-0.0351535624235248,-0.1293585202474277,-0.08398139133530956,-0.12312277793831022,-0.1391601242788149,0.29490436336132425,0.38082870898846694,0.14293394500009973,-0.08347833162161698,-0.06640469111301141,-0.15602077134810613,0.035221987448448996,-0.07753513700903067,-0.18694364748791734,0.011306941825795884,0.22009438219629443,0.11317478784317075,-0.08892487772359976,0.03745363167781478,0.04596001597877923,0.3779547324297932,0.30016015494299186,-0.09747138033198312,-0.0514126468367313,-0.109651788277251,-0.8466261004984253,-0.11699075484553731,0.5314359825272852,-0.6387656796595468,-0.5347909148995161,-0.7314823596896469,-0.6720020442451472,-0.7499072214098917,-0.9117328952695488,-0.3051062790465605,1.0581374837627284,0.5884768766342802,0.10913100199130105,-0.6795924556439473,-0.6398929980368531,-0.08221615414861987,0.45124717183666524,-0.41890312578119915,-0.9235020150077854,-1.0409751536353158,-0.6969812724623872,-1.0443395332938439,-0.9688685018914013,-0.8408879287648267,0.48132353566612274,-1.2972730792818001,0.5400190377214529,-0.31447654771059785,0.4354671267405587,0.51111467471262,0.9722543453797078,0.675918672285364,-0.08563405293288263,-0.13759939601672413,1.2599140379264466,1.4651593616583132,0.6992024831004666,0.9503367923177192,-0.14748073336872894,0.7222053515092931,-0.7970692263366791,-0.4806325239569071,-1.3419983137691718,0.08096013689863994,-0.16826356046842492,2.2008185790789017,-1.1429952356519533,1.0953827507312501,1.0001552781797218,-0.4595984479469964,0.40586064849678166,-0.2630294863598453,1.0093203498453953,2.0212885395211524,1.224974991901804,-0.6108617189730453,-0.25646614726686623,-0.6810990333814005,2.358355228682871,0.08240595639279132,1.5499406660643442,-0.22512878657290317,-0.46573259998625816,-0.7029504367291236,-1.165354474372418,0.2657138900767146,-1.1581712832600866,-0.6066071683632425,2.0507623512058974,-0.37093551263085106,-0.7710702159037479,1.6055773323883948,0.3609343643014505,-0.866529842865145,-1.2736722188799257,0.9071247057812352,-0.0633806280180241,-0.7347212664844385,-0.2453802449899919,-1.3478453305909506,0.7773442126139872,0.6095972834111598,-0.8707776995917974,0.4746609361544466,0.5528272261342215,0.20436787965691025,1.006865524623851,-0.36613640465838937,-0.3069024545855377,1.5054502376582226,-1.272406180601436,1.8134215721184712,0.1152100373126046,-0.3836637255756724,0.4120718791458042,-0.6970655792385664,-0.09841728272160978,2
-0.06375737278090793,-0.09883370716260423,-0.0547577616400054,-0.1612983167045519,0.025395136162717203,-0.12489634598415045,-0.1568730110386912,0.10870073437376031,-0.12273412318724965,-0.06135851235339449,0.04456488728535644,0.07425932302203588,-0.08240968059247643,0.2186147342067013,0.024576015829921468,-0.03090016657055479,-0.07416203795406937,-0.41110269245776526,-0.23971305176539534,0.0024098524273468073,0.03301799920315253,0.2392534140912966,0.07460058237118776,0.08219133915541155,-0.17890493613965305,0.13113114472973636,0.03987983264279572,0.08255200730861377,-0.1789784827761071,-0.24132914015538068,-0.2178035092172121,-0.12201569447358407,-0.05661929753452231,0.1495165950481403,-0.07611456797827588,0.01081413965482768,-0.03094516047654926,-0.116379718028972,-0.04706651805072262,0.3090661797745531,-0.257121809806283,-0.10388890859458334,-0.033244567298748806,0.18263951612692306,-0.003359955494577096,0.20161271259472166,0.2158177855912195,-0.02483818741233211,0.04700449380691672,-0.35687759113147954,0.1817258797668007,-0.18819637261044356,-0.2925006869924483,-0.056253615023756705,-0.07315190339440314,-0.09310861090479856,-0.14739537855327955,-0.2829163073740345,0.03368632225328264,-0.06521193415777578,-0.05834938995020781,-0.07445758430228888,-0.09031025923719961,-0.06593748966457488,0.02851602076691232,0.18970741289635998,0.06071526997754539,0.029286295834165203,-0.1632852563421552,0.03797632640489359,0.02837244186947686,0.013820308682256116,-0.02845413850623413,0.08033473590873472,-0.033149150869047406,0.22316382119641323,-0.09184607511183575,0.2202320128470245,-0.22452120615285479,0.03982226126242097,0.12330604610587237,-0.061106294954469675,-0.18464190942905082,-0.13363807810783906,-0.0668142929536547,-0.21248526030133794,0.38223545432298495,0.3159346272992842,0.09772583649233468,-0.006834389420506198,0.03252689119502153,-0.14765110349363916,-0.04049275823094305,-0.14951331641323845,-0.10645029859692984,0.01634830494261395,0.1532097039330828,0.019265530755481108,0.022170748467021533,0.07094717386586746,-0.026030737013275313,0.2413339499509098,0.30809854573655016,-0.1785181628695365,-0.04745834547809014,0.1111946719330765,-0.8038354686599092,-0.872154517573738,1.4371553630580527,-0.3465736771791642,-0.5139440902394846,-0.7837774488208895,-0.7232105132208173,-0.7387197608855416,-0.8610198363444617,-0.6206217327689348,0.7203349251477534,0.7887135450740316,0.4944746889066644,-0.6414958234629206,-0.5195493253050897,-0.2390660300470681,0.10332835771867421,-0.3865529027381069,-0.8948488605784526,-1.0297674053052084,-0.7170441137096608,-1.0617727676315682,-0.12720910675833003,-0.8596358692537736,-0.14487795295294845,-0.9872366724605509,0.30568429714220924,-0.408204611500996,-0.15449541676830955,0.7666561471990091,0.9219362260478993,1.9553518811589277,0.518070931579011,0.3498673549801872,1.1644687175439694,0.47750263358253514,-0.29421285555530063,0.9692556300737254,0.678884835065496,0.06617578447744608,-0.7662699642436436,-0.23526395664053226,-0.5292688651650568,-0.4300384329453209,-0.2043799748861763,-1.01474352181401,-0.2755889680837351,0.3017846802867074,1.000318238797621,-0.518039381926965,-0.2512287745621037,0.1199402020640577,1.592571741802913,1.5940592268787426,0.604033582815235,-0.5432531374023107,-0.29105341601449997,-0.7811961826995903,0.9424591784209794,1.9699872717013498,2.0218755272841795,-0.9956228439443657,-0.23418399104798446,0.2672995764508912,-1.0633479786074014,-0.5072454185644043,-0.6199199252559414,-0.038242963396890296,1.910996587990995,-0.354705762209491,-0.06268585718760308,0.736031865051095,-0.0377308408172936,-0.752871684493614,-0.832209237136024,0.0883409860253467,-0.12248451997429978,-1.075735876906721,-0.20804584567551332,-0.3991141519136975,1.0208431735956338,-0.5984637417081361,-1.401265616328658,1.5287528015386704,0.7750022121311987,-0.32465486237010394,0.3538365942059394,0.62557519754599,0.4001858809617982,0.8226978198100733,-1.4183302717142516,2.310829114260523,-0.05135287553861263,-0.22799214038933968,0.013009511593119812,-0.5847623241762623,-0.35343071170559337,2
-0.033435138612205116,-0.12480807088455347,-0.058283731212859895,-0.17592282639541945,-0.011031402297560536,-0.16457985804383884,-0.2555646783626219,0.09460244288024604,-0.1202165549924825,0.001048021371587057,0.04218297740747565,0.030096543858212955,-0.11574466592564535,0.15776353251043948,0.04588044866766485,-0.06186520577904556,-0.16222738964505926,-0.2889230331591685,-0.27238455614385365,-0.05856072577723878,0.03148624262669666,0.2516333565620833,0.047392250992141914,0.1252649187172986,-0.24360814315255816,0.11765075884370131,0.07147852966289094,0.0009038773122232958,-0.0948000750054444,-0.39428702447312725,-0.20937310750486582,0.01100548641235974,0.0643180181392594,0.2088364515689317,-0.04893608529362094,-0.019759768886082208,-0.06406737723180665,-0.0015829628743665503,0.027645119655726535,0.2767810299917193,-0.27407849483710595,-0.09076151865859443,-0.02083922812848526,0.14732483280314473,-0.022965156506259805,0.2850693189941221,0.1781290583808737,-0.0873901032727434,0.0630636953623532,-0.3619105562634345,0.1117807684268266,-0.21462699035831104,-0.3162641754107153,0.014242290944006676,-0.09034915267918306,-0.17061304455780987,-0.16000130230611498,-0.21610587927220262,0.06667306863039098,-0.05374521158191631,0.03455993261604142,-0.19451113036415077,-0.11387433629248866,-0.05103577771529477,-0.10835288903669109,0.0550487652066722,-0.0044021344484460895,0.01199810583472932,-0.13018525034325126,0.026496163583974438,-0.034437144459971654,0.0036306230853282782,-0.11892608903368812,0.02073620644182661,0.004019144801890987,0.09505214269333717,-0.1814836490910907,0.17878769343035192,-0.29895968090871283,-0.11277988225802635,0.09356982061787983,0.020694104921251937,-0.20344368585510783,-0.266089555454216,-0.0931202439873865,-0.1598211462116624,0.28946705329819133,0.27403989576211857,0.04906475622670363,-0.024806119102595937,0.04612193261778574,-0.11904229876007502,-0.04291290875470634,-0.20876912115509183,-0.09081060069484884,0.07189006521116255,0.1833851378843738,-0.018470409020628048,0.08499746025263019,0.03420580153842816,-0.01700257992105064,0.20779777379398656,0.22957167916246626,-0.3128797688364054,-0.08902449293120947,0.3715367388511964,-0.3251528984300343,-1.2613261708928172,1.1155556986719146,-0.5910928361758149,-0.31493387815994545,-0.6387883568133944,-0.5333674555703948,-0.8116769435576875,-0.20981617013415765,0.013562950478726944,0.8529448589105078,1.313848231855318,0.6339626888193266,-0.25289109125142784,0.06246159262817748,-1.1145966693574412,0.9896908275886447,-0.15813342795777666,-0.5849150860141344,-0.620913605201344,-0.44259725611307144,-0.9998882698105089,-0.5351223921027892,-0.9246883643746434,0.08626032831791008,-0.27577310849561076,0.38610540603686316,-0.44424357618298455,-0.10363079437894547,0.5182024628541319,-0.03643087054511849,2.4049654462983026,0.9997491455306127,0.7528723085689226,0.8541454338513206,1.261240248727273,0.5510936950949418,2.0264907355245927,0.930665568086426,0.44489845361977326,-0.6795691470331252,0.20187953980680137,-0.27420068274611115,0.1295347328619827,-0.14758630672163486,-0.7927863311743846,-0.5106506067195301,-0.20132315149097252,1.2701171789426058,0.33512906884200677,-0.5197831262929451,0.540141970030991,1.4295080345277196,0.47091012420093425,0.4020372241874335,-1.052650408291211,-0.3918509203071741,0.3951736839427281,0.974760004104568,0.5598539767100915,0.6825085795708488,-0.8367538925433806,-0.4085696110274457,1.2916917198682036,-0.9277132466281816,-0.8007208528673749,-0.7129986271181673,1.4567077990283157,1.8952667047974892,-0.08643565293125265,-0.49987967844055964,0.3835131046543761,0.031030461306435032,-0.7404743994277817,-1.0721993118179922,-0.131057435525105,-0.14271978289306672,-0.4328987384916831,-0.39595006104613095,-1.2117722685898686,0.37939548611775076,-0.6491206062283111,-1.1071249776989958,1.7259378864487651,0.5463092688195705,0.19076244688052416,0.13010819147800193,0.2749403405239893,0.4531205482509569,-0.001546785499058272,-1.1659714281052533,1.5003607702938884,0.3025718746289493,0.20370885763843402,0.09574949816078021,-0.18898178958298548,-0.41156252652950115,2
0.006327118936036397,0.0034459623162927493,-0.004307595638814072,-0.05839728858008904,-0.08337616877902244,-0.17815354303606365,-0.32073242306541105,0.0924148079145495,-0.10371996206096196,-0.11316605188755341,0.06345319584123364,0.13486190761468111,-0.09473822688247026,0.2570647506732472,-0.020023077319185102,-0.0786311737377429,-0.02108884806846661,-0.23895417529245655,-0.18080071402167533,-0.009802704326316062,0.1779481553624196,0.19108115589386396,0.13421830363224435,0.1675646652950485,-0.2823034480491428,0.061180869800135755,0.055755996219749714,-0.06685254532253414,-0.04805516640417852,-0.404551234821464,-0.14823817101815553,0.10281133685375807,0.0851976866133798,0.18364744745160175,-0.06772838418387483,-0.012708998072772275,0.05288369689444049,-0.010485002185277743,0.12092918159623411,0.25386049404316124,-0.2632074963356082,-0.13710035276156138,-0.043688536873199596,0.11935713047363346,0.0650965297425707,0.29453649862618286,0.22456459849317958,-0.10359733241773637,0.07414045888051228,-0.4030034404191181,0.09011760482242262,-0.22793605515866697,-0.35891567764343835,-0.0480184764986289,-0.14071818105416478,-0.1990914001069245,-0.166617894701654,-0.1993881533273053,0.033520642247754084,-0.006727032521590846,0.07749864659683373,-0.13766058704004694,-0.0830092777924697,0.02883692568235237,-0.16243376091950376,-0.07392820329472018,0.06704869111682114,0.06323892112471177,-0.22681301373903154,0.016678515975319674,-0.045585220016008454,-0.09522787474366004,-0.11781084704228419,-0.08167825040222725,0.08223346761828321,0.1101521616679526,-0.13376353773196906,0.19674210762997116,-0.21991762010816765,-0.1686278235061128,0.01037463861866753,0.03566588950373217,-0.15171756254782612,-0.2741383781717362,-0.043746914528243794,-0.06901870048924966,0.23538328416836324,0.17103918716521324,0.02816194051204336,-0.0819740711604249,0.0419146435204863,-0.11185671121576495,0.00864094403508426,-0.2181279352988249,-0.11239471775200627,0.06784690397810661,0.16050976764197528,-0.03184878376007502,0.07527391963716071,0.007765844843604617,-0.024422646371807934,0.25941599393250603,0.2145116883971814,-0.24808716047606447,-0.09596136173571652,0.6949366990009009,-0.14626855968963007,-1.1303868371424788,1.8130695096059462,-0.38795142022044493,-0.005918082664267725,-0.5351203898812557,-0.5107521347242351,-0.7568674470139979,0.6653935911376085,-0.1612811433940073,0.4414694658763012,0.6669245947298025,0.7577136924711481,-0.7149544072499785,-0.45917799205973153,-0.5274818006705281,0.5882600617531027,-1.0071842678184915,-0.8958530194659274,-0.9308426277380569,-0.23247486711773296,-0.917397345163614,-1.098330833910914,-1.3491257936352417,-1.4856286350439392,-0.811691621962488,-0.7107913829752694,-0.43621478320006063,0.02658168517116212,0.42709561326227974,-0.4485124164933696,3.3547600422178223,2.336772157938077,1.786575835569394,1.0651202880031048,0.9148016587680268,0.2758582464430389,2.3755742358692067,2.282376628998469,0.3016262117898489,-0.31612031345493957,0.12334829882634647,0.19980324201899308,0.55046976390008,-0.07923355184899387,-0.8722593376982642,-0.7845693294545159,0.15885710805776404,1.6741241168657237,-1.6535852843343075,-0.2936102532451908,0.8016083754038713,1.1188534370355108,0.8007036831406672,0.7582388915738905,-0.917196909339214,-0.401032409421991,-0.6807013877486212,0.7676486030507298,2.0604644576709483,0.7134791644943298,-0.15467059670286193,-0.5107803742740936,1.9139158317845295,-0.39003185051710776,-0.6658715703551903,-0.4566347909705244,1.4615981404219194,1.6620250259707372,-0.3592684222798321,-0.6001423832810322,1.3561062696383253,-0.21574255691942035,-0.5541319890384724,-0.8210556615422766,0.06688875624920722,-0.04667641847375928,-0.13690283254039692,0.056036859858544126,-0.38782135102216647,0.41558057576399876,-0.658650859439337,-1.0936335950049219,2.2095444637945945,0.06653549739286366,-0.16591256499100013,-0.26447088226831456,0.7376929617846525,0.6003053479952956,-0.24068579454982833,-1.5295869999291314,1.7973600649236716,0.1332833485228481,0.9116860126803078,0.23335965549964302,-0.12584099258333215,-0.5433350785331462,2
0.01443595612652059,0.038885850458172506,-0.04592120560886612,0.014977645031272977,-0.05054785591236904,-0.18479897658012776,-0.22122955339479783,0.10026652742442502,-0.1620772265713544,-0.03338935775990333,0.07987302184672493,0.09193681848171109,-0.1340672098315064,0.19312936207591758,0.008197700699550899,-0.03445158032925576,0.0678122104622362,-0.1984953714369395,-0.16176814372409704,-0.08628075993021493,0.11363057582188021,0.21279689358424866,0.0645757147562746,0.03886598720382014,-0.26008396965656105,-0.04118739457731832,0.09877059994763025,-0.08942445618237224,-0.07173966206051233,-0.48450528812373517,-0.24389971686674158,0.0539078270525839,0.047098479197153084,0.13710691935882943,-0.12390441950657961,-0.017675315463607965,0.12388286850593996,0.09127804738705547,0.1124802999912959,0.15490177024623186,-0.21777089391269794,-0.06947300106854558,-0.025846632160963473,0.04531628819153803,0.016925798699401612,0.2349814559594269,0.24881895690973754,-0.18718380009272254,0.030464405304623507,-0.40302604283222254,0.0819321198220243,-0.2846189558336686,-0.43210429936880856,-0.1110188501379661,-0.15580958161872768,-0.31697164786009385,-0.21936840177068484,-0.14583280394471998,-0.019646477728687405,0.022069196988395,0.08100328863643468,-0.08269658249886634,-0.11315964536447526,-0.08992580037057249,-0.212057042029969,-0.06335759691335782,-0.010869548241221529,0.008372251628443425,-0.20689474186300946,0.04451025174039056,-0.03239765193894699,-0.10942085090347697,-0.1681501500555173,-0.11905063485289162,0.06533510514759526,0.041656143313737744,-0.08806802716296695,0.25129059677255366,-0.2319959886738561,-0.18273497794887517,0.14966069621700975,0.09463857796362855,-0.13073223437208614,-0.3012345822887202,-0.007493174913365034,-0.06690818266254146,0.1316112983742043,0.13666107499226895,0.04557107924861058,-0.05821274354178853,0.030577448029938063,-0.10426065528964608,0.05940290133532693,-0.20275223985853733,-0.12465615394937055,0.03843462532396642,0.19829577738358767,-0.035545090667152536,0.09421376110164534,-0.033972593941193285,-0.07800687837292365,0.18413635568095227,0.2344379150060817,-0.24021234501674707,0.003712789772218216,0.31948872983509835,-0.12473037027584577,-1.212445656095402,1.5894599200222441,-0.675168504555284,-0.32818431219848077,-0.646489816619332,-0.6155059916256342,-0.7398830659604226,0.375762455269265,-0.7442370812846321,0.22786421098600868,1.1465844556526121,1.0180789682770355,0.029711051298072527,-0.5296293015550368,-0.28257231384908993,-0.47740822074706546,-0.7864356855726027,-0.6337654967005183,-0.7284366716532191,0.049573417893324166,-0.550709931893732,-0.47930241559761205,-1.1541050682420895,-1.0942291118129883,-0.6316142066044214,0.09022736662278277,0.8764011182589484,0.23406687779785762,1.2767957641493963,0.4107643525206775,3.0288139490334087,2.903165916179313,2.4964387016330303,1.3045110631234735,1.7731770965699747,0.6456672852751515,3.50081407944381,2.3607918342908816,1.0392889508392196,-0.2877990124458101,-0.926330523923267,-0.1402782906991033,0.500053135797518,-0.4307228189398534,0.2064326575637408,-1.0031830441843625,-0.16848802774609917,1.5604580679112587,-1.7182282430206235,-0.5712493445489166,0.2602110475154488,1.2392875060027135,2.780245557996549,-0.37605610482158713,-1.1994379347716577,-0.8608903999961558,-0.46422540910697546,0.7747285734703586,1.4093029297465876,0.4148914168045413,-1.1582865190276175,-0.19040644717531208,1.5534659656701073,-0.2001430569449402,-1.2847581157376295,-0.31865624338951243,1.1666975125627845,1.6634851309260423,-0.3990437061263734,-0.2008274963141011,0.8389095933559961,0.13257619101938764,-1.054569780338193,-0.7295468592281026,0.7435072071872011,-0.05951930956762284,-0.1962325651185708,-0.06492746226751372,-0.023663982802659814,0.23250427088934827,-0.232446809410479,-0.527495406249544,1.4537685042844823,0.057559732676293315,2.1985559026810084,-0.5105490201755154,0.5748990776785394,0.5724887770776507,0.12683890959784475,-1.4351226536904196,1.736967696167873,-0.4952264882659643,0.08040904586923298,0.31423262626095366,-0.10471842116998645,-0.6053803180681323,2
0.11635176162515702,-0.012276745169109399,-0.03261932764104175,0.03811951196971097,-0.04451309259739708,-0.19308891196918282,-0.1418709850427234,0.05065359677382203,-0.04967292938273275,-0.006609275389818474,0.16499745124917312,0.0370478769472711,-0.13308100319781277,0.24378460849709502,0.061532137927460255,-0.13798637748773096,0.19015773854072698,-0.15288012253167432,-0.20080176281791395,-0.0588435013762438,0.09492935617753893,0.09498930755321797,0.09652225087617126,0.09945473082573726,-0.12625461155955445,-0.06516564241657026,-0.018372772268851128,0.011508847145236445,-0.024045835678444517,-0.4715386598461251,-0.2374755726870054,-0.014306533229963588,-0.027321057435598206,0.13191974090340777,-0.12304510792509948,0.0294544445135277,0.16047320060896073,0.13695760337708665,0.09419716293563675,0.011891618547294511,-0.04952505425048901,0.011410491662270827,0.002826088906108186,0.015029871473242676,0.022344007751230015,0.15650882054057527,0.20582188713923835,-0.17362872806044646,0.04118919490985964,-0.27985780361415696,0.09096689534094854,-0.22582686839858615,-0.3737386679240876,-0.17299613041676162,-0.13321798631993625,-0.3355739298711208,-0.19597513800563848,-0.05906269888450456,-0.0033224293717705484,0.05261215967364574,0.02313538283132453,0.0014043003904032536,-0.05563614510681133,-0.11753631495272318,-0.11652014754871125,-0.10762038895634884,-0.10166949013848718,-0.05861084838946504,-0.16043922318041626,0.04183806612742422,0.06749516280207435,-0.13429352680469012,-0.09072592164125728,-0.2323676762489542,0.031435237486502954,-0.032061537245189925,-0.05621322565499241,0.2055601181574518,-0.13276665091867168,-0.19238263621751223,0.26453189218051376,0.24974506505508612,-0.10130074280098944,-0.27534277372143307,0.10522988724196423,0.07247752747257134,0.026018481698549475,0.04371501319272148,0.09488633924025691,-0.00550302237411951,-0.006783280638665911,-0.004727369164456912,0.039816857714949715,-0.25739978152899873,-0.04809678510412211,0.04294628905507581,0.12229700146864501,0.010296877414828204,0.07046086822470685,-0.12764262353464312,-0.05435267817112695,0.2341863924071067,0.2489540403828299,-0.24953865242169643,-0.030031903238574978,0.6563451022474098,0.1736698057425891,-1.1516911478074812,1.9535484473308717,0.11469924179272206,-0.017132489545320106,-0.6137704528735867,-0.48123562976101264,-0.7167284002527882,0.7046882865583796,-0.42463256924853343,0.256837243966319,0.8515618025049049,1.4566892209868596,0.006337242545269061,-0.5920885631567654,-0.3141941233901479,-0.347060896713646,-0.7058669523835622,-1.0286276005969512,-0.9672508789853803,0.24710362697162971,-0.4799854232278066,-0.1675193735531446,-1.3473703394337224,-0.9375394542402019,-0.895313414048058,-0.2267381830376558,0.7153994064485416,0.5975816086480639,1.5494433940466141,-0.3904646617872482,3.949636355786931,4.37709855701422,3.795411874525629,0.6895977483968398,1.0131265727255085,-0.08314706111202935,3.3003931979859455,3.3948289991646883,1.1519933723248021,-0.156973510699067,-0.617832142933363,-0.39504512468041586,0.8830537877759814,0.06446911588905746,-0.03373381137769964,-0.6904873770821023,-0.6155219299949481,1.387484042366302,1.3529201647883244,-0.71021835630896,0.7674470613985611,1.1167141965954792,0.41830347785072547,-0.49418827549838307,-0.6364243024949406,-0.8801741830461961,-0.4825808253409511,0.6610678054650146,1.7203142361272974,0.17326878164728324,-0.4279103277773483,0.2482119964462644,1.9026277884934553,0.031017074017290085,-0.4185784259960404,0.28943316494480636,1.6880229493956764,1.3326216742990469,-0.5003814794037698,-0.18227835664095135,0.9218819103353957,0.13611279317112707,-1.1823131801072628,-0.3389067774523973,1.0659164317655359,-0.2039801517333711,-0.8133644300070098,-0.31870143191053696,-0.012466068014355083,0.19641606047406104,-0.6591242435633932,0.12245701982119188,2.07739466538954,0.542063105673041,-0.2148629049489299,-0.04525001840661106,0.4049336514968138,0.26168448003953537,-0.046163606782427584,-0.5902973453316857,2.059046698707584,-0.027525574371354583,-0.5152995085355875,-0.2480542403533016,-0.4432355180772935,-0.8576295439397292,2
0.11458185222288211,0.004037700702154659,-0.010910151421258693,0.06515037215993714,-0.05581641010831677,-0.200161798167424,-0.1286691432136697,0.012950681010527555,-0.05653511661296405,0.01120669822533485,0.15983821071213916,0.053498058334622275,-0.14322762308025208,0.1874598344294782,-0.05421384553506914,-0.17319724198292713,0.2190726533663988,-0.06193488623190345,-0.11575787312871619,-0.13280568362614678,0.10095227155394228,0.06612266844903604,0.151183924088598,0.11616621744857449,-0.1123017149493826,-0.02368318135340097,0.10792061300710369,-0.052640441156264615,0.10119760213025566,-0.40337183027463774,-0.2365410729076546,0.06302406028890666,-0.14382608713355163,-0.02257182298019132,-0.1649387253958345,0.18662893095054614,0.17231007138234886,0.1316113816200828,0.04366804731145086,-0.08410679693644692,0.024038346209165368,-0.02117705309225337,-0.010519159190991839,0.006351706851006167,-0.017145230584644993,0.2494432859835207,0.26357764747812,-0.1825015768641569,0.013740943974255385,-0.20650233523062514,0.09508654021944876,-0.2356164857367597,-0.29187822115019413,-0.18617406069433426,-0.23975324324252797,-0.2942075870835977,-0.09695921997627367,-0.037269779531503434,0.04342101762879638,-0.06447929123949624,-0.049459714645582104,0.09643101088322929,-0.10660628344312438,-0.19634409890453228,-0.16563825872225432,-0.06699347252694865,-0.06855650414122702,-0.08413161922227712,-0.2105936973603673,0.003056993533421597,0.004419965764185385,-0.20985543413273522,-0.12072846725627634,-0.12847169070654782,0.003645962976562665,-0.1338131785052822,-0.08423930679127042,0.24341271784393656,-0.06620798640386086,-0.29420887550003294,0.22104947106165687,0.21125975788198958,-0.11104219202800707,-0.21527626210120576,0.21179372017227668,0.07380841117641192,-0.14015750045034692,0.016894485824364643,0.06610291136427435,0.03529376092104079,-0.026904201407793545,-0.021698650098912347,-0.052644313971357944,-0.19177530047586233,-0.05098873906551964,0.05356750635417428,0.03303776246952532,0.046128420513290795,0.09654161859642452,-0.1279075354192089,-0.06861868067197219,0.17411983833100966,0.27097496546479216,-0.1784354813333045,-0.03775728883181955,-0.37320405637375265,0.8225564208473793,-0.40978325532706106,1.8790927016900272,0.2791059858252507,-0.42436793455764815,-0.6402930300336284,-0.32764240518237153,-0.6088847902988667,-0.12420492853969461,-0.24240166528442872,-0.040800565584723364,0.502646230854618,0.37427233767420826,0.14207720904553406,-0.45485209707644664,-0.23141986676151458,-0.6775151900173846,-0.7427643004116885,-0.8410803151463846,-0.8786464392199658,0.34056683457758236,-0.17528584994327975,-0.4429477761882557,-1.0045415427255358,-0.5282971421514417,-0.4060267761,-0.41527169059216507,0.7859622986337216,-0.5518815473343118,1.372771736542898,-0.8685605025630728,2.8941336683678642,3.3852042930920874,3.205510096185213,0.22707994151258515,0.26562586518422177,0.22049966051060207,3.113890060183397,2.236546903289881,0.8829290023071742,-0.27306044044788985,-0.7104095936896637,-0.3361830952477618,0.7834147441838676,-0.013236922941436155,0.2003379134494382,-0.5602273367152553,-0.21626792836452674,0.7778450327883933,-0.811185257849292,-0.3221568289742192,0.2848060193964122,0.09197299174619467,0.016860071947656555,0.13402824119000967,-0.4414150801038736,-1.0865704770850657,-0.5175051185078797,0.6362973869981488,1.0375004910678582,0.27875378856583233,-1.0382077986682516,-0.16297362975603144,2.2004080709580225,0.17008556054079,-1.0237297024641225,0.3283593701267653,1.7332560400277905,1.0505852864634733,-0.5044675390275642,0.5348205154001169,1.2109364235544549,1.7232124472721086,-1.015012203760925,0.6054928307007591,0.6166280302426265,-0.346937505221651,-0.8388116375075552,-0.27206495065348285,0.35017794425148374,0.05868213452586573,-0.631484240989808,-0.6575359201272599,2.0235343842340656,-0.5547834409198452,0.016379576205566453,-0.5135449981219531,0.3000134917419605,0.5956886104098246,0.8973811716596951,-0.11154504319618856,1.975941419250863,-0.2095984661706566,-0.6192411878827463,-0.07145343560586068,-0.15133382402116305,-0.7978953920505534,2
0.037357307350064865,0.048235228269046214,-0.02531251447497288,0.04472673586720445,-0.004693431262368642,-0.18635967101420892,-0.15639179787778254,-0.06469388181992466,-0.04247707133609385,0.02215630481282683,0.17661183501970332,0.03426496211276592,-0.1363365882107773,0.13866578506095303,-0.098210109418945,-0.16614081167710237,0.16620436595905008,-0.04107222858861438,-0.1375125928198402,-0.11843323115863362,0.09248370263451201,0.08555583230630484,0.16161786104259762,0.1346474062273973,0.017924602227367185,-0.11077586476380129,0.16633027113348514,0.055073750608997545,0.03703282617803349,-0.3233629651606749,-0.13937206335215832,-0.02509581174876663,-0.2000483080145688,-0.013393874758853178,-0.13493430866061853,0.08082929987932709,0.11291135647039997,0.14523822304653752,0.05581541985202693,-0.14603657540892015,0.07419320613745262,-0.015902737007396504,0.02639574081882116,-0.05386866587902198,-0.06899441952598645,0.23456706763857144,0.18022231575630387,-0.1666411603310517,0.10645783550382742,-0.15310446048805318,0.02622655915138064,-0.22535181790404024,-0.29874955447384843,-0.1444299332280027,-0.3209469294697159,-0.3386979227036753,-0.15896696633087182,-0.1459040369573081,0.0841654730582273,-0.08578980805319172,-0.06884905816342841,0.05154224403181253,-0.15455431794153732,-0.22475445232435412,-0.24002642200402033,-0.16745358444421973,-0.11089004851917365,-0.01368817061233274,-0.12898699770522587,-0.05152965703389412,-0.10540613611474371,-0.23087240929516634,-0.11932205055414988,0.017072552554048066,0.07365994851638853,-0.16651636891783755,-0.09496405147850873,0.21504893530234048,0.025868899709241836,-0.2796957277151492,0.08687992028731625,0.16319165877419708,-0.14606567992084457,-0.21370795488114205,0.167318304280941,-0.08119906918718552,-0.20929541314100125,-0.0671721678941896,0.0025644438410526264,0.008157330168293252,-0.06985769085276353,-0.03472072707419425,-0.05626223257859129,-0.1673844032478744,0.03858377270560582,0.15104411227978465,0.05482237802850808,-0.018148238061279104,0.17127762582689077,-0.2038188158799999,0.05438773483161287,0.09766538554261552,0.18533597727523218,-0.050785424725111446,-0.08398354008934661,-0.8284504035332698,-0.060182562768537444,-0.25876456094103534,1.13379508297294,-0.490347344149423,-0.4940984332837628,-0.926109422801937,-0.41250495285279537,-0.9473757466412666,0.13512726723632854,-0.5355432647835155,-0.9370304490306935,-0.7172688783645144,-0.4853687201985007,-0.12936359778154047,-0.48643584831120473,0.06786739737730652,-0.3437728210078694,-0.4047751745712666,-0.989304854897957,-1.0650440305661855,0.49341118375566273,0.3277680856813152,-0.8290473488208311,-1.0499936652637838,-0.831472672568497,-0.7860920328620506,-0.6107138830240928,0.623943245707818,-0.5392622617897921,0.950198378145859,-0.6418104929964631,2.329202181377319,4.116914455085862,4.4251548424885625,0.18085463722621636,0.15927343975174846,0.21263987397812237,3.7154568617698596,2.6892603809937654,2.3343088149086038,0.36570818794980464,-1.1665433122734519,-0.5565411546979765,0.6993191043312944,-0.5179616838388473,-0.3461605143107366,-0.7383487442567814,-0.40118243181234675,-0.2758069776744639,-0.2280013152853848,-0.2828313506170123,1.2474395589951854,-0.13665592049211361,0.5375086886779431,-0.5867361872000859,-1.0080421550672758,-1.5943787058740067,-0.00893154803903047,0.10644439925835128,0.8787553051038214,0.08676966127945943,-1.1046870024809026,0.008375674789740594,1.8253909911349344,0.15461158631825478,-1.1565097817329075,-0.0642478564222435,1.2232014896309211,1.363332342998949,0.002192523834415362,0.2867424905365836,0.7995125645237874,1.1189121928703634,-0.6551688038065857,0.20658278362037524,0.44301826521538434,-0.6283731573267327,-0.8471439185867352,-0.9313977887861886,-0.502791706012759,-0.04073213454839622,-0.13849935806020863,-0.945352075487365,1.8078025798459993,0.2515061652172133,-0.4274975757876752,-0.4043376727779632,-0.043947259833696135,-0.18645597706486958,-0.0011226870457111842,-0.5421044784918515,1.660139303913962,-0.621873827764178,-0.6174046648295556,-0.6909299413022181,-0.21933133841402033,-0.7314512319138006,2
0.0481393605429728,0.1234085965991089,0.15728513031639726,0.04093060489482234,0.030651262866582363,-0.1571595532639735,-0.1011499897369213,-0.14051972504041585,-0.014930614647636153,-0.014733368885452616,0.1511599391933839,0.016960952217834353,-0.0750259692230309,0.08811801606269402,-0.025464938815476967,-0.1073499634578082,-0.07724110755236056,-0.02622571976068901,-0.10022321960735207,-0.1021862682252735,-0.011146347554586293,0.07059734359285981,0.016792713287205788,0.0632428538480442,-0.031981893465636686,-0.08533688810494286,0.08866914721748402,0.0004355882570428696,0.08894235383722526,-0.23821370736127703,0.023874695546021514,-0.09471642925981444,-0.32747407641589343,-0.03539433868582531,-0.05072745804847338,0.056555917756659635,0.1429743595908885,0.2048146263628115,0.05987384075938629,-0.2196531140203929,0.06449955701365924,0.005819410655060332,0.0827231840529325,-0.11001198225108787,-0.1979224717284454,0.20995748445212864,0.12525336287130429,-0.16758399030033386,0.16776173107238326,0.05901489202427674,-0.11954872555375413,-0.15115935646672726,-0.28464985602474685,-0.2040025134069169,-0.31085512271172333,-0.34361683143202437,-0.2683950756545996,-0.03772076885593374,0.029561179798040696,0.05379458536818573,-0.03537559836912688,0.07369298034055019,-0.1635580669780125,-0.19933572126635796,-0.26956830174318813,-0.2556765564321616,-0.09555172691239112,-6.514185869883489e-05,-0.12501781100392598,-0.09005284831818199,-0.19158635017347211,-0.314420711597437,-0.07409340279542075,0.014836462380091535,0.041669702791818024,-0.1254846422337264,0.0035113358210930442,0.03967297095918273,0.15565384385912193,-0.3304607778100077,0.11674765121009276,0.10787787459749108,-0.07588032046038708,-0.18724441799405853,0.0939193641336893,-0.007402886016600647,-0.22616307243491446,-0.14741180420752423,-0.05060260607549082,-0.027793849409702497,-0.108145800486906,-0.04444310196314498,-0.03891264399546033,-0.14019583469029354,0.06939998518445585,0.11478626278014549,0.13037549701454443,-0.10883035331840687,0.25113337289479915,-0.22763608345726233,0.1073942992736586,0.0983084629134078,0.05582889146392423,0.18736113719203584,-0.048444797981048685,-1.6189498066552845,0.17955794669318448,-0.11719365310456607,0.36182825548140213,-0.41666841105316893,-0.853171164471541,-1.2194349703942204,-0.4721699169486407,-0.9324316016494477,-1.1655590087928727,-0.7669432560806024,-0.9263710045477828,-1.0726216417180399,-1.1049182484884836,-0.7118223030024022,-1.1393947121585695,-0.05441224265602247,-0.8986759307110782,-0.7435456073898804,-1.399650578025223,-1.4664745454177983,0.5049366732587343,0.6339584980052893,-0.6453287217300058,-0.866128762539526,-0.7291239193556847,-1.0256453368647653,-0.5785044687411792,0.7796711144497648,-1.1737853882963238,0.5654667761758992,-0.46408141459506713,1.0532907275654038,2.2834879039358587,2.49797537024724,0.12644815260789602,-0.037868276255341816,-0.20698296513294814,2.3614419304509524,0.2861888716135748,1.3401468170427706,0.02635702010378887,-0.01725569747233783,-0.6196343088868563,0.9760246227722986,-0.40535855672583565,-0.6732129639588001,-0.1496347869678947,-1.5941645156129824,-0.4978591637485961,-0.21261482423815015,-0.10865640059564512,-0.272778467675153,-0.3579633951042523,-0.5679504258495015,-0.5616806224650612,-0.8000624324011648,-1.6185254957983395,-0.9524551695081336,-0.3418340630908403,0.6666538549307134,0.16612576374700508,-1.0473895702879827,0.11094411025571094,2.35966394793628,0.4624334359296012,-1.3902968564920866,0.16698444356809947,1.9269146858598536,1.0390293908200734,-0.3543615890745009,0.5783260592834147,0.20888032603152407,0.8031117613487275,-0.3460280607416434,0.6294104577577192,-0.0991275391187272,-0.6741305118304481,0.024102408937739173,-1.1608680302493202,-0.16270115053309298,0.0914925199768707,-0.663835015620125,-0.18402352211733095,1.9461353074354573,0.24862572630968893,-0.8187148618437082,0.12063745290376503,-0.32677453218501507,-0.174930400437603,-0.46254682103940886,0.0806723528988307,2.019063048995558,-0.7571441255423852,-1.5302513795856207,0.05489522088368477,0.33999236460200477,-1.0969915819894174,2
0.011731328454832397,-0.014394857136622852,0.14711334670231097,0.05155888262397006,-0.003173021186490977,-0.1324724064349283,0.04270472685705811,-0.09300252671102188,-0.028827558417191954,0.022755745516739763,0.18339286279384737,0.02715991277197967,0.006895913067794479,-0.005494786369649749,-0.14790576526018828,-0.10690902702506311,-0.097663998139669,0.09886591633351668,-0.05783205951374116,-0.07850742143334649,0.06101259280587862,0.020946198687919124,-0.0262929292279609,0.04391567098296323,-0.10687128859021626,-0.17377482171374783,-0.1101148706976257,-0.03436780879726836,0.1378452017411384,-0.26019278896313797,-0.023188937996118663,-0.09439124908571814,-0.3501307711401419,-0.13386756192415825,-0.06678537873037065,-0.06819658221888826,0.08000691026655306,0.18854100023049808,0.005565410828878205,-0.32596937828504846,0.05421262321374113,0.05074313942040182,-0.014801144064404513,-0.12064135492164602,-0.26708327283560296,0.1225506255415993,0.06237005194418945,-0.23818748486026523,0.038540649784105686,0.060628228831774184,-0.23756439737979362,-0.13156074763601303,-0.3030262724444844,-0.25519451039406715,-0.3837187231851342,-0.2568948547070886,-0.27216978215271603,-0.017767850805584805,0.10753320361422247,0.042712619058239136,-0.17342988679507926,0.10675188609486716,-0.23582364837826347,-0.2136539598291084,-0.17829410601812215,-0.24260363840497387,-0.13353161663824514,-0.029785979721254557,-0.11504683899082806,-0.14217889770387165,-0.17117567764859626,-0.2931705571577258,-0.12621707547927558,0.08178007487810961,0.02831993141966208,-0.19722949991519467,0.015653837491497992,0.02620379150734399,0.06909039311839944,-0.24226438555328075,0.07463136187551182,0.0676701477251832,-0.06587383770606683,-0.20777246511385164,0.0029598818744531468,0.02485057385477087,-0.3235870261388362,-0.1735720462785046,-0.0358809014578546,-0.10236787010836049,-0.20167555848825816,-0.009810209948534515,-0.04440031520434476,-0.13902519651503142,-0.021747792816289142,0.07182766213718944,0.12376109817910969,-0.06980425346187677,0.08735905770230448,-0.2949644752487807,0.1580104891851303,0.10066122426291975,0.0033079055265852917,0.2554375335632939,-0.0377199782596203,-1.4430961491363725,0.37335260813344123,-0.11957365135564718,0.17914188219617339,-0.7062781216151753,-1.0069340548632897,-1.46119568530789,-0.5032078936378223,-0.9336795576343648,-1.3662826080871642,-1.136278668027862,-1.3386258827656823,-0.9760180188569493,-0.9062313620149144,-0.4589274138327666,-0.8494230432914534,0.6994937290394142,-0.9015203762192113,0.4644456741429137,-0.926119390235238,-1.2326058747076032,1.0193509566305747,1.3153340676948995,-0.18050765241951858,0.16183552479115274,0.20685331050501132,-0.7727535414475,-0.13327980924202937,0.7579297704225948,-0.6529079236081252,0.3514964255072283,-0.6213148201059892,0.8905500597214651,2.6324213419081954,3.4483377792867427,0.46191751258819713,-0.18928006204046874,-0.3594736365232487,2.318180157624582,0.34969270625529114,2.8514248668073936,0.16658725451957923,-0.8731830896906452,-0.9696217565331141,0.6278279473168745,-0.22182876561411266,0.0366346811151216,-1.1853511983059986,-0.9808855183030328,-0.4698670867523699,-0.8434454738938344,0.31814484980204505,-0.6175575761926463,-0.7767572849644678,-0.5402684386985912,-0.3725376550715591,-0.5510225925082877,-1.7382097186621428,-0.08123200346794222,-0.7492328892889131,-0.2807588848408995,-0.44279737105442407,0.629620880306737,-0.5159162978062084,1.3423696483598837,0.12582037978956362,0.35070323094783934,-0.6044783880783715,0.9416708671808128,0.6804247752065727,0.37342349445235307,0.14030647408693692,0.5566513108775643,0.8948934643636473,-1.0191402925673356,0.649339477663408,0.10510963782644697,-0.6867378429773365,-0.8224298665050858,-0.17309364188581083,-0.45761742212786205,-0.055445997112984334,0.12696399834749408,-0.34984250724886573,0.8285669560840501,0.39197566035604514,-0.4287143983877859,0.2693445239371857,-1.5094931010572183,-0.9665844390020297,-0.3694483274316813,-0.30557627464642473,1.6639897616853692,-0.48678510874714187,-1.349601157720859,-0.09489215348995318,-0.025767025471044043,-0.722166703568452,2
-0.0840508941758841,-0.03775397704909765,0.13717046769447303,0.1171461867007916,0.06591412003740683,-0.13941024021907006,0.1800218408286437,-0.10482165015556162,0.029334260369514663,-0.1387793482592295,0.20754673709041047,0.10658334585033234,0.018909472173827182,0.0028728532708660235,-0.1479180749994323,-0.026271769828768107,0.006337289300020433,-0.016114692815116814,-0.07334753810616386,-0.07013684046376113,0.1075854058532753,-0.006290553447071797,-0.0595890858912883,-0.0027503571957937668,-0.08172320968041415,-0.13001483923284024,-0.19168124288968288,-0.11803382823820717,0.07140680165116654,-0.1679759864591606,-0.001355115539429127,-0.1671939849377222,-0.32102557108738417,-0.16773154664197854,-0.09459549520073904,-0.011101465617177803,0.1328618868807953,0.19284977998841024,0.056756241956511355,-0.3942262501002377,0.06901112646728413,0.11892533958090391,-0.09054992768790529,-0.1054971922980801,-0.2515181812246493,-0.022344346662229897,0.02633578300569903,-0.2597389721124111,0.07504261418142878,0.10318413119464326,-0.2981792017667744,-0.12390888163972306,-0.3204186117130402,-0.3579711879863182,-0.3893490082870721,-0.13081672837942954,-0.2987346807399802,-0.13286829564001654,0.027383349099392343,0.05084357880275382,-0.2470251413948043,0.11279539234554048,-0.19796324964172252,-0.2034802864878896,-0.1662350295672764,-0.2297339736113469,-0.11022675940918304,0.01294441205286743,-0.21300549548128703,-0.24968030707436942,-0.2704192385818129,-0.39662953628556424,-0.03548522808271039,0.07346482679986767,-0.039040977052459215,-0.21137075112469858,0.11280927670487469,-0.023439827615109914,0.05601308764059954,-0.06457856630458816,0.060433500789004405,0.025257883973169956,-0.10396748710782565,-0.13988326566104523,-0.06015920042500285,-0.048143018554706096,-0.27649855456085554,-0.2406891579228062,-0.03972239455497864,-0.08730926019128014,-0.17771867427874916,0.009915801452225472,0.01875042659239078,-0.10696578424124736,-0.0662237802909126,0.052105096653481224,0.06200480509794205,-0.05957893325602152,0.03804800320125897,-0.32921576979640627,0.14958909084235839,0.12308208393896693,0.014953866092764449,0.26247783864121976,-0.06901334545661304,-1.3522552468834967,0.6117214528477881,-0.0770754552487235,-0.11598708186868033,-0.3561532120920993,-0.7216971057559606,-1.085555971017697,0.06575990009843766,-0.9214308451078557,-1.5918584730077043,-0.846312244971719,-1.1485164319382195,-0.35808633562043074,-0.7269479178132575,-1.0896016458741273,-0.6461614286550565,-0.5354540820895338,-0.9126527306151897,-0.7453132182806966,-1.1904591416884893,-1.3385695641375555,0.47063886320114495,0.8373918472668854,-0.6280356176769172,-0.3384107600542333,-0.4776644139592608,-0.715455036925356,-0.8020569159623978,-0.05165277664342131,-0.9172179921710227,-0.0035194127551151306,-0.6408796614292828,0.051137590370247135,0.9431244512042217,1.3302002060809321,0.015827611716748624,-0.5412190779957913,-0.3158204262090232,1.2324050843159862,-0.3504644011770144,2.271444915284557,-0.6167931865697857,-1.0537905955691567,-1.1000118016553402,0.2793306253488081,-0.4111693984132358,-0.47950872537137124,-0.5365260651099816,-0.8987737941141891,-0.8996179448762923,-0.7584392424855478,0.005437628106912463,-0.7769178564935374,-0.6994904320982247,-0.9442523581247603,-0.4983764680995894,-0.6312836965543636,-1.7951231313664142,-0.8887046331267984,-1.013063756297318,0.11939590901302573,-0.8319976951755891,-0.6504600150665667,-0.5443505695430243,0.5822443380229224,-0.31170476447754514,-1.5455662809786177,-0.5759835350495605,0.5445603154786213,0.28812217103246773,-0.7841902594950078,0.22539349883990945,0.2530439064731972,1.463269566026979,-0.7658651996462779,0.6057725110554675,-0.10446601877748435,-1.1305302222130953,-1.0289467125104317,-0.3698486299677719,-0.03914224969727219,0.1316966884173636,-0.6921877406878287,-0.46250875534194397,0.435631478289443,0.9057794191764248,-0.9544950766561943,0.3538315318230261,-1.277615346842954,-1.1750119667902832,-0.8935019475348591,-0.48794207117382904,1.4989187524338534,-0.9612485072701599,-1.3099158626296046,-0.029828845727903702,-0.26752434503222,-0.7854609387039613,2
-0.1864801887734846,-0.13843369029495628,0.12886566349548856,0.06656105817216809,0.1641872300155112,-0.15744467132209408,0.15522010764158456,-0.15524062366549762,-0.002578769554310674,-0.08410340139739435,0.16678754221459854,0.010875116925569276,0.039393527132153286,-0.07655225953004176,0.04399054882115372,-0.093423108092176,-0.12081491401429362,-0.10263859542879288,-0.1244446008992547,-0.06433648041057763,-0.01463564493320333,-0.046631474561633995,-0.12044980113719016,-0.009215274009495629,-0.0514750382284505,-0.13619472202686173,-0.2320016957706661,-0.17642321633554403,0.10834381675510484,-0.019878759938301342,-0.13171687668219703,-0.23479363337446077,-0.2096688508273132,-0.18318003583411213,-0.12984711015191774,0.08866800636655411,-0.024860590645027242,0.19260772450445696,0.06088674982865282,-0.6574183750341205,0.05895814634591651,0.14657600540043658,-0.006238418116499419,-0.1511212947615758,-0.3879153015908162,-0.17558229384220017,-0.05264751063834256,-0.27054542664550646,0.13588011060086438,0.1876542440999966,-0.29754886396463553,-0.1870243394277374,-0.3330410170121603,-0.30139578838643477,-0.38209319705315714,-0.17576784924403158,-0.2881844777529917,0.025119515114563222,-0.005732264456247075,0.09963802068746971,-0.22713307483854486,-0.06750734003560092,-0.3713947301256016,-0.27838081924743674,-0.043780847469946475,-0.23374715917362257,-0.23567118378046187,-0.01616324245474726,-0.19240466343294396,-0.21366643955143266,-0.33697439491478515,-0.3656017100886297,-0.1230025288761365,0.19659251018187907,-0.13071900592245414,-0.19962365122176307,0.0894904745791423,-0.12395940814656628,-0.014369887074125523,-0.10960324852625504,0.06436732797642368,0.05565912246219799,-0.18283023673311982,-0.05487468575542133,-0.11801451903293328,-0.11068746344833222,-0.33106152643123343,-0.22749935972404334,-0.05914589689043464,-0.036954084372963665,-0.15113478316992177,-0.004921269276140117,-0.02396303313327446,-0.05428593408322405,-0.04808824213438962,-0.05113759112515486,0.15217404893832495,-0.09010019951112952,0.12205649216106972,-0.3186207321717553,0.19080065771096072,0.06961689312621112,-0.04033002460994109,0.25430032317386153,-0.0865593053445427,-1.4512819478194385,-0.26146918318834916,-0.13962422817573045,-0.9818126864362581,-0.9458017844581426,-0.5840605012492348,-0.9801982901541245,-0.3660084904188744,-1.033438936321468,-1.6636192053607968,-1.2586289309904182,-1.492464609532085,-0.6042823003172894,-1.344988866677965,-0.7328613001854924,-0.684975285307359,0.2323445014131366,-0.8301014881385423,-0.16793343989834073,-0.7899308752384274,-1.2795248350214363,0.44162422039984867,1.1131550284000056,0.14542708187048756,-0.08187989640099073,-0.653764968224584,-0.8819923650725782,-0.47820633625179465,-0.3271418727547347,-0.777590944489296,-0.8635672402506217,-1.0120340902720817,-0.7504028654972196,0.9901436180155667,1.7136513034633076,-0.27690125267645965,-0.8979139047705881,-0.3295974911220199,1.4624037395067895,0.155840578809629,2.699179918111861,-0.3046998427342269,-1.267565521527602,-0.7455773117265192,-0.629569989878074,-0.3838741193629374,-0.17216463324147363,-0.395507013323818,-1.6835996318235718,-1.284642666441259,0.13713485016172086,-0.11535394105850891,-1.6594464391589283,-0.9743126444507486,-1.1417714458461443,-1.1679794600105253,-1.068818685999401,-1.7837019293155942,-0.8390221941870953,-1.2295115874640197,-0.5190516753325628,-1.023853999594545,-0.8349907660593272,0.044706099894829654,-0.24890955545602567,-0.44378549898507236,0.04726421349948998,-0.768440650802524,0.028854231559743215,0.23327219241394265,0.4283621170278871,-0.054053143092977894,-0.6776538596652296,1.4453610329997697,-0.27813631064028266,0.6117844539909679,-0.3948941724793606,-1.20531247190136,-0.2870012670847813,-0.5666067085818655,-0.9194513488263666,-0.051670627221333434,-0.8325295757357117,-0.5315580113434287,-0.09266608997250343,0.8208094246301024,-0.7823470175702605,0.5343386545941562,-1.4661633588324687,-1.0940909589330279,-0.10806766840063442,-0.7035225776831167,1.0974026786583144,-0.8443768133811312,-0.27137905663066736,-0.5454361212226386,-0.4684214096795019,-0.6391443257602718,2
-0.16324226586708304,-0.17400946773213868,0.1349132616447546,0.056416361629806164,0.20682114403958662,-0.23052337844020093,0.01291623889477338,-0.23375981454554698,0.04859841884784922,-0.17455522270867752,0.07575783604193291,-0.10921710335125412,0.1748311045629413,0.035466175895677104,-0.02013799984066688,-0.08520846332286477,-0.21101413490406942,-0.13252264161837055,-0.06828770002355727,-0.054009590873468856,0.0588722619146433,-0.09663501212967876,-0.19094269006478892,0.05856120219694575,-0.002993793722495504,-0.07848176582189681,-0.2836243355234231,-0.11537408379984741,0.19379078560179028,-0.060956019242293324,-0.23991351408595318,-0.12419037300825193,-0.11853019239998158,-0.22546267011915333,-0.12466113051964242,-0.021581463131558867,-0.12618726264242305,0.07623371808248199,0.1806011617471986,-0.6567899891844013,-0.07020726723185772,0.044227635293582715,-0.05568446340763407,-0.1447583686769653,-0.35402008518038863,-0.14915846510809216,-0.14372154915895627,-0.17520609993304911,0.19697839801054717,0.27080839995158124,-0.3389065306166878,0.02276165104776457,-0.264540378977935,-0.2360687320541995,-0.45720292966607823,-0.09507606099796917,-0.0700698886442534,0.07994748608104653,0.08891715217430107,-0.00463878117387724,-0.15880170893662116,-0.12823295562943193,-0.43246843089909126,-0.2529196609269577,0.013357985117632018,-0.15650379860997782,-0.2737258129990495,0.05841693097690519,-0.2794887664638012,-0.08182359503996339,-0.21317007679784006,-0.2693987741192764,-0.15770936576123706,0.20415565301743915,-0.03233621146259961,-0.2753670908869142,0.02919560808448503,-0.14017567817359733,0.023037550437054452,-0.14110221788405186,-0.05184215172904764,0.07572380375295397,-0.2982137548991728,0.03344401256427533,-0.05915721970604903,-0.03843415944920509,-0.24831784792807315,-0.24910395984076472,-0.03473318410568584,-0.10110728779442002,-0.16458704865577375,0.1291637789915153,0.07510161056684445,-0.01462575275289242,-0.024863005495811087,-0.005670695612525902,0.173769844487957,-0.016684797555861698,0.13251032009084712,-0.43055419852009313,0.18187754489247565,0.011805217161483184,-0.04648456586165306,0.22070491935397565,-0.18683858541423215,-1.179492310412589,0.5222043703559144,-0.9010222895220065,-1.3033875481565211,-1.3423419676496777,-0.5270370001082958,-0.9357262892312158,-0.09803967695188608,-0.9696402005856335,-1.5901008944182407,-1.5036844495182473,-1.4707020769081176,-0.734792991070629,-1.0801688699530776,-0.8983114883363179,-0.577997076894986,-0.41470224430787933,-1.139669667459484,-0.9845282813049434,-0.41927014845031724,-1.21077277141842,0.020435398899246802,0.437665800472701,0.0383106738586477,-0.7756822139996252,-0.9022645298599703,-0.9201946824355756,-0.4295634452295629,-0.34177472074925935,-0.3759729391396331,-1.1994554267214843,-0.6536992417985671,-1.1623499400124637,-0.0814648571799269,0.4491184344824237,-0.5681033088072704,-0.5980171062218447,-0.594562983475819,0.2967720812138154,-0.39963264659258063,1.2943175467322883,-0.5205999460843841,-0.47494799266170723,-1.0000928143375691,-0.9566715848216147,-0.41269654059386957,1.023997017874465,-0.6604445482498432,-1.8410711876121606,-0.9176713348500989,-0.9647216051119658,0.5074770824823378,-1.0010149869323397,-0.2929261158845299,-1.2947699964874355,-1.2013256289110827,-1.2028448288192835,-1.618007812140578,-0.6101751928487593,-1.095466601084492,-0.8550854228732301,-1.4563307215991037,0.16816025369969015,-0.3790531582240087,0.06914171561095031,-0.7726536247260506,0.09710703856503278,-0.9186119751390682,0.2933380992349218,0.5482857648502026,-0.40989725711158526,-0.037304503263482086,0.06745835899608905,1.4998965671169247,-0.6440681171896023,0.6397825834414136,-0.6165617796626907,-0.771832696349138,-0.6990403893371732,-0.5472598146751848,-0.7801096297958731,-0.36613333054591274,-0.563475101465708,-0.36313572659946736,-0.07768055701290352,0.9891172145472885,-0.7343420400712376,-0.4322726773782967,-1.8035507441476548,-1.5174277971078338,-0.6789317649473362,-0.2755573353538328,1.515434971248016,-0.5882528105759186,-0.8998987255112926,-0.8074914805221157,-0.6476205793114309,-0.6698769690665902,2
-0.2518716603083912,-0.13449872141046496,0.12936743040596402,0.15016276737325354,0.11648654381183039,-0.24804060299661498,-0.13600870297984183,-0.20498337394183533,-0.08516605121234297,-0.3132559358832451,-0.031743165262322987,0.025891270626089022,0.005521261835012911,0.08033961204209462,-0.062438638592440615,-0.009772730137039075,-0.14032399572571483,-0.3500443735102138,-0.05870116479447764,-0.17049482470881416,-0.04611395434252628,-0.06341506847381366,-0.3579576948636169,0.09245545280186962,-0.0524890694820548,-0.13264622322814926,-0.26639752967712066,-0.19004757643596173,0.07560636570366235,-0.03709002316615492,-0.24296573333629984,0.005139118979588827,0.034460133475828436,-0.24927217939731022,-0.06877853358805462,-0.10662533196097607,-0.1740004271410114,0.09410587336363463,0.1892143458396904,-0.6268238757292312,-0.12757567084298818,0.02755465228841869,-0.11585079835405968,-0.16596082400437911,-0.33414026004331815,-0.21311680980073666,-0.1699582028540235,-0.1668496988703205,0.09847707361412132,0.33187636266552883,-0.500722408115476,0.10083423079334458,-0.3055226432757364,-0.3282474578735026,-0.59614020614993,-0.13107524720474115,0.015254875420500216,0.011384083570242539,0.15638176599502715,-0.08965493923018443,-0.10774699003540976,-0.1876738667670069,-0.5625994255677453,-0.36337479505241355,-0.09654316610775349,-0.1840078019331697,-0.3326884904874535,0.21573637643405122,-0.37158545510841495,-0.10441160533856288,-0.2592884753528491,-0.30101532833529526,-0.17064139813294993,0.32670184006796293,-0.07102964942534284,-0.04325344527854221,-0.1033839481125572,-0.04540187723104485,0.008264528004860279,-0.07947696082766824,-0.0612363402228822,0.1713459139539568,-0.25190281297948625,-0.0023158965884019136,-0.17102906751983074,-0.048802942442409916,-0.2340915617116948,-0.2531409254504785,-0.062202229842108284,-0.21535564640069954,-0.18834526421498762,0.16524992200128658,0.06453561004418108,0.0534044063698252,-0.16796679338509257,-0.11737762559833641,0.19839602069057646,0.005844526793741639,0.14166163981900462,-0.4528383121105216,0.050254804822829915,0.02839424035342551,0.11349680101297778,0.18430375215383019,-0.19468043662966675,0.1585489847919573,0.6117154892049026,-0.7992065000719345,-1.0639580532199053,-1.376634264845243,-0.10240579242440975,-0.00276450279479842,0.5073131379999236,0.1260071252005683,-0.5739076111820925,-0.8633239884349626,-1.2753709999248124,-0.28808752153199085,-0.6895886428712432,-0.2574791466025023,-0.9541941858683223,0.36610254065148745,-1.4281905078670583,-0.013917134082689976,0.14427265355973046,-0.9651216741324833,0.06466688517142116,0.28876552534615063,0.5937094843640428,-0.4078047727361702,-0.3975260520488494,-1.2393940374850525,0.04807267979222879,-0.6079082029853744,-0.6383747246412149,-1.3838656315062172,-1.1946389819936243,-1.304780798013659,-0.24548323684323536,0.2623600580984867,-0.4520843617886326,-0.4901233034782103,-0.25037276552958676,-0.010323201907431908,-0.48505512774296555,0.9694877440398805,-0.9729820377628459,-0.29427290649684695,-0.3695872864663132,-0.8956995468328559,-0.9321553446098831,-0.8033722679478398,0.8770966067805406,-1.4308471630785689,-1.438915955871573,0.1870890313618556,-0.001466447384934927,-1.5199027947473902,-0.5753651381868318,-1.05486118043256,-0.6126749721085782,-1.338997295631529,-1.6573225527503688,-0.6758585467478835,-0.7875300910422487,-1.1559930311553153,-1.5446616852033528,-0.22317058434989656,-0.13760371233504445,0.6206597506953649,-0.7990120576749558,-0.4392427747499854,-1.0462051991747272,0.7543304611145208,0.7465552871043217,-0.01077678870159131,0.09504813238735627,-0.4153335905670295,1.0516349488966297,1.537924328640691,0.274416972772659,-1.0868182227793795,-0.46794280426972285,0.8929555591909001,0.3122566993092783,-0.5155702016879553,-0.978021134938717,-0.41254155544425597,-0.6438458099385419,-0.42665807366293984,0.5481418000977436,-1.3322964179745382,-0.3202256660196434,-1.5555576912611286,-1.1945323292287742,-0.3217875280417265,-0.3900397138907862,1.3229343404017584,-0.38427204509216495,-1.118521511596234,-0.6095666711447049,-0.5257129073126804,-0.5108436126093618,2
0.7391109980257309,0.5308460290034687,0.18938744030371374,0.3703262194207619,0.39929177972127544,0.5085072775127949,0.23581719030398968,0.9934453306683245,0.3998014594023856,0.7560317135035063,0.08753099170908767,0.1390318951953048,0.09079014184298956,-0.08850038761800808,0.12243197814209732,0.5893178951246233,0.16510762272758728,0.45300466885539037,0.2869856069763364,0.08781425923203325,0.3163930493121226,0.2381889470268976,0.3124855888782952,0.07732268486562967,0.05235237490081688,0.13273077445199077,0.40364204699514217,0.08483848847805217,-0.01742120181555802,-0.07248306376823721,0.2520366418059242,-0.0756161680440772,0.03879394107665161,0.04358077526243429,0.04419441711661342,0.21035089650119224,0.05130711390778405,0.061035060057438695,0.2477693755709956,0.49138666269006076,0.18778739171449274,0.26644448436728546,0.11381675197607306,0.11638503710930875,0.07402525677024524,0.030778654428388005,0.18274132450485428,0.3608271490616471,0.10319835185081093,0.38924235401224416,0.027759355365239463,0.28312856805763503,0.3464245438022747,-0.041722076060936544,0.5381710194542639,0.163918735661727,-0.031147683129061656,0.15544393622813962,0.0929303092977709,0.22497070178291953,0.49348662954890316,0.06763871046590643,0.20334112022321035,0.2788736122868686,0.32593944901125393,-0.25229699311271825,-0.10565026706922159,-0.05230634147013165,0.12441482977428168,0.39058348324629505,0.16055886716231768,0.20515290039810616,0.29483035245598777,0.24047394787526902,0.26723094752457893,-0.1265195610435645,0.23072120400527965,0.0954919588537679,0.5204619830668686,0.7641512193345059,0.008485500110819215,0.11009459348385058,-0.11361453011923459,0.37829456962440966,0.18684508163644095,0.1352891219779585,0.047214413594039675,0.0799164243593295,0.13272437739849735,0.4027006228069957,0.490353557512494,-0.5271351537027429,-0.06937878979710874,-0.16162236665072854,0.12454862191649688,0.36613904138673425,0.14617615136773673,0.33401777954179107,0.051569922385817056,0.11845103482832517,0.2480855496485913,0.24527202274525825,-0.23630884450505862,0.3861283377395308,0.27638656700420844,-1.1306144333797763,-1.1645057923570397,-0.38445162578323044,-1.0545487321159466,-0.020891089336711004,0.7320125794397462,-0.3525438190420221,-0.7990567185580362,-0.7386925236540803,-0.674796977551529,3.8645173161446955,1.7081421123651062,1.1880155130464187,-1.930665762661012,-0.7174612676383815,1.2290077252629614,1.1017544495884195,0.7377353677524949,2.100069817740967,1.5593687995864813,1.5207670486812215,-0.12009300247811905,-0.27217006412665345,0.9421356206665388,0.35435973679911753,1.2439733394935284,0.10452246139174674,-0.48553658804963057,0.6152105917321008,0.7767888979277979,-0.5888772157852433,1.0208516432495698,-1.145913914232457,-0.29086727645636484,0.03052882683747007,0.4282357582959093,1.421633635318371,0.16906096790884512,0.20172207479969256,-1.290123317121369,0.2670489577152338,1.0639664430089886,-0.24863151034334136,0.17625328975081178,0.5709259541208622,0.907431134672857,-0.11863711065709069,0.7803691603642832,2.556732940006765,0.2643136963629077,-0.4401757066573523,0.6342722017629273,0.4221342975156965,0.8418523778224675,-0.9353572369086159,2.5791443253553683,1.565437263977682,1.6822335421612786,0.6344692256201915,2.473786133789814,-1.0211221636760706,-0.9725308342256312,2.1532647781041234,1.2028547407331478,-0.930180408859313,1.9800811485441066,0.8628196555643564,1.307778345771716,-1.0434905521135107,-0.1453422046962116,0.7406252088672501,0.030143629300444657,0.799694309627358,0.975220580542228,0.48353223336112566,0.1969910292006534,1.0107156646278754,0.7343649038544521,1.1505173560961703,0.9385049966049739,-0.3220606278295862,1.7450399861139094,3.0331430204743253,1.134378412519497,-0.16854689635221237,-0.2548475360233526,1.6685524669691671,1.4793096601745162,-0.3103347493599541,2.936780753819413,2.075622244414062,0.43150295110456044,-1.045618943061211,-0.6489347121229733,-0.4038972506543415,0.6526521433210893,0.823605882643186,1.1670383389458387,2
0.3445654520513643,0.11571077624848326,-0.031547095107561665,0.06580035819884439,0.09725558898590052,-0.019682406220658526,-0.09593013840595782,0.4630460374826121,0.051946601505427174,0.18841693014284244,0.06791477159916484,-0.0586727711883652,-0.07199345045442891,-0.18401955183903101,-0.03842659483393491,0.48095244111192104,0.012763410676491867,0.2669225258723933,-0.023126765017412176,-0.2386021312062554,-0.034007736218254356,0.015518090224957109,0.04660503137578834,0.08436273787806468,-0.00825301767302137,0.0923838765875713,0.33937141149940714,-0.04034962532013079,-0.20577848850914573,-0.18162069166572592,0.006585229771005552,-0.22976785689405693,-0.012798326944200494,0.009693504775200512,-0.12277502193498822,0.04806060578740001,-0.06466534025220508,0.02119359465223692,0.1139134263723797,0.32111500116654373,-0.0022114064018668427,0.053148190776190755,-0.2268290614309733,-0.03445946686618233,-0.07051448472224156,-0.12881234595636976,0.013209273293487814,0.1360053815986215,-0.10454471297781148,0.11239664624947796,-0.1305968941016862,0.08947327163009533,0.05466036834171738,-0.16403749691249425,0.3607741851016886,0.011794199574395713,-0.1934834521047697,-0.01856686731590875,0.01181918511271992,0.07554371983246495,0.23882233090320804,-0.2929502561511757,-0.1660957688964513,-0.015720340697158063,-0.12279715798147012,-0.2289564024346138,-0.1477260724292557,-0.09807954821609734,0.08728762428626737,0.1265664205638896,-0.14810360797576433,-0.07485432199515574,0.014408782991128043,0.059676420575912985,0.05428687291304746,-0.26001444261352,0.07563709543636803,-0.20891951063602712,0.09880334057636096,0.42641645562067526,0.06576621445171714,0.00777629924713808,-0.18499535448056495,0.2603417559612173,-0.03317955684485921,-0.042768277070318564,0.04521411631198929,-0.0749445708101828,-0.0911506811996812,0.256171771041028,0.19488119911277854,-0.4301581053624535,-0.15863290385658085,-0.13886019833712399,0.12477201957639437,0.28249274588966494,0.08112130017539257,0.2475277125490327,-0.20237098007963983,0.12312076654812672,0.15732593254748997,0.17128120384801532,-0.20221632750905144,0.3152265944899559,0.22110537158363155,-1.375861831305765,-1.556132623462772,-0.5298317383137318,-1.074210320824856,-1.0628721647458137,0.045343897029924016,-0.7342152147612308,-0.7296828829814088,-0.6918182788414997,-0.9545219033005791,0.6246787164351981,-0.6047046990871313,0.1295227493867278,-1.8796080661122139,-0.9084075347571203,0.15478703598273588,0.49767154878943026,0.2602802730330145,0.8620998017240529,1.105659237779252,0.945203353640734,-0.6959958836637841,-0.6424451750823882,-0.5777080771488007,0.3969992784121104,0.6488112712910614,0.01941679386704285,-0.4825850887093346,1.062556197080634,-0.22704643627080812,-0.38250961692201485,0.2360641190587605,-1.3483186850989486,-0.37549636534737874,-0.0315435082227729,-0.38681951808381604,1.3454933511623108,-0.029548676346102518,-0.25340583861463195,-0.49985087710523773,-0.40642646742255195,0.2591097669720222,-1.4727759347722318,-0.7262375351191394,0.9029814795189235,1.1757325249956885,-1.175038202077057,0.3869816280938477,1.5612729968806893,0.5960804616041857,0.6225068556086023,-0.12848893814861836,-0.44233819321135587,-0.02726632959642899,-0.20528214964916847,0.9214228403280686,0.839616837193581,1.5760570603566704,-0.08693216948876084,1.2765444478291992,-0.361073372221481,-1.1394418075953412,2.2546979134752494,0.730517772043586,-1.114762466600599,1.3761109489864343,0.775158535297782,0.807202530640656,-1.1422815050640747,-0.781536387760877,1.0110804360430297,-0.6828285927667022,0.6473435600113557,-0.9120287472034422,1.2384499395296384,-0.5055777127799249,1.133601095313141,-0.5682856169375848,0.033752702305271366,0.4848363020807076,0.06000809477381148,0.30114618307622987,3.212541638785434,0.26264735632244546,-0.34897615519927033,-0.7197594203479666,2.287088319169445,0.3784068261296307,-0.0952287078911809,2.889250821106255,1.9410844276663746,-0.048903056529705016,-0.7947726223881649,-1.1946188853561253,-1.3289564699014107,0.45562323258389353,0.6308921564146064,0.9793810718812423,2
0.13474762370134533,-0.06683541504484525,-0.07324483307547654,0.008861246918847163,-0.11323004638311716,-0.2099620414145869,-0.030862772916531344,0.32644740221760105,0.0056764258750557645,0.0923991439694371,0.163388068666925,0.05966463075208963,-0.09318654314152693,-0.18918901046931716,-0.15094808380104832,0.3270908819874519,-0.0016062776614753508,0.0052304231067191705,-0.09414345509278194,-0.17539615432659586,-0.07224531739756059,-0.14456356703961704,0.19178315150444555,0.17490638792613317,0.03425483025965676,0.0277302911473738,0.22596567131329312,-0.040575619787127655,-0.35208868270916804,-0.22764867751556894,-0.09699933360257618,-0.33844641927573527,-0.0821718776261317,-0.047654342868567776,-0.17473217065597066,0.09557360193099398,-0.10946994879988992,0.10731787323342201,0.1254619685616368,0.23624454734706832,0.00835843735710985,-0.0965323839642898,-0.24743474292291956,-0.03478703210531375,-0.03867489262771638,-0.009937526919504934,-0.00512486232846519,0.05490945527408958,-0.15052029373127473,0.07593499869232025,-0.35680183195244836,0.019447266474957835,0.1287412175055323,-0.20393300974360762,0.2464047626506438,0.18805425315507102,-0.15061232835296984,-0.00029245552101352915,-0.1395925691092002,-0.05064010405165328,0.03108168347296975,-0.28491928207650385,-0.3929610066416684,-0.06913717038085217,-0.19588940601107385,-0.19675125411553568,-0.16508088962654746,-0.01600548681686498,0.026061493161925135,0.003324819899961757,-0.18024114413288084,-0.1817259672059571,0.11903597143859942,0.03288007207700307,0.0569172213729719,-0.19774977092801418,-0.037353269563836784,-0.37423165499734656,-0.07332316962015889,0.02430101563187913,0.009643003870992272,0.0497448059446215,-0.16449684230008985,0.3437456044431448,-0.20454427391895572,-0.05781227638506606,0.08898579733801036,-0.07480438594137977,-0.10320305811714417,0.13229352918109594,0.1473784530816555,-0.2195041106181826,-0.20011060214703463,-0.0009229202554795735,0.1797167039294716,0.1481814348216597,-0.05905683530453209,0.17711490074997627,-0.2834587322736759,0.11272840423220928,0.2087826006301934,0.1418779806730237,-0.2694313789245432,0.1900092890878314,0.10777574910026201,-1.2155846650693365,-1.2029131822115546,-0.19056840169101003,-0.6088294127586342,-1.2681506418747972,-0.10934933584030247,-0.6094552410380644,-0.8834681350587426,-0.8652036673502651,-1.1790234168056837,0.8892818933417679,-0.40788249124755227,-0.42704557625438105,-1.9342237791629917,-0.7513552029694236,0.20473908105306862,0.029202541857712205,0.5319565172820704,1.828322220641404,1.3972041195114475,1.3465353508242484,-0.6826204900273628,-0.6964042843571367,-0.937027678868717,0.5289211630926286,1.180843384327966,0.2826249727122057,0.18782308081364077,0.4916560052371421,-0.16656121029124377,-1.033677459703721,0.7728882462723923,-0.700018629425418,-0.8330583481032962,-0.48248243894873416,-0.10924256763860705,0.6758044139390892,0.15381235343624863,-0.3133000603541697,-0.8882981801134193,-0.6738542655723961,0.5994947622878983,-1.6472002921693614,-0.23426087639176613,0.026130524210101088,1.7958177452631527,-1.3328749464191083,-0.6949478182058745,0.576973434717792,0.8861376305403753,-0.7562763157484604,0.7384307670582027,-0.6797316303055155,0.9324783036706635,-0.6109787832211673,0.6026952655901605,1.3255657158594274,0.6910153673412633,-0.29200752085119974,1.7839963429914303,-1.0635401284851311,-0.9183410024006623,0.2857399861478444,0.8573165150754855,-1.022780144311413,1.3652598407551189,0.14048419717274158,0.6597409944784436,-1.0626562110381899,-1.3590265678451108,-1.416051247044691,-1.0627657948838676,0.18903366495410803,-0.9443419403970479,-1.4101857234876012,-0.45686143498087595,0.5875852341766891,-0.12538765713675093,-0.4540122559089206,0.08960231397859626,-0.330375287497381,-0.019679156796291467,0.6969235424849847,0.3008835071452412,-0.15069638434706722,-0.6235900423513023,-0.5772128057871329,1.7706269919184785,-0.2821535426169836,2.1686973699441787,0.17026732076357004,-0.5930808075254497,-0.8242581985330764,-1.0897422936476306,-2.192605769836815,0.6187934692314577,0.9374844503890243,0.35910137417738486,2
0.09672110783997186,-0.13964712513011945,-0.21137983677428354,-0.07635433864717685,-0.1871268850361348,-0.295999064743511,-0.10192750527310575,0.21163097327352037,-0.014916232745735381,0.035824953243583244,0.21334079756453547,0.05140946130850618,-0.05653180256985391,-0.26777390221752667,-0.0873069200586169,0.14390130197840004,-0.10512969634183757,-0.06745257979416729,-0.13633422022960692,-0.2516238596778045,-0.0932095373281976,-0.2048800659458483,0.07650414746734042,0.2093961034826514,-0.05347009852825429,0.11949165442571198,0.24634878430398094,0.06362425325613731,-0.27593207198644537,-0.10212087335553811,-0.13433474992702518,-0.1900124494204529,0.06040767494119161,0.1778578938965556,-0.16692502710462598,0.01621938168941137,-0.2773157232783552,0.08546000742614787,-0.033790361693349584,0.244036199878374,0.005398763936199126,-0.12269691187725118,-0.23851523366126295,-0.062435650170770414,0.11400236891975746,-0.013426843350882005,0.06748455486715634,0.07780779240050135,-0.19551698123375477,-0.13281483764896665,-0.2519264872484351,-0.03193921279073844,0.17398989626604852,-0.2240616341836663,0.41737959920892553,0.10007968791139794,-0.3049538787585371,-0.07370197244212792,-0.08066930556793873,-0.2633580141271648,-0.08192249467449149,-0.31104907541842336,-0.49271006113162286,-0.1596941880940542,-0.09958789156516502,-0.10925971805840647,-0.13528251548357512,-0.04174703000111993,-0.06813183069321388,-0.010160222514134374,-0.14358969034449498,-0.13535438820527423,-0.01860699699039993,0.06237044703912182,0.050332833921272975,-0.21344378462089345,-0.14227217086594496,-0.3983156398976787,-0.025399654084800598,-0.147926622383225,-0.05054536584703086,0.07866517597330032,-0.03453374817391887,0.21108400983389453,-0.06990728447622696,-0.1766613008078618,0.09492849825448,-0.10042739095271493,-0.10601255624956551,-0.08807896348620431,0.15119548087209,-0.10570443584411672,0.014201890752669323,0.043999125192141754,0.16724586652089207,0.22018132459364934,-0.00768614330193141,0.12539886963969554,-0.21071511279855815,0.09010417917008834,0.21553140713056151,0.10043301475504378,-0.34117554831413455,0.12633357840005255,0.1340633919110095,-1.1773952589140806,-1.0409328138860678,-0.5601146094716432,-0.7275811806494122,-1.0676049884834964,-0.01850732818726032,-0.5724986615168404,-0.8871752180264977,-0.6884045936549704,-0.49819551452356303,-0.41189050854235454,-0.08623031032597915,-1.3139350677736286,-1.5593091371038965,-0.6937830607730809,-0.49234426798687425,0.17686091306164456,0.40505667367885906,1.437956663501293,0.6753316245803405,0.624447179951423,-0.8153008628871652,-0.6862974682915497,-0.45947287411500637,0.5725304815646542,-0.038558929918638137,0.07046513465498995,0.4543615400772654,0.9838737541260021,-0.5192200410769027,-0.617225203514718,0.318085462810825,-1.0863886086090335,-0.7253068114783945,-0.47504956311662355,-0.7020767358976528,-0.00042293053712685007,-0.46722386811164585,-0.9471706982626934,-0.5400961136931424,-0.9988581349251888,0.5738633922534453,-0.922004503315706,-0.6334169982138459,0.3504973560188483,1.0930584537072021,-0.6508200119285934,-0.8935893883373414,0.2684908237315274,0.03145027476970742,-0.744310968764924,-0.27722641649174573,-0.691363784987457,0.5389518819431102,-0.1635843598536008,0.2071486042578455,0.6230920161214872,0.7734668293600597,0.46564518749663036,0.9514317019873363,-0.29427642748098815,-0.4794543929857414,-0.32072003172795,0.2941958909102747,-0.491204804631645,0.9651490138072827,0.14243863055193412,0.10603589772479532,-0.8091694469620063,-1.384173911519545,-1.1705411444750968,-1.358595722026051,0.04740906605888773,-0.8933499613540892,-0.35976955735927185,-0.8667479534581185,-0.3202156089549139,-0.4656873402377903,-0.39359014192855496,-0.4096620973210443,-0.6992627633069111,-0.0011347381449397231,-0.22154909357890654,1.0285297378362297,0.1158010156569478,-0.5279660223396745,-0.17556641041008605,0.25038074080865813,-0.7631048352628799,1.1330460458991325,-0.03672301538536597,-0.44486903535224886,-1.2207155683030517,-1.2457948138158719,-0.6464267587177693,0.8819426281655551,0.708273357491102,0.6555560332328814,2
0.11429241090611747,-0.04844283561405186,-0.19040552238920772,-0.05861025842947983,-0.1734602348171783,-0.28502173794262764,-0.14823724607231856,0.20424856275144604,-0.028659915491416357,-0.037288276578589026,0.11177258967765226,-0.028890057382233776,-0.08047628331305284,-0.18624099776344527,-0.11551541672357729,0.1463209599681881,-0.10585664955065695,-0.06361528748864875,-0.11809228907279398,-0.09659137571387533,-0.0844661997018209,-0.21438020697730603,0.0869830177438614,0.21613899893968624,0.07607335247881661,0.1579648990543689,0.25895219525894186,0.09821571253177512,-0.25859873782476034,-0.03958532838082126,-0.06261072257774593,-0.17979775050702584,0.07685316833159886,0.1991254230502564,-0.1597905364326798,0.0032713052161183814,-0.2896158489250889,0.060371430870583206,-0.05691280379481683,0.16381635798643712,0.08646547629791616,-0.15079817489699884,-0.1752709047158393,-0.10954531738632398,0.0976852448864573,-0.12589703647607392,0.2117577119339201,0.08777807986195474,-0.12773889011159412,-0.15459301016101198,-0.2504913343151803,0.03396113708320771,0.1672074910820783,-0.08496666114430114,0.41844003184817635,0.15435036455050405,-0.3203715849372277,0.028621219011335568,-0.05568978833841043,-0.27620157084459085,-0.09038363389994068,-0.3154840049853427,-0.4070136148879284,-0.17872542074216718,0.01639406255788269,-0.010028891789609628,-0.09139348369331228,0.008569343905752516,-0.04970655884689734,-0.05051269158002247,-0.0248349170881465,0.021460102261633335,-0.05634860371284861,-0.004186746931376146,-0.025930923957484763,-0.3139986844106503,-0.13749613412179557,-0.4471629400955582,-0.018018892142101842,-0.3333066867542966,-0.08230423779875104,0.14282487979909134,0.022820867204099957,0.15641845863096748,-0.102246096108066,-0.11617517300422361,-0.0009230628830000258,-0.1867794036524608,-0.2765310173854087,-0.05894122881762087,0.23547364038048232,0.006435498983889224,0.011949507643745461,0.05574418877437601,0.0512625038369615,0.2721220290955579,0.03769511913059201,0.11226140926491945,-0.21968882929259506,0.059972450481589654,0.26617333308749064,0.062137700870840626,-0.35213698243451774,0.026193231472821696,0.2085711942046164,-1.089476250485356,-0.875420622553884,-0.5571947043270136,-0.9654024185875584,-0.8479072500814411,-0.5092242375013227,-0.23429926555199157,-0.7134709023175085,-0.6887678069116684,0.19625110084947248,0.7784541762217914,0.22420814450038065,-0.7868152164738259,-1.5416416510194202,-0.6003749949451869,-0.6150779770007273,0.19133928348561183,0.6801076546009396,0.9159802652783761,0.12810193512648146,0.26393551688702616,-0.6385237609040684,-0.5504112207830474,-0.4085052994171835,0.6616866193526538,-0.5469969326877168,0.10921461303622473,0.8056361129098374,0.6820644788788935,-0.8538891739933484,-0.7301278955477515,0.5979704240978925,-0.6398657315524735,-0.8918391749724719,-0.6587318053485447,-1.154404107698871,-0.8670764870128315,-0.13314751666593716,-0.7443024114786078,-0.5386550361457818,-0.8253435870494601,1.0032820514725733,-0.44118224747987717,-0.5489625028291313,0.0971780838590857,1.293535156128284,-1.2227449699071575,-0.24510943889397366,0.1175086903559832,-0.18218593766398697,1.1733793899081093,-0.5436773301200164,-0.5326437067366763,1.1665940435804572,-0.5054095715317934,-0.32851107519093103,0.9372917440202659,0.6680033170182234,2.6619426804944406,-0.2528403190955107,-1.239903010835822,0.08737593622760997,2.782130477793313,-0.28835653836233865,-0.8874127272662754,1.4587140916855563,1.9032653203280925,-0.19593595087111468,-0.9851399560280416,-1.3523704770705693,-0.5279679514006925,-1.2183145546961014,-0.1461970030185215,-0.9252600857392865,-0.07468038573751401,-0.6545581736210762,-0.817772525207996,-0.5364528795606126,-0.3619767245096118,0.9274305327841946,-1.08444051950902,-0.36673420675172874,0.9146044733953096,0.4777745174334247,0.002164272967880628,-0.41367330876445996,2.860443179635648,-0.6237266647903191,-0.5354486217743969,0.8926567012255183,0.1194333509483878,-0.09853799715285597,-0.3715667636186351,-1.6635260928337283,0.00790579039376611,0.5606593089587065,0.5947774145406876,1.37576653281343,2
0.09543989528108053,-0.12950171361580948,-0.11494097174181414,-0.054342943406692,-0.13755309471537017,-0.1922975629651265,-0.1688663249665463,0.06911088397900705,-0.10556237609820131,-0.06313796199819069,0.03351351155552391,-0.05182737032907722,-0.05683173850834354,-0.1969574841865066,-0.10595082459091017,0.08617848597100512,-0.09883138676002032,-0.03544572163439746,-0.23586387808301937,-0.1641175518597805,0.035156144970920636,-0.22492322607926635,0.14531328366412463,0.1416512045539113,0.06339668290579263,0.059666872116786444,0.0632337635046232,0.008259966273027742,-0.23963930623282018,0.10519438515125931,0.013516655316600009,-0.12844972351434583,-0.010707082401263663,0.10613360638231153,-0.16438057386265303,-0.010816981594889096,-0.3926846275288757,-0.020064778687667817,-0.07968208385392031,0.13417599069522876,0.05677554385458276,-0.23019566812261805,-0.2834532215413882,-0.12096992338383686,0.06695667403801066,-0.15531835787623058,0.23806834990773423,0.06881719450682962,-0.12024537224715119,-0.22231797012749532,-0.2546742630462969,-0.06128357871455767,0.0727330467874601,-0.022222792546558977,0.43303079118948234,0.09444079262739606,-0.34445918184179825,0.08671861444874433,-0.004582212644005216,-0.2628001821695118,-0.1966240307605084,-0.3264755875980166,-0.35523981079370487,-0.1678651855932664,0.018788705733115953,0.004551026728769313,-0.07521495273440024,0.06727771271473254,0.014495644061706184,-0.06384843093086674,-0.09188892525179992,0.04351928989979146,-0.14498809070867344,0.07970313454203011,0.014239551346159314,-0.17368774526616187,-0.04399988932060197,-0.42334852905915976,0.04774397818409271,-0.2740370699104736,-0.2169578232117633,0.06933254612551919,-0.08377240160469303,0.0731294623663439,-0.13835892050110923,-0.07630707321626884,-0.13700067796351278,-0.18068564027437914,-0.39397022808660687,0.0004383854784088747,0.2518155175123837,0.10914420911974083,-0.026608883937542946,0.07381571511368883,0.04372416580855407,0.19517757566778215,0.056397362805808655,0.08692574291779681,-0.23368804370948915,0.019598321477698192,0.2476915793904608,-0.015213529161722915,-0.32291563238801946,0.03929545400677792,0.23221215180634258,-0.5726546028134758,-1.1567853429058916,-0.7070699809993779,-0.7463215378490007,-0.32832890261919156,-0.46641336600275907,-0.06661887973877036,-0.522494107128543,-0.4585310736375432,0.8752625981535562,0.11618629537735922,0.3472593140361801,-0.8646357673938059,-0.5285966744375449,-0.5384737867052123,-0.9165107526974482,-0.21603058221032215,0.22771753267449274,0.8052903433989717,-0.08603665819911749,0.0537960622321665,-0.9132298549298609,-0.30002998721885465,1.4159372545849414,1.8091981521865335,-0.38853266999060787,1.315161814592256,0.7682415849472792,1.0463798965307642,-0.6212782527669798,-1.0534095982475906,0.39306603922455385,-0.9156359355025563,-0.8053082745667715,-0.7027107246634012,-1.2888075962575458,-1.1856038737563024,-1.0752372538997101,-1.0877416204038666,-0.9211551655882084,-1.0426463444562928,1.0030004013022615,-0.5861519270046814,-0.6270764915746474,0.03052903724518892,1.4685401461825014,-0.19980833707723356,-0.8551441955625861,0.28557577047000066,1.1290745185281186,-0.8887733397752224,-0.5126853946689218,-0.8231251252164794,0.4500806808408286,-0.6866926775243494,-0.39974567700819796,0.9578639053141058,1.0484466409900455,-0.5991555592049593,-0.9757119220589927,-0.6177334442156146,0.3262288834237131,-0.5506442644808903,-0.7845616395389706,-0.5931406868539607,1.4279324343099125,-0.25485376783881797,-0.9378004054521345,-0.661703839821075,-1.173818041057143,-0.7656836969822646,-1.00037611627673,-0.8752644508462953,-1.2099590738235295,-0.7646066695165398,-0.44742583633525973,-0.8250895523162957,-0.6393789900597762,-0.39521937329986495,0.5078945393496545,0.9918787559189225,-0.2783473966459102,0.3924805702443682,0.10208341542117517,0.1747714408560358,-0.7469200113193537,0.20106921528226754,-1.3095559879239775,0.1452122239083741,0.566914230853148,-0.19739495999272805,-0.12462282595594774,-0.5158863858638594,-1.446088119058484,-0.7897548969976166,-0.11995406188125213,1.1381255227425662,1.001945046597266,2
0.09458148907007319,-0.18556870262710998,-0.10484995320332052,-0.04811697073873258,-0.07723373173531581,-0.26182598558839804,-0.05807939924136612,0.05712525668951023,-0.09819397466944958,-0.09728266972820097,-0.0076359877360348515,-0.11454177765890902,0.06481025366149093,-0.2344909803283678,-0.03234938309740166,0.09179611185908104,-0.13707056039005072,-0.03626526540094828,-0.3643950819767334,-0.2369729641920243,0.0017819685313154227,-0.18326171936220936,0.09615397540358898,0.02495897537809678,0.17239586228946358,0.0036753854076733376,0.022613140802998827,0.01123767123403316,-0.2919023275497578,0.10730608224975964,-0.07348381131162564,0.02039125485593721,0.0217771516043673,0.09845237937442476,-0.14909460859327725,-0.006269879825310333,-0.3510717791969283,-0.03813013919164632,-0.12526721464529497,0.12166793664334397,-0.0629107529061682,-0.22122672971603266,-0.1614338514278804,-0.13260328481289946,0.07550290933252497,-0.09912625211536016,0.2617381553972826,0.006898485868399645,-0.15927907926092302,-0.26975848447744194,-0.1895462319350843,0.00209258364810688,-0.012377331799342355,0.08324342412730805,0.3792800923629944,0.162245269717954,-0.31720542327770124,0.005736425359845286,0.0012235350086847092,-0.2948295864626707,-0.17589418521384267,-0.310164886608543,-0.21353057198730113,-0.19981313045845336,-0.003136273378375915,0.14129093573025855,-0.01671538608948783,0.10068212531052982,0.0704325080133627,-0.23846928155077993,-0.12194529855679376,0.08173740493858647,-0.0994577244486412,-0.034984636750699474,-0.006888508563142885,-0.17490550054266465,-0.005654691623659845,-0.5062636759899635,0.016362199634634103,-0.23076053745107747,-0.27438246510041625,-0.035191898229343564,-0.04471420136149752,0.13615482629216125,-0.10516179137587957,-0.12650244161667254,-0.0869148471092206,-0.15282875059760653,-0.34107356994179466,-0.03666056101598227,0.27141241057449206,0.18492984313620336,-0.08640380171028883,0.02878605877681315,0.1106408082601703,0.17701116277844353,0.06375652262883987,0.185109475913968,-0.19146301205027388,-0.0036741498388842544,0.23186856169536038,0.026875244526452412,-0.30301253755036817,0.030277054700556277,0.2876376612078492,-0.1388896357742574,-1.0245635899447592,-0.7061394394695929,-1.0417205979901742,-0.34488165741518323,-0.7298471341117356,-0.1975225425074707,-0.567028560567788,-0.16675534475699708,1.658521524120592,1.4955714623738288,0.5874476627795463,-0.6416156895815017,-0.16590396138887786,-0.4763930221417037,-0.8101989418699994,-0.6502809026936026,-0.05138261390578765,0.6335992033621146,-1.1742956956017427,-0.8165037795302266,-0.7970683576205805,-0.28120583782486896,0.6218028481531988,0.8335443804985824,-0.6792150643594381,1.0264686648652679,0.8354088776654972,0.6897128444973574,0.22065011205029245,-0.31145457762297707,0.6170999721160069,-0.7844278496180279,-1.000180088538834,-1.0204511155782001,-1.1962693732368073,-0.9741121799468425,-0.5942664632588791,-0.7189195923510467,-0.495295174292939,-0.7901745368854438,1.0346288496436595,-1.1545872924750975,-0.7331203749870553,-0.09093863160147825,1.3970116567491226,0.4032243025062271,-0.9043682945672746,-0.5076973499663845,1.3276580196272239,0.6099007445765351,-0.9991135224841429,-0.7906604028867577,0.42127160812994924,0.11776620733652203,-0.6105738694254135,1.0743945369975687,1.4746502087227709,-0.3907383745000622,-0.9644498599370918,-0.5565248621350292,0.27480527599420723,-0.6908841257658125,-0.44853855423516925,-0.5484863306998083,0.38332344982919153,-0.483286477795875,-0.7126099141617958,-0.6696602213634097,-1.335162286901742,-0.5120781773841461,-1.367852400900047,-0.8274951978256946,-0.6407804780460971,-0.4828785641669728,-0.7777462058650243,-0.7832312625128138,-0.7562106759205224,-0.25093549235813917,0.5638673296587151,-0.050812765040894464,-1.101499051847877,0.25972051525528045,0.26543963291246275,0.286221416934013,-0.7459080947701863,-0.24712718713831147,-0.781252675132463,-0.5144483196218952,-0.1837200463443113,-0.29116243918956863,-0.5687923866506136,-0.37223770695004116,-1.8228682934339364,-0.11203543348898201,0.14384204702512018,0.8983068632038129,0.6487353054912007,2
0.16522767392811616,-0.11944982976599859,-0.19190327615211944,-0.18097882563140916,-0.08905205397033196,-0.23224163534652245,-0.08270765373457171,-0.023990447445381133,-0.14430954113178307,-0.10426057383710702,0.019190901570044185,-0.2011804313864938,-0.017924190494194747,-0.3466785568966128,-0.06261204629346125,-0.10556918664886188,-0.25105484532521716,-0.0542632552749086,-0.3666910129958755,-0.20350550104566104,-0.05381865494790545,-0.14030699979650135,0.053208182405336875,-0.038892004550860046,0.13673459731683069,-0.1065557651228376,-0.10814975655522302,-0.059667728987643574,-0.42257755272767433,0.06700568803056069,-0.07502078850961187,-0.028632735153337526,0.06845336167069718,0.12635605224754556,-0.22908076661680155,-0.11076119777022508,-0.2964159076065829,-0.1806138840136432,-0.13470046168329552,-0.04679284993507915,-0.14534179060651328,-0.19260508655322,-0.033016832575689534,-0.21057340433156382,0.05472478403780481,-0.192632359446857,0.14203860923288994,-0.10636482771056649,-0.344223961577049,-0.33762905073134897,-0.06016344492241817,0.006503263582304032,-0.050735856700258285,-0.011522122617520777,0.3127757933965241,0.13680095788131355,-0.3191145387219892,-0.14527533816518257,0.07668843702013146,-0.2382089466313942,-0.19920574803407162,-0.502811849398534,-0.0824657806445832,-0.04004828927292393,0.08349376731739469,0.19009913041815205,0.05646361739582292,0.20898274812050413,0.03693690105932697,-0.10277265749559647,0.045791663137691466,0.1748333945641435,-0.0719850069249592,0.02753660582340437,-0.043163928054194986,-0.003800482180450209,-0.012610410125623259,-0.7059299562822287,-0.1247073311944207,-0.26909991817626133,-0.32235558744399073,-0.07084195040170875,-0.052471895499507475,-0.055151948184414656,-0.0611937833443532,-0.20601715244441451,-0.15814987062914457,-0.18400043267285435,-0.326120376056261,-0.19821377500928072,0.2618164331185774,0.1539648658616711,-0.057983972181772175,-0.1349808505602509,-0.0037194003101339982,0.13252669628863867,0.008304082925962969,0.04041733852300236,-0.24427281113208343,-0.04014721047428945,0.06528355497675006,-0.044200269385318014,-0.2088646785458358,-0.002920927463207367,0.23799852391939688,-0.6548163928217816,-0.1729761979874632,0.0610783281136336,-0.3474968171952216,-0.2513424866012475,0.023809895997794102,-0.03759098943165215,-0.6743001891017318,-0.30889178906592546,1.0829580407326274,0.46235407817366614,1.0147441096541399,-0.24594774011415838,-0.3029554317622756,-0.1250763517974445,-0.4076365586386066,-0.6516863627411311,-0.7557558620652006,0.3929038344431293,-1.094103180402157,-0.9120553785966622,-1.0112155994840812,-0.17597844606355287,1.9203345957956066,1.5194402088855523,-0.5216119961306174,1.0042223303109854,0.5577385162614841,0.19697997180906843,-0.011592859387901912,-1.1417234158405212,0.27784241146675454,-0.445424043238834,-0.9114532557346436,-0.9160534418745612,-1.3359394216330966,-1.0674842034863075,-0.5626635591548244,-1.1871943534560965,-1.257712914273401,-1.0723789617947552,0.8394158300577378,-0.13226764373435257,-0.8978582491468067,0.48094192195229235,1.9050807383460786,-0.07901859407408349,-0.9788993051879485,-0.37328334626105847,2.1319285197482123,-0.12425309069900842,-0.40311203785975047,-1.1184286461746469,0.3279514638619073,0.6616873999722475,-1.0974349391763871,0.6989990206752518,1.008258677563821,-0.4395373839872661,-0.6125652473496618,0.16035803309227095,0.3079648041553311,0.9246400689752532,-1.6676294548729078,-0.7321892385746476,-0.1772960230995851,0.28072774067624,-1.9324681173738976,-1.0990247299989135,-1.3309864423079962,-0.8223955641431309,-1.575175106892751,-1.4177888541377226,-0.6404770862174526,-0.0978635314164401,-0.8186255105131514,-1.1167204756663194,-0.6799610226124689,0.4706386839175992,0.5772845795260639,-0.12096486340724154,-1.1624402514290626,0.20275839780963295,-0.795743894335756,-0.17368896965516703,-0.48309105634374255,-0.09474077955071653,-1.1554259708540002,-0.020571642407741696,-0.6683025560001411,-0.09997308837921222,-0.7354728638153116,-1.0508597744035681,-1.990680293794725,-0.41128751434934974,-0.047114366662826944,0.991181507830778,0.9028121550220803,2
0.14257194470226645,-0.08923777902535346,-0.13633269369050693,-0.06664412754291255,-0.08462206747572891,-0.19209780196551882,-0.04317546584285767,0.03607405764174824,-0.22035075149279826,-0.13212484379611472,0.029305506903784504,-0.2276367184806554,-0.02224654656478977,-0.3889031858833381,-0.045360469699290806,-0.10161168577239607,-0.2864421120954195,0.004499353977596839,-0.3221595501281389,-0.19291287660104342,-0.026813822004850416,-0.14639176025258283,0.02991848985284661,0.023788079538298236,0.1390154047106358,-0.09528311629964338,-0.13095159884997204,-0.03816094670087322,-0.4194795793316291,0.0922424780575852,-0.036629493081833726,-0.033817813216950196,0.01651252112228441,0.09095949778336049,-0.3028788793584243,-0.11263494530676384,-0.27692475294551505,-0.1617236316262862,-0.08604253723754215,-0.08518268584548615,-0.13980251013860037,-0.15112611812597837,-0.003562838533970602,-0.2590594648618663,0.13021139532997494,-0.031771603431719274,0.0994390420977191,-0.060270784369748864,-0.3903366606407311,-0.3237631267856187,-0.07693528782100278,0.08243015273336601,0.022889523020714037,-0.053956145082195144,0.21503979809437296,0.12470839437325769,-0.3791519957714807,-0.168245422964073,0.08321669007522606,-0.1671141879701472,-0.17516941960606425,-0.44535756250320163,-0.22326768928292132,0.045175023061812584,0.09013429464962577,0.24538683988128157,0.029754358708205773,0.2279512917576968,-0.006262447903417946,-0.06122083882026159,-0.0411740975129346,0.1735975164317209,-0.1347816320230525,-0.009115920234769299,-0.010666122081808518,0.038097134109251765,-0.04520397972993186,-0.5678115842567075,-0.1350532140555612,-0.195633471182169,-0.37607667321820426,-0.08428267748298313,-0.06987053761234359,-0.0077633669250417115,8.041596894669672e-07,-0.234335630422343,-0.17879754969404255,-0.27314103646477933,-0.32438372259719306,-0.21080488767736244,0.2861325640233588,0.1766495049782345,-0.15685486470541996,-0.11101088948128604,-0.06233467883589583,0.07938681856446204,-0.02114423115782846,0.045260696230341096,-0.1921272353939777,-0.09512269505319675,0.09027668479450605,0.0028505726521067783,-0.16105193166252527,-0.04646909453307799,0.22993892228806828,-0.4925835552662693,-0.5437650737960514,0.013634782366443247,-0.33802748380880526,-0.3796398182646495,-0.27917941645283667,0.5640182636201826,-0.7293861424946897,-0.1659112707049804,2.280594443666872,0.16718534639550084,0.859649401193207,-0.6077092518450459,-0.0019089180528414997,-0.27242858950587107,-0.3789675010088334,-0.16453568772148877,-0.812257501150437,0.6389914413750473,-0.735203697851138,-0.5232448981801918,-0.9113426562377123,-0.19720167056195745,0.3960657966544377,0.9781960905245203,-0.5555244994982732,0.6016222723254292,0.5328868576185977,0.20492574541953437,0.5570599455961449,-0.9320072517651155,0.2526532369937653,-0.6817584821394843,-0.9510967302294705,-1.0586670042957775,-0.951438356029462,-0.5118997584079966,-0.3884891879124757,-0.6647828700115758,-1.3788725623479625,-0.26420321521068185,1.372804449325606,-0.6789157834103279,-0.4875342492749798,0.27705194308684444,2.788139295360488,-0.7577005319375156,-1.041802724273366,-0.7012492342756431,2.0247468214284274,-0.1631106278046442,-0.3460908955404209,-0.7728076778441542,-0.23840861155303936,-0.8041715371422493,-1.3663313938086856,0.5703393463496059,0.6923135538753041,-0.014884783557054113,-0.7418224224389203,-0.34596372973593126,-0.08273921156601853,-0.07507945561773988,-1.6780503231978818,-0.36876411842199047,-0.7715012350251885,0.29582244227335197,-2.0424391892985656,-0.7971606493365204,-0.762078745720085,-0.4315251568081894,-1.5299300369647757,-0.8977199603799432,-0.8048223443987987,-0.02305928298443392,-0.7172248578776778,-0.023305268001432237,-0.27640685666104464,0.0025246122212681933,2.338001476262245,-0.13201955661138134,-1.1531936188972622,0.46657577389080673,-0.675294812922096,0.2410316120262803,-0.5101254960169277,0.18450237841196848,-1.177371112553792,0.04385891626479376,-0.4375799279882168,0.2563841935785993,-0.3765975398143216,-0.6156776425407008,-1.8977075323964867,0.20710036279429284,-0.4571007165163256,1.0469821009080345,0.766139785302476,2
0.1630323339428884,-0.018179623425145404,-0.10746624147500959,-0.03389148002968921,-0.04431429035550541,-0.17270427181735523,-0.053562900004427025,0.017952145213556262,-0.2224146015609543,-0.09908890555559106,0.010601735056443365,-0.1610757263481017,0.04661661674986367,-0.3704620627314294,0.05786519757667829,-0.006362243351850307,-0.2761525637851378,-0.03184673496036767,-0.38609991072531835,-0.11716696640445107,0.0034567555878910563,-0.19138222674177618,0.01990015882185408,0.05299501764431341,0.11501189098467964,0.07362854580257835,-0.1147715868231603,0.024340352765983564,-0.4191209541089048,0.08188570056586589,-0.13531623636024903,0.025354701457946632,-0.012418595692288382,0.09028818907130579,-0.3544265269863542,-0.02517586785418776,-0.20868948788771738,-0.006669782209045703,-0.063008499710886,-0.10143658273734757,-0.1311537971026651,-0.17364950144622282,0.01763552459047851,-0.18978940111730758,0.15818423304820955,-0.03193654613740548,0.07819973975693374,0.005287858460457298,-0.2688626967047971,-0.26693768770759974,-0.044936569420171116,0.04786012359157296,-0.0421884430369174,-0.16474993083273465,0.2556665442643195,0.12588131097741423,-0.3197618876233295,-0.14789469268540434,0.037662797993114366,-0.15989067254382097,-0.03394284703166367,-0.47528087706924765,-0.12415947331043505,0.000788527550696651,0.08889378550717472,0.20404511863650124,-0.01017279682838433,0.08401712567426584,-0.07119619556996555,-0.03602463962146345,-0.023323579306134226,0.12494108582552033,-0.19088942082138696,0.0048682392761908045,0.010034025841341127,0.11728006628864078,-0.03609074443775558,-0.40924113505538107,-0.2078152743006422,-0.20057283918575342,-0.4389356825496593,-0.0684730492488255,-0.10578379641338352,0.06675151497941899,0.11803384722724564,-0.1504714679628452,-0.2367591258229717,-0.20695452612377613,-0.2717077221768065,-0.2505885091279055,0.2889104284534344,0.22158846830368437,-0.11338865858538422,-0.1587224548301403,-0.0643134194361583,0.05509738891871899,-0.06846632740435026,0.057451506130987144,-0.046305264927947516,-0.10782736520425143,0.0803130511283743,-0.007824870249539664,-0.07525700108248987,-0.06909922925401593,0.19524153453443915,-0.8156553320390205,-0.6348945887386511,-0.15285372292498808,0.02829248120215898,-0.3207532505924904,0.17214521260226756,0.9493996383662328,-0.5695465774666214,-0.05009507266622167,0.8655100701480185,0.19359125203139405,0.054448795768878906,0.15007201099341394,-0.47231389444053695,0.07093439964328738,0.11607508736455951,-0.17597137103572943,-1.1051393719776026,-0.05581772307079689,-0.35409878334744865,-0.6629544255430533,-0.8879140263697529,0.05129606307680138,1.096175815171945,1.4908571009637008,-0.19914791400664292,0.8349381457729295,-0.126557103801299,0.014924744554613355,0.43032774173162797,-0.9214493968583556,-0.1382167024609916,-0.2585257688017348,-0.5155990268248886,-0.8111875260266725,-0.7843756048897685,-0.7590936773784355,-0.011460898485387425,-1.060321076337393,-1.4681642134006905,-0.6483296815340489,1.1011332185274476,-0.3858016230269422,-1.203830177952857,-0.03698345240029196,2.7784323094545553,0.3689895399349324,-1.031220508775053,-0.3950912175000945,2.516647364375192,-1.306751244279738,0.6274445630170267,-0.8387726159937107,-0.014422598150601538,-0.8617158852621172,-1.7152058687191578,0.059831684624805294,0.8992533124007825,-0.2115588634744856,-0.13814925366536865,-0.6584714232478754,-0.164474197674262,0.0581149417817715,-1.2976915663076227,-0.09718383891838005,-0.8456619080017153,-0.10025253191989847,-1.9750673789073256,-0.6611869267203984,-1.0015371941915314,-0.47007713944575047,-1.3440585180129,-1.0685145439067973,-0.4354493333409724,0.6719944013903986,-0.7594100955118046,-0.36173242224557234,0.42628640346404956,0.16158673287048692,1.2508805901443212,1.1863109887534895,-0.22290543344913022,-0.02651120894623865,-0.8688561604417414,-0.03290374919118765,-0.6324096075378521,-0.16711409633205554,-1.1101323828213678,-0.7223261860031045,-0.83158328733934,-0.14776881392366586,-0.8089450584029817,-0.11427518049697707,-1.6550264981552028,0.12927901685887197,-0.803317138754128,1.121992137822773,0.33717392298131416,2
0.1895819518676743,0.01503965444668884,-0.039591397308417986,-0.05849109386789188,-0.054987747468688064,-0.1583685709517893,0.0030612308127387277,-0.10379221938473156,-0.27881873056725154,-0.05940810062194635,-0.010731373907241127,-0.15101033981992734,0.10086946712657494,-0.38360334164180454,0.04129246742666744,0.0918656700788024,-0.288406107726652,-0.055568048072090516,-0.40536523874403224,-0.1834266802251809,0.06985552838209995,-0.22526861663779185,-0.06947518305792585,0.03982391619243492,0.2026881262271585,0.057904624688124975,-0.05645496768183609,0.007976409096380716,-0.3709061594709651,0.1559756044873013,-0.11829296699646082,0.0248457861867712,0.05494939702275823,0.04127290765897328,-0.3204346140762114,-0.03717021293346695,-0.18295820785098085,0.05882563662241437,-0.08325429928772456,-0.13389929562167643,-0.18821573236600814,-0.17417305743660438,0.03184276097056666,-0.14203656696931044,0.17429673411230043,-0.11126222374481089,0.030904255093249063,0.11571120217636316,-0.29949347230775053,-0.29993271482898703,-0.02542087895101869,0.08729135519547705,-0.025785512638659535,-0.018181831873596514,0.20070485532116378,0.040838533338497546,-0.2552663384262261,-0.10505193579298915,-0.07494851360099418,-0.14543451461554854,0.007045488615460909,-0.42503873857376173,-0.09255367290908045,-0.043479160617099256,0.08618781204158947,0.16680401799070602,-0.05221867785323908,-0.026298167468424553,-0.007823902000321068,0.03837747918993136,0.0018410387329547673,0.04556149913487435,-0.242663879667106,-0.01930723130479671,0.018428595084558304,0.00709599041964539,-0.03683099762322063,-0.22153614838581653,-0.353311652743334,-0.1866688110659665,-0.42507305962922376,-0.1345988223448239,-0.17964411787940177,-0.0744356854941554,0.15586399113878438,-0.09233667715825226,-0.23023322370646265,-0.16160380193546184,-0.2269897580943761,-0.2504083627719084,0.22540675617502187,0.15851816172538744,-0.0657947637575622,-0.06834605732397718,0.022761480665730104,0.08049439459391702,-0.07435947467268764,0.08179638673484776,0.0326046335433315,-0.14940091449373358,0.1072660242478724,-0.005239734639931741,-0.004591537105962522,-0.0560844648739015,0.2650880282728573,-0.7368240672088068,-0.9118424973078273,-0.03623978048494774,-0.30316984877933506,-0.8563369612101167,-0.05150976918291825,0.2925304662082992,-0.8128311087023646,-0.15721307419323274,1.1063707213047336,-0.11398221140775175,0.01735146905547052,-0.2751359154560817,-0.28576387841441714,-0.2565392647424761,0.018684091962944745,0.2686899650378263,-1.1314145478331705,-0.9385336295127665,-0.5327490990836589,-0.8904867888771437,-0.5007969192227394,0.21736282935223783,0.9854211750320743,0.10107403420209884,-0.8545101164151108,0.08498123747881069,-0.3377640533683351,-0.027430385096197735,0.9213077235193851,-0.568190370923054,-0.3012878327621839,-0.18413541327560468,-0.26634429989152025,-0.6837129073015412,-0.22132113706961418,-0.20243081722673664,-0.08958427589770168,-0.13280311218382387,-1.1338973417142821,0.5060699981475614,1.4211118382020314,-0.3216312800404075,-0.22468378659042323,0.5004533188743215,1.9407338024722092,1.6572027002596361,-1.1096871276043894,-0.1934721062899771,1.899710806184588,0.4445795306698725,0.29736983120418475,-0.2411904723590221,-0.8725650603862314,-0.7040142272589438,-1.7409476255160399,0.009770949520008506,0.30279682104557937,-0.26753110516311207,0.5890526653170706,-0.6490178699027608,-0.24043739037293257,-0.24862253289133965,-0.1975423138789469,-0.5128351769512512,-0.8559442008667861,0.23728677449223476,-0.5204477282748567,-0.6258397277573342,-1.0478218450458798,-0.20625254505607152,-0.5497192581692711,-0.083150383907028,-0.36580547008099673,0.3532529109743866,-0.5250188918910508,0.3595017359667523,-0.08731268172387378,-0.651074815280406,1.38297495987159,0.3910612776613215,-0.3422959545364808,0.090554983511893,-0.07528756641181018,-0.2877074152466892,-0.6972094375413358,-0.732090510595579,-0.6548161207195754,-0.803550134226951,-0.4392502133627478,-0.06191782238680838,1.4388143725802514,-0.8323112736442703,-1.6036983853023334,-0.10978035792030719,0.029843054302759187,1.1421827515229295,0.6665904771716739,2
0.12424428142411496,-0.018282059284612413,0.07481866525665533,-0.059905404877519774,-0.03275456447191122,-0.13663148947860496,0.030809156168695794,-0.12668583412043732,-0.2898151831215347,-0.06934345607606623,-0.06430995230978082,-0.16197175441634898,0.06570468796035318,-0.4022398776018744,-0.08929301791241998,0.23987371175706362,-0.15052715775839404,0.05306039214077928,-0.42760192965402655,-0.14396013151906278,0.047404107960538296,-0.17158477872735636,-0.004917533692446338,0.043349021599160494,0.20012410079426274,0.053898533505766684,-0.15956920711476913,-0.11816589679673682,-0.45356765681590216,0.006510807249858852,-0.1397575325772003,-0.11340467033312233,-0.12914507904796302,-0.05896705208657035,-0.22607054929917786,0.019246278951711604,-0.11579131456740163,0.13912533467379587,0.0679372669273441,-0.13422273213461838,-0.26812991861166013,-0.1268446207678994,0.06592624063302593,-0.20388668925735834,0.03182418074505654,-0.07094936463802874,-0.04732379522252131,0.06742665093205187,-0.3010923324889521,-0.2150826970599704,-0.13564725694792837,0.05216227615397247,-0.08393665605057078,0.05292005914252485,0.09123909139330684,0.04356524847474307,-0.14066401036169962,-0.0013253451700059675,-0.05213262663423832,-0.056722499227145354,0.030760700489062095,-0.3701291334605641,-0.14992341527730907,0.0386142287604323,-0.01459686742772867,0.1392438690482838,-0.08219764830522118,-0.04108316219857589,-0.0696604381200292,0.07508231531964607,0.07470737608322028,0.004125547923150137,-0.16081237420443845,-0.00553245901766188,0.007496093810343577,-0.0175718284322958,-0.05890390986633857,-0.07931498816831584,-0.43997514968642426,-0.16040858295703722,-0.341398533826838,-0.12795701590149874,-0.17070765006552888,-0.09892513522268138,0.05424374053572618,0.030714332232321475,-0.3738885086255509,-0.15507664635193186,-0.2594733050582877,-0.1405555453367641,0.1942155724159495,0.20980862455985397,-0.1847572054193772,-0.05874597945158281,0.009730148176814066,-0.06087103259551043,-0.1581009064501472,0.10940513172845515,0.10268043287548546,-0.24069129558756838,0.05950896369156028,-0.05586410955831851,0.05611720853564622,-0.02477512714409349,0.2362455314267636,-1.5342088609479534,-0.23219540813506712,-0.46164498898625805,0.23526162802330913,-0.9892339397369546,0.33096643842236556,0.5114654200448078,-0.6887653679440038,-0.2917471347617645,-0.062251508517555246,-0.08117967452172828,-0.6055685100152639,0.4721267092630782,-1.53314969300702,0.5426177988097072,0.31313773004025797,0.007584423158167727,-0.9057544701282068,0.22740100536579452,0.027256075638951955,-0.729651066888379,-0.4024687015919967,0.21744031258625315,-0.07311754666857524,-0.6229989145960604,-0.9219736799147535,-0.18478502706173824,0.15525310576826562,0.0759509672022422,0.4659961383835774,0.04418416646292553,-0.6060712860618922,-0.1677167579792795,-0.12152440171712534,-0.7327946074092091,-0.477321447133922,-0.26767117778737226,1.5557762012549574,-0.646767026771371,-1.2137640477898126,0.20338671408471357,1.21220830594534,-0.7258814155716125,-0.5667801494241893,0.13669359779802895,1.6461584431379597,-0.08666710389526579,-1.149623711986718,-0.3005019837566046,2.4470373643388084,-0.5260837336015032,0.12843908331159903,-1.339504890914704,-1.0297164796053375,-0.5302869195340123,-1.6482611270055874,0.4574991491700346,0.10267515243885576,-1.2181319667210087,-0.15659898660103105,-0.9927437108319351,-0.8606475365345762,-0.03601383444910462,-0.36042139685057545,-0.6016661409095376,-0.7947338200923415,1.1581146150569388,-0.6761714111256337,-0.9055126936697857,-0.8653272169489931,0.11194077802984558,-0.5439212289746295,0.25019005035315295,0.32902645047649154,-0.19396780178748943,-0.049369227303019014,-0.26977595648155944,0.03130317538598704,0.7022557479856208,0.42670573522899613,1.3307249812250277,-0.10159931899365277,0.9906630334646345,-0.7381428188398655,-0.39871013716967724,-1.0387717516627981,-0.9381510263171444,-0.29492645690632063,-0.9203597127248986,-0.39257596870007044,1.5896759349721508,0.9937405571243104,-0.042874215352384316,-1.2863765126314586,-0.6464158169942688,-0.561465036169113,0.7248487374730519,0.7259997004626573,2
0.16871558897575067,-0.10165135651979401,-0.038640606147350966,-0.12213809062162712,-0.047678483175391126,-0.17144471785546592,-0.029176766833321585,-0.1769431773922705,-0.34443152403130384,0.0770301455425785,-0.0025527112344090426,-0.09598922132670332,0.09049594850420863,-0.4132466227473434,-0.015871593421926986,0.17212050116169875,-0.13277108978361027,0.019731086969497384,-0.4702053892732378,-0.15759727352564207,0.02108684568992994,-0.18706079584631474,-0.048014267736181636,-0.023068296700202547,0.040582037818925394,0.06567921077014331,-0.14255681799059783,-0.11256671541485049,-0.3462338171402707,-0.023375282584621623,-0.14439980687824178,-0.10357580101847663,-0.21160790782663977,-0.21888637936605798,-0.23039508154696894,0.0314666223721049,-0.11085795717950009,0.2408505202843091,0.035900279494253166,-0.0785568851963698,-0.3189642889515083,-0.15960523128309723,-0.013783794095084475,-0.300383077659267,0.031663289278986095,0.04423495104145101,-0.14342003896349412,0.04394447541627855,-0.2870167865413041,-0.23305412362017675,-0.097111044142609,-0.10476951587923244,-0.06870075771630443,0.006843590209306137,0.036384074991869936,-0.00017571635123400498,-0.2355888465915478,-0.06484257799035359,-0.12255612636705344,-0.044909139449617684,0.11414474120644644,-0.2909358521665526,-0.20296973386521297,0.027497336422033624,-0.0011685949123975794,0.019038983003845256,-0.18318521234946888,-0.06430207565314174,-0.16775729445323176,0.06617161519794805,-0.030541647980075165,-0.11180415467628035,-0.06260317326002293,-0.04743748437757715,-0.10041501339547111,0.051684205347153026,-0.11805442074142163,-0.10599708171151677,-0.43413943718831877,-0.1579124659150609,-0.23866128967346795,-0.174981558496027,-0.2088294449517885,-0.13390366332288675,-0.04860111527518663,-0.0747587621231765,-0.28212847169469135,-0.08750925143850273,-0.16835246847558538,-0.1561559664330484,0.13506569932096657,0.07526675153866821,-0.07412315735680705,-0.04207167388788121,0.020219159903689353,-0.19345806884106825,-0.18305465635738835,0.06602286050456077,0.11933229770901174,-0.2639825725433985,0.018730532930019656,-0.041915546003245936,-0.007865292543914685,0.006821942899037533,0.2354053893623403,-1.4100776078919648,-0.590285659342981,-0.22901626275767148,-0.1349419483365393,-0.9227554759523281,0.44032068891027676,0.5204361777945322,-0.6262767985321072,-0.23850973630842653,-0.03427457254813273,-0.7418106684745872,-0.5178785335835798,0.11823846556469006,-1.3999554866201989,0.03822993315897217,-0.6101818279880481,0.3148905716397413,-1.1111031932833553,0.09992658045830388,0.08810338589076509,-0.13882095602322234,-0.2694771239469516,-0.1415823988452458,-0.029725835292821044,-0.710239013721435,-0.6780453465801245,0.1153822023420516,0.6059005455788865,0.3110679338484144,0.28423118807967446,-0.050275506434972354,-0.6722038000464909,-0.1914635180265934,-0.11441678995580984,-0.7181528707271647,1.265768713029279,0.42142776068326526,0.5043415874464305,-0.1672665515946572,-1.4970586103158214,0.8442053554141935,1.641400690195755,-0.6556052996582138,-0.5983810561764559,0.24442161934249043,1.4381613460756826,1.0544525654345902,-1.2122763626412452,-0.2877111939258915,2.5775739639488022,-1.250861282440382,0.6064632773154132,0.011499021249287889,-1.6196464645217656,1.5230227870975974,-0.8220110582715371,-0.0017456002188590725,0.13462266660438285,0.010762109015103634,0.04088395641885762,-1.347497325954253,-1.5223643428844138,-0.24175818474818847,0.4020998309860628,-0.6616374128547384,-1.1093160983148538,-0.45300625397469196,0.21190727571274365,-0.8116227880802805,-1.2243877899618265,-0.7903135996146976,-0.18928220850312136,0.4723369368147798,0.17850643452191345,-0.3497766827655356,-0.39399934300693046,-0.05408077983583279,-0.10547633864073373,0.23709888476151525,-0.9448614431397372,1.0274953843483954,0.002873806891643656,-0.26993469115254587,-0.44688809584397665,-0.7683032590320988,-1.0396117353632883,-0.9460316411616518,-0.5867452323881721,-0.43955544443423405,0.07508691009496411,-1.0087775770284084,1.5170272093842048,-0.18963192184554467,-0.7702384358979499,0.3507005750530647,-0.07888375072003975,0.4376227940668408,0.17390962079253613,2
0.17531501254553522,0.0214591986648739,-0.15162136750008506,-0.0350538830734073,0.03407865397743097,-0.13602387076902103,-0.06531096052458545,-0.20764204601225456,-0.3878322234918808,0.1520582518076418,0.0013193118638464767,-0.11279147779690621,0.1275206619918679,-0.42716895174139685,-0.0678314027440037,0.1728251129901677,-0.0833114975782051,0.021196151684905226,-0.3409291275154248,-0.06973171755732101,-0.1326481730940238,-0.21811271517147207,-0.03361777488192896,0.03430330403552491,0.054046027527806975,0.19440788511356594,-0.02439938098874775,-0.07207887642207736,-0.30194147299817575,-0.11127297349760168,-0.07062056428129371,0.023537089533865033,-0.23447287003080047,-0.29123606482273834,-0.1983017437838537,-0.010651446758407884,-0.15199117403160128,0.2828197986192158,0.019187849138425556,-0.0818612307393822,-0.20949172844817862,-0.03925921955259116,0.0637018596440641,-0.34991580386199306,-0.006318095305290728,0.04132743352133826,-0.08827850659898724,0.11440811602830805,-0.2055698851878412,-0.10946704130849243,-0.060028877267031544,-0.14207842658963335,-0.0865582221443509,-0.022085241473309473,0.03465015880119804,0.052440507283874525,-0.11776861128548345,-0.07669741313747984,-0.07003379916244251,-0.06648413755303698,0.252303226035225,-0.27201601337034215,-0.2822875822694838,-0.1813271238629396,0.04862214233805899,-0.03002006129396816,-0.1493422498668973,0.03811535919275837,-0.22886605844882457,0.03346117033119837,0.008804934076969235,-0.15073118636018473,-0.012939175124284977,-0.1255786082515719,-0.19340277787801086,-0.01889551264146132,-0.18633575429089141,-0.07325002309102992,-0.39269844440592405,-0.26453844499757434,-0.14379657103150212,-0.11462313927412707,-0.28553585292722744,-0.10436255244426237,0.015237204872043492,-0.12836745611780365,-0.19700136947130953,-0.04688900768015063,-0.14566789649546938,-0.2728330731264467,0.13851027238852232,0.013316401309954286,-0.09260699252120118,0.024946071350764328,-0.0021747473701359127,-0.2149667670666955,-0.25175057883665014,0.04354501409333715,0.2002412864070642,-0.23508229122247146,0.06708197543021,-0.10725077380869713,0.003274187778647227,0.01939843346472195,0.20036635333243571,-0.6880497736912431,-0.5702461082401294,-1.016402365765099,-0.37055252595079746,0.5787560624763133,0.6698574132513831,1.74516254378424,-0.14641622155967404,-0.008794717098839937,-0.435965778351719,-0.4563116161216632,-0.8416538502815663,-0.10263663028846347,-0.5829109571675152,0.1985794576992191,-0.6347593380768457,-0.10163388348239985,-0.9563944342100885,0.28318456811509374,0.39348932583025525,-0.0163081291373436,-0.4075128955965062,-0.14652407987934035,-0.5969228618128233,-0.6692655891999019,-0.46261375914957414,-0.11083705392974001,0.6916062638942566,0.36558584184454246,0.4369487255934005,1.0987459847188248,-0.04634213570805864,-0.8154716783184873,0.4800286502875417,-0.06273418435642722,1.8671581599399842,0.7758292523357946,1.716436804887021,-0.5960622134120918,-1.3573790601787252,1.7420309487947903,0.7491300871603573,0.5032690239056343,-0.7102081080015212,0.07871815954791607,1.0093500904475556,0.7290070013733045,-0.8524545505387501,-0.8816637447467428,1.3422369805934125,-1.0614680759606885,0.9094140872760528,-0.1388550420744858,-1.7516536806762746,1.316944801543718,-1.4552106805744915,-0.42104313387730985,-0.2151429921569106,-0.7738031227938001,-0.12260611606118589,-0.8584010831630101,-1.7019078999514734,-0.297351129586731,0.3465236285172996,-0.9642016347395616,-0.838228194977211,-0.31199908572348134,0.05503006192293324,-1.2389861314094526,-1.306096309227492,0.7938906116202804,-0.26141520932313106,0.6525635793596672,0.2847796526919635,1.223801557566853,-0.3778404604811479,-0.20567013031376605,0.3997343696565764,-0.2794837868911631,0.2882640766982783,-0.2644058876637889,0.27429188693348416,-0.3951370901543496,-0.5717948704841329,-1.2948278514699727,-0.9813253126778428,-0.6333541421240338,-0.5714485124063305,-1.0875939311037661,0.868355247412743,-1.073079705391722,1.512498987593984,-0.6759362229607458,-0.9485503621469424,-0.7634898340545551,-0.3304977613338307,0.6103182155305192,0.38157755637404217,2
0.20614691975398383,0.08474841891633263,-0.14079994422311434,0.03992161981942863,0.11859635301039867,-0.03955540565863819,-0.07368888794112587,-0.1893133116744529,-0.4015134067336963,0.18368841380539924,-0.008262540105174182,-0.10287058079931422,0.10570894541919836,-0.27016173870462945,-0.168095180438327,0.1766867772002386,0.007770819309953309,0.004790121538639977,-0.2404678378913255,0.004472189100322533,-0.12627576195815626,-0.18779519132160657,-0.02608409330693123,0.0838980565186518,-0.03583399736024274,0.35622834246456153,0.08467824321140806,-0.11671557471993456,-0.27581218607121794,-0.05366597681554471,0.041716734498779474,0.06411895487601504,-0.25531082384439224,-0.254528372733174,-0.20278785006614453,-0.022562340940096542,-0.09703574291252912,0.3694733146374455,0.126955956708161,-0.0759129067431322,-0.04307539094920165,0.02236083220882349,0.05834477953179944,-0.3345607802962675,0.006886297422806511,0.021152828238380734,0.007399836184342065,0.15713469213380088,-0.08491227053016072,-0.03489556558927503,0.0043258912660943585,-0.12041534063165263,0.04174650427702387,-0.08494072496068795,0.05422464029929196,-0.017566316469776574,-0.04800076231462254,-0.007132370964549005,-0.06427783629769557,-0.02823792448848187,0.2053313868617989,-0.19690604521053776,-0.31339750992833254,-0.20869020421890586,0.04902994304900583,-0.16979796361779126,-0.13839138576141197,-0.06917943262350078,-0.2714419702722876,0.07278307838593592,-0.04900930309951876,-0.182713896789915,-0.06621187226120977,-0.1864610888539054,-0.1785263300446412,-0.06875081331856747,-0.14535797336836004,-0.041561898807322924,-0.33949826747266515,-0.2762626265478898,-0.18930725438900495,-0.04738657778246659,-0.3480668997110686,-0.057872525281831684,0.009916496523957727,-0.1632016105017177,-0.24628066113715014,-0.04912741646664773,-0.2203182261153546,-0.19453930720660967,0.1158382875549803,0.058383322917559516,-0.0590006031390484,-0.003126277204225831,-0.12889421742187693,-0.2583752829113327,-0.24665902549032306,-0.0700212989974955,0.1491690500333308,-0.3088381939184737,0.13659745160048217,-0.15289237418877016,-0.016236848374202875,0.012984484387493583,0.16255507898896823,-0.47143539805880713,-0.3857780598187862,-0.975954851730324,-0.9067232070339054,0.36129192593968595,0.3786630547742365,0.1777204760897978,-0.28142243178361637,0.028896659209569908,-0.7489172108852027,-0.6825474774412353,-0.9599011318246657,-0.25066880557814303,-0.29154250675942495,-0.20698911931055322,-0.7274955127803034,-0.24492885947306373,-0.8280003847888227,-0.2970982163873247,0.22385450062591333,0.08108217022164797,0.3677296379704867,0.11459058607334417,0.34084149136373804,-0.6835621545892022,-0.7917826042825705,0.9755776263805623,0.5946775714461354,0.3384456507561974,0.3060583668875797,1.3470626319985612,0.4742368890015203,-1.1387515143476972,0.18368022753506313,0.08413541418587936,2.463069631008869,1.2188387001805256,0.4082729459508027,-0.10605699395809197,-0.20682116694032915,1.4695667840115294,0.4688621575246598,-0.35217657197338276,-1.0629419808712517,0.6332726383881012,0.8912103337406645,0.22252879373795575,-1.1846024512240707,-0.2383845763935897,1.270941520548139,-0.2396383723924729,0.3210154061184208,0.13720263649936476,-1.6657614652721005,-0.5303720635000194,-0.8599828776057318,-0.2249140776921097,-0.7717845029984564,-0.8264190575340022,0.2124779197161562,-0.8707788536250602,-1.7884990144762705,-0.5849862281443583,0.7860948676279619,-0.8972611715949922,-0.3289088392614897,-0.36546301191178254,0.4459729314892456,-1.3090475686142926,-1.284755779911398,-0.21145278715002108,0.1184012630299251,1.8200014535525195,0.225568711456147,0.5112507701871651,-0.33839911227045333,-0.16349361267156545,0.8631449806283267,0.8290344108272378,-0.9951251381063949,0.2682039965285235,0.6056774842314024,-0.8539565513775994,-0.24239386447731495,-1.2739066594002568,-1.2992183518826141,-1.3278377133611077,-0.377519950409981,-1.0585118099674018,0.3670113969538451,-1.2186037630119362,1.9116613995815082,-0.8603813046600107,-0.9039023926392095,-0.5306997942869786,-0.5306721615889513,0.5510745197431254,0.18450812454891005,2
0.13562193379190968,-0.09179411759018259,-0.12902627216992102,0.09960041198472531,0.04416430557964729,-0.03500433943693597,-0.023574259365358206,-0.24040811237094378,-0.3435803788958206,0.15652312040733082,-0.16142364009038274,-0.08387102403977661,0.15512524060183314,-0.09048061413789572,-0.140469363734351,0.2492920666466231,-0.028174531082488664,0.113762751123684,-0.2709324272431726,0.09978122998289873,-0.10673406852934893,-0.2568931645042049,-0.04317236223288061,0.07457535868129278,0.07041529817196134,0.46109294365238435,0.12579240405203457,-0.14844426483024833,-0.30588810736012045,-0.07505048896338766,-0.04317774623877692,0.06797800560695931,-0.3190368161306362,-0.22581676048733376,-0.14609680121628651,-0.05714752193292326,-0.1402183881659997,0.4455908203642291,0.13122251628990672,-0.0790651842578145,0.060748961862670425,0.09107206445541173,-0.014213544926873095,-0.269764550055781,0.02797393245831885,0.012656619244841811,0.027324568589092754,0.051166710946368925,0.006544785345974179,-0.07584817575528911,-0.03135480830087052,-0.11478923381548906,0.11678752636135876,0.056273669687248694,0.03744501507072679,0.05998755176155181,0.01995798855825315,0.019037541747652927,-0.07315758905361075,-0.16250804520299153,0.2255639191048413,-0.15548662870997218,-0.19945789803292752,-0.3035273141767711,0.09713233965774212,-0.1068967550555559,-0.08854336013168704,-0.04708075968007874,-0.21885007218998964,-0.09900651188577769,-0.05025052046905396,-0.21767512981895112,0.025840828277286617,-0.12947885973445142,-0.03844794588966042,-0.22269103618709765,-0.11598329155168677,0.09911942866982572,-0.265091337013887,-0.3281959564697552,-0.16611744363963069,-0.09248337736442425,-0.2887173876476225,-0.15387908873241782,-0.055211218066092416,-0.08129674472503512,-0.17378374149502168,-0.06298079073509821,-0.17496179985842622,-0.12793870203923244,0.12291986554511813,0.04747573900692123,-0.04821014030288492,0.09024133555228499,-0.1232849677190849,-0.29888467831952115,-0.1517961513956748,-0.005134954841820074,0.1858018611031059,-0.2680299515962014,0.14396026466286163,-0.17150120875241726,-0.07338387707097184,-0.052454858491835406,0.12277760757954763,-0.1719080149016753,-0.1528782390581404,-1.0562159262718303,-0.9289473744413328,0.6875700987792026,0.9602088994049662,0.8374844298693437,-0.05607305934837374,-0.11413127097128307,-0.5643662317608108,-0.1283835897586335,-1.176468412706566,-0.4919012835209378,-0.1324998737410774,-0.05149649187088086,-0.12059935874062565,-0.48089418555011354,-0.08645854658234028,0.22152608696583923,0.2274354495441318,0.39795745485704037,0.7401620005364213,0.3504795972503354,-0.5680760967676415,-0.30054758505576246,-0.6120462006707537,0.9113468235301015,0.4193574091434717,0.6596653892442352,0.16285393388153405,0.9154859372768327,-0.16514795259388482,-1.1851060742808461,0.13157228089199857,-0.14194237797557838,1.4482516177576956,0.8357857534322662,1.2123122810810112,-0.524968956675031,-0.5079811341540226,1.6811957884864368,0.27972951645339794,-0.264957247175733,-0.515144337167776,0.7919784051479626,0.5143373628214182,-0.3851333843779026,-0.33245164200395555,-0.9334227244603845,0.6802351837260758,-0.9781431917185756,0.7548192714319895,0.4286216094297596,-1.6536262174594523,-0.2696634302689095,-0.7793808156504596,-0.38047625060441304,-0.511885205640773,0.9570670739670808,0.24944306918626644,-1.5314503663105994,-1.365769792257498,0.8211092091781065,0.6316308241402647,-0.5661070699433924,-0.3170655890568471,-0.4629107989372844,0.25038419900104286,-0.8132906982957329,-1.089221963726622,-0.31079714107524603,1.0238520579555987,2.377165139635721,-0.3261450548700131,-0.1922008432355162,0.2305032233303308,-0.4131135792267849,0.5917700889630954,-0.722269311217974,-0.2009221042401943,0.1816464912724924,0.903244909241932,-0.5411465178098682,-0.8064167773279638,-1.4945241139809489,-1.2192753758167927,-1.020840072011476,-0.2206177920432423,-1.8375398182579934,0.22455777033985358,-1.0812302318842706,1.5428774758964798,-0.11329705084391044,-0.27043923231506845,-0.47022877046928035,-0.05985217162425928,0.7230760652701944,0.3721988157737303,2
0.080065738753004,-0.1244365002279864,-0.1348899691268054,0.058864419043267543,-0.009895717997351032,-0.06951686162283922,-0.03464453438134275,-0.21619772772100648,-0.2753553450627297,0.1968418401755848,-0.1209640183569208,-0.014553842200161114,0.16826543861532456,-0.07935615436069697,-0.029882820065485007,0.21280630128237346,0.010099306395333612,0.1285423877411176,-0.20049065190293006,0.03876374405589163,-0.10210404790819151,-0.16688758346723653,-0.10776665531220979,-0.016118304435082526,0.12872347880853643,0.4421845370973941,0.13525993094862787,-0.11399116768469855,-0.30828663672366596,-0.11261948098901539,-0.07752474050486101,0.0015946066266004767,-0.28020374736474,-0.14281556885534732,-0.04254310023129208,-0.01820964584260953,-0.07571486660127653,0.38741327444278156,0.15259976329481256,-0.0837759782038617,0.10174009144962129,-0.007734777661765516,0.026698366521342325,-0.31047818737188076,0.030025330927474368,-0.0372469757734042,-0.004190119417050113,0.10142680385522215,0.07554830658457239,-0.03701922099310177,-0.060435303052096864,-0.17958930230748243,0.10330192014534727,0.08660491129193819,0.052854112733409744,0.04635321677023642,0.049186140862729745,-0.017890907696494658,-0.07939390549336216,-0.1824826563652693,0.2807537589687503,-0.1375185068399225,-0.10440580339845082,-0.3819900796852688,0.08437801228502961,-0.19592841278012219,-0.09910085248090503,-0.03397399462570456,-0.17880785735031873,-0.11775672537266049,-0.013836624074363847,-0.2582207552665109,0.09711498132631849,-0.12876246254000176,-0.14691251921024334,-0.1877613185478666,-0.13034155126991934,0.06812867439044006,-0.21761592815298042,-0.39506707410400255,-0.0980972636406785,-0.062306218888095684,-0.24395477400236507,-0.20702540219303167,-0.05321207981410443,-0.006490452625855178,-0.16607705398968145,0.005677492410779147,-0.24038021369665452,-0.08644140901181638,0.02794737019439937,0.049034047985186534,0.06101220214200559,0.07664170485788853,-0.07392329327855646,-0.3023294701801473,-0.0240643891375402,0.016696074919925998,0.25605976598536623,-0.2555458207148315,0.05292476164512969,-0.24564331980058338,-0.05810824815914621,-0.04667896034562234,0.10873698042418356,0.15541816167703934,-0.4362820118132778,-0.9032911513007292,-0.8219723207287892,0.7014329082815027,0.12839360643424355,0.2596034838904044,-0.08104750600004791,-0.17405650173850226,-0.5502281093364765,-0.42205209558978934,-1.2719294150831715,-0.6383200485419548,0.14254942888255542,-0.32810960542607487,0.16962405520211662,-0.606962615132962,-0.3058901071712879,-0.1481520170657539,0.4839846744231377,0.36478363537879965,0.8290037127588167,0.007856189991613636,-0.34363403610080645,-0.45153017217146413,-0.5409601126547171,0.8687138115242293,0.4113379522428622,0.6226151698766804,-0.2767077575061888,0.5588002550567897,0.25381813507674755,-1.008334003635658,-0.38770674519824333,-0.1481063588992275,2.576509224585588,0.8694091535799944,0.28755755717683057,-0.8917106777203799,-0.025611781651342903,1.2121165608100963,0.8437455336534054,-0.4711399692225603,-0.8614696956926369,0.5459918611611205,-0.3727103996217166,0.255179189000763,-0.9081555496596977,0.11918539754846005,0.9511189829552362,0.6975816637948629,-0.020479605798065247,0.07780645666141989,-1.5757476116761504,-0.5952350165055179,-0.4821924506889018,0.08439319404653503,-0.6424286693035587,-0.2542681548227716,0.664009991473211,-1.7651838405648914,-1.047324058440143,0.16741504767337193,1.0014468622385153,-0.8508648620427203,-0.24391833185015424,-1.0161594459302394,0.7890476940989212,-0.9684844259867588,-1.5476542798431165,-0.5489395898072391,0.7705438699465889,1.88144016916758,0.14823313013891876,-0.11907903936738128,-0.4390450353708547,0.13042054332000447,0.36649759896755957,0.04927161694148244,-1.9498828618029371,0.23462414711133525,1.2001781738895312,-0.7436060354920073,-0.25468741626650465,-1.2041462018924005,-0.9177868054038545,-0.8100798060818513,0.06343140649990787,-1.8976289030309366,0.0980847838695772,-0.981182168731557,1.7335391364304948,-0.7086848557211839,0.0005578191019172347,-0.808612749482616,-0.21466617339743732,0.401504994505828,0.2778160652095249,2
0.09393166475800371,-0.21212421242824786,-0.1452111704423836,0.03953534657972386,-0.09668463407027098,-0.12319204322670346,-0.08845825046954521,-0.15169334831462591,-0.2841957718753315,0.20036813318866892,-0.11132081619278007,0.06846279786750248,0.21029712968675113,-0.078098971404343,-0.06277297795114177,0.18696589323635365,0.09023253047932799,0.18812380768438425,-0.151422323142349,0.003570320634483588,-0.06475112515843005,-0.17131389763354832,-0.14762658755898916,0.0014501838116754713,0.1152921358748765,0.31898313189849425,0.08318488389295806,-0.10498381926487912,-0.35818003697089135,-0.0968079458151779,0.046697205264086265,-0.00198885894788878,-0.3182168033454002,-0.13283276126564805,-0.10568092885377062,-0.07508774512536766,0.07318615697687181,0.13508329431151678,0.1598275105365015,-0.05480052254498313,0.10334687910857586,0.036605281642557407,0.10037148849179021,-0.2984631158451289,-0.08473650251874078,0.0035215367656812714,-0.0018986399893870063,0.059022000090912984,0.08856135571790368,-0.026415164779522014,-0.05216762958031543,-0.21309880313553717,0.20815831036383398,0.21319717836859306,-0.05365445041611364,0.06363955050237688,0.02961716743853052,-0.13012032712304974,0.022668033169485496,-0.17318986632597466,0.2670129665663646,0.022460852199230864,-0.19059083403772323,-0.3815211994572235,0.09247105919907479,-0.1662086586435506,-0.06420691343750712,0.025119256936805032,-0.06408507244187224,-0.15817697220338028,0.04791896969732681,-0.29856742055342783,0.18163056540368802,-0.13108146060901119,-0.09257668032605247,-0.34920322830723793,-0.16231853991621994,0.0838647849723202,-0.28614334189213836,-0.4296925088976287,-0.05591970416183678,-0.059882520740173716,-0.22616059461816104,-0.2389538189677589,-0.07265439019152091,-0.05136208560294223,-0.11310944007679716,-0.027898387679883795,-0.2231417663119841,-0.029164575257461592,-0.010094856818419526,0.10141002466633305,-0.0844691069350025,0.20492136481398965,-0.06354961188265754,-0.2820810041954895,-0.0324189781091773,0.03564533802441652,0.1450278701943424,-0.13859515733845817,-0.03892397565984332,-0.2019872113680232,-0.09104199455204451,-0.042496459353145694,0.1610349567516972,0.010244976460722078,0.1044397829466469,-0.5291361824095646,-0.9872774346401179,0.845506170907332,0.5620405801150056,0.5142437676470004,-0.19406520217539447,-0.49689753656448316,-1.1803645145679964,-0.5723446685026246,-1.1560251797079955,-1.360756034952584,0.16430870873641085,-0.604183353638283,0.15180481304615837,-0.6265540421848685,-0.334185427120155,-0.642369898487047,0.8713133616155497,0.5135914042804788,0.5233149917282499,-0.14800189279612247,-0.8580574990238772,0.022836709072024265,-0.14160662602591054,-0.011322110868502955,-0.540641270251502,0.4058796782775214,-0.5483095987586015,0.2532549456904398,0.039523080791611674,-0.582290405605465,-0.21416034126431974,-0.12326452942387416,2.3109454303257753,0.4740021476388825,-0.18376045067657365,-1.0693689617742022,0.4541189383751817,0.9192700374515307,0.37389007962525417,-0.15899976747003103,0.6716361580193524,0.4059344234348439,-0.5962676794030659,-0.025362112316773516,-0.8601028525577993,-0.6132893165832028,0.8746604939499504,-0.3884140916244313,0.5431693924854835,-0.2893800959898492,-1.719709463730288,-0.35043651238199747,-0.8960302836475044,0.4756215095972519,-0.5597963056238727,0.8041856676445959,1.9154787477999238,-1.2487897403658381,-0.8716552538850199,1.195096534157929,1.1092321441839599,-0.7245678964378554,-0.14467452926721444,1.361581274083703,1.186495565155855,-0.5848881343181781,-1.074254902803231,-0.5459191187131396,0.4021987367189959,2.594090333209091,0.8524267576640937,-0.6423354489004592,-0.13788803794159102,0.6342805682103548,-0.49458097169397575,-0.8710839576326557,-0.46698419675644653,0.5016565689838807,0.18291511654628584,-0.5790634570299285,-0.03761892198495533,-0.9540683757219428,-0.7462884122466807,-1.0081794488207958,1.5914270109211748,-1.6512193943528957,0.24333827784938905,0.5907371240021275,1.6741851703846469,-0.6094268429345828,-0.19070073023204728,-0.16832973108581056,0.18407555288376873,0.79817537249443,0.4072987981225741,2
0.14714300378282946,-0.20611608661547473,-0.21045698742101193,0.06897785382433975,-0.03426713995601723,0.0078026835795598016,-0.12125451927796721,-0.1527469043836167,-0.20503442543163417,0.217015172248372,-0.11713446689030561,-0.04939719967116846,0.14127868025808799,-0.03572981622037467,0.08378268706396386,0.2035583227320633,0.07962478595895851,0.17401827209851267,-0.14624964509808983,0.08385339441406992,0.0014220676274702038,-0.026786706958861272,-0.11513547588964364,-0.08837119455652957,0.07953160062598134,0.2332703606810706,-0.09736765735935106,-0.11374496925977476,-0.25950285028714076,-0.1127603232634004,0.017689406179824594,0.15202706345943706,-0.43691551223343544,-0.09360907930312921,-0.24543648948183008,-0.05863237609220717,0.03281267446380074,0.052677744747667926,0.17357514984479325,-0.16487699135215061,0.1592529150082025,0.1151387268361098,0.07684330965695949,-0.3761489326511191,-0.08121139769854341,0.11943940907623564,0.07823352511508985,-0.055536328692140854,0.1100956368869432,0.01941268471707147,-0.10770143958971369,-0.239970499289999,0.21795699753275066,0.1552232005088682,-0.0672789775636143,0.1019323675530447,0.030133638000329782,-0.14692564224517984,0.1199786575661697,-0.23577557932874307,0.3313035478035783,-0.027554769022465307,-0.2623287390597131,-0.3652857135161094,0.10503142224733782,-0.16732820194118092,-0.0635289929282953,0.02495396809010687,-0.09620779747454251,-0.1821816946158884,0.14214612709174912,-0.2784925897572511,0.18633314817125946,-0.1735723281695478,-0.11516259616493836,-0.3036646782968302,-0.153805097438741,-0.022402607312179367,-0.12704389393596552,-0.40352382152384764,0.014074046067491073,4.277956668893606e-05,-0.14892690391287267,-0.2573917170306634,-0.08481376159544941,-0.09138314307665206,-0.13260315193538194,-0.11179758679692951,-0.2878366126838224,-0.015761440836426308,0.01880679983433919,0.10947619130268156,-0.017035525607929577,0.09986573723636877,-0.08548791937847706,-0.33716415606164046,0.027588574475934914,0.04271046420225068,0.09023163889028525,-0.11213353482036639,-0.036996109124747364,-0.19269397111369493,-0.11722756221842474,0.021721544915262955,0.11393260584741607,0.14532080553252402,0.0025748451519886427,-0.03638927958624624,-0.8414294507202906,0.43371182807390346,-0.13160881417883105,0.06180612759202047,-0.38789251421071036,-0.6578711144365814,-0.8076840610575567,-0.7948192501860536,-0.3957699762032726,-1.1601345602812247,0.3546993819756941,-0.7816303443313345,0.5259996145150336,-0.05743060503727359,-0.5307552810625958,0.043388224902926015,0.4270328203081948,-0.1603719105604366,0.25815014366643085,0.10803680543787826,0.2776978013203565,-0.585656656478937,-0.005420225513685647,-0.35009627003274885,-0.4740315909192412,0.2889592214879221,-0.36171073642417895,-0.2922408826609871,0.7478068696734594,-0.3973342358066468,-0.21602508183117317,0.1126627467678893,1.5296054059162674,0.23203683570062367,-0.1833782989708572,-0.4236607813809369,0.7727760712554571,0.5363817302145298,0.6138930737465959,0.0951968203834035,-0.5962213696178535,0.7411475034718762,-0.5762092967946603,0.19253511297873138,-0.5795563624153941,-1.023578088762733,0.9592412243629898,-0.5199824644188521,0.21565328595022987,-0.8426029454324668,-1.5987497614546113,-0.7195128044917577,-0.7037344497582779,-0.1565694211079379,-0.7390242916934214,-0.26197771558688404,0.5584129552732083,-1.6594467714140417,-1.0769538352452328,-0.43481375332348793,0.6505862507534182,-0.9010044465909902,0.05157150758900825,0.02870473128572574,0.29574540894048973,-0.9176960516753195,-1.4757638138043148,-0.576066805128657,0.7089076129613812,1.6254678727532308,1.5666418840897745,0.5446700618529767,-0.10629587449718365,-0.3407563499322171,-0.31434930520789667,0.5112979686471835,-1.1003045957291384,0.49532614441117495,0.07310497039592226,-0.8177121460381187,-0.6272456423889926,-0.7348905755379742,-0.7928319501683787,-0.877701275366455,1.092603691890868,-1.3273774276444177,-0.3273909150443787,-0.7808188676153119,0.681948009201861,-0.5826108296060066,0.16434315314404968,0.6015396309975305,-0.6191204256484718,0.5305002732406157,0.36697044994508116,2
0.17083456236884145,-0.20172357092347828,-0.1726479674210728,0.015541057430107846,-0.04046231710921315,0.018420279596611296,-0.11455487655942254,-0.13535260048967757,-0.14520456558819111,0.24964628090894977,-0.0797436308033101,-0.08277360470017132,0.13702652493411066,-0.036001937813190915,0.10377445105502628,0.09550105507519686,0.03530784310674957,0.16934478864659286,-0.08957528807180824,0.10795624757040699,-0.037928108532163746,0.02201015370850191,-0.16724876546175607,-0.11088251740162526,0.10588044746484729,0.2192687850047935,-0.13345227537860124,-0.08536805515956172,-0.2479233614360872,-0.14585612317245641,-0.01775585587916846,0.13052747708811827,-0.32824604668862295,-0.2517743936528895,-0.32756472991136604,-0.03265319119101762,0.021404887118509484,0.021662140559811183,0.07888485874441242,-0.18374305403671304,0.20037168902901278,0.07412583491779462,0.07122110166934134,-0.3948474998931692,-0.12682637316673212,0.08377010972393426,-0.02720995547539214,-0.07634560638413675,0.1497725606309011,0.0798207615707027,-0.12226516085480744,-0.1795380080151516,0.17528653639301373,0.13783644860554614,-0.01954860632382852,0.04947042616036581,0.09920535467592584,-0.25148954573157334,0.1204695275219355,-0.20417701327499466,0.3469541996610043,-0.17088401709655227,-0.19210767044061447,-0.40161236288257435,0.10870394845708228,-0.16932670874263428,-0.10170219237454958,0.059528504458402354,-0.07938567022478686,-0.04766181791050298,-0.009293535042319436,-0.2697009734987007,0.17655666582408786,-0.3672955220358548,-0.0455191131772872,-0.34141134355086095,-0.08279230211448735,-0.13045562738003733,-0.10467293327074952,-0.4641384610884446,-0.09375200889427103,-0.04059116889287917,-0.206067822122288,-0.27584848738151296,-0.13508643646990948,-0.1912344208958089,-0.17301296221019452,-0.10232795007432277,-0.20323763373066195,0.017040176961319778,-0.040386769628277926,0.08747841325410353,-0.01916692487548929,0.06600140745456708,-0.13621509593621653,-0.2616382140206859,0.08270451925423941,0.040500006465362205,-0.03542841987998793,-0.11275857839869088,0.01408533584257123,-0.19059125980459654,-0.1787809056280016,-0.057850948869423324,0.04603611220506279,-0.5995798210855909,1.1742614877360333,0.9253239244392624,-0.7478040207714597,-0.5559049592496927,-0.4835107137391277,-0.17256914132434345,-0.5060277693315602,-0.7666847266530316,0.028176280809919494,-0.43192596446130144,-1.246238749413747,-0.5880686672483372,0.15973563025459497,-0.4908939570648863,0.22569111089611504,-0.0952729144134798,0.05976847553543399,1.3334757044912033,0.8550289323860718,0.18088292289020438,0.4875689471730975,0.07534949336991198,-0.6155629578408112,-0.2875791616124651,0.7582398362629093,-0.37012712086849736,-0.7375531673672497,1.6229080532394442,-0.9935767637001031,-1.0720123469913736,-0.3986048443411798,-0.06364486420413036,-0.269626249242097,-0.0373131710822982,1.2712630696834673,-0.08520984515731371,-0.08115516826327838,-0.21864183159666595,0.8655248074086852,0.18087296465258756,0.7775235114631278,0.46855614087878394,-0.9842074105403592,1.0420101601541991,-0.5564227075303848,0.24235277204953531,-0.7650165016757793,-1.0457595089236313,0.5115053436364503,0.29462159123107595,-0.210394423300245,0.05111518205518135,-1.6382879521050766,-1.0064605380157559,-0.7825659384492638,-0.00957465045917354,-0.5993350795890249,1.4932807706856415,0.5852572901438633,-1.130979243909627,-1.119027912019474,2.059074435907756,0.41880170527062327,-0.7180798066642966,0.021459858091598113,2.9460167294667357,0.0494383932631651,-0.37452280320604275,-1.4401234167059953,-0.10575708316077376,0.04846710035881544,0.8290378995101804,0.5402349986976983,-0.14619333201903606,-0.4310711955905906,0.6001771346784492,-0.48737299212806506,-0.9244652880446325,-1.3064995062337708,0.7064202314037539,0.4075931438235942,1.126499240974806,-0.4147553601682271,-0.3993336543728082,-0.7960523494363145,0.7921743509016741,0.9023365156516793,-0.9252771484213604,-0.42259205840153746,0.5947551489936518,0.11098046513967909,-0.4962070399290697,-0.192224574013737,1.2775479477634186,-1.0776889907657607,0.43191483628178967,0.2813554989344018,2
0.14296184585704216,-0.1606757075860065,-0.11773874914192665,0.06963095532190795,0.005051258320233642,0.09389957718908513,-0.14110911398754508,-0.14559624575775162,-0.2393179913810493,0.1894018899619989,-0.10711169468059717,-0.14890537333469034,0.09210483730336202,-0.20064654839189464,0.019386398590424958,0.1367848138840595,0.029253436059828566,0.25456818444544016,-0.024983574394666596,0.12084496692937428,-0.06249421353953011,-0.005252220382896534,-0.16407634540830138,-0.113544964662988,0.18011147249023013,0.15493120648293288,-0.20101333313166905,-0.1226245640057072,-0.2989095729834495,-0.2502285541163957,-0.05975020621881366,0.14036275453171176,-0.3230220579611252,-0.1589462611961794,-0.2989018461609067,-0.026994727256941034,0.046033167631492594,-0.03710019017285664,0.09056096815351418,-0.256043982309103,0.2199145788140668,0.0927806415628151,0.24588036225544466,-0.411883169229642,-0.09709121053707986,0.06556971678795284,-0.03599156486848448,-0.1560959468602537,0.09559062555758716,0.036215106848987516,-0.1574261042621231,-0.10185371356263023,0.10654884235615669,0.19231951191526606,-0.01003955721991761,-0.02824625705187074,0.09429390583375102,-0.2789957618843786,0.09264200317318591,-0.19184753429207677,0.29289490014283187,-0.2361296827926978,-0.2435357938132124,-0.425266870909188,0.05680864449986692,-0.20953887527272727,-0.11433796824395422,0.07655879163185704,-0.03097419690222733,-0.10818463497113338,-0.02881610116515473,-0.18834460415052218,0.06893171253178951,-0.3180800273603587,0.0055043092450099374,-0.37389049740398317,-0.05403756342254949,-0.12944685149567262,-0.16416884120980874,-0.3509973641105693,-0.16871385483779497,-0.018081318402880797,-0.13534136870925184,-0.253826785325731,0.01948577605099471,-0.22019852792005812,-0.17250800319576784,-0.028484403066346475,-0.16637679572251002,-0.008535565822325585,-0.0023742632438343457,0.1590513813692886,-0.062443801697843464,0.03071296330990854,-0.05584160342631753,-0.2810424127479378,0.12533426586551347,-0.020447962881100207,-0.08621906884010878,-0.12966429769662324,-0.10803138271637963,-0.16127727749314988,-0.11818906147440453,0.0663724232125994,-0.017457755237159492,-0.6280270328443143,0.22540980628783486,0.8241647593126099,-1.042512483997497,-0.7188316143145113,-0.8721318015949552,-0.32638524642237315,-0.5950830471856082,-0.8320753462882637,0.2586138121061327,-0.632988732348834,-0.8700553613340938,-0.678471170446181,-0.38311644267670086,-1.0017309637028056,0.24555653813447942,0.5096694618480425,-0.5913854042463832,0.6927824487884335,0.34657877107908863,-0.25247897090993626,-0.3350148546383861,-0.15206736375785676,-0.38151148804002466,0.3359059952976503,0.6759084910103248,-0.6734754608183101,-0.8761900632290319,0.9549353179389746,-0.6086229052802695,-1.2613845496547984,0.46914467556193795,0.08557987503563919,-0.40454001137615114,-0.21800337296271666,0.9559266313411445,-0.4178639217392696,0.170036399328761,-0.033751820328165025,0.7292325415823379,-0.143202474799556,0.7551420022931665,-1.1055028229126656,-0.8943957627822021,1.0109570610137912,-0.09155447720127043,0.6901113814434237,-0.7438058082778175,-0.16497046856856842,0.6041500586606369,-0.4567643511874022,-0.2613049590057209,-0.26304181684441214,-1.2124788626833778,-0.9013541096715262,-0.5428275174521398,0.6898912951623452,-0.4084193712593017,-0.6112736086727499,1.8917297837011937,-1.0028610101014312,-0.4614919350024922,-1.0685076514323244,0.5821943116714893,-0.7489644565814576,0.04713424727529146,-0.5827375693487677,0.04431295528749521,-0.30965900388375045,-1.1326321893851252,0.4460822661625002,-0.2902107724379381,1.7512059743838957,0.9970136520743769,0.5812587934653423,-0.47617553960868114,2.1917016831653306,0.933788399436023,-1.1975472576256532,-0.5850132795981838,1.2196614161293167,0.2711594869013762,-0.6059964655336652,0.07971804348319511,0.3698015407335204,-0.8121722890795693,-1.1869856965545877,1.2263212300576802,-0.09969399064917978,-0.5082747776038491,0.6175426276114384,0.14537864503111422,-0.19449744701670105,-0.4636761414513991,-0.9434023433460756,-0.1547189362816992,0.823334019418719,0.21701701584697505,2
0.13310051808621112,-0.17340872078127875,-0.09933603771718513,0.0691367541833537,-0.09739771075856053,0.08202809342847468,-0.05989191969557165,-0.00566138316873054,-0.19277710108473853,0.1409209677901896,-0.08645796960205447,-0.09351989312667794,0.06412245581123423,-0.18502475278316943,0.026518048390283495,0.10896414795388776,0.0027012374586022495,0.3112606328595376,-0.048694475727916166,0.07961504994457415,0.07051932088130784,0.07379608522330006,-0.22214864719445115,-0.17710741751738934,0.17471944968703196,0.03921555428543243,-0.17320021656760218,-0.15640657714020606,-0.28354550257396915,-0.2605385957329264,-0.1770932106363435,0.008576540945444919,-0.27151797761878,-0.14458571087933225,-0.42323313352830666,0.01239575134239278,0.1754189762085446,-0.1256869396563859,0.09871305696504731,-0.10258207219963429,0.12843324277030785,0.06962371072295935,0.18831202740868652,-0.2898280059346901,-0.012834056230835307,-0.014289333331139806,-0.08030887920008818,-0.15613483328693628,0.02987967433626011,0.05609905523986451,-0.12064285244353283,-0.04839015398400684,0.11239896600282884,0.21364889948244373,0.002443772726815921,0.01896153517288408,-0.03426895015323545,-0.3325658923850979,0.1173572592528957,-0.09952248042937523,0.24637200241892165,-0.25617741915374653,-0.15193153479985758,-0.3705810921017672,0.026421852125520808,-0.10107794337980687,-0.15899921663354893,0.024733831406164787,-0.015514935555312082,0.06383683059465725,-0.11335622515746253,-0.25060448317999134,0.10338514532250137,-0.24815810259376722,0.04211354983736316,-0.35651670170324273,-0.14325319258479882,-0.14016075470203687,-0.2131393599710634,-0.23134639352732134,-0.11972322670171322,0.11410170883532261,0.05341973022255484,-0.2348547013230795,-0.01844565992320606,-0.1787251179317246,-0.20876716798157227,0.006331224514801994,-0.056874297587949395,0.14035638217376273,0.05573394574130535,0.20593360757877635,-0.0717481687665417,0.042850306206671615,0.028665847412084437,-0.2589343271414804,0.16783048037352194,-0.03663504111224441,-0.11049055287275249,-0.18495884332125484,-0.20267438485101735,-0.001422223858773505,-0.17738963157072735,0.009134827040344674,0.03744559418559461,-1.1872750827162695,0.8527172453848144,0.9713375620199951,-0.8408059383405102,-0.5720027593961399,-0.7146643275896842,-0.0884187044661025,-0.6743243230744832,-1.0610698036106747,-0.363408279625031,-0.7223257931051026,-0.6101265905045746,0.13424437813451165,-0.344709368253697,-0.759542981555657,-0.657684564653702,-0.4027911787024875,-1.0228944991464728,0.9545425175908382,0.617053142493394,-0.07758956462354384,-0.7761836467811044,-0.7185680110618718,-0.8536099451475873,0.38786762949170994,1.275004599174508,-1.156297100725563,-0.7786567001488109,1.9003506583413128,-1.1292437826159416,-0.36521323394849536,0.7125253566650166,0.11672021678633829,-0.3483172630420439,0.06849263035861741,1.420355173122098,0.5725425119960934,0.28471973891686597,-0.011868736930883155,0.3260288191214221,0.5406182895054574,0.7056946728475446,-1.533080333529899,-0.8660577101254096,0.7344671780144997,0.27649484627990006,-0.1556624652526872,-0.8990361434083557,-0.15828289911315205,0.5819514038668291,1.4696312432165741,0.25326704319466026,-1.2134141529290938,-1.175172598066612,-0.7037929110210784,-1.224772416317314,1.0835986557679589,-0.44522908391928684,1.1188614246131328,1.2795390892665506,-1.2253752701085106,-0.7446945585620824,1.4988910711663097,0.2903883085516216,-0.9245298061703009,-0.2921845235695055,1.2251465303324145,0.4469710264811189,-0.3024917212723708,-1.0934511701691794,-1.1120697492041425,-0.8003324398913622,0.754099876326497,0.5379867929297748,-1.2282189835237953,-0.5353941592469642,1.3727144768537174,0.44177205481422305,-0.39754873175065075,-0.3421503704294936,1.9492242357153522,0.16008045979714414,-0.3436374443874556,-0.24053536058775077,-0.2529695516578783,-0.5994671488567717,0.40134128688372617,1.290155204962218,-0.596289373580981,-1.4454194435468832,-0.7071379177326168,-0.36152494449795536,-0.24357183785404535,-0.35825442148785197,-0.6822204419690127,-0.38435466807323804,0.6683174837845652,0.00976240675642324,2
0.16710158104677159,-0.17167787455876266,-0.13586415330773166,-0.006780902431677136,-0.18317735499976315,0.11975100080316083,0.00878407445250725,0.009258659968297204,-0.14270318172638574,0.16998731448415327,-0.032314621008459346,-0.03618103080474595,0.05771802421187449,-0.26900612032479476,0.07416775012821837,0.0309837113266362,-0.0024349158995483474,0.3950836978893087,-0.010261954210558985,0.02721673590213611,0.0789923918666715,0.09380545089282724,-0.22712822193932394,-0.1638229320163481,0.11524807459351816,-0.07641580137474259,-0.20269500100289595,-0.047343605261494066,-0.29949672299083746,-0.39121537125252953,-0.2156418449061009,-0.16842806228142798,-0.2471463061771829,-0.1404430809996148,-0.3293901239473543,-0.046102549717137536,0.14881135662924097,-0.20482283650852254,0.06852787657746669,-0.038483328565825745,0.15220816418860383,0.056614420401075706,0.14575387601552,-0.28610446805312206,0.01118294188131349,-0.012312546184054618,-0.07831580641944902,-0.10442118046424738,-0.07818141723096517,-0.007321556125771856,-0.18123361890883274,-0.0528435686636909,0.06492956181775408,0.25458648110372106,0.07951164673742477,0.08697833099246806,-0.03863989626897343,-0.358724917269022,0.089726307100424,-0.03876178074804398,0.23234418477296756,-0.14950305082487067,-0.11205823678052902,-0.2553889879774493,0.055163153946790215,-0.00666950415812186,-0.19922114395727547,0.15186667084500952,0.0681543765323729,0.3252626777774529,0.14076800042758486,-0.04845452300206378,0.24702019450618792,-0.009425253894323898,0.14702019477165412,-0.1482313135003266,-0.005119995393416724,-0.015735013140151227,-0.1479827419294354,-0.16304652275805545,0.02723578288082723,0.19302670586417664,0.30469678192486427,-0.14659100729545013,0.08926943940011395,-0.14226039301105217,-0.03807849950163102,0.008557443008043973,0.10133748530628357,0.20601404339399593,0.09760217612415886,0.14140372608202845,0.004158049317971404,0.1525112418442638,0.18616601097250132,-0.2166709288686772,0.21366481768861947,0.10872806484364024,0.027215508031969413,-0.12803922460775394,-0.30012252855175214,0.005953022566886166,-0.18065888807731645,0.02501524117718788,0.1928569908332332,-1.2233142366058847,0.37835598130979825,1.1331254296164064,0.3099011794157852,-0.26869508383547624,-0.2508986074726472,-0.4398744397225165,-0.7896745617808988,-0.9384083597069397,0.1182022572071648,-0.3944411615414324,0.08513912792675168,-0.4841983846092784,-0.6146819778256809,-1.1687139102821742,-0.8646342376173822,0.05280644567047848,-1.2687759311768274,1.0301708820908255,-0.01805125078328854,0.07907623682181736,-1.2456322484644327,-0.5440998486870144,-0.5874311067204558,0.2932046348057058,1.0098577646502185,-0.7486550181171533,-0.5372224866584973,1.0031760843624373,0.03329077960776706,-0.0692490910462791,1.7144484194535983,-0.15634781350631932,-0.5651963136232524,-0.34844185790408333,0.35053246306417296,1.2614451668214406,1.4527366044466778,0.6751116638809619,0.8376522945290906,0.1813976571251029,-0.07275058588543815,-1.2464980535440446,-0.04729514352498267,0.75937256775834,0.5211187385077497,1.4767441226281548,-0.1632435422538357,-0.675463025427453,0.7991825624419756,2.4534526248601103,0.7599475773922809,-1.5752477321135958,-1.1669128397945108,0.6750203301013544,-0.3767757047457494,0.6863974426247059,-0.45634135585079016,2.0691014289833594,1.07039509914001,-1.8659399543812505,-0.431595071257605,0.827975401771768,0.06809626621323803,-0.8188915370819835,-0.8318404349036789,0.6908428441007914,-0.011876758689089656,-0.09029790384772024,-1.1043316444029092,0.5757213454638606,-0.19642073060559725,0.4379327214171438,0.2380967296787831,-1.0757134863650744,-0.49192821516848717,1.1654382205843443,0.7902954196393609,-0.9843310549240178,-0.1603651543974563,1.9760196123110692,-0.14045992385301778,-0.8388808729252107,0.11484534236607392,-0.2734553609865424,-0.49917532727356834,1.8405540491341574,1.1526123953343668,-1.057453883743254,-1.5473404777358204,-0.5769483018959901,-0.7659473213153478,-0.17627748346139527,-0.1680236155302713,-0.07366368292252706,-0.6395704246701904,1.293539825639038,0.5723686002542562,2
0.20583729558071248,-0.009344102314592763,0.018583988105948475,0.05915898903947696,-0.03796663591225357,0.1903893915621497,-0.01778793792690972,0.03357421123640259,-0.25385629461217013,0.21664508514933978,0.06701489250855876,0.15085041393661683,0.24024544411144433,-0.28806278831450854,0.1052248917817839,0.1201512900062459,0.13345909139561052,0.4234225955909589,0.12271992790249124,-0.04119538631366086,0.07466335035910444,0.05626696473709977,-0.2420136844742067,-0.050424329964605996,0.11104828593815708,0.01415866470716978,-0.09649993014969277,0.03933570295196917,-0.17931417106272252,-0.2220403243761229,-0.0886617362750825,-0.23360630917687542,-0.2778113853999521,-0.2397447166415168,-0.3026531462328908,0.10217560397895167,0.31600252957656677,-0.0709414769765467,0.15118930691577512,0.052645102669617624,0.1549856087931056,-0.009439968759797858,0.16155140847239244,-0.3790865924334985,-0.08878785842620868,-0.02433940048788608,-0.01076952977468527,0.02344033207760048,0.08594790209529411,0.09630168936974935,-0.08740639433834316,-0.022641606992426122,-0.021862189305769542,0.06294082183304903,0.10979080258396035,0.10698827571431502,0.153272394420106,-0.31254809819704454,0.16121093981769577,-0.006922085005913317,0.18153131848303453,-0.15839870298212788,-0.24962849182565994,-0.21277239470213705,0.15062732226815298,0.04687556757950433,-0.24838265454290223,0.18413270672172635,0.08060964618439011,0.33568808206179906,0.14812056685831665,-0.034095547621298496,0.1850909948840056,-0.10000304323138483,0.07215325967965479,-0.18228478195467407,-0.036820561887373156,-0.07962108369337298,-0.1641312012589205,-0.1364077764434007,-0.12886899597506207,0.23948058334937092,0.2811734367913898,-0.026731313329385345,0.1500406560349068,-0.10361619818216986,-0.09895721868787802,-0.053124524390440846,-0.016910831364172554,0.16856969434863833,0.0295265709041469,0.20692002552631056,-0.08387775519815774,0.12630745433577975,0.15324602343479218,-0.07615728222008905,0.17732151491629994,0.22742073377393818,0.077339043503587,-0.08926160428759462,-0.09372438220390329,0.0747771473526799,-0.11551373032446317,0.109850081986083,0.23946752254802173,-0.746103468053898,0.6119479585254032,4.189354785342616,-0.28297225953502464,0.12728617874528006,0.22615375370028884,0.6652317570702403,0.015643935355621537,0.03755524592346525,1.3746498351699792,-0.007930598165497078,1.1470057444422208,0.39814688514641755,-0.12896401373422042,-0.9489130525511775,0.1115728407239022,-0.25502463904604716,0.019780299264965596,1.2932670177188237,-0.19644154903021624,0.46593286537239864,-0.7315741426874344,-0.6399863789086355,-0.9028194074638538,-0.14731718035680857,0.9833045339796344,-1.1938652774098255,-0.7408134512138154,1.9795428365553247,-0.3813044593363089,-0.10424756630859316,0.63472976763859,-0.4879265240396582,-0.2657277567250905,-0.011851013734885556,0.5096469274775657,1.264500521902635,1.174683936645501,0.847965828799034,0.8297280674649631,0.45378745951500865,0.770438926999944,-0.21213679766524246,-0.0931899487436465,0.4010145539698297,0.6744654215113235,1.111956389552362,0.46709869446430485,0.24126601839732575,0.5933835567604767,2.232351596267537,1.0986351228462152,-1.4755903862136874,-1.1782356714354316,-0.2147699631249412,-0.019823590603392442,0.9529320163046088,-0.15887971121804087,0.9164939742374597,0.6714251408315207,-1.2572969675370658,-0.6168475426015233,0.7075668521638652,0.4764011928385944,-1.0036269768356234,-0.545380054544605,0.44631363452225015,1.2353693513403952,-0.09958995315546924,-0.9961619634416834,-0.06139506786534542,0.3249495928638803,0.0369309881781014,1.3876086764333626,0.1188150710652734,0.15991828975455402,1.638265255468871,1.2989206944684226,-0.25100440971712873,-0.6399525527264501,1.2828527432551489,-0.4746129350469252,-0.2041413697012375,0.616492085090793,0.1131831312892446,-0.8843523310370522,0.029801414408148503,1.9556330361125662,-0.3609151390043507,-1.4069027562926513,-0.9951327321084478,0.8767001023030165,-0.5941661243519755,-0.17759228010074615,-0.10652162002691588,-0.6896374726601676,0.9871808942991138,0.01956083462909073,2
0.9082124898096263,0.5131150268392815,0.22982903730152104,0.5189461495318068,0.4009960602333112,0.5091871335063153,0.41182803394973333,0.738035622044334,0.5549052939967953,0.6421090108453091,0.056864824581207014,0.18283822890103985,0.19851805100105044,0.06495128649638415,0.08324681402360039,0.33470381175681785,0.014608945395244514,0.4408855691481993,0.2607706469273963,0.09865335421677522,0.2643804876315468,0.554568550947456,0.8567679163111904,-0.09753463337425743,-0.04124636253946289,0.17598862925104455,0.015494405301764077,0.1012254807946186,0.003908577090590708,0.11213346214329331,0.3388127497858633,0.3842547937811839,0.39153923439540905,-0.035862604653732734,0.1072268847524998,-0.07949679575901387,0.14605145008867157,0.18885466409300616,0.14351164690172485,0.15179742898693796,0.0462060546009943,-0.04419766890133198,0.22829833208764128,0.1712265516225004,0.24047501493906473,0.1832249469311193,0.20154163100411035,0.1708955654856944,-0.1045548065713561,0.4242969860226565,0.16991470881624068,0.19395690878812866,0.22956828716523175,0.4115376451220461,0.28337519499504765,0.5148774384414919,-0.10185675939999175,0.027968058862628264,-0.02884721993530979,0.28212427088324554,0.3962257175209838,0.20454287803219443,0.5809013741222702,0.12271851185856973,0.345758815084785,-0.08499554607766532,0.39778894728516984,0.12268555125586515,0.4347630706958885,0.6405043311051953,0.18502564052442058,-0.16845228408968524,0.23939905402404837,0.1820339695592646,0.16398518229467793,0.1745814765900439,0.5126365123648046,0.18513726450131843,0.44018078644384456,0.6492120538980093,0.029821465518063608,0.06772472289338621,-0.2710338629095353,-0.025734968739463956,0.17235471425039633,0.6373972693180602,-0.014098690929845378,0.07447605169454376,0.14832459679902368,0.47983226690128555,0.21339952640972296,-0.3258520151622551,-0.09836252555960553,-0.09972398056483346,0.037460157321336306,0.30475653069507475,0.08778455529240987,0.05639800366582633,0.33185882992660953,0.26993799785726363,0.10194320191531571,-0.27464624017754685,-0.01168904111753777,0.13335389663770011,0.3308599578186282,-0.8423492345413007,0.01745958359724227,-0.604327841819592,-0.5208795142654207,1.510316757332443,0.037540112035453765,-0.6003378775123268,-0.5654702181412424,-0.24376050881830624,0.7848058349874795,0.8275750091464199,2.40712954395017,-0.38963168365636985,-0.03916108490808117,-0.7199962632566691,-0.500818334999156,0.13834155807483256,-1.4434186497562926,-0.676587533315642,0.3816025281371215,1.6815832385507914,0.09844482620129917,0.0781275212305707,-0.03329954925183229,0.16102046823923238,0.05510672290501866,0.030925988219203893,-1.1588395308636743,1.0544408289665625,-1.9672488202423306,-0.4954759770683228,0.451377449474458,-0.48347126090037634,-0.5861102244473883,-0.6100708219232197,-1.1873580089817726,-0.41010454343514585,-0.7118972911644736,-0.19892023890522273,0.11652719588406178,-0.05393524386477958,2.2227494194030477,-0.3035651661514086,1.0544965831758046,1.2973256299029337,0.7752634230613294,1.923348339084206,0.8686502399362028,-0.981783535510077,-1.020535013618146,-0.4368332867095093,-0.06830902319548848,0.4961623610899152,0.11448017524871984,-0.7357215953123184,0.032824705178940664,0.6624401701997253,0.46312104986645036,2.711096212498234,0.3578493713659489,-0.6044826429210505,0.2798351400269299,2.1253762409406667,0.5433415120146878,-0.3165955984671459,-0.07344202534511006,1.2142130947736771,1.728725500893838,0.4562023321474444,-0.23366875482230498,1.109383148405378,-0.15069554085223072,-0.4122932711086637,-1.1013640549621435,1.4325436056547747,0.06105225718429092,-0.20486176529428854,0.4968987314192349,3.1626405580227437,-0.5719664716245326,-0.1148675940254503,-0.35828688801264,3.584424167841288,0.2790639424903858,-0.6290121351670439,-0.14670954419122578,3.4919358954426363,-0.18493257848482053,0.9628789482156545,1.981444139133498,2.143212254920385,-0.24223068900366146,0.33536070232770826,0.42937844268589387,1.3475373792340344,-0.6524788536768962,0.9372463606503166,1.9877638304025502,3
0.4294013366108804,-0.008360443228197467,-0.18099029126903177,0.17157845307512845,0.10651694206809986,0.21234768310029056,0.15165736135617303,0.1424270260635594,0.07504301651191486,0.07149939819133956,-0.08736960070268522,-0.10582327518805788,0.11474878055572608,-0.2787779075796859,-0.10544098778293959,0.0975938112281071,-0.24355351799282554,0.19995337856919057,-0.03949494785107913,-0.10649150754859772,-0.22824965292888794,0.16852156552102465,0.5155076510875586,-0.2429587170688203,-0.2370709031696579,0.08457169671521067,-0.2110406120906176,-0.09459435377158792,-0.2522702272143398,-0.020433892038659425,0.2318778041642379,0.23787390835792147,-0.01600714498207763,-0.2680143110811607,-0.07573439129509973,-0.1439177835427241,0.008555660180098432,0.06168081679737044,-0.13385507661412482,-0.006685267770359233,-0.05251073364635168,-0.2696014163938336,0.019689474681238526,-0.11056980276064587,-0.05451038331478492,0.011112876329498969,-0.052425304706092885,-0.024305912892596097,-0.16617365167730624,0.2231537083188282,0.21569467692734334,0.06618177585261467,0.08796525383911302,0.134016701359886,0.07118553732476603,0.2584164916247997,-0.1834084058770763,-0.05410612774758676,-0.014307820737855659,0.14807832804808707,0.2815331812918029,-0.03432075817306229,0.18620237826820557,-0.20774800310608724,0.1179611255733571,-0.12288749095644963,0.278561521612501,0.1494969456743186,0.2815324593761626,0.4765942063535451,-0.13018247106895928,-0.5019445031308299,0.08638536365267745,0.05476985173359459,-0.003064842839253369,0.17234018415932614,0.3560919675766626,-0.1914167767704683,-0.12210944008590786,0.23502694104598829,-0.12152504639369405,-0.19011070838322283,-0.3126853979105486,-0.32490996708833064,-0.1793382737804376,0.3644192571912081,-0.13794524641941547,-0.14307254399267133,0.1106132295432063,0.19288940136810181,-0.003762789521917184,-0.2211734315204329,-0.10977063828503177,-0.1954197802963243,-0.11238499220748527,0.2358408173718602,0.050155132345711194,0.03279049436574649,0.16531419738663503,0.27596764048975186,-0.013211066905942207,-0.4234548644081736,-0.02868907405803587,0.042438413432475744,0.2493510369570443,-0.9639100587933903,-0.23987364575526418,-0.1310968674486652,-0.578320177612154,1.4473927324317375,-0.8778309506398988,-0.9778354305384725,-0.8979406854933287,-0.6297214186159177,0.6291221055052947,1.0014384703399715,0.9681969701149468,-0.40081066213158223,-0.44005298658317654,-0.2135273039678745,1.374921177416314,0.07203787403242284,-0.49302075670187706,0.1330829217599775,0.07271456954929208,1.2982506116401327,0.3747817155060096,0.34311856017136017,0.06185386506245938,0.08661447861576735,0.5596128108379527,0.49689157826642943,-1.253895434194575,1.1196888742276094,-2.1421475623167208,0.30101273168879267,0.5602653705864361,-0.02844225442458194,-0.7376942916457129,-1.00869207824382,-1.3776527187763294,-0.463575184799562,-0.8828758576984358,-0.20750208484377614,0.7728541414746205,0.3026964710932103,1.2971516568081458,-0.8168421196924605,-0.6371035002026966,1.1550004772612181,0.6272847986174426,0.5627411619160391,0.4100123895663949,-1.8468706397082675,-1.5761067804728048,-1.1955207948554336,-0.5133399363696838,0.7504015993551666,0.6020215110758506,-1.27302469429076,-0.8722044104549547,0.68476556883485,0.3556693969678425,0.886662504476166,-0.2759973137384456,-0.6357554442873853,0.6229453219467973,0.003745623274294802,-0.054841047289099054,-0.101161545313682,-1.012280156570972,-1.038709690675094,0.8600047855876707,0.3915718761484495,-1.392440809254667,0.6048830546992722,-0.5688235711348185,-0.5201945934999267,-1.780519344894248,1.3370639449208424,-0.4081492784591096,-0.5106320325692111,-0.7887055628912222,3.2176583707474524,-1.5489268634089643,-0.6491616433614208,-1.1544816545472658,3.3148853079903278,0.3084204638114266,-0.9350033045022522,-0.9332102525199503,4.253310390230265,-0.5602567237839844,0.4131763875143498,1.5845269041814376,0.7305064389697155,-0.6062246668671044,0.12094514954250156,-0.11943835478698038,0.11250764677513035,-1.5151863248682085,1.0315111676032318,2.2519904817941883,3
0.2530542617792923,-0.272043126028283,-0.28419626339703463,0.013125916693321436,0.04463352595143299,0.08340332194277589,0.07297524932027677,-0.14047805027972338,-0.05906855185412437,-0.20057015394057362,-0.09852320870227425,-0.15153457041949447,0.07692155818342637,-0.304757579158517,-0.12572949237225706,-0.08235325662555465,-0.4209173293966491,0.09500226276142816,-0.27882583484139395,-0.14001997528480836,-0.4192665112689953,-0.015921707711358115,0.21661490378754855,-0.16451906436112576,-0.2582372757221875,0.17535693969245475,-0.2386867330707561,-0.11681221945162626,-0.3362982137097187,-0.04982952166973167,0.26923650305386604,0.19260798986700914,-0.14259063582861706,-0.24487029909566857,-0.3155010372042115,-0.2891167828646714,-0.04222489611658007,0.07226203741907893,-0.11866971702761678,-0.11514304864988446,-0.07065801497461953,-0.38140864245990735,-0.06416769904879858,-0.25237088587783996,-0.1816939482766631,-0.11402106507271881,-0.1184849188676143,-0.13316849874206538,-0.11258575113484556,0.1088502332430862,0.19010948537662242,0.061466713891432066,0.0785805083413181,0.036852332988343554,0.039428236325203134,0.11110009046820923,-0.09277437174597929,-0.07939914776606827,-0.05346145629437334,0.15095259413254133,0.09187481173652777,-0.19942271058010325,-0.11985095477724919,-0.32866668574507063,-0.07775076791383054,-0.03692532075274788,0.2609566299201401,0.1259080563990417,0.3533888688282665,0.4168784634083892,-0.2106711662854152,-0.49434093509078275,0.017237062237690656,0.009483583733695549,-0.020345565840730703,0.2111543276388136,0.3014810194284966,-0.4380084500644969,-0.36402855444104487,-0.07069569709091161,0.01200468638223546,-0.1950319861083017,-0.21189288731209985,-0.34682439620574507,-0.2868755595174473,0.22753618242723261,-0.043363415872174835,-0.20265116293087632,0.06908271880700088,0.10992215356421475,-0.2873857730051867,-0.04872328492798098,-0.04685079852477237,-0.014647741972065862,-0.1682944664466038,0.14694044355367272,-0.027201677778512394,0.017505430400539694,-0.024524297526339438,0.1917709487079552,-0.03181725164338227,-0.4953228987169302,-0.005707568139146524,0.022933693462852758,0.2837677396526234,-0.7213636080951836,-0.4604724677884687,-0.3285159897084517,-0.9194612385825731,0.7356380632817122,-0.9006511370102015,-0.9883381842723903,-0.8051529890266917,-0.3300867937365138,0.8243501202555419,0.9635800102288382,0.2674755934368999,-0.8356145610104752,-0.5591038606740181,-0.7967334276224317,1.0804814491596861,-0.039127689488632246,-1.0802881305286198,0.33951201587344215,0.0700980011165431,0.4481841100314325,-0.3818206916049461,-0.4628582242007683,-0.6847613703784906,1.161697015575421,1.7329666753799242,-0.5166784582729445,-1.3229144798834984,1.3143282746655058,-2.155344231579336,0.16704310726819732,0.8478426583224514,-0.21170300840968354,-0.7740491114809817,-0.693530574989156,-1.2065195860374707,-1.0868678817631385,-1.1465910010256415,0.09645352235983708,0.27282662144792386,0.0682286679335054,1.062118487676099,-0.7434736892840076,-0.23260485859517682,0.84373686944758,0.5963147594552279,-0.06503953641824778,-0.029144590298628877,-1.0172417417556003,-1.4341104624292906,-0.2183411814910499,-0.5968962523959438,1.2909700925698733,0.24083375602762308,-1.4283649900679256,-1.2290672026516551,0.5645978894452895,0.5666463150327329,0.5481770463415921,-0.4527286740366734,-0.9596698615792808,0.5229128457348665,0.504281342777675,-0.4086874335031269,-0.7929752558797971,-1.0437750959283223,-0.1149638816161241,0.8101620235243868,0.05858210629847126,-1.6004876049589127,0.025695466421334977,-0.7586865455981755,-0.830642053592171,-2.0295857342588293,-1.0323344500922973,-0.40320397381338413,-0.7563304152596992,-0.7409230330923171,-0.04944173036162411,-1.2075807957186186,-0.26261399337312846,-0.3046988613576725,0.8361314299758895,0.1683581871074953,0.4678321972534373,-0.7297899659097018,0.38097015620738234,-0.6404654888618854,0.5957389616358445,0.43328977905076776,-0.12444668723957862,-0.5487013552500593,0.18440252589033662,0.06825983468299347,-0.0537407422206025,-1.316800316324866,0.7552713928808739,1.624431896979902,3
0.13809423360212084,-0.3801888557433406,-0.25034435686276196,0.01314767099325256,-0.04258052287802711,0.14957222277615487,0.05759089128436833,-0.04242449853031261,-0.05774538524133408,-0.17206857837151482,-0.20061310816321726,-0.09355343192994654,0.008727708192751447,-0.3041316960273444,-0.10326204727923304,-0.006401299883636705,-0.37953833258317415,0.13638158065877304,-0.08795096296676458,-0.05712603757949835,-0.217014892345863,0.06213190348059238,0.22622976913165632,-0.08713865293503735,-0.20670047418987067,0.19960411335475997,-0.3167226279632993,0.07755252743163928,-0.2496347042937994,0.055720570492533754,0.36732886362184236,0.18818695451806916,0.0521107693064121,0.022121757160019434,-0.1666124486056848,-0.19375201849265053,-0.012944370273390356,-0.04533644574736758,-0.05275001407017616,-0.11772534394625303,0.05322291981393532,-0.3077357742922506,-0.016071306339649767,-0.0607355315288793,-0.03146606909124056,-0.054507615109505456,-0.06972113255377253,-0.1289226838226948,-0.1862789753462806,-0.050160958546460944,0.16830892990862445,0.23422602605045292,0.30776483657487563,0.2679256157236658,0.10695046857864157,0.15162498517196785,0.020896699417702825,-0.012906993955205202,-0.0826682296351788,0.09159912699749266,0.1670914066211958,-0.12347915971636883,-0.14668582204543343,-0.1575973174145722,0.02674677581853501,0.07399999507577536,0.3405193025561325,0.25315920765972616,0.3570985345219449,0.23287072273825182,-0.17550538116915215,-0.042963246395213775,0.32229119018560026,-0.036311999609539264,0.1455716909578288,0.21777543374310473,0.3400167493762346,-0.3867577327959184,-0.04415982876995584,0.22007425200772512,0.08806571109829334,-0.07963677500636633,-0.21724470902310136,-0.24178280573810085,-0.4453927749297939,0.15978011587383464,0.12263438773957636,-0.18554956871892755,0.0002727722491659737,0.09126193625070836,-0.3439832019323609,0.10825625480684833,0.061445192745566264,-0.10824525707187221,-0.22299560536806398,0.15832042992904222,0.05612587721404455,-0.01727370720108859,-0.1117718951679497,0.2452997669469296,-0.06752457109343071,-0.45690680151638763,0.016193943052918502,-0.05748383676963535,0.2656524895048744,-0.30705276321703845,-0.16311733786174223,0.33000642655888285,-1.1107750551357858,0.7230293086670082,-0.8854930197499878,-1.0941381887926824,-0.4349721652914699,-0.14083526094352178,1.4541674464501706,1.5360316661834044,-0.3882024864872329,-0.3988952133048572,0.33124555148122414,-0.7992736933213346,0.8680290334600028,-0.17179207011846168,-0.962666580383301,-0.2736886848904867,-0.4582455895052408,-0.3840363472299489,-0.9137091221622035,-0.878862378132872,-0.6687140285244751,0.656871407548071,0.6761680732583795,0.0833111494772217,-1.1374416462055623,0.07028887391917348,-2.109925421100154,-0.011297822484386266,0.7602176624604212,-0.3548921242723462,-0.7902402582411199,-0.832037625586602,-1.3567360538410407,-1.2305269194734918,-0.8991794926061931,-0.1861039326856169,0.23188233809234426,-0.2973761773564389,0.7142288331666411,-0.14978813030168817,0.11427255406697895,0.6767828441943599,0.6483022218482033,-0.09400680980643548,-0.29866503455317905,-1.2795294335808252,-1.5830831436105262,-0.5002164555038627,-0.668271027939667,0.12353685246397818,0.5625139273780208,0.13596090581351575,-1.1108664464854827,-0.020987640341541054,1.0578126098053218,1.323049399869975,0.18261812104110697,-0.7835273792137918,0.42077892714370396,-0.5173596596333939,-0.6559070807237768,0.5363585165774308,-0.7620650359245452,-1.0468176767188158,-0.001306473520205663,1.0753242176758377,-1.1171908779346622,0.8648930620067412,-1.109895508154048,-0.5309969273675418,-0.987427840859292,1.4826460409842541,-1.1803750406717086,-1.6462106101518552,-0.4081203221590286,0.24712543429518946,-2.0611360024940772,-1.5840217875828535,-0.35769082777875666,0.17710656242063,0.1276111259521362,0.06401007450924644,-0.5989395971037446,0.23152452169314564,-0.5271313096719908,0.559146005576962,0.23334610652561427,-0.8048391889109511,-0.1658510526093283,0.5628960549253985,0.1967081096549292,0.1666944445199085,-1.4568383953558615,1.025649977843688,1.5557178283213806,3
0.10083092318913191,-0.4085294420399917,-0.1406688594976122,-0.08105704494068348,-0.1516333890260905,0.149521815127677,-0.004436032247245814,0.07725462687865992,-0.09111068115803668,-0.14726840389737017,-0.11502252391219171,-0.084026587347715,-0.0032306362601188113,-0.2622755080678924,-0.04948748936867434,0.05453459505868947,-0.2668820864041223,0.06753414287685307,-0.16337143340153304,-0.17541292589625881,-0.2778414038363083,-0.02900050133058048,0.2763303518167737,0.04691743849624766,-0.15792344339694372,0.16712242478684874,-0.3255001581816163,0.15688417131604107,-0.2287275248280665,0.12243241478680798,0.26633184923752673,-0.013629357705708006,0.05930479752802689,-0.07593967009940046,-0.05852247271885548,-0.12152108321906736,0.012705238861646106,0.02824294799143779,0.038515322771608296,-0.14159579132269628,0.034992079724953225,-0.4145735790034752,-0.1772287339990223,-0.010016579829543786,0.0046959267343725415,0.01982617493034707,-0.09124615752579374,-0.12021155075269581,-0.1695655571128606,-0.01462571839697129,0.08256714363903706,0.17036331119129866,0.41305846273997654,0.2834773172140443,0.08710923777493465,0.12237460497447834,0.09159941045647038,0.02562868820277569,-0.06117450390964857,0.039171810579064416,0.14553690399249172,0.06311183005149924,-0.09605910753388304,0.07443617145534799,-0.12827252345548462,-0.06569465959593752,0.3152001461608456,0.22347757317790445,0.26813085538968545,-0.01990846393151365,0.03717016314885753,0.26255858918677427,0.28810922560815394,-0.11488615840738875,0.12446184612455405,0.08759301991142808,0.297442611945268,-0.38871257009540955,0.012875362526482845,0.1254780066725442,-0.07623759246767958,-0.10881264560269953,-0.15990622229279863,-0.1965832762088491,-0.6341281505572879,0.10163813767868286,0.2826244784504691,-0.031228072747600984,0.008334952477938688,0.13426169410496394,-0.2826830359083201,0.2087212817821018,0.09633846917867833,-0.048031635210700065,-0.1873819502866299,0.10736307051127661,-0.06229293936149219,0.018120019460113167,-0.10111561202564902,0.16615655977726754,-0.12500324885684455,-0.4371066006329903,0.10489758259174191,-0.05853473582534715,0.3368327686252024,0.4317181077696235,-0.08523569066895113,0.8285583785480992,-1.4255949275329338,1.190204800375515,-0.5043059614690258,-0.5352051337701353,-0.11257659618476831,-0.1441146200861942,1.8450996041348942,1.7162498749994815,-1.0266772113507556,0.2845083853119752,1.223454929604292,-1.2588924743744758,0.8352640005273527,0.021605391463183844,-0.8764541371631639,-0.7226320380811985,-0.2665857130040758,-0.33348319583529656,-1.0117560418494613,-1.0049228713735032,-0.8834083747628428,0.44397934136303063,0.8591728138959893,-0.7070340863273264,-1.3815075290406391,0.1127932762360081,-1.2547566528302063,-0.6584724527624923,0.8591914544615223,-0.42081154724655256,-0.3451678728673768,-0.45264236589034046,-1.1700674574036576,-1.3871769562320777,-1.2397578118726174,-0.22490070091406142,-0.04342781923091788,0.401469253519961,0.9750701002383747,-0.13795332674713903,-0.8528971369987923,0.3374410385588813,1.2714817593321897,0.14956240674315682,0.8409919590814458,-1.1909432895683596,-1.5462390322956951,-0.26553284355094253,-0.3154974260877368,0.7092883276515017,0.3103548049631917,-1.5370689595601519,-0.3640660946977334,-0.03914352622476129,0.8954879199736907,-0.36796015372451524,-0.12362172220241655,0.5339881731140175,0.4315709280656746,-1.3814018055707447,0.3562570826905962,1.376597870119096,0.05703116408731015,-1.5454182057837602,0.42510546374095265,1.6840325742551585,-0.6895072163837644,-0.4597460735408062,-0.8272491923476857,-0.7222574742469914,-1.0562939259954045,-1.1177948458339482,-0.9300490712583884,-1.1408370937291252,-0.25083377197867734,0.36406545395855683,-2.0351046267324433,-0.9385254190776862,-0.35429476377364977,0.04412712191987602,0.09129872427749616,0.28079291788060157,-0.4113127046008822,-0.5740996582817708,-0.8804259623108269,0.8997451460248211,0.1351273202265078,-0.29195843080580497,-0.09250298607966312,1.08146538856257,0.43718174043814123,0.36707335452516576,-1.5239494879331987,1.3298710459759033,1.6899372524741407,3
0.21156272331184192,-0.37166167804603967,-0.05557639420744856,-0.04395017223885314,-0.10786938980858772,0.1349254133638631,-0.021072877050514697,0.010752859029126306,0.0018771643709129266,-0.07366513416745155,0.06608526267645977,-0.010334267180522664,0.04618625523853059,-0.15371102523346286,0.054681471435409607,0.07087938416410361,-0.07501086693165024,0.07953309053113217,-0.18691057312497544,-0.12074014715126001,-0.32017886995638367,-0.09707440720484992,0.16877648812402327,0.08046446369372008,-0.1268995859125313,0.18204036075362115,-0.2993373384040377,0.2532017393491391,-0.20126722507195127,0.10447040168577237,0.1520920347447362,-0.11040737767488538,0.08319217222012451,-0.18158668887900062,-0.05136370652491483,0.05776676206769042,0.07044761077483468,0.03999155195517791,0.2358171254125691,-0.11713530052136842,0.035512781451656004,-0.36768534828945265,-0.17542088364625785,-0.10228641789983149,0.026030967849161236,-0.049303210734452776,-0.03644475136035366,-0.027911972894707867,-0.18395221490165642,0.016515982497944615,0.006311348789151115,0.18235544477163054,0.4094959171072107,0.18505796551792753,0.08084306264437166,0.007278122356666643,0.10644826851789195,0.002584320612383608,-0.048572296374605084,0.011262110491621182,0.18187379948952714,0.15606049275983216,-0.0956813590654636,0.19659328933732506,-0.10842035799647032,-0.09280288181006253,0.3131686472701887,0.12547899127393222,0.2147764718879953,-0.03015315405882864,0.12039730114899845,0.40154231225222675,0.23362089058876848,-0.26407399383320707,0.035593706909172504,0.15181183745453916,0.21733767313082214,-0.4133870068669165,0.10559426306937678,0.052018009857074166,0.020122681227627802,-0.03260288213367046,-0.06447088373094284,-0.12598636934763546,-0.5915942623116909,0.1719972729365531,0.05489902525197331,-0.05553026442440898,0.002004463456371085,0.08343220255067477,-0.1607296246787241,0.2635574110651657,0.14125233022928443,-0.006748936168041623,-0.13121160276290003,0.14243666363268487,0.06678263135680787,0.07625320866713856,0.006913183457207999,0.1772442993360286,-0.05323734616128818,-0.413354202703833,0.17700760609635183,-0.0005108718264171071,0.33326419426581305,0.36618455900067576,0.12585710664915148,0.7331552584594222,-1.1456958338780994,1.0906105761518958,-0.4351300312698306,-0.6342225806109512,-0.037678863162224685,-0.13240218801068968,1.887289801526129,1.7485278173015448,-1.3172335516411613,0.38251032128920626,1.3428153759881964,-1.2174609801909888,1.5142087020890078,0.31135873022314686,-0.3397729968078436,-0.7621401540398707,0.14603938611787723,-0.0027369030594345625,-0.7053573463570388,-0.8563018245057649,-0.9672525697492854,0.8857140295262722,0.4491342979177594,0.5430443144058958,-1.3319933189905113,-0.22297757654514141,-0.9816321471751913,-0.6646822118126685,0.4988495623316524,-0.627007687066578,0.5011399746289223,0.34254466143297496,-1.12859394845421,-1.2057770332805249,-1.8262912965305222,-0.8168281325609295,-0.8653250753922147,0.03804427858654982,0.23457493570546942,-0.29074135488904645,-0.17766635413653684,0.6234103068039148,1.5830763651053066,0.0057530370086095175,1.3905424803068434,-0.9266953727777948,-1.2088599884937623,-0.4079088927318517,0.7904287660729373,1.2651958444193456,-0.20816726225808493,-0.7981358118595675,0.15426834137796125,0.06770853123347877,0.6965538091393252,0.19932364357020332,-0.41173606770180005,-0.20502086641846742,0.1659552077229089,-0.6477236911128331,0.7341254067397612,1.226650865580185,0.07322824501010289,-0.6871677585713689,1.2269487766433695,1.2447852041913419,-0.6041347597534817,-0.9524013225541412,-0.05332159546125636,-1.061474187726141,-0.7274425282319698,-0.9552073812386344,-0.11010202851498446,-1.6468397505369965,-0.1701052192947094,0.05515283500428065,-0.7989797704860025,-1.7007247981976579,-0.44801480856624804,0.35885610050136524,0.8712927869666315,0.18199256504782954,-0.8455623543619305,0.47717176072663303,-0.23387114149736796,1.326628984430224,0.4057840174376078,-0.25473445563821745,1.0037406408309655,-0.16063900278352397,1.4327808080016562,-0.2217338432801073,-1.06133813153682,1.0809717347425098,1.6453931491987075,3
0.2323079900271108,-0.34250934192840027,0.01934319462855435,-0.005491218807335847,-0.03316819737938268,0.08774811293095666,0.04274727854276205,-0.058411106272446923,0.013021189829429939,0.05950684612571654,0.04976007405126979,-0.11288603122141243,0.048841314089017485,-0.18516318217056124,0.044627060886085486,0.05574005335263234,-0.009500061837642204,0.06444874978871257,-0.22176691191817288,-0.06130824827618488,-0.3629620541888774,-0.1311018904261823,0.11538073301519289,0.08922144240894608,-0.11289607338881204,0.2587217805959581,-0.3322728761102099,0.22207280688007328,-0.23314960062466764,0.08710829842136837,0.20732331745392565,-0.15611195908535475,-0.00832355648404707,-0.1890828574800818,-0.04163097360356476,0.06982522110752597,0.07177657951217928,0.02333609239233278,0.29226554622563955,-0.05132772808310484,0.06727111904205461,-0.32727638692178007,-0.1249999629535971,-0.08223604103260397,-0.17787826212744018,-0.14315462993841718,0.027583552384412673,-0.07289765455454955,-0.08323947155846383,-0.008756400651814959,-0.034147165874775356,0.24230942652493093,0.447318385653439,0.16617801355272077,0.009126937652016257,0.009446420238549141,0.12095352301898614,0.011815323777298816,-0.1607941101489374,0.00397554283468014,0.2554012122726872,0.04297243074603982,-0.1510720256649375,0.2216884064151783,0.01084095793390607,-0.08044720790756849,0.23802550252945112,0.12436270936119087,0.1645772174651201,0.17191887765698066,0.044493119457387896,0.29806460746899344,0.15709998377558376,-0.1028224259652003,-0.15133431993677104,0.1510327763782247,0.23248605426767893,-0.32406689127521005,0.08094759197436878,-0.02775368568048523,-0.08387920197471803,0.07039931894011828,0.04378548199800301,-0.17247444798505474,-0.43031789030348266,0.15209724973340175,-0.03723112487259421,0.0988098893910083,-0.10614527152198017,0.1255068175974142,-0.191214485926732,0.3090991638879702,0.180435052670707,0.00036535458314783495,-0.13945713158754744,0.14567862986928,0.06631600067764887,0.09242470715985326,-0.05131347347148915,0.1423329069843706,-0.07761746597712056,-0.2782986973137192,0.10316532825722587,-0.04018664741111488,0.2533063119363784,0.4230449281903529,1.5953028145383714,0.293441584785813,-0.1538271805412926,0.8207009902351065,-0.19554328879855806,-0.4444693510208059,0.28932816434864417,-0.3164711200280327,1.0652810194584306,1.6834605974047774,-1.4466902963614545,0.7334561443825,1.1240485347177644,-0.8572138494273389,1.5659373787586264,0.5915967813921134,-0.2938406811748033,-0.3980110509359689,0.38056581251456706,0.3654493367786788,-0.49280206810980837,-0.36454459124346617,-0.4725758236704157,1.0526252454038323,0.4620099875555226,0.2346565440968838,-1.3248685034474628,0.023790524864656794,-0.7363110444320907,-0.0010877444437436346,0.025264101253235523,0.03524586441774866,0.8079780588091087,0.7260958977750746,-1.1014430720775807,-0.9696100148706117,-1.4634672484615758,-0.14736967529755257,-0.14823464382764673,0.058283065104235046,0.6660016403314817,-0.7087272858301799,-0.6588900374454895,0.24691743536708607,1.2929685015864891,0.5260695412875989,1.4112993086799401,-0.510438961069508,-1.2649609928080652,-0.03878315728279442,0.3073340908420373,1.0049413473627136,-0.2631808690338919,-0.8650605136062302,0.5237705236244559,0.11988809956360978,1.0571469492250565,-0.662506823679138,0.15477921797556257,1.0495424512274993,-0.20693050375490962,-0.9145637344244294,0.3666720043256536,1.4082870297614236,1.1504731856892658,-1.3386327934849074,0.6765475225785638,2.0905438419099966,-0.7883945679168156,-0.5618715638573037,0.5222317020383296,-1.5631166213794094,-0.30828322178986106,-0.34546833570476526,-0.25595346344540065,-1.5315317807476645,-0.3789773526075473,-0.16728242834116433,-1.2035026818974814,-1.3154986310157535,-0.42744158409528216,0.40132520687605006,0.3271775987609343,0.04184562597431008,-0.9937968150733909,-0.5752195565545346,-0.2269068757019381,1.6650465789980562,0.30627686473054344,0.2398379255266994,0.5113341722686792,-1.131543608837439,0.7477078199748449,-0.3273644592134272,-1.186963268126923,1.0060624427024956,0.6868217799823281,3
0.23346772483554917,-0.25835423008555675,0.07591190596281432,0.12337130205522684,0.04155350160360924,0.18841937807477357,-0.0022759305683537102,-0.055055814534175275,0.007700333714876082,0.11852644806269616,0.13164154427928335,-0.044864699114760265,0.1731893542946586,-0.036766158479103285,0.04749778025036587,0.018516342936497628,0.06430380706927888,0.15496681124862716,-0.1904155529180254,-0.020072944554269608,-0.35090561381231017,-0.2053977113489827,0.03310699301625755,0.03170956703664429,0.03402840447783264,0.24037996153990163,-0.2767295005908803,0.2297263827237443,-0.15713979476875226,0.22313941807702076,0.11451521017737054,-0.11739442199871995,-0.08672500707863302,-0.3049990832495062,0.1736625888326924,0.1310975767914911,0.11976107637304075,0.16451800156348148,0.3486060260335053,-0.0024167860012615883,0.20380994436793862,-0.2280579849601177,-0.2009261356850038,-0.03374882755286782,-0.29113851520827394,-0.025763638189976536,-0.0009240152274280655,-0.03965879739933407,0.10872667107648645,0.09880739688975154,0.06644623874431664,0.3529004535417026,0.3986433334087027,-0.04132466666926646,-0.0033710301131160162,0.13309538345372268,0.17692679147929094,-0.007747778421829661,0.030360478664272515,0.07424295224066636,0.3791778232259744,0.06789024141608348,-0.18093092626008547,0.21005609409099787,-0.05998802961322377,-0.03671074921075,0.3212228206630364,0.05426152958310615,0.17106061035885814,0.12160598968736759,0.03455205693147457,0.31446254974150806,0.0195831282032781,-0.13657591939583147,-0.11145607498737439,0.07726615559854776,0.05789845768928808,-0.19761534718928847,0.2351288577465822,-0.10840601671167542,-0.07598328022769613,0.05129673531772966,0.00543932020540674,-0.09429560302631503,-0.3127073943253968,0.02073395788966565,-0.14842168943707368,0.10940229820465837,-0.33186452830226054,0.11463853332632636,-0.1666170139426396,0.3070559344271999,0.23063424867723212,0.030372218231872253,-0.13930453009471655,0.15128995724670713,0.16119853802710124,0.11647106556254243,-0.028728951732923638,0.14171010327234035,-0.012097206177592298,-0.16800451636957628,0.13080483944496343,0.068399701679743,0.3119491839826524,0.596354866763187,0.5031229354403387,-0.2398313635878309,-0.3761002858567807,0.7924316912762907,-0.09979814295184146,-0.42351409199815127,0.06205339963927441,-0.4943364530689632,0.12625752548553293,-0.029793942903821046,-1.1675349715319632,0.049009244853521976,1.0584254325519147,-0.7207464361837715,0.6658747855433795,0.6597732271678488,0.08530512337284132,-1.1599753801388497,-0.018697355423671232,0.14968928967191417,0.2684229067007111,0.21511052315204174,-0.6273825132463161,0.30872092624881053,-0.4512890706128563,0.2560578677304535,-1.0607440319967203,-0.5511224570711706,-0.6270545755315745,-0.27549277806920447,0.15800437465053213,-0.31502670086598894,1.5733338672251904,1.8098593834627228,-1.0097667667779648,-1.1014089688230164,-1.3548969971128713,0.3669766005328472,0.85020520920938,-0.28347819937948016,1.087745512414455,-0.8381260172397701,-0.0984661994494183,0.21970243951926197,0.6871409147109221,0.6599552639583903,1.8906312544999624,-0.25204422469326027,-0.9315597372133161,-0.04578137928590036,1.3095600896265236,1.725433238081315,-0.012257225359905357,-0.0463191305026178,1.124216700004389,0.08109182139357486,0.3808800565533093,0.3396907434631688,1.569282946392602,0.11851139838203785,0.020719460168814714,1.6169703951678258,0.7567127169880475,1.3415006481827179,1.1502186298229877,1.0752980521023565,0.7465096203534711,1.619523239860039,-0.6434639250141644,-0.11924463133161542,1.6820364380856259,-1.1560243628070395,-0.38664773645137496,-0.5310929901599556,1.147473071274021,-1.5094633424774884,-0.13113225196903697,-0.4809390970406547,-1.2627561581187718,-0.4006801459376634,-0.4384303116947242,2.1203169579851613,-0.14012798135889917,0.38794408350990034,-0.6166518971714444,-0.5361410011475808,1.0515562806591547,0.6766688177893129,-0.27505706368512184,1.9473015294599443,1.360015953068994,-0.7694238122524794,0.48685483010973635,-0.4747308816084074,-0.8281241635288412,1.4790393105878996,0.7556702015952448,3
0.17716659531272477,-0.0577926086079202,0.13191965482354204,0.17024749297319927,0.08121958638581067,0.20771993344297018,-0.025135970793000596,-0.08542153681527072,0.04979041727671732,0.14922861692904843,0.1409292143028052,-0.1434214189934334,0.19630705705934356,0.1749235129673699,0.11512190747997236,0.06112119866095466,0.2225016436715502,0.018522565889972784,-0.08739090233367913,-4.21734506373325e-07,-0.2536718031983141,-0.1360664350875003,0.10376279935962973,0.1807073204637163,0.13511836996506418,0.25209856235754696,-0.07784737014788777,0.2205460957512824,-0.11723708084253738,0.35451942751944004,0.09456544406262803,-0.10362163332438985,-0.028072304313136114,-0.29259144478056853,0.21273921286119374,0.3373513050756703,0.10134360913063817,0.2137265781084706,0.29480048367259937,-0.010002458646518577,0.26181681806658585,-0.19861367819546058,-0.12385077427539726,-0.05630412402107037,-0.22528188198997423,-0.03096287752012893,-0.021654773030631184,-0.01600776996719558,0.26101027223083956,0.24728323737725572,0.09085848252362197,0.4481252808616305,0.331758369504161,0.037496838567538084,-0.06335126639404284,0.1902435836646568,0.2686168273881636,0.12049449987524055,0.10854366366064595,0.05010777972662022,0.30815118212813614,0.08975682541876455,-0.11128800729292192,0.23051797714648214,-0.13259516087497605,0.09910201889300115,0.2902976160012343,0.0631270630456832,0.08770513835485816,0.18166372432881114,0.01289322958561866,0.3900916479528782,0.052735119522319636,-0.10741363131533843,-0.19695263831001464,0.08069977318412666,-0.04785933307036129,0.0022741176155133287,0.22205384140256434,-0.1981664377273275,-0.10000180373350442,0.08165269129710137,-0.05177113048265748,-0.06835859608092283,-0.20976275440548361,-0.021415852858624983,-0.1767699159885703,0.04594881988000668,-0.31706021908835363,0.05209698209968909,-0.04394103975974944,0.1570943561609839,0.30088441546847866,0.042917074500601435,-0.06529690823880166,0.05177461227157396,0.3289119561747109,0.21982933089747683,0.11605152228398537,0.09731362713204798,-0.036443975929537534,0.09586568673382419,0.1322665790958347,0.10485476941945941,0.32903393035586326,0.2027455196373353,1.6777328474826894,0.1664952076889944,0.16100649514641313,0.9038509418338851,-0.03571215720827369,-0.38729484877725523,-0.09228110017573078,-0.6888045009229722,-0.34482917344084507,-0.5080986547441942,-0.4560630546657427,0.5989499726486713,1.0111271270568332,-0.5186496820801015,0.6301595031666137,1.5283516521603926,0.42225916847523914,0.5000774559563504,0.9298652752613109,0.9827142089726393,1.3469684549749155,1.1032909002045646,-0.5824633243422602,0.6998769532468535,0.2693024850907467,1.8566498221205712,-0.7654474331760213,-0.32204850384807254,0.18623759841620363,-0.5477452464273771,-0.07743525648357767,-0.16726891293005253,1.1613585803469173,1.1479198645013309,-1.1568478607799528,-1.1880393418781077,-0.8708921053538324,0.34040348234993534,0.1793252631624395,-0.3546340662388003,1.9639862428412618,0.19497539231088595,-0.31322528732999133,0.34732032814227165,0.5675940467003708,1.070426673842408,1.5087210657596246,-0.41329868433958317,-0.6353464209648835,0.12011412291375667,0.9298395354152756,1.0033753410804767,0.34628787906437236,-0.8000210892791573,0.6551331907299788,0.6051687486757036,0.10129099328064224,0.006913976988469646,1.3839853029799891,-0.20632923201265171,0.11617482112661283,0.34200382168182836,1.429084850043918,0.9371223272901607,1.4033908759626965,0.5644147340391875,1.757611570818733,1.561264022035763,-0.284876812248472,0.5816565167680823,2.1226666595818466,-0.8200030091780861,-0.5333078763241995,-0.25808855195253977,1.1805086225988977,-0.9861615028260649,-0.541277024609466,-0.7929615135354781,-1.4415849441957145,1.5647540028066067,-0.7376291777257195,-0.4067487339806333,0.7936620213088986,0.5125335368034667,-0.2894602823083532,0.21568272340751843,0.6092377321289579,0.7966004540947894,-0.05179615590233936,-0.9086707740945859,2.5592093040650568,-1.166149636399575,1.0192626208622746,0.41628593076530657,-0.5485702455996354,1.448780095822715,0.9595955933584993,3
0.22596260362558013,-0.02650313094802119,0.24136551275165655,0.24784806665037387,0.0725686083475791,0.15943840888658148,-0.004050774424300403,-0.14568729238077105,0.12274841405266486,0.12614116273016712,0.17091330742560967,0.029793164869150537,0.285423358799769,0.23477037246642804,0.1658686731969124,0.06373582992931949,0.3509788872091066,0.11131912707341098,-0.14577002173660358,-0.016304894592701027,-0.22425907456296573,-0.09740170714147507,0.030593060758693294,0.21653883753215047,0.21854879344656566,0.306466247719499,-0.022707996121481284,0.21159584449230007,-0.11152649782410515,0.43655819624917175,0.05035047599357634,-0.04130250216110744,0.012109293334673659,-0.32052044291760184,0.2048834954878975,0.3059474769131947,0.1660406303161628,0.2675049345815512,0.413353570543736,0.008051140491343318,0.26746536809981203,-0.17170993028608603,-0.028537971240349826,-0.07997559647110178,-0.2125201938620826,-0.048385729292557585,-0.02078492927359168,0.06286609119673896,0.317833196125999,0.27569286020012296,0.04628592762138246,0.42007653392379407,0.33852509316323964,0.08231442302049115,-0.04433662490565571,0.2790093655051578,0.31438947279233287,0.1609426023380218,0.1381121957681003,0.09022176129919046,0.3416318183746058,0.12161439370568126,-0.05066836500977941,0.30245828882524306,-0.05189298682006929,0.10923384022156038,0.2835677143410572,0.020592124081760692,0.01863970401378978,0.27266456280014323,0.04531600432637277,0.4920652658924749,0.023651548100406036,-0.17263449118093963,-0.08718618868294739,0.1503160405495731,-0.01328653092432879,0.03411143323094051,0.30725711705762915,-0.14502756441974907,-0.11279410409894185,0.1511998442592789,-0.046006497965821076,-0.07508846065035535,-0.1791109173960889,0.058965343779633236,-0.16289256212260964,0.08496613413987003,-0.27149763262965126,0.023217244537945783,-0.007416891676783691,0.20494207020596894,0.20205292526759522,0.023704621639279444,-0.16602092852805372,0.08906817643965874,0.2056696954998455,0.16672381675881748,0.10451765085855495,0.09244204042111771,0.07912000812962477,0.18363845378270063,0.2404595747650084,0.1821307588195057,0.4196302678956429,0.06663794106921153,0.6355535016115724,-0.6407933817120931,0.17307459384269172,1.3421398414007668,-0.2998601085817115,-0.45381614867275727,-0.5298435497810521,-0.8554080612778082,-0.5367704270329717,-0.8434228113841744,-0.11009824105382066,-0.19798594371746292,0.5941310565317418,0.08812517952192976,1.546243476637329,2.4980397491515802,1.3903993193474544,0.4027562768438752,1.8394866028420034,2.3523686177721754,2.8990086331671905,2.042160538209427,-0.8780337869036954,0.8617902673679584,0.9989504967684079,3.253311533379298,-0.34412543639775117,0.6492663269597458,1.08886799152322,0.015033042989220001,0.1306240767431771,0.7486184588310332,1.5736037808158236,1.7075064462532434,-1.2394152655433204,-0.9413175364143138,0.42379848013327404,0.2713533610563359,1.6947489724330285,-0.28257409260873334,2.4844228498499956,0.07276310008567984,1.4213848324184466,0.4511902381222668,0.617894431314313,1.3909631047154716,2.956027037284082,0.4491367970978541,-0.08818292079461883,-0.9692364454325033,2.466746743389741,1.2378566750913147,-0.144839282144113,-0.6103910878025149,1.750099485488222,0.5510096374575588,0.287950688600337,-0.0969400819301338,0.19452845281967107,-0.19687758657211335,-0.38093995049438967,-0.1078509318858771,2.421236387943157,1.7430047453947775,1.3874978720439637,-0.5847924693678023,2.699630391555416,2.4649913361936506,1.0057280137889197,-0.40797307059505133,3.4068496182976675,-0.3504335790874275,0.5803270928577713,-0.4434576124693558,2.4255632382997176,-0.7919124592000681,-0.305532288458974,-0.6930266899418768,0.6761086280982573,1.0750766176291795,-0.5789218663840924,-0.6313018920585249,0.44606267474645084,1.164086012393155,0.5218050950784,-0.5389681454758897,0.5838251979026831,0.5805648318267844,0.2147044079705852,-0.9145012838824973,3.2966329943537738,0.26146882813480005,1.2114522650645962,0.6421601243023627,1.123749431900437,1.6990604723543161,0.5555653736390683,3
0.3102222418397026,0.029599104645366126,0.33822011708060035,0.14995702140552145,0.07325806586436061,0.15989220364028453,0.033705533861155434,-0.1099840076603187,0.09995608462728543,0.1036550662844692,0.104305379157667,0.06062733645899164,0.24763378578953832,0.18406654180033086,0.0716006749730683,0.12693086118314026,0.4054093719175152,0.1347538168141165,-0.11113104819157474,-0.024831750366465136,-0.34245287492593607,-0.11580224413377689,0.02449920753780904,0.21077257745004033,0.19006735927032473,0.2894203483152949,0.0019346542809391646,0.33171125772932275,-0.25945624980176896,0.29916431646258884,-0.03738306877353307,0.10218570493821674,-0.05407049168243029,-0.31913099707145004,0.20348062358448546,0.35678965984241634,0.19965847065809544,0.18499883061813516,0.36399821821072026,0.12661558561767547,0.2272315258283508,-0.13280195833814679,-0.15195186613756073,-0.04837123736341762,-0.19053720812610564,-0.007302501811812254,0.012530722293016817,0.022568866672459036,0.357254923553166,0.2946467315619222,0.14386279202728025,0.3612385888601543,0.23779134082023545,0.1513890611699076,-0.03983807988788098,0.3711077609453772,0.3042219948051145,0.18072293992673957,0.25328506577741783,0.03039189353692879,0.37852578734943293,0.15288033200099893,-0.01587616212837001,0.2868792451110146,-0.03491500540724296,0.13087913062294038,0.35033539879126546,-0.010403114675961412,0.009900831098583467,0.3187581032294892,0.01466902639569552,0.49782997405942514,-0.01781340305755338,-0.2420847981594221,-0.09246936484952474,0.11373355433842211,0.06211450372372441,0.10873004100607807,0.2887580933466211,-0.11399180723728954,-0.049787805051697574,0.10826480676575256,-0.11493835726278911,0.026147426557939658,-0.15331553789505184,-0.027235172480017993,-0.2030732507386279,0.12947152409937887,-0.24361657411746585,-0.039365398175597956,0.05583615928720471,0.23586043667823162,0.04743875864009883,0.011802099515425737,-0.08424139496450815,-0.06680739959758239,0.1613460828243013,0.22109517252644015,0.21566001502207152,0.130254398431304,0.05244215377125925,0.18544868018988825,0.2975447670117436,0.14798536965672557,0.47187861475820064,-0.9349961835717234,1.4257497132196035,-1.0868649557888101,0.35544315041237257,-0.030033892227983888,-0.6151120068214411,-1.0050382510201177,-0.8029414327098335,-0.700898246578512,-0.9029314644778573,-0.5202117257879076,-0.25348145428582797,-0.3765366193318887,-0.6081588269934017,1.2716368501993345,2.4169370113978026,2.5034522301347755,1.0735594110865718,1.5664009180198017,2.5934151724087955,2.898333711545013,3.4824724318992746,2.5385291744050886,0.3670631491027403,0.8293513183501495,1.5833884047717912,3.1607116280049845,1.113197539729353,0.46437939091072533,1.4914746745589285,0.31076609700543395,0.41579476863373144,0.4661367367480412,1.0713432820921172,1.2354298771822332,-0.954303958850873,-1.0044271228353374,0.2369870974634749,-0.16083880521466018,0.6944896265931366,-0.8374196424066597,1.8786761799242602,0.5093952685091452,0.9485177977566879,1.2438513367609332,0.37628000905939235,0.7559577346276793,2.17465103617019,0.8101661162484621,-0.11432639257705113,1.5154801602721488,2.7464414724090345,1.0454323582643774,0.2720285842640084,0.6134906742311309,1.0062104705494341,0.9448451322198308,0.6554050482172742,1.2039616818285697,0.4623339758568539,-0.30088766058446825,-0.4584863672883222,-0.4040132884773963,1.8851147877099845,1.5648675899572098,1.6372034763642511,0.6563953292376498,2.032086129901446,2.032146088743706,0.36251476925155596,-0.285583919693789,2.9386884588300077,-0.32671922180800816,0.2607387839643685,-0.48240274215485773,1.8182501188191675,-0.16132609801662354,-0.3978061659952891,0.43687896505898616,-0.2942854874912698,1.3278819519647835,-1.6438433107664032,0.1566063685814231,0.33440216702177056,0.35635553432440087,-0.08500793753581319,-0.5983487017911387,0.15825504344757285,1.1883364587615908,0.1488445984286903,0.6490307725076128,2.9250858462595097,0.06785412957888173,1.775834710430651,1.3531069720883921,0.12838284108376155,2.1886097319586426,1.22488262307026,3
0.3762850080640834,0.08289723576123482,0.38806696714786626,0.17263274067488568,0.0024453517326011053,0.21507988425218075,0.0490237937726509,-0.041534195790548754,0.1968411471522403,0.1544346628286679,0.12001140857752933,0.06816936400377431,0.25662427921385916,0.07414113396786166,0.10474013048674755,0.0625990620262451,0.3916155303485742,0.15092128297602894,-0.13433165076419806,-0.09806380822803228,-0.4426091145188862,-0.16588534702961932,-0.11571005889254113,0.09926555835399635,0.15710079546065975,0.19775141679807604,0.0025798060530738136,0.2168281367505857,-0.3619202213284947,0.2234632585104966,-0.15414612701344213,-0.020447520359721666,-0.15266512060864249,-0.37746877931757605,0.13494029853915446,0.2695130091134286,0.15047281945747523,0.3615184097561032,0.42374683267605334,0.05398308579373037,0.17242091519632,-0.15911247276667556,-0.25297987030634755,-0.10182431550582843,-0.18872516868501582,-0.04613616016935058,-0.04257367925587045,0.038133960157738615,0.5138074343299001,0.29538676175527906,0.18093824813654838,0.30401869187557007,0.08105225888020465,-0.005527433704977233,-0.10811767389027331,0.2599615804594729,0.21744858329466002,0.15627215256158078,0.255226276392167,0.11296896544015765,0.3541743122153051,0.13959919553042477,-0.09728723806313305,0.215574494078354,-0.11715025961376037,0.12041153827910771,0.33984892596414207,-0.058417709834588584,0.07115132189666802,0.3008446571286726,-0.0910624981897094,0.374831788370489,-0.1323112290006576,-0.2275517669690333,-0.15585808185516534,0.27055708970888653,0.12884576300993503,0.037553795559618526,0.24072287355063296,-0.15735197932929507,-0.15805581689156825,0.015928608941609596,0.012265120671337393,0.09500606363254968,-0.1727428399858169,-0.10742916249777967,-0.29527122112433196,0.06801405893746157,-0.235286463851582,-0.0856457924937526,0.07973005250305218,0.2008321506312554,-0.0751224105640102,0.08591535577157654,-0.004482400398056291,-0.046063350713800744,0.15247390436576624,0.27953139098658264,0.3499687128635833,0.09456138466389648,0.12415104890753875,0.1415611395418105,0.17059689253684188,0.07630218085726453,0.45385973397281665,-0.5519910268109636,0.2587959036560203,-0.9224965367265855,0.31476106961363814,0.24813750094718526,-0.6412446289469865,-0.8459545547135807,-0.925053980883145,-0.7940159883981314,-0.03661238397107095,-0.4603486415829703,0.6274384031908188,-0.49687960637827827,-0.45775545914227606,1.4033514556863078,3.3023065433445478,3.5576586027094055,1.6387997846872062,0.45367311895277884,2.258132026891908,2.6901790816573894,4.07045345442714,2.787200507047672,-0.3304566581656548,0.6716091261439635,1.16219983760705,3.5049182687528164,0.7261133268121581,1.0838378126141923,0.9900090962031668,-0.050250120727775106,1.0883382824640364,0.8594038997790474,0.7273650432662425,1.0063605699549765,-1.6199470153171356,-1.3851927564156306,1.6407360901186525,0.2679829268402745,1.2533038357929154,-0.9458855101255337,2.396900673700387,-0.972270464748883,0.6282461972827393,1.3710159195378513,0.20503804525617447,1.3575610384316952,2.346247580046808,0.20353334896042505,-0.10462861378466815,-0.28550269857687033,1.8128007496282177,1.6588513412672317,0.2604510556519193,0.12638315904170144,0.9928603349598248,0.965114937574857,0.739939117801579,0.09683601884020825,0.5647680399242968,0.20647162777736217,-0.39896420232484064,-0.5907793442895677,2.3500606430609,0.5690378231343955,1.0484838967403434,-0.24009403060998472,2.168428904794239,1.237675084877937,0.3466468424338398,0.18850063528058578,2.5120070690817684,-0.6273281727480294,-0.6415139245629781,-0.45619288276914083,1.6822146596442433,-0.18462497852713283,-0.7995076224288027,0.030385197934272648,0.3036551288606823,1.275823346258419,-1.7526238886035852,-0.17343621220915126,0.5834891287482491,0.39576400771754044,-0.017306443232655663,-0.43928040552263714,-0.142254053586715,1.1438714924650928,0.30065437665884026,-0.3975504333329621,2.354037768482181,-0.35937130864169653,1.1275334420737155,-0.8402416175945818,-0.03032592645053179,1.8976955713955157,1.5327994728570982,3
0.3527518593214572,0.1861478415290429,0.30569103946020126,0.1383452829617179,-0.009973271712641013,0.13341442148926053,0.06945295543593517,-0.0850707903975535,0.23504118208835711,0.14817144856309258,0.12954602872194526,0.1153198743151548,0.31842763623516124,0.06898048829577456,0.05184213709792023,0.019292976875195492,0.3170472082047262,0.22161731761490647,-0.021092209385284878,-0.08469236734629897,-0.39079017210241074,-0.1889181138577351,-0.23643323620471873,-0.033752506470999505,0.1717952627701731,0.26378840302407386,0.053772179033012235,0.239754265042473,-0.42891743960579515,0.20767518008811353,-0.06385049208653074,0.07649334395749184,-0.13108668349498245,-0.30388932661991563,0.12267925388027277,0.32760998883564457,0.16846090892643167,0.33922750342935654,0.3934070543077049,0.11877357731348685,0.13284293051557008,-0.07188911739950958,-0.26822374989134623,-0.1449621246520357,-0.2030186798180538,-0.02452303635141705,-0.06161996108542456,-0.047963875466691404,0.47743165678597754,0.33835470720448924,0.28589802628762473,0.26472492446211104,0.0571699067345735,0.060108197378394124,-0.1357361737383997,0.2421829592571088,0.16876876769441407,0.15699553031495253,0.21292918852852957,0.07635923581273199,0.30945807806867875,0.06817343132381024,-0.14196443316618382,0.2334194463879076,-0.02160053632389566,0.17315126025831296,0.2746445886206755,-0.132855059145548,0.03330385605712676,0.3089879070285914,-0.05709420543626318,0.3717726473482473,-0.022231747560721347,-0.16607857765476386,-0.16333749307608655,0.2955507973139537,0.06458560835236948,0.039421435776803175,0.20383248170870372,-0.10335461671375702,-0.06908047511986702,0.021122111317354152,0.036427451951931436,0.024478481323780665,-0.22154456287787697,-0.13913139121985674,-0.3614579096119357,0.05180049004726221,-0.22052278284185758,-0.11531583383789225,0.12125366397592545,0.13414428367001288,-0.15289471975511953,0.13579870135571953,0.018808266132030568,-0.04404644873367598,0.2231680952008999,0.24611447622516752,0.385680781013527,0.13012502702186007,0.1605937138978453,0.10636254078942238,0.11128581952287869,0.04018159244682446,0.45281210840390435,-0.786855838580947,-0.4877891074907913,-0.07666139425976239,-0.34023773699045984,-0.3136693267370597,-0.8376472178690896,-1.080970733997958,-0.9388382550747211,-0.4979698084765594,-0.12338546837344089,0.7366099644641174,-0.11209293547193867,0.0244876411122907,-0.8141466745452987,0.9321204247988496,2.1845746633249483,1.8612589975254794,0.8363076725875558,1.5496331211261825,1.916569519273471,2.2823937861254864,3.199873497158182,1.8559787975659994,-0.24128695700048033,0.1001043973949674,0.908354944750066,2.6881170855291474,0.9060639310342842,1.1769639386156237,1.8539841127665844,-0.7391175806277802,1.064210252110284,0.6432088003107503,-0.020773570540812067,-0.15322707601409075,-1.2430057012599673,-1.4138731936363305,0.498787081028004,-0.2237863888306798,0.6292219332437504,-1.145771165044396,1.4311463326140759,-0.31347496397172064,0.7611690417034483,1.493548683918997,-0.6165479967310172,0.058523753146016315,2.1593759935027967,-0.22660755291174395,-0.03800736966419225,-0.0048528245776827544,2.1486273372427527,1.0912160144182503,0.5670192750312399,-0.12949164861291276,0.7925885594601578,1.1694348721779102,1.6932481495024314,1.0924008574360442,1.475947344055723,0.17850264574482613,-0.2371483992739463,0.8955162652779947,2.020910093925696,-0.5997033995297313,0.5004662260876108,0.8623223829882677,1.9267885303706074,0.15592596407577758,0.19963994162495238,0.18861559536460593,2.293247162582745,-0.2584122104656777,-0.6184807104822041,-0.524440035192839,1.7702860584291267,-0.42525940564698844,-0.8254058546605584,0.6065554000014167,-0.4129952302190811,1.9500420594413252,-1.6946989187082373,0.6201238540711964,0.18870873192304138,0.04003351712438538,-0.0744274192185672,0.11953640176668406,0.26906484221742377,1.090334620900749,0.5208737472159702,2.050637799746731,1.999347207359609,-0.7232474171027857,1.3392633874523896,-0.636626832275761,0.6156743401191551,2.2319599980120635,1.743887639012036,3
0.32280115647343766,0.19926744496375629,0.24483202309040494,0.15704473342290556,0.027428381105018208,0.06355960846830626,0.13969512402390483,-0.07487060610349298,0.20160716131224304,0.10216217183506067,0.14577321883628552,0.0682665757634095,0.29110369528393565,-0.027441282892219178,0.06376641392636573,-0.06016906934288686,0.1635968772015147,0.2636966341541332,-0.054072053045370085,-0.06813148976379176,-0.3782469550397146,-0.12921649910518032,-0.23198829407077023,-0.09196000551353581,0.15932421139748917,0.31938393710919233,0.10551118092685893,0.17194974785370512,-0.3845380241899516,0.2324921518509662,0.04297572196343031,0.139304053201687,-0.19089399110266375,-0.22052568866102135,0.16775947991934118,0.21923161546713213,0.2411236767502764,0.3781587985738065,0.2715839012894727,0.20070149569479906,0.07905306574878093,-0.05509670685024503,-0.23170473538655043,-0.17329434746611985,-0.21466855088543157,-0.006494264209328756,-0.048481860416693626,-0.0777073790113773,0.46727596496925966,0.2852486485086658,0.32293516498346647,0.2025023232140228,0.08697176528964332,0.1443223722146816,-0.13376273847993347,0.18708118158337858,0.2228803418973848,0.21787263497940074,0.23915266266234927,0.0382038668131128,0.3570118073411762,-0.0010398068719868247,-0.1752338778980924,0.12890809227088082,-0.05731316043651848,0.14593954433224401,0.26281866193080927,-0.05588941418459012,0.039487019323949456,0.2738556245736597,-0.047070078727672736,0.2656269877922834,-0.05182112000925762,-0.04855192444905804,-0.1231401211312417,0.2074874095082871,0.00954036891265625,0.05421840177795347,0.1306056849906612,-0.09023463240151548,-0.10921889697742593,0.03407028316448576,0.036881262245910054,-0.0038681482219325774,-0.2441296363882209,-0.19618541783594862,-0.24580580899552326,-0.01273536438309416,-0.28908495487017966,-0.07363662128938894,0.12553049622707094,0.12212974865513218,-0.12621620133733327,0.11697715096930723,0.01009389482256464,-0.14360458718126035,0.07947360868019626,0.26778066471642004,0.4061717554491677,0.09267223892700069,0.12208809183404767,0.07481178599534137,-0.018766286927959168,0.06280903057059177,0.5023290374794429,-0.6556904034752589,0.4982895371712829,-0.7813291211804996,0.2798401891295578,-0.3175164969831528,-0.8498075627597647,-0.6767068079150964,-0.9778733326921499,-0.628331119227842,0.8865551432890706,0.2916012583093017,0.24808505543110904,-0.8575230009208489,-0.6462645758648824,0.7526608074182518,3.3242163311271016,2.141891516982041,1.072516364081508,0.8788149149127518,2.030521715600815,2.0983496284496246,3.221124718071349,1.7248488307099645,-0.5772501076773334,0.3997956548634484,0.8280649723735375,3.0925866572770584,0.7133299210475885,1.3986667719020398,1.2384018954597116,-0.5039939825032432,1.208879574177596,1.7616118002734802,-0.5427056488127425,-0.5531165063020873,-1.4837123115208177,-1.3352643938748852,1.60997068171127,-0.2917792418416451,-0.2645473363111434,-0.9362058553726778,1.8316519237626083,-1.0899796776709543,0.3423908338869167,1.5228964985574867,-0.5409363617833132,-0.11672420450180686,2.0904208763185235,0.31300574558100586,-0.3747131807605268,-0.08133914515145739,1.3198246350066776,0.02872106084594496,0.5142551963520442,-0.24638565101774737,1.096845628337696,1.0651580085366898,1.6565322805172373,-0.6743956921723249,1.5045808862625794,0.12768966664740625,-0.27992885975138476,-0.6434316749577329,1.134864711959791,-0.27441373748076975,0.5171481718312995,-0.17090573968039388,0.8790674356194383,0.2615555704180052,0.4739354502565203,0.030814868117274023,1.8885625904285541,-0.21656014808511675,-1.0250140057646449,-0.6364755001106193,1.1379934167851615,-0.5698507563130882,-1.3289005707224943,-0.35970645244018057,-0.36061769222344303,1.917182060547168,-1.5940748729742464,-1.0025632884818827,0.15306201838820646,-0.8539322483110593,-0.10393662955594933,-0.7074695024655117,0.08511302694442162,0.7950821309477945,0.33638278906925,-1.2874522418926104,1.6544798058530952,-0.820603953107482,0.7740528101884236,-0.7164508773232742,-0.10323089831463726,2.61590899999612,1.6799258968389568,3
0.30312164958525056,0.21472078054517119,0.20397664224062587,0.12786818715386822,0.02445605882028497,0.07793371894375761,0.09248855124849684,-0.05817227242433029,0.18205556244972632,0.06392091395945323,0.07825052839626834,0.07207781071219321,0.30443292164086033,0.017747835367623907,0.11493095006236942,-0.0754838577057651,0.1331171348630338,0.24609310424737627,-0.0072266917907872,-0.12246381940807434,-0.33210739388062027,-0.12181998539009237,-0.20066114297670432,-0.11741761836130596,0.1509457259387927,0.28527640674163546,0.0950601302780497,0.24193043313579918,-0.3337615021599829,0.20605960216505637,-0.06093171390739655,0.11315650605135424,-0.11037698214393914,-0.16717510411063627,0.04598493049089665,0.2649201673012077,0.12900923349339113,0.3693260657376435,0.26072989846748973,0.16943712593632895,0.013572985253975526,-0.010404191648676134,-0.31037848636137044,-0.21507493915831064,-0.03178527326407346,0.01890339813434154,-0.003162537905844758,-0.013719317611432028,0.4012054576299012,0.28320616326443626,0.3613155072429413,0.1742752437208877,0.01659604960878713,0.1541333245021896,-0.11868994192535641,0.12494603423331521,0.2343939378302813,0.21425116201029656,0.20725127384730654,0.14506553884724063,0.26536371563785666,0.03315112032589923,-0.11002214528398599,0.11515312734075141,-0.09023242856516205,0.09470417874270683,0.2586285191161241,-0.024218541083620468,0.08652432788235338,0.044621200066938975,0.01420719005164091,0.45202345426520174,0.059610344583394356,-0.1314943908555114,0.15574647387349239,0.16210053051912704,0.016409875122352122,-0.01941276880651006,0.10853267970828318,-0.017368555557346444,-0.07658757228822012,-0.007362581974460553,-0.011438136525502133,0.03967228607085742,-0.4200398986233081,-0.3009579350701769,-0.1987122109127441,-0.08913098121447206,-0.2145597886950018,-0.2301960046098595,0.1959442103268622,0.1124395537193035,-0.10631153623048785,0.2151290400584934,0.01818600899459774,-0.1273145423958868,0.18481581537898087,0.21443128204168202,0.3433498629713017,0.10602980146587347,0.15693171863127453,0.0044828902228307805,-0.007395763015305899,0.12259662861964217,0.47867453935451415,-0.7649020956152097,0.7591894605008485,-0.18495085564511757,-0.5091500665348172,-0.6931694888716989,-1.1002409706264347,-1.0062417864650877,-0.8225444744890401,-0.5049935830740125,1.0744690090670221,1.0223602110679646,-1.2560627741215646,-0.3378438246313238,-1.05485934388154,0.6969128478343953,1.4212579542033903,0.46352356323356575,-0.03531055901010407,0.35376337116086704,0.9193111568284916,1.3049542685328013,1.352683945906677,0.33358374784257516,-0.11933049649335119,-0.5796766298503376,-0.19701795154130836,0.7734617312960346,1.1108215982319445,1.2792209171145843,0.9453854873202358,-0.4736433853586615,1.7807791926224654,1.587577184967504,-0.1483001525372253,-0.40274507219204786,-0.7463527624124271,-0.9156842649574382,1.0611773418093928,-1.0410261805670211,-0.7056224069978094,-0.8473576365751996,1.4826277757606094,-1.0129779840788682,0.5020936133360694,1.610862686133588,-0.6797706679767622,-0.12770344782132054,1.8188308508343622,0.4653415651053299,-0.40529854377300145,-0.5744330328864968,0.9073749682523482,1.099713279822748,0.6264129687221106,-0.6862431361756325,0.5144540222095012,0.4012201998224328,1.6251769221900347,0.5966108816843749,0.714289519356707,-0.016148293587855096,-0.46360747031298377,0.8345718714913456,0.6398722912906939,-0.7899417884098331,-0.31718074397757745,-0.108607986041113,0.4198579894372247,-0.8257627203999048,0.21870369006695287,-0.24775767183923145,1.890899128829167,-0.13608394291656362,-1.1902362819883776,-0.6733068375787694,0.8275149504401177,-0.7286356566852263,-1.3139993104267698,-0.30130770826992603,0.13489554423555083,1.8696051228326411,-1.7679618186209178,-0.7666719416471146,0.2857917282766595,-0.4975040712179497,0.021258384828670783,0.7109860567791364,-0.23971905162475968,0.16156213836441072,-0.8264525487070644,-1.0542009170756916,2.034668869834747,-0.560891418042019,0.859309038714266,-0.7608275354927858,-0.004720416281947497,2.0703969066001697,1.483233544688481,3
0.39232384976187756,0.27239409831115136,0.17911821717838936,-0.04868113700735445,0.05173644905088036,-0.025385327649286898,0.1939849870087565,0.0003338018962674183,0.08281599392507807,0.07600996216227354,0.006652972528096571,0.07136717086235257,0.14902503710820386,-0.19932008363247744,0.010389974844622465,-0.059821152762623404,0.1416933423089792,0.22091859191789862,-0.08578396508570314,-0.18900822058243372,-0.290516502153523,-0.17502430690165943,-0.2412700660711786,-0.04075764272347525,0.07848748628709425,0.2607873038224564,0.12134004371921163,0.20607436226027961,-0.3920502366848033,0.144978946744173,0.06696288531968946,0.12011025362331527,-0.0638545708549581,0.00865463038322253,-0.02505298769713014,0.09928797873501544,0.05347141877784094,0.26148536127934296,0.3130808854144697,0.14466548987867708,-0.0699270149287034,-0.004971713127112175,-0.22852487504540964,-0.28857402122708425,0.09633386570278436,-0.07286931412971977,0.005039678460488742,-0.011507493768183939,0.31536614692046877,0.2351542459339077,0.34958729646487036,0.07608960712346582,0.04246848733346241,0.2839069000976363,-0.11048700710183289,-0.03857214726901024,0.18342677576087524,0.2613760562609283,0.08286050092823136,0.05035891436299535,0.07292229804722708,-0.09265581291466685,-0.011886772069428684,0.07637340952492795,-0.11824541092897504,0.0701617899498895,0.2236814401448728,-0.013491343746940361,0.0013876850611803833,0.0936247806581423,0.0051793097855004355,0.3967836474822597,0.05665915450558575,-0.014049150547539448,0.21592824240110475,0.10901021182699216,-0.04776269235116616,-0.13574356032747795,-0.04448934149177397,0.07537417862212607,-0.0950358458023558,-0.07877720894633934,0.055792492204189505,0.03387564321557604,-0.5817369911039179,-0.22090831484787735,-0.1767277255022135,-0.05137651066139962,-0.050245037589077085,-0.22516841008624394,0.1513464017902306,0.10671921588406398,-0.11161219225108739,0.15249365818851718,0.006860692035855443,-0.07177692600357595,0.1216027890486497,0.18485835331492245,0.3414763447106013,0.06443680092392358,0.1354575096362047,0.05829173305922041,-0.027676225681372936,0.14722920719369326,0.4259052190563044,-0.8370336296778855,0.24898836838616611,-0.6184423456199684,-0.2956630812631009,-0.38929046317981986,-0.9035480833374356,-0.6612684545332421,-0.9110392597209548,-0.6400338717408541,1.5943631697468137,0.25149179064949,-0.829304529184627,-0.5263206212842862,-0.9775831619879143,0.0754632925142106,2.3307159651578924,0.44365249489214936,0.10863530953201093,-0.7054323962658334,0.014284809809449581,-0.34905716178306123,0.711880475339579,-0.15416677218326966,-0.261447864942894,-0.634719179723695,-0.9146961304332716,-0.2362715861459946,0.03966464900683784,0.43129385317913477,-0.06657989611491862,-0.03384936568833023,1.1248213675130512,1.148463128159253,-0.3403108964413991,-0.49776018099279734,-1.0173885834898655,-1.35781570484312,-0.16158760558826266,-1.003076859505692,-1.1009319859925386,-1.1393682156487834,1.6747201231892748,-1.1763673287417247,1.662006852663538,1.5775014240873506,-0.22312124265492303,-0.5799908226887894,2.112622820406787,0.4911002198844878,-0.5671972314894485,-0.5974628553159618,0.10368581092565095,1.3025522222632429,0.23197179178289562,-0.2339438307194632,0.6401257553752985,0.19946576469475333,2.1003082185303077,1.6568963141305315,0.7020074520478453,0.8404515146166508,-0.10163334353532509,-0.015066912962688235,0.45679603252611617,-0.06113678335820014,-0.20758276477135865,-0.11163132080161703,0.8975724275929924,-0.46146048907107157,0.6616099934223599,-0.5369143617079101,1.0502637162780417,-0.6384742344672787,-1.4115276576710913,-0.8780231413977679,0.20084515389186022,-0.5401512322101366,-1.481003071784469,-0.5204162133908449,0.870734119220423,0.8424584123802336,-2.1603952315537875,-0.5951102225781376,0.96840440941177,-0.709009210730444,0.4126466730020731,0.2914910534314072,-0.8178801536081668,0.31045148535305694,-0.6154287450813262,-0.8819687779309028,1.4654832645783296,-0.3391836351093654,1.4352466022462134,-0.18570566783372122,0.27328195045012565,1.565603533084161,1.5922847078256706,3
0.32263577370414703,0.15515222833732378,0.14235751513874179,-0.18832138239780138,0.03690228460491889,-0.008522656060424951,0.2106950951432303,0.026809698901161725,0.0650895701405978,0.015161057899826046,-0.0599482937743289,-0.028879974028629487,0.10485617003283618,-0.25027404611337684,-0.1131162404047985,-0.20381100640536393,-0.07998533533291502,0.2610702951784568,-0.19521416265967956,-0.14029579421042493,-0.3789065694955928,-0.13193916580094614,-0.33485558487587574,-0.15230894440598586,-0.06962704972505712,0.28531386225087,0.018092316376005238,0.1723502051435877,-0.4733240878949276,0.07185065256944215,-0.013699817243412469,0.1312404398869599,-0.21320215867721723,0.008860666166824606,-0.11914095258679472,-0.1421848664651181,-0.07868938650797705,0.2305284214809935,0.17039881313673205,0.15379752442944655,-0.12493001770604749,-0.05519003824784325,-0.24856572175629169,-0.2866200309292483,0.04586779857030124,-0.2567253143864718,-0.04922518910083947,-0.048926876143111406,0.13638561563257728,0.1148183962276318,0.24010266683796957,-0.10199075201120256,0.04121436150530332,0.19682311473363645,-0.12053357517591146,-0.1743971348024975,0.002460171946577698,0.19287604549459839,0.09328918557835288,-0.06954430495625134,0.1332242467300333,-0.20375715154666776,-0.003964997621744547,0.05982745022171831,-0.0014565541953371062,0.011445817798543543,0.34146617192612655,-0.046904991391893726,0.04273395019108697,0.04943060469534859,-0.0012657820050144856,0.2772256638175442,0.08662743239039382,-0.07446230050635545,0.3743817375278364,0.08425253868502122,0.08379039454033917,-0.30122226408706737,-0.11079882882547532,0.2922435621785473,-0.03268272272117149,-0.0498184325414032,0.040304949535004374,0.07713506034104771,-0.7747350424500026,-0.1498656933434744,-0.1490366356149326,0.053410347186184766,-0.02125990814960985,-0.15316799823500588,0.1905329686707766,0.09387732269794581,-0.07531287014150428,0.12411574628895339,0.00807720933109915,-0.17650936587918165,0.08242909522413273,0.021828267053833814,0.2589609418512354,0.010421442461377897,0.17790807165959796,-0.09714592973769363,-0.019732394307213613,0.09693607084898664,0.374013307025829,-1.1507440573642134,0.26864837263843416,0.686569845696622,-0.46678560067369573,-0.3183278354316521,-1.0405758278669823,-0.9228859236587221,-0.9004211393924442,-0.931109248709483,0.716033872597429,-0.04083081509069585,-0.70550015786954,0.29077124460565185,-1.3132970802962367,-0.8710443601425861,-0.19443466934974268,-0.42758603696366015,-0.7206970662365053,-0.5548675737165485,-0.7050834234612823,-0.6024508178658537,-0.7683278746154018,-1.0723166617302304,-0.014828683910589028,-0.24273938371853981,-1.6289296766886323,-0.9690268146453157,-0.731359174275525,1.4848446739015937,-0.6486781949026369,-0.9043922057673205,1.2210027881437897,2.0433633749857685,-0.6133448609898322,-0.8995626230819922,-0.7430560053245744,-1.106559713182329,-0.31240846682202916,-1.3251951338103765,-0.7399023251446658,-0.959284048364696,1.8824189017985764,-1.116182217410025,0.6957780707152281,1.249361933544096,-0.3537212967770877,-0.7747878683954049,2.2809726970580373,-0.10479971954014701,-0.9466369612146744,-0.18190852196275364,0.832237910822479,0.9497990131139963,-0.11067909198309714,-0.48487065195080514,0.9193419689393577,-0.13888952452267772,2.588422325869341,-0.7597216302338184,0.7078052900331152,0.746070621593679,-0.17085625312233,-1.2274845439079782,-0.10583365357602757,-0.6210059350850297,-0.49662526158686987,-1.0589170327031667,-0.53978705691363,-0.6686530379176451,0.5254435584505578,-0.6880839440604384,0.43382075187831665,-0.8875327881698372,-1.2923087489964922,-0.9333420665133685,-0.41758491673588893,-1.0631036372121294,-1.628828936443679,1.1159936678955094,2.209154605382511,0.9289758589959447,-1.864037246533682,-0.06492087352629411,-0.1944679692172626,-1.10650556338076,0.45531023986625696,-1.0524261361763092,-1.1400832264493779,0.3648718036458498,-0.0798913827368041,-1.2198777268738172,-0.6827923531676797,-0.2653151231072577,1.4026555025046006,-0.8552029991056176,-0.4550757385497457,1.6863417130334701,1.5435000552731202,3
0.16672979040010288,-0.07529597419735416,-0.1393721527889652,-0.4967027036690337,-0.05717031095173628,-0.04281158055144852,0.1245905711964269,-0.04095143075735986,-0.001874266598954984,-0.027171661145358288,-0.1454990860215477,-0.2029889703547205,-0.13805580946782464,-0.5251836699740589,-0.31723316148675806,-0.36329610131597045,-0.40548541983363445,0.1155869472392973,-0.0545903041531597,-0.15898338658921,-0.44444072775124416,-0.23718232226888972,-0.39720177420220626,-0.19492006288326907,-0.2549567176581973,0.15929038159226963,-0.22243825959853974,0.03073175089622483,-0.7099464160742817,-0.06564240596691388,0.07882507399908464,-0.0018513885255517187,-0.2532944795776805,-0.02287635218046348,-0.12781998407821263,-0.20575925051146507,-0.2782537737271118,0.05808372428911167,-0.10448327498558892,-0.10134009200074053,-0.30421517165396933,-0.058202699588036755,-0.39209030045004417,-0.36119979010420805,-0.08876074782279472,-0.33461954411541484,-0.14557091134783062,-0.33055231669344615,-0.11660259859774762,-0.23546688629396598,0.1481790364584665,-0.10055828654206385,-0.0006471828969367377,0.13179989126052524,-0.25297355294375473,-0.2770798879594432,-0.059454422763080765,0.09648488482671391,-0.04487083391965071,-0.20314593134942147,0.08736306978710584,-0.36147909424650704,-0.06800442718586296,-0.13233837516235056,-0.04399346828730999,0.03666363907923177,0.3856964137019618,-0.08384650687359098,0.07753058362760169,0.02293271958236031,-0.0566883158109748,0.08312855830376624,-0.039008445721703325,-0.022794959294115166,0.19788214572812474,-0.055290816406593245,0.033897057762173645,-0.4258533279381911,-0.2810462886180333,0.1801418993123413,-0.008839513352900204,-0.17591502087234737,0.0004523920881829757,0.008216141810760153,-0.9070736568838111,-0.2674236260488446,-0.1623396075157226,-0.06509906880445637,0.002376824499231446,-0.2049862008920081,0.1585493193775099,0.022055628975537464,-0.09186051647261699,0.13441812813370796,0.024799888571661075,-0.25617610656438566,0.09205236011595039,0.00759459740936071,0.23821078064729265,-0.08382389317832567,-0.0052587814640713305,-0.2526255027222616,-0.16302972877296704,-0.12985328230076834,0.19739245774227324,-1.295189524700579,1.0325660063777489,-0.20776382315446162,-0.3970030760057504,-0.6055858112213802,-0.2516960850542367,-0.6911838672985984,-0.6354178242957932,-0.924626008056767,0.19240866910090595,-0.4490055630923621,-0.7461753837085087,-0.5888022828741772,-1.5969139562065406,-1.1552619138430664,0.6365361842586642,-0.7013907969713181,0.055141465479717454,0.5311425004086154,-0.9917946104816638,-1.0730161061341144,-0.7320540528496006,-0.9717243317634522,0.5824455558438024,-0.318586900140833,-1.2628470349532468,-1.518897547096492,-0.8640281677825502,0.793093732009925,-0.4851541079126802,0.10252440053131535,0.2369568940815124,1.6928812439770708,-0.6847552625600505,-0.8389007340627772,-1.1571640944959523,-1.514377787272487,-0.5530630942825875,-0.4603610446165664,-0.6252490244294332,0.24798743690413183,1.7383907521023276,-1.3766450921994051,-0.7446431402162367,1.185066223535032,0.06052610415182751,-0.6664879061993928,0.7810974771891019,-0.6587497414153987,-1.3495945125346653,0.6930983017298821,-1.3025434151431476,0.18674761246031352,0.3903478064958499,-0.559089945950311,0.4864825884635145,-0.25190792077087526,2.4235382971364463,-1.1565279472288612,0.5383229831544409,0.39011745374371176,-0.3266295471317384,1.0495048001366314,-1.4416465584379652,-1.1460931893793096,-0.4678607442079432,0.4024801768981648,-1.190406393119896,-1.151379275559028,0.7830910371769315,-0.007917260530364185,-0.8795331697304322,-1.463267301512033,-1.9976326943021716,-0.18156552385905703,-1.4539295448844143,-1.1345371292934294,-1.6914574618573086,-0.18044016259177673,1.1029546193612974,0.5582858707545495,-1.7005898719177783,-0.8424588844344167,0.07418546985009115,-1.2766372242186301,0.49103632908690203,-1.1203140575401451,-1.4308147618406704,0.09453836005316221,-0.12299802171527678,0.021705757670781648,-1.4550855266980438,-0.22541164355629206,1.7457655896437572,-0.83560403326251,-1.3187808008685733,1.08053234264594,1.4665919094532092,3
0.13350584776879554,-0.10824270848872226,-0.2818896045107284,-0.4411429680556831,-0.03616350972515469,-0.08871322288389533,0.016938022324237162,-0.0326899166773128,0.008164443655016966,-0.0292225810269728,-0.10601944348883892,-0.2715958834995686,-0.08806856709996942,-0.5168451796214578,-0.36350415934957075,-0.38767655039246435,-0.45605335890034815,0.09509380038230672,-0.03283585262403405,-0.22261379758504268,-0.3283988892150923,-0.1578219847627822,-0.4565343721829301,-0.1867850313267892,-0.17935321305796173,0.049131337943933734,-0.23784147671818795,-0.18402949273158528,-0.586487619402133,0.060152135857714714,0.10038018684903086,-0.19328422711841178,-0.19331194315298655,-0.013742831470993925,-0.13958485138748625,-0.09082385262770598,-0.2495399832869666,0.21550528801773505,-0.25091687422071635,-0.20240737802757483,-0.35646946445271804,-0.11333938778916462,-0.296406288698046,-0.43280324485772254,-0.0711565136626212,-0.37890967268773895,-0.13049789870666836,-0.27500881582650083,-0.1339350417003581,-0.21762857569518954,0.0790422879099239,-0.06372548117083385,0.12138867420323027,0.10579467777925095,-0.21682194653655748,-0.42305325930276333,-0.17162719588167802,0.0941685145975933,-0.17770216461677882,-0.18199790536496444,0.017686455839206878,-0.3062431674149039,-0.07905875102309447,-0.15236471994763245,-0.02201962070714658,0.0455890570890096,0.26150598634375277,-0.04432326394171483,-0.008815231536403125,-0.008299078588983452,-0.022352455871994817,0.08355283294458676,0.009596566204018123,0.06754315661550225,0.19665829238947735,0.10545914498501135,-0.053993785598789694,-0.5545606255206686,-0.30795635504040114,0.18387397330440067,-0.04742904166511578,-0.2899161194696041,-0.02943602451746679,-0.08970621860077096,-0.8701205549209196,-0.14626884571655888,-0.27235441839098223,-0.015006941587189035,-0.04335699677130274,-0.08866297700185054,0.06835267270542622,0.030334398056171216,-0.02637915155828073,0.01328839946499854,0.062419057430781105,-0.17660526189397655,0.06738405938210047,-0.004980345539395823,0.16293995662967678,-0.04504257794171555,0.05986897381432913,-0.24545960673018982,-0.2025465167227645,-0.004760166169712197,0.13987164227289517,-1.1666113026541676,-0.10864879707350643,-0.3638183760734847,-0.9903439952165457,-0.7244728247322189,-0.32810250864619034,-0.6989022162825854,-0.3246675545121674,-0.9926327728079384,-0.20721274748905125,-1.239416675964545,-0.9704331238879068,-0.7190783162967669,-1.134307597686686,-0.8598284831311733,-0.1377081574002969,-0.8202230404523579,0.1682992213731243,0.1157901167160817,-1.2595554679656429,-1.2576661647933707,-0.9016428425483354,-1.0271058186681983,0.4420923949829573,-0.6332000925532814,-1.1867548554845697,-1.5640761154453986,-0.38836797967420894,0.5774896557360536,-1.1495374661302604,-0.5662879738255151,0.8145247782406576,1.4778393899714037,-0.5603187638021778,-0.32590624515559924,-0.8375052262712408,-1.1770840042735418,0.11807601927492495,-1.1830033194337997,-1.2800030196169774,-0.24628668821421576,1.66598707960962,-1.4805348828782965,-0.7963312669915422,0.9137813763026796,0.6369748640781967,-1.2523623222820832,0.585946977079211,-0.7476403867573735,-0.9864188654276893,-0.8693604665429787,-1.3493118634680759,0.2548543510669152,-0.09190249859211788,-1.140136983561413,-0.19836832613974412,-0.7995856815080237,1.816383573401835,-1.0322285082709863,1.6415368247403237,0.39890797321034693,0.041375605603191284,0.2538399687571296,-1.3075203813925733,-0.6327684923185957,-0.15477913084642272,-0.6947392781721606,-1.2938642346483509,-0.7519544294222753,2.5784554310748597,-0.8470086306642384,-1.0619234070531924,-1.3412869615182843,-2.209244100324969,-0.7467034521465589,-1.3834713813114403,-1.4763899685191035,-1.6361700797473877,-1.1521872614570474,0.5605437146511597,0.056014229794134236,-1.1828659650969764,-0.6293674025982843,0.051476589248590186,-1.1401406247006445,0.659842081313528,-1.1148257587439945,-1.5210855631188378,1.519539906256872,0.26984192761464665,-0.22369211617533008,-1.4515412711960134,-0.09950373703920033,1.9349509738202142,-1.0659583175047904,-1.2898593543231238,0.915109024354364,0.9347789371347418,3
0.10029761163699788,-0.056004667344947176,-0.2930365999918971,-0.47443289914943626,0.12447486250180512,-0.06030543198943848,0.03630253820563142,-0.16059004461255416,-0.16313529780969124,4.221269420772463e-05,-0.10015566139667818,-0.372930998959828,-0.09809941062765304,-0.4804999646230204,-0.3636202345823125,-0.31864415730687173,-0.5336731979092303,-0.06300087123407888,-0.1238422950250971,-0.2252175102535528,-0.26316571746623785,-0.2523377867080115,-0.3925393024045415,-0.19375973203167443,-0.2244953580399558,0.09436405635413626,-0.2241868070055022,-0.1572002352091399,-0.5958807974092781,0.02230350791573115,0.2129830607115659,-0.15307403373568298,-0.2100303664406227,-0.12239374568827516,-0.14153664839840824,-0.12004735806399632,-0.2141059738473142,0.13488343385797597,-0.25211951586415504,-0.21054573330809115,-0.37490278712629166,-0.06156508332385497,-0.22928672323482466,-0.5064813370614436,-0.10514507530386241,-0.42977959124893983,-0.13013620748972182,-0.3558946164291746,-0.17603949520388845,-0.15856768135673552,0.010833731204642531,0.00775393826334923,0.2072806103734305,0.0916238836588576,-0.15326382297604835,-0.487487911808227,-0.18191452782284545,0.012440896214820717,-0.18137008406826188,-0.13206625560670227,-0.11299138738143401,-0.37750640409024133,0.038903593705210925,-0.1879044034654219,0.08177303349188414,-0.0207448399112853,0.21824076294940029,-0.023266946158312447,0.0125678119782584,-0.04661143976834666,-0.04534926745994704,0.06560580620423458,0.14793481319214172,0.03343963745635022,0.14888671571706996,0.03813156703439892,-0.05028837981367302,-0.5900508691484074,-0.38245841209714504,0.09310624207282653,0.011955255940980035,-0.2315336831860625,-0.08261902732522698,-0.11698613254167191,-0.8478599270674401,-0.17474658687775602,-0.13147223046424014,0.07642192097028991,-0.07144071511550355,-0.13835307912629063,0.03725757316732154,-0.031874549613703444,-0.037208104629118756,0.013101822489341573,0.06914852145233062,-0.1612291020184842,0.04827984920405475,-0.15692564915053384,0.04780382834522219,-0.0752049146601324,-0.005884669751548065,-0.2654649294299636,-0.17835611918506686,0.042524078012968994,0.2073903635271791,-1.050241346284663,-0.38711099274286875,-0.4768614252806895,-1.1136304148222014,-0.6784443037150133,-0.07226252588232993,-0.7845946222040517,-0.3115240010857982,-0.7704703243527905,-0.4665959479862499,-1.1897962247618168,-1.1222162009247114,-0.7371424953461212,-0.7343708220962752,-1.2169355775244237,-0.2628655745067546,-0.5981238800296346,-0.09313103627227838,0.07615453072367875,-1.1255043989714213,-1.1328652752550317,-0.863053703795101,-0.9856473538776686,0.12315909186179551,0.024262985035272678,-1.6830019306548087,-1.300018343483344,-1.0818469064549767,0.382466010914263,-0.9492559117258095,-0.12493934146753147,-0.5082142102994502,0.07540520109088744,-0.4173376496550307,0.0139930073749864,-1.2195032560019483,-1.2495407499270241,0.11641577484467998,-1.0270497563553915,-1.2901131802975094,0.40328006106571784,1.3111244633004235,-1.5627885399314974,-0.5506087864211734,0.3904564736661131,0.9029026607885927,-0.3977799947422902,0.7088688536681536,-1.085172760155046,-0.7660910732251837,-1.2455679756813864,-1.1609143072679977,0.7332935549698095,-0.28708470717837703,-0.7904976440497268,0.20847158485694145,0.17635051870511814,1.2827388480558382,-0.45036680802677354,0.19122214052777062,0.6703008734415628,0.2942034746436929,0.1504633734468804,-1.5802271140571404,-0.8707600567679208,-0.12741471205666705,-1.0283022407739266,-1.3090824372489511,-1.055896721076558,2.4278814909575495,-1.1638418161838,-0.9303397138597626,-1.122344038709908,-1.789159053996623,-1.2405641146480078,-1.100159340826859,-1.3471603647969939,-1.5974685560292967,-1.166229264769496,0.11851374922669031,0.2542363512217303,-0.6881233753494344,-0.06457093198591583,-0.621471815563627,-1.374956675344924,0.4017398739756275,-0.30754845282732884,-1.6494257419581306,1.1659371189901366,0.44627677437127966,-0.34190283486092754,-2.09673051261269,-0.33498158166051395,2.7723059908221774,-0.5053748996727909,-1.45228566418375,1.4687757196464573,0.4921087615131588,3
0.07358995626192065,-0.1389181406238972,-0.280588515205046,-0.4349140994897107,0.23961447440633526,-0.0910306384469757,-0.0054061580168435494,-0.1667744013336782,-0.2576137195207922,0.060305465945267034,-0.0421576658488653,-0.420070702360103,-0.13214571970588568,-0.5203126876644616,-0.42886440373596385,-0.32012372695778896,-0.5525732210323502,-0.025041493459953615,-0.13327433095896268,-0.16065103635292718,-0.22575162109323865,-0.23367818706272603,-0.34586066746252453,-0.15681492508071437,-0.17981985128117833,0.10137658273920562,-0.24232818893374805,-0.1750174462138983,-0.5141527408606082,0.010905965181781805,0.16246132735813798,-0.18710455220439196,-0.25540880050267795,-0.11298567382642484,-0.08950014959494479,-0.2336238278135088,-0.28228691795348576,0.16858494319786974,-0.25425750783845075,-0.19925902365062423,-0.2959193370531197,-0.0984507612723202,-0.18671001476936752,-0.42283378757117207,-0.0038929126677154893,-0.44630682037910563,-0.17698847769106063,-0.23570124803550488,-0.1812650819092419,-0.1766588235570477,-0.11437025460811447,-0.014154897256174043,0.23162538716558956,0.06489385563268799,-0.08671018296103311,-0.5217155990864712,-0.1918736025158715,0.08596956882962074,-0.1446911934719,-0.10062405680082963,-0.06596350282729582,-0.35149227063774424,0.10730427821489733,-0.15305668469616396,0.04726235889299573,-0.020208909900557844,0.21958529615120734,0.07045721106208057,0.038269409771032374,-0.08223295240108208,-0.059334649644536885,-0.01831072669503841,0.0895051237331732,0.02469113977812179,0.19201752445560466,0.035731870580197965,-0.0327097366019068,-0.5679785445965809,-0.30563783032941766,0.04385482432579187,-0.07400031690867628,-0.351603766973468,-0.15643362777947226,-0.1321959326109544,-0.797667854860492,-0.20138448599994938,-0.16565031717318524,-0.005763364847803625,-0.07349059450648376,-0.1364049018439518,0.0048264343785095745,-0.05462522573822097,0.16686263421634034,-0.02947681767338705,0.12818243840573496,-0.08863457373250672,0.02878530090713685,-0.11598345266272692,-0.03941134127130594,-0.045591140160424974,-0.033784396152759084,-0.28857914404414026,-0.20385398575767055,0.077267033124382,0.17121800865076728,-0.9995728106526623,-1.1616887444061443,-0.3494877641387515,-0.9422080951138498,-0.9739847825903518,0.009028226976471359,-0.6619850223671518,-0.20482567430397136,-0.8804544635221072,-1.3306496563853647,-0.535883686423516,-0.8119098105947151,0.18953941284682824,-0.8422005064923445,-1.0599147292311477,-0.4389240511004606,-0.7010042442128722,-0.21000062535599082,-0.48493368704258094,-1.3183928999622585,-1.3523922172775877,-0.8727759036801136,-0.7995117489971393,0.3579470208845781,0.04276866350864002,-1.5984930406075124,-1.2471423396047574,-0.9192192890592089,0.9626218708076645,-0.8486448797901864,-0.626536144209971,-0.204995924803498,0.005290880488395173,-0.7354667006014348,-0.28299837848180537,-0.897310246886967,-1.1823225227932725,-0.001978361541180379,-0.9998478240731815,-0.5500146814423094,0.21420232569810357,0.6853391403473716,-1.6492525032811785,-0.9944416235493864,0.9945657684461818,1.0153310249513658,-1.5809027113876064,-0.21029245104412406,-1.3039743982418335,-1.1155128432706667,-1.481571401057351,-1.2269765739287473,0.23872076767389713,-0.5120301555454168,-1.1259217161560486,0.7257486401298648,-0.7278101953167859,0.7172066617157583,-0.69520190116128,-0.3380762552139459,-0.16510114849222063,-0.14520655734549856,-1.1479331002888256,-1.471876586904485,-0.6546583801591894,-0.12067330758352034,-1.3154296454256327,-1.521925777803437,-0.385839905959799,2.8202106715191646,-0.9760679216644956,-1.0735905433462123,-1.544326295563499,-1.5276801894765961,-1.449880919565442,-1.0687496341477387,-1.860656215016207,-1.5642940707938866,-1.3720382913476297,0.29978459231238963,0.5225704623814285,-0.4494547060182544,-0.7651768023293871,-0.35022793023226795,-0.6009200263270971,0.3499099732328163,-1.3548655437617176,-1.5048030625126672,0.6826456304292974,0.08193799608010349,-0.6783887591940164,-2.0970860451555215,-0.3002987020500491,2.3791085250456177,-1.320576831497435,-1.1782490692040943,1.1345281616161738,0.5341511110604173,3
0.028156560908905455,-0.1390353600219138,-0.28523159325225167,-0.47906142106952515,0.22600357366386942,-0.08678451590639719,-0.04658139619287765,-0.2053418175993979,-0.3274367429505035,0.03182265410568214,-0.08998117630817726,-0.3585268045374815,-0.1403860147659764,-0.48677664570757007,-0.5140507251058895,-0.25512285374940685,-0.48144412439554823,-0.03501939482515191,-0.17421395757531402,-0.24996832052848544,-0.2543102967808904,-0.24357753185410277,-0.23192006666133647,-0.1403963392213868,-0.11869929710902453,0.12408129828940731,-0.22517226983155408,-0.16682728645470155,-0.5308678377313736,-0.020253992625791067,0.10045733854375627,-0.1456635872884617,-0.17478365734470142,-0.08366007738742688,-0.05949871662973495,-0.2625516607336492,-0.3425612497407308,0.18276031728080408,-0.20825831966240882,-0.2365562974590304,-0.21478618634798177,-0.12171356174241584,-0.1677521952559431,-0.36737669958693986,0.08755753309169452,-0.43492759271452575,-0.1751235403317559,-0.19073916894255846,-0.1438961472873326,-0.11874998038639795,-0.1468142936432738,0.0493532962777037,0.2310890804326111,0.0016629558515851614,-0.03384890311329289,-0.395200995375748,-0.13575438501260167,0.04552356562978888,-0.13096355835520376,-0.014431128296049178,-0.16001503163248534,-0.19781734316682234,0.24404641462091528,-0.018043393567999125,0.0048141414666653575,0.08659917082479694,0.14168093057964817,0.02571416635127317,0.09173584964976546,-0.053318763035466205,0.006574130328287834,-0.025053330763549632,0.14374836493836332,0.06044368704066249,0.14939206487803638,-0.004463098824983189,-0.042642367631530655,-0.5993761746278986,-0.18422476399439466,0.18204065175799933,-0.03533342381421149,-0.42779720974434216,-0.21955484758244836,-0.16923795721143495,-0.772430315938848,-0.209381690209869,-0.15847938495325417,-0.03757372286259441,-0.02552676530442004,-0.22414697242416948,0.010664189088658437,-0.09548030314412259,0.16014765547229326,-0.03940667214454334,0.14914392585222885,-0.02477922981302712,-0.029446484751170256,-0.11270504591863935,-0.08581915428706022,0.1065129340409816,0.059819867393240196,-0.3371566121679447,-0.19603340719911633,0.07281527114931029,0.16537871630674386,-1.0165156341861499,-0.48152072890369485,-0.6387634488630723,-0.9077122749897888,-1.2193558150396853,0.43488677168732387,-0.5902586764019985,-0.10763219621686562,-0.7919144106953504,-1.7201579510093774,-0.4587899847520432,-0.6293046953686859,-0.5313618692094835,-0.7098779240272007,-1.0615789696431948,-0.6253248971378587,-1.011270885888106,-0.46779978078732515,-0.047418084439048665,-0.8001620689547252,-0.8611998542259455,-0.845742446689023,-0.8043209151925695,-0.26401489561605107,-0.2710591627677315,-1.4643355772090414,-1.2638403672340943,-0.9554318469576393,1.0529268104530545,-0.967129773512419,-0.5245467481170147,-0.030862371872330114,-0.14776788364261154,-0.771264669988734,-0.10259757158197749,-0.8121778436784028,-0.9500857645970099,-0.13798298352547889,-0.03695294027183361,-0.1376927674006833,0.7315303820724423,1.5503790663961743,-1.7107493918587948,-0.2297506121495016,0.30609478578189775,1.3358763975362105,-1.4815485713103407,-0.1542049854466612,-1.3995452466295046,-1.0945950768089174,-1.418072946575357,-0.7281276266214161,0.9332636756058834,-0.7045527141758,-0.9777447016135281,-0.5874170173659599,-0.9855469719558321,0.6174343535304891,-1.035026049190773,-0.7909873805736604,-0.5462400591505001,0.05290506013206671,-1.093302373961445,-1.044353213780197,-0.8661577739708785,-0.4887118904533514,-1.519217816864343,-0.9719163021492313,-0.7140654377669856,2.3219080237260257,-0.7999785394640814,-0.7084729774225255,-1.6442107986463306,-1.5794828095823463,-1.3023299075897508,-0.7960643898374427,-2.0482066502664114,-1.7037990888723216,-1.7200476165150327,0.5581036435812661,0.47755736601587184,-0.6242802067658525,-0.8689298726494749,-0.20002091681272854,-1.2379446362895277,0.7675093461142042,-0.9590525847667135,-0.7005409631654714,1.76337364737473,1.3518542242967044,-0.8866246625592824,-1.6451038147272858,-0.667176659572182,2.4545050500762415,-1.4446810135026267,-0.7592408639620978,0.8967637211546827,0.9640337789242115,3
0.06961458631182338,-0.1707841011383706,-0.2647235794454917,-0.426448385060038,0.20860674039889796,-0.11869007912016463,-0.09796641164682797,-0.17087169666014526,-0.3781762156226018,0.005804430025657192,-0.00863717286131013,-0.26086414410286357,-0.19869628668562261,-0.5217542085110071,-0.4827911262429738,-0.26536694973401725,-0.46784055859350704,0.06842601670038644,-0.2836757376683805,-0.17140301910097974,-0.30120628348577405,-0.1391439522985752,-0.15154916692555437,-0.09445291076627592,-0.09193191089995303,0.05972442383520036,-0.20352104503219212,-0.2317415283489962,-0.5326164553435582,0.0035096674664573143,0.22205296449933903,-0.12216628295571551,-0.15571632223142684,-0.14846321273354973,-0.02887954020599586,-0.23488357271718208,-0.22962647643433728,0.23685418692055396,-0.18745089948807084,-0.21216805383959603,-0.20364326206741926,-0.125314624342873,-0.16708171074972705,-0.3496334400052796,0.08062142495211704,-0.4493865640371915,-0.2049515197255852,-0.15509260729329433,-0.15661988204682553,-0.08237613074724146,-0.18756262151595327,0.03865358609939507,0.2996677047253006,-0.053265306529684156,0.05384583261090795,-0.37157022365121334,-0.1801113639363642,0.113968788772123,-0.08434372069451376,-0.0894597633004278,-0.050910922310365696,-0.1523858652339275,0.22049008568307585,-0.09604659823392406,-0.04031429661026392,0.12512196587855948,0.18713357219991808,0.06976623583954848,0.14578232919198247,-0.06909591944359823,-0.01693049575467137,0.045218787984179706,0.25059283934828536,0.10611100035588682,0.009755064585169662,0.07267944300382743,-0.12231871594678499,-0.6796337838937018,-0.11316828092968538,0.1488522461642236,-0.014611560384122785,-0.41749800614944066,-0.3363337068460271,-0.14680121135778246,-0.7112594536324174,-0.07832566773629944,-0.17696182780105638,-0.1979734265808216,0.08033631052360986,-0.2589838378480821,-0.03567578075013314,-0.1316330431356772,0.113833987513351,-0.057230711988972845,0.11586102684493085,-0.0737079394697469,-0.01293535220321827,-0.06143361807272151,-0.12207058586010346,0.12900227117468105,-0.0010634487270707615,-0.2518926138871864,-0.1434088180377481,0.051186496015411156,0.1946545674264572,-0.9907653034973395,-0.5608427582989856,-1.3019381751453445,-1.0197610261622885,-1.5094340372291721,0.20491340732848765,-0.2899609725136926,0.30610418927091676,-0.7322906475886957,-1.669045210798391,-0.5792116778762032,-0.9513352279673652,-0.43600247170697815,-0.8367286470335618,-0.6787397829000854,-0.45814812513407394,-1.0416538187938646,-0.4096272632878868,-0.733946946814737,-0.8692090337713654,-0.9428332392898504,-0.5117841665917402,-0.6756275002089331,-0.7174415977202855,-0.6245108627746255,-1.2822363651693365,-1.0428580287279463,-0.5825818700941964,0.48821283180507175,-1.2818429621962923,-0.9144219236008593,0.28533890033724424,-0.8347011400258869,-0.4941899390203151,-0.03668160890760625,-1.2787484128451547,-1.0817438844027598,0.25877313782940664,-0.2941796195873121,-0.16946590387800184,0.1567463754787445,0.39483056587259996,-0.9299052819523942,-0.363087746567108,0.6509666270132364,1.3815561398496696,-1.0980489058537868,-0.5677590919411769,-1.9455726416984636,-0.8669439563909038,-0.7240517427452141,-1.4267165221958256,-0.6309775173990636,-0.7250232874536524,-0.629114982939376,-0.7453949686778235,-0.26809243486709683,0.4106241486204828,-0.7261446706301545,-0.6622924972623987,-0.9977081322697219,0.029441165785525306,-1.092847993580207,-0.9392181852849094,-0.5026584124730019,-0.3660352239133039,-0.901563110432212,-0.9592294707642006,-0.42529230384496325,1.7239816724874664,-0.9629611176872979,-0.9778246595097292,-1.6624173210673199,-1.452173513250785,-0.8628347969849679,-0.9040061024260202,-1.5615254658716953,-1.6211102629051606,-1.4309590593123898,0.8321967626333141,-0.27505662582730767,-0.48665222202225267,-0.7038320178939067,-0.9743697678547242,-0.8163890903186093,0.6440053595047435,-0.7939334784404237,-1.3191790532010543,2.373860622768092,1.5115460473652091,-0.8243587417273256,-1.3405614454414758,-0.16844608825048304,2.6848540879369587,-0.8550726352692237,-0.6829604097743432,1.4746508057868501,1.1746941190224582,3
0.0030278211372152283,-0.168383019301401,-0.3499230615965382,-0.3067100230217201,0.13348129968926245,-0.0036099118094500516,-0.07454426987402406,-0.2833348380966408,-0.3392571432675441,-0.10848767199539736,0.08229306255965545,-0.2567575918050342,-0.05306767094689963,-0.5380802640098942,-0.3751426082400068,-0.22885791343738213,-0.4416354072964225,0.12169878260182748,-0.23633151354040163,-0.1696015695136014,-0.3352862918242922,-0.13829735226730902,-0.1253556591840839,-0.08644158399213571,0.056979289577290454,0.018356049403434,-0.14487704754860536,-0.205594177170526,-0.47944848716414046,0.08345136630535818,0.11347135306822131,-0.1557586775397736,-0.11931249204237114,-0.1778708030623508,0.08906521601103816,-0.06849882489420484,-0.2576803949880292,0.31710499409550824,-0.07879583199161462,-0.2078613839280272,-0.1919787070464388,-0.1709600736158968,-0.09381144749561665,-0.22787065806780332,-0.008589664880474,-0.4372819254099728,-0.22333627241838203,-0.07349855478074796,-0.1795337299330448,0.001959232352076159,-0.2789793903799536,-0.04049408102274118,0.17101856536895135,-0.1042832961710814,0.05401509549270455,-0.2260681186035911,-0.12279960545963556,0.07512965066042603,-0.009316865899914083,0.11870120097422213,0.12337424781338406,-0.14262929792860587,0.27372567972540657,0.07963789629515908,-0.11184130636273588,0.06229520972607676,0.15624426689643003,-0.03151911122679969,0.08600585408705487,0.04356890694688695,-0.011992290004726644,0.006380879441605734,0.10486746783830413,0.034793938255291,0.09399375658078213,0.23422011927289005,-0.037204003600582194,-0.7392478093913964,-0.08166655400826152,0.21265626920330075,0.07267090072046709,-0.4290648227025397,-0.38012334381478374,-0.14728099350365145,-0.5759487429033517,-0.03988958898544797,-0.23117618021382275,-0.2827279882570837,-0.008930287868879302,-0.3936565355062204,0.02285593675019726,-0.20463951981239903,0.1377592957833999,-0.13458442074308996,0.2038528372030737,-0.0944045989242268,0.015008715124952826,0.025349970885210966,-0.11988966839186008,0.14930761994204242,0.04411251287774143,-0.25571393193933234,-0.11745972673273754,0.03605598587658661,0.2845524702325536,-1.128624320533342,-0.5452203382454013,-1.2579849921264472,-1.1036066828418327,-1.3205156064992611,-0.25719529166727634,-0.6249435493419214,-0.21050548333277544,-0.7234388048144026,-1.644362288917631,-0.6102642982229817,-1.072248862528158,-0.9430471393653455,-0.7201886674754229,-0.6716933737108963,-1.40926263297106,-1.4374735097482476,-1.4787846441435553,-1.303254519702516,-0.6821607727073107,-0.7880537782620894,-0.7615833917032555,-0.6889431998570368,-1.1804663672365874,-1.0007124784340753,-0.8570993688206613,-1.2265843875924085,-0.5165094265848792,0.7216912090515296,-1.2081836584823176,-1.083093004127862,0.4091322988576124,-0.7852263751164431,-0.4445016832192188,-0.06433703228939248,-0.7504409788354688,-0.2904589601900977,-0.12453799407739989,-0.6769884969576992,0.9499995795521844,-0.6595431102151913,1.0546540628889758,-1.4306602752750297,-0.20425289370058697,0.6269762346049046,1.1397848451119976,-0.24253008455426217,-0.48032853738173525,-2.078631383130725,-0.9312177592715436,-0.5140549217734798,-0.8405971410265334,-0.43717389168447573,-0.188647999257097,-1.3856610661669801,-0.8763684134986061,-0.42653532620891643,0.3234457926573905,-1.5439821167770746,-1.0168399330810551,-0.7572370981081016,-0.5242802962282572,-0.6044710683115906,-0.031201990160635386,-0.5488267642038588,-0.14344713077475157,-1.4279246589905883,-0.537992287182518,-0.3103843997098396,1.9840952461447727,-0.9930935441494504,-0.5195971676811221,-0.9275835557676794,-1.2951107853170993,-1.2615542964456472,-0.05235678075729099,-0.7170471906355971,-1.0421684207511694,-1.4632363227277192,1.0051137669667665,-0.33539143792692944,-0.5587643753612381,-0.7989917513260261,-0.7528406474741652,-0.7617104013527566,0.12937204217770515,-1.1003449270796426,-0.2930464455880585,1.8318983475743646,1.0075564663447314,-0.8962905629001985,-0.6449323316900273,-0.5374175709394633,1.948768742663763,-1.1909134585865015,-0.18192486936947727,1.5899432205214585,1.1913618176071774,3
0.03661439303931783,-0.23096439985389222,-0.3417327698448178,-0.21492154515581308,0.15921418409980195,-0.06936673356294032,-0.051493863132638214,-0.38382425039809254,-0.38257926398724185,-0.20711576231519438,0.08574110811290314,-0.1791540608320962,-0.11260315372294184,-0.7271702084407109,-0.5146406492837602,-0.19713590320096505,-0.3895018288062055,0.08530984537809001,-0.08690762226675425,-0.14543088712547092,-0.29354759868486746,-0.26627845788384064,-0.05189546982705847,-0.11013691129249216,0.11817099935077163,-0.05964037173021184,-0.21124249572115336,-0.29043900311512,-0.403909274051511,-0.020651072982383546,0.15019694308564058,-0.0781962533022608,-0.061920242412313885,-0.2639038048394905,0.11537116769993572,-0.030485945694847506,-0.16450284581259275,0.24951551707627848,-0.029648488637408304,-0.2733152533404139,-0.1332252968794006,-0.13051582479074836,-0.01321959456592532,-0.33511572833699216,-0.07306136863728983,-0.3020842123367092,-0.32852080167654685,-0.009771835972188215,-0.15454714332038405,-0.014230190776674246,-0.3172580444247434,0.045754584927763825,0.06488600174140256,-0.042573173132263525,0.1606752250080424,-0.08921988124017965,0.03450189860354226,0.14855043690481815,-0.004001586891095228,0.24002769028544071,0.0046092825271094465,-0.05699927658504351,0.19644369993209557,-0.04923122308560302,-0.3034658992497374,-0.06750433551201554,0.0307291587856343,-0.050452096073842205,-0.03159785420972096,0.1021643023623719,-0.10334853892515108,-0.17579491451208637,-0.0712010464682451,-0.015751933407527296,0.08411886067102403,0.250485101918793,-0.1452175347600239,-0.8506858097839627,-0.08858849662867856,-0.009014283249850234,0.005911556782526881,-0.6528104914639566,-0.3762416112920835,-0.19723852958565943,-0.467965397498159,-0.06534675629107912,-0.19955750166937716,-0.3866514691656754,-0.09792878695553188,-0.41347629615329917,-0.17459558479363887,-0.2607751964274473,-0.021941187616521425,-0.1382591852550685,0.11563664350550269,-0.11716016993595736,-0.0515597229275088,-0.022561357353875794,-0.15526045979463884,0.08873713686076808,-0.039418906442562185,-0.41034461739751793,-0.2451519096901538,0.048927215592719286,0.3517969570803461,-1.1252910911779699,0.20165623992127304,-1.0745173281784344,-1.0176238387036667,-1.2836999427383655,-0.37022964843688255,-0.3889605344201541,-0.2282190521459454,-0.6299748005497615,-1.0842211422142116,-0.6489598373083941,-0.9384092790146911,-0.35907920111090136,-1.0346875161364324,-0.6178345549856612,-1.1694473988190046,-1.0892845680977885,-1.7441443912576442,-1.8787912303205658,-0.731725326202381,-0.8288372970728202,-0.5138412805703186,-0.17906015600338127,-0.7856163021292056,-0.9227717114181815,-0.9345933147164797,-0.8221383957458799,-0.663613160961568,1.1718935623437285,-1.4995401644039759,-0.9378076131598366,-0.06714631683626407,-0.9686224114343713,0.9300081511506023,0.537642002673373,-1.1963323565690827,-0.890032574027091,0.7553867223611161,0.2677643444867589,1.6533248937709852,-0.011954298704469464,1.4807847441503255,-1.3061172490241884,-0.3548272933695217,0.33060061808052177,1.7102905360779141,-1.0907231192325093,-1.1858921673031662,-2.117393913997403,-0.9395475796308165,-1.623954301945017,-1.3430405525495732,-0.7442675625539865,-0.6180269279865919,-0.7147519683354954,-1.5800478331619723,-0.32258265269131753,0.1327309542140209,-1.4850948449936106,-0.7678142526921015,-1.4270084064294097,-0.7539056744354922,-0.8954850903137458,-0.35170107673562323,-0.4294466258572024,-0.340691090539704,-0.7207448306462098,-0.14717036694018962,0.07087177701786394,1.4738333381110282,-0.9535645631109444,-0.6291662219771539,-1.4488747171005716,-0.05929706687964088,-0.8503554985245307,-0.2061803031273757,-1.5157273659710442,-0.7446315015955496,-1.5202468031958511,0.06507421842859618,-1.6399055733902326,-0.9950083188830512,-0.5745487643170409,-1.0657177087494427,-0.7506735355789907,0.12001580706423058,-1.3413618109732919,-0.3444179197368947,2.638187550030453,0.6136128957678679,-1.1632052932862291,-1.0375166937586238,-1.490960171950271,1.802367921906957,-0.8946714537067317,-0.06136009237382575,2.06912616811008,2.0280928479672533,3
0.6962991623862702,0.553730918941144,-0.20523939918675585,0.24828101765280278,0.4182695833340691,0.5579096016979365,0.2713389757737697,0.7641818326768154,0.5656940874807802,0.49210071933929783,-0.19147218374605263,0.018734559265702624,0.04647207373380721,-0.15759028246629422,0.437184661088808,0.17810693371750957,-0.1834898827560008,0.17358687161695385,0.7787952496567438,0.34201922472925245,0.41490199378161113,0.49648057559215203,0.21287526928580164,-0.26226503012616986,0.02742833098521308,0.03419026090905618,0.13885422892969326,0.2543764476880573,0.03342723811361576,0.44052908405555674,0.4838008447696792,0.44884052324787493,0.3351809611081449,0.7324949201081694,0.4158371417514944,0.18136082406034246,-0.027519117254102075,-0.17851272398100493,0.17238781626749478,0.43123914043769557,0.32630375637210396,0.5719748510663102,0.4781397864185435,0.26654299943858484,0.24116667373102507,0.18439060929347026,0.3188883970530752,0.0879129481702609,0.028712015797628936,0.317130767783614,0.35191437437888146,0.5682482678570946,0.103904860864645,0.23894048975369273,0.3450637306425891,0.3775344054588399,0.20854243122667784,0.20042583800947705,-0.1302056119351863,0.47759952617614215,-0.18552464560789061,-0.027453615790006356,0.6103923515520682,0.5486348878186389,0.6963240098222109,0.44061822627800407,0.2975051298089313,0.07191427090645432,0.20006083428114455,-0.024961317824252635,0.40505128291719905,0.3361516879511656,0.17035973775771457,0.6576597850244711,0.42131239077617666,-0.06748524590279355,0.4045893973401844,0.2350218223864617,0.6707303484179937,0.7384997412949851,0.14727844935523662,0.08920746273633234,0.10960551251588774,0.529055381631696,0.06396695680793975,0.43418171555930585,0.34643640915636237,0.20039668704842917,0.33795491863334676,0.18622468323293842,0.47483565696089863,-0.39871397907586975,0.1580216822289935,-0.2519314504860385,0.6160386217807199,0.6987701552452015,0.009499679631270797,-0.3112803746000358,0.46428046318563254,0.3434722520380597,-0.01729267322241965,-0.051381535139244316,-0.10794300293794001,0.12074836115977283,-0.17729097602825597,3.169201126790293,1.0078413971826723,1.0439178190196627,2.562285935914274,4.819232045691719,5.480229574119645,4.348721143027616,4.142165826205636,4.094598272182329,4.049171716687732,1.2638385812938606,3.90855223562751,4.14995808181398,2.5317332997328785,-1.327127359246379,0.838461452964316,-1.0398448421229955,0.22644716992500188,0.9922393891056218,-1.245800719135831,-1.2968405611482197,-0.33920569502873,-0.48593999113931663,-0.3736702700598744,-0.5117558490070059,-1.5017703345432318,-0.7933584413940185,-1.5364429083350386,1.3464379474222559,-1.0083554562496801,-0.12847911409409726,0.9672298826638546,-0.5811333307132082,-1.1114552566212692,-0.7607887821736883,0.0033224478742579135,-0.4237799474261485,0.3623393560238622,1.3222350825357407,0.9089939529102327,-1.171814589731794,-0.341190405708335,1.2921545450076863,-1.186244979297873,2.023701895247665,-0.7364617185582549,2.4103868541719966,0.11406082410914083,-0.39879358833123224,0.3055900383495139,-0.9738491061319059,-0.4367222270811281,0.16121741274236856,2.9938168596762305,0.9620522864794496,-0.27803764314084334,1.1957887686686441,1.054681320849072,3.297620083926311,1.2074985970251522,0.09089875677194692,-0.5757357623141844,3.039679101644278,-0.9902907702462659,-1.6537191840209837,-0.6641711661290123,1.3967045982849766,-0.9337277012311831,-1.2992256962551638,-0.5061764849868323,3.2995354925389835,-0.5745984389078244,-0.2452986573244739,-0.621897099518633,3.0279083450472206,-0.6685961970033915,-0.6938618622085926,1.2211669932821896,3.0297620210183798,-0.41567649664406053,1.5341345883110384,1.202825405571416,2.1117748869248256,0.4038942924653867,1.1804138755491524,0.7702539829689239,3.009872401889368,-1.2349102496611621,0.7119644168617107,3.4263207435081955,2.4519412171723123,-0.15282608513344667,-1.2128251284823355,0.09928762878910552,1.757857423723803,-0.68510945863158,-0.09083659248384428,2.4164409695706577,3
-0.08190389623137685,0.04903411455018209,-0.12182342939728401,0.08033627305582995,0.21929798357093286,0.2750928389263102,0.20396319962306192,0.4252687505804397,0.24171737938854312,0.15942238221583488,0.12032193231319846,-0.10494169291454512,-0.10886740638412176,-0.4277042963312502,0.2920259437984688,0.18042346600607997,-0.2243568623429744,0.11139546217646293,0.560560357035066,0.36792219022072525,0.177997684505561,0.26557086571960087,0.031156549764726257,-0.05858187245739503,0.031493130556182365,0.050215677871728974,-0.011280782169311734,0.18789672022944373,0.06531009723176316,0.39012759652215856,0.42651945195681235,0.5515259176965635,0.32295116022494536,0.7267484254051446,0.34852482620364367,0.1656485884104627,-0.0024003905578553176,-0.26036955166453785,0.1839752953434215,0.4365790128600335,0.291398220877059,0.5742643544021881,0.33189598592261826,0.2592677784660165,0.15412894024154541,0.03792994639581828,0.324214542999339,0.06850436614235844,-0.08440533681163134,0.33167302319476943,0.3925583800679846,0.5065295665151694,0.09844237352083383,0.11664995876599787,0.2408982030188562,0.3075942646137104,0.2329904122921983,0.19076594927863066,-0.1343070055452214,0.4441338655894238,-0.3487607815295948,0.06719614902493205,0.3840909908759218,0.4391123687157309,0.5591145967335509,0.5851050072500014,0.33940513508792347,0.1204484183532861,0.14063664798288264,-0.21291012952919397,0.3717218620246269,0.3937767415294742,0.28770936693568794,0.55947984157063,0.3244720955626775,-0.016131175569185207,0.2580079460939636,0.17992561755943798,0.5796589714395871,0.5196804210553667,0.1614261839160739,0.037747652145973414,0.061560791234530156,0.4908734822669172,0.0288947321429698,0.25527992166334196,0.4154199579708412,0.20265532091532124,0.3112483527443934,0.12180617358918888,0.4198411561555234,-0.25989520402406785,0.17646843769562573,-0.2306397060948919,0.5342809067869796,0.6608956819540357,-0.046034131643561654,-0.2563783963164617,0.5059824563167759,0.37132222354374983,-0.12971519695483477,-0.12912202400923337,-0.06995185422196713,0.020256298481800522,-0.24944957254887543,2.104243553723792,0.13623046016846238,0.3543892607692388,1.279031263057179,2.7053035403661463,2.8787042085461803,2.5136580454829547,2.9888738488583426,2.8910658049088847,2.2634006344699036,-0.04448517542680572,1.1582335915715876,2.331194218017258,1.2119418045804335,-1.4562100854359719,0.504433572710659,-1.6939066374098612,-0.49947605080846147,-0.25514918804346365,-1.366134102618943,-1.4286004118342999,-0.6663553670112738,-0.8314009733214676,-0.7566881702940668,-1.2800041070011758,-1.6593323690485355,-1.425074858647334,-1.5783790052001614,1.3602813576724404,-0.7690841224805969,1.1286398278552727,1.1002583922870917,-0.6405059730399502,-1.5829329889785217,-1.0008742069868746,-0.018570103289171278,0.26022055972180796,0.6095884745620439,2.397737538191776,1.6983715093637894,-0.685469634926155,0.38134658876466704,0.4114308004553613,-1.8982113312475692,1.8806445756090702,-1.0052548015098477,2.4972203037732443,-0.4537885821590331,-0.7656367895709082,0.2726187574498321,-0.7150250448947358,-0.39486864546986344,-0.05206851478194669,1.912362040708804,0.3219143543084497,-0.2217466199966185,1.6266550296546298,1.635607276683686,1.0384056435456104,0.5697861240960783,0.5106142889493398,-0.8249165705195655,0.763911758720991,-1.7721198203121076,-1.5659653910084637,-0.9331467303128567,0.27975017795251045,-1.5717991125565194,-1.6937491853842839,-0.3294340759014058,2.7338071726324373,-0.8368346482329581,-0.4401392805044936,-0.5556034893659458,1.7849937959306243,-0.9338876334198318,-0.11571443177964646,1.3131227577950941,2.4632617125633645,-1.0883506271941248,3.1012016369511746,1.48306153891152,2.233696376162793,-0.787833804934623,1.0337871830298337,1.1049152265530033,1.3983967245389455,-2.0797692534171195,0.7891039478680018,3.1146908491712386,0.44576675586111114,-1.3319111715973058,-0.8704876330811727,0.2871026579091348,0.614200277424673,-1.6877830141277694,0.06174090326166791,2.4325385508227066,3
-0.15310375856759828,-0.1473954854916881,-0.046702108676189874,0.16468531130168887,0.17217970796432688,0.09807397718064648,0.24378633450325876,0.3101563033130137,0.21173535298350304,0.09618063575940392,0.23071902800474003,-0.13989843028123058,-0.20860737621984063,-0.4671503976911405,0.29315438194166626,0.12209735723153124,-0.2918537508483546,0.1437665766385425,0.6820925708728179,0.4198071645897794,0.045365758375663305,0.22135931025563518,-0.14033643330706133,-0.005543198343039496,0.12473922564401844,-0.029011226818937884,0.06376437149946858,0.0996267684598357,0.035433217814185916,0.27709041178485916,0.5656789140670442,0.613970618090806,0.3475384243533216,0.7498551991120713,0.2937614813145305,0.1919449126043275,0.07447644301522244,-0.23813956637827413,0.288768129819818,0.4080661598761297,0.21977878580656995,0.6083459471642108,0.28726951529117417,0.32552743764277103,0.18689717921939533,0.03606902426823195,0.36052381770964625,0.09058570863225741,-0.09232449125363214,0.338449709681759,0.32098045805383235,0.4177448058170316,0.06602243913940706,0.280795217704876,0.2222108652585306,0.3725891511611216,0.24973547294446838,0.23450459967044956,-0.20621187950123362,0.4472911591042045,-0.5747204162072526,0.04649540690036075,0.4150001064140032,0.38343574162018457,0.5579394159502854,0.698054150160366,0.37353995724548106,0.14367789218296817,0.1865298968566591,-0.24264358163474234,0.421592298668057,0.4325619558529511,0.4592707482913363,0.516144771685746,0.25546882331011583,-0.00589416229648181,0.2100470355310383,0.015952017961807063,0.5439176664211894,0.45699802067425555,0.2637233112751708,0.0738327031893008,0.09866657781240419,0.4841213337234795,0.023938020235458473,0.15420630096656926,0.4997001649997952,0.30641030811902936,0.3960017637982428,0.17997737169844627,0.2889889555387472,-0.07518681735400178,0.2215842957537159,-0.2890324489192386,0.5461510129101451,0.4724156042036121,-0.18973273488999232,-0.2149344005740634,0.3991535323726429,0.345441453351394,-0.12747559477990603,-0.18233013332354675,-0.11917043845471707,-0.017944354129564473,-0.31481638108689886,3.0213392788565563,0.63338647684618,0.7859449676660732,2.3018486776011393,4.318657215391527,4.956314220312785,4.047670067614644,4.36123889184757,3.812819588586448,3.573017039171156,0.3253307655421714,1.6744235294324574,4.052560832545426,1.9201425810546768,-1.4294160487524703,-0.16826311002732652,-1.665133343884038,-1.2554476464533366,-0.6719393941177376,-1.4884591868762325,-1.4257567709516132,-0.976895707125856,-1.0130622867307397,-1.3135159492752657,-1.6444799609961416,-1.4805283369580573,-1.8295566275302482,-1.603562959813051,0.2592297981856498,-1.562284972741422,0.7765336351954442,0.42661464233795315,-0.5727631733296992,-1.6572099421364122,-1.2820418070690063,-0.3346516673363754,0.0012270610909156962,-0.4383773032550996,1.9981320537564096,1.0642015938233045,-0.7392130890284555,0.2751622283010061,1.2181211030230423,-1.947137425082273,2.4814234730915277,-0.4335599672687733,0.545517180975035,-0.6360794947057428,-0.7579972153633704,0.5475706472219328,0.6590447081062782,-1.5503787192970535,-0.07398583682487472,2.1732940478005975,0.5906368940572843,-0.8902096511483639,0.9588299765481768,1.8139527494635712,1.5965004624328056,-1.2991104078551228,1.1958841021675208,-0.4506636490031008,1.0953228742170025,-2.1247276040123593,-1.8507147769164876,-1.2388358044980219,1.612419181852694,-2.034814552920571,-1.6090251413468029,-0.3217553067289234,2.5981631215167553,-1.4272895367081297,-0.5494359194002658,-0.3314350338041693,2.1748140084763086,-1.2054358212146772,0.1902970862653694,1.925339388949419,2.2039947107288644,-1.446112316618432,1.2330498114437345,1.5361151770082226,0.9035075444306909,-1.4744282625067222,0.9465363277127059,0.999499618164159,0.1581417234417692,-2.3010655242708133,1.0710770570672408,3.1773710878550476,2.8750766109332937,-2.037439374892292,-1.1472409463376396,0.2310700170789654,-0.16118869604433625,-1.6970821384713868,-0.004929871006451857,2.128964449969162,3
-0.2671644919442558,-0.1814157711203028,0.011754560688351465,0.23126431450394352,0.22320892493833377,0.1920830100094197,0.2899864369150644,0.28739400119834585,0.21465916489849401,0.1882480236095033,0.19066201550068712,-0.09075318209210623,-0.06841339732394716,-0.2616072883943383,0.3491773446723733,0.08785148543728705,-0.20355480735209874,0.11431948673524553,0.6164485165228246,0.3659407653733624,0.08046639217723865,0.2612736577647208,0.011392510805630198,-0.05056392699724129,0.10362400483281381,-0.028987437057733212,0.09542509260940496,0.21679225421815201,0.10882486216142835,0.3443872313184223,0.5406918422849096,0.5734820084757326,0.36297350036664094,0.8337565016605802,0.2925232960395547,0.2189781408321417,0.01368877328247543,-0.07241920676451348,0.2714783132253068,0.392355101058956,0.11858237429358129,0.6098229530393545,0.260462718877027,0.4103345038953691,0.3145120217757132,0.07926527880815577,0.48808699761869234,0.1162440874892148,-0.10761586589519234,0.3375850087097987,0.2675952665167775,0.4262802266516762,0.07430632858970596,0.4182204963302266,0.3437579658152838,0.5305647145160133,0.36604062841197177,0.2034603414137157,-0.13701640675620894,0.4326091310125003,-0.5535951784160285,0.22399766946285996,0.5979021266150111,0.49687954428214776,0.6680925964117967,0.7049639874259642,0.4541588093890209,0.20553273986436252,0.20316006384743338,-0.23695764655723286,0.5317521913856348,0.47733921549940206,0.5978239481661761,0.6587891840868978,0.3087061195686487,0.14204689712513854,0.18489386217286666,0.024813205322428096,0.5092518206146754,0.41397832749436797,0.21494634234644017,0.03720480143897999,0.12984959949213384,0.5213029550661992,-0.026648783655831242,0.17238240575619992,0.49340539516028725,0.3622680824967337,0.29233352242347554,0.23905425795217805,0.16440833660520443,-0.11448294430966562,0.24102857217459037,-0.3732868480826835,0.5085297051431965,0.48292082940111597,-0.21396439485134922,-0.2911071177910715,0.4645367073783184,0.3569220071559667,-0.1323858779260731,-0.1342936756515792,-0.04171278320939067,0.12805336425619315,-0.27283739387387923,0.3197998834591557,0.9410791856762948,-0.4804772768862608,-0.22115870574025245,0.7345152901101767,0.6106787184989522,0.3323534358796093,2.2944709063252247,1.5279736788213552,0.9855071699998419,0.10871231898271473,-0.18294569782994372,0.44596505350771126,-0.2733533274773002,-1.7603656820899025,-0.48041416228400996,-1.7045483255084328,-1.4533716990687486,-1.5013504104824,-1.6217103724987159,-1.5562621808796853,-1.1495818388329857,-1.2633746610397405,-1.847400892466827,-1.7187238910482603,-1.7918333067838335,-1.7836049860939014,-1.8972849648639256,2.0360547344912527,-1.4822796942321574,1.3250865881641196,0.18390244321225,-0.9637207800926373,-1.6846587591543294,-1.0019168061295365,-0.21959581129027522,0.31734038217903204,-0.2850804552313301,0.4030845541646022,1.6778676856897212,-0.44670142096357807,0.591109456417642,2.103628206531463,-1.0304301283961992,1.1294607220012562,-0.20707604736186677,3.1547445540982455,-0.4505151834127113,-0.707387060750622,0.8097290220873993,-0.8060826691766309,-1.211027931023055,0.6070295962689953,2.256771698816633,0.5553869712356536,-0.6066124511829998,1.2762631590795666,1.8895269944225892,3.708494941663558,-1.267854452495434,0.31901897737182894,-0.43338649914138916,3.302744659134964,-1.8332040493298574,-1.8724600411373902,-1.196646923462744,2.852146843614525,-1.6390278590982348,-1.6964373543657272,-0.2483228040975402,2.8904679817464336,-0.9952352158714683,-0.7025284631201653,1.0006358147761594,1.8708404304730728,-1.0023425180340073,-0.5099971998599656,2.276901012885403,2.402062135054153,-1.6130315575510434,-0.31458137896453536,1.0719171328352288,-0.5227879315778249,-1.4005373956067617,1.1441899129001707,2.1446201744851012,0.5353777419133376,-2.0884927553685557,1.7756702334299221,2.273054217383097,1.141334651755096,-1.4404241726305687,-0.4065963026968175,0.5354714911733317,1.795212063137908,-1.0582246022694264,0.32255211052997645,1.8905897126999305,3
-0.2743120183849975,-0.2608047480298774,-0.01841566554668254,0.2066513518757495,0.10348651567681319,0.13922764028848802,0.25173179615630453,0.20028480564769782,0.16856708037902826,0.1729175244556301,0.11533599316085631,-0.1489450587132134,-0.07230214193077135,-0.3667980588163671,0.1677472011164996,0.16182219219913244,-0.2759148081289716,0.1683345599528792,0.6122755172213931,0.20868959653521219,-0.12182405292981358,0.20319808770118616,-0.04185791187193166,-0.1639409549250569,0.030958055753314225,-0.2389910975995806,0.03243294943282016,0.1251123506981724,0.08347606708010538,0.2853853569864876,0.443268089236821,0.47362193321316837,0.3353653571341466,0.805301105917462,0.30746970568577164,0.16725459618006028,0.05231604239837744,0.04260326743811191,0.19475693574993685,0.3300933365613853,0.07911328525320865,0.574438089124759,0.16878428201973386,0.35669325725151807,0.24929714574362752,0.0360994403846759,0.35450178867574533,0.12407743820471706,-0.03043066059683672,0.39164343341865626,0.2569429771523848,0.3560725055600178,0.09264402476007809,0.4335562560404349,0.2555499012793382,0.4865187265206814,0.25966007098078103,0.21340150819535472,-0.09880429962142073,0.3108667314447585,-0.44901363932230626,0.2822245336888642,0.5031613863715174,0.40081375837894195,0.5664603108443458,0.5466632860763253,0.456209600535241,0.10117674763721345,0.1771365727095369,-0.16777890596523595,0.5467168655735549,0.3598769674948855,0.5775064802937582,0.5440148351856559,0.2703278760128239,0.15450667165137852,0.11283416737771916,0.016645621573747132,0.45151147064588115,0.39872161601844236,0.19805039656475307,0.0633046758899391,0.21318200563781725,0.3653806051357979,0.002044878554486421,0.15022003639048911,0.38216926296441783,0.35768148247231524,0.4253670900468795,0.05099225420180478,0.12619384468142963,-0.08382205580368238,0.27149659474573334,-0.28845529395078545,0.3498247054960085,0.3451644709320455,-0.23456619818772548,-0.10638303845838461,0.29736337869521906,0.3134072478959501,-0.19364207416617885,-0.1885378302028541,0.10377893953050958,0.02217006539456609,-0.26206415816244766,-0.32952125653487985,1.8481292928303756,-0.15897789594667694,-0.5304629607334026,0.6747763583208436,0.8420522531937912,0.18355429972361204,2.2438292133075866,1.335797211658442,0.05343013051250768,0.37354368853617403,0.570232001732536,-0.7784838862314675,-0.33313425420970283,-1.2774689243031965,-0.4102608522668935,-1.8144316459283563,-1.5729364182623204,-1.098943806088205,-1.450856879075496,-1.1248879992043064,-1.0838273089763146,-1.1912317076941612,-1.6627280771094672,-1.7865862715944631,-1.538874714261593,-1.93516387813865,-1.7121488918850456,1.1042416050677515,-0.8943318494624827,0.8487154437924077,0.9563529808388705,-0.31328147555493896,-1.6106186479414868,-1.1624707914357149,-0.5872926628887362,0.06231460119475139,-0.8759926263704795,0.11756586687326398,0.450563736626611,-0.025286743399786194,0.6375872761836209,3.7935251278130835,-1.917472583183407,1.2373574533741152,0.4762301784983462,0.4077781201813637,-0.21849831511452394,-0.4681706742884396,0.5417466314407513,0.7790859184343623,-1.3893509381038713,-0.08846083278501593,2.174505471152794,2.0611065634562276,-1.7684829388412941,1.7230562450284799,1.735522484461429,3.7891603118240718,-1.7072583781724042,0.9380685877358309,0.08577915601813169,4.178205937435598,-2.0477545817891776,-1.0762339457809815,-0.8454391558260494,4.024815666617998,-1.9596491827336153,-0.6196083846260433,-0.24855425054575053,3.6544131599341143,-1.3135979809164549,-0.6956507011659281,1.0952386086955215,2.656093498771302,-1.1506710196812036,-0.47372044816804043,1.9194002524522118,3.6521392574687948,-2.0983099466650277,-1.0993495084605212,1.1040481672969176,-0.42981296740414027,-2.1094436610559257,1.6380590333503258,2.7776750273646877,1.602212473968135,-2.4288771354309957,0.7713378908593432,2.6306273607048807,1.4629087141858101,-0.6369138880613704,1.8338783699971826,0.8298201162271064,3.4041984405554477,-1.3050034132601458,0.5339335407789814,1.5991153273036656,3
-0.26454447834080885,-0.21411431796454036,-0.07200253734262226,0.20110366417828585,0.13194237681255944,0.0936535550333436,0.23436763716489198,0.10759452538746826,0.1337770142707613,0.15517670340774328,0.06259530850771604,-0.08354782381243167,-0.11244794744097948,-0.2702205305677928,0.19343072399066208,0.07761363237590731,-0.3445707396957447,0.1308136895568653,0.5112201599326806,0.146005864895775,-0.15845081301057246,0.13812544110244004,-0.11263853927615664,-0.0990592015611337,0.045238071797910284,-0.1650401290196041,-0.013573377527569158,0.061668285507983,0.018148339172799864,0.1753743072793143,0.4445891902228429,0.5562007519075017,0.35360890824906016,0.7663315916783671,0.17992870079980905,0.08673080603698864,0.001413442829818134,0.012854383889663852,-0.014393229076798164,0.24529954497337372,0.037543210475510735,0.4240108417087333,0.06766882184935911,0.2718551535936823,0.25119431966031347,-0.028581739414849726,0.3253311433186018,0.1424957440456779,0.032232332762911924,0.41283016212270573,0.27302433398505344,0.21953980152472047,0.044228791550240815,0.36037078643288195,0.2413172768182289,0.31508955642623915,0.2642038441997153,0.11190756907632059,0.10224786078398222,0.30664237913563885,-0.38265849437880006,0.2705747781863628,0.5573214299612455,0.33804053449287996,0.49533539588971387,0.4262414183141926,0.47512471253878674,0.03590396131160079,0.12269696039021934,0.00029123032243990113,0.518410762758439,0.445663093840108,0.38351984916944193,0.3552695247926537,0.2004419314468649,0.13744696763969802,0.10480330684396535,0.004780290359031544,0.38829815336189166,0.3151448783867186,0.18209423565586177,-0.021220047088637103,0.38998647686704324,0.1388513059167317,0.07524713666295152,0.025722784732488332,0.2839927623290646,0.41059759787270306,0.45289634623860037,0.00047492239623983187,0.08021626132520884,-0.043363078945594026,0.2650677153105466,-0.20730004402410532,0.2402822409578367,0.38258699972375165,-0.20024742579089233,0.10378283611126012,0.2349352227189488,0.21460595538488855,-0.14306809209101962,-0.18992885789478306,0.21825782059578247,-0.10267178185924683,-0.2429184152273683,1.9605703871188227,3.105026912365668,-0.44158345744476246,-0.04501012344173651,2.2772058520057157,3.564716854087291,3.0719293857377807,4.683447441054997,3.9732149334183653,2.12448243098583,0.3026712313797566,1.1624513218344679,-0.86427676620623,1.8340141491516238,-1.4687588698487288,-0.9439005853318758,-1.7195947613366418,-1.531978086721199,-1.4504626720065157,-1.4767004796244172,-1.318432356966321,-1.2978968934318087,-1.2259458334618625,-1.8348772302138383,-1.403568641685314,-1.9240458198206805,-1.4682135720994858,-1.62657187240038,1.3056280321191294,0.09046203883676866,1.182801353152618,0.6082240147162852,-0.12440022843995474,-0.9175793966208547,-0.6125355056568499,-1.1601076717357475,-0.38343916294510694,-1.2167501183949183,0.38417950390419414,0.4933647595008434,2.4847579316885127,1.1429083325235683,1.1080948263026336,-0.8600834668223268,1.184641435315131,0.25226804775169304,0.9371928258881458,-0.4084174932793926,-0.5159532775512352,0.3640842569083412,-0.29382868523833994,-1.4756757936199443,-0.4792297207419005,1.3184855978683219,-0.7989956590025594,-1.438646031528743,1.1357274306282565,1.235931643046126,0.0034099892334346262,-1.8292875524521974,1.6912929892522985,0.8471927087760615,0.4004749498839459,-1.1918192421615805,-1.2576356240882736,-0.7805121864707542,0.11510092271511134,-0.3668746740514294,-1.0424326536728257,0.10937462973192193,2.2289332936910573,-0.6013406379269715,-0.9446461595211655,1.9315881242603612,1.9200138059676204,-0.5611353340701105,-0.28367266817048364,2.0883125900935746,2.2211824463045966,-1.959858469074694,-0.6363626873281115,1.4967502106659887,0.430816986874092,-1.1126936222769968,0.7884184970256285,2.6529694720821606,0.16839388651785867,-2.192562426385173,0.7498319895426445,1.8447132797974557,-0.09931210890442696,0.2778168602782034,1.214902571358785,0.6230370233114371,0.9763472498805825,-0.5222708484686388,0.6952520488060608,1.3937881352046,3
-0.2619279145694186,-0.19879714383880073,-0.16728366298340278,0.3345530376016806,0.06084132247982268,0.06863460941247232,0.2336792035464134,0.11949714432160478,-0.02720107415598324,0.2356952566090348,0.09697617656356938,-0.08220636435104528,-0.07775417933553988,-0.16128730089854015,0.20033247207832072,0.12071784427458924,-0.28941445296801194,0.1308757431524971,0.4975244055784417,0.15042243938798947,-0.14117472707165993,0.11272297489939709,-0.020886043460145422,-0.1495536842939633,0.13717500795738008,-0.07417253048940392,-0.01997553722872685,0.14350342348902395,0.15581024365792068,0.17413046597706355,0.3764308517759041,0.6877237518555891,0.26948658621098304,0.49642033264856583,0.04927872869245561,0.06467068013251344,0.08100401698818249,0.15463509502840683,0.19826510272630776,0.24622461947905386,0.1063882946984756,0.30761468655940855,0.16784381347085373,0.2140147478828071,0.2065728354601724,-0.1117997229615225,0.2957457614224794,0.246827687816959,0.0626457952676152,0.399953689449839,0.20747948257336374,0.22504245990597402,0.02410050168609521,0.34696508644188145,0.23253029243492607,0.4254433381778877,0.2915133073431255,0.18965155210908022,0.12557920314083226,0.28578327498250333,-0.20239311972950252,0.11486976631154913,0.5992386858382573,0.4352430361467608,0.5642051365975841,0.4959357109402681,0.3539051295525696,-0.027877767154052806,0.07222583757072135,0.08864024295717149,0.6084012726838393,0.41270399739647745,0.28950274995311326,0.22524174778040185,0.30540608141541975,0.17133259090779077,0.0970937048168354,-0.011938687956650923,0.4232361417474421,0.3142802931176022,0.25672599472284807,0.021685744787268604,0.3184778431729224,0.044836999320686,0.16733001850741522,0.08083847158824667,0.3506082002747206,0.2708433719714296,0.4068782995682909,0.04596904941393796,0.0450851104592297,-0.022495597530461302,0.0570333207991047,-0.1376725505184899,0.22963896586490407,0.33955965702611507,-0.24466400754961978,0.11297961613172477,0.205084071925923,0.17793006451947826,-0.0738303647137482,-0.17111845443114507,0.23655064240220025,-0.21842968966378717,-0.30247721141079675,0.5067284146220727,0.9289310135632872,0.015216259324237952,-0.5812801630486687,0.8327315267816763,1.736208040682655,2.132301739791562,3.003676240508212,2.2105116800096734,0.8368819285292709,0.19449777062557363,0.5542987939788276,0.004854328500995387,0.5746967397601525,0.15922251233876364,-0.8095521598465244,-1.5692929375815319,-1.5534692654530833,-1.2311257275740517,-1.0914791049168509,-0.6394770721162798,-0.5172881390798026,-0.5635356164763115,-1.0046631825606598,-0.5136939309360323,-1.6514059431218886,-0.7860628768354141,-0.1322017821420445,0.8099755660196579,0.3728327374385305,0.7319465721146817,0.699921348476759,0.20005081672352817,-0.8138722847755543,-0.49886257067527723,-1.3437690687068686,-0.3054660701035636,-1.5751909125898136,0.21192086206811905,-0.5538740875593456,2.2681582539565763,0.6326418996528588,-0.179315439629188,-0.5125117061297672,1.7959740786928895,0.5067178957647952,0.09990892707773158,0.3122994218399221,-0.6354264333280499,0.12544947615734262,-0.9604453981136465,0.1631146725528631,-0.6054161504784615,0.29254274132567165,-1.086460763056293,-1.1250472970571344,1.2975724722922113,1.162623246558453,0.22530703733178148,-1.6379691529231997,0.6221744971407708,0.6999103197119123,0.3132920976544182,-1.3481399896006439,-0.5948880563831682,-0.7094566873690706,0.17498074664665642,-0.49200797596185497,-0.534758221092396,-0.2694707146666529,0.8268995121061798,-0.19227216398600963,-0.8487166060506424,1.829661074740375,0.16414562002186642,-0.16143091331632028,0.20470165657797532,1.3467372678844851,0.19183655028358879,-0.5252319209982848,-0.8763959698763345,0.5257992057081079,-0.3220556382355679,-0.8580145556067073,0.7587344092072734,2.3203638457985383,-0.47579112376674704,-1.8537170697884122,1.2859791401882676,0.4690982902295787,-1.0383877324450865,-0.4776256461153643,1.6645338090075463,-0.3655146411382862,-0.015438958284193314,0.19359878502551756,0.6033540281660555,-0.1352409823455961,3
-0.2968445115712679,-0.1766877499461098,-0.137185311212352,0.3761434430040815,0.03993063756987869,0.03538644808315913,0.24389906394832245,0.08494797157944631,0.03826606969497053,0.25637362766901156,0.11933034399130732,-0.07476147640130276,-0.04844060321967984,-0.14807969720160785,0.12808017995862128,0.11442828424852332,-0.1681691875337397,0.17149314713690658,0.5129398741576451,0.07072263136061317,-0.10256415487030172,0.0001839558328280026,0.034864288589126616,-0.0779854366074728,0.13089481175024403,-0.046591877807686005,-0.042693822046587296,0.18897704498767082,0.18124989507301842,0.1798656207539327,0.32083696768414227,0.7392452704283455,0.2235878653752531,0.49103265671854524,0.12243339632977526,0.058901439307584375,0.13904410110508716,0.181572472528154,0.14214173428048169,0.23199632885962196,0.07421823540741036,0.2523478758913725,0.1676687533972748,0.20300163814533181,0.2619948901911419,-0.08122130334630515,0.3089782317261798,0.1731361075310432,0.0676812860532154,0.3375915124164714,0.262761558455525,0.2017345731638624,0.08914104887423821,0.3013309748946308,0.32930546796114024,0.4228745810838866,0.4270467632961116,0.10996039005955699,0.1978244110796848,0.16479916304365408,-0.16787087803614667,0.20050288879356437,0.644190688893586,0.48666921548338593,0.43366349940365634,0.5488044175878874,0.317586074626935,-0.0340268565121777,0.17316446122467039,0.06351418169217891,0.528883822529916,0.4020191116510265,0.3006599355104033,0.17894448033516397,0.33179134464737814,0.15797953787896923,0.10596893899466794,0.015286877085395983,0.42891113872535935,0.3295283323955981,0.18898878833408375,0.02604768280150988,0.37594996479249637,0.14833083785268908,0.16973058157278678,0.184944375313526,0.37649888604473125,0.24086056961785482,0.46571876693313974,0.010697613899682799,0.011245182283637899,-0.046160172654621266,0.0754385586469612,-0.0450629314790101,0.1533258535346763,0.3600948034599418,-0.19790350089810155,0.1414249474442052,0.08535664201662828,0.13271695531956243,-0.17445639972856164,-0.06846171506777252,0.35102474377166876,-0.2632525619946249,-0.16545446968938762,1.7788439602954227,2.4870274665953604,-0.2046227655504939,0.14003288035158545,2.131605534477949,3.540137151165121,3.924218135364565,4.241857725582454,3.4089098942144545,1.871125950374535,0.9121069180000516,0.6275749078407095,0.4686632815395815,1.9408915515394192,0.5656232901938683,-0.2816101588856381,0.1459626490606635,-0.7534954509238002,-1.4610637901030352,-0.8645384604296801,-0.6778912548941791,0.06402447574393241,0.17377897007927232,0.5632839419713639,-0.11559558358483583,-1.3291926263593752,-0.7032813730710874,0.13406767424413052,1.4349793377315427,0.7260127661638055,-0.3686907128240511,0.18246652540865546,-0.36610244137960885,-0.16646915992276767,-0.1537437808522174,-0.6774094901798304,-0.27788258690339884,-1.967919393450929,-0.6835724465371564,-0.20333790801041782,3.2825656793738442,0.037306122900440025,0.15188288336240743,0.256405584902573,1.150547188635594,0.6366554219139172,-0.20924259286435568,0.2641795888545298,-0.22605407267899924,0.04612579994236566,-0.9720412742152269,0.6311855474045042,0.7929188976799701,0.46148907561451347,-0.8410544420583781,-1.0343760264944277,0.8156373702207003,1.4414868880779992,0.3386553621931271,-1.0269896193453165,0.9831038577504777,0.8212091237174224,-0.1616770516418546,-1.14342272271007,0.1595349803784319,-0.5839291120083312,0.0416089396754789,-0.5972197972690433,0.4398343336565341,-0.15985408449484997,0.9022498614171732,-0.37609059468819056,0.038374964266688696,2.0420143920886975,0.15163869740234215,0.2615142250952475,0.2213662828660486,0.9753552106438691,-0.14825404401444758,0.00610762475369492,-0.9677758125761325,0.5683300937113444,-0.5755372352154635,-0.4169747380043521,0.5105582608404521,1.8748505460996696,-0.6455017943883582,-1.8253733392431915,0.8670724486662443,0.26270154280217717,-0.4568717691472866,0.18774789324907198,1.8529329418941374,-0.3329882838471504,0.38889214095421715,1.4372219361419998,0.8985087444209257,-0.11920051592381375,3
-0.149662985815524,-0.21069496095133297,-0.11979556971470387,0.346799039235143,-0.12597575510879735,0.16881452784620588,0.1600081812503882,0.09524202175452083,0.061780577461353625,0.1991591185130525,0.10837553321784925,-0.1153491091954779,0.005602720200605072,-0.10655927614084425,0.18332906737793916,0.12908786198396224,-0.10604721160750134,0.2745316562264726,0.4020525663883016,0.06579014537654121,-0.07720664813283956,0.016359599201356583,0.021675501843557748,0.0613282753785794,0.14643450060199256,-0.004619516824192846,-0.15958253277861928,0.2166265280129633,0.2733427114523275,0.2214226291134702,0.15366460488971734,0.6801422052581935,0.2142306902480785,0.488543129959606,0.22906857339910663,0.01819545216256244,0.1648237573753387,0.25762505327281815,0.13171665397934687,0.2865025309030156,0.12383265886264451,0.08560525074402409,0.01774436416235395,0.16441027184337972,0.1862291832035276,0.08902368320698101,0.3182442752043665,0.23993304354001105,0.027554444102004676,0.29974977768062844,0.18852674313274925,0.25190011001774193,0.027418089051162425,0.2868463058508824,0.2662735239935524,0.4594986518893104,0.45049603398447136,0.23490394124108713,0.2979104050604381,0.09226155858402217,-0.044574085033549316,0.3398663780990025,0.725346271455571,0.6343029544756961,0.3266728555501216,0.4073310738688611,0.1645411910203362,-0.1202801257201923,0.2846992965627931,0.14733622511889793,0.548470928624948,0.5090973992846825,0.22018900247532747,0.225469615942753,0.3704357780881784,0.07801103683760474,0.17314646012936807,0.06037866072047183,0.4126059048055762,0.3530450165918656,0.07603078687103129,0.06977126018941854,0.408168898073394,0.13726955641139174,0.16997084770526644,0.1676266130641141,0.3595472719508613,0.1684217272927537,0.3937461671896232,0.018161418819654083,-0.0735788706216059,0.12608768477348456,0.1207728982523053,0.030364364213135573,0.05095912496878764,0.45481216844182204,-0.2547101153816117,0.14603431289955066,0.06412520985314708,0.10582367423188165,-0.18350543111861653,0.048947317780007146,0.387120993709933,-0.23310397166008806,-0.07390184603910765,0.5650031893399325,0.5199648652501244,0.2145904092776443,-0.14965489338862245,0.9867016096340017,1.650488750747642,2.2282615828339263,2.2323230976702875,2.0425112491839674,0.7694616335230982,0.4465441599950698,0.5534236421799227,0.04803264077508781,0.8889561810782066,1.4539889489265114,-0.5862240277131929,0.014460844366922668,-1.2023277161170611,-0.3990557865525177,-0.4294203511587541,-0.22442264598041445,0.14998186247808667,0.3083502667161003,1.1171175335474814,0.05954064767123751,-1.0516256655837288,0.08796406878836134,2.1869168198575584,1.5538006344680149,1.2086250987988578,-0.2764491906545364,1.0765030654786738,0.012535968145666347,-0.15716874514883644,0.13913942565925938,-0.9230627433836638,-0.03526094928705659,-1.6798390706672666,-0.15192189943430034,-0.8400841255413761,2.679383035165132,0.45337416180740087,0.6228121436269501,0.4074154306424285,1.1092595887502488,1.1302557718344566,0.3242802379103236,0.7516210303874996,-0.9103761330113987,-0.3961983919682268,-0.5248271585490462,0.7935929074893088,1.5583376038302428,0.00403983327223701,-0.21095732585442442,0.8198272921321628,0.4376255885509945,1.375518551831789,0.40544901702533054,-1.1962329669293579,0.8058216197622792,1.2409979366384936,1.0576272601336993,0.03234041930265792,-0.188400972617635,-0.7285410106639526,1.069845067797828,0.29221806282058344,0.2736400856692408,-0.5717528499711731,1.3366798516053486,0.4058544846460327,-0.8085598442519244,2.0977027965555277,0.38853495333824417,0.5558778534555288,-0.0018646493140761994,0.954349883428428,0.38508222525826463,-0.3519263057627396,-1.2663408017082827,0.5160106737962948,-0.01876766727267973,0.205459212818004,-0.3608325114413634,2.328165160039127,-0.6414523198441575,-1.4303577022267433,0.3091148121472758,-0.3126624713068989,-0.6190885293792224,0.7262502443578134,1.7416855182213902,0.006474897873330772,0.44965619417853997,1.2244007881841765,0.44442784018937975,-0.5532216920330435,3
-0.04182906316400876,-0.16765217128873908,-0.11225872790585155,0.3993797312145862,-0.10113631077049719,0.18084110313764137,0.08794369581365731,0.1332518926659727,0.09003632797657711,0.1425610408829144,0.05609927949328486,-0.11389087142279619,0.012689681006498942,-0.039509587809903386,0.212631084623057,0.2105502324475749,-0.03419320270889123,0.2538852406660173,0.35220703754470223,-0.03944534635365593,0.011606584861572573,-0.03619728085366785,0.03664472355606535,0.12778629209520248,0.1787497206289392,0.016122433832566205,-0.025013345693224106,0.25002692725731374,0.29455082914159775,0.2550961971792769,0.06934692084558346,0.6383335687241669,0.16900296350329516,0.42275045939587647,0.3526052856877563,0.10212047796202305,0.22883682388267185,0.3512292566963444,0.101690796566568,0.31286546177369945,0.11904578398406014,0.045879543000722986,0.016717749482656356,0.15398295832132805,0.1817211671037281,0.20867959637790026,0.33013724962794894,0.16728383251976728,0.09960165840185167,0.2944560367938742,0.155366955087622,0.17727746020691001,0.0846469291170842,0.25994825318600384,0.3208614395070825,0.5685537822868122,0.5270492882712552,0.2733960374671373,0.3128127376690411,-0.002968233231258612,0.11666526121879868,0.4665872209852455,0.7401112148430516,0.7229783374867591,0.2636296259010921,0.29528369746836036,0.012441257935983137,-0.16824375882053896,0.3068218103139129,0.20172654630978953,0.4950247773994223,0.5259264455130752,0.19899276504387067,0.2093862708806054,0.32681314026362274,-0.027031271868074976,0.15959563773176494,0.12467300658916876,0.3046649990194521,0.3376288707116388,0.13005413313673148,0.23009075486098562,0.4748464648354007,0.1802262857609708,0.1836267662592681,0.14676968272681823,0.3327344278783415,0.10354212669007334,0.36976017730856947,0.002810256651391302,-0.03982596101509292,0.2678323933153836,0.1217988780023187,0.0014950709392034258,0.012585179538388449,0.4660138468321591,-0.2587595583851581,0.10223714502004348,0.03832690847138127,0.15746945873992502,-0.1154320533697459,0.12980569303618428,0.3612036970420763,-0.1444666034503251,0.04682994867197788,2.6050719935816224,1.2137053306909231,-0.6121520755168126,0.060406357285601286,2.760901781845576,3.6010168046411772,3.8825657373324014,3.2018999311389833,3.26411548995815,1.9404770260221234,0.7847438132099916,0.7399332283105833,0.9663641670509875,2.893595435848002,1.5588039147815336,0.49400849085758375,1.175403441682794,-0.17260624264674948,-0.9869550265052494,0.3130688725302406,0.48084597260245276,0.6695578819506954,0.7410894737993743,1.3417453250839337,0.7327856953065603,-0.961188658138516,0.5450974617358215,1.9599232138008589,0.3852370434636525,1.358534568916522,-0.04235131944797472,0.9966759549418286,-0.22359766613041251,0.1643165734248033,0.26209732601871766,0.39232830726533535,0.03979471892464111,-1.763201581870211,0.7910682542038769,-0.56200331823754,3.928580145548249,-0.11045271008172405,0.7547912900943594,1.8663534451297494,1.5745932195396708,1.0846889218892735,0.7146710250304921,1.1100833707193025,-0.6295751968295608,-0.5426795313073763,-0.5940547137926236,0.5707006379562918,1.225825074168774,0.08140898687691082,0.008327027182715326,0.027607257571692256,1.258971743373706,0.4159215239933768,0.5521553256216595,0.5491464508118896,0.07594172778547946,0.8918439475175056,0.3693867650039584,1.3720080526250096,0.662608581265984,-0.8511351263305552,0.559251021252357,1.5541893150369117,1.262464089399357,-0.4528788586805766,0.6530292806441115,0.31319807081389284,0.328807008115575,1.854910231014085,0.08413396765788549,0.7197956277095344,0.3289333757006888,0.255298133462681,0.4866875361335584,1.7200722275055291,-1.1655347269932623,0.1464921113297708,0.23318052218248086,0.6969296827250602,0.006514166705014773,1.4461990482743259,-0.4418087734620497,-0.8178401491905277,1.5226910959261297,-0.24217112771151417,-0.8164454871602258,1.3687024965460817,1.7874992645475547,-0.48507034701964225,0.7050530900926559,3.5478990379750357,0.6192619378252072,-0.7425764075705569,3
-0.09283524925098297,-8.301737249611725e-05,-0.10006351054800701,0.3827195995608617,-0.15412129885071793,0.23522156529424837,0.057190811728622816,0.09000303669316942,0.09499249143796346,0.1235754160111464,0.1628997608021039,-0.05311156222235996,0.11771861804110866,0.0487073285112141,0.1944525171644182,0.24336990389897592,0.02345280010294621,0.2154949304539403,0.28015442015351777,0.03946258175357928,0.016610345471520682,-0.07376814241376171,0.14853270881102576,0.3015468752478278,0.1986361408562966,0.08564243874620865,0.04583263101467781,0.3532556217570365,0.2494464963046716,0.24673081496780006,0.008424272236493467,0.46500559257585256,0.32600688405871014,0.3816047943298179,0.3391641874926635,0.05997901134946886,0.21018437486149716,0.281281450639933,0.17270304871409115,0.33030820985207443,0.13602057699347897,0.06487602007020825,0.04250970034560097,0.0690153814980237,0.12666589942799106,0.25324827145444057,0.3056290684432771,0.21070671718977782,0.1505211986032447,0.3464789570775313,0.18129537367806658,0.1447023001316132,0.19694971801726957,0.2264630936467593,0.4617281554782747,0.4934889921107235,0.5231779338349438,0.20832459162559547,0.3210741874972239,0.00434621409305445,0.0904942365514521,0.5145555670466176,0.8014892261421581,0.6982984270706316,0.38274361173273036,0.3210287470238239,0.01768223466094271,-0.1396800280094625,0.3029405090048418,0.20734808178934622,0.4957245367794874,0.6314642612840008,0.21063786543887097,0.23612540516635744,0.3703220120812308,-0.07315058303496824,0.12000474875452954,0.1340914890904399,0.33122118940211037,0.28770949694119263,0.1501833193960701,0.18390289518939507,0.35573291948361896,0.11665602456458872,0.25514732301161047,0.13439179774558296,0.35471007633634116,-0.10203674908832702,0.22726207613207397,-0.04216669518280283,0.0004654802074151371,0.27307776052105637,0.20828486545843589,0.05890700852336091,-0.03301588633524286,0.563844302445697,-0.24658737621344579,0.03646933779147121,-0.03998373770163623,0.09781385931283866,-0.013560347096074668,0.2345725663087397,0.4880168781011927,-0.03594212206446166,0.14009710007809345,-0.041839826519693216,-0.6729284307925446,-0.9502480687651741,-0.5455854017182425,0.09531878361797488,0.04991942238467154,0.7554054543481489,0.43059559651360446,0.4366716098478382,-0.8304184359659129,-0.24405917791158363,-0.9928162383838839,0.08097030896067293,0.24751912688576858,1.9103377888666666,0.12555692812459715,1.7124913974421998,0.4726572982021193,0.3790288625194524,1.3442849866287774,1.0300580262229955,0.6016932852348783,0.8251088121114323,2.578070791043722,1.6362539678340056,-0.1675766740449045,1.2221037344531593,3.1220895343304047,0.924408124683124,0.39424162226536547,-0.3607149619265337,1.1128878602864327,-0.26618766563420926,-0.12777507385891904,0.17088409522181233,-0.2354413958592486,-0.44907543843154735,-1.68138397315515,1.0929286711105932,-0.20683017482359314,2.3295384365276877,0.0028333169934962347,1.9591713174688485,1.695531283732165,0.6156243360059577,0.5302893371617726,-0.3607157421062854,1.4535875993103142,-0.6501311070248753,-0.4058636784755814,0.528652494903775,0.9424765514530632,1.8936136963593513,0.09792363106465546,-0.7997245451480148,0.8779363953716235,1.72531111910389,-0.16049380702574825,2.0070968538768956,-0.4024402337788386,-0.014673218865147681,0.5693655356017503,1.2540544618458558,1.0690182417464775,0.24812508280524054,-0.7291858318423826,2.0836432064969985,1.419946579853888,0.5999977411172336,-0.5789970604314395,0.8640930698091464,1.1754959180483002,0.5397085615648844,1.1507570286384265,1.460605167461362,1.3755107450692168,-0.4174598733992743,-0.51717400724643,1.6552712380989505,1.0152018751313274,-0.8583619412892004,-0.7028545699911888,-0.19698197201316292,0.941336571971081,1.1282015660181486,1.7516136430108182,0.6853797467429444,-0.9233059710011794,0.77529716738067,-0.32304976773825456,-0.5620654163074787,2.1587514922561333,2.79515814214425,-0.16727653996077527,2.1203526813385887,3.3803479155327754,0.31251923104853324,-0.4689802486015147,3
-0.09741876453197869,-0.018006761559464502,-0.1476430757001268,0.2685469091509428,-0.21563732821644424,0.127275516574552,-0.06694976844825769,0.05608129555799016,0.017387692836655512,0.03852665294869962,0.10330817874797771,-0.11225131253885683,0.05200597636327647,-0.07085182054945731,0.2416692568178365,0.29945385748879505,-0.053848552157748766,0.2092711561455299,0.25811415968030227,0.007714530609119585,0.06565715995754506,-0.07544843560954122,0.0936450586210529,0.376264929006904,0.20288129049666692,0.1775632546806053,0.051063025061486245,0.27350368968029365,0.20615949215136917,0.12782674251485346,-0.051132331236249995,0.3794303721591756,0.27657003907867955,0.27227577065005826,0.2984313181144904,-0.010408693946591429,0.31712847079285084,0.2394207419820305,0.0077329676906425105,0.24485518213301408,0.0410462584234168,-0.025146778875339802,0.004730549822824047,-0.04342833728853395,-0.000148848465302408,0.21795170909416736,0.20494349294779252,0.21348203573465976,0.20865741869837498,0.18174416738196028,0.18500136225862096,0.08657646991957234,0.16642026716833283,0.07552873292458477,0.3869417864322914,0.34146601992326386,0.425429117055409,0.15228050568571996,0.309508511285308,-0.04182738318565893,0.07402320745716226,0.3939665777689663,0.654077815471821,0.589659447905678,0.3158082019994095,0.227720426056311,-0.07775606114450655,-0.13254889395396413,0.19540958512203563,0.2749452825479459,0.3532300118431317,0.4629089204564873,0.1327849067030257,0.21902366168783768,0.2774731717021733,-0.04386987163424427,0.018834561388150508,0.15986076106966504,0.1813107157555482,0.17154003374955562,0.10952102661052955,0.2083046670107906,0.37328875651843263,-0.028896794313911286,0.31987554784363714,0.13314159401521822,0.18669811211642998,-0.16184595751195557,0.20837890510389157,-0.06749467306535374,-0.014855084977998749,0.2875955935558714,0.11597010049951943,0.1171408495145825,-0.05475922821938703,0.4836553107441095,-0.20712952863968778,0.04801766829805644,-0.22696992407514865,0.07654348084491842,-0.006117195636451645,0.11649288915178989,0.4152922498692193,-0.07246149708549379,0.08689708136738432,-0.3710970682243004,-0.657872704574684,-1.087051760260679,-0.7617659011258389,-0.08002336449261019,-0.5232628266538722,0.05981631939738945,-0.6934248892158636,-0.7212742639616864,-1.4457613870952153,-0.11644802566423348,-0.6958404297546106,0.6716334347489805,-0.32712693611543087,3.407940574181596,1.6340072730002069,2.3613404522015475,1.179262945901733,1.1184303427817834,2.201612548720849,2.4468019116070416,2.032544908258805,1.9280860121526053,3.2144374707592114,1.2001546053053185,0.5049690563167828,1.9595489181089536,4.460185186576316,0.4655561584484983,-0.08355732658650551,0.7897793760468371,0.13188376756380887,-1.0785370603386346,-0.26144831785348716,-0.015976529115378925,0.4175660584921214,0.3335136459935777,-0.928272759572167,0.9742174257741826,0.07548306139527122,0.7088734621387542,-0.6121297969936894,2.837779140724488,1.667618162129727,0.862055253782297,1.0337446997230837,0.9700694455295482,1.1157957647955807,-1.1625695823756734,-1.4288801867126473,-1.225754964774257,1.8501190111469512,1.9662891985113304,0.17416493590624213,-1.264369656542348,1.191575188360722,1.4171490982896235,-0.3965350048388641,1.414019602466887,-0.32621536514822436,0.7566136868403897,1.179886803271407,2.012626895316967,1.0309269331815156,0.6968396375079585,-0.5564929725150195,2.213601452664483,1.3725184401769388,1.0659413967742326,0.12903317840699616,2.764539703411664,0.7042567892992668,0.6458398675786421,1.0642795971588634,2.4425159744590426,1.5246972603405506,-0.22251946911243084,-0.6682540079227525,2.213962698168825,1.5481717128117847,-0.5438239317048384,-0.5761999458829752,0.3260662417306427,1.2401993831731541,0.3184190130202904,1.348354986256923,0.12079570123242701,-0.47585112246737865,1.5438037235133921,-0.014524816835625648,-0.83696586242262,1.484821436879699,2.2963200015145144,-0.17744551479224827,3.023697580133811,3.5275032100819623,0.15361461050711114,-0.1645666554913171,3
-0.1209625548736758,-0.019967340907765734,-0.1412941100334148,0.13970482259953626,-0.202362115818872,0.05387314717421448,-0.16102983772308666,0.008601898404330914,-0.012087642364928815,0.01664465251683586,0.06044233511126025,-0.1075111029023239,0.052709668654353344,-0.15809375944375764,0.09477668567267128,0.23326832507396528,0.036459031858616806,0.23902128897160713,0.26804806945431237,0.11835539702127552,0.1406855518690753,-0.0501285888169063,0.1526058265147614,0.4267240151491987,0.20923471305449917,0.31430955315317893,0.10280690410720868,0.28421425669274425,0.17383410206240166,0.024486765893717538,-0.1152685835298091,0.4020315130723643,0.2862780383684115,0.17049038616496517,0.1832066122150535,0.006454251975118109,0.30597130982468057,0.3074674574011421,-0.10155510116957228,0.19458700853553998,-0.07886485000311583,-0.13441282660889192,-0.06962983267818294,-0.06910721254964801,-0.028473378468783363,0.184497651524949,0.0912833264302756,0.15558177455020214,0.22202611778776735,0.08486677319507852,0.1326817979895917,-0.014969820806127266,0.13243708505256205,-0.110039180832939,0.38884566805304,0.30847905964261,0.4195063103992745,0.07674793168781423,0.40668479864297197,-0.10820603169649516,0.09403832230239484,0.37141015860089366,0.5877785379513101,0.4301763879049748,0.2147842528740363,0.20377114226197793,-0.1955704842187795,-0.05876557697936531,0.11325038975525081,0.22544336968169915,0.24784167509125168,0.3627567509048695,0.04631829597820195,0.18595241381226274,0.25200464044319837,-0.06516366508295342,0.03729439116414854,0.1842134429666992,0.15145922409036053,0.055430282506087995,0.04539321695218736,0.18667145634463828,0.3611276119722294,-0.06508766462198469,0.37695085024109115,0.07608181798633738,0.09901526644005504,-0.16708017953848858,0.18894834059839108,-0.09797480992225134,0.07106170851776802,0.16840139441966867,0.05553581839737059,0.0760478959495957,-0.018353717183985954,0.45270622731155447,-0.1928082645801692,0.017902281878612432,-0.3171610679700641,0.005399148428395116,0.053185231179091734,0.11477125581665212,0.2552852439474941,-0.05078212018937973,-0.021619232901695252,-0.2744479678164307,0.5495657948279119,-0.7001136083868834,-0.45390976246384424,-0.15243762917378248,-0.939821849722769,-0.7010332661495348,-0.7034297744612799,-0.3044022119667172,-1.0861195348007247,-0.6868521150992136,-0.5464791277292588,-0.851794695315498,-0.1629368377731865,1.8117931715204678,0.35122930733780333,2.239595002810994,0.7791297890780555,1.4532381587844605,1.8169897243732138,1.6277331905462409,0.7862074257827731,0.9433442030687443,2.8685837401807444,0.7949059691979752,0.6358959901753976,0.9218011729172537,3.5453504407926792,0.6237947500963569,-0.29868212164619135,1.3755024111215417,1.3289152506293738,-0.481774280662612,-0.610452908773034,-0.3963706864008837,-0.13416751432748458,0.4145406303159217,-0.7328466022186843,1.119598766793071,0.8778720813765301,-0.09914351783121574,-0.20705310799788915,1.2382337454855132,1.386522988574493,0.7733902011415675,0.5590295735615894,-1.0667698665748315,0.6995901908534783,-0.960444972215793,-0.9656128646646454,-0.6599846947951121,1.542838394443035,1.657747014913191,0.6339976915595407,-1.2323825772118322,0.9845143118762298,0.6206389122174214,0.4285869153445947,-0.5506652753579809,-0.6976764409620803,1.3204069006552444,0.9932367156412286,-0.8922039250146417,0.8422446774616181,1.4919528236817443,-0.6035233370062175,-1.0843508827514055,1.2182697666018394,1.3048792023177278,0.14377595766953585,-0.24379577519842013,0.6459297049630566,1.4123661306301465,0.92683826030692,0.44057944439342794,1.1970652937843216,0.8614469408325929,-0.12616672387433647,0.18471272618057927,1.4525578497428615,-0.5299460486511394,0.5552775734869619,0.9391455109468204,0.9749590334082432,-0.09659276452959836,0.7980978258704435,-0.6986031861574247,-0.539722236008232,1.568813550264468,-0.5798732972506017,0.2979776383492047,0.3429398856514276,1.0148880007415393,-0.6232847017203841,0.9305432894376107,2.7742093002609023,0.24521725952356765,0.029684783264735025,3
-0.15231031632696596,-0.07757230733153848,-0.1372388238354695,0.11190683909455658,-0.20304120692479033,0.10149680893373227,-0.18775620186217631,0.048986908619645,-0.021970098640518382,0.08188128587830061,0.09253581923548669,-0.12338030115938424,0.14167992352472217,-0.2452795754678574,0.060763543696386146,0.20746392069263306,0.11167429606453308,0.17334217072077196,0.2311522003035943,0.16488942106521307,0.19421707630444396,0.025561744029654034,0.1450992671530145,0.45007661449732117,0.16197030994025788,0.40777315782231854,0.09425671908211951,0.24653700498670394,0.17218441737781567,0.028674978662844883,-0.10854916233323074,0.17220683766510425,0.1649647078088714,0.09337133454505907,0.13259773347559442,0.14074313742374372,0.3591710542592131,0.3166058224311351,-0.050772093313261504,0.20573652849397686,-0.08365675793677185,-0.10856844428870148,-0.07726847305709036,-0.0146549628552055,-0.04530730099521539,0.08368651056801896,0.050761566189306086,0.12036153114479901,0.17725658050173174,0.03384725980097658,0.1526809229836177,0.035227593520100936,0.08375460892279309,-0.11417823654304708,0.37899453644434977,0.3180091398627456,0.42586903955449457,0.09660477150995404,0.28909193182273984,-0.16553983347507897,0.14973990180875316,0.28681563165363555,0.5343863405144212,0.3812778285125801,0.1641304683856849,0.17589507202149743,-0.22302399562554412,-0.040103228168060216,0.10658618170609743,0.16026167945890815,0.17584407161029833,0.29878177883912393,0.11765661122266997,0.2173757662620994,0.21710826961825222,-0.013812723588938659,0.03418881978444044,0.16493716774612044,0.1147162978159005,-0.01964078384308592,0.05285293077626933,0.2418575969771275,0.2349700972621567,-0.04342527435093873,0.2925318260801573,0.0862844548752224,0.0968426365421922,-0.22253193002622815,0.0637974047483603,-0.02319169571561891,0.09186781272984683,0.07061269730248715,0.08171605311247533,0.161249784488398,-0.008798177653114619,0.4302554569526667,-0.12685487628967673,-0.15152725407315717,-0.28590857796885744,-0.052051985586741976,-0.008399847475943478,0.077145428993384,0.051374926960969035,-0.023255408723222636,-0.05751198815572013,-0.45524198684470263,0.1222612586854527,-0.5675006285636875,-1.183958713185812,0.3980156784541857,-0.7700213139398782,-0.8438609132886575,-0.9983077253826027,-0.19614564267474266,-0.7907710647379034,-0.8417682345657784,0.15629754482513777,-0.8632107004436077,-0.3740072614126954,1.7045165487653446,0.9105878264264142,0.9697646560750991,0.4769218758432464,1.0435825985104497,1.6848012986565983,1.8858807327122322,0.8288955015853744,0.7115129791188592,1.0925197984142438,0.15058226212359457,0.1309397095581117,1.2468143191729062,3.2501351512745074,-0.38988177822990716,-0.3920388324496454,1.4124229826892853,1.4541371380200339,0.04944088232623939,0.16791527065657377,0.06277639730849548,0.3542839172341718,0.5722036118443898,-0.19997462406304223,1.3326805967351059,1.1226709392725691,-0.16090283490815466,-0.2649636702143136,-0.8367046522949453,0.9766689310037261,0.36466427542711355,0.5471753939382904,-0.18424885404953525,0.5405926371516634,-0.9293571259238009,-0.9905411488026672,-0.6333224060557239,1.8964169139919997,2.6340350416454523,0.609627601899494,-1.4900524975063838,1.3241309130437684,1.4108084291840632,0.47513139888520073,-0.3152169440827135,-0.4265220064607367,2.3998395718055567,0.5914079588637862,-0.9381624312291071,0.9231808065364334,1.4782205368502854,-0.677066087651332,-1.1386607084678464,0.46137817266275033,1.142086286209386,0.2715616828623484,-0.8415216171820334,0.596753466219521,2.0763258336934802,-0.010142680566431025,-0.5345572219244673,0.9857368800605415,1.0673017804482265,-0.18876925401095707,-0.901403900003844,1.098392979439268,0.2901210854557412,1.2240285028237752,-0.7241227230886084,0.19746014481090862,0.8549386556622156,1.1852340600054874,-0.7956296781599881,-0.1913204248105264,2.1492170714997565,-0.3002019456530901,-0.895157266653955,0.03248762234881311,0.7516586350326198,-0.6902472427116986,-0.7785580351241254,2.2594303020562743,-0.1435896426468796,-0.026353367763006428,3
-0.19651836801271433,-0.08305055954060471,-0.11341574287414231,-0.049856191950478974,-0.07416252958708427,0.16184061393832797,-0.19503471869116748,0.04134224669759814,-0.021294469319072307,0.06696768752554025,0.028553749624854834,-0.14472648677849403,0.04365820567576534,-0.24505902215889203,0.07919208990669845,0.12301457021698307,0.07020109639964786,0.10754339536525746,0.1514055081966669,0.14690809207851202,0.2835455369147218,0.1186299425115894,0.16582262857777494,0.4606896114582944,0.1632256285447068,0.35902251294298265,0.08983583799989149,0.22631923018050165,0.0693266729066179,-0.025968586760426397,-0.04724981466821005,0.032241657140933314,0.21962408152807156,0.16578177921768666,0.2488500959052849,0.22270596030370196,0.24071268253878939,0.22278565727996535,-0.06885855184121627,0.16015276388628272,-0.16253004307880473,-0.08321630246275878,-0.2631373432209222,0.024165464102487842,0.052256004389245096,0.19760295997569202,0.18440623840107817,0.1281247109920599,0.2516926236902567,0.0264770855930965,0.24149337172243512,-0.11937201902806933,0.18520181109482292,-0.060086218623961934,0.3433841009751474,0.26652694356579704,0.39430721831591475,0.09863537507128523,0.17675339285696884,-0.10381399582809935,0.13383890927970968,0.45418628715164755,0.47306775130410783,0.37643903052445304,0.13578806749070158,0.16968951978282829,-0.22001262476846023,-0.013541092945478185,0.07341464729940336,0.07581960379300759,0.12848441830773924,0.20723332869749214,0.20647596006003166,0.23950984670409453,0.11156164600808686,-0.0318529519839558,0.049464118756321944,0.13355339957477844,0.07434994125520361,-0.032286167972570674,0.021090540029717008,0.34458382516644503,0.2755232063947807,-0.055211972943429735,0.32318140800247774,0.07607925430407114,0.06412420241485338,-0.1897352880759261,0.1385875141934797,-0.04575165959569394,0.04798971127258252,0.06104788690133012,0.13676099906822073,0.13001995862200974,-0.007223925292535697,0.4262242140384288,-0.07942520578552623,-0.0779849915996651,-0.2828344626235397,0.014622882867082245,0.01994209739119857,0.03148452319860745,0.16606766205563958,-0.048783865828185995,-0.03066401147186189,-0.4750038142280261,0.2821262222297806,-0.14971020695797507,-1.2640132872334107,-0.27561592165547877,-0.9250665804726327,-0.5963824240562381,-0.6340124494571685,-0.04125416747367696,-0.9560719661644749,-1.1376918027008736,-0.6062043476294928,-1.4270522335767795,-0.42948920264820506,0.6127286236390247,-0.010092048543318957,1.1648974569671189,0.2035383237457625,-0.2794242028836075,1.3612389398298135,1.1964128324812853,0.3115812566259386,0.148302404138201,0.5694444439501226,0.6799873127249169,0.05614033091557311,0.16745812004836783,1.399546318287308,-0.40497568828063263,-0.8803261109476866,1.2417348980493232,1.800062660746342,0.4288016686313249,0.15739571914456002,-0.15702246223618468,0.15307457891498139,0.2792238059339571,-0.4973358780475055,0.6798986675220241,1.5321586449180236,-0.36316761039378437,-0.2884380319511467,-0.3089645710238736,0.4595916919937962,-0.3178940087354775,0.6306966385338353,-1.117807847101154,0.03460924134261564,-1.2982818745142333,-1.03797166278076,-0.3588685924505476,-0.17732465818040719,1.8085305402659075,1.9762361660364718,-1.3199435670487667,0.011999688211138605,1.2430810569932293,0.514232564067405,-0.1050096103879542,-0.04530852947165504,1.235966999515664,1.1580671015881485,0.09073650169701851,0.8274671734677007,2.126870536281345,-0.7726276567103187,-0.056029818391371305,0.5818034969757983,1.5604690454445824,0.345927338160259,0.02283459802632438,-0.24455342047691708,0.7075031157778092,0.022825459654695807,1.2673007743134612,0.013938506797020895,-0.3288321276433083,-0.7004786163904168,-0.17031622634419122,-0.08346044209907741,-0.6596189089705479,1.32044200633172,-0.8525329628059234,1.1207677258181492,1.9736448025706854,1.2943588874782257,0.16236106314841303,-0.09768912286820929,2.51093395251235,0.4678115766935041,-1.0185431022839202,0.2694602739213788,0.9841914207091749,-0.9666837858383667,0.43553675972528627,1.9810008141726894,-0.07844572444504386,-0.041896598136435974,3
-0.12421816520464712,-0.03994410792418111,-0.18178404808985396,-0.01846379982117805,-0.1357591063339901,0.1562468450907146,-0.2256335807040989,-0.017930914232140917,-0.01551774395746665,-0.017288239796866424,0.08916645181045087,-0.051580655798438804,0.04566651211976653,-0.05187452071101869,0.08563044178322343,0.06283987403891968,0.10907708149897738,0.12000859260850959,0.1331164700523088,0.1795860644830175,0.2316989223649214,0.16234766961292152,0.1638972934120419,0.4384183030872703,0.17844670180440106,0.3847419417601024,0.192669144256821,0.20973066066557733,0.018861285402273293,0.0019139948032167158,-0.027571700131471807,-0.09102804958620977,0.31903325724659565,0.11572679622607536,0.2477362872262372,0.2393550327076434,0.176137186333728,0.2966232847294478,-0.14303398841712983,0.17668447604068016,-0.20261722955695274,-0.15826289212499722,-0.23178234003824708,-0.03663259530069704,0.0391397485322527,0.14967197425958131,0.26012163828025636,0.1731790652446238,0.23847751685338,0.10912981665264747,0.2442879221425387,-0.16098453653715053,0.15732301379635746,-0.06226748543964382,0.19343710194170716,0.2920517514310012,0.24470930484145567,0.10089506530217285,0.05809834129218348,0.005121464341153659,0.15968855222995135,0.5522936628751085,0.45930022353481265,0.2712832147540816,0.1951531016515093,0.10124442031369019,-0.2554941796206244,-0.197950935336308,0.10447295255659052,0.11744746901409295,0.17249053326197383,0.05530919065806972,0.17128208252343136,0.2266736902615718,0.060814475782614334,-0.14015618635505786,0.12815536086965576,0.13467607851676433,0.02747382364225036,-0.04273296224163068,0.045804024492149174,0.38363727203301584,0.2503408712762562,-0.08725380844053948,0.31721464959574724,0.06909973907047946,0.12046184354424855,-0.08004294175926088,0.11035689517699764,-0.12528940888145929,0.04421614125145451,0.04760847812004177,0.11115814239487198,0.04937611868852731,-0.09228365443930191,0.42224978805585806,-0.020192585043151398,-0.0774345430592282,-0.3016483458097167,0.05267574671890336,0.21153535112247923,0.053372527295969335,0.06701249342941046,-0.08965200097604076,-0.05113470581308508,-1.239762704056077,-0.2741861593413615,0.31827834999771076,-1.3972565260866252,-0.37371112661266326,-0.8445288601861033,-0.6457735135768067,-0.7985998183737871,-0.02844081009789829,-0.9456175635884717,-1.3723201401634304,-0.0631079101287573,-1.3302696251006145,-1.2414904922498267,1.0654747488917877,-0.037528918831469964,-0.09520794111925408,-0.30333398795549066,0.13859444977624738,0.914790668370813,1.0017712846719677,0.3658369094066211,0.3412828526468144,0.7274044812924152,-0.3131870940393741,-0.29040736091261227,0.57809870854124,2.2672203204296033,-1.135970178852308,-0.9411231950334223,1.1455154520766688,1.000226623139584,1.8237195706250342,0.9021853457201089,0.1631912510172186,-0.45676607374355016,-0.0996080809748328,-0.17107902064254782,0.6379585904622592,2.45949351094572,0.23418158351845147,-0.39732994223239315,0.09142852082671604,1.7347871095212755,-0.49934964994347925,0.5905714383409346,1.215325173835682,0.40334359595511543,-0.9577540500397256,-0.7691159090947702,-0.9111802835503182,-0.0377092210955438,1.2315309114174133,1.9737407108035696,-0.7617253075513841,0.7146277085606755,1.2286765459694817,0.3608274085941289,0.044031941083721916,-0.9906248296431763,2.48017575207865,1.1154418027590751,2.0994348289556837,1.4164655592887954,1.4917975369128313,-0.7942117177808135,1.7643488528748674,1.7562905247422116,0.8858186272279831,0.1728651860095629,0.04893087251356972,0.6738854981746414,0.3231791539545721,-0.21654205756638317,-0.17150649444798827,0.37090429825128135,-0.7779744992616511,-0.7480148239248815,-0.4075993551691385,0.3114341080505522,-1.2803216530936607,0.8173594515879721,-0.26391406188025834,0.9291377307549166,2.6435828498382423,1.138319010875652,0.5653824001257665,-0.11538212745869256,2.0416051738472234,0.09678593060772983,0.37648329004707726,0.8534943098314567,0.48060203918395084,-1.2254396893582606,0.315223110540305,2.189081042472771,-0.8291966446140839,-0.3685114268134409,3
-0.24510177871235644,0.030639309665200443,-0.19046380464077217,-0.0206458837155993,0.030689907601662673,0.09565702293339744,-0.21572448719294215,-0.07755144880491499,-0.033267559623952454,-0.03743060369725509,0.1529875147962954,0.0015946180419381469,-0.029832262100934114,-0.09487117497434634,0.01557751879682294,0.0030848116471009347,0.10670695031839421,-0.013491622127373802,0.14012638372760677,0.14427621928547707,0.18146582266344707,0.07672545377054367,0.2517372959253573,0.33065361338498395,0.08274788764955748,0.3860303980063904,0.29121467653664895,0.12550571489081105,0.002945968776937169,0.031672297190183156,0.0570550432427444,-0.14683338217855707,0.42730960248667577,0.10766383095175316,0.18591386433168278,0.3147780043847297,0.1880742249790895,0.28820202851195137,-0.14315698790359518,0.1609003615288612,-0.19579680017718104,-0.08435323559246821,-0.03201810494612841,0.0165215010580818,0.09442966572787483,0.07211352838463035,0.25094940724906045,0.18811547170454265,0.3210306321707839,0.07067919393399091,0.23657807129136793,-0.1534440467420142,0.23137043081088338,-0.011612651728685973,0.26878808133586557,0.27009344965306353,0.20981450384803813,0.14478662703868864,0.029342745248414414,0.010740686462485183,0.11829138588188842,0.50769012850823,0.3377642225876938,0.15296674699787377,0.20484485370701924,0.032778186861547216,-0.3168840225534769,-0.17490500894413952,0.10256335293800087,0.05337498344540964,0.10537683128982137,-0.08499112214426253,0.17722905986720092,0.21761943776572226,0.07934675008565199,-0.0887174577931407,-0.022463572450801952,0.19864458070650934,0.0029149960833755105,-0.014625408787075774,0.14350696151494716,0.4084981071014105,0.23013924673461905,-0.08769317717876848,0.2831065889644598,0.083894004343707,0.22735083185763905,-0.00833525282883792,0.10206247153110927,-0.11737743815327104,-0.008610693937068953,0.08075215531538521,0.09894952595105262,0.00449734321360671,-0.13140420048222634,0.32443013522782754,0.05381227072010898,-0.16857200526048738,-0.2578954484088286,0.08384205518047239,0.3177975945201578,-0.04835475517405524,0.07979664020772274,-0.17633480616370306,-0.10472015098870485,-0.6352065724810398,-0.12842371523809187,0.027700057167506575,-1.36975310078722,-0.5685673765265681,-1.0501088200940352,-0.5868843671084899,-0.7154910456826312,0.1016117167003638,-0.6626989671451708,-1.4217873144105755,-0.4674791130911354,-1.6560748871592479,-0.7451695441490723,0.5477008797183359,-0.6526706755463738,-0.30171575979005166,-0.761036392245463,-1.0238555152088191,1.048251680779764,1.4313554540006395,-0.0900217912983363,0.1695033968341111,0.4737221562438841,0.8876237332348885,0.18119971428894957,1.38248681705788,1.2618833856923268,-0.8636883320385828,-0.6616451176873358,1.0221692179219608,0.7930305448410997,1.9977672691195538,0.6836991813104007,-0.01834783708674926,-0.017329900350696627,0.2960194053899787,-0.8514874629309686,0.4923398922246394,1.6966563272929567,-0.13990014280733792,-0.5287645329329014,-0.9820140901054358,0.7674613048244884,-0.1102378225943051,0.5842663746855913,-0.8122887561449174,-0.43743011775525426,0.03182686731062434,-0.35456620858179017,-0.9801603267874003,0.2046880786347847,0.19975503902363664,1.5684873632692382,-1.0897447807971783,-0.9011427138433695,1.5050282181519585,0.05261161905511663,-0.6976098140932091,-0.7087009079185503,1.9882640881921936,0.6578513930366853,-0.9299911994266128,1.5765759921744493,1.7585109311906344,-0.7084037120771493,-0.6086774171962721,1.0117431992500705,0.8048011574903895,-0.006724508558964488,-0.6903207456658289,-0.0982324836549733,2.202652805451215,0.07149666876467492,-0.6936717437582026,0.0004596053249828426,-0.32015059971370036,-0.8751951702691774,-0.7939198956555782,0.7344046900483753,-1.3627699528435189,0.6781671316386959,-1.2316075364750354,2.7070411191713846,1.889546110603891,0.9475095540137128,-0.46404023805465233,1.1458720648965006,1.957365569085712,0.6213159400207288,-1.223778185515427,0.8406367650374266,1.7469734285624978,-0.12248369543843625,-0.4126150223127493,1.8567431543202084,-0.6961229373881248,-0.5754519597534019,3
-0.29413355968485494,-0.0768964590025508,-0.23368487933055943,-0.2116848867798691,0.02895185975000896,0.002336062685851309,-0.1601165049728477,-0.1938173255250045,-0.043037691296942286,-0.05765919093245257,0.22710819436516477,-0.021419476650922767,0.01808709770672192,-0.23606116228369978,0.16602604395954207,-0.09335699063232253,0.06553124187043667,-0.01621925595375404,0.0362777132595751,0.17010124615408623,0.21281025029031997,0.09841795157432671,0.09811291219274468,0.11236711165628682,0.08912510492303068,0.22799721591607708,0.1835797981053792,0.14785400892962294,0.01150375943255705,-0.042803129085079564,0.012271547241309883,-0.08504089020405488,0.48802244992669197,0.1526969087167781,0.17633875604153687,0.24429923022703587,0.13922899057550886,0.24967137685611415,-0.1742397941353513,0.08648591070731929,-0.25594896884326857,-0.1320035082405869,0.038248653070108815,-0.02169515489828363,0.09991430930725063,0.03908154452153013,0.2187208472276172,0.23639849587905837,0.2736077183867235,-0.03514300841357409,0.14888501349163694,-0.12638068637260916,0.2535254897671721,-0.013560093552843475,0.3008777422647707,0.09289361943684242,0.16298710607477493,0.08383274718539753,-0.012433589979320514,-0.019531497333499955,0.08098485039960839,0.34654567234995615,0.2596526941229913,0.06329409848818185,0.23823305941130052,0.16446374885408202,-0.2627713769070369,-0.10982464875197795,0.062282477319310345,0.030749478216417884,0.18726890303928456,-0.16604127585943232,0.14116542833461365,0.17497228792351724,0.04221445387070814,-0.0717325232016232,-0.05670806267045367,0.08470385968613776,-9.493678316951131e-05,0.028558394504068114,0.1099103850317465,0.3308876754786008,0.20487212192652143,-0.1655038111427655,0.2625681096986105,0.059020325665652934,0.3057221321522492,-0.01562848357681284,0.12712760834402126,-0.13098898134875828,-0.05468439726427831,0.009653792555909133,0.023918390457683843,0.008973547555292484,-0.09486759502368905,0.3252353589595738,0.05942068621036522,-0.08882370379849437,-0.24138106030524953,0.02637402875032201,0.3053577464162756,-0.047152007237182054,0.08793926379441679,-0.20097353745006255,-0.16969586147312596,-0.24390139366315203,-0.5331396515220598,0.7864595846727972,-1.6922407772120471,-0.16359973938879846,-0.914032935059667,-0.38532800675582374,-0.3532416835847192,0.4720942475773588,-0.12012700079584303,-1.3227093019132983,-0.6369214526429949,-1.4640859466631841,-0.16110996219361925,-0.3087868832333096,-0.947001694743581,-1.1803928739044738,-0.6526780783427495,-1.8409460778737408,0.6303145256405868,0.6457361993070814,-0.6577831197848492,-0.6760299844321519,-0.731254214934728,0.6553529636529228,0.36829706355666064,0.8072872735058467,0.37179687462106065,-0.9149037471618349,0.3646795202581321,-0.19552145567661758,1.1219276668439968,2.755049849666561,0.6642533624958273,-0.2369859739501568,1.0329995732371924,0.1716098981018443,-0.871406369359779,0.32256555960349115,2.1207932172962245,0.5898133591965001,-0.5471004235063901,1.024448562663543,0.0646470120117868,-0.7917336936274403,0.712905882920483,0.39724841600441296,-1.1462146177296593,0.04964237163209755,-0.4581057751099489,0.19629328476347582,-0.40620184159731865,0.5251395850562552,1.9557309214939185,-0.8194787178698678,-0.6566302773624285,0.8236082905773262,0.38124674944247755,0.6332876383092704,-1.3275177410869736,2.0998837419431675,0.5876987481974301,2.3986593199953616,-0.13503861290121696,1.8740142608167876,-0.9574141825080392,2.315390628183473,-0.092865027693874,1.06595292483908,-0.31426459353560726,1.8108520323440058,-0.8796137232669543,1.3655744333645417,0.5944979898460641,1.8937399519509142,-0.5073363799377687,-0.3828076119516617,-0.7816426840894858,0.28535224072515375,-0.7180282275351594,-1.540064214510532,1.0005453524685672,-0.7568530832658964,0.7145760275720793,1.4434712467120467,1.090653515703282,1.6055631968685946,-0.2792279950713755,1.532574675545325,0.1407005910029046,0.7303839693972012,-0.1804261972015433,0.7360453071696438,0.04539585619537241,1.2928619705620614,0.7572289492384242,-0.28146301819997654,-0.36344807733616535,3
-0.4357165805275645,-0.26188287276153094,-0.2798616199062399,-0.3435893903710227,-0.10301154369920622,-0.05955918774799901,-0.209998019447275,-0.18275856548876424,0.005499351826743292,-0.15893052524074966,0.06055899516909787,-0.058913720280845926,-0.11557053625308353,-0.46409803184694953,0.0547856525878092,-0.09531737968967938,0.040496104258142374,-0.053321835145340536,-0.015564868869972581,0.053545480957324865,0.23969102145997348,0.05613515444964854,-0.1111782731959156,-0.08229072628703163,-0.014581849723182978,0.11530711874504888,-0.1171317933715254,0.10705601977414321,-0.0234486107038679,0.03535543553332331,0.047160521991811734,-0.06276050762626255,0.4029269880385633,0.038477560359340274,0.139876090666085,0.24771715545941653,0.10435815953069846,0.2872297187179649,-0.3873867667904556,0.04279695128151149,-0.28045277366619925,-0.20490108315018155,0.0788829918608735,0.08456686678337914,0.07649480280049538,-0.054010210005670134,0.15009961518722828,0.14436116285178727,0.18799879814033987,-0.2118116919698681,0.09581566289349121,-0.2191386903713216,0.20443694742596327,-0.0003126491032500901,0.17553028825551986,0.05660426538617538,0.04209316529723095,0.06565304927170271,-0.06446952126105114,-0.07825572049564015,0.04879275437449123,0.25633551982165653,0.18949840512889315,-0.03904392212435875,0.11297629624260869,0.11487136801096721,-0.27312952813047203,-0.1730149001692874,-0.044737342531505506,-0.05171945420035648,0.10537640499841455,-0.3939929339124741,-0.018625646189526647,0.0253423821792708,0.06418220441416486,-0.06768001634758108,-0.060244296847781806,0.09113525935110227,-0.12397342250918783,-0.0029261280151633732,-0.01046255748012259,0.3515164072659993,0.30176899404741103,-0.078546154392755,0.17709313433355894,0.05986245143749899,0.23825280849783362,0.07864834985585938,0.255685611777901,-0.08592097110633887,-0.1526660891179023,-0.08936085951115186,-0.020509939814030785,-0.019924891596665266,-0.1360259984689877,0.1698333020582472,0.12001633299898307,-0.05649970521742639,-0.2626177857852066,-0.011967353985235362,0.2151184113048921,-0.15111327859041362,-0.0005233611757981247,-0.37250882706733485,-0.4115695591297471,-0.9158208048531887,-0.34529961983061325,-0.22558953239252674,-1.6281102486244106,-0.7181958819021209,-1.0885224049869713,-0.70795782706799,-0.7182691394008476,-0.10928811298848463,-0.5379331522175403,-0.6458022021909505,-1.0257766086350144,-1.5068029292747678,-0.9820062108316273,-0.15633759685872647,-1.163944822535825,-0.4570353581089079,-0.38870130587879803,-1.8050783014842768,0.7005224294837211,0.7212907382657472,-0.7346794458713586,-0.5750923281016528,-0.3852463173059898,1.1010473788996311,-0.011401720029756672,0.9328222143237145,0.46351090658532296,-0.4716120476973289,-0.1375412946603498,-0.8902165568752856,0.5811305181492126,1.8981600321451602,0.6441086462464221,-0.3398947563091439,1.3429983859841812,0.2880420509111122,-1.0935099025798152,0.17778429708280666,1.093784068418855,0.16978184630309218,-0.5525191378747222,-1.0008783731745183,-0.268418543039744,-0.8640209442095803,1.1003306028307105,1.0759959881795715,-1.1402683728886251,-0.044413797100201186,-0.5898728312734721,-0.6137945229696611,-0.3338808345111285,-0.10558744318325392,1.7381871026520852,-1.3388587181210543,-0.6418613867219842,1.0964826164642443,0.4363133391871644,-0.5341241798286755,-1.3940558964097434,1.7802867935233884,0.362106250847148,0.20397828090828934,-0.13374793736010748,1.7113131880981758,-0.8274303682240571,-0.022750266493213617,0.13326399023695354,0.9217100313894944,-0.621200716078553,-1.09101825297162,-0.9585748176879927,1.4081495996338762,0.6635227061276366,-0.49606791871162703,-0.9114037236443144,2.293939206507744,-0.28746134282618213,-0.7053816604561138,-1.0411146651168397,-0.9147886359705504,1.6069425110470241,-0.941254932692183,0.6077835290799924,0.7223017116688496,1.1959770481105894,-0.2925933955468216,-0.16678381346658525,1.470380802542633,-0.2925463541650085,-0.7642421520741641,0.2958431551993727,-0.0793306523482961,-0.08421022286683397,-0.9733377881714925,0.22553960512103807,-0.7561142607708701,-0.5883039628693789,3
-0.41039824160619015,-0.27445329342850366,-0.29696726499594794,-0.3031333991217714,-0.16381397127413894,-0.08270859497128687,-0.14636005882568137,-0.17019178152532868,0.0297666811616811,-0.227844765427471,0.05219004582286082,-0.10031778510299817,-0.20328127886177014,-0.6049674691851753,-0.21135481029657174,-0.07283820974202926,0.0865597100807594,-0.14009323923889755,-0.1270637818210042,0.05161451684433265,0.11966842493321482,0.006141380240107848,-0.17836780944700273,-0.20390714870177187,-0.002174431979940087,-0.03759285814714226,-0.1839185710142114,0.0994193142665092,-0.0876690210131829,3.708120752286362e-05,-0.040381071500499674,-0.03525704477801358,0.3484224862299192,-0.07406405642953391,0.13220942342294817,0.18888230499315498,0.034068090793689505,0.23779978738536775,-0.35488461767338464,0.002142764729179795,-0.307768858186958,-0.270043800980379,-0.01544656153199005,0.14980724485422336,0.06343556003624634,-0.09271883128059188,0.15630662124922554,0.10196531023170151,0.14672700309019213,-0.2406711643636499,0.05745646064245002,-0.34034500418570535,0.12310375115372965,0.06352755811945586,0.1693621756785992,0.034276963252296025,0.015634074753525764,0.0704965742645231,-0.06997541706295268,-0.11982649363886021,0.051726561655660794,0.37861896593751404,0.14265778096212953,-0.05490076621280761,0.02207412851222877,0.11187925120099736,-0.2343054345921563,-0.17435462594784606,-0.1344979230479072,0.010597933516559466,0.04619304424115266,-0.31111511326106644,-0.06442876420359288,-0.10825009024747585,0.06547129422557342,-0.06714443963203555,-0.030041506561124184,0.1484177408051859,-0.0030854173656725335,0.03566904734726231,0.024985706160299364,0.19460044788570938,0.30158252295113025,-0.04630347839091761,0.20104701987209858,-0.02776908586761917,0.30219865833526016,0.15020897514553305,0.22587689212301812,-0.17305230705383903,-0.2087891749069587,-0.09464110851576278,-0.05954438500377336,-0.021306590179810937,-0.1821793650004414,0.1402150970155228,0.03563703580622687,-0.0006788324593280554,-0.24933024387229605,0.00737924021433209,0.17641655777702772,-0.0831830713139361,0.08867516837620645,-0.3408403115108527,-0.39961080818033234,-0.11500628692018593,0.9371805084568722,-0.026506922800406486,-0.9175669178253933,-0.4519444967801154,-0.9260930331195337,-0.30475782630470366,-0.41805173171750926,-0.1666342400034356,0.007767922410608797,-0.12299978170841408,-0.9412738254061745,-1.1149282023398297,-0.06054503926905901,-0.019090282059478072,-0.7765286352187045,-0.737058960573472,-0.12941655984614617,-1.2103560001199158,1.0101072818136163,1.0042898414379162,-0.6629733032633399,-0.6527157113020149,-0.8473520339369259,0.3353568353757121,0.7901949449366044,0.9086146173965444,0.7112913514077847,-0.37180181667081996,0.011676694728438915,0.41609153335444626,0.06971915731132962,1.628213035785044,0.1341704138359886,-0.230589759234953,1.3394596473600404,0.8233312332024082,-0.9814001985523492,0.3651492108722612,0.6940229207365664,0.6047446273311201,-0.9146473109228115,-1.0270865861716285,-0.5512039396557167,-0.6348197930489088,0.40319026051547263,-0.830120971784714,-0.8704610673129437,-0.14992382914580124,-0.3749885200750557,-0.21704887809200535,-0.6387614907979432,-0.04837922945591705,2.6622877752542884,-1.2449861993100035,-0.7485827250517305,1.5316301741141332,0.6539340745873874,-1.130156049515728,-0.3496114648394132,1.2849338259130294,0.2898294928907375,-0.9759043999875185,0.5447043830481716,1.4362365645497888,-0.6633360881942909,0.02865821677463395,0.7008675123417496,0.5486451223130022,-0.17117862483413943,-1.037095832299515,-0.565310493418047,2.0432519583549746,0.2970599484486799,-0.5244710285000355,-0.6039268735707697,1.3581656608154682,-0.05371379794561342,-0.1506952979460221,-1.7801989576242532,-2.0194821145167947,1.423098314048685,-0.2098805837646984,0.5669352042572209,0.6387988247881933,0.5574307969143231,-1.1259369520593705,0.2282380419740957,1.4017578644620403,0.07940473610972675,-0.45438480704942985,0.3741070306248534,-0.1159769805880962,0.05129669193212725,-0.9288966653504662,-0.255517070044024,-0.3563533082920176,-0.7625730097620994,3
-0.38143633939212956,-0.23212089818972992,-0.33285674653287806,-0.27428781224848164,-0.16802953171100787,-0.036869229539624127,-0.1669918563608563,-0.17789984739489093,-0.04795990113943409,-0.21375241254189944,0.05521606653519107,-0.10033251308525376,-0.24639750708631822,-0.528539984955156,-0.13654791159988502,-0.01488563808415012,0.008486850053570262,-0.22087441439045022,-0.2270873961322755,0.03412351072904919,0.14646429383250908,0.017951081585498137,-0.13994948740617585,-0.30391907189339384,-0.061342571339457565,0.04084506257749021,-0.20967816199099099,0.14723263383322427,-0.04850328835983024,0.09042119366039829,0.07260441506574433,-0.05852315576076691,0.28929020114729864,-0.015396171800638188,0.2522051641983371,0.20279426724004515,0.12115464634594636,0.12786870323088295,-0.25171716107925357,0.038308924524892284,-0.22810131375917783,-0.2198344721746449,0.08796099772075026,0.1653495245486464,0.0807538181343363,-0.04954360451277102,0.20962810000842017,0.21775620224975914,0.18770834529703273,-0.2512143807897399,0.04440269333097898,-0.184083785744669,0.1030343025739451,0.12103507282667221,0.1503258241381135,0.0031887688650715546,0.08229366332176286,0.0854991347318618,-0.017489311983588347,-0.11630269834079998,0.11790176993276485,0.37458014244372806,0.12767216423036784,0.025231704304488116,0.09266118238844781,0.1840829495758433,-0.16761610471475785,-0.06445261211294062,-0.14365290113142956,0.06457681927881967,0.08023922152668024,-0.18946177442725332,-0.0021980544250056076,-0.1725250880880575,0.08230348225373273,-0.08124782179167882,-0.014209059888932844,0.08779272843288774,0.027681874176290765,0.09479699741238067,0.04452379670588863,0.2467290313623067,0.24419928161442278,-0.005578016999747119,0.11127676018611697,0.016255431046043954,0.37955380311494713,0.2058938993818509,0.18600906858425098,-0.11194062718255078,-0.32435499298841186,-0.07850535721319003,-0.07521594016895763,0.04989312177935624,-0.20207769577087825,0.14489841514952195,0.10572926562112056,-0.04840253965401811,-0.210934672004629,0.14662213043130684,0.05480913425605702,-0.09382821474884755,0.1278671700348378,-0.33139334231947226,-0.32174617650140186,-0.35404053814327874,-0.18294759137740185,-0.7615141609497824,-1.3932720657334212,-0.8522517452394317,-1.0890802578336816,-0.8092637103457125,-0.8184057906483474,-0.5744239783536363,0.5850255721270666,1.1362200578323283,-1.0413590526227423,-0.4191535179635315,-0.7271049540968461,0.09252449832686674,-0.6463843351596414,-0.35662771694965095,0.12296403641848962,-1.0850361083991817,1.2452042819306226,1.632398877573265,-0.6539633503487482,-0.10995304296625176,-0.11329556673150286,0.6710007179694897,0.3087037616634326,1.0810198599749974,0.9225992871779705,-0.06470597738027764,0.7579273642786062,0.6565788403937762,0.12387222275788426,1.0948672046462424,0.2635365728753954,0.07832595977035943,2.0844357569872347,1.5417632393808678,-1.491577753770182,-0.12154365600823736,0.910466655843883,0.5007774198542376,-0.5593685778619691,-0.15973968988047885,-0.3137755589041507,-0.5727811556471277,0.6334518355258887,0.4717267042837192,-0.9804928524813654,-0.8474496167136784,-0.8155278785076694,0.3378667378482881,-0.8438964532802429,0.95361906348473,2.3033347678593135,-1.425626767694564,-0.7903325216985536,1.7241128338689606,-0.20578719068197615,-0.7110716190987774,-0.5304682103333855,0.2519659444487955,-0.12934851302771605,-0.35123539521514124,0.6534369989957094,0.5500913251024446,-0.9202727699484275,-0.7517136532372702,0.7736747034060939,0.03382345242650195,-0.11061929692568269,-0.8450194512592959,-0.7491725023308593,0.6876302939918879,-0.18638669163307905,-0.8535515440876008,-0.6069716229117664,0.23012793732790296,-0.5436118149839174,-0.589926232145769,-1.77221228329778,-2.037294106546398,0.2381291507031076,-0.09558310118204798,0.23600958077331124,0.9145656383977725,0.3064406495240341,-0.4262703402820981,0.3404531268758887,0.9565291965521079,0.41936717241043764,-0.9230390497688539,-0.05257902670846172,-0.05728181839047161,0.3196010685062979,-0.46292411111921994,0.3306544795987312,-0.8286430497775241,-0.7939662073143787,3
-0.3201701657457809,-0.2600906898358592,-0.2837905449861185,-0.2757625498610959,-0.17603457597904873,-0.08531051125680819,-0.18314206861720198,-0.19667695379773553,0.010630491078001418,-0.26776163970917327,0.03496494288018237,-0.07183339027911198,-0.31491698459712425,-0.5362171719717264,-0.039962529005935325,0.024817816965035988,0.058194135359025366,-0.144898551872504,-0.14154630475258193,0.009620208409117934,0.055875916163715435,0.044808387104372585,-0.1495588616985585,-0.37430774385605853,-0.032451888752597254,-0.0862648476303413,-0.2612115545080691,0.23101913392100548,-0.04049290095730768,0.09524700894490375,0.05669631044438015,-0.09134821983540618,0.3027137425930123,0.029126558407642927,0.2310980125655695,0.01660591969987551,0.07740829536401585,0.012389613681676579,-0.23402509080060663,0.049617693365903874,-0.25765165932436207,-0.19797707770740028,0.073566586669236,0.10020863431354829,0.11114166205321496,-0.037006086646151085,0.2129516691790309,0.20562549336509608,0.21432915281150383,-0.24320558685018237,0.03388785452613116,-0.1282979682137872,0.05258967776319878,0.14435029534234148,0.090245466951771,0.09586983190379454,0.0177295425102185,0.164120277803808,0.03691824719350133,-0.13346293507317272,0.10658312165213384,0.38068146793076807,0.07052055007586366,0.06588099199208695,0.12309025834260227,0.2265162481782834,-0.12373050439002146,-0.08984840686705026,-0.14320031248487822,0.08723236795531927,0.08947883602397466,-0.22349777868282344,0.00688518112263457,-0.07005784793785191,0.09771652839974375,-0.07296793189735433,-0.008290653459254492,-0.013193007339531717,-0.0012950647246419804,0.17166465045056264,0.02844680177280009,0.28563669506823347,0.2280172358527169,0.07343446655895268,0.09343970544578076,-0.03780267179276594,0.41224251047395216,0.22111773152722997,0.17145606210079345,-0.17168677394321077,-0.34268255152184673,0.054971213133546463,-0.07649156872845804,0.0036469251168743818,-0.1998086076555178,0.10961757008787211,0.07386052278649259,0.08587909646472974,-0.21002723409219917,0.14633538625046882,0.043580602224989766,-0.1333753783206233,0.2134527816057409,-0.2623032697986085,-0.28320665934529626,0.5818048686034224,1.6893348247210667,-0.3517709109325268,-0.578654745348043,-0.5188420502813329,-0.8265694175254723,-0.5135859762179354,-0.3770915517461801,-0.25511956069406483,0.6923113505915599,1.6278941469596973,-0.6130357811794841,-0.2609050235510979,0.3763672508646969,-0.21419143800625695,-0.6765181408142554,-0.6446660583999003,-0.00497124844898452,-0.33136364026695825,1.3230918822154591,1.3698139795335924,-0.6959978290443559,-0.5951906781942586,-1.2186871000035815,0.04053087605306236,1.2732059248885714,0.25151315458937296,0.5973573571496673,0.2387196953990712,0.5363704590612927,1.8699788877419283,0.09379547221718287,-0.009376339924584956,-0.20771851998930593,0.018980166202818127,2.3511404516674026,1.2365463700118486,-1.760686376060389,-0.5625962722982369,1.3487937873583304,0.03961715875478963,-0.5785788369272298,-0.33035881311315823,0.10248679561257064,-0.2019709416968861,0.960025281396144,0.9185412560483174,-0.901930802504793,-0.3953746545672097,-0.8708736667898155,0.2770019983908027,-0.6401546810250182,0.5839789112819166,2.3190402018396132,-1.1790683959091632,-0.9590241325605992,1.4215956016433813,-0.23676127125057708,-1.3010854028492196,-0.3842672938835166,0.35579230524458333,0.04333812101400236,-0.8734577268073221,0.5990300440649774,0.08661101463068237,-1.0056277164082656,-0.48086048313447494,0.6337747569403339,-0.22749989293305933,-0.2842458814569543,-0.5568103414801141,-0.881666337566418,0.1686583108447219,0.03400209250363058,-0.465212607530796,-0.640438575417544,1.1303481579535346,-0.6801476448108403,-0.19658929253274532,-1.553222998701464,-1.473468363097577,0.11257995270379194,0.11094294504888619,0.2674748382427971,0.15930384743813858,0.3567153522520596,-0.9582517352597828,0.08452161123162788,0.7339643367000217,0.22440733066169444,-0.3948813836511957,1.069850576236054,0.50614422499781,0.27238120037040287,-0.27790302669068756,0.5396129442333168,-0.5950991995989744,-0.6943298508319499,3
-0.3384565409300976,-0.2678342465176923,-0.2315662738979798,-0.21031421222739488,-0.26097598470114747,-0.09245583787558448,-0.1676548059504321,-0.18339822373177078,-0.008442120952688795,-0.2936534565831999,0.12531157471121995,-0.036611712679834055,-0.23362825852841024,-0.5203764828257478,-0.09312241536925348,0.06861708515060203,-0.002447325572775692,-0.11733196792163293,-0.1317061566106574,-0.04635972298647554,-0.02895692724007776,-0.028401457594699208,-0.20880187386931226,-0.4029285118826617,-0.054710499038286495,-0.11868151092472924,-0.2068507752007944,0.192270543385838,-0.0858893279558445,0.1952577491656075,0.061083564828154434,-0.011754072392412376,0.2936173722466348,0.024161141998965047,0.24482570046786226,0.011148738531207248,0.1440312289584474,0.07490014704770878,-0.23985947058488422,0.10353347454748107,-0.12599842784859067,-0.18211771543075644,0.10342602493963637,-0.03876305604219465,0.17895374481600151,-0.04752568056102408,0.0898961033038383,0.132970944740188,0.054147835220569096,-0.3128203905820653,-0.0077652559776175255,-0.11746360242924495,0.04191998935784746,0.08835065327328005,0.2046191957912748,0.08761704247288216,0.0822238306223935,0.02931934602070074,0.1073629610887677,-0.08326755465823764,0.02624340802869001,0.36944497764541406,0.012232851566809023,0.09624211707933843,0.07264431095972952,0.1896746342229086,-0.06650313894760199,-0.12529994668847405,-0.09078506675078026,0.06397106681966977,0.0661701270512174,-0.14284432252365728,0.14067693475815693,-0.09894648952557025,0.13984037409285902,-0.0811967699056062,-0.0025574863876446853,0.09129850806517416,-0.23875352319216603,0.05191837668768617,0.05980874774831272,0.2575763402274801,0.2864345939562897,0.13199213712040717,0.17849097738309047,0.013828157539587077,0.40310649864099096,0.16350390714459243,0.026315779567229827,-0.20623095311625994,-0.260927797486249,0.03420261299395344,-0.0535273073054108,-0.026356334364838474,-0.22978336696281726,0.08214529211841498,0.03456754236333743,0.1044629438501673,-0.20592543849203412,0.11705198298141405,0.06499343422917223,-0.09127179144459065,0.11888961388161774,-0.187253021099115,-0.30668476717132115,-0.4866219884538312,3.1298471033359516,0.6432988448057627,-0.308937037568261,-0.9977722947553596,-1.040056567893975,-0.8816651637338969,-0.66170968188452,-0.7775328903124694,0.364383911020549,2.6071689920654717,-0.6970771999190918,0.635218136031975,-0.8399922021388746,-0.5264742115950105,-1.0960100928897623,-0.3719869129498486,-0.53237583667526,-0.7561359616604392,-0.10639227194738905,-0.12725802035978484,-1.029143235002787,-0.6755218190018961,-1.586852296173648,-0.8886005347534498,-0.6236345078666159,-1.2918572580951693,0.42829104235290255,0.2465138398681557,0.4659755952099062,1.604474074822531,0.017905919335049435,0.05252005776902931,-0.1399172714456922,-0.12508231768739778,1.9593407513329957,1.5353397778686135,-0.7711550228766312,-0.9109136863367251,0.18986702418904403,0.4124349321690228,-0.16464192849826248,-0.5300937246546163,-0.42694902412028796,-0.2240608667785956,0.8925054698582853,0.5316615287613569,-0.7001304006103091,-0.09645741463170954,-0.878983850349861,0.8361627405333342,-1.0386930344843974,0.5751349252171463,0.9648543185651814,-0.8100653625305578,-0.17525316255139378,1.5944651301747192,-0.20006978589477467,-0.8393006373701478,-0.5366914893761181,0.13651552170196588,0.05569896092241567,-0.10640542976995294,0.36357078022913236,-0.054513912418163606,-1.0180686123500353,-0.609159741226527,0.694483276086225,0.16824525272204913,0.4113876644819458,-1.0419783339014281,-0.6739529014047679,0.6923872072168608,-0.09843704423640225,-1.0637061773898757,-0.2646161690433466,1.2114471133170464,-0.651466715300924,0.11618101434991271,-1.2440639335822439,0.052962827079281606,0.00017822726429683728,0.9347114531394948,-0.33055263873645957,0.5126964960667584,0.1187411455221632,0.028711844447447437,0.4068987928279676,0.09184791688468656,-0.5254978859805552,0.5549863108429559,-0.30665433384060564,0.5081205018784638,0.05190011107992499,-0.8198471168179396,0.2586471972969535,0.27916408789344543,-0.6170457228861881,3
-0.6223806964900654,-0.5577044177117862,-0.2529825896883719,-0.3591464369226636,-0.31045744482632137,-0.13400255083302196,-0.22156169610503126,-0.1488956424634382,-0.058181671144813,-0.2430198398644219,-0.041711431164559803,-0.22489426130969833,-0.3391627878525053,-0.9091802604632535,-0.14261074558340092,0.04783282055260872,-0.07654025404043366,-0.12411357595482168,-0.10606679274793394,-0.051847872277778005,0.057765257776925504,-0.08056353423778712,-0.11133940816645059,-0.5205637732004765,-0.2016404905282502,-0.2293784207799762,-0.4970115749160174,0.15317194623305455,-0.1298985493677236,0.1813260918319565,0.07984639742571366,0.05760571849648257,0.2170768097266469,-0.07442598013480749,0.1325355917391698,0.04043987440396229,0.21786761488046427,-0.10824932538455427,-0.12940665821598485,0.04568150649664765,-0.15549875927362666,-0.08510710487915384,0.02001028808404349,-0.00285642077122473,0.1184259155436167,-0.031536876818933884,-0.018475101579207193,0.06647114888673034,-0.07456665534349013,-0.4876852563693444,-0.052650293565199964,-0.08146968523447606,0.040692663101425525,0.03469865172978077,0.28403716998504835,0.11373904644938776,0.13087146244165399,0.038610034305122956,0.19944882097864344,-0.21435775006663546,-0.13349889748950017,0.23909283384652455,-0.11491591132021522,0.14047440142598394,0.10823372436674768,0.15066569575799188,-0.08785416309922664,0.020241249848284824,-0.1899871133459574,-0.026828909334047177,0.01623804528913721,-0.03344537254919784,0.22013817856724255,-0.07633177862361686,0.1906099784712388,0.07150779150453777,-0.12389439733820286,0.07700067603361942,-0.2748905212349662,-0.006047725380979923,0.1243941301655773,0.26511272337705116,0.22049278550450263,0.144382764942786,0.1481309659757554,-0.02165443336794633,0.35582199765647116,0.03769156826775768,-0.02792063183652344,-0.10771264026310588,-0.16195872224564756,0.024923836243884317,-0.10302602451091461,-0.015011579416488972,-0.1769367282329917,0.02155084818691996,0.0166423953507776,0.021578511194527486,-0.24921390778436478,0.05958874821110649,-0.07127526644268789,-0.21738959386590162,0.09133785078804017,-0.1320489910904454,-0.6329656474733841,-0.8312673086220386,2.555874584335349,0.46077580885639874,0.15840646128455554,-1.1684883406259658,-1.1702340954454473,-1.0513271304843859,-0.8583208595213789,-0.8566954765210163,-0.3118843408196702,2.0167393791950534,-0.5605043261978871,0.8527920272700384,-1.1796478732129876,-0.7129431971668327,-1.1928792352045814,-0.4788356952662068,-0.6967197667037435,0.20970364276924897,-0.17159274715900633,-0.32626863613225826,-1.1087710116603051,-0.46254939970461556,-1.0103168334345856,-1.2930259888585969,-0.11968633442110167,-1.3939467312311813,0.3444673284035655,0.14011940803530595,-0.7690474148752181,1.824958111515472,0.20951580798313646,-0.1794212279017258,-0.041412316262132765,0.4147744289120611,1.0380439325142707,0.7353443921005441,-0.8470610105690168,-0.7026001635315955,0.8732609936250673,-0.207210328119308,-0.27975861250468537,-1.1500168576502956,-0.6937999890427196,-0.11176739802589722,0.9376823406981898,0.3568743816277242,-0.6939709434541869,1.0748827688844123,-0.8678850747309703,-0.3224506684299351,-0.5559032444580684,1.182769531034446,0.707565402612861,-1.1796048019470944,-0.37105705779861237,2.6353505448508154,-0.23726719725628168,-1.126910130932578,0.04935290578423655,-1.4245621841355791,-0.17104455834690635,0.2997692768873755,-0.5004600245610689,-0.29137856592474304,-0.7359208435824873,-0.23934440112952654,-0.34867505231465207,-0.43318041795252304,0.5963115588330826,-1.1541938540278707,-1.1724258913639547,1.6095577760253421,-0.09246864881530856,-1.1172413523804168,-0.4442764233521788,1.5810872655540253,-0.7938507962149687,-0.4178424252822468,-1.3379932277181392,0.0199525017772116,0.513965019261078,0.526329419772943,-1.2605913102424535,0.1263406148858149,0.841184396740182,-0.5287994993529876,0.24434304794249354,1.0850684532999424,-0.6024557432010784,-0.5399219605148603,-1.2732077659026384,0.2621438118552743,1.230501680507049,-1.3167259020926712,0.6309213041870624,-0.2790171311129987,-0.49782247679740427,3
-0.6109987147674724,-0.5814907559074413,-0.24972766862982496,-0.377582182968645,-0.37527424026222317,-0.14020327643699038,-0.20677408430260089,-0.09644602807643077,-0.062236716709116964,-0.2052218235177756,-0.09963604667053387,-0.24120972714421746,-0.32420617996557166,-0.8919719856419731,0.031791569275349436,0.01649123392125662,-0.11421020582644187,-0.11867919913055973,-0.11141843728008445,-0.024024681071963764,0.09817255945785378,-0.07200413242322502,-0.2614872388977635,-0.4422150416220517,-0.11948431396078725,-0.3114431575716479,-0.5398134082815063,0.13384637736505162,-0.06755726460254517,0.17769153557330622,0.07872343117017035,-0.027808377439400768,0.10006395223612471,-0.1821462484088388,0.14916876075416896,0.04746266330431204,0.18451082949485847,-0.17329659843902137,-0.151119682108528,0.040804196479017334,-0.16863561316797135,-0.059965342123325084,-0.024910790445653575,0.025050285469366364,0.13527335116594263,-0.009866542139021644,-0.016977158784008805,-0.06480923298995322,-0.14404584441276164,-0.39642986843217515,-0.08252879122906705,-0.004462469456736747,-0.036371992126113604,0.05985679420394849,0.29637312420675416,0.08434076218618966,0.13167946294244207,-0.0529818503127039,0.07925707609866141,-0.06377774011200403,-0.17355472214833237,0.234927125057142,-0.099127138767912,0.2217399081851295,0.2187074790824739,0.2157899000654915,0.03864920011416804,0.09712589709635079,-0.2941467594516804,-0.014599948836415019,-0.04885459897671601,-0.03818664780817284,0.20637379426287267,-0.08946462238925297,0.12685863475654072,0.026462823435019447,-0.01232435720904102,-0.06721824031013421,-0.367991804074243,-0.053118385999362104,0.061002375952365066,0.19554182585508031,0.1097402042911802,0.1964724653626779,0.1277814747576017,0.028431692745064532,0.2525845209853676,-0.03193047773935999,-0.065917907033968,-0.11452310877658733,-0.09310859998576895,-0.07539848501495709,-0.15106459333099848,-0.03958770921848062,-0.2126760756081514,-0.10245090514873932,-0.008108230211533868,0.08390382669394779,-0.2617846393173878,-0.04462413537571052,-0.19054805659106233,-0.11859279075874109,0.09170143756135252,-0.05490993934309718,-0.703318018303005,-0.890841513250616,1.6290381514176226,1.153216235382787,-0.1687106047519195,-1.3070513353910205,-1.2077440858508903,-1.0522948146982567,-0.7619501437639219,-0.7930301128319521,-0.24521690473684177,1.3817553540697889,-0.9645950770365049,1.071407429206142,-1.2750432064828607,-0.6700663022556429,-0.8361545483682481,-0.8499567237596806,-0.8931023770441165,-0.010906525872886956,-0.38058561468902374,-0.4957098408228774,-1.056165830543593,-0.19851109438350503,-0.6390349671331311,-1.1426347824543808,-0.03690049738585092,-1.4664718717211036,-0.12262035127916021,0.35269486168891034,0.6394754864437162,1.95827308953164,0.5056804896222584,0.2113695021489932,-0.1340587106841531,0.31295919811128525,1.3964095618148504,1.1383036657867747,-0.3070923473321711,-0.15428502642412337,0.5835229161186123,0.49573425372112306,-0.32944204437528835,-1.103388169880277,-0.8236226293782817,-0.21810583568347103,0.798781245550792,0.8549258239556569,-0.33245079576341086,0.6139945966286021,-0.32678030253707263,-0.5619740774588646,0.5385689652860377,1.335288737537387,1.1211230138605897,-0.8739125399013126,-0.6226093064999682,1.8261234604098502,-0.14969790614641587,-1.080931998894998,-0.29010395020804103,-1.6396857649411254,-0.2162086902303417,-1.4807288643829861,-0.438756034092407,-0.1746908924278408,-0.7484772927981806,-1.0090662194362245,-0.6497464414743245,-0.2485582749227891,0.7690878766952428,-1.2321977515961302,-1.3952967549558917,0.020789894064293,-0.5572071333783566,-0.8916538570137146,-0.47304526190914825,1.2529638909227248,-0.9669317942428692,0.4599071275571408,-1.3416352860476253,0.2600093946819645,0.6234189053650622,0.07974103820366636,-2.1378013536120584,-0.256100916014921,0.8294346509058014,-0.7468585582825333,-0.4554832654430403,-0.07644754504176104,-0.32718581911614114,0.3178931472939743,-1.2007538017192434,0.29340371396198356,0.638845644417558,-1.6114351112180627,0.0433320650737166,-0.14771199694212683,-0.38981036930013296,3
0.6105511550246187,0.6079049725110439,0.19928001716426091,0.3184488352862011,0.22787029882372112,0.30807779874328967,0.23875425032390266,0.6122231745311866,0.5126929117788342,0.61458907108844,0.045914604292744673,0.25842081315090254,0.24353241510778714,0.2991365569879082,0.14587787570865193,0.28605985562828734,0.23310763521497205,0.1262233915066603,0.5508932462934439,0.12894998116717016,0.4979691218022939,0.5623622747276514,0.4466490539470363,-0.15904154604903048,0.05602892706033507,-0.4228171986451699,0.42800865454692766,0.11391679458227831,0.35146094340025913,0.11700016133418795,0.3950092666264012,0.22333990816819366,0.3724008150336672,0.38765998869489643,0.2444036462084765,0.037350852607707964,0.038088636755163434,-0.3106622151764116,-0.1834058812540921,0.21042107340603391,0.2025158410328788,0.24703296948427308,0.3954636439866727,0.6258085412868695,0.32820698265055787,0.11084842343870505,0.044769631473853704,0.09269395529714629,-0.28562253317775815,0.03421960906900873,0.13167168262146683,0.1677653930585662,0.314438874907872,0.5359259859013984,0.5010253901944178,0.47423058104969723,0.14491036316367137,0.2872349204664948,-0.258178083702546,0.08364149901738621,0.14159606709586464,0.4054438364491371,0.5324163964806343,0.26797050197929917,0.4309107483479575,-0.013896610399430251,0.33096433865217373,0.16599032326878144,0.17874246199441446,-0.08039387464632408,0.32313980901637157,0.5201165917174111,0.3466188437258006,0.3171592474426389,-0.24908813899308901,0.09953827591999372,0.21397845926061268,0.13036485292174613,0.28581592749415835,0.6480372163929425,-0.02435058992806762,-0.16485077212162144,0.4177450407938292,0.42176563340265,-0.16418595216278625,0.5753444081591208,0.07011550789140543,0.14263281947686293,0.17578011473522326,0.3296344050557016,0.19971106050462945,-0.3421369527608247,-0.09100819595629325,-0.14687579521456645,0.2143567040224037,0.2391149743384283,-0.362092380514765,-0.3265589705502262,0.1319994734881673,0.04092438540156431,0.031153339830445857,0.31291468972294295,0.01614915015964117,0.17582436117778594,-0.18490985824409592,0.7614451035990416,1.0973795058021625,0.33165373238210233,1.9060544164326172,1.694277274235399,0.8433228685747698,0.361439662646644,-0.2530043496076959,0.6518749585166103,0.42489391464205756,1.535469403044768,0.926317759165967,4.19254059102263,0.568878044489451,-0.5877681828286915,-0.9402492234836244,0.041566702800851556,1.575463252258811,1.1639219693848242,-0.6736984136003399,0.15346337406610802,-0.7630214530390254,-0.888357521268856,-1.1928763751898157,-1.0171599108544649,1.7638240562026166,0.3082730594623463,1.2426333088738173,-0.227970087996397,0.13087172612942466,-0.8850226931779451,-1.3007552603546175,-1.027471888569309,1.492977624552692,0.6495230287449357,-0.22969585101551054,-0.7428195120962414,0.3784006369158731,-0.30861445970583007,0.45818855557785326,-0.7556868105413614,-1.4212377803294904,0.9830303260866468,-0.14417905111844,-0.7493363866398867,0.30873736445083627,2.2165234685016584,-0.7410789411758595,0.3581243877094241,0.07833273248408643,-0.7724873100859857,-0.22454086806650853,-0.25526633743041277,1.4740385651114252,1.9188853693925905,0.5531312731158536,0.4030375203751141,0.25397467818616104,2.336938697631839,0.4841749066146539,-1.2340811082128473,0.8348667966178484,1.8300714263500732,-0.9572082031782672,1.3257577185946625,0.2487733092967726,1.3838490654810212,-0.23570147079598364,0.6929600461541577,0.5385524805953367,1.2760361989488467,-0.9175928964142361,0.07322794888014439,-0.1099894293177279,1.3271281422067998,-0.9768808368676357,-0.5448441537383224,-0.14341251508031075,1.899327840328539,-0.6178873369391109,0.20273121690472798,-0.7031866303708959,1.905868809300912,-1.355175759581023,0.5787669976861771,2.0277904452627213,2.5043731762553048,1.187118295423711,0.018068495264236706,-0.6836042715803887,3.3483626724034146,-0.46725888890620193,-0.4896387514820659,-0.12359969566279101,1.801395471982443,1.039429956226579,-1.273700377848866,-0.4310565438850969,1
0.04401125641088284,0.30337344218561785,-0.032093430412608405,0.060844098444470605,-0.007816735788366272,-0.018366094239875636,-0.002958931275699482,0.13552577774446517,0.09502937649423326,0.2033826136748704,-0.041363600342066605,-0.05193439609828934,0.05324846186814007,-0.09490431931136718,0.11826796095463377,0.035280055217361626,0.17700432374329897,0.0011315540055938649,0.3348882790448171,0.14741474182841313,0.24679446131553784,0.3554908414449218,0.07603619842722421,-0.12148628957079717,-0.087122648739895,-0.3664130851422865,0.2120280874376714,-0.014488423114550925,0.3871851513675723,0.05211000294708648,0.2376716263721476,0.2894483600583468,0.21233617886859982,0.24884566631249638,0.11897003196827301,0.061788799421062864,0.13328000704537107,-0.4650679598188511,-0.33344947695298793,0.12415002089479235,0.09563887029004121,0.11400863056513547,0.23337658708112294,0.524365040329588,0.2223681662766399,0.021659286243273276,-0.082103888636064,0.0642852975337641,-0.3927611492957569,-0.10005454038931152,0.1592916644580934,0.08718759874337755,0.2036923231913031,0.3590582623198708,0.3311716578696518,0.3227429645999018,0.047941810778559635,0.12347363670045888,-0.24218502070662842,-0.012962779602773028,0.11441378436102997,0.19305660957546758,0.282846432800175,0.06640415819840352,0.2274657472715765,0.015182772539768335,0.1204913350980095,0.10126620116065535,-0.051164638953830874,-0.2244025541557509,0.14999564864605364,0.3513751951878367,0.18705382128370215,0.1048600381284168,-0.40368262715581393,-0.01884115716117144,0.10268558230151376,-0.05007057749686203,-0.04884294948684491,0.36486925036737633,0.029590822075796754,-0.2315312998595073,0.3334713330682672,0.17651316860975774,-0.3119051453821423,0.2680257417724399,0.04007645208451404,0.01004956229164687,-0.0005663330224233543,0.09570063272090606,0.08178920171872645,-0.3175813896394288,-0.13526967338618257,-0.25761176635981825,-0.01988092833334869,0.16571078872760142,-0.5367725860162536,-0.4214893299942414,-0.049146408724150645,0.05110796698988076,-0.18169397463319062,0.16502921559178832,0.036297181386448066,0.017458126277291274,-0.3856887236592492,1.3755434063273027,-1.7124062223753655,-0.6931954506459974,-0.03970038154882529,1.803555647771384,0.7543019244659502,0.26618431752299726,-0.13112256029578698,0.5990282470203852,-0.014825734240040573,-1.7372846502280668,-0.4621711129579037,-0.21201927570851392,1.0503682099345268,-0.6263298208318094,-0.9999948283931376,0.07071033815095178,1.4962706483778885,0.4406691786660257,-1.118624736306785,-0.3702022753521968,-1.0453157719923498,-1.0383896892370728,-1.4670264834907278,-1.2856800803965789,1.623963940638644,0.1940070463454736,1.1281182342578817,-0.6701100153296953,0.40369634791169473,-0.5414842190590476,-0.9249964478140427,-0.45909778613106317,1.5647854714088176,0.5113129420183246,0.02689526885241936,-0.5441067040564193,0.9663967978978253,0.5750817155799614,-0.6391018736235008,-1.2314875671924135,-1.362136956932236,1.285279953538102,-1.14947899381258,-0.9334150312366934,0.11330055120117948,1.581642904808587,-1.3691674947634664,0.5895594373575946,-0.46148402860326326,0.6152102039468839,-0.04598563192464058,-1.0727306021743943,1.4545608751690864,0.7362064394894017,-0.1425307689726371,0.0009475622617681756,0.47382023555413194,1.1484033003632892,-0.40657526905472097,-0.15596652035938902,0.3861862578609529,0.6261936105034881,-1.2669330092747901,1.7699790026760214,-0.3408757059898446,-0.08877589577162978,-0.6614081611973351,0.7274495567581544,0.11421124084894287,-0.06956358925553434,-1.38241432954552,0.11241907348816127,-0.9241601173197126,-0.3591915542187066,-1.1967159652795025,-0.8697146498722448,-0.9399883736602791,0.3917338955723591,-1.1558089507794262,0.16965643811183137,-1.1208973783892164,2.1490919773210297,-2.147011770338394,0.8900242041461418,1.8278607615320492,1.3919345748869167,0.6567904540678142,0.20228561119936614,-1.1207048626944265,3.0916497469239435,-1.067800673204623,-0.6496233459016776,-0.7669550543616849,0.490786427093183,0.5221482831791076,-1.2929927167262734,-1.068943635813144,1
-0.4545676888009343,-0.08249396020883192,-0.24013576218036728,-0.14598265649404615,-0.19293343861831597,-0.39573118743094704,-0.15674520794375496,-0.17616595496060586,-0.16128962442923853,-0.11566223042827563,-0.07029080653901715,-0.10934585189802225,0.022228111186987805,-0.2784885281610011,-0.12979027458284648,-0.09952067059814608,0.009437035233726928,-0.1275676521222472,0.10163955372875233,0.2033613331159613,0.11197478089417348,0.20205971680449308,-0.01971219413344605,-0.0034481353753137802,-0.15924008901631087,-0.1385167360419259,0.005227961136568128,-0.10096746578810233,0.383268525687957,-0.07226183546627568,0.22699763472403164,0.30788055354326055,0.16393283323596308,0.20055230862400417,0.038407001941408565,0.08718392820513558,0.09871448638552399,-0.3584569067611199,-0.48773977659091766,-0.004161897958449789,-0.023459587609912166,-0.06628265665143594,0.19134083288574327,0.4847257259245258,0.1836790107174232,-0.0041324609274624915,-0.19428787710630724,-0.03425480473493064,-0.32319666178513407,-0.19211428609222267,0.20184499810365586,-0.037051205822150504,0.11400230265845145,0.26979348993950747,0.18329047240087412,0.1883899522000193,0.10583766032371039,0.1481827284448331,-0.27052500730831697,-0.1694234121497039,0.05567627945461841,0.16009529581358378,0.10023962615425368,-0.05329679227264945,-0.018527388914369607,0.03789152513688989,0.1077329001443816,0.13088550739426913,-0.1680870164448638,-0.194632893287828,0.07793233730928996,0.28187562167029817,0.06524007832429089,0.10847736395272377,-0.4102620206378367,-0.10265619859612699,-0.027488599962974168,-0.24283682656308622,-0.17715542665510906,0.19510139761423353,-0.06392420162386676,-0.27951115784713043,0.39412422894560456,0.005121242910262241,-0.2848699008002262,0.06236555607099768,-0.09595924545058318,-0.05968368837375281,-0.014003780265407143,-0.030716624889411803,-0.12139203030929056,-0.18581698016809814,-0.18477007943021503,-0.3642548069478975,-0.13165398894573954,0.19620530238146733,-0.5326622692247235,-0.3951737206586135,-0.16035256639275342,0.010649538907201002,-0.10314442588852599,-0.0236019563384727,-0.08357874528012907,-0.06396211209937162,-0.46107244688398086,0.6771299243875901,-1.404280775989244,-0.9106254762515104,-1.1107060140311007,0.5055467812866904,-0.02808436747463843,-0.4442329461561411,-0.225270470423613,0.051193347077105,-0.019092447930334756,-1.7122248577078123,-0.929552479692941,-1.1894027747002551,0.2239770497541646,-0.6769890857897668,-1.0554694309845172,0.6181384695634721,1.109073480989513,-0.17864748630024177,-1.153725355045537,-0.6451567227889702,-1.1456999212108772,-1.0720077719841195,-1.4325137911946209,-1.4052804635287484,1.0158565970531463,-0.12214575244975046,0.34713316554908424,-0.500051384599203,0.006078012947254076,-0.47386458526278213,-0.512801336039799,-0.22536246491925765,1.4985323676066171,0.4465978218589984,-0.10202102325159267,-0.7342528919580571,1.012777778316025,-0.21023508482832326,-0.2837211927418704,-0.4349093440752645,-1.5947919329359148,1.7053071822776693,-1.0048404870578451,-0.9421443367915628,-0.4721128509678442,-0.7201725173490432,-1.2820772292166682,-0.11188603898615358,-0.1365730488362596,-0.8304165999915083,-0.002796827332711765,-1.5783512321935815,1.038091297647401,-0.2899951561804278,-0.11289187918020878,-0.26036889353383724,0.011846231684286454,0.40791716117785176,0.3185863538922319,0.15031838448675924,0.371139565327383,0.920478675218485,-1.6306874045447042,1.9130913201561217,-0.04883584367281875,1.5090189115241979,-1.4191100372000802,1.1089049252279166,-0.189560762441566,-0.6551032956625391,-1.7886658014243788,0.18775470907473837,-0.0816011767939832,0.8216056023480944,-1.5304026023255066,-0.9776557126638109,-0.5653725313352796,0.3137689697656779,-1.6428523440434502,0.1563264928357573,-1.273146076781556,-0.3955900810679139,-1.4715675614228882,2.9044236738496023,1.914658978459688,0.98657717334461,0.08688565186699064,-0.36703523456119125,-1.3582270154948708,-0.22448722408110625,-0.19187949384726144,0.4638493047414258,-1.3165092053944247,1.538802030717319,-0.19458839521321214,-1.2980092042971125,-1.0282432347580859,1
-0.5098268732451502,-0.058457578835154976,-0.13552434152273443,-0.16766975121141353,-0.16128563040932403,-0.35990512849287487,-0.21108485131690086,-0.2726196674782443,-0.10868587133524304,-0.1471042124300906,-0.20785398593124352,-0.10569167005236017,-0.0955288575678422,-0.20103418206917878,-0.29915622393379976,-0.106665654158301,-0.025213435879507643,-0.12461635308610412,0.03844480313784273,0.21317513422841947,0.12684275091556763,0.031074810896877306,-0.06938012679762022,0.01539364224901878,-0.16231921418883855,-0.004800214375583932,-0.03910523582402182,-0.15116242894169346,0.4553431982939128,-0.12317401584446475,0.17139128588539865,0.2689486302718704,0.1509227382700857,0.151382750685939,-0.052057179570109254,0.040693663130743594,0.17692638431415195,-0.3471342991053339,-0.4482164821547885,-0.07252949618749235,-0.14744128390269418,-0.09216366675196998,0.17883712712156716,0.3885967424672377,0.21103564899778773,-0.012137611092742969,-0.23130216903718093,-0.08317382007334752,-0.37310270128272766,-0.18832792418635852,0.16825686078780536,-0.04989241901104521,0.08641882760085941,0.23649561143834302,0.14804918100139092,0.14165238774813887,0.06701025476827942,0.23235945962007754,-0.19538209116120303,-0.24424501805263635,0.005661470639923436,0.09257736950601914,0.0851941257564629,-0.10342573995871768,-0.06702871677609365,0.04349405974837346,0.14556011327394325,0.12431779741321294,-0.2072350665825509,-0.24207214333573007,0.024655660011295284,0.21811312375719819,0.08377709411448413,0.12238657423905075,-0.4346468653424245,-0.09482932455767422,-0.0385873118386883,-0.25197371106295247,-0.17475286996528722,0.18317225408439602,-0.04903528086760726,-0.2778496039485009,0.42223922573856526,0.019868878153263807,-0.3194555683152377,-0.0892533214181205,-0.03526067289895907,-0.019872146983863637,0.05717776989051625,-0.1034550629686085,-0.1076636759769421,-0.1642474683972486,-0.08287459445734117,-0.26963009427488294,-0.21573621583536573,0.09400964127547562,-0.6590019925347737,-0.4370415871389873,-0.19834031770366298,-0.05455524402478138,-0.19011850327165913,0.01928817237086256,-0.1380365652159677,-0.10136633114836838,-0.4948927837042823,0.5845893842983215,-1.495975507135058,-1.032064406987677,-0.8303546473602967,0.9158275432108015,0.7212741527752736,0.6728983407327751,-0.36651029005540625,-0.011942536881848485,-0.9151810033770204,-2.0586905223399414,-0.18293745363677794,-1.1141752955711963,0.3302861741145185,-0.8141539618393676,-0.7771412347184573,0.9734276091488763,0.5120881726135287,-0.6957391598491399,-1.3965438313819674,-1.0803919898659922,-1.2956903049420805,-1.1367308925295,-1.2403709585711349,-1.0666443447266762,1.0609776747757265,0.26760451609861463,-0.052100502116102475,-0.7403393310498619,0.0558765861186033,-0.4944997657404059,-1.0589580315438274,-0.12218529420865898,1.3843651071058625,0.2620301655433129,-0.13708846364597513,-0.7027110528658859,1.4253586931516724,0.5754893764394241,-0.8644250940661813,-1.0217177185507136,-1.5980968023756736,1.1012872922602888,-0.7834935185360847,-1.0159780847289055,-0.712983772296013,-1.6450898217930563,-1.1450076600736365,-0.3502581646983242,-0.17081638635812488,-1.103795036274197,0.020893322923567954,-0.522495494980736,0.42292494086144505,-0.8335996190273623,0.11263955623000466,-0.2393149558979933,-0.4199444107685567,0.8120003834475763,-1.0561267330361976,0.6457059772864424,-0.15283269879848715,-0.27157177073867267,-1.7992391365426281,1.6352839178511374,-0.4441497474843563,0.26454828015329424,-1.5843297939318464,0.5606173196103733,-0.7104242352018181,-0.6502973682449485,-1.5312834398162634,-0.2348792109647973,-0.47996438075196013,-0.11892868661426821,-1.4030895596668287,-0.905909877649753,-0.47868288294318667,-0.09688938121883094,-1.6955338092321142,0.5412031573396723,-0.8156147150283639,-1.2933793781057894,-1.1689746706189652,1.3032174346256455,1.3236084226493734,-0.0755616981834068,-0.7654833896775898,-0.13587565407328347,-1.6921491739971626,-1.1512379431804853,-0.48021567853802927,0.09454232048777803,-1.1869306099049677,1.1996338299267966,-0.18397342017712465,-1.3652340592220642,-1.2004346793437606,1
-0.5419874583032164,-0.07039446552292089,-0.13753738793465728,-0.10972617334150021,-0.16506879114985784,-0.4064391041046701,-0.2626741406118806,-0.33695940292941245,-0.23970211561822835,-0.2472845300621632,-0.3085632163584762,-0.1548880326370533,-0.11973665845316483,-0.26077849832920713,-0.2617624571204462,-0.24037944893167193,0.016043345671904907,-0.12367136270496928,0.01933372326830515,0.21467848221182925,0.13361559639858822,0.004919134145092131,-0.09516161297561393,-0.02396071803067746,-0.12053676721995521,-0.07243197954049012,-0.08816430563463562,-0.2889371795399823,0.4079068760311025,-0.18982287551448468,0.1070148589873052,0.21019044810319004,0.05051772329682636,0.004134124535712792,-0.2676415638606119,-0.014458345992121851,0.174837095615847,-0.40939368515962,-0.43649710113516405,-0.15625716238034115,-0.12206790492725639,-0.1118106910764069,0.17266822004077692,0.22601698740099527,0.11110871659164974,-0.06592823349185425,-0.23072323433748998,-0.00042389633440334746,-0.28463789303472087,-0.11565810876429598,0.0593179412849308,-0.03904455999059603,0.06057136999284862,0.16815704766347206,0.09997223440531093,0.05567019831972154,-0.058114449064774844,0.08641581721015851,-0.16897389174286243,-0.2897180643414576,0.009794655724556216,0.045344017876536746,-0.14422465569693474,-0.2530294904768325,-0.08971574463617873,-0.040050377585573005,0.12008882670375325,0.15188636865483285,-0.22833559329334732,-0.30521287012705733,-0.06637569865100251,0.06376964672729951,0.01047203431849616,0.10704418741606793,-0.39895881426944685,-0.06129226804322504,-0.03246466577668948,-0.2828911819299177,-0.29462483968378345,0.039224743949580726,-0.07399779605045576,-0.2718360070150066,0.38589912551351335,-0.1222409844773046,-0.41195291302171066,-0.2073701707595132,-0.07254173854240423,-0.12555953834872133,-0.021026236464842443,-0.15319698099238926,-0.21462156858099254,-0.20386577839452727,-0.09602754141048887,-0.2997623195942383,-0.3099076341872425,0.06241843794193144,-0.683389583966353,-0.44751723834721996,-0.26290731268535233,-0.04083955424749325,-0.18951197008100976,-0.06642457729651866,-0.14580512802836287,-0.06010968098550777,-0.6248788176979355,0.4006212865434435,-1.003317450655455,-0.8979635685486563,-0.4859001028529813,0.3147933961350524,0.6030746272184763,0.8124518644197841,-0.3353817774827523,-0.04585235685392832,-1.0211914589712003,-1.9661549956879831,-0.09915379596044589,-1.2555783067329422,0.37855806077097287,-0.10470115608612708,-1.328776168027963,0.043644994381783896,-0.9655986608153166,-0.7991695348794248,-1.411301754012147,-1.0634986802379505,-1.114563655327435,-1.0381134189407117,-0.9865473598447027,-1.1399862969147996,0.22117128280437676,-0.43050315003588957,-0.22182155477944301,-0.7061824470948193,-0.48723380858207643,-0.08505526055118166,-0.42101631193158556,-0.04966269535467202,0.2908375925824229,-0.426234006498948,-1.0812467999847057,-1.1935708818257789,0.3268660760753514,-0.38324586216377426,-0.6419942445481521,-0.5166362087712528,-1.6183454106723723,0.2157778729954551,-0.628883696547564,-1.058744941292938,-0.8313073888371918,-1.2595086129171658,-1.1145442152379004,-0.6194304966770038,-0.4820362305934533,-0.13488732936385314,-0.08064936312483686,-0.13568618417972203,-0.2940500940137149,0.41694858344863417,-0.6453767724391316,-0.8728780135996583,-0.1854639957241969,-0.28739531121763784,-0.03322184250832948,0.6518099338725857,-0.8869269618129713,-0.8265253949326756,-1.3962155303018682,1.490521093256773,-0.17411504074812253,-0.36932164830568787,-1.6096120878098643,0.21651163245525498,-1.1324394022718378,-0.39065069539856495,-1.596721842149742,-0.6806073503304902,-0.2590914386351708,-0.019693977196766507,-1.55783243391653,-0.8472377120081386,-0.8318135781250644,-0.9252850207628193,-1.5404973481335518,0.4841436182324076,-1.067308073614936,-1.2841373469544917,-1.2787952677214351,1.2212500853007782,1.927249510469334,0.008472048297536177,-0.7270794169672944,0.08516995333104146,-1.4117478488729338,-1.2160852355358964,-0.8228507916854894,-0.4542818170210572,-1.1711858544680753,-0.28252419515348715,-0.4585453009107997,-1.4056750199060029,-1.27294130704221,1
-0.6601749007574063,0.007156526321419706,-0.038833918593504206,-0.12665796408280372,-0.21436126636163721,-0.299096945026213,-0.16315766880660224,-0.3469685802593956,-0.29765815531667966,-0.44092855962956756,-0.4213958708881514,-0.12713657548108054,-0.24003667137168716,-0.2285126350866795,-0.27385065624367294,-0.31457649566276463,0.0008676074409672859,-0.1291003668180687,0.04122956792551238,0.13390365417886527,0.22328291824922866,-0.003079850507980621,-0.0801177438973289,-0.04479424676606093,-0.14775965705123434,-0.14954813979926596,0.034345725414020055,-0.3435845387734268,0.3213041783620828,-0.18353817474906362,0.18407640892243957,0.1559854682582085,0.12660187962850272,-0.06070274407039468,-0.31876856515453655,-0.07829171934005298,0.2279428402668484,-0.42710781309261,-0.2827984105949326,-0.21783582889877068,-0.11353018738633583,-0.012287658986186346,0.2175459621859034,0.20887020196524403,0.024340756828250355,-0.11288214496390839,-0.3241325869433511,0.08159668879411747,-0.2812078301651571,-0.07078271940745327,0.041008618063161376,-0.0037029591323717056,0.023788951826872518,0.16036971216430365,0.03483787788706311,0.014867645082285044,-0.11000575825624881,0.046844129190582624,-0.20929201596829153,-0.25638828359068105,-0.08394894021733082,0.008481615743071136,-0.044010444926146544,-0.3193850427225147,-0.03465995083830829,0.09210499905054428,0.14610983373448228,0.2131817018145096,-0.133093006911717,-0.2856250212335644,-0.1804417612054839,0.05215870761631304,0.05336451769476651,0.08866683064754387,-0.2943316618384651,-0.021345328393046672,-0.0713903989050948,-0.4135076373200818,-0.3545670369475358,0.05502737872230482,-0.165325411758965,-0.42676619959181233,0.2802332952376855,-0.3666150909366084,-0.419366473102876,-0.334722981082523,-0.1196786219950048,-0.32907201760281096,-0.17662522521873653,-0.3214123709729986,-0.3723205017117435,-0.257214943542715,-0.2509857638860138,-0.3830737475066665,-0.4597240283047577,-0.09007990893496716,-0.5931312441119585,-0.42915063711484314,-0.31641795101291287,-0.09121948322689463,-0.27338362677012235,-0.23394251287329532,-0.1847229229194085,-0.29721916891643724,-0.779459382238041,-0.027422020375404657,-1.339252485670808,-1.1879327188626367,-0.6902288551194437,-0.3480660617918171,0.46285651536349826,0.8523384792001846,-0.3258198296051255,-0.09474363928603542,-1.1340129755171375,-1.975594238605655,-0.16699153958415267,-1.1798651264058737,-0.11023551099443665,0.34619245895025647,-0.9261044049541998,0.8506699260574299,-1.2982354391956161,-1.0115641932611668,-1.437403900360741,-1.5552551435818276,-1.1355780251729537,-0.8407760423766752,0.023772924273315073,-1.0375073839391251,0.15820968633256294,-0.6196822912514292,-0.334027556180257,-1.2250133791106301,-0.5780110807331886,-0.027332551432096307,-0.8351538829946483,0.681947273909091,0.3228506271342716,-0.6947063704403946,-1.1726472267356745,-1.0320380576643897,0.4677342492007778,0.5931132846583363,-0.7237191259808922,-0.7391579754313249,-1.5995861403527052,0.7030362127043083,-0.437692362097446,-1.1506586532632606,-1.1159009281745955,-0.9643436927095321,-1.0587995517943212,-0.9159617299250591,-0.4805380336790511,-0.48664144295918293,-0.13540736021303737,-0.30150758710428555,-0.8855354139717387,0.25945443839504756,-0.3796972646359801,-1.0084632387138341,-0.8625105029112635,0.23871981865310243,-0.9553979482126487,0.22092421397892045,-0.9783692478861039,-0.20680122406513868,-1.5990218062624069,0.26632603505869956,-0.6465016004176986,-0.3056215740811894,-1.8184655938729546,-0.3865755045680559,-1.1204787169226302,-0.8281155858389461,-1.227874948904799,-1.2462078811681438,-0.16450907714301444,-0.8476092213941733,-0.6465354605418874,-1.2934846760029066,-0.5948893584689031,-0.8475934466781494,-0.2550099153674357,-0.09423871619310263,-1.159073687870091,-0.9736030191810796,-1.3621508539942437,0.6685352834240683,1.2712074341548731,-0.3685789959428416,-0.417664640071839,-0.5151125141531261,-1.306115443609773,-1.2668454349416451,-0.6448001291853016,-0.4552046653409907,-1.270584481663817,-0.3070610967060899,-1.012838670811545,-1.409667455542643,-1.2448640787505083,1
-0.5598539352776868,-0.011191228928402127,0.05114349840048636,-0.10063344742802942,-0.22620074055341063,-0.164061953998096,-0.2614047180265915,-0.1845314346160821,-0.23280557728211926,-0.31473183367943386,-0.3125079445330984,-0.023056563903059747,-0.20500090185489128,-0.11385190050378882,-0.08369326482355166,-0.24290888704502525,0.08393752106160572,-0.17381986753706888,0.07157962399155561,0.0898978763412221,0.21035564670639512,-0.008710055793237798,0.01220708126773169,-0.05326589013023928,-0.18904771408238605,-0.42190938594122,0.185692727057925,-0.3299925606121659,0.43755208745456947,-0.08993157100660903,0.1919228824838088,0.24824445139725504,0.013856251872135303,-0.1114453634379012,-0.2504567151869598,-0.0816806059483466,0.18986567062889545,-0.30095323509395994,-0.16515809566479825,-0.2665548858295673,0.0007788987068232786,0.004234103317958657,0.18430953203391803,0.08553253480286752,-0.21516733761652276,-0.08630325889068804,-0.2077312482520454,0.14100438742197025,-0.16523722122152584,0.037666202359426824,0.06263241256509237,0.06713331546663986,0.06675735903193451,0.10449262985904934,-0.10869962561075656,-0.07207048323978332,-0.08020727209247283,-0.019095954281163872,-0.03128316011848293,-0.19181931187019474,0.005692714125599094,0.1245633922013722,-0.030920726977822388,-0.38189849712996676,-0.058596567586604587,0.11351506029490256,0.08484568861564139,0.3574514098708693,-0.04096754129588943,-0.3222676924771726,-0.10001545460847708,0.20673232696133478,0.1513522724812989,0.2578420910132089,-0.048484167214033196,0.19783477262730068,0.012070091285806378,-0.27542603397952176,-0.09654921434314316,0.07373079985189336,-0.10668470877116983,-0.140330903940164,0.2062700835771099,-0.30713278614015843,-0.17699335539502484,-0.25097350106443156,-0.20437173537176728,-0.28264867083314793,-0.10301154512439321,-0.1395322789324135,-0.30900564925177576,-0.2241674435333675,-0.26572542162807317,-0.28297105559593916,-0.40252765462720314,-0.10558195193505154,-0.5364830980363233,-0.283890372454329,-0.32028564473071747,-0.09070038798587467,-0.307640085193428,-0.117935106119763,0.006609696081854912,-0.36653324134359716,-0.5854443781486524,0.4194303117332465,-0.9958674905919596,-0.8312851981976325,-0.37683478005984467,0.1314429498051658,0.5027448961126144,0.8941344574961674,-0.14371847781066452,-0.209819428111895,-1.0779326034290093,-1.834766516429022,-0.27810783828075913,-1.038352143768677,0.24637756712601724,0.5794700635397606,-1.1742231687440094,-0.19894255891606658,-1.323449328440875,-0.8491190821743654,-1.2871392229848229,-1.5162222016201625,-0.9063799239439541,-0.5253008719814248,0.07495938301347836,-1.0745948731492607,-0.8542055019073646,-0.8178951728801174,-0.5449939826033424,-1.5173212559448392,-0.9976418245145673,-0.44845589597279273,-0.2118981952098578,0.28058947237452336,-0.2946959808870198,-0.9705020057069492,-1.0835601633936356,-1.0324475581562231,0.5404792828890077,-0.5832826065611489,-1.5969550896704092,-0.6978533908928696,-1.4252805471804642,0.022100635973457926,-0.20515122941051372,-0.7863168193739462,-1.25124476914257,-1.363509806776933,0.36833943769326605,-0.4262934223790488,-0.4026754546322981,-0.11866062440504258,0.21434087198194607,-0.8049177784562419,-1.236465958770808,-0.0012261005031414542,0.0773886207063528,-0.7323076156035822,-0.8071628123887113,-0.037399712014825684,-0.694008771079072,0.6741566004707612,-0.512989663540804,-0.16648276718232244,-1.5239948557871257,0.7695927782328781,-0.5640985212995073,-0.29480375572007594,-2.0849168912037572,-0.2885254298709171,-0.6717967846549112,-0.7619504751897318,-0.5166938575040178,-1.273769678774916,-0.5569671354191953,0.0480627410080149,-0.1751348171544588,-0.6959845321129864,-0.7447984831180026,-0.6215950156969648,-0.4867597149782602,0.16710716731800646,-1.0841367630879581,-1.0079150888701267,-1.27362758729256,0.4998844017183704,0.8324897831754746,-0.32396297163528953,-0.796847883245015,-0.40118188926018955,-1.3356653650355312,0.12928465059095604,-0.858270325250153,-1.4470643206626217,-1.1770757355900763,-0.2538577818353682,-1.118679183606394,-1.586088048598014,-1.196324893399431,1
-0.5184576101966053,0.050765417156792954,0.07028163692254337,-0.21162054589691934,-0.2333717983535902,-0.023373611468962496,-0.19137573700632854,-0.08626452266507048,-0.19233562495824394,-0.2786477773018491,-0.2701046502140948,0.00909417186241057,-0.18400728966903548,0.18548737929683504,-0.013615168185280978,-0.11574043619201024,0.05994157054472311,-0.17709464596681268,0.10912374898699238,0.15160992793311595,0.16772290088903957,-0.06205722211078537,0.04140518768811289,-0.04509233420716944,-0.14654387716588738,-0.497486127649215,0.3112106678675123,-0.3217888953987522,0.53297662252515,0.056351599663926166,0.3059930848440194,0.1252842667943485,-0.10330730863550092,-0.012581076304005758,-0.09142364010652965,-0.12804923723424244,0.21502113295199207,-0.18220511686097202,-0.02837923444263812,-0.24650658053072624,0.09589527722400001,-0.02680415258518838,0.19066234317592307,0.07251749365492552,-0.16844477872251032,-0.10589654327296197,-0.17188653646732438,0.1901249359679792,-0.2134682270236341,-0.02421870198959838,0.14361228820146746,-0.0057126257597660554,0.06023471280808267,0.035149350252248454,-0.05829570678511905,0.017538705192413673,0.009611027819678647,0.09759784330076758,0.04209537034333948,-0.16282736837753212,-0.016211067063607552,0.16217302340481143,-0.09463784886478138,-0.4911977273306785,-0.08695007448051567,0.17568339557330112,0.22419852357235637,0.3885102223497695,-0.09748495271941957,-0.16054766730101874,0.0292776428762245,0.11384778772377682,0.013969573611043083,0.255610955646193,0.14135089802322764,0.12817206723479913,0.03478444213380329,-0.1827242369670646,0.05271126238869319,0.0035052814571806066,0.024802661890640853,-0.036055642400459914,0.2407253557153868,-0.36725030276948284,-0.05819763344743601,-0.18896580785306835,-0.12516916093809063,-0.19761650265288105,-0.03234611566633794,-0.24920049989155474,-0.2872185979480994,-0.28434633550211336,-0.23558729488847527,-0.22269993668616814,-0.3464897473142569,-0.1923243215064496,-0.39180209155144297,-0.17863311978236,-0.2979325142013226,-0.013778594708380469,-0.3277610131023392,0.0022259980844664996,0.05873726257196724,-0.35503218672744674,-0.6314804867291893,0.8819762254738229,0.0773714070588186,-1.3506313465122113,-0.5677782782408126,-0.10883238965603781,0.7698488137603593,1.1278314942658296,-0.15968851015576194,-0.47946919090050955,-0.7309321707236615,-1.400534260163087,-0.3956537483039865,0.21375453326833654,0.6998842217120387,0.31298209598137244,-0.7822898549788794,0.6525440363656204,-0.13668291048137995,-0.5640611698542787,-1.179839614131921,-1.4996933391182607,-0.6332001940069366,0.07249536453763873,0.3845124548875832,-0.8038365994221718,-0.5688758942867639,-0.4673915090767434,-0.8008259521307476,-1.177894429545114,-0.6734399994112292,-0.8029395663880281,-0.9038874366834604,0.2308237112838644,0.11276297352335456,-0.6799452361441113,-1.1995333158960808,-0.7273624628701466,-0.09626433362408496,-0.7360736185532708,-0.9032599144103745,-0.7020644547150574,-1.4587439424583417,-0.029947302862119718,0.23085608319689643,-1.28452234261665,-1.3405303256009427,-0.9794123092104627,0.3489748556826984,-1.0320164042208821,-0.3422602045023317,1.6442385262497612,-0.4898326232387019,-0.23059615375873516,-1.1922387279863216,-0.5185316314011635,-0.39746228233173997,-1.0731871238171697,-1.0553919203482962,-0.15799915137896883,-1.5054988053879443,0.9003524873389254,-0.32970653215736423,-0.8438857051630388,-1.4873436509667763,0.03175680005114991,-0.5694536451597085,-0.41033566301982827,-1.5262998187365617,-0.7821044426400285,-0.3960282308782094,-0.7352288274913017,0.25666907597908833,-1.3941952270776015,-0.5719914036701248,-0.49042430425920513,0.37213648087495177,-0.17677505312478853,-0.40977679205386813,-0.5054604525585901,-0.00048445034785265286,0.39343735177199013,-0.9228932334107153,-1.3090777039089243,-0.8120013927756011,-0.5615104657492336,0.5782147274681725,1.0569607055366166,-1.929633869231694,-1.385555337924666,-0.6949440304354173,-0.4613999898110423,-0.10518826732118954,-1.7529744204841686,-1.0427878623781022,-0.2901120099236225,-0.5352701269822535,-1.4116243114174294,-0.9712347034332225,1
-0.3331811424325363,0.16008860859477422,0.08211603492891212,-0.12193068019334818,-0.21665571754361734,0.04492012832790486,-0.06945481588205477,0.00375813589675029,-0.06210900123417941,-0.18065299869292845,-0.2843783689409798,0.1474348627301485,-0.21947848923241278,0.33798114248419675,0.0545269576977034,-0.054100458322161885,0.05407716384593736,-0.14061857463036934,0.11984447958900157,0.11222378965701153,0.12630368322250363,-0.028209530941914578,0.015905149911674465,-0.003590612237128279,-0.10086895569362976,-0.40880683246324256,0.28407624527525804,-0.3272946261535862,0.5773937427090003,0.04972712520519639,0.34275999597684,0.0783752170760004,-0.056898460883654314,-0.013979227270587329,-0.0817945158351372,-0.11794823543668503,0.24355056564690278,-0.17363232282159727,0.053561658023100825,-0.23917808688786182,0.13484079837788446,-0.10434499215845362,0.2802534494676065,-0.027266253787880848,-0.17211833560695827,-0.07616423580785808,-0.16975672719498902,0.20861933932258067,-0.12237250413883317,-0.03244881670274929,0.14781509376861038,0.055332815235110785,0.04620639441353752,-0.08498897105753239,-0.16228853738288923,-0.05278077470735634,0.06542380204671873,0.08811963515731049,0.12244763655984749,-0.14120361500849504,0.12780815611941598,0.2690740746759493,-0.13933934697413228,-0.4804776323046592,-0.1542105761834946,0.19466631997995656,0.17650427757603254,0.31874964944539785,-0.0009782695417460431,0.01624599600167848,-0.039564826690027456,0.005323976560339904,-0.06538263366069276,0.20398443293468463,0.16989756925973876,0.1659489457928292,0.1431399960752802,-0.09725829262447104,0.19110291929990933,-0.038523808075385774,0.06571886824131079,-0.009717839492217937,0.13546958500083434,-0.31382092126815164,0.08714915383382457,-0.06452201548715399,-0.10581510972934867,-0.10546612313902304,-0.04653841946893961,-0.156672134929125,-0.3591246728174595,-0.12561621274615287,-0.21960987914832195,-0.17910478245024397,-0.23778423002254093,-0.22791729081949783,-0.29051304885444795,-0.20491587173532985,-0.2984737746016311,-0.05115112523058891,-0.3349168960403832,0.03323953402389897,0.19313722636184386,-0.3318425917139031,-0.47857389582900267,1.0945478237900155,-0.3234179301152368,-1.0099431558906922,0.03324553652661873,0.5052172822337985,0.874632384326928,0.9999088333728675,-0.007764125572124171,-0.4769332538785755,-1.1263206922146487,-1.2389172039344791,-0.5260165200709777,-0.16119170976580235,1.092172503732905,0.3181341518836618,0.16861655617955348,0.18837355126023902,0.884233061243839,-0.15842680526620948,-1.162806044288559,-1.4004455200329937,-0.05364204051674322,0.8904396380620426,0.5317488261763943,-0.5263615263640048,-1.3024501188605697,-0.5665937250629531,-0.7403643137063467,-1.1315743969416558,-0.5802286203852183,-0.6679221075940822,-1.016263543052661,0.3566619625322041,-0.20710709678164693,-0.543727142982311,-0.4033615406997464,-0.6701229174254428,0.24765573108453615,-0.8159139094231463,-0.8465037571568922,-0.588570209531683,-1.4273983151812253,0.21839537517089386,0.4782228843801061,-0.9669008959391142,-1.2255625452371246,-1.0359558850833797,0.23108172362942617,0.3390131092194601,0.24666768258880467,-0.9746121051938702,0.13107931495037758,-0.8435407703983622,-1.223421734955665,-0.5211138754332296,0.5558679456031163,-1.0346807368423105,-1.0954248910744167,-0.2199215798401322,-0.35188680118010185,1.1071858508874934,-0.7086307200234683,-0.2584531555083983,-1.0062522936919092,0.4217028853488188,1.8276169638094268,-0.36084972401787957,-1.115457149404426,-0.27970884396817003,1.146580217638716,-1.0199991287028891,1.0379709693903063,-0.9361685591490855,0.14336466201197165,-0.9374278991871198,1.8116162615889884,-0.4774621412770567,-0.3934469780064512,-1.1049205601707004,1.2162187739674375,-0.2669529458746635,-0.9095968388944934,-1.061084679462839,-0.3550272061171888,-0.4007285383062148,-0.005936504209595552,-0.07481161592793412,-1.6922502652641291,-1.6134451174888702,-0.5337206455795708,-0.4294664967305894,-0.5206576285318965,-1.0671743523009671,-0.5976254099870539,-0.34858964333082454,-0.9633162488129446,-1.5105176509141272,-0.8933219609703407,1
-0.2596920660370776,0.21466660062523543,0.17161515375954375,0.06475548517534617,-0.1919066128153809,0.03557990265255578,-0.020253304203747595,0.039061406312801916,-0.08591647495100635,-0.16606766770698306,-0.19909058178563593,0.28326585334990195,-0.1556022215079566,0.4911051002940321,-0.00936236430937038,0.07237324424849075,0.15476537413255764,-0.11423747954556493,0.23393491672641994,0.18095106666122385,0.1750259901825059,0.04414414381672095,0.1811256673017656,0.05881201359930849,-0.04087382080244407,-0.4305344033000056,0.35541556871238167,-0.25216595047772755,0.4730248384031067,0.015331430510291942,0.26157195930362515,0.07451502020673408,-0.15638532378204623,-0.02365083546139592,-0.05585276182472154,0.09993687292176107,0.19540393230851155,0.018152847017158722,0.17555895601789628,-0.21266987851670294,0.22472818313796866,-0.022072140977360922,0.35758102956257015,-0.062003609453409825,-0.16880707852954485,-0.08717949688621543,-0.20286426451764908,-0.027481388736755725,-0.05863135685127991,-0.0779415434599325,0.13952427997279157,0.09734954605275717,0.08188414397009185,-0.06191633415567336,-0.1563536750498202,-0.010988963519982261,0.060881034559975324,0.15839972421625953,0.18330318060557693,-0.09882492803037092,0.22457448197542773,0.46258038811203045,-0.0520178966330954,-0.4364290763480323,-0.1865134758271034,-0.05568264376021643,0.15661923941986722,0.33606234377299815,0.11197443624653981,0.07709898811403883,-0.006369315156542319,0.04734089481158402,-0.09016007185886067,0.21150382212598304,0.15728501330253888,0.21958139361440648,0.18077062255513898,-0.040934913157098005,0.30554545000656,-0.13422531606734778,-0.06909011798651431,-0.11149656789720566,0.11142020359642081,-0.3638800046142186,0.13265129630111303,-0.009857368095502049,-0.15623736123922768,-0.08001541606917896,0.0033411295475579885,-0.06165481292633058,-0.41177146966568323,-0.04339487409379531,-0.2628245896856214,-0.07246133517045436,-0.19732483301780981,-0.16295368435166432,-0.11448757392628263,-0.07128110400277847,-0.17624545843081718,-0.09418354532516748,-0.17050634605229262,0.10679482240033752,0.2652595209813163,-0.24583994317217037,-0.3465072332380593,1.1721029706868182,0.1136019695822738,-1.4991842333810297,-0.6576660080795387,-0.16150252364911502,0.0669791592844674,-0.21021129826114554,-0.4498172185676908,-0.919734670248798,-0.7615541991148942,-1.0533780416951426,-1.2412065724606534,0.574762249927278,0.43212417755056814,0.4856713522587537,-0.24377098090790367,0.7441418402608126,0.8357148109157283,0.37777426870472863,-0.5445799580744662,-0.7793685041111731,0.47322145896229906,1.47955992813452,1.6229982618421068,-0.6841891002779602,-1.1292220891226739,-1.216396179538425,-0.36784125373571985,-0.784173799036575,0.5491435799832909,-0.6119176362281582,-0.9702853101291752,-0.033429773347839885,-0.2323667389245256,0.03272447869654897,-0.060851777674817316,-0.5912518053328109,-0.3482807839366183,-0.8440134002454084,-0.5281757915875408,-0.10482777996424282,-1.3428618928453853,1.680441136650943,-0.025700424565407956,-1.0729201931763783,-1.1528638427482054,-1.447111751514648,0.3497580188731252,0.3990274781098836,-0.10396797779171243,-0.3380963370757955,0.2852881835683495,-0.35093132911238284,-1.0824359336560399,-0.5718380344749298,1.032168672518223,-1.0703015142546717,-1.4942102457779893,0.587474420320341,-0.2713411097454453,0.4042880551808275,-0.49325984451361965,0.7199326362452674,-0.5493490851898646,0.5307695491527745,2.0588731782205483,0.47370610647671635,-0.48654358468201603,-0.007330813286790459,1.3965925568699828,-0.2718977335848457,0.7758248284017586,-1.294829788631704,0.3044254538290198,-0.6363812110440796,1.428639089745867,-0.8640837085871007,-0.25762002493997904,-0.8781959613519598,0.9737512014350993,-0.3450524642145447,-0.9030779769215833,-0.7334632860117366,0.322135258518188,0.04970563464999802,-0.22059248132210096,-0.16684992465778284,-1.0664804468390068,-0.7778839349342311,-0.3462710240832072,-0.2625305588234466,0.06590325858431355,-0.6467975242176374,-0.4711593019165509,0.736986459023072,-0.8934251276826728,-1.4566875581668168,-0.8434662868998862,1
-0.2331148193458563,0.2159792904844057,0.19730818681250034,0.03047027529683451,-0.21193647012376582,0.06357982805168062,0.09433691173093078,0.08365423942302445,-0.03290890054664238,-0.24444031230390698,-0.12204475240523183,0.10007186450004049,-0.08460327807592267,0.49732099888057957,0.0012057464497484726,-0.042022074595513416,0.12098848889721615,-0.11178888645588243,0.20644818911852655,0.12342314319254508,0.09787514003562021,-0.028680632833746427,0.16284263221789178,-0.02183220953410046,0.1310031990199649,-0.38911225057586457,0.3804002696627381,-0.29856176405888596,0.5245459617675535,0.09332440755367562,0.2216305799987366,-0.027748141211071133,-0.22471065062759216,0.021047874114871926,-0.08311222504964275,0.07681493442347362,0.12697212695313803,-0.03525659046268694,0.33911809268044646,-0.18189032083834258,0.24552476092473877,0.06482113976427027,0.29422925950805706,-0.09939050047988134,-0.1712876982062821,-0.03127294187339064,-0.11888819619058894,-0.024280698426610306,-0.09320104412392259,-0.047205764974904814,0.026372293837342044,0.08695763139520984,0.0955840005826176,-0.11264933807249136,-0.15360922425471613,-0.06653706362046023,-0.009131351195718663,0.13922555265346878,0.26740530476888474,-0.07039972556954825,0.24067011306482383,0.43486508532399853,-0.009533880802615923,-0.43386492230952084,-0.1527694055121735,-0.09982876833842506,0.019111157738247606,0.30428814216424077,0.27087400480913676,0.005484258474360781,-0.08783088423359878,-0.01682313891657723,-0.1951343131932954,0.06897524390956374,0.2578632314453175,0.2496350862489334,0.2485508092080099,0.03404728291389478,0.2527882869406333,-0.1101494031103052,0.0431273207573883,-0.2433394995591478,0.028845231733625423,-0.2572933759651694,0.1415077137734414,-0.05617297462672822,-0.09632112680826381,-0.21416408276210386,-0.0691204875085852,0.02794875886982877,-0.4055269848533421,-0.05405540046831026,-0.1985397428595536,0.004345520168456933,-0.20363209090756787,-0.27455564896644635,-0.16169304849525615,0.03607361728478994,-0.17652325565208918,0.183780522934427,-0.15204785943551358,0.029973659852228454,0.14930735203719953,-0.3176572975510901,-0.3817406943445512,1.0628538179660036,-0.11072221103416997,-1.1637304873614815,-0.2204044111695276,-0.1344919375317872,-0.11997842503990913,-0.8484200458272593,-0.2743279784755683,-0.8787804871095808,-0.7946832340410417,-0.9218548521113643,-1.5071905485424708,0.17462956260428736,0.34488530843266757,0.3051827843657065,0.6806123483147402,0.8108528272855949,2.02686646284779,1.3025735905153655,0.48523237974841243,0.25699925846422983,1.3801088047629395,2.2676009444110923,1.4374900963036095,0.49603771486331066,0.09188035950119763,-0.6322422806441566,-0.657162069673331,-0.8592973935560363,0.604019342854106,-1.267768425169326,-0.9163413346748182,-0.15084535654518094,-0.5191837057620942,-0.42049381769557764,-0.055833591027899976,-0.7512623495325134,-0.12323849811367964,-0.8163966891670117,-0.3108372681370325,-0.5058051799401447,-1.4140094474227933,0.1394209511343197,-0.4216999129406595,-0.9398982685300273,-0.8694142776238083,-0.9420565408901801,0.26962550080469666,0.32929669992315136,-0.42561108526949964,-0.39555884919989137,-0.27186563525088514,-0.08551595131942723,-1.0796190170294975,1.1379145153165506,0.8470471322545384,-1.214488285499616,-1.4142338844718076,-0.5536353730797551,-0.5492279735132595,0.45203489543590203,-0.6101686054571942,-0.5876504900969101,-0.18110375679498758,0.9014208638038791,2.2545185692111214,-0.9714329542905601,-0.503849709325176,0.7809224428680706,1.5543610445617326,-0.5978056659496728,0.7365331555463782,1.1455620807909483,-0.5629779292172373,-0.585119690380258,1.401891642415166,-0.4795177145081781,-0.24901230378748596,-0.6783860320168144,0.6844293829516399,-0.2220932300274181,-0.7746165445964789,-1.0369422181213677,0.05647999612292928,0.4171868668044256,0.297838817392973,-0.4648660663866761,0.8421500946518724,-0.9315899350106429,-0.6118553816701088,0.00692102080867671,-0.440403449307381,-0.8801631790467007,-0.25707731237454995,-0.7727413618679673,-0.7344722977008135,-1.4543499168994822,-0.899638805975377,1
-0.18380550296559944,0.3064622261815229,0.25719425213190156,0.09879488168625174,-0.16971982215388456,0.013086515378372791,0.06387930492752374,0.11059045033979442,-0.022349693445093202,-0.18215080010849743,0.04429166871613349,0.139333654459709,0.05828907635415466,0.5523261171561864,0.10522149588089387,0.0547295105602264,0.19981982341204432,-0.14380661740565354,0.22183417677144893,0.031010508853659653,0.022591179168800532,0.06883391676689689,0.19656560034274553,0.0643340867380182,0.17764774847180256,-0.41591001830717833,0.39956941436815224,-0.28294592072423363,0.5004524628459918,0.09195161663410732,0.16809511465947305,-0.050134355403416035,-0.1970936016403093,0.03995552747037268,-0.08832206502064192,0.12644851933183593,0.1648034933482941,0.08856812044088314,0.432725348728458,-0.19451665475552335,0.31303423672168873,0.06613422690186917,0.1814553866606203,-0.05920873338345995,-0.24185973226647273,-0.00422421227351121,-0.09715397814392995,0.13505286608082967,0.0777979900486231,0.083705326505607,0.01377010201287592,0.03403518540001533,0.07958716852973048,-0.1183406956858397,-0.2007036298413487,-0.0415063559020222,0.021055065281666976,0.17804937866311152,0.3268895099744315,-0.013879370175855754,0.3636641841709094,0.4449560818994139,0.0355909120521713,-0.34085592102077544,-0.13740536685686552,-0.12610872764550093,-0.09114475329794844,0.1886087738208233,0.15559503882206163,0.08695018990028372,-0.08209093553773304,-0.010232734728567415,-0.271148718758615,-0.06872016644564179,0.22021617304643215,0.14489086020371517,0.23807797536753003,0.07496222866799408,0.2801684554370597,-0.05793409040527211,-0.05598522550491331,-0.20249140576217955,-0.012329203657599506,-0.2721916800468573,0.1741368402312799,-0.06073259337731865,-0.12115791879066155,-0.25111183856456765,-0.06370569616287895,-0.04292417636756423,-0.3417368328411654,-0.04731677087693013,-0.1547355341485641,-0.011512792456121305,-0.17425121758130976,-0.2046435874272617,0.002620285694392852,0.16225907267885878,-0.06165881114618403,0.2577887003264905,-0.0035485280522474477,0.13735286686085055,0.2477709274726646,-0.10737975621430754,-0.23854042966523367,1.308258381123128,0.35982094582049406,-0.740657584199772,-0.2506864645775691,-0.2173202445847589,0.2803206628862286,-0.6921111599345801,-0.059955945463290465,-0.5067655603843114,-0.2623526659713959,-0.7636387902355425,1.313207384210544,0.894640611762541,0.47430149161685853,-0.08945379352853379,-0.1607344894680175,0.9191395353409979,1.1704536289365344,0.9249582066169538,0.5213269980492559,0.3611346400646672,0.9896910475552111,1.6826573991827067,1.3058847633399167,0.5844670586220435,0.18159935681808814,-0.22929481040462782,-0.5524633911758213,-0.6424450802797343,1.0316881218127365,-1.0348207495910637,-1.1924095211885044,-0.7874402292960241,-0.2182916562123255,0.4831719259085418,0.6206381862219763,-0.302161809917786,-0.3171075799074464,-0.6444009695101212,-0.09279451648344485,-0.6824747198139992,-1.2764498904016128,0.2536425582852437,0.5342826547010442,-0.985260998842772,-0.8120559684316709,-0.4631643586827385,1.138232045114797,0.856496887241641,-0.5585103898153854,-0.5430676743858164,-0.02096241636665648,-0.5289310093429764,-0.9740411516695023,-0.721474485196665,0.9860392269232918,-1.2556345694728661,-1.248957875522471,-0.3101660806194874,-0.2669170283067524,0.048667206232901696,-0.6888031457490071,-0.6533177439955737,1.2504968918102584,1.2069371900787345,2.776206412458129,-1.3471494472038694,0.9894966264099825,1.4118275278593473,1.9285766110391778,-0.8460626285347288,1.9052106018411366,0.02648128189976562,-0.703063574862502,-0.9154296522525172,2.2722939712765293,-0.6535240927407866,0.022147393019704323,-0.26653344936796053,0.7136845948244352,-0.12275484844707943,-0.6244721575470483,-0.7454269237383362,1.01535065733625,0.5766251396569325,-0.02144357632447668,-0.8077826439013842,1.748032848048362,0.05541175097275553,-0.37297901349963075,-0.2918055703870772,0.8589385715435365,0.11847947421330221,-0.4542618408097382,-0.5129018277016522,-0.05886929244711466,-1.5293033457738232,-0.7362187022253021,1
-0.1863002213832464,0.3653713831806007,0.2407633114832525,0.15428355553969866,-0.13639894536087405,0.0455245370107677,0.10661291349442072,0.06824896489223188,0.029650392600298607,-0.14594781409897484,0.11051958188302267,0.09421175405128492,-0.002738830824692579,0.5428878448525959,0.09407746453165741,0.035670483600497606,0.2838849919665729,-0.18689843041184662,0.27444573101492004,0.007681098020898754,-0.06271326248216999,0.11920729217012356,0.2012129243499827,0.10254190313041193,0.10504638848239782,-0.390133670794748,0.400242854853259,-0.22969243764457867,0.47042563530085024,0.08054367849551368,0.19541364483005183,0.053663386311369354,-0.18215040475612476,0.01122439022576905,-0.03497239725377278,0.12219844281476605,0.22014165745314257,0.04293152773797532,0.3783189580312864,-0.2174215678425061,0.3591556477989872,0.057147513836567264,0.19549124215090455,-0.05150516786719862,-0.20717936465066605,0.02609682389716756,-0.05187044828184332,0.09821628052250539,0.06582934327660984,0.07025607244426796,-0.07324096793659969,0.05713754117934779,0.02022072366733019,-0.15506484842678134,-0.2280802532342242,-0.048984259563903614,-0.004904879634387043,0.21147067237357464,0.3402693530144912,0.0015272425709936142,0.34311497143606123,0.44769768505503593,0.061586922774508335,-0.29638301676420137,-0.24064336676812761,-0.13932659242433915,-0.1063654477757589,0.17948639145576892,0.10478681321391939,0.17022160531836608,-0.069962479986313,-0.03502471882519353,-0.33129279540299383,-0.1153199361776723,0.21951832039555316,0.14318388100011478,0.18458330131244988,0.09606568046971875,0.2535170169060893,-0.029263168659937864,-0.12694711708071468,-0.14002410465898232,-0.03486063772964331,-0.21565704210329315,0.17783814325079492,-0.07755720990370597,-0.07111638481465192,-0.22292907928064723,-0.05051780791017729,-0.087152291072405,-0.28432728221044995,-0.1519607743663655,-0.1882476451159553,0.014424828508727523,-0.1147504312630864,-0.21919522687829418,0.005479511862413838,0.22070184975940416,-0.13051102760560213,0.23905542482067896,-0.032731751841271896,0.1726225040240597,0.23959484610593648,-0.05982964267832683,-0.1856506485420325,0.9581617662800145,0.704790411443165,-0.6211406739166597,-0.11730310918823363,-0.41303224039044795,-0.03733829495339583,-0.9280388374407136,-0.11263564078789311,-0.5474037473961321,-0.4168488686001666,-0.5951655442474387,0.5295281989170342,0.5169624305124954,0.35289998286159546,0.49285787893024846,1.1500830804982112,0.8655202737168002,2.2843554936221904,0.7947210286754959,1.5672953407805004,1.550514628990995,2.249007352612156,2.4372800675282957,0.8830430792963848,0.9384173089966679,2.1779022202823173,0.9282580771946779,0.18227681079388772,-0.7540701215862565,0.5239111631308574,-1.1182158455762679,-1.2534256830315493,-0.739168533749281,-0.03488553026986033,0.3177566446035008,0.4123582532859448,-0.3384324273596343,0.007445566415212811,-0.054510205969135875,0.24275403187657682,-0.9460421835983187,-1.2629558688438576,0.1938964464241029,0.05944541846966114,-0.9779856950682595,-0.7126224353451581,-1.2409700419012435,1.4557138314960703,0.847958934625541,-0.4299128024610004,0.309273839176087,-0.07765136312051782,-0.012274500905035278,-0.895177708786872,-0.5108154280250207,1.4445660475555215,-1.3592764439184295,-1.4331297941956989,-0.47336045961457085,-0.9037491779550586,-0.22046049894298175,-0.7162191046119112,-0.8369139005734342,0.5370809819064308,1.3741153340373435,2.6358918284851667,-1.1511400840543529,0.4978189399429127,1.8164926310187948,1.6466187996177872,-0.9243814153076569,1.8300559230021571,0.39584549321595247,-0.9785289460858608,-0.4125796334733283,2.0062327441356307,-0.4521338253014719,-0.17016877896803592,0.2594783689420251,0.6499868959792816,0.6025875463438058,-0.26675154116954,-0.6915295833438913,0.3714105470698013,1.1471672319852924,0.007185536155632804,-0.8410904006727798,1.7842718936736837,-0.8359782182742104,-1.4211741801881652,0.5579154362030194,0.3046440488057912,-0.2430431530048706,-0.23673225555299934,-0.5810405600662492,-0.4615743388587633,-1.5199262466759489,-0.6435463262976342,1
-0.18473575201065998,0.3780525210826375,0.1530758426378886,0.19989387342008405,-0.050760996560972424,0.12184000269799873,0.12166547015172784,0.05750599214691372,0.04440328055948422,-0.14890324382130396,0.147477585164226,0.041440016064423754,-0.029775868588895457,0.5311976515762038,0.13409735531540365,-0.021862546990868006,0.17389291180549532,-0.2839294229931745,0.22285682140572627,0.1277605768802622,-0.19348318508757004,0.09108773387871179,0.19585920621664324,0.13358785137423265,0.15050381240539396,-0.3526916919385092,0.4199235219267187,-0.1688676878533349,0.4713904558550113,-0.012542614063324315,0.13356793571366132,0.03139751215377406,-0.10527897638128143,0.0839761839959295,0.04995268839671841,0.17524286507847614,0.3065095967314338,0.05710229192000071,0.2760776063895519,-0.1927246732658831,0.27750772551327557,0.07205458287635462,0.1814513422797031,-0.06134848993958554,-0.206489384501982,0.045008666147510895,-0.0248580453375529,0.08988270416216931,0.045464070399874996,0.048726387257838726,-0.10437830521560151,0.16250831566979743,-0.0036721149482926902,-0.170351823632852,-0.2428499086705972,-0.06900502532029351,0.010301838644088037,0.2569042239969632,0.35786000728422945,0.04969757623894308,0.3308451158746033,0.3878635135378482,0.016217329659804543,-0.17420275702604548,-0.2546261777241294,-0.247702349511492,-0.19755245550383374,0.13388990194526348,0.14744911883173054,0.276230398401043,-0.09484553151754607,-0.08783462701433639,-0.29254019534797004,-0.04503509162285858,0.16295766340245688,0.15409209308186686,0.14800019858035707,0.12916123160337845,0.28496912317519935,0.007208383919510222,-0.07385310927402287,-0.067764173892061,-0.06281427837515521,-0.24079381987926646,0.14497378461961483,-0.0761482920110833,-0.085395057073089,-0.1331519111022007,-0.08161840383630065,-0.14263672979627118,-0.3361087724032397,-0.10955394073907897,-0.15915339243133558,0.004770460674550515,-0.13447115701087872,-0.09136237911409054,-0.10722502744973547,0.15252338483388297,-0.19156384229799844,0.225591274916896,-0.00527478963795619,0.14977386787741395,0.21547203785722654,-0.021765916365859495,-0.13317924660558353,0.049138255933466275,-0.2796101392720503,-0.34069856217857153,-0.08314450943733283,-0.6129646195386336,-0.19514283416458078,-0.8329592395261537,-0.2735022858079225,-0.6114812557321819,-0.8616441469030702,-0.7141883471384796,1.458780082046225,0.4077121014650633,-0.5985059115641714,0.38668563008928913,-0.013065006609644108,0.9342293199573282,0.24281671399498925,0.12669415223662692,1.440306157735865,1.3873273156371797,1.2952938965245346,1.2427761293163568,1.3693113735759437,1.1204259306500992,1.624974569163244,0.8809021447088937,0.27336327835111807,-0.8109757538722167,0.971828979628346,-0.81105666125431,-1.4960177344130925,-0.7679882306330655,0.04329448346710284,0.6728304526929959,0.7091317522307637,-0.28171583383126303,0.029323922921286126,-0.18951290337314497,-0.4201933700951799,-0.9912767382943745,-1.1473710415764422,-0.39241696352522926,1.2422529497117272,-1.0194920945791084,-0.6943146442311422,-0.28381479527698555,1.0034457792511673,0.6951009713978774,-0.23971377198827196,-0.1097610515165927,-0.22377131512521592,-0.7274655418367638,-0.770384687998273,0.6524156734795387,0.8273092084280524,-1.4884819638769144,-1.4321705436037413,-0.7707931511298327,-0.026645106192835562,-0.34654024334021444,-0.771504384916412,-0.5495467042387342,1.2633323905206115,1.1861543324382486,2.9953662869063367,-0.8428637878558205,1.1119634589551692,1.8043418021215507,1.630718065313337,-0.8954996436811995,2.201921188559358,0.1527371465716097,-0.22180536670436854,-0.9982842806691836,1.863697006500949,0.052096316363290936,0.12061375609217152,-0.9923174731309773,0.6777056136926217,0.3172472944241928,-0.39862200228841405,-1.1148012256760875,1.3401545741292722,0.9318833299520712,0.4107130048433553,-0.7874037411374692,1.9699916871822465,-0.7282173332937794,-1.2536339474137421,0.01018094640359366,0.4250305835903107,0.2799952675931043,-0.2894826090581746,-0.5919775515956905,0.54881377438045,-1.4640174830237644,-0.8053498091463294,1
-0.2707661631390874,0.4067264604324495,0.15898386816047078,0.21328276355320216,-0.027580200199797428,0.137710267286757,0.22240518216808514,-0.05390156525881785,0.04734655910890793,-0.25375513064667155,0.17026956476030708,0.030603023186230108,-0.06259529208463664,0.6551248680814518,0.04674225465530719,-0.060178736086893496,0.1189487560005608,-0.25736159363753125,0.2585007087735137,0.13362281697427664,-0.12523617137060838,0.11926052192314737,0.21040437937764553,0.16650378799664503,0.14118633366747915,-0.11625979734990413,0.302814840158561,-0.12265715931458819,0.4586175772507188,-0.09852856603948879,0.12562969020263345,0.00040050254217455266,-0.04450456071851653,0.10164756041918892,0.038312577970462974,0.08265375967664977,0.40617249948147943,0.03924377211361083,0.25993991548448636,-0.22887193365384303,0.22580096277907163,0.06577351881044674,0.1829984814040269,-0.0742708532690787,-0.050068159310310494,0.03359155387713812,-0.07367897274570818,0.0759413590778457,0.04266881825852069,0.08596727346704901,-0.1073980153153952,0.20251264469939298,-0.044146746409052605,-0.14545099512722537,-0.14893707406509732,0.007118581327107098,0.04015418774800577,0.2834838904726815,0.24605504963229113,0.042373161771371036,0.2706558375835697,0.3543503217216731,-0.0923873072374224,-0.14061212709913237,-0.31815933319889744,-0.31824239289190565,-0.2160601106615778,0.021154432165942726,0.18255587861075748,0.21853171625814918,-0.17648827359532257,-0.1866375478041668,-0.4069799850813546,-0.13556393598927838,0.15098852163597798,-0.0001565945025668928,0.17411755544637794,0.21058065190833222,0.2838827676729551,0.06258424265012331,-0.040532833043950126,-0.10523546283366544,0.006187363825757606,-0.2096148803939811,0.0244688356405625,-0.03289715096127336,-0.010306640905466832,-0.12227904214720663,-0.11040346934529366,-0.18875950565689797,-0.34866001038081473,-0.16091221719184617,-0.02918360707042638,0.00977128167508345,-0.04595937512270943,-0.021270332298993496,-0.15393223878415765,0.11615960034985295,-0.10054723371442457,0.21642735726230825,0.044016575998007665,0.12509100991180533,0.038713787277841374,0.07659862313452527,-0.25113688039728654,-0.4228864310119999,0.14864361017993,-0.13017390343381816,-0.5169302982369547,-1.1815407002815366,-0.3851930100440235,-0.6467871378309241,-0.14310160287717674,-0.6719855687914369,-1.0778255676416746,-1.1886726536699268,0.26225996506411786,-0.049585719596459056,-0.796400102528707,0.534522818586356,-0.1579776146282131,0.20507379905597795,0.2974415948082311,-0.15523492832518765,1.6976016623616068,1.4394871685379416,1.7450478866792636,1.1720106836621706,0.9268714619357729,1.2741942290532113,2.2615842691744885,0.4670629037135224,0.4931736467015047,-1.1019465265296107,0.31458612498251753,-0.8215322941484302,-1.311360687585744,-0.8491061226873522,0.17262138745417469,0.6932179598496618,0.10470954637180113,-0.11014392636168245,0.3225308419820154,0.5888437682341966,0.07080939686533663,-1.085779268328387,-1.22111330685283,0.6077652751863029,1.1705066646412636,-1.496272920430524,-0.9932482821699212,-1.0502093994177542,0.13360851839077037,0.7501535703904547,0.022118010526643483,0.5048515550919788,-0.011553838432020827,-0.7196069220402792,-0.6190679788169117,1.1189583764716844,0.3531149413324948,-1.5471592780664631,-1.129888967604521,0.9830227746924692,-0.5926833828223209,-0.34021196631190836,-0.907712051859039,-0.11153917616616853,1.1018592322851364,1.1131128651605648,2.879708162475949,-0.7174021893304705,1.306445355189928,1.5366105457338328,1.1262627334516793,-0.7655810074821137,2.1655268801931244,0.43881177578279507,0.1638840919814152,-0.6399377764084669,1.8767945790461842,-0.38041986566088687,0.19063111874363167,-0.7243892444801495,1.9415612254366423,0.4876756465854143,-0.46401951573366484,-0.9354305535914619,2.4125184444253214,1.093319308103483,0.5501382198612265,0.06037704489710253,1.8667421546290646,-0.9232500361628535,-0.15932663463567118,-0.49642251158816547,0.5662566092373627,0.05198104649144736,0.05798822905549518,0.005837448881893475,0.22730438797749172,-1.5565344639388614,-1.081730722547234,1
-0.21083018459100739,0.27816462161297384,0.1823666424799298,0.19282886934251886,-0.028690444786150095,0.14121590053275002,0.17974537236069282,-0.12494740050469111,0.05380448291566015,-0.3230347384548116,0.10534683132793546,0.08148745191978897,0.0017332027887887055,0.5345745857971244,0.037862603511576366,-0.0043437483638565175,0.2025628405091913,-0.216064048261614,0.22363787253688863,0.13186675560298908,-0.06392039683461383,0.15897459306528142,0.11858993497129829,0.1587117671842992,0.07147795715786681,0.07170150894312301,0.20981264374174752,-0.10415827533121262,0.4434981804948931,-0.15363088879183434,0.014753682080956286,0.06109179213099826,-0.03473684324497293,0.13149710008864618,-0.04294229861318728,0.10006330464170393,0.3340330072559113,0.021048761079320806,0.17094753032738394,-0.26346902901139385,0.16859074142140146,0.11014259162875117,0.14791497790766783,-0.09806434413768365,-0.04586149366506127,0.12875538062902714,0.02139960627691603,-0.0278667031470989,0.07395805576661714,0.11995620922874338,-0.3088275972562275,0.2350085220097575,-0.06691809731688247,-0.1684905776707769,-0.25297567542843274,-0.03608413083898874,0.05506762948421747,0.21666712685850584,0.2516214136446408,0.053820531111127036,0.2777065934420263,0.35803101438895685,-0.09232041070618138,-0.12122047501119596,-0.20482405018895086,-0.2889766621659111,-0.2778700509867192,-0.07335161535169787,0.1339685447142035,0.1248623897759805,-0.3532024679499277,-0.1453455468599781,-0.3330917904020672,-0.20263898766401456,0.10554928837726622,0.032835939059366326,0.1611934023720905,0.0940666271836496,0.20637260231141316,0.0657848848808786,-0.13842408798893205,-0.14379319511014474,0.0020592467655251427,-0.10607353834732292,-0.10779677445653842,-0.023103311792147387,-0.02200874006822045,-0.13489454159076963,-0.21657255671131054,-0.07895001453216506,-0.3431700098511495,0.0024149958654603823,0.11910689745936809,0.006888384935429986,-0.12345864308292187,0.01778421721997505,-0.22464809874901495,0.05153737623946784,-0.06985620111453433,0.12688735044421,0.12058983233559024,0.12672305112600565,-0.1146668413955852,0.07361159371731332,-0.20139292429849984,-0.9749068873342513,-0.2905856833359533,0.08152487363744775,-0.08303066911497894,-1.1817538394404823,-0.3670845853388825,-0.9033663027039899,-0.24974839625144882,-0.7168550950919805,-1.2845900157389256,-0.9787418313237758,1.4424334886373993,-0.2473581977593041,-1.3457943171726319,0.753774225006265,-0.6542786691506702,0.1850987351455453,-0.4984489339166874,-0.3335851840914971,1.2973671338202108,1.000617693702229,0.9483866070065088,0.19083975262174602,1.0604697766189033,1.8152829268411663,1.4217846527303228,0.7568588813877133,0.27956333570489433,-1.0821031249498407,0.025142455931243167,-0.9965662818158482,-1.4129838810941475,-0.49305833020923173,0.40661326967610645,0.36460825777951317,0.22202564378642645,0.3462952473902055,0.4772582158218481,0.1485946731331364,-0.33775100826198606,-1.1062361322510519,-1.4695054551651474,-0.5046926699153381,1.0701346246075578,-1.0074125666397815,-0.9977449655278491,-0.7226008367001991,-0.5807867030328191,0.09000872338132293,0.19073445400161584,1.2920007484615554,-1.000448342150695,0.10003929499691304,-0.8325392199396228,-0.5755603779172722,-0.24465453382569616,-1.6801101701421084,-0.9943589868822043,-0.9265261433427169,-0.4974909547527882,-1.121792553008447,-1.3202403710163149,-0.1868450379352423,1.0060897531602457,1.284396852155261,3.408924656977009,-0.9791918712560267,0.6326883168421754,1.5664158828987222,1.5051422066161455,-0.7444161022238529,0.9584792474716224,0.6592704992466734,-0.2668320501057116,-0.37690930611833584,0.6422526245614679,-0.09945191443162266,0.5517429872986903,-0.0851974669472193,0.8442399649009212,-0.3668006886484243,-0.6662427462517806,-0.7106715083926337,1.2597498619340222,1.457950543179112,0.9100176533764064,-0.6577673839256964,1.6937845217997787,-0.7200682049978266,-1.021132411942746,0.6752222621443603,-0.32941140808546204,0.2935217276093882,0.2645613144601716,-1.4661593209258421,0.48723375160451166,-1.4665601682781166,-1.2319677161247247,1
-0.31859653252184966,0.23670837185251786,0.14803520828176797,0.14441126038035068,0.008931695751111078,0.07844572177063286,0.15925436607825186,-0.15855741139921187,-0.0958871031319782,-0.4007050079348985,0.046849619470860984,-0.007650394401883314,0.08860470218353675,0.47545816514390793,0.06172925279374669,0.024752166949927965,0.1744602867713634,-0.2930849320152503,0.18832278780700845,0.1467874505061762,-0.04867303401034596,0.08419970133052905,0.1219735802085689,0.07925900212783357,0.013182860234964512,0.026501877650843685,0.2670943248331053,-0.08714190576347339,0.37920960002703824,-0.05344549113962771,-0.08098077839424483,0.032441430227019036,-0.11392513736856137,0.22979936075859836,0.008241946613169028,0.12703561686923165,0.2562148760214785,0.050899439987585886,0.11588410496296449,-0.3079309243552029,0.18492464459231325,0.20763459121082928,0.11632982374125508,-0.07061219234507193,0.01753439178016492,0.22193690790861925,0.037762705156720144,-0.034633727641888955,0.0939032922656324,0.08301234450869915,-0.28381643406221774,0.12362120041551232,-0.07644601019321162,-0.12155422461680904,-0.20140489331446532,0.04721527656619842,0.012728338865681312,0.12468970830236747,0.26007753072575585,0.08121562654186967,0.15192470132512798,0.32996351436016125,-0.08362585569920826,-0.012438065014164081,-0.19586258529403908,-0.2720634378704664,-0.3107667483554103,-0.04480101723348032,0.1339247432536139,0.04168347980923477,-0.2666671771489459,-0.1721185735954694,-0.334296771354778,-0.18263647489815082,0.09905692468969751,-0.0029665087618161137,0.11687003555535559,0.11331327129198475,0.015900429611780013,0.05794806738728919,-0.19228330461131354,-0.13794225297375787,0.012489142885891917,-0.09319944109070157,-0.21632448879343566,-0.057884786234790105,0.04854271224878721,-0.22053415168784088,-0.13481983035274644,-0.16511813544307635,-0.3823595195539905,-0.03830155809179853,0.1612020883573358,0.026954925535405794,-0.21817491946210799,0.07544570896711002,-0.2696562838317446,0.14737279051523733,-0.0830374275980389,0.10978277118062192,0.20005704389638093,0.14498392583251044,-0.26846824783991596,0.07071484153291242,-0.30517891607315784,-1.2358712490427894,0.8814606375374451,0.9759407421533628,0.019188063989125113,-1.1022951814440363,-0.6147033645901534,-0.6741865523632287,0.035237412096556356,-0.6443894674637275,-1.4560486820419416,-1.0749385306879862,0.8114726224288674,-0.6626598643168403,-1.2182139474877274,1.2273816452155757,-0.5438004974830029,-0.4025475361205961,-0.4568884051121923,-1.0106172060677021,0.9500132467057599,0.5782996933490925,0.5429047043816702,-0.004134664488805262,1.2507748530009708,0.8985701506847887,1.1609265836921863,0.17694539842591772,0.8032029096986033,-1.38650001044731,-0.15253528075331801,-0.5587753293360008,-1.6716485251802589,-0.4565743899727604,0.29815634631181853,0.3971527818241412,0.5146858605967217,0.7990431971587207,0.2165662404131695,0.40380399960931074,-0.14511199187922696,-1.2417924603041044,-1.378435736811626,-0.30928715057479933,0.899928308468526,-1.5024766911144816,-1.1027917411453227,-0.3939708077599304,0.017055574180590165,0.2753880691111691,0.007337211502309426,0.13960035589222125,-1.3481347818734355,-0.3609941911905319,-0.8878280792990054,-0.4144594554882862,-0.47387184482979544,-1.6935073269554475,-1.1368928322351877,-0.3175760496586892,-0.5468307631623684,-1.0412064958925384,-1.1672102707897907,-0.9695985345061592,1.3621742820844849,1.1125841502900449,1.0469373407009692,-1.3665174686724952,0.9397100722093596,1.2371471394528413,0.45545047478663675,0.40400930407809565,0.5480358062100302,1.2947386886747503,-1.0492136450094756,0.5840619474979803,0.15823477223032326,-0.6095738735610928,0.8926613440710864,-0.31576180952258004,0.47026625057760113,-0.7104349581214642,-0.7858474534351596,-0.8664385279271161,1.804671703905897,2.269613271084433,1.2309505389884818,-0.6134242965361925,2.6598986394833672,-0.8367606965641525,-1.2888058373643776,0.35270145993597857,-0.5126224047241166,0.5342731687690508,-0.3847638033802997,-0.8639040151112944,0.37374218713070406,-1.6565605887016723,-1.2203553085331815,1
-0.39360762169002533,0.09590387386922046,0.01613490792602903,0.14859857895229014,-0.1290429880844634,0.020570296324781568,0.059162248591138306,-0.19895023442691867,-0.08290796824475796,-0.4177407517711092,-0.0593967035005428,-0.0385121956863719,0.06381107443112351,0.42375197339327453,0.12855384936318176,0.0936317069697901,-0.022934783741778667,-0.21700743894119615,0.06858744600434005,0.0028247048388953568,-0.15861631554497044,-0.04522886380564485,0.1423796425416282,0.07769434844284985,0.032107075505530894,-0.02133031187404998,0.21824515331262268,-0.037247281809197105,0.4464457066147306,0.080110373284409,-0.0851861428866267,0.06426615559035835,0.049514802084539976,0.14931530240489335,-0.021567785586160806,-0.03066451895076726,0.12854709654505753,-0.02312751645533731,-0.014013043765723269,-0.4165257714847662,0.1604938908713239,0.13578293205059908,0.0500440452905286,-0.1057866974903336,0.05428448710088858,0.1651104370932872,0.13667073448880365,0.06006557355164708,0.049625037499479156,0.19328936384628378,-0.3119153681954683,0.036226258226911286,-0.14763996374056237,-0.16309686064674755,-0.17726836410128657,0.05580862167023784,0.03268986363915726,0.03335997535085067,0.1274353142747348,-0.008823883912165638,0.11127565958468598,0.19261536692595163,-0.18761732200824421,-0.040661673759920455,-0.14670325929217268,-0.17121426620750452,-0.29328281839223563,-0.20471055642999456,-0.048186871050549133,0.02942694129910724,-0.2462924795766719,-0.2345317205635947,-0.23935363936499895,-0.1634206577105671,0.07682302671713924,-0.22096798998852876,-0.01966738800380416,0.019151922596755376,-0.11836086081208255,0.1243773218339596,-0.09103019910877763,-0.14523853709918724,-0.1280633651384281,-0.07287346574251924,-0.2563333385639329,-0.0848062694831872,0.0696998710844003,-0.24707089230823714,-0.11760594201252417,-0.26443641154765823,-0.2702746522246619,-0.10115292324942902,0.1463522256779977,-0.07582843541177345,-0.32791151639510246,0.02793020219429595,-0.35387870767180235,0.1338763080232582,-0.14988668749769155,0.067814761280282,0.2337742340315378,0.08445252543641155,-0.4546201268462786,0.0506835868706663,-0.4556872643212243,-1.0846564627424151,0.3759653175979545,0.3684809539659888,0.1110714462180314,-0.9264024268772826,-0.7731079320215803,-0.8056836881152567,-0.4911102700356328,-1.190127954993383,-1.6335239494833285,-0.9162090170742663,-0.8801982850937267,-0.6668062065401147,-1.3988686870172935,1.5765688330978236,-0.7361861502629512,-0.3819773498969311,-0.778537106503143,-0.8872743550278074,0.629322123420346,0.2643646847527915,0.3320907137737644,-0.12089767085430426,1.1667946549122181,0.717575438597129,0.22687149376322308,-0.2760104300017294,0.6035093207037834,-1.174434782371398,0.9206036946638873,-0.6794162176259572,-1.8181070666020576,-0.7246153869707285,0.29428631539473915,0.1350868782195113,0.25796078263907196,0.5778811604703116,-0.3912910575684771,-0.45776930798166765,-0.7686826652288181,-0.8535007932482648,-1.5024980969201374,-1.486412282065225,2.250160593571404,-1.2917822037607276,-1.255811308293567,0.08448401196604403,-0.5370870070013523,1.2972467790795505,-0.11700153147577803,-0.2753849378462824,-1.2424512258264262,-0.13225221901716494,-0.7954161925323878,-0.5396630534105019,-1.3823796200703218,-1.5042897806563562,-1.2000161654676058,-1.3350203212846028,-0.27066733827291894,-1.2974021747251832,-1.4085684213186718,-1.2662364878416632,0.805412738587347,1.5461398845324763,0.8868676982897892,-1.243208050224876,0.22641902444994375,2.7512089011095364,0.4176514822063423,-1.005374979626813,0.5266163833530185,0.7518710672247717,-1.229562013340226,-0.7748185863441599,-0.0056790383763983135,-0.19365523350040426,0.7796555558080475,-0.8253971110878562,1.0553043328877458,-0.2658175751342297,-0.7556395931839899,-0.8000175906130229,0.5045845441897346,0.9245641783682236,1.8032200050317888,-0.04602244350649195,1.6223349953845456,-1.5729371124889655,-1.5957768428546988,-1.2607580147335276,0.1356237818374026,-0.4326825844653593,-0.3607019709574814,-1.8347119259790303,1.5476930012489727,-1.3893642084641693,-1.2174378101468089,1
-0.4241631611160369,0.12971622643556988,-0.04186758222327332,0.19900695103658078,-0.10444650423718611,0.09217422160917925,-0.0034888002387630586,-0.23602722037696638,-0.11461278048167839,-0.46538290968429086,-0.13128970508732923,0.12730466057145426,-0.013253612863071208,0.4190450338898516,0.09362058614812307,0.15898295223338155,0.035122057957984974,-0.17790629590002638,0.008693233918024958,-0.016357212217156122,-0.13623906306154,0.1162396429831301,0.088231845343577,0.07695530665366675,-0.10011082986829133,-0.1119189399512709,0.17958998388234165,-0.028990357880611366,0.425249144762239,0.04861906376421177,-0.15725308709802904,0.07756792047995228,0.09361762839485636,0.05424287282092095,0.05055528952508361,0.007661802071539093,0.14930920706306042,-0.05277168509710869,-0.08906057086877371,-0.4608016287482207,0.19090519503170206,0.07466522004654559,0.02182764579484805,-0.008201720535456727,0.03030493453039794,0.06665408296904139,0.19199576091009643,0.04446134172275498,0.006072280224965268,0.09273806995759204,-0.2900731949629144,0.03994596962882342,-0.12297668101657755,-0.05434791637580815,-0.05490653038095867,0.06366225842549231,-0.038968752544311765,-0.09391593271471167,-0.008289527965867882,0.06859787234473363,0.0868976505583135,0.13583087722600218,-0.3231689212356111,-0.037406390815735734,-0.1089773709038877,-0.1717074769828586,-0.2242214632549749,-0.1412949113238068,-0.25229985584827574,0.014707424520275727,-0.20574589994980552,-0.2220741894349009,-0.22102413135335316,-0.09526584766757157,-0.005796296144272196,-0.27059895632100506,-0.02218446325857728,-0.10727298530245276,-0.03660302539705409,0.05951491362396441,-0.14932598789256815,0.05775187980529768,-0.24903954001247816,-0.08948608581740498,-0.34041312718082,-0.14904191493728178,0.057800746868906044,-0.1083235010560262,-0.1465690707549927,-0.45047346929244897,-0.21688088018407678,-0.06618068863724351,0.1622068141655907,-0.06942086106999498,-0.3517700388668178,0.057842296446061495,-0.3295029065980274,0.09357204717789852,-0.08703583289224362,-0.28647185991087476,0.36899729922063146,0.25070550966657296,-0.3348641152724502,0.13478790649777544,-0.5760947534913454,-0.8860944820092769,1.0368948960602673,1.056931808847778,-0.09045371783379764,-0.60940162718501,-0.7909730431449286,-0.5417737874685454,-0.25017014787934605,-0.988057251762665,-1.342205754236427,-1.1317759722916036,-0.9223019066746433,-0.5559606714864467,-1.0199760965124096,1.8041117240762226,-0.7785969114596867,-0.5541295682128311,-0.9429780702282256,-0.00435873455852703,0.0598697104287636,-0.31802565662897553,-0.30636127394214385,-0.3219594077241987,1.7664445953555816,0.4545716404572068,-0.5757144355977993,-1.3935213525578842,0.8492852776630594,-1.7237117696874344,0.702551576455795,-0.6867507296712684,-2.103124303198719,-0.7611010752116032,0.3485364655443707,0.5401879405217673,0.6327373341149317,0.015837513577269733,-0.9010258714973614,-0.40930896305434994,-1.2468530517887269,-0.9296255487947459,-1.4415840860296811,-0.6091056445514631,2.0745786846433223,-1.4557580018807599,-1.5452272152413062,0.07095319320149299,-0.10777938805492807,0.3091294782017699,-0.32424717547285964,-0.017683451014683913,-0.7960050779730565,-0.36699501962121545,-0.6302612650666467,-0.7031499400646679,-0.9009875877019023,-1.6309093248192374,-1.1254316102643638,-0.8797826384338068,-0.01589928216535462,-1.4144062485705646,-0.8797357818282332,-0.9278966760193679,0.8544299967654045,1.4312340721690948,0.806478981860669,-1.1272209431068085,0.5704113494271348,1.9819698699266237,0.3211526910361357,0.5112358485565448,0.2281978962688989,-0.49684034197113514,-1.1525311163365093,-0.21229501508838539,-0.155610347075144,-0.0399697787493828,0.4872989975728792,-0.5641359288177742,1.8862745246993669,-0.8288576688351154,-1.200594298983462,-1.1369027270773415,1.6802645582263753,0.6276666249820068,1.3204598986482399,-1.1339544394232426,1.5036884141426141,-0.7953343847858161,-1.5293004205593415,-0.5265093294004952,1.045201408506773,-0.06536352503102219,-0.06445611988285588,-0.3403842282844049,1.0655451861896037,-1.3049162672882586,-1.2791688230462486,1
-0.522886013051976,-0.05644452694835369,-0.23925650044300287,0.04860182829269143,-0.19172315917787464,0.09728138808940445,0.014614939444188575,-0.20905512934370457,-0.18410573448737452,-0.5183854435956263,-0.20549530448591555,0.016940818787919178,-0.26638895720904127,0.20637289185920957,0.01566738665379637,0.14618579573656115,0.14116866661133584,-0.02677726532300779,0.04793242102054854,0.13209479906070967,0.0228293175919031,0.16414340809310599,0.10661451766185007,-0.033706468340655445,-0.1020765462091536,-0.12723122240549858,0.15061901160287378,-0.02691828487801284,0.4932856210368148,0.1066891359776054,-0.03047136486078374,0.15227098678574671,0.1769969020124125,0.07407579378243731,0.15000988015296984,-0.04637133000216891,0.09458154342617206,-0.2423865633187787,-0.24850830802508658,-0.4023896136301869,0.24214307923394524,0.10813718225333395,0.1610335039979347,0.12744702081886314,0.16620951529044592,0.16218579044456954,0.12706630497351973,-0.11060810512479961,-0.03480286552212854,-0.040500798497953974,-0.2655787662689211,0.2183174396205733,-0.0047989596025722,0.09574867562498265,0.06352513340507589,0.16026263953334666,0.005848686346557845,-0.11481447785776869,-0.23181003100061115,-0.03855704022021689,0.13008340561407078,0.250145017842526,-0.2737857207032663,-0.06318933024481918,-0.032404205810249845,-0.05581194430909775,-0.08054432315274083,-0.05555660288103897,-0.1473065602561419,0.02780573061922059,-0.11995327633746251,-0.11661010530273523,-0.1606839308879394,0.045761608192968393,0.09492576415520534,-0.1912965389022126,-0.046851799375263944,-0.02168657198493952,-0.08829175369840617,0.08873209498966227,0.033250173950582725,0.22391272375007717,-0.15777855295438653,0.013315897461378986,-0.3210007431495613,-0.010888685559771199,0.10194476764475868,-0.019808631831336153,-0.18700049264567484,-0.3339748493798656,-0.2720361581236843,0.056728417401286535,0.2757118611224879,-0.03658539621753837,-0.32259677342073434,0.028853151317247132,-0.38016818427654236,-0.04033773701882899,-0.360468493822597,-0.37920760263846504,0.0770907596649595,0.05162741448866893,-0.379558315985818,-0.11720081453721609,-0.666185564846756,-0.6976416677078227,0.2132265286546895,0.8843918169148994,0.020276926979446934,-0.43967239877207226,-0.7431338640618883,-0.7684147661473447,-0.5994301416033746,-0.8893172256315319,-1.264714375511711,-1.1267314991067716,-0.3762002338124817,-0.37679336765119203,-0.7501628790160579,1.8371324644269322,-1.2516547223231773,-0.9305039966068795,-1.2228076515822939,-0.3687996212729613,-0.15521541806446645,-0.5117648542715848,-0.29580304515439215,-0.4581921578692378,1.158257220496777,0.43132918259939323,-1.0246796841212942,-0.7911994792736156,0.5205411016566901,-1.443271618727442,0.7403404299434276,-0.22939246566972277,-1.8425612704398069,-0.9328039333014192,0.9655694384418673,0.7931838245806039,0.16470408700848813,0.25464334333604316,-0.7979958128613284,0.2272397946648477,-0.9644170087288434,-0.01318831866814105,-1.504446747532842,-0.7238158120595781,1.419522767798097,-1.560437352844576,-1.6023231262511697,0.07953390385420198,-0.8503734528884437,0.513048673870971,-0.18172333181993477,0.329465134949037,-1.567486468333525,-0.8411256199119093,-0.856904027104026,2.0034288816484445,-1.50687046255654,-1.536402305120786,-1.1325855058122494,-0.29965403802712914,-0.42879590680439955,-1.7035111094694364,-0.4661981900259506,-0.3111259758919732,-0.6313691534125397,1.2871452586781276,1.421095221028201,-0.11154913455894934,-1.0305747619228165,1.2288121014605784,0.9936877140872125,-1.2815411603237403,-0.5334007903185158,-0.1310684984652064,-0.7223693376203428,-1.3777268391700785,-0.6400976280559465,-0.5917677979316305,0.24141078399147037,-1.3965242168166194,1.4396472645247629,-0.9691342289217635,-1.6380815439363205,-0.6622473193873618,0.715388550821907,0.7637934475462658,1.740933631544621,-0.41380961185253795,-0.7166036802844757,-1.4730688972362194,-0.5066323675545765,0.2919400397176401,-0.43129265777834497,-0.9826509073438068,0.6684584296186018,-0.34947758976556925,0.7570882482075809,-1.6359504266703884,-1.5523548348038787,1
-0.5136396508019122,-0.15563096904112045,-0.24905378544504164,-0.06323523880963074,-0.17017166377873522,0.05766080680547658,-0.01637201876496435,-0.17336865619144065,-0.18618784219483867,-0.4384955798951523,-0.16477223773927144,0.07631545700733863,-0.21880990325584293,0.31032646058240276,0.09634036613792032,0.13792419709643977,0.01216682861758491,-0.05167872031653109,0.030007788481317646,0.14153427786082445,0.03337917195702456,0.12549769513234826,0.07939473216769374,-0.06310954195635683,0.013237517961431808,-0.016919427821198457,0.2231652600974107,-0.00888861869571159,0.43534350596457816,0.14728503766730597,-0.1025142338308937,0.08359043360939969,0.14268614854571984,0.1486312249673736,0.2746466256506512,0.07313198118063337,-0.00595790771141525,-0.3115067460268342,-0.20859819492615664,-0.4158637610661569,0.29869519436139624,0.09661970043959889,0.11695692694260558,0.2080649613527491,0.13807009215750998,0.13535576592409504,0.03730044605208467,0.003014958879104083,0.006090947918305533,-0.09072515219224221,-0.23811314200071182,0.19743273210431828,0.0700134818169638,-0.02002308847100129,0.06687700078486113,0.12068411494873263,0.003002605174528513,-0.16081712097457898,-0.14468145977732466,-0.08239990516159887,0.19024717053949433,0.23391087163487287,-0.203943003447034,-0.13082859308722963,0.026971235350090175,-0.03133712084895523,-0.13285333957830275,-0.019008007225329346,-0.13024107168012605,-0.0069500759295214815,-0.16123424773285328,-0.11705472567074605,-0.04915198273430547,0.03240061535509897,0.0502763731670502,-0.22645894532213523,-0.04334237323794017,0.06517558509068877,-0.022866418360008817,0.03828460097502703,0.0802907556772654,0.24582476876136186,-0.15184141837934903,0.004079837457834655,-0.2700996215023229,0.0506504821998658,0.07196827926286317,0.03781666510260529,-0.16841368799130566,-0.22574153064595032,-0.2617815904962252,0.049294268823453315,0.47452682144541464,0.0009701998559773791,-0.2708477361690146,0.09488614171054266,-0.3346733541163485,-0.07940046626437572,-0.28043235375779063,-0.3774142725654308,0.07720405155743043,0.192735234018005,-0.33497816891632237,-0.0333137034118794,-0.5585565167026115,-0.359742152111201,0.3814385217717405,2.215133362305193,1.5413658191896893,0.8873987443730302,-0.6670116936984837,-0.32629469422310275,-0.6755677614705334,-0.8106212316755609,-1.1366609558577765,-0.46660611752447534,-0.2343878785108346,1.0381934958734644,0.1438611796333716,2.435504547034667,-0.9682614549622329,-1.0777288514256655,-0.9585354605071628,0.023248046243003348,-0.1722494400128713,-0.33031073224025953,-0.715074402498313,-0.5533971186673111,2.0855251321947397,0.30214764201343003,-1.1972708307088773,-0.675651555310313,1.2601181462468156,-1.713288004279109,0.6695982495520022,-0.5558143225829658,-1.895144208219106,-1.186864229920186,0.9488543407324123,0.5047137179046535,0.5746711294864164,-0.26715775489639815,-1.2340087943047398,0.20217175071474824,-0.9747216630081205,-0.32786382361064964,-1.3933924106882767,0.7500226418754314,1.0253489494365624,-1.5869299103294563,-1.5262950268265716,0.5073522709869138,-1.2847527519047324,0.7711817153544391,-0.03435322231430752,2.288445569636556,-1.6531886577324684,-0.6049229909444798,-0.9771874683123297,-0.013172035562988016,-1.968021293227495,-1.5876146928298993,-1.2132404501505516,0.07431760857918245,0.26052675173150847,-1.797635372703677,-0.39759005571699957,-0.3083077805184134,0.3809826030836128,0.8285558194559284,1.333937719271795,-0.2858529626492692,-0.308161537539324,0.624174131725718,0.9247972249505527,0.4370939887077021,-0.5586869318026808,0.7251066527179683,-0.23711865962226084,-0.5581538963780867,-0.6962783908252336,-0.3433109041292088,0.7474110481509075,-0.8077444161808599,0.7799051066351456,-0.7602205203124801,-2.182709093400568,-0.20394236710768757,0.5713605586998629,-0.21309105054667035,2.5461166334581002,-0.3691422580046266,-0.4618391414815491,-1.1796086460332207,-0.5780014360064195,-1.0222406278587328,-0.5361606872238383,-0.963236863481067,0.31404642246160724,0.8945771123118555,0.7443215959526467,-1.3564945356654639,-1.5862801023764095,1
-0.41917069196658296,-0.2009050526051891,-0.07802919590442293,0.004223923297601288,-0.20296261320537212,-0.013743059955946347,-0.037367044753146145,-0.08508974968764899,-0.2904119036395164,-0.39725591968998086,-0.2286047326727227,0.07786298075600914,-0.0723413370441878,0.4945208469011142,0.049043658121362285,0.2596474717655408,0.1534536973583128,0.018778370859432528,0.16009519673643333,0.11312660866005672,0.04137506916914356,0.10154862900163805,0.13961477145479387,-0.08508555618920072,-0.005965249541530572,0.10203916406891533,0.18039301317824175,0.02240434065297081,0.4933379655467728,0.23682861170239727,-0.020154572891643352,0.20066075447219972,0.02846101600283236,0.06916139884231762,0.27834129017118725,0.052167368603152825,0.006705430055815033,-0.19622540030016275,-0.013750181522232926,-0.42751282899218485,0.360385694615208,0.10037440059670236,0.25170719968336275,0.0563307083835804,0.0814710156971599,0.295019382882962,0.07190075321894092,-0.018816048442385814,0.07744755770828986,0.046906615314944076,-0.302056293054435,0.07769782730688542,0.25346045568601994,-0.12274827022423138,0.04872873695754578,0.12400722507746732,0.010607459339062994,-0.12035203715323606,-0.07874897723443712,-0.059321570272385125,0.21985140591539648,0.33245324386305,-0.21301813904277625,-0.0709619514237362,0.12519807695793878,0.16715886729661658,-0.09485298528548179,0.024449537130031045,-0.25607440873721216,-0.10855602651612722,-0.23290222169943572,-0.09246615622797821,0.02927531458767304,-0.09137360276499817,0.04641407941479584,-0.1359488510880872,0.03974734713051813,0.11713664549316019,0.04087563778357959,-0.08511916939358126,0.04208127848566744,0.24634123931327745,-0.2702065551097737,0.05645333480756755,-0.22656242151092848,-0.007903882278043305,0.03510725146404409,0.025111451866369247,-0.17611220368408037,-0.22912849496722817,-0.08328561235891387,0.02649566705699841,0.29264036699542895,0.08762081899973828,-0.21136998247510247,0.058593879589690076,-0.24875795381274263,-0.06874016953398386,-0.29627883708003955,-0.2822434222764741,0.013764302236910362,0.20741468068187438,-0.289330604280576,0.10594636885933834,-0.49213537179307565,0.1003542511115955,0.7594679507784137,1.2194618508862103,1.1786858833994824,0.976748294025938,-0.394266166212785,-0.1223615989565879,-0.17161463327464155,-0.39700594108648657,-0.9350366013661251,-1.0283997244734764,-0.2833130928943021,0.7161639318676595,0.8373224752185234,1.5480787838524466,-1.150168552194463,-1.5924612415021946,-1.3267368695502078,-0.5648053994638518,-0.41701080572756866,-0.4449899572259813,-0.9304320194531244,-0.8453868854733129,0.2604150316390409,-0.9510802927978076,-1.1065558471507926,-0.7532008461685491,0.776749204489924,-1.6365138549975928,0.7844962368691912,0.8137065853198605,-1.6136538563732141,-0.2838670678938628,2.2187493426833735,1.4319933451175035,0.48273687470675414,0.07862542924293689,-1.015874803512199,1.1742625971690923,0.4153730295485478,-0.3212997464084234,-1.243331289336944,0.6827964980515939,2.317890486511172,-1.644441109789708,-1.532288167304493,0.2328448338013413,-0.9840052714948471,-0.15528930367678564,-0.12863229064119883,1.4782398380005868,-1.212725712367828,-0.2082851796255605,-1.1079136095785014,0.7244986288632437,-1.2831875013122855,-1.6734935853683248,-1.2041368548913847,-0.6253239506850818,1.3424060969522462,-2.0292585684777595,-0.35355232592675134,-0.9708024785350741,0.600447327165909,0.7168180976111056,1.102923739507611,-0.9157614892413903,-0.06714463411006956,0.3438486276492634,0.6451936216516931,1.0407971275539902,-0.6202814057407321,0.5486423654685211,-0.817705020119827,0.7482247348993668,-0.7681823976218021,-0.7201456623016466,0.7729346880165752,-0.5238900221234374,1.6497624298771063,-0.9545278426255046,-1.9660286948186823,-1.0497514238219183,0.7545805630824401,-0.39048456779470075,1.8715481587043614,-0.9981464016831283,0.04448123819669875,-0.5061893232999404,-0.987555136497859,-1.0064284184032537,-0.7086598550586729,-1.2826012617986924,0.2501096731933193,0.3026031568547021,1.547032636253527,-1.6777403852726929,-1.648250438806689,1
-0.32921911481964833,-0.2932512542594824,-0.1281726750648933,-0.029641790308150017,-0.22643273039089468,-0.04312509022502206,-0.06824608833999558,0.04356527888830579,-0.14239934318353467,-0.2123751739740609,-0.2823364291900768,-0.01309099599880159,-0.007939824392857123,0.6415802478678782,0.02266898414176195,0.35827702631318,0.20279873913622945,0.005127928040971929,0.20648498103838028,0.10214816810261478,-0.011430714836176633,0.06873842609312789,0.07992598884408326,-0.06874425725421972,0.05394679230640632,0.16611350992067966,0.1434503335003699,0.03900473754339466,0.5079645235005261,0.195846557311135,-0.0654352130915981,0.2744018265845872,-0.02567676187885381,-0.09879442273662445,0.16993130454316543,0.12619118357893233,-0.003624629289109139,-0.19765707501285748,-0.11478583331933377,-0.3383961075329004,0.3830673301197222,0.11539276621159657,0.18297205111233092,-0.018965577889626637,0.05157067630825785,0.2559750425759113,0.15714272502672627,0.11218850275423169,0.2623911955890296,0.03571174104690319,-0.2839178336315638,0.08023278537550292,0.24921770046904557,-0.08256107721832427,0.1359876383724893,0.1551226196965567,0.06982297931303072,-0.15296470617532335,-0.03490516031150662,-0.05113902666585111,0.20776541220930533,0.3108588642045094,-0.05597378747689345,-0.039875979190098665,0.15405132394065776,0.1842839058191052,-0.148756123428729,0.051780060126140295,-0.19983506191592568,-0.09774458485027837,-0.068483652922591,-0.01688023636167595,0.08130986195359426,-0.08937486060628565,-0.0196017715063026,-0.08858938405845886,0.006019314635885882,0.0886471889942878,0.028284443883553306,-0.1226590501283462,-0.08946172830488258,0.14920939374957193,-0.46319717699564006,0.09396190248321999,-0.0870179680196676,0.10087760009271635,0.10237968734467788,-0.1028191798643562,-0.15336190293260676,-0.13863757519890993,-0.025801052575488655,0.1312564359449449,0.1571009587652348,0.0995864790820796,-0.16872593065119276,0.10816078069972494,-0.2054816573846006,0.058495366533576336,-0.29691920389789095,-0.14361074094103543,0.08611368852896471,0.07211156354399219,-0.17229182493227557,0.17997484092692062,-0.30024261494500515,0.7967298925073085,0.049187673743730044,1.3948406141836518,0.6699373721187045,0.7820168036381298,-0.08385964948103851,0.13876243213449094,0.1051095629164879,0.006074939311871283,-0.6619248090468708,-0.8231421956733971,-0.42714465341165914,1.4144953035085344,1.3367172248416892,1.7886149960940703,-0.09221970781812279,-0.8793483157148443,-0.31059277379810074,0.5333083701768796,-0.2762487152453069,-0.3703963171197119,-0.31917383852460873,-0.5024441809185464,1.2539394368559527,-0.5336253215315604,-0.744186468686589,-0.7789713585372373,1.1440383760012671,-1.8075798482154046,-0.06147295616285096,-0.17918227438362097,-1.8925318038581165,-0.7397185951689499,1.7356889866450065,1.1661642332009454,1.4160994368897835,-0.47775359859008565,-0.7873759615842149,1.0065758523050614,-0.14970097198786153,-0.5127007578643253,-1.4084455528709523,1.5350491921296392,0.9896175962495946,-1.4514336054500656,-1.4576172375257164,-0.365359943616659,-0.3581119010770548,0.5109662940167081,-0.13225832110643068,1.3625621738149198,0.6343489239173711,-0.6237163120279354,-1.1414972746350482,0.3731707666007143,0.21638062617105122,-0.9519502440973718,-1.595329743287113,-0.44702811101308293,0.7093397269181224,-1.9961620118053092,0.221680827933544,-1.0586448549815544,0.7579329509914479,0.8152776967414244,1.3847355166311175,-0.6693840370561863,0.30152992056542877,0.6647595498055366,0.8662977052423645,0.24270217339658032,0.16451277782965096,0.6763369964801295,-0.4236071291160025,0.3206830790226667,-0.22866282942108032,-0.9293894072465932,0.6501117764224558,0.9870719112474943,0.9680503446401796,-1.2037694655392186,-1.8939824768798197,-0.23446037307356626,1.3489173075496812,-0.6049425297062438,1.6374093021628977,-1.1509127234603456,0.5412088412035202,1.0518769989776646,-0.2827587478109947,-0.41863417108097634,1.6511994583222636,-1.4814002326199345,-0.2271676477672697,0.9221722360613601,0.8418999140475618,-1.6013218598065495,-1.5529603593345793,1
-0.34074174811132535,-0.2951205889322114,-0.15282667498103686,0.02877576208986727,-0.24038533961465086,-0.021671208611885803,-0.07234570286463254,0.1463971183524475,-0.06835664453726284,-0.22230343720639884,-0.15274581312835606,-0.008752906582658315,-0.05386684154108329,0.7632706439561322,0.07109035290187889,0.2913967350925642,0.1592894784762399,-0.04062905981396371,0.2537295091006204,0.1833706703348501,0.0019351177670126954,0.13392704070875203,0.10435438877944915,-0.028946231405215378,0.0955995465405666,0.1790358030981546,0.1619947385538719,0.025704133621704896,0.5281403163772911,0.19992727895284135,-0.12182530013664371,0.2038359069131175,-0.0791908359500844,-0.14322259630266782,0.12018066246259343,0.1623148579392873,0.06094163987103337,-0.2530323025088553,-0.09629166211820182,-0.3265057738604276,0.4589413715301035,0.08446893371134472,0.23839456398911757,0.004204553764486342,0.007472668133601384,0.16512065950322077,0.060754661926183194,0.14423865303038005,0.36224722116547037,-0.02954880840893869,-0.08040349207781432,0.06961352197093951,0.21070885744353648,-0.05983577287354811,0.1453033485775471,0.1417649446939706,0.10167971539464911,-0.13580371398032265,0.00132173992154228,-0.025041416736127333,0.20225324211555978,0.3407969979804671,0.0645988847276721,0.050940296331134144,0.16797540669404157,0.2235958184670546,-0.18664712445392356,0.15078191251568238,-0.12260056677570062,-0.018428233345966733,0.08053360462572358,0.10048586527898629,0.07468854190732414,-0.05336342832415705,-0.13283309816119354,-0.05115115819092784,0.10241655604365292,0.28743401569049337,0.18854243884335,-0.19606317642449253,-0.07679552975110601,0.026247591212983024,-0.2874431416264001,0.1431208713116753,0.010458993364720394,0.12178952974092361,0.21334837317937635,-0.199098576657372,-0.0981998270348733,-0.00849790659674557,0.06582762295039236,0.15286141450222213,0.025770637978169267,0.10506446841340554,-0.08425584689318753,0.17431470235350813,-0.23695935303116616,0.10014470992836652,-0.16855053099587233,-0.09998058778125213,-0.0209916179960674,0.052982022085838625,-0.12847034785342704,0.24624855066209972,-0.20532497453841705,2.790482032340311,-0.2772647049337454,0.3053336375693752,0.3039105270590944,1.4041638977466786,0.25861672173546557,0.5153460237973544,0.016260819174134803,0.21197952239899642,-0.14149799885477823,-0.4858779865758441,-0.3692113780040203,0.8171909981528477,3.483139902894932,0.7938723273446133,-0.15613287333940565,0.6805012005024841,0.5481644231413692,0.28197268996233,-0.09511052866505428,0.02287761642220562,0.476235861578088,0.2256464720230151,1.3132103269579625,0.4097830510909925,-0.34067265672908387,1.1105485385543845,0.3358546701688825,-1.6187007338808341,0.02910204222882304,0.5587862270207137,-0.9183794169543288,0.04549677894658142,2.3329835087649875,1.4345906131330388,0.9733172472391227,-0.07247578240635504,0.3459612501435471,1.1936523298453108,2.4280045740779315,-0.5925499887401592,-1.430876657430741,2.6447049477044575,0.6320881175646955,-1.6484058235344041,-1.472129935762152,-0.11739427055552724,-0.5525000297476025,0.3316117997855921,-0.40595803069663783,0.7033795150907635,0.08600267178902293,0.11305182862742345,-1.318933248132696,-0.03403331325395654,-0.09813450705943574,-0.9618446723699609,-1.7321613366066524,0.13992558421052034,1.674561381495829,-2.0337282162853496,0.2865921803098963,-0.25233230360195147,0.3948633003443019,0.9219171041182675,0.5839387859236235,-0.44207209687693866,0.15919141557472996,1.0119390108606066,0.8029243747447501,0.17290254110440773,0.07520605255026033,1.448058807083576,-0.7984181683814666,0.3904425105598708,-0.4210513444963293,-0.3810151478991166,0.33189925059506514,0.3246767285759475,1.2322641740921993,0.39886314440880644,-2.121702325025699,-0.6223956946611079,1.0122635262520858,-0.37760844757970286,1.048906086828582,-0.5722591737540383,0.06659105292861332,1.184824083804532,-0.625942353306752,-0.39783603412968666,0.594848606276388,-1.5839159611428617,-0.6373623235486285,1.3434020286473127,0.7187009536023918,-1.5787949826049184,-1.5890808578709912,1
-0.31350681167019134,-0.36166830254915927,-0.14220628344922775,-0.03748634856535811,-0.24024932488173623,0.05550948117453781,-0.1629991305191059,0.05557326126344369,-0.01891091797311555,-0.1194505531721429,-0.08776441372559034,0.03683458364906863,-0.1575901143575701,0.7903823045844769,0.006933213428542155,0.21833974363860334,0.1960859291832717,0.113302651607167,0.19252050491177272,0.23732675082570187,-0.02771048579071934,0.1393484206290903,0.1260051366084816,0.08655324454627657,0.038377266187251215,0.30482631224015444,0.13713212132121722,0.04112739597302149,0.5791171402126194,0.1414625599290844,-0.08795410072356033,0.33205287754470136,0.0570252533406967,-0.1510224868002732,0.055557550004045136,0.09455182336194382,0.15743628763863737,-0.3356832253822095,-0.0996086903693552,-0.322609927881739,0.5024304678130553,0.08140305832863236,0.27966392850141064,-0.008833108446769095,-0.07238980056031576,0.03166158814871613,0.003395581787282569,0.205684762040322,0.3115056555169759,0.02083071320593741,-0.08661169666262883,0.09406117209071671,0.1766945453518987,-0.06555631833945194,0.07329537852500798,0.1209644398075276,0.17577570074504237,-0.09413073473848045,-0.027292168932029195,0.022374678355831394,0.26540483034468193,0.283382713673416,0.10094928684877483,0.13150132241110862,0.15998699237253491,0.1480843194920769,-0.126209259630856,0.21965423971452605,-0.16472029248533698,0.027271828808697197,0.11068321126705351,0.16814904089369206,0.03707550170260795,-0.009330336539505393,-0.19996259832420374,-0.047132690249533975,0.021206448681898832,0.30891875105280536,0.32857172687959096,-0.24096149010810855,0.00783664813949324,-0.04549791764241298,-0.14672348522906375,0.13808352608316748,0.009321921369156065,0.14412057276612428,0.10325169498086458,-0.1978245154786686,-0.047475948036981935,0.07011268741294524,0.12672222254180876,0.21446015404662858,-0.05740250706470432,0.09497635143756032,-0.030575147508591007,0.18347008332673048,-0.31203756031951235,0.11170635151200765,-0.17133744264940678,-0.03046640154239604,-0.09026363554680235,0.02220333585616886,0.016333502285649556,0.3232317354178791,-0.2175648350500555,2.673038692649582,0.09536019152674827,1.047971626946075,1.080196652105713,1.1092055868582025,0.6608236080788661,0.7331026921371869,0.33491341715257833,0.81600648343771,0.07842837768772157,-0.045225988094783905,1.710742172045294,1.1907218006232219,3.169583861624664,0.7579989770993287,0.034504102612668376,0.7975128159080821,1.4335948509503835,1.149261366535182,-0.21383070238277535,-0.2551969412055894,0.37155544769119053,-0.0012382162149743128,2.0919196193280527,0.4981996394005156,-0.19480903249053688,0.6234923822710727,0.2631545537377888,-1.267475210815646,-0.9513150750863284,1.4865024989193516,-1.1779632709214958,-0.5637919205373633,1.5573816516141097,1.0400405042457974,2.82609557525782,0.6505768441745087,0.2628805818651626,0.8124378674700853,2.562963906444456,-0.7027521441841539,-1.3654857764905302,1.5819157103376507,1.837303342628106,-1.5014862600655696,-1.4953793065810643,2.6966331078581507,-0.7371716230003091,-0.6206471309877842,-0.6614292254259803,1.734906081405061,1.16539098631495,-0.12109454021674844,-1.608641912384922,1.2201679742175036,0.21862765741166537,-1.111204547583351,-1.7485748427229983,0.4363218615499123,2.0320316755117185,-1.7886286318135713,0.5595949183148103,-0.2744610879287302,0.5888638748763759,1.0343601372646878,0.5676271177544298,-0.13217241732138,0.8078975219045689,0.8956600769001837,0.024645285564067577,1.2842133440108305,0.009696663211398641,1.0048525292524042,-0.5282526931934602,0.7125700355177705,-0.32654390764846886,0.5055315258748491,-0.10057972881770193,-0.029394308076332847,2.0402989825523226,0.06869351139647174,-2.013261409008423,-0.7914595763307063,0.6801854015285432,-0.493355921341866,0.5681523967273602,-0.3691632615742505,0.4207548983480424,1.1922828015289968,-0.5155168913143058,-0.5358976429790094,1.3551155202973293,-1.0333892188514888,-0.7204900654019232,1.4410616337345055,1.4424342999532005,-1.3231657893446536,-1.6445419101632621,1
0.722949682586963,0.7753292783713288,0.44895189332155894,0.35463238129628244,0.5338135756391943,0.5405420493225155,0.512391469517995,0.6764650586503215,0.6584191251040987,0.9421822896855061,-0.2901888722728249,0.23276957864652767,0.1812026739659684,0.5222013224326333,0.23972326572136102,-0.014965980053475528,0.4965688447546954,0.31299095827891443,0.2672540729187353,0.21859162285568082,0.5105077867591604,0.20104722127787633,0.4236510515126803,-0.08143962963981376,0.16454805864673724,-0.02307173143684106,0.03840206013784644,0.15012096525730226,0.2342556932178844,-0.08766573222715272,0.10925206736827267,0.22192069516589982,0.2481250584691078,0.19594354821934665,0.29151938955092793,0.1313140529713816,-0.15163929343504812,-0.08673616358568897,0.21445939062166616,0.15986481083852438,0.04152460110759108,0.4430573037527734,0.5003054215445921,0.29055808743207945,0.06455519985366313,0.03349281795604345,-0.06180184268313319,0.2946691937832579,0.09824843057080206,0.37506269207607035,0.5652899389351245,0.12389092828535932,-0.03405674919182411,0.11005698008041365,0.25007785930493126,0.3741003223952014,0.16590317569973292,0.15667551650158057,0.0760939125090159,0.3629484233598646,0.20503676689778919,0.19407503761253297,0.49837103495966595,0.4406348526243924,0.3739654738092678,0.13150304092289908,0.05581651967643602,0.21438937204956948,0.22015686607859722,0.2945514949635492,0.48167439828302644,0.11985162864077406,0.49280013955553476,0.1945943064358952,0.24034823488817553,0.07774724984818526,-0.07532627004310866,0.5468083879015793,0.4378811645918249,0.250480235302048,-0.1297170740618345,0.4452308179752891,-0.04161778859026752,0.06749411846042654,0.7319601028366665,0.28680923585747053,-0.21879111665295126,-0.1078679360717534,-0.061678810490071546,0.4432988404224927,0.4307442709422788,-0.061220290463172594,-0.002355261483983488,0.06539881016456706,0.1822443308638613,-0.09124672567536708,0.44274653948191867,0.06461956338785894,0.48295034449700264,-0.016442343375809677,-0.2534699392519561,0.33137869969479816,0.03785845183852833,0.10787487651858314,0.38334293756640253,0.47777691906209707,1.3727708134927787,-0.5270781167035622,1.7552443109692608,-0.09110627316445702,-0.5084875701543704,-0.7222472357841775,-0.6143652176322977,0.03779922272421624,0.36240288471433385,2.994084748904876,2.6190888046281944,1.3251918826446685,0.45018849012116385,1.037464147092953,-0.5512736776290338,0.024249343913835465,-0.8580471216240104,0.5449113877330897,-0.048005349790749836,0.3372391601436566,0.6763622796768696,0.39500388686214644,-1.3941295726663094,-0.5469324972913012,0.19550016356263739,0.1949669754737655,-0.13320036825637885,-0.8267641266067486,3.711918188167465,-0.19121424220750227,1.7292246824061472,1.4956027565704684,-0.5255032264257966,-0.2543563658511594,2.2469548021236103,2.2176935418005863,1.0984754254438598,-1.0913552312851955,-1.5238599145237677,-0.5248426389745048,-1.1067969495704835,2.2625956484452825,1.3645026465592727,-0.866335993249567,-0.09610069097258304,2.6512765911839287,0.5515775279403838,2.2586872763989465,0.15622889051234895,-0.4239662837349158,0.6952965203902525,-0.7261063594129407,-0.48181670198207405,3.0763369612848868,-0.3395144285203153,0.6429248758433782,-0.22217765336480783,0.7814736542005539,1.6654133671679725,1.512611830385933,0.695870716252664,1.4882445083405569,0.011474780106455012,-0.8182659935026765,-0.12387161213193883,1.6907474120979606,0.5349837769101998,-1.0955617067103534,-0.07620009728345735,2.0623512871837213,0.48546671468612596,1.6506753987524818,-0.1292193233609392,2.82948937920237,0.3428248460633483,1.74118640194814,2.353740665625135,2.153687717746741,-0.4612298580739596,-0.3197247946532576,1.0722703085074647,2.542172878094683,0.10288052697291704,-1.9863533248133436,-0.22636023968663269,2.1550495592947523,0.5480484710390149,-1.120578720344241,-0.5918991921221587,2.5947741519007668,0.34609660847680807,-0.34888822339171033,-0.6064677933029039,1.8590275837172725,0.21592546416406375,-0.3668161332950301,-0.3154721439198905,1
0.3017139304259485,0.40596819535076284,0.26080216552125063,0.12997457489520295,0.16209328535336442,0.16467712767891302,0.1279694788240546,0.16229986082628736,0.13196853927812327,0.4354694775488856,-0.5364303077950251,0.09242513011976042,0.02134709132558922,0.48615377076230737,0.06764295161578598,-0.1596926973099161,0.4732176761838524,0.11009168557648089,0.006433997758087318,-0.1624199043498644,0.1264106725691704,-0.1931674392225378,-0.003795744688762569,-0.13890898461417844,0.037532716010455776,-0.12531729192274593,-0.003168034137797738,0.07291957684355124,0.21716939496791288,-0.1271721793403309,-0.014824267278910029,0.08960790770486997,0.044646606069239814,-0.016785858889239405,0.11329645786596697,-0.024400205945182826,-0.1455741710294179,-0.24872470142515649,0.33323969890888233,0.11416275430038905,-0.1269073713392224,0.21610035790459955,0.2993425405198242,-0.05546627033372912,-0.09467651892620758,-0.0907628344015565,-0.12441778034659884,0.16490413037906348,0.043889577200718066,0.15315267552776507,0.47596918589934817,-0.20199743224377995,-0.31883020636990517,-0.25159543161670883,-0.1694330342670637,0.017591437455954404,-0.016586750954892142,0.021270299686467174,-0.06789165811918492,0.2876483867469677,0.06223259265897364,-0.16405368674973828,-0.005477721870729526,0.00793811088984171,-0.03706314462866626,-0.08286525635332288,-0.0322575439829004,0.10207659079224721,0.03465440899153182,0.14346089170688492,0.10988176118778238,-0.28664533295934264,0.11699545523845707,0.06908641778120178,0.07374219469730328,-0.03377952758294129,-0.15875154872317526,0.24585113882754023,-0.09276183014718727,-0.15203577170959262,-0.28296539361143086,0.21963141101099418,-0.16933721547044922,-0.11503461446136783,0.4480223834705156,-0.033623564309435985,-0.3500703966563313,-0.23389799763941183,-0.21797388258579084,0.25336670580277393,0.2592490842176148,-0.10243973224608342,-0.09329992585610829,-0.03791448205780247,0.05704278840860061,-0.12491093587400352,0.2709513502725939,0.0049458389378471985,0.3438876399031534,0.04932767891057706,-0.3465976589869247,0.31738523903728855,0.02198649709788901,-0.0018306607427928305,0.41399009277249704,0.8223081242756511,0.6757179534442865,-0.2971459858168366,1.0395439870413101,-0.862413648301366,-0.9882547989621954,-0.5578427262507235,-0.6448666010180643,-0.27742214156978917,0.2810298798722206,1.0214338498738607,0.8443202324245467,0.20848009276450663,1.1983329923657404,0.623283134746149,-0.5012760109882769,0.6764548167163974,-0.028078054340488986,0.5012833461379219,-0.4491287132486929,-0.3654509622541334,0.6641041119213886,0.6795483888961075,-1.559915836644825,-0.6619370247577099,0.1726147415106795,-0.1090714920581303,-0.6195473503910002,-0.984125194351359,4.215577445075803,-0.3906172263609248,1.8703886089793182,1.5744040958138121,-0.22276392460245345,-0.014321806832401609,1.1465564542320015,1.3515639586547263,1.2827348238663716,-0.6328654677174055,0.2265259708983337,-0.34317177904359064,-1.1334115007523256,1.665924775209653,1.3918736209323066,-0.964624812000054,-0.4573444960128035,2.0197504751993924,1.0646171281671777,2.8555273982658345,-0.21612072191739168,1.7153769526461857,0.8031275859211806,-1.1612467870457155,-0.4393222442088784,0.5697692478674662,0.737397359404726,1.4438770655281097,-0.3520269258499002,-0.9212579025710073,2.052339401682971,1.8704606647367712,0.6931748420311156,0.15465158913314764,-0.2752466387422238,-0.32687602084592865,-0.2571868993845918,0.6452937084359969,0.2359691418783723,-0.5456022477585096,-0.9464392072683264,2.179826091787264,0.7111848963557545,1.4425615953614281,0.016680528983520203,2.7820781959414256,0.3612527183068166,1.71684355394607,1.7568171418068022,2.276382136279824,0.2248327880532936,-0.37461508027273066,0.9792867240118509,3.470497297212194,0.016590396073839424,-1.6728258210659193,-0.5149325584854547,2.3310389172960226,-0.2640074719263065,-1.2782718608735844,-0.79468972015415,2.5289782385526482,-0.39540494663554215,-0.31349550339201315,-1.2418932658146455,3.5177594301721773,-0.593940698434865,-0.800117792150072,-0.7318487706141702,1
0.058679835416413736,0.3109930251252684,0.19110779801870095,0.15126972048962367,0.11459501325681426,0.06355217428812185,-0.03366434618474786,-0.10173079656333311,-0.06885483597227605,0.09497407161771458,-0.25955153587982827,0.17222574138982652,0.06708210265099974,0.7613950034722332,-0.010470463195133804,-0.12322979514570145,0.47705882192519566,0.09673680984831239,-0.06035478352437916,-0.23733868519548065,-0.0018879213725782773,-0.26543776283845816,-0.14832791876110774,-0.12946982745348434,0.01671510390301444,-0.1185314272428087,0.13173796276139313,-0.014913976410695603,0.16790490650228357,-0.07774341998714099,-0.2300368600487556,-0.06978559731195776,-0.05638392003623361,-0.09222358751399419,0.08379161460159262,0.058552411984805354,-0.15616136586510004,-0.3455426047905563,0.398104785384711,0.1974189891847757,-0.13828273798067853,0.04844187638171837,0.09377774495529947,-0.15345457448855254,-0.12552416541046832,-0.16430198275397515,-0.0011698094421849802,0.19837720338957104,0.10532988835449685,0.10666220731169553,0.3241350758918082,-0.2771558379997374,-0.3197170700155462,-0.29902168402997764,-0.1882396191264468,-0.18007348528808045,-0.0598368797343696,0.01639483907533697,0.0007880283412387396,0.25274954528403887,0.04797139024662927,-0.1405121692722536,-0.09160835662851015,0.01158588431746231,0.009280207854215865,0.010071128459200017,-0.009500002729957255,0.1873585501676754,0.15253371835061091,0.013723321338140358,0.011504906716225323,-0.5227633988483157,0.06969441788265611,0.1668499871336962,0.08349962938905306,-0.09466969680457463,-0.03891638541614389,0.10697564840437214,-0.27865705345846276,-0.3758944768475869,-0.10248241525178911,0.23753020256066468,-0.16600942223850998,0.12650264246015527,0.35248119828811697,-0.03332186442958832,-0.2625656849154732,-0.27423216997270156,-0.2544699846836152,0.25978005957828043,0.10605763215822174,0.03736672029880443,-0.1097660333567252,0.0322422720961852,0.061246430990992175,-0.21546820202352737,0.26658278632602467,-0.026766033871619754,0.1436752014652573,0.14055351995896134,-0.2129811200581206,0.31174909464935907,0.015246377056106309,0.011721789788582527,0.3169541110305245,1.3510751728879062,1.3781299060502457,-0.5184171918495035,2.116786332741063,-0.43741391065933255,-0.916074623018887,-0.869961338948278,-0.12471384510285081,1.0243162502475704,1.343797310727976,0.25388620087169467,1.3634420713738538,-0.4126993456510191,1.282696249860023,1.4961585595351692,-0.04824340080940165,-0.45518242569186823,-0.5750634036409251,-0.6124805877605033,-0.9518055552729546,-0.6652054221603402,0.7778290419571409,0.39101797424375634,-0.5336031840305844,-0.9036264008743389,-1.078721691788457,-0.6812454768695667,-0.31228599197312296,-1.2068252161140542,3.8140551213432277,0.3591174649625112,2.397073504648974,2.0422200503875345,-0.35705235521741535,-0.011230894300583544,1.5141658553020636,1.8784097021527155,1.3604947512743413,-0.5567647533325815,0.0034029103478190963,-0.019530817223321766,-1.16323634571727,2.015773193041395,1.5614940580122485,-0.9811177049369211,-0.5624660871208139,-0.09216478161413987,1.3315708865793827,3.0777862388730135,-0.13924051130469536,-0.9073217449630923,1.0539556027928931,-0.7267999409232617,-0.37827361299823853,0.7133678505792459,1.213442570929733,1.3888016258375313,-0.23411236983746309,-0.5808192669270186,1.0340180566944113,1.9634881031147855,-0.1017953468734066,-0.47436061344104363,-0.11835940775640558,-0.8576482244243026,-0.28462633484566724,-0.7664894617233733,0.18826078099550525,-0.9560770679681199,-0.418726447433884,-0.2724325814368499,0.5176616818987012,1.2250446050955908,0.36017404309958756,0.72025622170149,0.6154351657814763,2.038117791255687,1.6712757419442144,0.5984329047670838,0.517089663981877,0.17500108756017327,1.1167934694066148,-0.6412847745023493,-0.28323229939231725,-1.8376971826644997,-0.4417907906294686,1.4923943747874882,-0.2836168746471816,-0.6336917641472246,0.08560755265879066,-0.8403321320448316,-0.43982692216926655,0.22118959836508925,-0.10020576450921466,1.1212582558054343,-0.40701659041013183,-0.8132021189163496,-0.9573391147065698,1
0.011551257482585082,0.30886626688910307,0.146690826424623,0.024420285655128587,0.16025397367908156,0.03886050738261004,-0.024686208637562507,-0.1211135443649237,-0.0692861792358854,-0.11997735474363593,-0.2438705543221066,0.1011183434734191,0.02841340961141118,0.7470301278365351,-0.01458005509460327,-0.14958809647218582,0.41573097096038136,0.1613654164071022,-0.04999087906535325,-0.17182726590458697,-0.01302605044904246,-0.3206927955092469,-0.20497403219609492,-0.12569435340366172,-0.08769452669478033,-0.19187801579636618,0.14231934139123475,-0.15454752118331683,0.1462072154881514,0.00944093725260601,0.006337632188922152,-0.18193375720915325,-0.1375122929077772,-0.14526365294190074,-0.0515541875888074,-0.08857406735154305,-0.15861829141249645,-0.392258436469884,0.2994323264308599,0.11408719687384597,-0.044178087054909575,0.1276903743629189,0.02191349995290562,-0.2045539555147614,-0.1644360923220936,-0.19396229963332862,-0.06743118288411849,0.14026267142498933,0.03341466491246941,0.07936267965115258,0.2251723336204312,-0.3916394967845944,-0.2935380694491882,-0.24639735806216975,-0.13145675656045683,-0.14576835401243343,0.01376457703594335,0.11902582055273671,-0.020740281276963306,0.24688926975747114,0.025584752662879583,-0.20584415943807338,-0.06844554815235684,0.0035397087733455407,0.06553033081244518,0.0801672199834839,0.051517552951213276,0.14490552282368716,0.20384696781318132,0.0065817883820256514,0.04551614259462658,-0.4433704853865285,0.032078012335550035,0.19417645711013964,0.06294483746576703,-0.01737188747885833,-0.038105919541337976,0.12279788165192916,-0.3051870194301307,-0.4112891342524233,-0.17650771121798972,0.2386681235240394,-0.12151987309336135,0.17116615568254953,0.2807518648007241,0.02869457686833418,-0.17465542199668957,-0.32871023251994796,-0.25562831782754036,0.2811431475777949,-0.03431070267711519,-0.052371849321564475,-0.23626075472309033,0.05562767963024025,-4.320015568186178e-06,-0.23470188514240997,0.11120967412975169,-0.13563292877285618,0.1320765872986039,0.08430578836555352,-0.21597114142693913,0.2480154790804165,-0.038971685682862765,-0.04759273553854957,0.3282377434404053,0.1818207404159835,0.1995982216143502,0.018012725780307,1.416332181289919,-0.7235036959213784,-0.967089249898357,-0.8049423669608491,-0.27747889375283624,0.2013184868864893,0.3446261521678466,0.10669727915267914,0.6021642274493489,-0.3013505236125208,0.3786435569962998,2.5454737098580216,1.3898233768755168,0.23584512928813783,1.5691108609991922,-0.7061806109966786,-0.7079566768647347,-0.43804573995647567,1.2922204492723521,0.9445797545603167,1.6802555475283731,-0.6877427534900883,-1.301277368037716,-0.6555037759671608,0.46706787631345237,-1.5280988497009065,2.8326851537759787,-0.20320586988327782,2.2357856715496234,1.8634458047251532,0.4637377189033263,0.5903714866269857,0.11581467289767725,0.4768879247596786,0.020113718477959147,-0.05677800572373956,0.8716609314061831,0.44418694191377595,-1.047791270124018,0.963797917245488,2.6943340150262505,-1.2847292504764596,-0.7995666730438509,-0.5369824762760249,1.5378229241800339,3.3572456160210375,-0.4831360011122454,-0.13516672428040258,0.16199177450255947,-0.5199155287726426,-0.38003457998183693,0.6180771794523059,1.2829488607919257,1.12638377546461,-0.5518390716700715,-1.4372504916045576,-0.5020829163878484,1.4012875225150043,-0.05348087293614141,-1.1418692747909018,-0.914407000676702,-0.9201501524488643,-0.7420620952078103,-0.79730712590124,-0.3785061671048931,-1.087685431370341,-0.7942620170781977,-0.5289577445667434,0.6126783774593982,0.9765771748196711,0.14711274865097906,0.6061703527480349,0.7903878423761127,1.138732493924416,2.4683162542426706,0.009814086682740579,2.380331967115771,-0.3423215508530074,0.7119082433661403,0.03541497960156325,-0.9364278040892948,-1.5946734070639303,-0.5819810435678279,0.094149691570302,-0.6390889794235619,-1.0827635773387483,0.7026663704366803,-0.7970122431302986,-0.8049530462774018,0.1569408544055508,-0.046960362898187745,1.0932656911444485,0.5118431317229638,-0.7004893581143833,-1.1228090849251953,1
-0.0221097767776379,0.2576441784421259,0.18095162822383895,0.049721027641162256,0.13939330476468323,-0.0273561840647238,0.021950505803480604,-0.07254657633176431,-0.06651354198678251,-0.13754334099295895,-0.1437811360608846,0.13852876661819663,0.0012547723502747497,0.7147717185268283,-0.05026833347193818,-0.18051962628758977,0.447310277151064,0.1417016793407625,-0.05564119701570268,-0.27308995532861435,-0.0392850432146953,-0.29791711209400534,-0.18943607257967132,0.046478457594133056,-0.08384188983682181,-0.14757085480728233,0.07383803338401401,-0.18338918392416612,0.1720954122147914,0.07784038333388571,0.03473187150854809,-0.24453923094040492,-0.11576985985176834,-0.22335842208010895,-0.02149601519182718,-0.17618632265990844,-0.13403658869131013,-0.4437222584665272,0.3363167717535589,0.07930102507156861,-0.0392972007004713,0.06377748900950586,-0.11867236800729894,-0.15910999260752628,-0.21253375576363737,-0.11806153864089573,-0.15511422960505752,0.11384961975189115,0.007075303788304129,0.047287156250063175,0.2469952805100503,-0.42448485465543034,-0.3035636328685423,-0.19521349313345687,-0.10914784977868786,-0.2642229777553104,0.03841931754484779,0.07491362657990196,-0.06503240994594044,0.24042545394228412,0.00985554123042604,-0.13790100320945928,-0.11842062151095761,-0.09695140053447254,0.0027973676501112147,0.010676645045173556,0.08477403359060219,0.1743676806510756,0.18935155281090776,-0.04931504495835855,0.08045027885126467,-0.36272409534286715,-0.009663814245098061,0.04973171628838221,-0.014279780598022474,-0.037886741243275374,-0.10289746155053386,0.046775274916650254,-0.18065490143833907,-0.4500076232307147,-0.23681649422876566,0.11315547017621029,-0.19209616048630096,0.1829200445665781,0.15573104661376758,-0.07773896503820212,-0.1618036419229362,-0.31862851692218214,-0.28218202163482775,0.20281262839763703,0.03240221459294781,0.03023499348436726,-0.21984912685393576,0.013237179380578284,-0.010662387306944746,-0.23689885422179505,0.05163946707084235,-0.15953561606500102,0.1984589389772108,0.05081724322252744,-0.20386078415692957,0.20409176099964846,0.03755383471464287,0.04864862487934872,0.21780629429157858,0.4897821917784348,0.027839902497627238,-0.021318809703031436,1.98132202557387,-0.2263297790926467,-0.7518419439651396,-0.897458890785876,0.08362004118043019,0.9974899954375855,0.8445858913596206,-0.7439918304893061,1.1518941513631595,-0.6454509103915517,0.5539481825181577,2.4953726796904108,0.8213972296690508,-0.02129398290808193,0.474216957448291,-0.3188201741801012,-1.0026872335811676,-1.038815582522517,0.8652509454640724,0.5605618814183865,2.2051005028509225,-1.023969535276161,-0.6231839532497809,-0.9878218902484771,0.6553603901123709,-1.5216619191340153,3.189530448293332,-0.3859419616406317,2.4670558910384273,0.1545999091443806,-0.41807598357125514,-0.2598971744017654,0.17187235428004763,1.068334387685305,-0.010053790760571954,-0.007992896856462997,-0.13045302550127233,0.3502274559697847,-0.9472772519057493,0.3027683236008157,1.4185090319227125,-1.3748591877573038,-0.8445917431039978,-0.6138249089932805,1.7499686307830178,2.770608776068478,-0.617341443718066,-0.9946221139598505,0.48796948247674654,-0.6415681698447221,-0.20076285117442902,-0.27938438487680434,1.5300087004071414,1.6767863375375553,-0.4553445065350745,-1.3400502934603882,-0.2301961771630395,1.3302822315540204,-0.044263922064250345,-0.4252718474060319,-0.5234431687670983,-0.992921754683651,-0.441812384462649,-0.17918140566726024,0.0014548559015714305,-0.69438655566825,-0.6604558934581001,-0.15758764019842092,0.7676918443786754,0.6037921522114659,-0.6002254027538613,-0.1350058591466532,1.0900312103190921,1.141753798621366,1.6705366031432962,0.311691207452658,1.3146352904468688,-0.20951539762287058,0.681760005573523,0.21976584929793117,-0.8033061360431412,-1.1404869427509083,-0.5231376770729618,-0.44308992236995254,-0.4366581985472332,-1.398432037560904,0.39978211305858113,0.6309702859615788,-0.5159103670129506,1.605493255210095,1.0439637800117425,0.014154624810868667,-0.10400388994773384,-0.6461703161369665,-1.1246323348557752,1
-0.12508037866698463,0.32522442470819596,0.1773418421047741,0.09622046679623221,0.11732783966088639,-0.021299009014396637,0.11075405079796405,-0.13802005441780552,-0.14334719971688473,-0.1552328328134243,-0.0433922936047142,0.16477062872469908,0.11703075351548708,0.8210822506385288,-0.024147360748207242,-0.14382827270615955,0.45716361757520385,0.1917478439072773,-0.09013867167013688,-0.2649117582799665,0.006081462199418169,-0.3215428531897019,-0.12062776966292514,0.13765734098869675,-0.13296044508300586,-0.13214249061429825,0.26070801690303025,-0.2342743800323891,0.30761650658147977,0.20681352131637026,-0.10435457038016976,-0.23750314651695226,-0.18814066070087923,-0.3020884953684874,0.05866778726958259,-0.19276242809997104,-0.07653572996106699,-0.4277210806238578,0.41232889884038226,0.13972909675403367,0.015910860081789966,-0.009630032303383699,-0.22165237797833423,-0.22467132380318178,-0.11537231328947588,-0.14433516171457256,-0.1261448330624734,0.10176475718241307,0.17268781985102963,0.14859861879641156,0.19527166876703658,-0.4080036986240183,-0.17358316717247074,-0.14711387702968845,-0.1364656247993141,-0.21824089244975972,0.132476846168019,0.09197745117184734,-0.06449316526661274,0.2778268605426145,0.03416367719218952,-0.12223521034707938,-0.0812424750098157,0.00937295267669865,-0.0728121012649342,-0.048296695784574864,0.15681544673853873,0.003689922183518979,0.038280111228947394,-0.1574024650181815,0.10597627432453154,-0.12336433083268251,-0.024740818704580347,-0.0074617908947532,-0.08067552642225125,0.04504861115610012,0.042034465365794874,0.023163615994512703,-0.12797443591484356,-0.4560040964325615,-0.2099430389113234,0.08026046214890112,-0.22015132524835737,0.1719313723544316,0.00012254560381068876,-0.06175330742614856,-0.0739112235412858,-0.24366237599493107,-0.3371069305175808,0.09937570131455663,0.044316122266630086,-0.015533469185206627,-0.2201650584143423,0.13996116481795323,0.1387585768502199,-0.25972845516440074,0.145158077815469,-0.12878260675848602,0.18655982035727287,0.026185465497070612,-0.14852185096820195,0.2834388138544053,0.06300990053035702,0.10405067563994556,0.20649774341753566,0.15097873458647298,-0.3860892057816744,-0.07297332229012202,0.1553142690869453,-0.498083345889204,-0.2683444890549148,-0.43905663257421806,-0.09445826967210698,0.009726837526098452,-0.7382517586243049,-0.9095478108046481,-0.9269281673740427,-0.44128179396323836,-0.14757296823015478,2.5216679206565527,1.254453073043988,0.21077351792528753,0.8910172477446451,-0.7196654352787947,-0.44251821414259956,-0.26238804917729414,0.4454089444907371,0.6016170693031045,3.163017703324872,-0.6205148821395574,-0.4915504452342966,-0.2678252629565827,0.5825278054418949,-1.6818056401396968,2.137337173244593,-0.4878859271955153,2.591172779568919,-0.16556743150430347,-0.42459581569521687,-0.3157062919204002,-0.785628825068265,-0.12550388652698233,-0.8600136909054005,0.29715825793143064,0.4381138104465618,0.4799310359402942,-0.9594697592576337,1.3849488841061175,2.1367407312792053,-1.3410360231899845,-1.104472467536683,-0.9938418861999525,3.0455632258037335,2.486105589052282,-0.7420756808959084,-0.16093473632641528,0.832992841670912,-1.6151226667257923,-0.36731875024877464,-0.27470682330320606,3.4816716152377984,0.827258027744164,-0.531204124840313,-1.2858572271805333,-0.4717139335317452,0.5633807524268621,0.25922772398284505,-0.3134914280493648,0.288486322224959,-1.0002309402218301,-0.47276688662244504,-0.11357020450608685,0.37091487323636085,-1.4240052373707917,-0.765501060686267,0.23271038187812168,2.2444941091515465,-0.4657673160178766,-0.13503266281825935,0.5878199888277217,1.4228546618882059,0.2955489524223091,1.4635255101667204,0.7908997997381311,1.4105622928062755,0.6350377418764701,0.12431619868156714,0.5981137147233464,-1.1326890963519485,-1.1859216178564644,-0.6468341810865234,-0.03544920763665485,-0.9331448526962137,-0.896389560661474,0.8200797843971673,0.563265176429323,0.35880516670470924,0.43572554438554684,1.5596677158780292,0.19178510919935596,0.9295325340441873,-0.807241400637667,-1.13962870452501,1
-0.30278442625580887,0.2635681922071125,0.09402172650300102,0.179494963564392,0.07021655869902083,-0.158551947841388,-0.01899035507491064,0.04211454660189324,-0.22913948431198955,-0.160309599264433,0.10082062686529557,0.3273169215385789,0.07608392583603596,0.9103235914142018,0.006244283384253487,-0.22568697314736919,0.318116989694764,0.2018275451093091,-0.020445282574290007,-0.33656797724280624,-0.044132654954407144,-0.17714454870772803,-0.164184047127098,0.1371697567205817,-0.08070583679051538,-0.09094475333804113,0.17518373030167525,-0.1615353339462291,0.24502262377490297,0.126371098748144,-0.24602456083029614,-0.3275637949639373,-0.08222166948488768,-0.2923533142873895,0.07579662813433087,-0.10836064680283504,-0.1502907528054301,-0.329216903861557,0.28535237801718655,0.12025946361606174,-0.03571934750211199,-0.0623675293289727,-0.2558619488275012,-0.2548978578709201,-0.08496288445093192,-0.10825537043146524,-0.1552155717705744,0.10892323955617991,0.1292895164584742,0.10720359205310981,0.07649785275593617,-0.4874030171474799,-0.18215497000454972,-0.26422144423145183,-0.021199335902179605,-0.16263632268980707,0.06522101090907342,0.051436305714966865,-0.06960888601707756,0.299557661127813,-0.11406971781239393,-0.14538158174962193,0.055863388768021605,0.2049728325877086,-0.1625734014990992,-0.18168755641660783,0.19188568364188532,0.026541579901548137,0.05550712284970927,-0.23104380722778373,0.1551420199045281,-0.013657629395299518,-0.10868015517836346,0.03159829273081324,-0.08661803646940343,0.02767949963993737,0.07781326972685855,-0.0051204633824417835,-0.24975870381098855,-0.3057234829336792,-0.07471286417096036,0.06739769801795852,-0.21272264966566762,0.19678859253308337,-0.02892697108515936,-0.15760725152764588,-0.08222564916611935,-0.17811688984124038,-0.3811026330182166,0.08258248743738636,0.023809176687891367,0.009613146469511244,-0.1327395285965287,0.08580007598736006,0.07968844086368343,-0.3016385374250773,0.04507826007955364,-0.08091601845361483,0.09869134372947379,0.04833589981923559,-0.04474264502032363,0.33532738202450457,0.06261050207200243,0.111172918666107,0.17397866316044533,0.8879998596833156,-0.80916641483356,0.06002752595241758,-0.029272801208413694,-0.598186160628176,-0.4438975855574026,-0.4424872992520477,0.20932756525251245,0.7479049132921287,-0.20018208953553943,-1.0701812388435472,-0.4435032588671179,-0.6969654014561341,0.6364051026551375,1.9994505058518321,2.301913675985783,0.4806693238307209,1.5079536435984597,-0.9107413798384438,0.5507793082163358,0.33814830889546516,0.9798915216864993,0.825975249269859,1.685820385100851,-0.9716877308464925,-0.31618485731921264,-0.21115477562520338,0.8875009315544293,-1.7058660530669258,1.397554646760098,-0.466055921337061,1.8636015397578123,-0.7451802363991819,-0.8786819086314323,-0.6556070508708075,-0.7058680370141833,0.17139242655074982,-0.2892816171890525,-0.3265619441062487,-0.6081066755639721,0.8466646694664817,-0.9426335685435668,0.7852588871182618,1.8669415703577377,-1.3238363114396565,-1.20452814727669,-1.069436057943687,2.638021529490106,1.983419627107417,-1.0382632751801404,0.5914971994012374,-0.11174178155541714,-1.5449281384100504,-0.6163933365211114,-0.3129565762260691,2.584379150115417,0.5913383648808673,-0.44979709912488575,-0.8313991938872979,-0.3838386046757512,0.3085332982688193,-0.12762865036358156,-0.26727784269552934,-0.12099921600875731,-0.9322633158904257,-0.7644403787079198,-0.3389766727275186,-0.030529224329175413,-1.4538281769942407,-1.0899938503136144,-0.5650667315104314,1.608365884876751,-0.7392700686204638,0.2981841088155746,0.2644352760758421,0.6759162984146834,-0.6238153603084396,1.233733852756004,0.6133915271104359,1.0286388215464837,-0.9274865974210911,-0.32940948052143004,-0.5450170545190097,-1.2677669322955578,-1.283699516747993,-0.6448476200493851,-0.2592876632026619,-0.5847068134707867,-1.1706930951903889,0.5997323742006998,-0.7391219588569172,0.028470509472536612,0.21469984479946422,1.1256453850435064,0.4467028224576024,1.2140117263976578,-1.1267094719891506,-1.0664626346979336,1
-0.22789434364426464,0.25217254943770584,0.20847449371325955,0.22591956496228274,0.05420630323617531,-0.17642815215499455,0.16061523951147266,0.09022853813766764,-0.1690583401995483,-0.19962758577152906,0.032406491767831204,0.4136381279869086,0.0014055579265429316,0.8351007740302944,-0.04145282347262742,-0.2952893160358794,0.346169499567786,0.23823745898889628,0.002912506151924001,-0.2710718506423195,-0.04558372993878334,-0.14507273625839842,-0.12099158562172872,0.1430288727687671,-0.15563347014311515,-0.11161495824457628,0.22236695183881666,-0.11646406263296274,0.1951211407399368,0.1272679766748559,-0.2345878616319865,-0.3864533719238962,-0.10027166156827681,-0.292976668222302,0.08415052538879086,-0.027155361282041504,-0.2645608300518764,-0.21222838515175604,0.32286359247760155,-0.04059316389703784,-0.00032063583998378933,-0.16221052247294826,-0.1216430737927141,-0.3720000162444615,-0.14510206328136763,-0.05752750906458015,-0.1764467519962983,0.24353036255333624,0.16241842153667158,0.010941988326970076,0.0025748714573568966,-0.47925867329855937,-0.23367692032948068,-0.15977775432461688,0.0670341761173868,-0.24546025484103884,0.02861740826881227,0.09132353188866955,-0.10256662102351581,0.32968327252704016,-0.09174160834025356,-0.1438395666983864,0.1599874302125151,0.1894903620708079,-0.28119080021233134,-0.10723441307220821,0.21472381771437574,-0.049547113246151374,0.05895118429250889,-0.13877003836123847,0.07932336859972129,0.04864505500109236,-0.12443663009427547,-0.06140390236341554,-0.05384504703856759,-0.026775154625190874,0.06370952230013988,-0.07282885426098094,-0.35166600393154507,-0.2658157007800867,-0.08974886251311621,-0.03502715667010654,-0.17611084730728802,0.23672306565985504,-0.014065104652010036,-0.11620634819811479,-0.14457042283070634,-0.19956817663392468,-0.28873658619719295,0.09328242364061685,-0.010101981991389201,0.07247722743566194,0.03266901436847323,-0.024268903455515266,-0.016726349002602607,-0.27558699292913025,-0.0064304071774644814,0.0059082008793242356,0.09093169367971961,-0.00972515206093465,0.027407248531850913,0.3572783664278332,0.06593056018842872,0.027957405906229277,0.1612638520308002,0.1823418478911204,-1.6026027688914164,-0.2298143982362225,-0.500391606233759,-0.8680337719987973,0.29866245662668783,0.12420194952723887,0.30572186384326033,0.39007736323701747,-1.3645948768661051,-1.051451352675945,-0.3839071831990291,-0.8488728179793436,-0.2052001682642138,3.000879907669213,2.529268014142555,1.0833896275978712,1.8727706560501383,-0.7066086803563348,0.8173477636511407,0.5765485906672431,1.0320604507841642,1.3274749657720382,2.9640115491891112,-0.5168104371611635,0.0370780680347763,-0.15185586665512893,1.9848052229839135,-1.6814734885621612,0.5740365863786024,-1.225220518655074,0.9056760209846694,-1.0186002425171221,-0.5592068303638523,-0.48035452235016673,-0.6121916954810256,-0.4193644219477276,-0.42908344474009286,-0.5242373561852368,-0.945960598592718,0.38360609193842377,-0.9957719770727137,0.9505734719164763,0.9793960065284913,-1.5465984342308179,-1.2337565230850454,0.9140092036446166,1.5520945867273788,1.124863054093717,-1.1758417130701002,2.0745867307851107,-0.14008107765028127,-1.4032893311389034,-1.3802492623898668,-0.19979499914627036,1.547464908182155,0.18425978385393554,-0.9227289620064899,-1.1635663104607068,-1.2205889453308432,0.24036252655001591,-0.5108542128170226,-0.6335066977260928,0.076688305292556,-0.8603509381838133,-0.7924973325131112,-0.489368436984622,-0.035805037338920216,-1.2578953912646347,-0.8934986625335815,-0.26359502862766127,0.6183445047848622,-1.2665955836187748,0.2580724312650028,0.08898981912831433,0.31195731749809696,-1.1010068942636027,0.6889644851606801,-0.2368090414194696,1.0682060885654845,-0.7644015153028457,-0.6125715815378661,-0.06332186680594092,-1.2600399235028683,-1.5525503094532611,-0.923398511280761,-0.2865846802770548,-0.7087867550872756,-0.5623971445273804,0.3685759594956269,-0.744456227352311,-0.21421776032619433,0.7976090130383133,2.3269557269555876,-0.3885973100940175,0.527922639699652,-1.0245581213375443,-1.1319849226533383,1
-0.28628122686463864,0.20973464031514724,0.29238721633203585,0.2788277005513455,0.13008683808720486,-0.15852522766183397,0.2498318383505,0.04616761365443758,-0.16633654051573554,-0.1278577049037601,0.0020979718517403533,0.4133217696753695,-0.06613303131526899,0.7517744001805935,-0.018087034888902617,-0.17812066060870016,0.3147090269802563,0.19705144910707798,-0.06900672574814101,-0.2435214691448572,-0.028489133171617748,-0.1574770091533846,-0.11348756987738248,0.23707747249796113,-0.11806343046904512,0.015130732723901745,0.23880397278192872,-0.2083818570305372,0.2362340563394899,0.10129841660515186,-0.24036222393562523,-0.4971214752237828,-0.05758457699756584,-0.26447999091539076,0.0020853453802947932,0.05379642712421677,-0.31693916257619037,-0.1872200393288124,0.2971332023211441,-0.06342494899218182,-0.019342534996980663,-0.18071635933333763,-0.19934208031871778,-0.33656375397020805,-0.07643427369493683,0.06741281944778355,-0.14150678797279653,0.3738054374905296,0.17548810118640767,0.06140571873978311,0.06229672083604152,-0.41446546656404737,-0.2427717159914698,-0.2687116323942057,-0.01623017946840003,-0.2981525116261166,0.0028587295703043788,0.026274322575032247,-0.11267457561095029,0.37930190997391905,0.017006825104245206,-0.12624875887822878,0.10193447678380978,0.07040670708819298,-0.3076241461102151,-0.18381187073392904,0.19793171627627462,-0.10210756353077069,0.06561881447097438,-0.05420845047679615,0.0017146574019850764,-0.008252604355777484,-0.14927235150093504,0.02274357757093482,-0.023495716937964435,-0.08710568885748247,0.05764066548157187,-0.081223915075394,-0.2720255457297313,-0.2035720171418234,-0.12508176226869458,-0.021484017620826867,-0.0956110374320775,0.3027686732012163,0.03139375090740573,-0.10005207123978273,-0.0733386841881381,-0.0889549287937427,-0.2466784648345069,0.05594133999410021,0.05729740492236637,0.04754183612298043,-0.02635806522842592,0.010600996641605612,0.08259170264021445,-0.1643058296273274,-0.023873332156472762,-0.026191877988951517,0.05908874410765871,0.07058195286467019,0.04864086100242143,0.4077896284068441,0.09940277667796589,0.010108035577743799,0.1882191859697446,-0.5941357437177512,-1.8126067231163556,1.1267760546434475,-0.7941657239458314,-0.7153850211340179,0.15381088977837734,-0.02127987992531012,-0.30258239271878046,-0.19921652008074456,-1.0852227103095675,-0.11657077059215061,-0.6988943858880627,-0.4224257575855949,-0.9830474479104734,1.4410077222900035,2.3410231938680486,0.4655786829675381,1.5891515464911807,-1.427245553654843,0.4612096124563716,0.2434275300765619,0.5188028667433351,0.5357914155299413,1.2288398519323396,-0.9028246927989216,-0.143135618290481,0.04227081312798497,1.0749248907219773,-1.4723191778968454,-0.04581568119083743,-1.8210200376118233,-0.11396070451442249,-1.5834007353339898,-1.0630958421849828,-0.9068586752984779,-0.6215960528132116,-0.20679070585813197,-0.38055321447806717,-0.5292704775482626,-1.1088855600809213,0.3257469939316709,-0.8295220910753216,1.5845936175994944,0.9672837198767114,-1.4672723796557556,-1.4170149905988232,-0.7134449060527226,1.8948379558948023,1.5371822272795972,-1.3997171244134334,0.31865844704830504,-0.2011499947122219,-0.9291585498756604,-0.9762704439527294,-1.0401527632988177,1.928461994942414,-0.08333900494198386,-0.9442269708103556,0.7369113342213905,-1.1004116370699784,0.0035932079075075883,0.20809681464454544,-0.0986971427348836,0.6798481717385542,-0.913974297672177,-0.9358982930719021,0.5492631643865533,0.5856318298496364,-1.0685983018707768,-0.8661251255476838,0.5125842944434382,0.7076638308033342,-0.9952137546658427,0.6845771337649158,0.09889765833975166,0.6197512845968332,-0.4344602230604962,-0.28939567184060894,0.04184574691547005,1.3442211266503836,0.6782937979742115,-1.5322043274123625,-0.07232289157645962,-1.0805898058509282,-0.962438297980741,-0.8415536229325213,0.6156765508723533,-0.15571826991316542,-1.1924953596372332,0.0679273638186953,-0.9508342513352072,0.176622755356345,0.4690479992527797,2.201775151340408,1.0169545284311818,0.30708763845675807,-0.8082597197905065,-0.9748414336143455,1
-0.3007463285010199,0.26937739703791036,0.3066269544617144,0.3288998456199709,0.10882500009567914,-0.2201602792123104,0.24396933068788604,0.11062570691319115,-0.020504705777405815,0.015102755244388108,0.06181619613744684,0.43392210575684254,-0.1322576878033377,0.6850694338580419,-0.07996033968556973,-0.14470653299114836,0.20952316369848833,-0.0018577530244137319,-0.17535783779138317,-0.22915741957569263,-0.05108068667852832,-0.1202885400813607,-0.09441102984335457,0.1460579673642579,-0.0736175540790432,-0.057348822774135666,0.15871469293982804,-0.2965781705274039,0.2831539892515688,-0.10069515884446406,-0.330104796595786,-0.5689161130326937,-0.03415376209888375,-0.2188393051979587,-0.01414497120639713,0.17109547835209354,-0.3428989316106682,-0.15804300400131588,0.1262705037357743,-0.19456645649758691,-0.09181413964909588,-0.28683297912265804,-0.18526455279451132,-0.39186272771130654,-0.13200189083596256,0.017251444398572274,-0.2831024529809425,0.3831589856300889,0.17527763093737844,0.17079834327072538,-0.07493942147780183,-0.57306570042833,-0.37057229476441644,-0.36455737550079864,-0.10246570377799308,-0.4060230895038401,-0.07549557867352247,-0.039675757629082826,-0.09034217647469654,0.3457919667398585,-0.21914254619158252,-0.1583762486096862,0.09871821634741405,-0.04523559172742293,-0.3575278450606665,-0.22090002180456525,0.1494213427850181,-0.17574960100025103,0.06092692046075351,-0.13882785115534674,-0.12174535646929252,-0.061889783799833356,-0.2362220669324237,-0.06717354543954737,-0.04494856873054155,-0.08123993530838305,0.060843766942502514,-0.14787279320291982,-0.25406673368588495,-0.3021484521050704,-0.19236727404192097,-0.021198882457628646,-0.1378027444399544,0.3998851300247884,0.1252750686786788,-0.1284831492143201,-0.1050323549078088,-0.10013128926710847,-0.27359177083526337,0.08647250121726845,0.02859365183602874,-0.00020310564777405524,-0.052864448199729054,-0.0033417467518290257,0.0849799528246421,-0.20694375202126283,0.06876051367915328,-0.12679046943828304,0.1911109854599727,0.07538195950237349,0.018001927211837222,0.27913945187476286,0.10743604508784663,0.11754487293822584,0.14228119564019065,-0.23926585799681852,-1.0064295300344668,0.15422573657356775,-0.9860506619718943,-0.7972266271339591,0.3609111869810297,0.3095851791614133,-0.28359186039975065,-0.16709970399455942,-1.032237146619368,0.3632374214054752,0.32670744387096434,-0.6414306515030999,-0.649909602139849,1.110451726849021,0.7074684069451812,0.14578218799256978,0.13355641950355004,-0.9566539839499596,0.6944263723209388,0.6600627260733505,0.20203866351848598,0.22579720675845574,0.4886907473055862,-0.22527444338858016,0.19324948408660886,1.0960860976088136,0.5855773963813935,-1.4930747387192587,-0.1941865956982842,-1.831445487846926,-0.22694045832574963,-1.436786840704824,-0.7800521489856957,-0.6929691523014707,-0.07813982570543412,0.5663482604481118,0.7850603685868951,-1.083888418205258,-1.090009946604139,-0.42853804446249866,-0.5614932913571756,-0.6249604649931912,2.4200754265516373,-1.5216987959467367,-1.3672301676391139,-1.2823803987969957,1.9030851744590453,0.6458421487711228,-1.5611622586976661,0.007384588931534063,0.03514374296515049,-1.744370900141268,-0.9066188219172828,-0.8044002796560049,1.9658586020730384,-0.7309586918992943,-1.055056773489542,-0.9743268491388833,-1.2666790118103999,0.4943036469958596,0.8684282388551632,0.06312215591703375,0.8223445550216149,-0.7499628047018203,-1.1300375617927432,-0.3428439995708713,0.7054086560782477,-0.9601640549988141,-1.02064062675319,-0.8146622975109786,0.9133009368036036,-0.6832915519656857,0.19614439709333634,-0.5963544782691341,1.0055838121364176,0.5472261446046954,-0.3391222744877153,-0.7130588461436387,1.7367055927647819,1.6265494899004662,-1.2932267553694992,-0.200087141454955,-0.8358327452106027,-1.7540812470630904,-1.0645234632696454,-0.2646717708442125,-0.41248169549291874,-0.7778739660295635,0.08650108418728426,-0.974931412648836,-0.026549346693698083,0.24938234150286193,2.503489681255597,-1.145199293507553,0.8605227332890335,-0.45487456431029916,-1.0056397030787174,1
-0.2554974672442358,0.3077377588279895,0.3010942739764084,0.3339238239156605,0.08852435539405246,-0.212456807630254,0.26869884312619646,0.15262798360151553,0.04469683646270478,0.11733720546733944,0.08430893698991478,0.42095108436452583,-0.15989508222991014,0.7800022694726542,-0.1096684571661334,-0.12844764791477895,0.19437152522619283,-0.0826075457377232,-0.17977352560065307,-0.09190052769288536,-0.032717946404852156,-0.05770247057261057,-0.04086438324271939,0.25682606172910855,-0.03873933498174097,0.001064128038910632,0.19707270121185733,-0.2797524040184468,0.29410276858441,-0.09131663994512845,-0.1790395829174291,-0.5770318696484309,-0.12447613735925783,-0.20184238414322966,-0.014449226818773447,0.06165376109472685,-0.36825268102070696,-0.08166866711370141,0.0811745273578834,-0.21555012024717501,-0.13925065801291453,-0.22468323906195894,0.01702219038357972,-0.23622880684984715,-0.21496204997462362,-0.029890326577214795,-0.44188351146293386,0.3455436131279549,0.19070678715626505,0.27423347538228743,-0.08930128627507347,-0.5937383863889667,-0.3135497328105978,-0.3364988841014,-0.1899058368606594,-0.43315487446768075,-0.12268051968965901,-0.020347453355631154,-0.06820043154722584,0.37913769143508064,-0.3886392746292419,-0.20087868849828924,0.06981021959444611,-0.15325429716202485,-0.5616058292132092,-0.32637153273088476,0.09919157768428292,-0.3281493011488499,0.12257996793812742,-0.20839579927953333,-0.25988437070916703,-0.10023917813120033,-0.3825165686927629,-0.23878743692527496,-0.13077062078070478,-0.13331851971202496,0.07221694440172477,-0.18933930850819616,-0.25623284232993415,-0.30490436515087266,-0.26036695726157,-0.06845038901551863,-0.11674443409851318,0.3144927832920627,0.09030282750220109,-0.2643709220272133,-0.08669763396313401,-0.04822502380110452,-0.24803160068751146,0.16176958609046482,-0.03450965253285614,0.009292464868019237,0.04841527165947805,-0.01767468555222031,0.15239668249721386,-0.1773536243989803,0.046645744778324116,-0.17574895983437014,0.25099096534714943,0.07136913861826859,-0.05508372909031675,0.18514458859554764,0.040714295992400604,0.16483592969101452,0.09471762199709409,-0.5443868200847619,-0.8852229952680245,0.8758885048938128,-0.18949500832772972,-0.9631751539700799,0.05573520708719313,0.11582327269806672,-0.6304988833479698,-0.10051748314419767,-0.8122024723873545,0.20621834119508797,-0.14305276974096426,-0.3696350788200702,-1.031304500624387,0.32628401248209365,1.4093804832960233,-0.14968485527531677,0.5042835967339405,-0.6517859042751213,1.0429956983625417,0.9005683701470443,0.3188537311143442,0.0025844423575396135,-0.9900034729303618,-0.06920591561150083,-0.4151265503535589,0.8197400157300905,-0.05043650513260815,-1.3729482063454055,-0.7879998057814156,-1.7995570313478135,-0.7311794246977883,-0.722729038380595,-0.9398858866755886,-0.9044503900995704,0.0970419957975297,0.9266151100571497,0.9636007305037761,-1.0819778974413414,-0.5563638195893363,-0.008141512836365397,-0.6513523292393263,-0.6253232494884318,0.7068641542609577,-1.5061008290200786,-1.2949439253486392,-1.2287945294478362,0.46896215430067695,0.16463806035470557,-1.4900210641893787,0.18235424286850951,-0.7169689434985801,-2.0836944124055874,-1.028834336232131,-0.3101895158879957,0.9189768724260441,-1.022387682958218,-1.2551712481508093,-1.3446379554338732,-0.6709971117097204,-0.389287052074599,0.8719675228955941,-0.7531010492709685,0.5364205613908549,-0.6558106794045319,-0.3751086813697469,-0.7690113724526538,0.773228233767489,-0.25908038275887946,-0.2418419832962416,-0.8856969050331228,0.09086384242880244,-0.9663346600735293,-0.4411499495567519,-0.8081560421308945,0.17848857461251888,-0.23657299524265923,-0.4304925556727592,-0.8382906718278487,0.4843426703791265,1.2901698731746307,-1.0344491128392874,-0.18278807272781483,0.16592753422648376,-1.4969813064735689,-0.6827218430758047,-0.6692654223861138,0.4200078483836714,-0.7184527652809366,-0.11197291109958234,-1.0222528357133698,0.379702376495529,0.08268883335535167,1.5455435672451345,-0.6883428393793257,0.6204521622620772,-0.8763967823000917,-0.905551908515984,1
-0.23627778980587705,0.3372025262519038,0.44256099262997645,0.4109925224148827,0.0647203718432835,-0.08447785020578198,0.14170197413615127,0.19951375223667386,0.0691479213306295,0.20947961567698956,0.25729096883401537,0.4609942307743353,-0.1770472229369227,0.857382913269287,-0.09691436578776941,-0.11307549588601855,0.08713038841946494,-0.08488895257887419,-0.2534085189023826,-0.009198700123124742,0.03840706272486482,-0.0009550945664627516,-0.006289308305441538,0.2046406027478977,0.000498049638278016,0.07660257685327809,0.16013102769218127,-0.16641797628172153,0.1882558832897637,-0.15010036246848069,-0.2946780115414512,-0.48734811553735946,-0.031119726917241915,-0.15164687137120156,0.05791186735964521,0.08901313639185475,-0.2902139559430026,0.021016333632306566,0.14632754319269176,-0.18780721290672922,-0.1098528113459881,-0.28122832313681606,0.02036262445796469,-0.19483088534329995,-0.16544834245044723,-0.06676559975557257,-0.41354690139441963,0.27968246999147595,0.24375725494780273,0.38406057346826306,-0.046173514803987584,-0.4924369145032357,-0.32262554987187037,-0.40590138539056814,-0.24198850817094414,-0.4713188279948511,-0.1665034882411848,-0.06069124996376448,-0.08442051813807684,0.43249667550580695,-0.27041035262832014,-0.089530326197968,0.024655483842883987,-0.2584785299140043,-0.5587070288637869,-0.4244073805799405,0.07940800414470489,-0.23966957769061367,0.20832452193365214,-0.2230160573853266,-0.37298272131549315,-0.1457898957100055,-0.4611291498237787,-0.2765795187111376,-0.09717054489933445,-0.17782506223696065,0.15056253020838206,-0.09381509446092151,-0.17099169231257136,-0.2700214505695542,-0.03598827457106601,0.03497818528934896,-0.10397908249054984,0.20548185307048922,0.11042309730001686,-0.2726307075416044,-0.07481831113270918,0.08258475558019461,-0.21451044678115094,0.14172340255332924,0.013018113093678191,0.05290016058114978,0.1891979590615822,-0.019528354753346615,0.23573508697708392,-0.18048177398796572,0.1635892493174586,-0.05498309968171541,0.1515281886593393,0.06765981569332664,0.016895289121605105,0.129649005940588,-0.007879048442683284,0.22253898636239028,0.058913291828264304,-0.5995159369496951,-1.0031722761975943,0.37033491445943045,0.5805356920392492,-1.3291264288717846,-0.30531498569993426,-0.13631258251722658,-0.48192194877465044,-0.25675824000052583,-0.580058098140475,0.5496029911394446,0.5043373864051808,-0.7923111543928631,-1.1735083514226798,1.6545070335207144,0.2011957842554448,-0.5006873169561709,0.547057264514044,0.13894681545642798,0.8851374439461327,0.9564281838437296,0.17663870600166617,0.2606471852345473,-0.14386467233795366,0.7078091495818177,-0.16484942046640547,0.6836960976956435,1.0931095415164003,-1.435125176439529,-1.4696725949433331,-1.8913882939917257,-1.6704718379947345,-0.6069684771023011,-0.6074723449826717,-0.6611580173979401,-0.04974556945149458,0.3110438523847242,1.4611024820633707,-1.456121579037114,0.3107381558918772,-0.3906614786547695,-0.566180140718394,0.9905071087365227,0.13094111172754247,-1.6562390005160514,-1.331314871797706,-0.8342017947884975,0.19882182318448063,-1.005809559001991,-0.7975570718375761,0.6446341306352461,-0.7088966645989785,-1.1714956446925622,-1.0283792504736735,-0.5738026046548813,0.3893047585804559,-1.2338018855625967,-1.196755407047725,-0.34218183250842427,1.0106364184387069,0.588173150037791,0.885359883682296,0.330048298469052,1.7709120194451664,-0.46558657679165383,-0.3542875775616872,0.7819021839858242,1.3413719225744622,-0.7153449180744864,-0.30370454013381426,-0.6810190189298874,0.44791957170683266,-0.3257878394710747,-0.25004569039405333,-0.2996229329469168,-0.1341855823042893,-0.10038413128432454,-0.9920321916578458,0.8640015938453487,-1.3707718863334963,1.0042609735588557,0.6593984725589866,1.0126685383393044,0.6783629215895383,-1.8264022888511824,-1.0105082440042559,-0.17242690030573915,1.2587334692793106,-1.117546768079298,-0.7557623511359395,-0.37701481486571364,0.45756082556878014,0.4653493389899229,1.3092711320144785,-1.1859430570595104,0.1179650578373224,-0.7692500256267596,-0.9366203450245555,1
-0.12343102231386514,0.2976775504362967,0.3335065061716431,0.3344947853704152,-0.030313635643799613,0.12163374957379222,0.0746828209618995,0.07238971564084645,-0.005473146683993159,0.25880327542860754,0.2580465755774943,0.39961701070599587,-0.05046560120123804,0.9271867992520278,-0.07930079975227014,-0.02335966109846332,0.039422748959043255,-0.09259333372261494,-0.27176330179767144,0.1686035016018977,0.09241214322116953,0.06987880139646453,-0.02837215966679577,0.1156308404682057,0.08407196145785836,0.07246165131488966,0.14162979563685882,-0.09768761670163052,0.133505072884567,-0.12548620610581393,-0.2899884232995669,-0.34135486040736895,0.05742456972547117,-0.1463049334608998,0.012493492837034128,0.2019599256181098,-0.14672705481238843,0.02576994269026405,0.13913382452115486,-0.17245165586210967,-0.09131923111186523,-0.3416450362010727,-0.01814287703045423,-0.16906042702476537,-0.024243675297741858,-0.1351787315386628,-0.3798850560529222,0.24824792724369207,0.41013374898182653,0.4430193388526207,-0.03373333955809693,-0.3750466783254156,-0.17833008589809024,-0.4152158915805402,-0.2776573262552315,-0.3166986926906184,-0.10347700246735252,-0.037429106048712336,-0.09094059403023562,0.34460545703642853,-0.061409330397463976,-0.13841490352320807,0.015876422110281337,-0.20990948898807754,-0.5128749913404741,-0.3740052643278793,-0.05627978730245941,-0.23276164280297276,0.20481712844305502,-0.20776900370017784,-0.29317495477087435,-0.19572343172580148,-0.454141099039911,-0.19195579226512843,-0.011018724640679226,-0.18016487731428335,0.11205151867305116,-0.033191038244429746,-0.1036974374179916,-0.16403572099343652,0.11626124021256799,0.1586525697686038,0.01791808224227609,0.15872444753514436,0.11021099416513569,-0.11012059078005146,0.04007788352426248,0.18122983980895482,-0.11382245845404904,0.020323270236803723,0.10735339179602357,0.02825544885360762,0.12593357876939196,0.08290469876313966,0.30360441250115455,-0.1339683128240835,0.26564390457570314,0.02490399834525727,0.1756239954701219,0.11928941124449052,-0.03182656942549644,0.17992013978638105,-0.06258559369665734,0.19637023170415582,0.15228179686102697,-0.33293477975102814,-0.1538400688522248,0.991739085273169,0.22240565048786773,-1.3048948804238545,-0.13251970080990827,-0.2708707489255417,-0.6662722966949545,0.14976231032392234,-0.07259327539296968,0.3293664027226327,-0.328053707183993,-0.9174648017961304,-1.3492118246264784,0.555425928013488,-0.6497714688450887,-0.9085860629092102,-0.36332998412481077,1.850905044853857,1.0537916651286263,0.9931702678878161,-0.7460863461745485,-0.48113676567961355,0.2547362313029074,1.6239301701770936,0.8745241582240498,0.014871834703213063,-0.138027354475319,-1.0843102777299884,-1.2752741589883099,-1.4053609780953398,-1.5728830506359843,-0.6016410799000752,-0.2265923723816822,-0.4678241156817908,0.3688107030912441,0.5865405626789688,0.7040207080044466,-1.077032353398223,0.22095428810063222,-0.5995398416565724,-0.46478759658175356,1.2452071492513137,0.7207968152767763,-1.6876471777697326,-1.2821699641182545,-0.998126762029032,0.7683346090812776,-0.2192276066458129,-0.6710979992558597,3.206397479492637,-1.1643240750024975,-1.7699961590843527,-1.307850845042754,0.8702547348186731,0.3160166265471734,-1.0988909321165798,-1.0986239893428122,-1.0485821606263945,1.5833562351661021,-0.15013271803983677,1.3462652630857352,-0.3845941613321345,2.7116467431227753,-0.6115363401949009,-0.11630804547133572,-0.180327849557996,2.3968572334921143,-1.0592839502332267,-0.28696952009584287,-0.521597599315627,0.4297616856752946,0.144347875985727,-0.20543681249170284,0.1926950000879918,-0.1584682192548323,0.14908990757458382,-0.4749144489643185,0.22331145308353367,-0.9437294971351414,2.200920942742352,0.31088737700169494,0.08505356109358636,1.2280909020697426,-0.9720580818788342,-1.0339920934775693,0.3925905943902192,0.5757305232047972,-0.844071276436821,-0.6796228918041235,-1.2088336205927654,1.902890420675064,0.3997046129543208,0.3393551887017259,-0.3914710824771697,0.724084799567443,-0.9435963882955182,-0.9966032757994487,1
-0.09838845458852369,0.3027580160480098,0.37892602723672775,0.3470136451271989,-0.015589313712325968,0.2425505222015239,0.13720782695133737,0.0910766389017446,-0.0051476337333043794,0.302536942475684,0.18100996041361936,0.38652262209245036,-0.11105256135278097,0.8964383026250305,-0.1864885728470766,0.0022570383831002645,0.06949748169128898,-0.15849674284911583,-0.15284146814582075,0.22612807799862097,0.18457731960938795,0.12366274034246155,-0.09592058150523688,0.056774859633971726,0.09567970612965535,-0.0325215432656313,0.04710234683143918,-0.05653772441620342,0.10587642789839259,-0.1501573899415615,-0.1703195921147992,-0.14472888613502588,0.09473676887291876,-0.18282045770617977,0.0031063407729796755,0.2423220301442682,-0.20759258778127038,-0.08952525353464627,0.04960530295129672,-0.21469139994695677,-0.1255248494025862,-0.1715918856794877,0.15992236091272163,-0.02854352943920494,-0.0159198354184045,-0.1617036789185792,-0.41891778639083566,0.20738187716930265,0.22609538480599092,0.29923922461332353,-0.11585148730506274,-0.23414433980853377,-0.0953370550920667,-0.33780993668606024,-0.20334932437641234,-0.3715112618354559,-0.17776364980055134,-0.07701505879825789,-0.2275400002659081,0.25786303096160296,-0.02481255761651822,-0.028875646806863622,-0.09671781713005972,-0.27826264843738296,-0.4448335181147038,-0.34254835381386306,-0.12375788901565822,-0.1911932297046059,0.2664588156571346,-0.23977223645791,-0.4134030805346153,-0.3011583979865232,-0.40685833238345076,-0.22197335087175316,-0.04248029047380565,-0.22786282990211593,0.040619635516933615,0.027575390864532437,-0.22293447014504528,-0.163657229986207,0.13042177599804025,0.07866998104752614,0.0737920649390393,0.27318292506160585,0.12256095207320095,-0.10205162132209694,0.11249040241587396,0.18500865831309296,0.020866156696090692,0.14838122667590642,0.10933531258781216,0.018579624150940856,0.14414289602366284,0.04745848941940002,0.229097551255364,-0.1484320932029728,0.2695587768093041,0.09486689111963259,0.12953125532049936,0.09214375137898462,-0.05828675483502818,0.2289005875746398,-0.05642533316266141,0.12202567612147344,0.15180161962330285,0.5691790646413202,0.2012225249567237,-0.24631235600333387,0.3685913292480947,-1.2086841386544185,-0.8155251280850819,-0.4845650554079612,-0.4055780251310561,0.0877792020027116,0.8455734623102803,0.591909455482097,-0.47386838792325336,-0.7890782503657855,-0.18563381896451764,1.0802135323502184,-1.008401924587789,-0.666323140307828,-0.47421424084879754,3.211544019275944,1.9304090033108172,1.7610512988557485,-0.43456017147203424,-0.043913859001071365,1.1292297740644825,2.822081954516652,1.7477926067668783,0.7741783152286179,-0.4503697576741523,-1.4771029773833915,-1.6454951356734493,-0.7647709003003308,-1.6178942117866584,-0.951902428984566,-0.45610345034746513,-0.7249935929464348,0.18344853999827276,0.23279021345865136,0.5124769570468367,-1.5541249418144287,-0.5134491205983764,-0.51114631168601,-0.49158853320047163,1.6861093936548868,0.08678633663839995,-1.5434068996222803,-1.3190287159521479,-1.0301022928018582,-0.9852387791380226,-1.3422834232848837,-0.5189682702725076,0.6748853464143441,-1.2493861352943298,-1.575918709870162,-1.0705168787761652,-0.2826476460906873,-0.7065272908597604,-1.4474536500321256,-1.0566195457040828,-0.3789772604349657,2.061701361833426,0.13335218716987526,1.1541144709397415,0.1135841720882033,1.9252018626646221,-0.7427819302762461,-0.15720964926056694,0.9872132603744869,1.4164638855635856,-0.9464696769531004,-0.40430212363747364,-0.4876535453619398,-0.8173310509225898,0.45051183437657244,-0.43565880387232303,0.7493103005799356,-0.7684904343141065,-0.26998711202436976,-0.3970786015352985,0.808142481007585,-1.205491386709938,1.346630759023481,0.8558333196052653,0.5861339203781286,1.4232728410966027,-1.7152315553383126,-1.1882315217376451,1.7910637573992492,1.5159580607683194,-1.0822156524661612,-1.154492977497477,1.1630603146739853,0.16304305013245815,-0.9069647331022199,-0.3186404472792545,0.9378467489369863,-0.044678864906732584,-0.9833629698433037,-0.889387112304346,1
-0.09852298664585347,0.3028158269846629,0.35609397678873445,0.37380071074617494,-0.055761219697798625,0.29539808811812723,0.1587612722704006,0.0983757169633865,0.06057451978366277,0.24402907126863796,0.19571319183723945,0.29187348588778583,-0.1173239481675148,0.8518193343154327,-0.13922896957572872,0.03695376422589091,-0.015030685358646554,-0.15498262385702172,-0.22735445115996922,0.2305697535924368,0.2149976300204655,0.03957389330867423,-0.019731154583309533,0.06624675912016159,-0.005604030853839673,-0.11479865920019595,0.046871199460505275,-0.1409145937891671,0.125647526089148,-0.17631048850554945,-0.046858388640419704,-0.12881957229370078,0.032157882438635,-0.09585563076614786,-0.03043633850751084,0.14867940506210092,-0.11784753333880722,-0.09836570579412067,0.12192755908048539,-0.22178610823047545,-0.06124588494278735,-0.0810838470137357,0.15886214577395885,-0.04612295427535677,0.05180064468702396,-0.21918131453792872,-0.43313087637100794,0.24499877781531582,0.2991468941991606,0.317269087341799,-0.10670907120574957,-0.21755466019812342,-0.12511790642679044,-0.27433823701400173,-0.22645369110591398,-0.4339943842898786,-0.16931978580822477,-0.06841433603777108,-0.17089924466177714,0.21750334087385564,-0.08167570115966721,-0.08108434226986079,-0.19705322900565544,-0.3681497738250161,-0.42674504691616305,-0.3033390223035212,-0.16197528474824918,-0.21336608913870594,0.255562902177413,-0.24519109896955057,-0.4114948668222844,-0.39075315165074787,-0.37359650611294865,-0.20825262512334758,0.0038716781263739178,-0.20212073726890636,0.05204999380309628,-0.012796524270694356,-0.13851284401989006,-0.193242579590395,0.11676257297994924,0.07477081972984669,0.06947180299604755,0.2493999315899175,-0.01258234621687303,-0.06459943745702296,0.11848390154258001,0.20187193461358674,0.03893517599001676,0.13886393590806154,0.0852553662238676,-0.03498108440926657,0.18578956880255887,0.08963192595993091,0.2904553514775052,-0.0893146299999806,0.2968537096542588,0.07872175648278097,0.11935538120991297,0.0753297538151181,-0.12635328784062386,0.1740972913536147,-0.08275678929127088,0.0733115443488078,0.1230930500416058,0.7753890715334286,-0.20245404964606784,0.9152555602346238,0.3855673680863507,-1.103739761032758,-0.6855140160743941,-0.09467740340715214,-0.15707880360379034,0.5723042896472582,0.3781436346642852,-0.22346996915298015,-0.25949394401293646,-0.014061873529742603,0.6174964658664092,0.7140664045264755,-0.8903299208525915,-0.5503788150122775,0.022467106028595075,3.129499187635162,2.3407997443728945,2.108868793782521,-0.5141306948912681,-0.18777088888092333,0.8027686711644529,3.428305957892875,2.6477221375531204,1.4046672175029649,-0.6451121467713894,-1.3402211149203025,-1.2858437829652776,-1.069481896165084,-1.3578649410526322,-0.19295032448905863,-0.5192026343619884,-0.7609378382286802,0.2742723756651596,0.7647875316332305,0.6871483546431932,-1.5305647696404432,-0.7223124109565043,-0.5968639212426219,-0.6327804584218145,0.6029750920139523,-0.03206233015864132,-1.2743925479321334,-1.3015678847235674,-0.8193776006934271,-0.4473726633857114,-1.091178524004873,-0.7616792281870011,0.545951731692056,-1.737360971540083,-0.8379799022910802,-0.7308087456341281,0.1954294004535582,-1.224861814022771,-0.7426735235248582,-0.9958575059086162,-1.1389934255490892,1.8735220717107377,-0.018694124137172325,1.7244442017716535,-0.9079760451870947,1.4891213949126412,-0.8752977890311427,-0.09799333582017769,-1.0160484373050904,1.065163428828963,-1.129270868727297,-0.4271472917083506,-0.6454288378571177,-0.8618958223061409,0.7259655291712718,-0.7284129254936985,-0.036588095604594015,-0.7784635739526166,-0.03812628394702636,-0.20692993592056602,0.5500788045750968,-1.4036006591883483,0.8661018790613892,1.5645977509016142,0.4005052528701182,1.4599598038809751,-0.6790904831692518,-1.1171827658516083,-0.439416903144532,1.6518439472350732,-1.3566826943843073,-1.282191590447038,-0.3818503299823719,0.030779102712223554,-0.7414997506556643,-0.34026098144607664,-0.6671297158834606,-0.2583876617607033,-1.095285524560508,-1.0354088904298693,1
-0.13924096140079154,0.34196664690316997,0.38395178887045656,0.35343450586550756,-0.022246951498578037,0.2655313077307511,0.0810622054533593,0.09290978972943398,0.055152532411749555,0.2624183812846055,0.21326069445187687,0.19101594323944718,-0.07333634653764216,0.8343441474793433,-0.18370382510123653,0.06947007142217795,0.0021432836651076557,-0.18068709539017805,-0.3015541415065311,0.24651398379025402,0.14833910266698028,-0.021133766819776745,0.004231867596210531,0.10788776835716903,-0.005853440889104382,-0.06859104193279088,-0.003807915554320852,-0.25104172990707385,0.20143187292911077,-0.22149082500986833,-0.046417607047827734,-0.0857353625237484,0.0308299453665935,-0.05861086223576071,-0.030551425705743932,0.08824796918595881,-0.022858066698665788,-0.16558263908312296,0.1197593938528393,-0.11647691974216831,-0.11654850172975192,-0.10682732188199247,0.14235607660791078,-0.10042460944183852,-0.07484293117787247,-0.24040132001032527,-0.34921019446881585,0.1534272553047935,0.2850220469280317,0.30009949752635834,-0.09073375264327159,-0.1444635547688307,-0.10443253533878652,-0.24101768500774884,-0.35482952334940115,-0.3019140946620168,-0.12028923427668821,-0.10021183944530852,-0.1717996123596543,0.18225025067206357,-0.025323159635512155,-0.2124142285193033,-0.2854984473366068,-0.2686200673215776,-0.35554453500735267,-0.34032963058890897,-0.11298796151838833,-0.2090707850161362,0.2681529739938493,-0.21925576324880894,-0.418668358852684,-0.408671862086432,-0.4424248390537986,-0.1723162082875116,-0.06269599575413524,-0.13412262819533563,0.0916290154781709,-0.007494660897698871,-0.13929517408253528,-0.12797422877244063,0.11111235554671019,0.0848494484547969,0.15050518295129076,0.2221040350048476,0.02495983167991167,-0.08129279945649552,0.1371861376286193,0.1614820164189086,0.11175404323457581,0.10676487909626627,0.08125406580819085,-0.09542168840692045,0.13830661804742914,0.03121008857698874,0.37331140776171823,-0.11142765747674846,0.4211830631131771,-0.02145749463504265,0.1333432945464519,0.024743882324024774,-0.10803991627677978,0.1774856990558618,-0.14811996964190643,0.15763732509478162,0.10010045655241966,0.6448980206576492,-0.44167930957700474,-0.0456518406630693,0.6251829248828754,-1.4615374122444855,-1.10471415612615,-0.6359392231750313,-0.04803002985161409,0.3080255725723004,0.1761106624765196,0.06061604534015774,-1.4820139558440213,-0.3624742397541546,0.020704263085688065,1.0742995734708043,-0.608770814832113,-0.7008474908846266,0.057819270783601315,3.7151548511048333,1.7370612699993813,1.4527708161798405,-0.32631828186239614,0.012501898815234705,0.8419688739942428,2.909008367211937,2.5091699876290745,0.8249566000657133,0.10202013325433543,-1.6209931899636723,-1.6454012114559722,-0.8274403094197724,-1.9490713433092173,-0.6705970520138756,-0.9817196492381522,-1.415334467400936,-0.06693770748927311,-0.7792358789689997,-0.5149809707756372,-1.672024991962125,-1.3573254555558318,-0.8193095310899392,-1.0529012616305375,-0.29774736806239244,0.41184591097879475,-1.583514419452718,-1.3434253134361835,-0.8605981250304919,-0.14166967339213873,-0.8926737918751169,-0.7661226145518265,0.6844694718860852,-1.8428546102330006,-0.7465515288956812,-0.6904981098653193,0.4539341914013972,1.050767619791312,-0.4095198233630119,-0.9595655577930595,-1.4056585383656857,1.7215268014045002,1.706774948287684,2.308337906403793,-1.2393192095294148,1.5610343409087855,-0.5116113094559119,-0.006392028989901782,-1.0423499226812962,1.037499132294542,-0.7856412107566141,-0.6500312614679874,-0.8161894934270715,-0.4337890909239662,0.7342599400316852,-0.5147471346195162,-0.195395336539007,-0.14888980775570182,0.021645011306645423,-0.42087257591570604,0.01344918834099055,-0.9113479379925653,1.7033352312292438,1.797083610709433,0.13483000415146168,1.3977589650790638,-0.857881277642825,-1.3591750075627,-0.0553194479625312,1.2154010566156537,-0.9939250250684958,-1.2057947752746352,-0.701046378653039,-0.2461977316940321,-1.1694448062134608,-0.9783756542331599,-0.628628596164908,-0.34959761164636516,-1.1927112009702543,-1.0356511591365556,1
-0.11340146979111639,0.42014694574924777,0.3150897627758174,0.33883164917577285,0.036493255553638214,0.3575760603109226,-0.07457976659341332,0.038660926788823415,0.10716673185737405,0.2739827566911798,0.21357826438811847,0.15499988395446102,0.011160334505978049,0.8598338958416066,-0.27817625198642437,-0.024708389507168776,0.02768456557863542,-0.1105882802355875,-0.1305230782494961,0.2528044148220795,0.1372942332771834,0.030777520589638778,-0.021457876415374777,0.07337849788053734,-0.028434999853508683,-0.24305861575641582,0.016587552591282802,-0.18524997819131256,0.21617802773255806,-0.2241299057974252,-0.25965380655931936,-0.01749933208497254,-0.01681500038979897,-0.07255525541559589,0.027722628747996032,-0.12384891889759074,0.1099572710297801,-0.24286601663564625,0.10210129321697124,-0.12651745254491165,-0.06824165964042112,-0.13944866469038622,0.111095550902137,-0.0854425634335231,-0.14668822005546758,-0.2968695094406494,-0.41077543342785305,0.04120294047123282,0.20332496361305186,0.1940138703645825,-0.10465895554058584,-0.12267432001644803,-0.18036338490490994,-0.33814077087325883,-0.309030067886425,-0.15682944675859248,-0.0967242715494459,-0.2078363254622269,-0.17082897964836508,0.1614166728850406,0.2162440122650397,-0.23785199308537688,-0.21711791927216123,-0.26263803806078856,-0.3323125112170559,-0.19177778607459367,-0.16339958387622455,0.0051740539987872435,0.3236439973601927,-0.24971006981851604,-0.2943328652787608,-0.3673507071787386,-0.4741141134155866,-0.24084496583830356,0.022985690109406685,0.01501246659882446,0.15268813248530447,0.08956294531651135,-0.21364241157823177,-0.22513556011326172,0.18134867228978954,0.11910971346051126,0.08229290652064954,0.24107527612666024,0.051112198845250756,-0.0021307695754038914,0.1691458494231499,0.012269982653342115,0.2856951431951273,0.09249981902325644,0.013362254636411813,-0.07244785920345267,0.10402935456682175,0.03411331957921088,0.40210410363207866,-0.18925979239853155,0.519568865839974,-0.03330879585647007,0.1574965424876764,-0.10902168529727854,-0.10904698840097278,0.09130239675330322,-0.1414834613045152,0.1885187628762414,0.07218342654960916,0.7129363154281823,-1.1407914689136394,0.730387372674531,-0.2719367828396324,-1.1192170037946825,-0.7947190358390893,-0.004415128397020897,-0.048408964975677996,0.7019619133266272,0.14424187510368155,-0.1835558497734078,-0.9349732077219344,-0.484121803479896,0.6301717107019339,0.9469954206128955,-0.04978935488007184,-0.3879368319064062,0.8933061707177812,2.5391679400214344,1.4676600653804173,1.0439260517390176,-0.47333635483514575,-0.11502523530088787,0.4749890178908139,2.720896474614878,2.5141225697325678,0.7214886744277565,-0.5713235667594138,-1.4608106604338105,-1.7605559452816049,-1.0822066665945256,-0.8528385295634736,-0.08367592916629324,-0.48822111540345864,-1.0163438725642053,-0.18879709590826504,-1.1860917115057699,-0.9797848323051515,-0.7322686927838522,-0.6472138224668709,-1.001652925671371,-1.1145403604272583,0.05074255764463445,0.6407476936359253,-1.5560028422331575,-1.441355904407071,-1.2772572097123147,-0.004054175424502038,-0.48732697124189406,-0.6582243097106925,0.4117999330724447,-1.2556767440395993,-0.5269479484279638,-0.5034473354501939,0.004169370649060058,0.4210784762425221,-0.11813237131720657,-0.7803125820954134,-1.1590449439189963,1.987643041500783,0.140495049818693,1.272362139139801,-1.1295304480000736,1.3953887573843533,-0.5949221397689332,0.3913982449330514,-0.7168016363959788,0.5793372175023178,-1.0330766381929941,-0.48442385714815195,-0.7963266842667357,0.14088790184201627,0.1801358066490749,-0.9802610269060503,-0.15182868144912634,-0.17002025216818492,0.18903300886548557,-0.23041306056073668,-0.231282161836782,-1.0325319983433787,0.6698824166774545,2.2455875646013723,-0.1150668076057584,1.2888699154286207,-0.6869010646154016,-1.1963722008725246,-0.5442471058852952,1.0198300145176697,-0.66953393570182,-1.0293488791865555,-0.08245324656843392,-0.8251015542070709,-0.4797359419618916,-0.7657414936223209,-1.0126064016247338,-0.27055427482125927,-1.1524801031202827,-1.1421674544254758,1
-0.06465750301812043,0.33946952253058604,0.33851690026148795,0.2634358683240795,0.09365532213637107,0.4387829832920285,-0.0014908436793305143,-0.01700679072269789,0.014772362681227027,0.18083154276892666,0.21617572072357963,0.17100798014834795,0.07651330269261757,0.7480403714671993,-0.22793677138942198,-0.11257520111475036,0.0995640602950204,-0.07214044815096733,-0.125630630648763,0.28030593157963346,0.21551926591598988,0.05233582582586546,0.014831857817876935,0.14750524796390538,-0.12391199079258913,-0.2184238600408882,0.11616640472274668,-0.02076233326203038,0.1868529753549308,-0.13966394330325357,-0.24060789485902478,0.05577755728148123,0.04292498818649633,-0.16319887829860705,-0.10158194812027181,-0.32275956029099656,0.14084075458183537,-0.3436079363787107,-0.07689654256013306,-0.10541263501710653,-0.0037244428011028183,-0.12917450497366953,0.08555202398016921,0.0831077051759709,-0.2037373925722003,-0.2618854437659116,-0.32521963308642476,-0.004021403759202129,0.23056735665021272,0.19894687465784844,-0.042083228480834706,-0.06365925444907333,-0.14975946534335144,-0.24521899102169156,-0.2834439114202174,-0.1364739493492158,-0.09306583923316866,-0.2122226924349727,-0.2505717446167055,0.15058796188775286,0.30248945056220083,-0.24789677873907914,-0.1561526088769971,-0.22887471583691746,-0.331038627485638,-0.14710213723245444,-0.2190143642291524,-0.026657523450366313,0.35013339755639117,-0.18583477927199837,-0.22731959749788225,-0.4408408108641023,-0.45006999175064477,-0.28689183076796576,0.015994753651543712,0.03556538044858969,0.07023235752644147,0.16021270955614353,-0.2664183496661786,-0.15602334532167925,0.21285487342120504,0.02599252049322713,0.0656018072378246,0.20888224223316085,0.010734950293221095,-0.017753106352819355,0.17615085062795852,0.03302644776875214,0.3868841300211995,0.20806076569817059,0.012258219233900546,0.034718611789414586,0.03567726221010103,0.18504414659774987,0.49014395597999394,-0.0665208539571127,0.3655489683201042,0.10595137974996797,0.1727533826305351,-0.018860303744277954,-0.1225156382147896,0.11985124304261742,-0.10605020585747821,0.22615920512680035,0.12214197879461872,0.44371327096546115,-0.9811373753768118,0.2657920548065016,-0.7456619633223129,-0.9475361843265429,-0.9205923187491867,-0.4376199108761338,-0.14241798151490057,0.8675417986874572,0.00856825710114359,0.2973934221805437,-0.9912057456702151,-0.21927119358838196,-0.010028157303582811,-0.024873962414501346,0.42079636057247216,0.5180133658294255,1.4440913765549277,2.7068727469910137,1.5733314216686327,0.8994911293548242,-0.07991142195702632,-0.0881293635916607,0.13512430470154507,1.6541321739972215,2.113927120151333,0.7077375809895993,-0.701434623847699,-1.586832590233896,-1.1280898893453173,-0.6661995514007361,-1.181626572849641,0.2675698959101813,-0.6219830331762873,-1.468600717734717,0.4013862423393902,-0.7234099878305066,-0.9228292705985464,-0.891760503040393,-0.9084739645429835,-1.385714242251091,-1.2916808362106913,1.0992470361425775,0.053630608358661735,-1.50365097148776,-1.4599455168360536,-1.5430892584903981,-0.20953710320355953,-0.10805167849789578,-0.6328819144205667,2.065049462517139,-0.6271453574066994,-0.5878175336418178,-0.6766663129677116,-0.47878362296514776,0.6645179373105486,-0.6068217017591513,-0.6286771408204883,-1.0301171597870642,1.7200869283129412,0.6546671247902864,0.780944331763123,-1.2236079044022232,1.3090264487988312,-0.298015206123037,0.962098480162112,-0.9754390778635617,0.6695074764592871,-0.1412600710277111,0.4611208416031813,-0.2431854476211178,-0.41215856712947263,-0.16746943198384182,-1.1914116959136027,1.403704338200736,-0.6204752790382849,-0.9652708943572691,-0.3013091305690458,0.3421896216310738,0.27151581324356955,-0.28979566243465416,2.0578966248469808,0.23273737668488245,2.5735574783454807,0.22030233310082048,-0.9681346922330787,0.014965442435384004,0.4563763037793752,0.05582650868396372,-0.8494376667135574,-0.479813932535231,1.949312079889031,-0.8061487314437653,-1.077061469485329,0.06395022030819879,-0.9530424590156463,-1.1351291538059651,-1.2127152156133594,1
-0.10761925114399283,0.3050353521651344,0.39780412404751214,0.13401709566753045,0.191731622037808,0.44850308608693246,0.02730393436489151,-0.09899696527427214,0.022869401060412894,0.1898661837428599,0.16202823997088503,0.1769755703368759,0.06637731006947026,0.61114940606504,-0.23989016134965518,-0.015614814411827625,0.08151993521006466,-0.053934097112755396,-0.17089652883086137,0.23055343778964546,0.17845128390778936,0.01166946071928472,-0.03596561323629135,-0.00029325885241090815,-0.12861938761447647,-0.12970264625800437,0.07420163521895744,0.007224060904166649,0.17753186415200298,-0.2391381963811471,-0.3032813423912869,0.04144387139992652,0.030896364720319376,-0.1553787313701857,-0.05501860701913673,-0.38945936672922,0.28584144833067315,-0.2809962345064847,-0.1371346966361031,-0.10489290982267524,0.0019067922069629544,-0.08401507961675966,0.05401019839779464,0.0362969402514019,-0.15204030220245143,-0.15913551439348783,-0.10156758050137732,-0.06875072545698123,0.11448936022540937,0.2954211688788639,0.002164326192191166,-0.013426641055070535,-0.138922917575347,-0.20555612828469505,-0.24880917779727432,-0.1830316842058411,-0.1127872994838786,-0.29563996017240646,-0.2928615602488544,0.14920036159373065,0.3074052303741108,-0.2804375120180311,-0.15833398190461848,-0.25464556622166756,-0.309571002714234,-0.08836184075653496,-0.22101296875878268,0.019008056318153648,0.40018090568500464,-0.16796868064265055,-0.28567993662072144,-0.45044875665307466,-0.40193040027041066,-0.237318909196933,0.0003529729675024334,0.04005136100385352,0.04383513318481662,0.1649581001719266,-0.17632257214602728,-0.12310672699164844,0.3200774283507879,-0.02678028701644735,0.06556041794901919,0.20226181353001063,-0.011013506891064236,-0.03778129810361422,0.08355385945363396,0.049040348330598504,0.499036827292641,0.2099691151838436,-0.027397941912296418,0.04739243153164838,0.03909709579098779,0.23425732190222978,0.47480663924646416,-0.07517143909230561,0.40542635728641097,0.10999037188688691,0.2290652346298277,-0.04645148236616286,-0.16203373567578835,0.04963220703543106,-0.0625135298933544,0.162499654974004,0.2684784223691156,-0.026587292832274755,-1.944340131516868,2.52114115845239,-0.14853904375169014,0.37395261665583723,-0.06088941312201759,0.5562608136928199,0.019597366991584188,1.5304069344818698,0.5345122038883621,1.1336545189687468,-0.1516136725707862,1.1039500146065546,0.5112241210923746,0.12395952707159381,0.3917129963481603,1.0924564614967798,1.198401811932728,0.636669488471822,0.27872217222638734,0.03288570978125785,-0.27953449022112214,-0.469511985327382,0.21363342570969787,1.6754314093014022,0.873322489098977,1.8256371812090286,-0.732422000629934,-1.5987857366311635,0.1488145707950009,-1.5201218410005124,0.22296986822496895,0.2290049827253511,-0.7341049545098547,-1.3103438786518156,0.09017933122201002,-0.15717402560408614,-1.1834143739875227,0.0281640563763046,0.09311526939562408,-1.2019453712254178,-1.2122402633589584,-0.0569417730130436,0.4942371762413234,-1.5701425422984203,-1.5763971954869769,-1.6446053808608032,0.14623605370100942,-0.15312088937562662,-0.6893665597252425,2.429645151362478,-0.3878490709708908,-0.8700783003071484,-0.6299268341834368,-0.835900223266987,0.5228397947856691,-0.37618870155116974,-0.572095604668801,0.5626480382292532,2.129195021543423,0.5505488290274918,0.5219579823879383,0.9134485693369453,0.8981670042930147,-0.2934352128471953,0.6382697143767767,1.2394317499289138,0.26708166739854633,-0.6730275570061576,-0.2847845711990105,-0.7040413587060229,0.13205259646001644,-0.5556002694864206,-1.5454809052100091,-0.0513743395301962,-0.1569963379310453,-1.0506132797397785,-0.2939594217015723,-0.1597661882992757,0.44858099643837995,-0.5251470404978552,1.9237724181545288,1.1594818283688961,2.6102954228238,0.26204658306168105,-1.3029594217595228,1.741645293838448,0.8998753161295323,-0.5410645789093431,-1.3367387638882453,0.1844345631304335,0.9349244680566207,-1.1566680104493734,-0.9697799720478191,-0.47586556585007767,-0.4451352116777031,-1.0890427870799175,-1.355537202312916,1
-0.2788180191046067,0.1677989622834088,0.2896335166163408,0.10666210448860526,0.19591260783526163,0.5184356599187157,0.12806717881343635,-0.2450626183302647,0.007858464201330111,0.13933513277552603,0.07578979801398135,0.09784320409606166,0.050695747509211166,0.6472763121546388,-0.3211551605132121,-0.017279240104652118,0.11779495322960123,-0.07240886798410012,-0.09360016540790828,0.22346633558552842,0.11969728889951653,-0.02060638538071673,0.04593241596758564,-0.03330938142405943,-0.18217900065292716,-0.16404337272833833,0.0004819512755883813,-0.09069129533700578,0.20714995109424106,-0.21972066741835808,-0.32134288688406415,0.0989932132830356,-0.002644841526801437,-0.22258378660745784,-0.10124422587866938,-0.4445516335367676,0.17593406408009163,-0.357017767055979,-0.14019092981458686,-0.09247417023134738,-0.06682299540814188,-0.12353539252192132,0.07894251409630838,0.09258783142939973,-0.1766190196039968,-0.17551298937861323,-0.11919583661703896,-0.08320499334812367,0.08227960230391186,0.28353034395149257,0.056602223713785836,-0.05749680182220711,-0.24332936024289104,-0.18234606038387555,-0.19787196016103017,-0.20341394465771526,-0.11259130747528012,-0.23185644507401149,-0.21008115729782972,0.13223916125420485,0.25625592264533487,-0.28738856590031986,-0.10561490237116615,-0.1540840365355004,-0.32072111314735097,-0.0713264966983529,-0.27122552886112977,-0.0354660653583063,0.3286926947018203,-0.19451511134810567,-0.20002785564673262,-0.45135815815364616,-0.3546686880112611,-0.18483037308589897,0.03760836742150022,0.002157924188817545,-0.008002843892721562,0.07695185458582483,-0.20680881857573782,-0.16938851958867265,0.21183864225519525,-0.14516621700317392,0.038167184064601754,0.25311181379833736,0.013030084923860603,-0.15694695350809323,-0.02281510470476147,-0.04311523820598352,0.4710210217232308,0.26000639191032343,-0.12096808354271464,0.05324679266896384,0.011033587012163937,0.20206031908340963,0.5065176727683998,-0.06079532083563148,0.4299425718644349,0.030342065442126722,0.29337980194190055,-0.025011574182555566,-0.18868197600401396,0.0956005666337738,0.04122101044812805,0.06844200493872368,0.2760966746161436,-0.9920220707639021,-1.8551949616542065,4.587167201430951,-0.45414454882583144,-0.36877696419094574,-0.0756262324334864,-0.3049395897223995,-0.11183912901898752,0.5273455895995613,-0.445459396771685,1.7668390668844114,1.2438350449729292,0.9407147483593871,-0.8200438854550339,0.2876982166636321,0.5555707220046213,0.410809079829284,1.7324831539646603,0.3190052821094059,-0.5771197606175105,-0.6478327705012095,-0.1362940121988595,-0.3844208185452641,0.2703954943226713,1.2567170223283652,-0.007041886754747529,1.1932175461018095,-0.601104468987739,-1.7670970523151108,-0.5050417450756386,-1.3843224970722794,-1.2951587957551411,0.8101215535830529,-0.20704470365021163,-0.8130745111155728,-0.4893850987869724,-0.5070058131179658,-1.301705613803481,-0.39278901762905494,0.12850230413278949,-1.2129981424430256,-1.291352751709679,-0.7649729928536465,0.04097047466718933,-1.7554732472057704,-1.5639159358794326,0.5428244304179908,-0.25303685467450765,-0.030164837328673345,-0.9105462656384438,2.029612860643091,-0.5995168528473318,-0.6984727855662576,-0.5096939506254419,-0.2504074999169476,0.009447086714561981,-0.23132740242292393,-0.4395164607093785,-0.7792353648546261,1.9894602138256703,0.20683611525465176,0.8657748785129428,0.42692622269850405,0.805772103923452,-0.07254902990185544,0.9890304106940139,-0.6833278753144894,0.20318270932649635,-0.2031430591634367,0.42878926921081806,-0.6680424958803438,0.07621018631839466,-0.7744338030267297,-0.8060177810273192,-0.5190741741668997,0.0021991370186405755,-0.8494888153120641,-0.20297949184328826,-0.6646603270394835,-0.10371476680772744,-0.08341335489108855,0.2986378166918394,-0.3962042047606422,2.906931217445487,0.4764712924276224,-1.0142692729108533,0.1431383851426879,1.1265340527367544,-0.06372970727742439,-0.2543667205174576,-0.21055544384462377,1.1395384512882178,-0.36723654361134284,-0.42844102686836005,-0.7350112839663904,-0.23978921122553903,-1.192897237822262,-1.2206981387896558,1
-0.30749908304304036,0.11289512657221708,0.32761598365291283,0.17260584707554558,0.2904382347643938,0.43525573084411723,0.17631477751468097,-0.08227987812542298,0.10289580665786946,0.11241457585086767,0.0205410969268523,0.0973276799989476,0.01226128445878041,0.5617959109228611,-0.3728855651020666,-0.04923582284545888,0.08343803320330798,-0.023733537189660345,0.025239146832586597,0.17981510596888728,-0.01789338695967366,-0.04176783984589281,0.008605068000909466,-0.07087220213872267,-0.277405714054398,-0.11310204109616391,-0.019347484426139733,-0.17225088436306082,0.23682331753743557,-0.31698160355581506,-0.35591171586202347,-0.038898319030817675,-0.11194136784347537,-0.24119143747184804,-0.1612511514623202,-0.5311358563433404,-0.01192347727680696,-0.4158447776284075,-0.11557325611530547,-0.10742575980967743,-0.07383137952865507,-0.06850616903703274,0.09218492755536875,0.1763618398732251,-0.14529716450054175,-0.15623769725817768,-0.06895635970858773,-0.06470752139477773,0.003636521078562506,0.2794683940195394,-0.007231328930636849,-0.13549943999416714,-0.38029059209112465,-0.21507624961553717,-0.2383440033046664,-0.22619546716277036,-0.1498561823473064,-0.245127575687864,-0.19046289956636497,0.20876411974444334,0.21916768298905068,-0.24402673702713246,-0.2804948541214818,-0.17721392474871323,-0.30154399816049926,-0.1574405097501785,-0.2160993952600319,-0.003086832201323294,0.2795107281465991,-0.23491221930809303,-0.2996440314479796,-0.5054062373260427,-0.3360726365461367,-0.27811061350867217,-0.03675382454040873,0.0012030783631420752,0.03286684893637748,0.14953733699810126,-0.26155240580371175,-0.1675347803530609,0.19270296471998086,-0.2169329567662952,0.009888482771138563,0.39434510298318387,-0.06289540062924744,-0.22007871895435188,-0.10273002761449225,-0.12012884314126758,0.4716200199787011,0.33575017610816665,-0.22051093632274382,0.03195156030311446,0.07548103191538127,0.2644894904197391,0.3709444314715176,-0.10082346159224198,0.3235158985511632,-0.03146684644187347,0.3487101512904405,-0.08133573775613497,-0.2526059908067174,0.1075934065784382,-0.021739659047079647,0.005146979605739576,0.25573288994146715,-1.1717328816399224,-1.700042386607137,1.9826460177777927,-0.4201738033175629,-0.2294427108857655,-0.07752420639154516,-0.21060129680509435,-0.3576459129689977,0.7731478194022969,-0.32387423335469356,0.6149640983430037,0.01079732965646949,0.12786158094694863,-0.9523672324003264,0.44249566380047245,0.07075343967668825,0.8292043766437776,0.42318220811566143,0.9524381018544085,-0.359423702514897,-0.5290469615984169,-0.24955011686679715,-0.5098005176293482,-0.17301308936883675,1.1932247419387114,0.5613156888461702,0.25806245001365785,0.06662562534017047,-1.6375132050310053,0.0639577206711916,-0.9153098961280814,0.22826495296309113,0.27433337368642663,0.06276837305775923,-0.5130291031819546,-0.3822164699907739,-0.03632911089999801,-1.5537574267746344,0.7210800751496503,1.138111977376345,-0.11410235978052471,-0.8870349350326555,-1.0870427384032242,-0.4401554596456599,-1.6446626168863059,-1.5005012245909197,-1.5099764971152463,-0.128517361014975,0.08107596457012306,-1.3261527695147988,1.6409599762694496,0.4378144346476245,-0.8610861491723911,-0.6059622096314985,0.5755991720156127,-0.13632120150378427,-0.5423478579200134,-0.5514051617755156,-0.8118209248408759,0.5348184952499712,0.7169491464629879,0.710523068388256,0.4774045627702074,-0.02798622017506584,0.09987857852390176,0.3687414887680599,0.3455476435935707,-0.7122429021633524,0.17120708335887075,0.40374519263981096,-1.1581974920843647,0.14612856360941626,-0.8906547010505248,-0.8038966045004139,-0.2142586915577095,-0.2972820311230338,-0.568216948077338,-0.35806311527691,-0.7766791772521434,-0.20059031871741423,0.017717795587115615,0.15163629482142615,0.48148621556594773,1.755821067085526,0.21428350137791466,-1.3436366846339913,-0.1059450692108423,-0.10045428750182486,0.5823436701173724,0.0331792554661503,0.639352976311783,0.13810877930485857,-1.0494512846782829,-0.2868571597226258,-0.14907956249399193,-0.31746141882170054,-1.1373346622862228,-0.9689797602548748,1
-0.34796383247886986,0.08263145156518492,0.29602269624017225,0.11929246803001041,0.2724080210003402,0.31552567846523044,0.09959769884399103,-0.04521799164625116,0.150490750866332,0.04783517040902533,0.016110388900148067,0.16901612358459492,0.08037904083658304,0.5129089695582251,-0.275576544138832,-0.18122195381817952,-0.04196404923144565,-0.0858654143611911,-0.06928509463523493,0.2198651862204193,-0.06475759947487487,-0.021453972593274646,0.0642685355073236,-0.1263902583956724,-0.30026961661977064,-0.16173123802882544,-0.08850042130128684,-0.22768205746959388,0.15268455498466615,-0.41948002893066455,-0.46806203563818755,-0.17568754545549234,-0.05081407932491965,-0.3007804385149009,-0.25674970614464854,-0.5473831005758165,-0.058487192856677035,-0.3814912823410228,-0.16759810084382065,-0.1014723095728328,-0.17506692870681373,-0.17231059691245976,-0.07208581226211873,0.14283633656011943,-0.10693735180649219,-0.04706647951022828,-0.07046606184646323,-0.06545292063500326,0.0653880071812475,0.27120212042951325,-0.03053003583550985,-0.24943571614492885,-0.5749011199649188,-0.1966211155915328,-0.3002075655891163,-0.1526895192352166,-0.21630922939778333,-0.22025228259709345,-0.17857271672697508,0.1618765166052574,0.16059416298611828,-0.3180338427367889,-0.3699415525563826,-0.2068990624393681,-0.31371499862333313,-0.13457037538895242,-0.26312727647531337,0.06292884515456355,0.2918237347806191,-0.18177808867449133,-0.3840088991674429,-0.5226111466517335,-0.46884444222506055,-0.2430708819330746,-0.06850291914214182,0.0687311539332377,0.040539392999639476,0.1967418719981261,-0.2632319700248798,-0.2232163252558737,0.21648642945893332,-0.1536687073562994,0.07631058085305667,0.38187105648910463,-0.12942073916770297,-0.18113673453328433,-0.14568746014174064,-0.15625682591168322,0.4657106558991559,0.23177194374941085,-0.1997016525252263,0.02306910842659436,0.1817856325772278,0.20918433617010246,0.2823871200689676,-0.15575599286566813,0.2748873828863629,-0.15051330999049947,0.367055971230231,-0.054266860236231666,-0.24565014278301847,0.09490130086163712,-0.0938212663285987,0.05820895776155058,0.20027849741411852,-0.4614438159877642,-1.7025353405989072,4.063710472379454,-0.6597069137309928,-0.21156040371547796,-0.16805017155823251,-0.5369503300696015,-0.3746068484741534,0.567005200271703,0.5931518565356345,1.5094060817966926,1.2712863140589314,0.29087873732738984,-0.704948058329241,0.01735045899179097,0.021994002635380663,0.5298209176078492,0.9183635896836274,0.05311408554793308,0.15444219971198603,-0.1781704516344588,0.09023514838675269,-0.4205004470507126,-0.17529978974087904,1.329448062094935,-0.18770262853282,0.06946494110238592,-0.644855972799283,-1.7118863625413372,-0.5025594293131487,-0.9789468266477266,-1.2174996078711238,0.832537666854308,0.6433295040126485,-0.19466761683893571,-1.0288778417208646,-0.3523357460470882,-0.7810481645530508,-0.07171863866167695,1.5213296011006838,-0.5198306239121111,-0.8601391847022906,-1.0958446988460588,-0.5553104125834354,-1.6470953209198147,-1.551259246044735,-1.234301326398949,-0.2013478854973701,-0.125091656082503,-1.585942025273367,0.8151780060433608,0.504269775026114,-0.5653668566470301,-0.6552466634179274,-0.47413826717665747,-0.40003702663052654,-0.7549076587987458,-0.6594004796017636,-0.8294549443149133,0.3333568004442399,1.0295216149235396,0.8179374231363675,-1.039768740393246,-0.04028384969536869,-0.05790433639215728,0.41687467220908536,-1.1240332115819665,-0.5770807808220262,0.12860848193725566,0.632714210030145,-0.7829444455625132,0.29653825083642643,-1.7216240186522724,-1.0910284434734439,-1.0903299596451625,-0.3079681669456004,-0.7549361364331657,-0.5277840639533254,-1.4117904324045016,0.9356581646391224,-0.36077629295597186,-0.3143348577183151,-0.6182383545089141,1.4559476154921847,-0.04778413229752638,-1.3303438190387868,-0.55967780384722,-0.14177525562434165,0.6877755896639041,0.2932796389792573,-0.9245098021481928,-0.07463369971055404,-0.76965638378826,0.18202170833720485,-0.6125887022496503,-0.5212419828852626,-1.277868322974516,-0.9891647905284852,1
-0.30312065499526125,0.18650116379971746,0.2494765262539231,0.08406250433996074,0.2698071221929286,0.2520764502500286,0.11662842735643954,-0.09942906308038235,0.11088182051927407,0.050319417767300444,-0.06659163424066049,0.30737522501247544,0.12713847583378732,0.5685094354994494,-0.21337741574231642,-0.1932249337794191,0.06846960412492463,-0.14127412776805437,-0.02577568610381338,0.1694519422579553,0.009897924640580128,-0.056167673976174365,-0.028056745265409282,-0.15478624994970003,-0.03412018562788565,-0.14540884423266595,0.10703045706725739,-0.2166759996259146,0.13725504805620212,-0.33673998336378336,-0.5524578855391292,-0.12453817613572594,0.020039392865033548,-0.21024761040011403,-0.28518171564181705,-0.4450132933685541,-0.09942385036778087,-0.42914956937343623,-0.30494739613094063,-0.09894072216207649,-0.20352302672246284,-0.26551632232874645,-0.03735012083905822,0.18332019821895443,-0.04476957099195487,-0.013453903354666787,-0.009116906451119773,-0.02267802400080512,-0.02178549660297198,0.2970571285572256,-0.014461705364910205,-0.293573906148347,-0.534670248755251,-0.12519219132095022,-0.2155160656359235,-0.09769713078087337,-0.21479562805237976,-0.28492679298828666,-0.1771240983235946,0.12714237808682685,0.22977608210147263,-0.3132284652922359,-0.31620551932927576,-0.264341506675975,-0.24946757592514962,-0.12461939276006774,-0.29659005008497447,0.05008802264609833,0.3108798639640453,-0.14455210050725614,-0.38107308018513714,-0.5051609697465688,-0.4461441154328047,-0.23472099716345365,-0.2134366176989617,0.05784973456639628,-0.07371666108727645,0.18810542433238134,-0.2534820748363721,-0.2845538397035116,0.22735103813021323,-0.17588938225178358,0.1366286134586144,0.34868798166389314,-0.038346569859550234,-0.19288280501130492,-0.04650083740535076,-0.09687113560871867,0.49943285464121223,0.27218190216629967,-0.18062862490620046,0.06412598295346,0.09862867793689505,0.18064082323294867,0.21592337049962051,-0.17969803023854777,0.21685806369484767,-0.15544113360179446,0.32076815030912526,-0.039740383161633266,-0.17293872828678067,0.21705545064113183,-0.1137668233341785,0.1195911670241555,0.24031366172546065,-0.5084324507601357,-1.0674482116552813,2.8743430424035346,-0.17711585886791736,0.15153526792387545,-0.2730327403634356,-0.34620983645918635,-0.37039263254738536,0.5397689651536588,0.519976821723219,0.957342816912053,0.31227855702765994,0.8490213361479068,-0.21819038182661332,-0.30130521746596395,-0.9097042788698696,0.7606705458078816,-0.5308106872645172,0.8746102781941689,0.8963972666476784,0.9270932790836703,0.12365971183824426,-0.6080462204643529,0.26958817663086015,1.6563342353516124,0.9149524865105102,0.27770651393083495,0.11598310313936887,-1.6380842870576557,-0.02307123793002789,-0.8752207352379262,-0.7264182818848591,-0.16722165320182245,-0.07027985590149112,-0.3782808019439804,-0.9775713469223896,0.3907026259960077,-0.7789408494600216,-0.45164607723963973,0.3648800418772666,-0.1792111374848856,-0.8126077084614614,0.06532328556136238,-0.9558504948140177,-1.5061704704025085,-1.5189998712216326,-1.270581908442003,-0.5189951093303382,-0.033352483288853506,-0.9686147956417527,1.6240353366141131,0.12727046899483035,-0.5890434484319,-0.8868069338555571,-0.3574403141451741,0.02220791744069517,-1.0837779144113717,-0.7827597313150323,-0.6692270123718406,-0.25144740956225653,1.0156259620918044,0.1490346684178868,-0.7747556013526578,0.40780156733063144,0.49681080081497053,0.4262281540176587,-0.48344590782706365,-0.44395271522728513,0.876573051301341,0.9702998647614635,-0.9778676773387505,0.1349369306576367,-2.0456787822133693,-1.598810921042551,-0.49604781989344543,-0.47617662456933996,-0.3698509434381837,-0.4010814446978574,-1.363359035116389,0.29472914779642434,-0.44499908271169886,-0.345923204155078,-0.7813937892088714,1.3213993859878816,-0.13171985456073296,-1.2331216974561312,0.11728447757818147,-0.5123201434281041,0.4399288841266344,0.13262259877330265,-1.0765051626764883,0.04149325518204331,-0.8679137528634069,0.042335426250531084,-0.3523479399997255,-0.9064642807654055,-1.2126864894395835,-0.9146262740934066,1
-0.3420858414918731,0.30069780524196665,0.2545656866210535,0.0075564314150010255,0.2986985634544029,0.21563957351702542,0.09636074707622153,-0.10369842647742963,0.08877846431758293,0.05235364953485834,-0.014332108579631473,0.38445239291114547,0.1600649762857418,0.6497367374588164,-0.15313218769266707,-0.15154643330061746,-0.01063785350170441,-0.11910667110133989,-0.008480400043121684,0.06522907341420749,0.023952997872386562,-0.12663301862838244,-0.0623002419051203,-0.1625008383730774,-0.0591058522752931,-0.07950774244844512,0.17991698154940144,-0.12793561062938436,0.15126344953037035,-0.277924596492321,-0.6001040671076981,-0.1283433584713497,-0.022589452493340018,-0.25140152444467784,-0.23186495778118954,-0.4018701154746285,-0.0009721346581010504,-0.2740513641678477,-0.27077320158638285,-0.1292793729549189,-0.1379524567513761,-0.114294451972228,-0.08481299895076778,0.33742067154152056,0.05469178978884494,0.001890904651391889,-0.047176030118628864,0.08031798010164484,-0.03993204081031574,0.2785569071425759,-0.0276765143710114,-0.27539841979364516,-0.5546992191588958,-0.10254654956328514,-0.22236616726469083,-0.171641013178469,-0.2385568577847805,-0.19375185782708554,-0.1387615783148718,0.12767898319270723,0.2267080293728565,-0.1211176303112574,-0.26670371057024794,-0.3737789196270527,-0.33976750696125513,-0.15339160909267524,-0.22587543962375922,0.022212311810088727,0.22182434837983628,-0.18992775564355685,-0.3419667852923347,-0.4825373012014841,-0.338969335268923,-0.284142662214913,-0.1657932888588127,-0.05204420701403975,-0.05529363249314283,0.21300734289582418,-0.2842718589248981,-0.2984664652780904,0.20321827380090215,-0.16876172744300683,0.043187577507609244,0.2757968296148116,-0.05647955710474078,-0.06901220297822704,0.016850706490312548,-0.1921484485926681,0.5063574135960703,0.29788724173432846,-0.14495238835822602,0.11079890424211529,0.12441984130779765,0.18527899920997087,0.23625042096251828,-0.21829267079025189,0.11578762284956488,-0.0590456239008501,0.4076983794206507,0.015311110990192816,-0.16976185863434798,0.23880366005451734,-0.013202749259612455,0.17237282483734184,0.2542758214315894,0.923265737482567,-0.48659058530647314,4.1937645439977,-0.5772282676246175,0.06263255948093517,0.10163719552225199,0.3040266884398964,-0.15867669782892083,0.17680668515165396,0.7932315509619384,1.0747614481747778,2.4816753488995134,0.14463491417637303,1.3180818463421844,-0.2859437339920745,-0.9045866185480947,-0.21626014247655415,-0.5326814648944381,0.16881289893973084,0.4220330308419499,0.3182084494429316,-0.1572273463965166,-0.7397436546548587,0.23779983150522704,1.2928199275144863,0.1306225030569824,0.050874744607102014,-0.6577108533223003,-1.6799263311432548,-0.7648627714424545,-1.0664648857689256,-1.8800917483402328,-0.10989082332826426,0.22980434699279353,0.01157181805669979,-1.3193327266592498,-0.24272854836623758,-1.218673873037765,-0.9308193054853453,-0.4026108835135301,-0.40646935549185614,-0.9653731673511416,-0.03674649789603169,0.01111701429743403,-1.5999970063928846,-1.6160279182715815,-0.23557102958841197,-0.34885336729004063,-0.03389186352302833,-0.6378163724404718,0.7469295476609337,2.3606880844500657,-0.9139543491640205,-0.9518116140708134,0.5597731953724476,-0.7494286957254876,-0.8946376965420813,-0.5954007795314685,-0.22729013764194336,-0.22114374428339867,1.0675846161523093,-0.503002318970988,0.2708189386249585,1.2490813913604606,0.08324357929484393,0.2545039350735746,0.15072589016785018,0.09579264746680467,0.7037545659522139,0.7914603790760045,-0.37383499560963457,0.6064972825080821,-2.3583391457282348,-1.7809125309392861,-0.39034317664879176,0.15367671226543236,0.24414833631694946,-0.4890826954211434,-0.9371670351321447,1.2001196404114942,-0.050288258667689364,-0.15568747616957962,-0.8568843727612475,1.5079785164677004,0.02994554616388889,-1.3262747622435256,-0.055452366301892375,0.548342552778694,0.07665161388961729,0.22035213339051415,-0.3066130331148689,0.5882959756049374,-0.9665876020101025,-0.21468270966209987,0.4163544071013571,-0.5403628877756639,-1.2865150849767233,-1.0562948321076804,1
-0.21700371850211447,0.09024490723493155,0.24029019075620542,0.09979515260724754,0.35459354710882635,0.12495039759474323,0.2299138216091158,-0.08934826965918338,0.009701599876371052,0.07120229794906549,-0.03177849729601103,0.444056457743348,-0.012551488173231158,0.6595714183011515,-0.03964779754556083,-0.08138251336708899,-0.11751364194821028,-0.22227814019202102,-0.09591363319069249,-0.0021887062314692855,0.061737749847306254,-0.09324297841223757,-0.135274377801791,-0.16043387335456596,0.016178600547043454,0.015750925079412482,0.19435472634326606,-0.12083770540242052,0.12696269802693197,-0.32995125997434066,-0.4454136503268584,-0.25311825690427003,0.06389623973943365,-0.20724379570775225,-0.3412325351503204,-0.348708448051817,-0.011935834216612396,-0.2550542892208248,-0.24592923521786286,-0.20084114987828666,-0.11994677438738564,-0.07596556741653476,0.02111886750726583,0.3862424023972875,0.1655472849522729,0.020764316391258295,0.010233827152542965,0.15735207537601445,-0.08741899289124724,0.3137901317543814,-0.036551184610374134,-0.2772393822886432,-0.5224613002720879,-0.018037484070246395,-0.15116369762577614,-0.31902682357366696,-0.2157969604755299,-0.11322974288985851,-0.21258275748254918,0.13644746985916217,0.07642968925960208,-0.2833674542052906,-0.2823956597317282,-0.4224347799282224,-0.2864935729972681,-0.2561173828025185,-0.1938905640857161,-0.1709016624868858,0.18984528424661165,0.03567569663798817,-0.6752624246488366,-0.5775464616181466,-0.22312831622229365,-0.24859741822084658,-0.2922377291665614,-0.0027596698976659457,-0.014071904210278029,0.228204044550695,-0.23152305523253652,-0.24843601420440858,0.07208405587102672,-0.2544435079884013,0.01108916601723485,0.1488149573686873,-0.07178542571133242,-0.24173167030029738,-0.01870376951193858,-0.20113567155974665,0.3806835177826939,0.2777439000167083,-0.15562172354444057,0.1284009793228011,0.16761465785687052,0.18509291842781866,0.22043095770163232,-0.30452717003457974,0.10597354418563665,-0.02787963620420356,0.4834058560414891,-0.027770473804944865,-0.1313737307202442,0.25966060568252936,0.025501264425895405,0.15498097737040353,0.26086886437076395,0.30111848608887787,-0.7989247134253312,1.1406327855153555,-0.7566307670556769,-0.8237755680491721,-0.4589563087163995,-0.03557786356471358,-0.2763298610796563,-0.6437023915520064,-0.49017793146306304,-0.35029283436089054,-0.11257343954151665,-0.4898342161823634,0.6772902994963678,-0.2609089628357773,-1.2222670934261046,-0.591872184681339,-0.8702506733356791,0.57501118495495,1.9224342444504334,1.5036161406021893,-0.03451099314444167,-0.44747300374313786,-0.5925454228264692,0.9838360215265787,1.6909082770497867,-0.09664935658323379,-0.07137196016049888,-1.3980276374210132,-0.3264299698927444,-1.0233756170155068,-1.444408841079546,0.05304294317324013,-0.4423816388641384,-0.357419971958303,-1.2032258107564573,0.34917361358942367,0.4343494417465258,-1.135824446901669,-1.4207291719435167,-0.4914437309130939,-1.0537403376138654,-0.18268077533690008,-0.5440444097699858,-1.34210277640034,-1.3408691082795925,-0.6907456629001995,-0.9694222804908277,0.10424335991377451,0.7801011290716985,3.2174482475145143,0.10512139748954064,-1.2112787249414907,-1.4717097977737985,-0.5680709210760934,-1.5413908236192082,-1.2157868711277153,-0.8202501299680808,-0.45131338992258974,0.4783823731790445,0.4644729280291908,-0.2734496811564526,-0.11893535649671234,0.7269699881160082,0.09018293883665777,0.17162922846262363,0.8082307278933932,0.2018536711141376,1.2620725939414779,0.046342561854547853,1.104184281524869,-0.3425954996236521,-1.9537241752095276,-1.4242293129545855,0.6410992595378171,-0.5234419407932412,-0.08316074548024974,-0.7488378372369809,0.18819116025672805,0.19826227004425856,0.026790768256310146,-0.7499413648459778,-0.28583579698627204,1.762757303880174,-0.7324904007437553,-1.5241838221265034,-0.28168892763719533,0.46452668053961166,-0.4624081495695581,0.10215824677723315,1.6478771272308343,0.6984169668476509,-1.086942859797159,-0.23053023983765855,0.496914180092679,-0.7318515394857226,-1.4498789161998835,-1.1496717093469746,1
